District,State,Year,Annual_Rainfall_mm,Normal_Rainfall_mm,Departure_Percent,Monsoon_Rainfall_mm,Pre_Monsoon_mm,Post_Monsoon_mm,Winter_mm,Monsoon_Percent,Rainfall_Category,Flood_Occurred,Drought_Declared,Waterlogging_Risk,Peak_Month,Peak_Rainfall_mm,Consecutive_Dry_Days_Avg,Heavy_Rain_Days,Jan_mm,Feb_mm,Mar_mm,Apr_mm,May_mm,Jun_mm,Jul_mm,Aug_mm,Sep_mm,Oct_mm,Nov_mm,Dec_mm
Visakhapatnam,Andhra Pradesh,0.0,0.39811176598995857,0.6470588235294117,0.44041944709246894,0.382460337446487,0.340725806451613,0.27141382868937053,0.44042232277526394,0.375,Normal,0.0,0.0,Medium,Jul,0.3845482322130074,0.09523809523809523,0.20689655172413793,0.16764705882352943,0.7186544342507645,0.0,0.5194085027726433,0.30902777777777773,0.4032625189681336,0.3845482322130074,0.4211177052423344,0.35043936731107206,0.37747336377473356,0.3548795944233206,0.0
Visakhapatnam,Andhra Pradesh,0.11111111111111427,0.4821545514079896,0.6470588235294117,0.5738798856053383,0.46323344245781906,0.45295698924731187,0.476780185758514,0.0,0.34999999999999964,Normal,0.0,0.0,Medium,Jul,0.4834133566128328,0.8571428571428572,0.20689655172413793,0.0,0.0,0.5987460815047023,0.3918669131238447,0.36111111111111105,0.4836874051593324,0.4834133566128328,0.4579624134520277,0.45799648506151136,0.46017250126839165,0.5158428390367554,0.25
Visakhapatnam,Andhra Pradesh,0.22222222222220012,0.39129011132940406,0.6470588235294117,0.428979980934223,0.3740871317048602,0.33803763440860224,0.44994840041279677,0.6319758672699849,0.3583333333333343,Normal,0.0,0.0,Medium,Jul,0.36665211697948497,0.7142857142857142,0.20689655172413793,0.5441176470588235,0.7155963302752292,0.4137931034482759,0.22920517560073936,0.3333333333333333,0.3827769347496206,0.36665211697948497,0.36968348170128584,0.3764499121265378,0.4469812278031456,0.39036755386565275,0.5034722222222222
Visakhapatnam,Andhra Pradesh,0.3333333333333144,0.5761842392490722,0.6470588235294117,0.7225929456625356,0.5703223369428355,0.4838709677419356,0.45304437564499495,0.6546003016591252,0.4833333333333343,Excess,1.0,0.0,High,Jul,0.5608904408555216,0.9047619047619047,0.13793103448275862,0.6647058823529413,0.6360856269113149,0.5266457680250785,0.2624768946395563,0.5219907407407407,0.6217754172989378,0.5608904408555216,0.5952027695351138,0.5293497363796134,0.573820395738204,0.458808618504436,0.3263888888888889
Visakhapatnam,Andhra Pradesh,0.44444444444442865,0.4094629993451212,0.6470588235294117,0.45757864632983786,0.3975069252077562,0.6733870967741936,0.49845201238390097,0.44494720965309204,0.4166666666666661,Normal,0.0,0.0,Medium,Jul,0.38760366652116984,0.09523809523809523,0.13793103448275862,0.3911764705882353,0.49541284403669716,0.5235109717868339,0.6580406654343808,0.6018518518518519,0.4609256449165403,0.38760366652116984,0.43026706231454004,0.3409490333919155,0.4094368340943683,0.5830164765525983,0.1388888888888889
Visakhapatnam,Andhra Pradesh,0.5555555555555429,0.20748744815542458,0.6470588235294117,0.13727359389895133,0.2042936288088642,0.31115591397849474,0.47781217750258004,0.39215686274509803,0.5500000000000007,Deficient,0.0,1.0,Low,Jul,0.18725447402880838,0.6190476190476191,0.3103448275862069,0.5411764705882353,0.23241590214067273,0.4043887147335424,0.1386321626617375,0.34722222222222215,0.2549317147192717,0.18725447402880838,0.1941147378832839,0.16274165202108962,0.33536276002029425,0.34600760456273766,0.71875
Visakhapatnam,Andhra Pradesh,0.6666666666666572,0.6132940406024886,0.6470588235294117,0.7816968541468063,0.611810627046084,0.6243279569892474,0.5242518059855521,0.6621417797888386,0.5250000000000004,Excess,1.0,0.0,High,Jul,0.620253164556962,1.0,0.6551724137931034,0.6794117647058824,0.6360856269113149,0.9122257053291538,0.499075785582255,0.4733796296296296,0.6680576631259485,0.620253164556962,0.6107814045499506,0.5543057996485061,0.6402841197361746,0.5019011406844106,0.4479166666666667
Visakhapatnam,Andhra Pradesh,0.7777777777777715,0.5901549879938879,0.6470588235294117,0.744518589132507,0.6091664568118862,0.5557795698924731,0.630546955624355,0.27752639517345395,0.708333333333333,Excess,1.0,0.0,High,Jul,0.5735486687036229,0.2857142857142857,1.0,0.1941176470588235,0.36085626911314983,0.24137931034482762,0.3752310536044362,0.6805555555555555,0.6707132018209409,0.5735486687036229,0.6008902077151336,0.604920913884007,0.6712328767123288,0.43726235741444863,0.982638888888889
Visakhapatnam,Andhra Pradesh,0.8888888888888857,0.3342610783671688,0.6470588235294117,0.3384175405147759,0.3510450768068496,0.23118279569892478,0.3725490196078432,0.14479638009049772,0.7916666666666661,Normal,0.0,0.0,Low,Jul,0.3509384548232213,0.8095238095238095,0.20689655172413793,0.0,0.2935779816513761,0.0,0.22920517560073936,0.30208333333333326,0.39264036418816395,0.3509384548232213,0.3125618199802176,0.3536028119507908,0.43480466768138,0.4790874524714828,0.0
Visakhapatnam,Andhra Pradesh,1.0,0.658316961362148,0.6470588235294117,0.8531935176358436,0.6250944346512213,0.5934139784946237,0.5665634674922602,0.20060331825037708,0.25833333333333375,Excess,1.0,0.0,High,Jul,0.6217808817110433,0.2857142857142857,1.0,0.31764705882352945,0.0764525993883792,0.6583072100313481,0.43992606284658037,0.5509259259259259,0.6733687405159333,0.6217808817110433,0.6261127596439169,0.5764499121265377,0.6732623033992897,0.4461343472750317,0.7430555555555556
Vizianagaram,Andhra Pradesh,0.0,0.6731608819035146,0.588235294117647,0.9437559580552907,0.6700453286325861,0.8944892473118281,0.7017543859649124,0.5610859728506787,0.5083333333333337,Excess,1.0,0.0,High,Jul,0.6377127891750327,0.0,0.896551724137931,0.8029411764705883,0.3027522935779816,0.774294670846395,0.7670979667282809,0.8217592592592592,0.7219271623672231,0.6377127891750327,0.6758160237388725,0.6562390158172231,0.7163876204972095,0.541191381495564,0.9375
Vizianagaram,Andhra Pradesh,0.11111111111111427,0.23641126391617556,0.588235294117647,0.21734985700667295,0.23111306975572898,0.4287634408602151,0.6026831785345718,0.0,0.5083333333333337,Deficient,0.0,0.0,Low,Jul,0.23352247926669575,0.6666666666666667,0.06896551724137931,0.0,0.0,0.5579937304075236,0.39926062846580407,0.32986111111111105,0.244309559939302,0.23352247926669575,0.21538081107814047,0.21862917398945517,0.33384069000507355,0.49429657794676807,0.732638888888889
Vizianagaram,Andhra Pradesh,0.22222222222220012,0.6101287928399913,0.588235294117647,0.8388941849380361,0.6035633341727523,0.7177419354838711,0.6986584107327143,0.6199095022624435,0.47499999999999964,Excess,1.0,0.0,High,Jul,0.596027935399389,0.3333333333333333,0.48275862068965514,0.5941176470588235,0.6391437308868501,0.3416927899686521,0.765249537892791,0.6782407407407408,0.6009104704097117,0.596027935399389,0.6308110781404551,0.534622144112478,0.7072552004058852,0.6387832699619771,0.6597222222222222
Vizianagaram,Andhra Pradesh,0.3333333333333144,0.255129884304737,0.588235294117647,0.24785510009532885,0.24427096449257107,0.2782258064516129,0.2920536635706915,0.36651583710407243,0.4166666666666661,Normal,0.0,0.0,Low,Jul,0.250109122653863,1.0,0.20689655172413793,0.6411764705882353,0.0764525993883792,0.5266457680250785,0.25508317929759705,0.17245370370370366,0.21927162367223066,0.250109122653863,0.28363006923837786,0.22530755711775044,0.2851344495180112,0.26489226869455,0.3159722222222222
Vizianagaram,Andhra Pradesh,0.44444444444442865,0.6348504693298407,0.588235294117647,0.8798856053384174,0.6236464366658272,0.6182795698924732,0.6150670794633644,0.4720965309200604,0.4416666666666673,Excess,1.0,0.0,High,Jul,0.637494543867307,0.7142857142857142,0.5862068965517241,0.4588235294117647,0.48012232415902134,0.14420062695924765,0.8391866913123843,0.5335648148148148,0.6221547799696511,0.637494543867307,0.6337784371909002,0.5971880492091387,0.6478944698122779,0.697084917617237,0.21875
Vizianagaram,Andhra Pradesh,0.5555555555555429,0.49574328749181407,0.588235294117647,0.648236415633937,0.5049106018635103,0.5288978494623656,0.33436532507739947,0.334841628959276,0.6416666666666666,Excess,0.0,0.0,High,Jul,0.49410737669140126,0.3333333333333333,0.27586206896551724,0.3088235294117647,0.3577981651376146,0.1755485893416928,0.6173752310536044,0.5069444444444444,0.5053110773899849,0.49410737669140126,0.524975272007913,0.4650263620386643,0.5946220192795535,0.43219264892268694,0.0
Vizianagaram,Andhra Pradesh,0.6666666666666572,0.3573455577384851,0.588235294117647,0.41849380362249755,0.34216821959204224,0.6068548387096775,0.2827657378740971,0.030165912518853696,0.375,Normal,0.0,0.0,Low,Jul,0.32453077258838936,0.14285714285714285,0.034482758620689655,0.058823529411764705,0.0,0.7147335423197493,0.5748613678373382,0.46874999999999994,0.3437025796661609,0.32453077258838936,0.31800197823936693,0.3616871704745166,0.4672754946727549,0.3688212927756654,0.0
Vizianagaram,Andhra Pradesh,0.7777777777777715,0.14936695044750053,0.588235294117647,0.07244995233555768,0.13302694535381515,0.3165322580645161,0.10939112487100106,0.4042232277526395,0.3000000000000007,Deficient,0.0,1.0,Low,Jul,0.12396333478830204,0.7619047619047619,0.13793103448275862,0.4088235294117647,0.39449541284403666,0.0,0.3807763401109057,0.35416666666666663,0.11987860394537184,0.12396333478830204,0.1614737883283878,0.11318101933216171,0.22729578893962454,0.09125475285171103,0.17708333333333334
Vizianagaram,Andhra Pradesh,0.8888888888888857,0.5185003274394239,0.588235294117647,0.6863679694947569,0.5086879879123646,0.5389784946236559,0.5521155830753355,0.7164404223227753,0.4500000000000002,Excess,1.0,0.0,High,Jul,0.4801396769969446,0.14285714285714285,0.4482758620689655,0.6705882352941177,0.7553516819571864,0.6739811912225706,0.5878003696857671,0.3587962962962962,0.5534901365705615,0.4801396769969446,0.5336300692383779,0.47486818980667833,0.5611364789446982,0.4233206590621039,0.7569444444444445
Vizianagaram,Andhra Pradesh,1.0,0.3452848722986248,0.588235294117647,0.39847473784556714,0.33121380005036505,0.4395161290322581,0.69453044375645,0.36651583710407243,0.38333333333333375,Normal,0.0,0.0,Low,Jul,0.3125272806634658,0.7619047619047619,0.24137931034482757,0.6205882352941177,0.09785932721712537,0.3510971786833856,0.5748613678373382,0.31481481481481477,0.42071320182094085,0.3125272806634658,0.30242334322453024,0.36906854130052713,0.3252156265854896,0.5741444866920151,0.8229166666666666
Srikakulam,Andhra Pradesh,0.0,0.4896856581532417,0.7058823529411764,0.536701620591039,0.5031478217073784,0.35080645161290325,0.5665634674922602,0.21266968325791855,0.6833333333333336,Normal,0.0,0.0,Medium,Jul,0.5128764731558272,0.8095238095238095,0.20689655172413793,0.09999999999999999,0.32721712538226294,0.0,0.321626617375231,0.45023148148148145,0.5125189681335357,0.5128764731558272,0.5049455984174085,0.49103690685413004,0.5306950786402842,0.6159695817490495,0.2777777777777778
Srikakulam,Andhra Pradesh,0.11111111111111427,0.790329622353198,0.7058823529411764,0.9933269780743563,0.7658650214051875,0.9758064516129034,0.7337461300309598,0.5475113122171945,0.34999999999999964,Excess,1.0,0.0,High,Jul,0.7708424268878219,0.0,0.6206896551724138,0.3764705882352941,0.7186544342507645,0.8996865203761757,0.9075785582255083,0.8275462962962963,0.808421851289833,0.7708424268878219,0.7462908011869437,0.7838312829525482,0.7346524606798579,0.835234474017744,0.23958333333333334
Srikakulam,Andhra Pradesh,0.22222222222220012,0.44946518227461263,0.7058823529411764,0.4756911344137273,0.43962477965248037,0.41129032258064524,0.6635706914344686,0.30769230769230765,0.4416666666666673,Normal,0.0,0.0,Medium,Jul,0.4635530336097775,0.5238095238095237,0.034482758620689655,0.5647058823529412,0.03669724770642201,0.32288401253918503,0.4362292051756007,0.36342592592592593,0.43399089529590285,0.4635530336097775,0.44213649851632053,0.3757469244288224,0.5337392186707255,0.6425855513307985,0.53125
Srikakulam,Andhra Pradesh,0.3333333333333144,0.38392272429600527,0.7058823529411764,0.37654909437559575,0.387433895744145,0.33131720430107536,0.33952528379772967,0.30015082956259426,0.6083333333333343,Normal,0.0,0.0,Low,Jul,0.376036665211698,0.23809523809523808,0.06896551724137931,0.22647058823529412,0.37308868501529047,0.0219435736677116,0.5083179297597042,0.29166666666666663,0.3877086494688923,0.376036665211698,0.3986152324431256,0.38910369068541295,0.44850329781836623,0.2826362484157161,0.42708333333333337
Srikakulam,Andhra Pradesh,0.44444444444442865,0.38414101724514305,0.7058823529411764,0.37654909437559575,0.3672248803827751,0.5658602150537635,0.4024767801857586,0.12518853695324283,0.3583333333333343,Normal,0.0,0.0,Low,Jul,0.3461370580532519,0.0,0.20689655172413793,0.24411764705882355,0.0,0.12852664576802508,0.6543438077634011,0.5648148148148149,0.39264036418816395,0.3461370580532519,0.35311572700296745,0.35254833040421785,0.4946727549467275,0.27756653992395436,0.6527777777777778
Srikakulam,Andhra Pradesh,0.5555555555555429,0.5441497489631086,0.7058823529411764,0.6196377502383221,0.5530722739864014,0.6740591397849464,0.7832817337461301,0.3966817496229261,0.625,Excess,0.0,0.0,High,Jul,0.5381929288520297,0.6190476190476191,0.10344827586206896,0.3852941176470588,0.4036697247706421,0.6865203761755486,0.5822550831792975,0.5902777777777778,0.5705614567526556,0.5381929288520297,0.554648862512364,0.5528998242530755,0.6052765093860983,0.6869455006337136,0.8125
Srikakulam,Andhra Pradesh,0.6666666666666572,0.5543003710980137,0.7058823529411764,0.6348903717826501,0.5304079576932762,0.6344086021505377,0.6522187822497422,0.19909502262443438,0.3166666666666673,Excess,0.0,0.0,High,Jul,0.5264076822348319,0.6666666666666667,0.0,0.2852941176470588,0.10703363914373087,0.5297805642633229,0.6913123844731976,0.5115740740740741,0.5451441578148711,0.5264076822348319,0.5269535113748764,0.5072056239015816,0.6067985794013191,0.5703422053231939,0.6909722222222222
Srikakulam,Andhra Pradesh,0.7777777777777715,0.2627155642872736,0.7058823529411764,0.1925643469971401,0.24911860992193396,0.28494623655913986,0.36635706914344696,0.23529411764705882,0.38333333333333375,Deficient,0.0,0.0,Low,Jul,0.24901789611523353,0.9523809523809523,0.1724137931034483,0.22941176470588234,0.23853211009174308,0.15673981191222572,0.3290203327171904,0.2743055555555555,0.24848254931714722,0.24901789611523353,0.22403560830860533,0.254481546572935,0.3678335870116692,0.41444866920152096,0.15625
Srikakulam,Andhra Pradesh,0.8888888888888857,0.26866404715127706,0.7058823529411764,0.20114394661582455,0.25125912868295136,0.35416666666666663,0.3911248710010321,0.15233785822021115,0.3250000000000002,Deficient,0.0,0.0,Low,Jul,0.2439982540375382,0.4761904761904762,0.13793103448275862,0.29705882352941176,0.0,0.31661442006269597,0.17560073937153417,0.4305555555555555,0.2773141122913506,0.2439982540375382,0.2848664688427299,0.23585237258347977,0.2602739726027397,0.35994930291508237,0.3888888888888889
Srikakulam,Andhra Pradesh,1.0,0.49568871425452965,0.7058823529411764,0.5462345090562439,0.4943339209267187,0.403225806451613,0.7296181630546957,0.5882352941176471,0.5333333333333332,Normal,0.0,0.0,Medium,Jul,0.4764295067656046,0.6666666666666667,0.27586206896551724,0.7205882352941176,0.4434250764525993,0.43887147335423204,0.3086876155268022,0.38657407407407407,0.573216995447648,0.4764295067656046,0.478486646884273,0.49912126537785584,0.5058346017250126,0.6628643852978453,0.6979166666666667
East Godavari,Andhra Pradesh,0.0,0.36640471512770145,0.7647058823529411,0.313632030505243,0.3623772349534121,0.4018817204301076,0.564499484004128,0.19004524886877827,0.5166666666666666,Normal,0.0,0.0,Low,Jul,0.3428633784373637,0.5238095238095237,0.0,0.3088235294117647,0.06422018348623852,0.6802507836990597,0.1608133086876155,0.3877314814814814,0.41274658573596357,0.3428633784373637,0.3684470820969338,0.38137082601054473,0.3632673769660071,0.5602027883396705,0.4236111111111111
East Godavari,Andhra Pradesh,0.11111111111111427,0.4467365204103909,0.7647058823529411,0.4299332697807435,0.4377360866280533,0.706989247311828,0.5376676986584108,0.38009049773755654,0.4500000000000002,Normal,0.0,0.0,Medium,Jul,0.44543867306852913,0.42857142857142855,0.1724137931034483,0.18823529411764706,0.5749235474006116,0.6551724137931035,0.6284658040665434,0.6296296296296297,0.5079666160849773,0.44543867306852913,0.42729970326409505,0.4291739894551845,0.41501775748351083,0.550063371356147,0.36111111111111116
East Godavari,Andhra Pradesh,0.22222222222220012,0.6137306265007642,0.7647058823529411,0.6730219256434699,0.6095441954167715,0.5611559139784947,0.5118679050567595,0.5460030165912519,0.5,Excess,1.0,0.0,High,Jul,0.6086861632474903,0.9047619047619047,0.10344827586206896,0.39999999999999997,0.691131498470948,0.33855799373040757,0.6321626617375231,0.4930555555555555,0.6771623672230653,0.6086861632474903,0.5838278931750742,0.5637961335676624,0.6783358701166919,0.5665399239543727,0.22916666666666666
East Godavari,Andhra Pradesh,0.3333333333333144,0.6422178563632395,0.7647058823529411,0.7149666348903717,0.6228909594560563,0.7318548387096775,0.3302373581011353,0.6440422322775264,0.36666666666666714,Excess,1.0,0.0,High,Jul,0.6178524661719774,0.3809523809523809,0.7586206896551724,0.861764705882353,0.4097859327217125,0.46708463949843265,0.7985212569316081,0.6354166666666667,0.7022003034901367,0.6178524661719774,0.6300692383778438,0.5736379613356766,0.6220192795535262,0.40430925221799746,0.0625
East Godavari,Andhra Pradesh,0.44444444444442865,0.317125081859856,0.7647058823529411,0.24118207816968534,0.33278771090405435,0.3575268817204301,0.3777089783281734,0.5188536953242835,0.7916666666666661,Normal,0.0,0.0,Low,Jul,0.3243125272806635,0.23809523809523808,0.10344827586206896,0.4294117647058823,0.6055045871559632,0.3510971786833856,0.1645101663585952,0.4305555555555555,0.3509104704097118,0.3243125272806635,0.3301186943620178,0.349384885764499,0.37544393708777274,0.30671736375158426,0.48958333333333337
East Godavari,Andhra Pradesh,0.5555555555555429,0.2325365640689806,0.7647058823529411,0.11820781696854143,0.23426089146310747,0.29032258064516137,0.34055727554179577,0.3092006033182504,0.625,Deficient,0.0,1.0,Low,Jul,0.2140986468790921,0.09523809523809523,0.3103448275862069,0.08529411764705883,0.5382262996941896,0.3448275862068966,0.24029574861367836,0.26967592592592593,0.29172989377845215,0.2140986468790921,0.2532146389713156,0.17398945518453426,0.32775240994419075,0.43979721166032953,0.0
East Godavari,Andhra Pradesh,0.6666666666666572,0.6591901331586991,0.7647058823529411,0.7397521448999046,0.6819440946864769,0.5530913978494625,0.5077399380804953,0.4389140271493213,0.7249999999999996,Excess,1.0,0.0,High,Jul,0.6732867743343518,0.42857142857142855,0.3793103448275862,0.7235294117647059,0.13761467889908255,0.15987460815047022,0.4695009242144177,0.6469907407407408,0.7245827010622156,0.6732867743343518,0.6661721068249258,0.6748681898066783,0.7189244038559106,0.532319391634981,0.3090277777777778
East Godavari,Andhra Pradesh,0.7777777777777715,0.2830713817943681,0.7647058823529411,0.19161105815061957,0.2718458826492067,0.38508064516129037,0.543859649122807,0.15082956259426847,0.4166666666666661,Deficient,0.0,0.0,Low,Jul,0.27389786119598425,0.8095238095238095,0.13793103448275862,0.0,0.3058103975535168,0.5862068965517242,0.11275415896487984,0.4236111111111111,0.33952959028831575,0.27389786119598425,0.24332344213649856,0.2319859402460457,0.36428209030948755,0.4233206590621039,0.7291666666666667
East Godavari,Andhra Pradesh,0.8888888888888857,0.23581095830604676,0.7647058823529411,0.12297426120114391,0.20290858725761773,0.20900537634408603,0.48710010319917446,0.22322775263951736,0.05833333333333357,Deficient,0.0,1.0,Low,Jul,0.21147970318638146,0.7142857142857142,0.24137931034482757,0.0,0.4525993883792049,0.0,0.20702402957486132,0.27777777777777773,0.2006828528072838,0.21147970318638146,0.222057368941642,0.19718804920913882,0.23338406900050734,0.39670468948035487,0.6111111111111112
East Godavari,Andhra Pradesh,1.0,0.6829840646147131,0.7647058823529411,0.7740705433746424,0.6645681188617476,0.8696236559139787,0.8317853457172343,0.44494720965309204,0.38333333333333375,Excess,1.0,0.0,High,Jul,0.646660846791794,0.5238095238095237,0.7241379310344828,0.37941176470588234,0.5076452599388379,0.8463949843260189,0.7430683918669131,0.767361111111111,0.6798179059180578,0.646660846791794,0.7040059347181009,0.6407732864674868,0.6722475900558091,0.7072243346007604,0.920138888888889
West Godavari,Andhra Pradesh,0.0,0.30779305828421744,0.588235294117647,0.3355576739752144,0.3003021908839083,0.4193548387096775,0.34778121775025805,0.33333333333333337,0.47499999999999964,Normal,0.0,0.0,Low,Jul,0.33064164120471407,0.9047619047619047,0.3103448275862069,0.65,0.0,0.3479623824451411,0.4842883548983363,0.3379629629629629,0.28262518968133543,0.33064164120471407,0.30217606330365976,0.3022847100175746,0.3155758498224252,0.3548795944233206,0.2569444444444445
West Godavari,Andhra Pradesh,0.11111111111111427,0.22271338135778218,0.588235294117647,0.19447092469018107,0.18968773608662803,0.17540322580645165,0.3962848297213623,0.36349924585218707,0.05000000000000071,Deficient,0.0,0.0,Low,Jul,0.1855085115670013,0.8095238095238095,0.0,0.23823529411764705,0.48929663608562685,0.0,0.33641404805914965,0.1388888888888889,0.18854324734446135,0.1855085115670013,0.24085064292779432,0.16766256590509668,0.2075088787417554,0.27756653992395436,0.6319444444444444
West Godavari,Andhra Pradesh,0.22222222222220012,0.3420650512988431,0.588235294117647,0.39275500476644415,0.3480231679677662,0.36155913978494636,0.5335397316821465,0.5203619909502263,0.6500000000000004,Normal,0.0,0.0,Low,Jul,0.35923177651680493,0.0,0.24137931034482757,0.39999999999999997,0.6391437308868501,0.1724137931034483,0.4584103512014787,0.3194444444444444,0.3789833080424886,0.35923177651680493,0.31503461918892184,0.3131810193321617,0.4627092846270929,0.5247148288973383,0.4166666666666667
West Godavari,Andhra Pradesh,0.3333333333333144,0.4166120934293823,0.588235294117647,0.5166825548141086,0.38208259884160156,0.3071236559139785,0.36738906088751294,0.5867269984917044,0.15833333333333321,Normal,0.0,0.0,Medium,Jul,0.3821475338280228,1.0,0.06896551724137931,0.6441176470588235,0.5198776758409785,0.16300940438871475,0.25878003696857665,0.35416666666666663,0.40591805766312605,0.3821475338280228,0.4033135509396637,0.35465729349736375,0.4069000507356672,0.45500633713561467,0.04861111111111111
West Godavari,Andhra Pradesh,0.44444444444442865,0.31199519755511906,0.588235294117647,0.34223069590085786,0.3098086124401913,0.19086021505376347,0.5345717234262126,0.473604826546003,0.5416666666666661,Normal,0.0,0.0,Low,Jul,0.2959406372762986,0.7142857142857142,0.20689655172413793,0.5911764705882353,0.345565749235474,0.31347962382445144,0.13123844731977816,0.1782407407407407,0.386949924127466,0.2959406372762986,0.3125618199802176,0.24991212653778563,0.38762049720953823,0.5285171102661597,0.40972222222222227
West Godavari,Andhra Pradesh,0.5555555555555429,0.45541366513861603,0.588235294117647,0.5815061963775023,0.4437169478720724,0.676747311827957,0.6212590299277606,0.4464555052790347,0.4250000000000007,Normal,0.0,0.0,Medium,Jul,0.4233958969882148,0.6666666666666667,0.10344827586206896,0.5941176470588235,0.2874617737003058,0.7398119122257054,0.532347504621072,0.6064814814814815,0.4977238239757209,0.4233958969882148,0.433728981206726,0.40140597539543055,0.5550481988838152,0.5627376425855513,0.607638888888889
West Godavari,Andhra Pradesh,0.6666666666666572,0.5605762933857237,0.588235294117647,0.755958055290753,0.5448879375472172,0.47580645161290325,0.5572755417956657,0.28959276018099545,0.3916666666666666,Excess,1.0,0.0,High,Jul,0.5294631165429944,0.14285714285714285,0.24137931034482757,0.3911764705882353,0.18042813455657492,0.5517241379310346,0.266173752310536,0.49652777777777773,0.5899089529590289,0.5294631165429944,0.5887734915924828,0.5036906854130052,0.5347539320142058,0.42458808618504434,0.7708333333333334
West Godavari,Andhra Pradesh,0.7777777777777715,0.44564505566470214,0.588235294117647,0.5653002859866538,0.44491312012087625,0.612231182795699,0.49948400412796706,0.0,0.5416666666666661,Normal,0.0,0.0,Medium,Jul,0.44020078568310783,0.5714285714285714,0.20689655172413793,0.0,0.0,0.3260188087774295,0.6192236598890942,0.59375,0.4264036418816388,0.44020078568310783,0.4688427299703265,0.41159929701230225,0.5342465753424657,0.3168567807351077,0.8715277777777779
West Godavari,Andhra Pradesh,0.8888888888888857,0.6717965509714037,0.588235294117647,0.9408960915157291,0.6840216570133466,0.6861559139784947,0.5882352941176472,0.5067873303167421,0.6333333333333337,Excess,1.0,0.0,High,Jul,0.6811436054124838,0.8571428571428572,0.7241379310344828,0.6323529411764706,0.3700305810397553,0.9184952978056428,0.4731977818853974,0.59375,0.7321699544764797,0.6811436054124838,0.6955984174085065,0.6105448154657293,0.7397260273972601,0.7046894803548795,0.1076388888888889
West Godavari,Andhra Pradesh,1.0,0.275540275049116,0.588235294117647,0.2821734985700667,0.27247544699068244,0.5040322580645162,0.40144478844169257,0.39819004524886875,0.5416666666666661,Normal,0.0,0.0,Low,Jul,0.2874290702749891,0.047619047619047616,0.27586206896551724,0.08823529411764705,0.7155963302752292,0.4137931034482759,0.44916820702402954,0.48148148148148145,0.2822458270106222,0.2874290702749891,0.2638476755687438,0.29806678383128293,0.2770167427701674,0.5082382762991128,0.017361111111111112
Krishna,Andhra Pradesh,0.0,0.3982754857018118,0.47058823529411753,0.5929456625357482,0.37685721480735324,0.4321236559139785,0.695562435500516,0.16440422322775264,0.30833333333333357,Normal,0.0,0.0,Medium,Jul,0.3764731558271497,0.6190476190476191,0.3103448275862069,0.31764705882352945,0.003058103975535168,0.1065830721003135,0.29574861367837335,0.5671296296296297,0.39339908952959035,0.3764731558271497,0.38130563798219586,0.3947275922671353,0.3820395738203957,0.5956907477820025,0.7673611111111112
Krishna,Andhra Pradesh,0.11111111111111427,0.44237066142763604,0.47058823529411753,0.6739752144899904,0.44063208259884157,0.4092741935483871,0.5562435500515996,0.10708898944193061,0.5333333333333332,Excess,1.0,0.0,High,Jul,0.41837625491051944,0.7142857142857142,0.6206896551724138,0.0,0.2171253822629969,0.652037617554859,0.20702402957486132,0.38194444444444436,0.4798937784522004,0.41837625491051944,0.46711177052423336,0.38137082601054473,0.5261288685946219,0.45754119138149557,0.6770833333333334
Krishna,Andhra Pradesh,0.22222222222220012,0.35549006767081426,0.47058823529411753,0.5138226882745471,0.35734072022160657,0.42607526881720437,0.5810113519091847,0.4600301659125189,0.5916666666666668,Normal,0.0,0.0,Medium,Jul,0.37625491051942395,0.8095238095238095,0.20689655172413793,0.6205882352941177,0.2874617737003058,0.1912225705329154,0.4029574861367837,0.4583333333333333,0.3732928679817906,0.37625491051942395,0.3330860534124629,0.333567662565905,0.43937087772704203,0.46514575411913817,0.7395833333333334
Krishna,Andhra Pradesh,0.3333333333333144,0.30779305828421744,0.47058823529411753,0.4261201143946615,0.2876479476202468,0.4280913978494624,0.4798761609907122,0.0,0.2916666666666661,Normal,0.0,0.0,Low,Jul,0.27106067219554786,0.8571428571428572,0.034482758620689655,0.0,0.0,0.5109717868338559,0.5582255083179297,0.2465277777777778,0.29097116843702586,0.27106067219554786,0.32467853610286845,0.270298769771529,0.34094368340943687,0.3612167300380228,0.6840277777777778
Krishna,Andhra Pradesh,0.44444444444442865,0.17103252564942156,0.47058823529411753,0.17445185891325066,0.15002518257365904,0.18145161290322584,0.14551083591331274,0.3137254901960784,0.21666666666666679,Deficient,0.0,1.0,Low,Jul,0.15495416848537755,0.42857142857142855,0.3103448275862069,0.21764705882352942,0.4097859327217125,0.664576802507837,0.09242144177449167,0.05671296296296295,0.1388467374810319,0.15495416848537755,0.18818001978239365,0.1061511423550088,0.2222222222222222,0.2002534854245881,0.0
Krishna,Andhra Pradesh,0.5555555555555429,0.4617441606636107,0.47058823529411753,0.7092469018112487,0.43081087887182057,0.4146505376344086,0.5128998968008256,0.4042232277526395,0.21666666666666679,Excess,1.0,0.0,High,Jul,0.42361414229594074,0.23809523809523808,0.3448275862068966,0.788235294117647,0.0,0.00626959247648903,0.5767097966728281,0.39814814814814814,0.45447647951441583,0.42361414229594074,0.41864490603363014,0.4678383128295255,0.4434297311009639,0.45500633713561467,0.5381944444444444
Krishna,Andhra Pradesh,0.6666666666666572,0.09015498799388783,0.47058823529411753,0.025738798856053346,0.09626038781163432,0.2943548387096775,0.19401444788441696,0.21116138763197587,0.8083333333333336,Deficient,0.0,1.0,Low,Jul,0.08075076385857702,0.7142857142857142,0.24137931034482757,0.4117647058823529,0.0,0.420062695924765,0.421441774491682,0.13541666666666663,0.10698027314112293,0.08075076385857702,0.07566765578635012,0.12091388400702982,0.21359715880263824,0.14702154626108999,0.3090277777777778
Krishna,Andhra Pradesh,0.7777777777777715,0.5822418685876447,0.47058823529411753,0.9313632030505241,0.5940569126164694,0.6243279569892474,0.6480908152734779,0.2549019607843137,0.6500000000000004,Excess,1.0,0.0,High,Jul,0.6038847664775208,0.3333333333333333,0.06896551724137931,0.029411764705882353,0.4862385321100917,0.8213166144200628,0.4048059149722735,0.5659722222222222,0.5959787556904401,0.6038847664775208,0.5984174085064293,0.577152899824253,0.6240487062404869,0.6742712294043093,0.39236111111111116
Krishna,Andhra Pradesh,0.8888888888888857,0.4728225278323511,0.47058823529411753,0.7302192564346996,0.46140770586753965,0.418010752688172,0.628482972136223,0.12368024132730014,0.4250000000000007,Excess,1.0,0.0,High,Jul,0.4788302051505894,0.8571428571428572,0.6206896551724138,0.24117647058823527,0.0,0.0,0.2495378927911275,0.6111111111111112,0.49886191198786045,0.4788302051505894,0.4572205736894164,0.4242530755711774,0.4860476915271435,0.5868187579214195,0.5659722222222223
Krishna,Andhra Pradesh,1.0,0.44542676271556436,0.47058823529411753,0.6796949475691133,0.45032737345756724,0.5329301075268817,0.5376676986584108,0.4434389140271493,0.6083333333333343,Excess,1.0,0.0,High,Jul,0.4498035792230468,0.2857142857142857,0.10344827586206896,0.41470588235294115,0.4678899082568807,0.7931034482758622,0.6044362292051756,0.29398148148148145,0.4772382397572079,0.4498035792230468,0.45647873392680527,0.39297012302284706,0.5398274987316083,0.6299112801013942,0.1423611111111111
Guntur,Andhra Pradesh,0.0,0.11040165902641347,0.41176470588235303,0.09628217349857005,0.0833543188113825,0.13373655913978494,0.21981424148606815,0.0,0.033333333333333215,Deficient,0.0,1.0,Low,Jul,0.07660410301178525,0.4761904761904762,0.06896551724137931,0.0,0.0,0.0,0.40850277264325324,0.021990740740740727,0.0978755690440061,0.07660410301178525,0.08877349159248274,0.05623901581722321,0.197869101978691,0.08365019011406843,0.5694444444444444
Guntur,Andhra Pradesh,0.11111111111111427,0.06745252128356255,0.41176470588235303,0.012392755004766387,0.061319566859733055,0.020161290322580655,0.21775025799793607,0.2564102564102564,0.5166666666666666,Deficient,0.0,1.0,Low,Jul,0.07900480139676999,0.2857142857142857,0.1724137931034483,0.5,0.0,0.0,0.0,0.08217592592592592,0.08080424886191198,0.07900480139676999,0.049208704253214636,0.0797891036906854,0.08472856418061897,0.2889733840304183,0.0
Guntur,Andhra Pradesh,0.22222222222220012,0.29016590264134473,0.41176470588235303,0.4451858913250714,0.28657768823973806,0.362231182795699,0.3147574819401446,0.5203619909502263,0.5250000000000004,Normal,0.0,0.0,Medium,Jul,0.28764731558271506,0.3809523809523809,0.24137931034482757,0.6823529411764706,0.345565749235474,0.6300940438871475,0.1386321626617375,0.35185185185185186,0.353186646433991,0.28764731558271506,0.29945598417408503,0.2597539543057996,0.2775240994419077,0.3320659062103929,0.20833333333333334
Guntur,Andhra Pradesh,0.3333333333333144,0.558993669504475,0.41176470588235303,0.9666348903717825,0.549168975069252,0.7217741935483871,0.49845201238390097,0.5173453996983408,0.4500000000000002,Excess,1.0,0.0,High,Jul,0.5392841553906592,0.14285714285714285,0.48275862068965514,0.8176470588235294,0.1987767584097859,0.2978056426332289,0.7393715341959334,0.7175925925925926,0.5853566009104705,0.5392841553906592,0.5531651829871415,0.5525483304042179,0.5550481988838152,0.6261089987325729,0.020833333333333332
Guntur,Andhra Pradesh,0.44444444444442865,0.2596048897620607,0.41176470588235303,0.3860819828408007,0.2574288592294132,0.2211021505376344,0.4066047471620228,0.11010558069381599,0.5583333333333336,Normal,0.0,0.0,Low,Jul,0.28284591881274557,0.3809523809523809,0.06896551724137931,0.12352941176470589,0.09480122324159021,0.26018808777429475,0.21811460258780035,0.1956018518518518,0.2579666160849773,0.28284591881274557,0.24604352126607323,0.23760984182776798,0.3226788432267884,0.5107731305449936,0.02777777777777778
Guntur,Andhra Pradesh,0.5555555555555429,0.373608382449247,0.41176470588235303,0.6072449952335557,0.3657139259632334,0.41532258064516137,0.22600619195046445,0.24132730015082957,0.4666666666666668,Normal,0.0,0.0,Medium,Jul,0.38804015713662166,0.42857142857142855,0.06896551724137931,0.0,0.48929663608562685,0.0,0.44916820702402954,0.48148148148148145,0.3657056145675266,0.38804015713662166,0.33160237388724034,0.3901581722319859,0.4109589041095891,0.2991128010139417,0.0
Guntur,Andhra Pradesh,0.6666666666666572,0.0979043876882777,0.41176470588235303,0.07149666348903716,0.07888441198690505,0.1391129032258065,0.08565531475748196,0.016591251885369532,0.20833333333333304,Deficient,0.0,1.0,Low,Jul,0.07289393278044518,0.23809523809523808,0.10344827586206896,0.0,0.03363914373088685,0.2884012539184953,0.23290203327171902,0.034722222222222224,0.08687405159332326,0.07289393278044518,0.07022749752720084,0.07803163444639719,0.1917808219178082,0.1064638783269962,0.05555555555555556
Guntur,Andhra Pradesh,0.7777777777777715,0.5098777559484828,0.41176470588235303,0.8713060057197329,0.48652732309241997,0.5127688172043011,0.4736842105263159,0.334841628959276,0.30833333333333357,Excess,1.0,0.0,High,Jul,0.49738105630728946,0.7619047619047619,0.06896551724137931,0.31470588235294117,0.35168195718654427,0.22884012539184956,0.6081330868761552,0.46527777777777773,0.5140364188163886,0.49738105630728946,0.4718100890207716,0.5114235500878733,0.46930492135971585,0.5564005069708492,0.12847222222222224
Guntur,Andhra Pradesh,0.8888888888888857,0.38823401004147573,0.41176470588235303,0.6348903717826501,0.39643666582724746,0.38508064516129037,0.6707946336429309,0.6787330316742082,0.6583333333333332,Excess,0.0,0.0,High,Jul,0.35639458751636843,0.5714285714285714,0.27586206896551724,0.7558823529411764,0.5902140672782874,0.08463949843260189,0.22550831792975967,0.5381944444444444,0.40743550834597875,0.35639458751636843,0.40776458951533134,0.40105448154657297,0.5043125317097918,0.5728770595690748,0.7465277777777778
Guntur,Andhra Pradesh,1.0,0.11427635887360843,0.41176470588235303,0.10390848427073401,0.09934525308486525,0.15322580645161293,0.1403508771929825,0.22473604826546004,0.30833333333333357,Deficient,0.0,1.0,Low,Jul,0.07376691401134874,0.9047619047619047,0.034482758620689655,0.23529411764705882,0.2110091743119266,0.14733542319749218,0.16266173752310537,0.15509259259259256,0.13581183611532624,0.07376691401134874,0.09000989119683486,0.1050966608084358,0.20953830542871638,0.10139416983523447,0.2534722222222222
Bapatla,Andhra Pradesh,0.0,0.3008076839118097,0.43529411764705883,0.4442326024785509,0.28531855955678664,0.3266129032258065,0.2579979360165119,0.11764705882352941,0.3583333333333343,Normal,0.0,0.0,Medium,Jul,0.2636403317328677,0.6190476190476191,0.1724137931034483,0.0,0.23853211009174308,0.10031347962382448,0.5841035120147874,0.20717592592592587,0.3399089529590289,0.2636403317328677,0.2898120672601384,0.2889279437609842,0.31861998985286655,0.33840304182509506,0.0
Bapatla,Andhra Pradesh,0.11111111111111427,0.22549661645928837,0.43529411764705883,0.3012392755004766,0.22702090153613697,0.18615591397849465,0.2972136222910217,0.4796380090497738,0.625,Normal,0.0,0.0,Low,Jul,0.2023134002618944,0.8571428571428572,0.3103448275862069,0.5882352941176471,0.36085626911314983,0.1912225705329154,0.038817005545286505,0.2731481481481481,0.274279210925645,0.2023134002618944,0.24159248269040554,0.1845342706502636,0.3287671232876712,0.14575411913814956,0.6597222222222222
Bapatla,Andhra Pradesh,0.22222222222220012,0.20617769046059814,0.43529411764705883,0.26406101048617725,0.20649710400402915,0.16061827956989247,0.19814241486068113,0.4253393665158371,0.6083333333333343,Normal,0.0,0.0,Low,Jul,0.19991270187690965,0.9047619047619047,0.24137931034482757,0.16470588235294117,0.691131498470948,0.0,0.0609981515711645,0.2858796296296296,0.22268588770864953,0.19991270187690965,0.21191889218595447,0.167311072056239,0.3236935565702689,0.26489226869455,0.0
Bapatla,Andhra Pradesh,0.3333333333333144,0.40542457978607305,0.43529411764705883,0.642516682554814,0.40468395870057916,0.4603494623655915,0.4716202270381838,0.31070889894419307,0.5500000000000007,Excess,0.0,0.0,High,Jul,0.39000436490615453,1.0,0.3103448275862069,0.16764705882352943,0.45565749235474,0.09090909090909091,0.3863216266173752,0.5648148148148149,0.3899848254931715,0.39000436490615453,0.4218595450049457,0.43409490333919143,0.43937087772704203,0.4309252217997465,0.4652777777777778
Bapatla,Andhra Pradesh,0.44444444444442865,0.2461798733900895,0.43529411764705883,0.34032411820781694,0.272097708385797,0.25604838709677424,0.2920536635706915,0.37104072398190047,1.0,Normal,0.0,0.0,Low,Jul,0.25294631165429937,0.8095238095238095,0.0,0.6852941176470588,0.03975535168195718,0.05329153605015675,0.5471349353049907,0.12615740740740738,0.28793626707132014,0.25294631165429937,0.26434223541048474,0.2804920913884007,0.3708777270421106,0.1520912547528517,0.625
Bapatla,Andhra Pradesh,0.5555555555555429,0.33748089936695047,0.43529411764705883,0.5138226882745471,0.31811886174767057,0.5114247311827957,0.4953560371517029,0.2096530920060332,0.3166666666666673,Normal,0.0,0.0,Medium,Jul,0.3031427324312528,0.23809523809523808,0.3103448275862069,0.32941176470588235,0.08256880733944953,0.5673981191222571,0.5101663585951941,0.39930555555555547,0.3281487101669196,0.3031427324312528,0.2979723046488625,0.328646748681898,0.43277524099441905,0.5171102661596958,0.3090277777777778
Bapatla,Andhra Pradesh,0.6666666666666572,0.21147129447718838,0.43529411764705883,0.27454718779790266,0.21896247796524804,0.4280913978494624,0.11558307533539736,0.3831070889894419,0.7333333333333343,Normal,0.0,0.0,Low,Jul,0.22435617634220864,0.6666666666666667,0.0,0.13823529411764707,0.6330275229357797,0.09090909090909091,0.5157116451016635,0.42824074074074064,0.24772382397572082,0.22435617634220864,0.22329376854599411,0.21827768014059754,0.23693556570268903,0.12547528517110265,0.10416666666666667
Bapatla,Andhra Pradesh,0.7777777777777715,0.07269155206286837,0.43529411764705883,0.010486177311725464,0.07177033492822965,0.351478494623656,0.2858617131062952,0.17496229260935142,0.6500000000000004,Deficient,0.0,1.0,Low,Jul,0.08031427324312526,0.0,0.13793103448275862,0.0,0.35474006116207946,0.6081504702194358,0.4584103512014787,0.14120370370370372,0.12670713201820946,0.08031427324312526,0.06651829871414441,0.07065026362038665,0.0821917808219178,0.36375158428390364,0.024305555555555556
Bapatla,Andhra Pradesh,0.8888888888888857,0.42048679327657723,0.43529411764705883,0.6711153479504288,0.42161923948627544,0.43481182795698925,0.5944272445820433,0.16289592760180996,0.5666666666666673,Excess,1.0,0.0,High,Jul,0.4194674814491488,1.0,0.5172413793103449,0.1941176470588235,0.12844036697247704,0.4858934169278997,0.16266173752310537,0.5150462962962963,0.44878603945371776,0.4194674814491488,0.4228486646884273,0.4017574692442881,0.4733637747336377,0.5095057034220533,0.6631944444444445
Bapatla,Andhra Pradesh,1.0,0.5248308229644183,0.43529411764705883,0.8693994280266919,0.5172500629564342,0.5436827956989247,0.6243550051599588,0.22021116138763197,0.4666666666666668,Excess,1.0,0.0,High,Jul,0.49127018769096475,0.5714285714285714,0.8620689655172413,0.12058823529411763,0.3211009174311926,0.8432601880877744,0.43992606284658037,0.3969907407407407,0.5591805766312595,0.49127018769096475,0.4950544015825915,0.5525483304042179,0.5636732623033993,0.42965779467680604,0.982638888888889
Eluru,Andhra Pradesh,0.0,0.34299279633267843,0.5294117647058822,0.44041944709246894,0.3414127423822715,0.5537634408602151,0.33333333333333337,0.34992458521870284,0.5500000000000007,Normal,0.0,0.0,Medium,Jul,0.32082060235704934,0.42857142857142855,0.10344827586206896,0.08529411764705883,0.620795107033639,0.5203761755485895,0.4787430683918668,0.5092592592592592,0.38808801213960553,0.32082060235704934,0.35014836795252224,0.30369068541300526,0.4282090309487569,0.4309252217997465,0.0
Eluru,Andhra Pradesh,0.11111111111111427,0.28716437459070077,0.5294117647058822,0.3431839847473784,0.3016242760010073,0.2782258064516129,0.20227038183694535,0.24434389140271492,0.7916666666666661,Normal,0.0,0.0,Low,Jul,0.29943256219991277,0.0,0.13793103448275862,0.11764705882352941,0.37308868501529047,0.11912225705329155,0.48983364140480584,0.17592592592592587,0.3266312594840668,0.29943256219991277,0.293026706231454,0.2699472759226713,0.40537798072044645,0.26996197718631176,0.0
Eluru,Andhra Pradesh,0.22222222222220012,0.10958306046714694,0.5294117647058822,0.032411820781696854,0.1032485520020146,0.11626344086021506,0.3519091847265222,0.12368024132730014,0.5,Deficient,0.0,1.0,Low,Jul,0.12876473155827148,0.7142857142857142,0.0,0.24117647058823527,0.0,0.3824451410658308,0.03696857670979667,0.08333333333333333,0.12253414264036419,0.12876473155827148,0.0818496538081108,0.061159929701230215,0.21106037544393708,0.22306717363751585,0.6319444444444444
Eluru,Andhra Pradesh,0.3333333333333144,0.23559266535690898,0.5294117647058822,0.2526215443279313,0.2386048854192898,0.3360215053763441,0.3611971104231167,0.45852187028657615,0.6416666666666666,Normal,0.0,0.0,Low,Jul,0.255783500654736,0.2857142857142857,0.20689655172413793,0.5882352941176471,0.31804281345565744,0.11598746081504704,0.4861367837338262,0.2789351851851851,0.3015933232169955,0.255783500654736,0.20400593471810094,0.1680140597539543,0.36225266362252656,0.46514575411913817,0.0
Eluru,Andhra Pradesh,0.44444444444442865,0.6149312377210217,0.5294117647058822,0.9151572926596758,0.6233316544950893,0.6612903225806452,0.4489164086687308,0.5294117647058824,0.6083333333333343,Excess,1.0,0.0,High,Jul,0.637494543867307,0.7142857142857142,1.0,0.23823529411764705,0.8256880733944953,0.10031347962382448,0.6451016635859519,0.7453703703703703,0.6122913505311077,0.637494543867307,0.6033630069238378,0.6337434094903338,0.6681887366818873,0.49936628643852976,0.2013888888888889
Eluru,Andhra Pradesh,0.5555555555555429,0.1437459070072037,0.5294117647058822,0.09246901811248803,0.11319566859733066,0.19287634408602153,0.4798761609907122,0.0,0.0,Deficient,0.0,1.0,Low,Jul,0.14513312963771277,0.8095238095238095,0.27586206896551724,0.0,0.0,0.1316614420062696,0.4029574861367837,0.0787037037037037,0.11684370257966617,0.14513312963771277,0.11473788328387738,0.08927943760984178,0.15271435819381024,0.4068441064638783,0.5590277777777779
Eluru,Andhra Pradesh,0.6666666666666572,0.30009823182711204,0.5294117647058822,0.3651096282173498,0.2784563082347016,0.11626344086021506,0.2229102167182663,0.03167420814479638,0.27500000000000036,Normal,0.0,0.0,Low,Jul,0.28764731558271506,0.7142857142857142,0.0,0.03529411764705882,0.027522935779816512,0.0,0.07763401109057301,0.19907407407407407,0.2845220030349015,0.28764731558271506,0.2937685459940653,0.24463971880492094,0.3373921867072552,0.2953105196451204,0.0
Eluru,Andhra Pradesh,0.7777777777777715,0.6552062868369353,0.5294117647058822,0.9857006673021924,0.6558171745152354,0.6995967741935485,0.6594427244582043,0.4464555052790347,0.5333333333333332,Excess,1.0,0.0,High,Jul,0.6394587516368399,0.42857142857142855,0.3103448275862069,0.6294117647058823,0.2507645259938837,0.7774294670846397,0.36783733826247683,0.7349537037037037,0.7386191198786041,0.6394587516368399,0.6567754698318498,0.6182776801405975,0.6692034500253679,0.5310519645120405,0.8229166666666666
Eluru,Andhra Pradesh,0.8888888888888857,0.6293385723641127,0.5294117647058822,0.9408960915157291,0.5980231679677662,0.7358870967741936,0.7636738906088752,0.5520361990950227,0.2666666666666666,Excess,1.0,0.0,High,Jul,0.5888258402444349,0.14285714285714285,0.5862068965517241,0.8529411764705882,0.23241590214067273,0.5987460815047023,0.55452865064695,0.7465277777777778,0.6392261001517452,0.5888258402444349,0.5961918892185956,0.5848857644991212,0.626585489599188,0.6958174904942965,0.7222222222222223
Eluru,Andhra Pradesh,1.0,0.352706832569308,0.5294117647058822,0.45757864632983786,0.3352430118358095,0.6606182795698926,0.3498452012383902,0.33634992458521873,0.3416666666666668,Normal,0.0,0.0,Medium,Jul,0.3149279790484505,0.5714285714285714,0.10344827586206896,0.0,0.6819571865443425,0.7335423197492164,0.6469500924214417,0.5092592592592592,0.33952959028831575,0.3149279790484505,0.3513847675568744,0.37715289982425304,0.34855403348554037,0.2040557667934094,0.6770833333333334
Konaseema,Andhra Pradesh,0.0,0.4617987339008951,0.8235294117647058,0.41277407054337456,0.45914127423822704,0.4932795698924731,0.48916408668730665,0.33333333333333337,0.5250000000000004,Normal,0.0,0.0,Low,Jul,0.443692710606722,0.3809523809523809,0.3103448275862069,0.5205882352941176,0.1345565749235474,0.0,0.6044362292051756,0.5185185185185186,0.5459028831562974,0.443692710606722,0.4218595450049457,0.4636203866432337,0.5022831050228311,0.35868187579214195,0.7222222222222223
Konaseema,Andhra Pradesh,0.11111111111111427,0.45159353852870554,0.8235294117647058,0.39847473784556714,0.4290480987156886,0.5376344086021506,0.4912280701754386,0.33634992458521873,0.30833333333333357,Normal,0.0,0.0,Low,Jul,0.4120471409864688,0.5714285714285714,0.13793103448275862,0.2852941176470588,0.3853211009174311,0.5768025078369906,0.6728280961182993,0.33912037037037035,0.4290591805766313,0.4120471409864688,0.41765578635014844,0.44569420035149376,0.524099441907661,0.5690747782002534,0.1527777777777778
Konaseema,Andhra Pradesh,0.22222222222220012,0.484828640034927,0.8235294117647058,0.4451858913250714,0.47815411735079316,0.44892473118279574,0.5851393188854489,0.583710407239819,0.47499999999999964,Normal,0.0,0.0,Medium,Jul,0.4676996944565692,0.4761904761904762,0.3103448275862069,0.5588235294117647,0.602446483180428,0.09090909090909091,0.39371534195933455,0.5405092592592593,0.46547799696509873,0.4676996944565692,0.4797230464886252,0.5135325131810193,0.5164890918315574,0.6045627376425856,0.3715277777777778
Konaseema,Andhra Pradesh,0.3333333333333144,0.8037000654878849,0.8235294117647058,0.8913250714966634,0.7904180307227398,0.7520161290322581,0.6006191950464397,0.799396681749623,0.4250000000000007,Excess,1.0,0.0,High,Jul,0.7647315582714973,0.3333333333333333,0.034482758620689655,0.8235294117647058,0.7645259938837919,0.3448275862068966,0.9131238447319777,0.6435185185185185,0.8611532625189683,0.7647315582714973,0.8056379821958458,0.7458699472759225,0.809233891425672,0.6476552598225602,0.3055555555555556
Konaseema,Andhra Pradesh,0.44444444444442865,0.2818707705741105,0.8235294117647058,0.16205910390848421,0.2513850415512465,0.44758064516129037,0.26728586171310637,0.6395173453996983,0.13333333333333375,Deficient,0.0,1.0,Low,Jul,0.24181580096027935,0.2857142857142857,0.27586206896551724,0.6705882352941177,0.599388379204893,0.6238244514106583,0.28096118299445466,0.41203703703703703,0.26213960546282256,0.24181580096027935,0.23936696340257177,0.274165202108963,0.32470826991374935,0.34980988593155893,0.0
Konaseema,Andhra Pradesh,0.5555555555555429,0.2697009386596813,0.8235294117647058,0.1448999046711153,0.2546587761269201,0.3393817204301076,0.32817337461300317,0.33182503770739064,0.3583333333333343,Deficient,0.0,1.0,Low,Jul,0.25774770842426886,0.4761904761904762,0.20689655172413793,0.5911764705882353,0.05810397553516818,0.7304075235109719,0.2606284658040665,0.19907407407407407,0.27314112291350534,0.25774770842426886,0.23071216617210685,0.26151142355008783,0.33536276002029425,0.42458808618504434,0.0
Konaseema,Andhra Pradesh,0.6666666666666572,0.20333988212180748,0.8235294117647058,0.052430886558627265,0.19950893981364898,0.3978494623655914,0.16924664602683184,0.20512820512820512,0.5416666666666661,Deficient,0.0,1.0,Low,Jul,0.17132256656481884,0.3809523809523809,0.24137931034482757,0.39999999999999997,0.0,0.6238244514106583,0.3918669131238447,0.2569444444444444,0.21433990895295904,0.17132256656481884,0.18125618199802182,0.22811950790861155,0.32014205986808725,0.09759188846641319,0.36111111111111116
Konaseema,Andhra Pradesh,0.7777777777777715,0.6086553154333115,0.8235294117647058,0.6186844613918017,0.620876353563334,0.6310483870967742,0.6264189886480909,0.13423831070889894,0.6416666666666666,Normal,0.0,0.0,Medium,Jul,0.6289829768659974,0.9523809523809523,0.27586206896551724,0.07058823529411765,0.1987767584097859,0.2351097178683386,0.7375231053604435,0.5856481481481481,0.6418816388467375,0.6289829768659974,0.6107814045499506,0.6228471001757468,0.6291222729578894,0.43726235741444863,0.96875
Konaseema,Andhra Pradesh,0.8888888888888857,0.2955686531325038,0.8235294117647058,0.18112488083889416,0.2860740367665575,0.5040322580645162,0.3611971104231167,0.049773755656108594,0.4416666666666673,Deficient,0.0,1.0,Low,Jul,0.26298559580969005,0.8571428571428572,0.06896551724137931,0.09705882352941175,0.0,0.26018808777429475,0.5378927911275415,0.4826388888888889,0.366464339908953,0.26298559580969005,0.27992087042532143,0.22847100175746923,0.3982749873160832,0.29784537389100124,0.4583333333333333
Konaseema,Andhra Pradesh,1.0,0.4733682602051955,0.8235294117647058,0.428979980934223,0.4583857970284563,0.5530913978494625,0.3230134158926729,0.49924585218702866,0.3916666666666666,Normal,0.0,0.0,Medium,Jul,0.43299869052815376,0.09523809523809523,0.1724137931034483,0.19705882352941176,0.8073394495412842,0.8307210031347964,0.3456561922365988,0.4768518518518518,0.5561456752655539,0.43299869052815376,0.4591988130563798,0.4080843585237258,0.510908168442415,0.2953105196451204,0.3368055555555555
Prakasam,Andhra Pradesh,0.0,0.4022593320235758,0.3529411764705882,0.7321258341277406,0.3953664064467388,0.32997311827957,0.2796697626418989,0.2926093514328808,0.47499999999999964,Excess,1.0,0.0,High,Jul,0.362723701440419,0.23809523809523808,0.6206896551724138,0.49411764705882355,0.07951070336391436,0.1065830721003135,0.29390018484288355,0.3923611111111111,0.39795144157814866,0.362723701440419,0.4230959446092978,0.430579964850615,0.419583967529173,0.3650190114068441,0.0
Prakasam,Andhra Pradesh,0.11111111111111427,0.24410609037328096,0.3529411764705882,0.40705433746425157,0.23602367161923948,0.18615591397849465,0.34674922600619196,0.5354449472096531,0.4666666666666668,Normal,0.0,0.0,Low,Jul,0.2623308598865125,0.5238095238095237,0.10344827586206896,0.6676470588235294,0.3914373088685015,0.48902821316614425,0.04805914972273567,0.15740740740740738,0.27845220030349016,0.2623308598865125,0.24653808110781403,0.19015817223198592,0.2379502790461694,0.4474017743979721,0.0
Prakasam,Andhra Pradesh,0.22222222222220012,0.08469766426544423,0.3529411764705882,0.08007626310772159,0.08373205741626794,0.14448924731182797,0.1279669762641899,0.3273001508295626,0.6333333333333337,Deficient,0.0,1.0,Low,Jul,0.07944129201222169,0.047619047619047616,0.24137931034482757,0.31176470588235294,0.33944954128440363,0.018808777429467086,0.042513863216266164,0.26273148148148145,0.06487101669195758,0.07944129201222169,0.11300692383778435,0.037609841827768026,0.21562658548959918,0.08491761723700887,0.2569444444444445
Prakasam,Andhra Pradesh,0.3333333333333144,0.515389652914211,0.3529411764705882,0.9647283126787415,0.4934525308486526,0.6471774193548387,0.6222910216718267,0.25339366515837103,0.3250000000000002,Excess,1.0,0.0,High,Jul,0.5205150589262331,0.9523809523809523,0.9655172413793103,0.19117647058823528,0.3149847094801223,0.871473354231975,0.5120147874306838,0.5196759259259259,0.5185887708649469,0.5205150589262331,0.4715628090999011,0.4432337434094903,0.5641806189751395,0.4448669201520913,0.9340277777777778
Prakasam,Andhra Pradesh,0.44444444444442865,0.39303645492250605,0.3529411764705882,0.7130600571973307,0.39202971543691756,0.3575268817204301,0.3581011351909185,0.5535444947209653,0.5500000000000007,Excess,1.0,0.0,High,Jul,0.40593627237014407,0.09523809523809523,0.3793103448275862,0.6058823529411765,0.49235474006116203,0.0,0.5563770794824399,0.31481481481481477,0.39871016691957517,0.40593627237014407,0.3884767556874382,0.4105448154657293,0.3911719939117199,0.46134347275031684,0.0
Prakasam,Andhra Pradesh,0.5555555555555429,0.41683038637852,0.3529411764705882,0.7626310772163964,0.42545958196927725,0.32728494623655924,0.6057791537667699,0.2790346907993967,0.6583333333333332,Excess,1.0,0.0,High,Jul,0.3895678742907027,0.9047619047619047,0.3793103448275862,0.4117647058823529,0.13761467889908255,0.0,0.21256931608133084,0.47800925925925924,0.49279210925644923,0.3895678742907027,0.4268051434223542,0.43409490333919143,0.46017250126839165,0.5006337135614702,0.7256944444444444
Prakasam,Andhra Pradesh,0.6666666666666572,0.19002401222440518,0.3529411764705882,0.2964728312678741,0.17678166708637622,0.3145161290322581,0.4705882352941177,0.31975867269984914,0.36666666666666714,Normal,0.0,0.0,Low,Jul,0.15604539502400697,0.7619047619047619,0.13793103448275862,0.0,0.6483180428134555,0.6238244514106583,0.41774491682070236,0.0972222222222222,0.201062215477997,0.15604539502400697,0.14737883283877348,0.1887521968365554,0.31659056316590556,0.43219264892268694,0.4583333333333333
Prakasam,Andhra Pradesh,0.7777777777777715,0.16017245142981879,0.3529411764705882,0.2345090562440419,0.1475069252077562,0.28293010752688175,0.14241486068111459,0.47058823529411764,0.375,Deficient,0.0,0.0,Low,Jul,0.14753382802269752,0.9523809523809523,0.0,0.388235294117647,0.5504587155963302,0.0,0.45471349353049906,0.24999999999999994,0.1335356600910471,0.14753382802269752,0.12858555885262116,0.16871704745166957,0.2582445459157787,0.10773130544993663,0.24305555555555558
Prakasam,Andhra Pradesh,0.8888888888888857,0.27652259332023577,0.3529411764705882,0.4737845567206863,0.2626542432636615,0.41868279569892475,0.5118679050567595,0.14328808446455504,0.375,Normal,0.0,0.0,Medium,Jul,0.28852029681361857,1.0,0.0,0.1411764705882353,0.1437308868501529,0.30721003134796243,0.377079482439926,0.41898148148148145,0.27921092564491656,0.28852029681361857,0.2576656775469832,0.21300527240773284,0.334855403348554,0.37262357414448666,0.7604166666666666
Prakasam,Andhra Pradesh,1.0,0.49241432001746344,0.3529411764705882,0.9180171591992372,0.4827499370435657,0.6357526881720431,0.4829721362229103,0.6199095022624435,0.4500000000000002,Excess,1.0,0.0,High,Jul,0.45853339153208217,0.09523809523809523,0.8620689655172413,0.7382352941176471,0.48929663608562685,0.42946708463949845,0.5083179297597042,0.6655092592592592,0.5534901365705615,0.45853339153208217,0.5054401582591493,0.43374340949033385,0.519533231861999,0.37896070975918883,0.6458333333333334
Nellore,Andhra Pradesh,0.0,0.24748963108491595,0.5058823529411764,0.2897998093422306,0.2273356837068748,0.2661290322580645,0.2982456140350878,0.034690799396681744,0.27500000000000036,Normal,0.0,0.0,Low,Jul,0.23941510257529466,0.9047619047619047,0.1724137931034483,0.0,0.07033639143730885,0.42319749216300945,0.21441774491682067,0.21527777777777773,0.23103186646433996,0.23941510257529466,0.22403560830860533,0.2562390158172232,0.23541349568746822,0.38149556400506973,0.017361111111111112
Nellore,Andhra Pradesh,0.11111111111111427,0.2450884086444008,0.5058823529411764,0.2850333651096282,0.24697809116091662,0.4018817204301076,0.16305469556243554,0.5535444947209653,0.625,Normal,0.0,0.0,Low,Jul,0.24901789611523353,0.7619047619047619,0.24137931034482757,0.4411764705882353,0.6636085626911314,0.652037617554859,0.354898336414048,0.27662037037037035,0.3008345978755691,0.24901789611523353,0.21488625123639962,0.26326889279437604,0.28665651953323185,0.19898605830164764,0.0625
Nellore,Andhra Pradesh,0.22222222222220012,0.21605544640908103,0.5058823529411764,0.2335557673975214,0.20064215562830517,0.31182795698924737,0.23219814241486073,0.0,0.3416666666666668,Deficient,0.0,0.0,Low,Aug,0.18419903972064597,1.0,0.06896551724137931,0.0,0.0,0.32288401253918503,0.41774491682070236,0.20370370370370366,0.18133535660091046,0.18376254910519427,0.240108803165183,0.20070298769771525,0.26331811263318106,0.12040557667934093,0.5104166666666666
Nellore,Andhra Pradesh,0.3333333333333144,0.19788255839336388,0.5058823529411764,0.20114394661582455,0.1876731301939058,0.4307795698924731,0.3312693498452013,0.06033182503770739,0.4250000000000007,Deficient,0.0,0.0,Low,Jul,0.16477520733304232,0.5238095238095237,0.034482758620689655,0.0,0.12232415902140671,0.5517241379310346,0.4787430683918668,0.2858796296296296,0.24127465857359645,0.16477520733304232,0.19782393669634027,0.2017574692442882,0.20801623541349568,0.4283903675538656,0.0
Nellore,Andhra Pradesh,0.44444444444442865,0.43292949137742853,0.5058823529411764,0.6205910390848426,0.43805086879879107,0.46908602150537637,0.22187822497420023,0.5082956259426848,0.6166666666666671,Excess,0.0,0.0,High,Jul,0.45635093845482333,0.42857142857142855,0.06896551724137931,0.4676470588235294,0.5443425076452599,0.003134796238244515,0.6284658040665434,0.4606481481481481,0.4571320182094083,0.45635093845482333,0.4433728981206726,0.37082601054481534,0.5114155251141552,0.29404309252217997,0.0
Nellore,Andhra Pradesh,0.5555555555555429,0.6423815760750929,0.5058823529411764,0.9933269780743563,0.6524175270712665,0.631720430107527,0.7554179566563469,0.40271493212669685,0.6166666666666671,Excess,1.0,0.0,High,Jul,0.614797031863815,0.8095238095238095,0.7586206896551724,0.1735294117647059,0.6360856269113149,0.18181818181818182,0.7024029574861367,0.6284722222222222,0.699165402124431,0.614797031863815,0.6525717111770524,0.6657293497363795,0.6920345002536783,0.5906210392902408,0.982638888888889
Nellore,Andhra Pradesh,0.6666666666666572,0.2934948701156953,0.5058823529411764,0.3717826501429933,0.27247544699068244,0.34005376344086025,0.3746130030959753,0.16289592760180996,0.27500000000000036,Normal,0.0,0.0,Low,Jul,0.2562199912701877,0.09523809523809523,0.10344827586206896,0.055882352941176466,0.27217125382262997,0.20062695924764895,0.609981515711645,0.17708333333333331,0.274279210925645,0.2562199912701877,0.2957467853610287,0.22952548330404218,0.39370877727042103,0.3548795944233206,0.3472222222222222
Nellore,Andhra Pradesh,0.7777777777777715,0.40547915302335735,0.5058823529411764,0.5710200190657768,0.3732057416267942,0.3696236559139786,0.2559339525283798,0.3650075414781297,0.18333333333333357,Normal,0.0,0.0,Medium,Jul,0.38040157136621566,0.23809523809523808,0.034482758620689655,0.18235294117647058,0.5504587155963302,0.36050156739811917,0.4158964879852125,0.2905092592592592,0.41919575113808816,0.38040157136621566,0.3622650840751731,0.3697715289982425,0.38406900050735665,0.33586818757921416,0.0
Nellore,Andhra Pradesh,0.8888888888888857,0.6458742632612967,0.5058823529411764,0.9999999999999999,0.650151095441954,0.5846774193548389,0.6388028895768835,0.3092006033182504,0.5666666666666673,Excess,1.0,0.0,High,Jul,0.6451331296377129,0.42857142857142855,0.9310344827586207,0.020588235294117647,0.6055045871559632,0.15360501567398122,0.8133086876155267,0.4884259259259259,0.7340667678300457,0.6451331296377129,0.6008902077151336,0.658347978910369,0.6732623033992897,0.5057034220532319,0.8229166666666666
Nellore,Andhra Pradesh,1.0,0.35603580004365865,0.5058823529411764,0.48331744518589126,0.3419163938554519,0.5577956989247312,0.324045407636739,0.358974358974359,0.38333333333333375,Normal,0.0,0.0,Medium,Jul,0.37625491051942395,0.19047619047619047,0.034482758620689655,0.1411764705882353,0.5810397553516818,0.4952978056426333,0.598890942698706,0.45023148148148145,0.3509104704097118,0.37625491051942395,0.3194856577645895,0.31212653778558874,0.4038559107052257,0.41951837769328265,0.0
Kurnool,Andhra Pradesh,0.0,0.09468456668849595,0.05882352941176472,0.3612964728312678,0.08555779400654745,0.01478494623655914,0.059855521155830774,0.2669683257918552,0.4416666666666673,Normal,0.0,0.0,Low,Jul,0.05870798777826272,0.6666666666666667,0.3103448275862069,0.08235294117647059,0.45565749235474,0.06269592476489029,0.0,0.049768518518518504,0.15933232169954478,0.05870798777826272,0.07764589515331358,0.0847100175746924,0.1567732115677321,0.024081115335868184,0.19444444444444445
Kurnool,Andhra Pradesh,0.11111111111111427,0.30457323728443575,0.05882352941176472,0.9723546234509055,0.29054394359103497,0.3555107526881721,0.17131062951496392,0.07541478129713423,0.38333333333333375,Excess,1.0,0.0,High,Jul,0.2782627673505019,0.9047619047619047,0.4482758620689655,0.0,0.1529051987767584,0.21943573667711602,0.28835489833641403,0.39814814814814814,0.2940060698027315,0.2782627673505019,0.314540059347181,0.287170474516696,0.33992897006595635,0.23193916349809887,0.0
Kurnool,Andhra Pradesh,0.22222222222220012,0.0,0.05882352941176472,0.08579599618684458,0.0,0.0,0.1320949432404541,0.04223227752639517,0.7416666666666671,Deficient,0.0,1.0,Low,Jul,0.0,0.09523809523809523,0.13793103448275862,0.08235294117647059,0.0,0.0,0.0,0.047453703703703706,0.014415781487101681,0.0,0.005934718100890218,0.02811950790861162,0.026382546930492135,0.001267427122940431,0.5
Kurnool,Andhra Pradesh,0.3333333333333144,0.30550098231827116,0.05882352941176472,0.975214489990467,0.300050365147318,0.3373655913978495,0.44685242518059864,0.44042232277526394,0.5,Excess,1.0,0.0,High,Jul,0.28764731558271506,0.19047619047619047,0.7241379310344828,0.5794117647058823,0.2905198776758409,0.7492163009404389,0.12569316081330867,0.2731481481481481,0.34332321699544777,0.28764731558271506,0.3303659742828883,0.24217926186291736,0.3612379502790462,0.3929024081115336,0.48611111111111116
Kurnool,Andhra Pradesh,0.44444444444442865,0.09572145819690026,0.05882352941176472,0.3641563393708293,0.0943087383530597,0.31182795698924737,0.3436532507739939,0.2398190045248869,0.6166666666666671,Normal,0.0,0.0,Low,Jul,0.0685290266259275,0.09523809523809523,0.034482758620689655,0.4676470588235294,0.0,0.48275862068965525,0.24214417744916816,0.2546296296296296,0.13315629742033389,0.0685290266259275,0.0944609297725025,0.12407732864674867,0.14814814814814814,0.39036755386565275,0.14583333333333334
Kurnool,Andhra Pradesh,0.5555555555555429,0.297587862912028,0.05882352941176472,0.9513822688274546,0.2960841097960212,0.3165322580645161,0.4158926728586172,0.3650075414781297,0.5583333333333336,Excess,1.0,0.0,High,Jul,0.27717154081187256,1.0,0.13793103448275862,0.11470588235294117,0.620795107033639,0.6489028213166145,0.2606284658040665,0.18981481481481477,0.34484066767830046,0.27717154081187256,0.3115727002967359,0.274165202108963,0.3439878234398782,0.458808618504436,0.2013888888888889
Kurnool,Andhra Pradesh,0.6666666666666572,0.09970530451866405,0.05882352941176472,0.37559580552907523,0.09997481742634096,0.22244623655913984,0.2858617131062952,0.12217194570135746,0.6583333333333332,Normal,0.0,0.0,Low,Jul,0.07660410301178525,0.42857142857142855,0.1724137931034483,0.049999999999999996,0.19571865443425074,0.46708463949843265,0.133086876155268,0.1747685185185185,0.13239757207890748,0.07660410301178525,0.07690405539070225,0.13497363796133563,0.1963470319634703,0.24461343472750316,0.3506944444444445
Kurnool,Andhra Pradesh,0.7777777777777715,0.18287491814014406,0.05882352941176472,0.6177311725452811,0.16532359607151847,0.08064516129032259,0.3581011351909185,0.24283559577677227,0.2916666666666661,Normal,0.0,0.0,Medium,Jul,0.1689218681798341,0.2857142857142857,0.13793103448275862,0.22058823529411764,0.2629969418960244,0.09404388714733544,0.033271719038817,0.13078703703703703,0.2507587253414265,0.1689218681798341,0.17383778437190903,0.12231985940246046,0.16945712836123794,0.3561470215462611,0.2881944444444445
Kurnool,Andhra Pradesh,0.8888888888888857,0.05397293167430689,0.05882352941176472,0.24213536701620586,0.05225384034248298,0.06048387096774194,0.0,0.18401206636500753,0.6333333333333337,Normal,0.0,0.0,Low,Jul,0.05543430816237446,0.4761904761904762,0.24137931034482757,0.35882352941176465,0.0,0.0,0.15711645101663585,0.05324074074074074,0.03641881638846742,0.05543430816237446,0.05885262116716125,0.07908611599297014,0.10705225773718921,0.021546261089987324,0.0
Kurnool,Andhra Pradesh,1.0,0.17534381139489197,0.05882352941176472,0.5958055290753097,0.19403173004281032,0.1727150537634409,0.25490196078431376,0.20060331825037708,0.9666666666666668,Normal,0.0,0.0,Medium,Jul,0.19816673941510257,0.5238095238095237,0.0,0.3911764705882353,0.0,0.2382445141065831,0.0036968576709796672,0.2546296296296296,0.2397572078907436,0.19816673941510257,0.17185954500494563,0.15782073813708256,0.3003551496702182,0.33460076045627374,0.0
Kadapa,Andhra Pradesh,0.0,0.21763807029032967,0.17647058823529416,0.5414680648236415,0.20907831780407954,0.372983870967742,0.368421052631579,0.18401206636500753,0.45833333333333304,Normal,0.0,0.0,Medium,Jul,0.236796158882584,0.9523809523809523,0.13793103448275862,0.34411764705882353,0.015290519877675839,0.5297805642633229,0.36229205175600737,0.26736111111111105,0.18588770864946894,0.236796158882584,0.21933728981206727,0.17047451669595784,0.28817858954845255,0.3650190114068441,0.2986111111111111
Kadapa,Andhra Pradesh,0.11111111111111427,0.38861602270246687,0.17647058823529416,0.967588179218303,0.38592294132460325,0.2930107526881721,0.34158926728586175,0.5535444947209653,0.5250000000000004,Excess,1.0,0.0,High,Jul,0.389131383675251,0.7619047619047619,0.6551724137931034,0.6676470588235294,0.4281345565749235,0.37304075235109724,0.14417744916820702,0.324074074074074,0.4093323216995448,0.389131383675251,0.38550939663699313,0.3936731107205623,0.3972602739726027,0.4410646387832699,0.0
Kadapa,Andhra Pradesh,0.22222222222220012,0.30129884304736965,0.17647058823529416,0.75023832221163,0.3058423570888944,0.27755376344086025,0.38802889576883387,0.5927601809954751,0.6416666666666666,Excess,1.0,0.0,High,Jul,0.31667394151025763,0.8571428571428572,0.7931034482758621,0.44705882352941173,0.7370030581039755,0.08463949843260189,0.3456561922365988,0.27777777777777773,0.3163884673748103,0.31667394151025763,0.3078635014836796,0.32407732864674865,0.30441400304414,0.4980988593155893,0.0
Kadapa,Andhra Pradesh,0.3333333333333144,0.13239467365204105,0.17647058823529416,0.32888465204957096,0.12119113573407198,0.18615591397849465,0.4509803921568628,0.11010558069381599,0.40000000000000036,Normal,0.0,0.0,Low,Jul,0.11763422086425138,0.23809523809523808,0.3103448275862069,0.020588235294117647,0.20183486238532106,0.6112852664576803,0.0,0.1423611111111111,0.18740515933232174,0.11763422086425138,0.10361028684470822,0.11282952548330402,0.17554540842212074,0.39670468948035487,0.48958333333333337
Kadapa,Andhra Pradesh,0.44444444444442865,0.35636323946736526,0.17647058823529416,0.8875119161105813,0.3519264668849156,0.38844086021505386,0.3312693498452013,0.08295625942684766,0.5083333333333337,Excess,1.0,0.0,High,Jul,0.3668703622872109,0.9523809523809523,0.9310344827586207,0.0,0.16819571865443422,0.4075235109717869,0.16266173752310537,0.4641203703703703,0.36760242792109254,0.3668703622872109,0.3486646884272997,0.30333919156414757,0.4368340943683409,0.3003802281368821,0.3506944444444445
Kadapa,Andhra Pradesh,0.5555555555555429,0.24819908316961364,0.17647058823529416,0.6177311725452811,0.23180559053135225,0.5201612903225806,0.52218782249742,0.2745098039215686,0.33333333333333304,Normal,0.0,0.0,Medium,Jul,0.2241379310344828,0.0,0.1724137931034483,0.3941176470588235,0.14678899082568805,0.6896551724137931,0.5175600739371533,0.36458333333333326,0.2921092564491655,0.2241379310344828,0.2529673590504452,0.20070298769771525,0.24606798579401318,0.5095057034220533,0.4201388888888889
Kadapa,Andhra Pradesh,0.6666666666666572,0.2426326129666012,0.17647058823529416,0.6034318398474736,0.23973810123394607,0.271505376344086,0.5025799793601652,0.0,0.5500000000000007,Normal,0.0,0.0,Medium,Jul,0.24923614142295944,0.42857142857142855,0.06896551724137931,0.0,0.0,0.0,0.3068391866913124,0.3229166666666667,0.2120637329286799,0.24923614142295944,0.21587537091988138,0.24674868189806679,0.3683409436834094,0.38783269961977185,0.6875
Kadapa,Andhra Pradesh,0.7777777777777715,0.32585679982536564,0.17647058823529416,0.8112488083889418,0.3446864769579451,0.45295698924731187,0.5242518059855521,0.16591251885369532,0.8250000000000002,Excess,1.0,0.0,High,Jul,0.33915320820602357,0.3333333333333333,0.24137931034482757,0.0,0.33639143730886845,0.0,0.6025878003696857,0.45023148148148145,0.36684370257966625,0.33915320820602357,0.32962413452027695,0.35711775043936733,0.40537798072044645,0.5348542458808618,0.35763888888888895
Kadapa,Andhra Pradesh,0.8888888888888857,0.21223531979917054,0.17647058823529416,0.5281220209723545,0.20473432384789725,0.20228494623655915,0.39938080495356043,0.1583710407239819,0.47499999999999964,Normal,0.0,0.0,Medium,Jul,0.20362287210824967,0.42857142857142855,0.20689655172413793,0.0,0.3211009174311926,0.22570532915360506,0.3530499075785582,0.09143518518518516,0.19537177541729897,0.20362287210824967,0.23887240356083086,0.18558875219683654,0.25570776255707756,0.37515842839036756,0.37500000000000006
Kadapa,Andhra Pradesh,1.0,0.16519318925998694,0.17647058823529416,0.40991420400381307,0.1445479728028204,0.07258064516129034,0.04334365325077401,0.3152337858220211,0.22499999999999964,Normal,0.0,0.0,Low,Jul,0.17568747271933652,0.14285714285714285,0.10344827586206896,0.0,0.6391437308868501,0.0,0.18299445471349352,0.057870370370370364,0.14946889226100155,0.17568747271933652,0.13649851632047474,0.10790861159929702,0.21917808219178087,0.07477820025348543,0.0
Anantapur,Andhra Pradesh,0.0,0.13173979480462783,0.0,0.5595805529075308,0.12226139511458067,0.31317204301075274,0.16305469556243554,0.02564102564102564,0.43333333333333357,Normal,0.0,0.0,Medium,Aug,0.10606721955477957,0.047619047619047616,0.20689655172413793,0.0,0.05198776758409785,0.5956112852664578,0.06839186691312384,0.324074074074074,0.09294385432473448,0.0969009166302924,0.15158259149357076,0.13391915641476274,0.2298325722983257,0.12801013941698353,0.2569444444444445
Anantapur,Andhra Pradesh,0.11111111111111427,0.15307793058284214,0.0,0.627264061010486,0.14202971543691761,0.39314516129032273,0.08359133126934987,0.3951734539969834,0.4083333333333332,Excess,0.0,0.0,High,Jul,0.11763422086425138,0.2857142857142857,0.27586206896551724,0.17058823529411765,0.6238532110091742,0.37304075235109724,0.47134935304990755,0.29166666666666663,0.19537177541729897,0.11763422086425138,0.13600395647873395,0.17855887521968364,0.17148655504819887,0.1064638783269962,0.04861111111111111
Anantapur,Andhra Pradesh,0.22222222222220012,0.034271993014625635,0.0,0.24976167778836983,0.02946361118106272,0.07795698924731184,0.18679050567595465,0.38763197586727,0.5583333333333336,Normal,0.0,0.0,Low,Jul,0.056962025316455694,0.8095238095238095,0.3103448275862069,0.2823529411764706,0.49235474006116203,0.10344827586206898,0.22550831792975967,0.0023148148148148112,0.07928679817905923,0.056962025316455694,0.010880316518298738,0.025307557117750457,0.03855910705225771,0.19264892268694547,0.1597222222222222
Anantapur,Andhra Pradesh,0.3333333333333144,0.09468456668849595,0.0,0.44137273593898946,0.09424578191891209,0.1733870967741936,0.07739938080495357,0.10256410256410256,0.6416666666666666,Normal,0.0,0.0,Medium,Jul,0.07791357485814057,0.047619047619047616,0.20689655172413793,0.01764705882352941,0.18960244648318042,0.2539184952978057,0.0,0.2523148148148148,0.13201820940819423,0.07791357485814057,0.055143422354104826,0.11107205623901581,0.22678843226788437,0.11280101394169835,0.010416666666666666
Anantapur,Andhra Pradesh,0.44444444444442865,0.16857672997162199,0.0,0.6758817921830313,0.16305716444220592,0.19556451612903228,0.5159958720330238,0.248868778280543,0.5083333333333337,Excess,1.0,0.0,High,Jul,0.1639022261021388,0.9047619047619047,0.9655172413793103,0.0,0.5045871559633027,0.0,0.34195933456561917,0.17013888888888884,0.2128224582701063,0.1639022261021388,0.15850642927794265,0.12091388400702982,0.2470826991374937,0.4435994930291508,0.5798611111111112
Anantapur,Andhra Pradesh,0.5555555555555429,0.07214581969002404,0.0,0.36987607244995224,0.05168723243515483,0.2137096774193549,0.27141382868937053,0.358974358974359,0.1416666666666666,Normal,0.0,0.0,Low,Jul,0.05827149716281102,0.09523809523809523,0.06896551724137931,0.21176470588235294,0.5076452599388379,0.5768025078369906,0.3234750462107209,0.0,0.10318664643399092,0.05827149716281102,0.06355093966369932,0.014762741652021072,0.0898021308980213,0.30671736375158426,0.13194444444444445
Anantapur,Andhra Pradesh,0.6666666666666572,0.22462344466273743,0.0,0.8541468064823641,0.22550994711659528,0.2728494623655915,0.23632610939112492,0.248868778280543,0.6166666666666671,Excess,1.0,0.0,High,Jul,0.21890004364906154,0.4761904761904762,0.9310344827586207,0.45294117647058824,0.03363914373088685,0.0,0.15711645101663585,0.41898148148148145,0.2522761760242792,0.21890004364906154,0.2250247279920871,0.19578207381370824,0.3252156265854896,0.311787072243346,0.0
Anantapur,Andhra Pradesh,0.7777777777777715,0.12453612748308229,0.0,0.536701620591039,0.097771342231176,0.28158602150537637,0.3054695562435501,0.2956259426847662,0.05833333333333357,Normal,0.0,0.0,Medium,Aug,0.09144478393714531,0.7142857142857142,0.1724137931034483,0.5647058823529412,0.012232415902140671,0.5391849529780565,0.37338262476894635,0.09953703703703702,0.08611532625189686,0.0905718027062418,0.13501483679525225,0.08154657293497367,0.1659056316590563,0.23320659062103927,0.4479166666666667
Anantapur,Andhra Pradesh,0.8888888888888857,0.08344247980790226,0.0,0.4061010486177311,0.07655502392344493,0.2291666666666667,0.26315789473684215,0.17345399698340874,0.49166666666666714,Normal,0.0,0.0,Low,Jul,0.07922304670449584,0.3809523809523809,0.20689655172413793,0.14411764705882354,0.20183486238532106,0.46708463949843265,0.0166358595194085,0.25925925925925924,0.11798179059180583,0.07922304670449584,0.09198813056379826,0.06397188049209138,0.09233891425672247,0.2674271229404309,0.21180555555555555
Anantapur,Andhra Pradesh,1.0,0.036018336607727575,0.0,0.25548141086749276,0.015109544195416769,0.15860215053763443,0.2683178534571724,0.17345399698340874,0.08333333333333304,Normal,0.0,0.0,Low,Jul,0.027935399388913124,0.6666666666666667,0.034482758620689655,0.049999999999999996,0.2996941896024465,0.0,0.22365988909426984,0.18055555555555552,0.0,0.027935399388913124,0.012363996043521258,0.05131810193321615,0.0558092338914257,0.320659062103929,0.08333333333333333
Chittoor,Andhra Pradesh,0.0,0.2311722331368697,0.2941176470588235,0.43755958055290745,0.225258121380005,0.24731182795698928,0.37358101135190924,0.16892911010558068,0.5,Normal,0.0,0.0,Medium,Jul,0.23832387603666524,0.9523809523809523,0.24137931034482757,0.15588235294117647,0.18042813455657492,0.3322884012539185,0.31053604436229204,0.15625,0.2006828528072838,0.23832387603666524,0.22873392680514346,0.20140597539543056,0.3313039066463724,0.26489226869455,0.5902777777777778
Chittoor,Andhra Pradesh,0.11111111111111427,0.06379611438550536,0.2941176470588235,0.07149666348903716,0.06478217073784936,0.19623655913978497,0.3116615067079464,0.2986425339366516,0.7000000000000002,Deficient,0.0,1.0,Low,Aug,0.04474028808380617,0.047619047619047616,0.1724137931034483,0.5294117647058824,0.055045871559633024,0.43260188087774304,0.06284658040665433,0.18634259259259256,0.11798179059180583,0.025752946311654284,0.08209693372898122,0.06186291739894548,0.14510400811770674,0.19898605830164764,0.5625
Chittoor,Andhra Pradesh,0.22222222222220012,0.33087753765553374,0.2941176470588235,0.6549094375595804,0.3179299924452278,0.2856182795698925,0.35913312693498456,0.34238310708898945,0.40000000000000036,Excess,0.0,0.0,High,Jul,0.31318201658664335,0.42857142857142855,0.3103448275862069,0.055882352941176466,0.6360856269113149,0.1316614420062696,0.4731977818853974,0.19444444444444442,0.33952959028831575,0.31318201658664335,0.3269040553907022,0.26748681898066784,0.4216133942161339,0.26996197718631176,0.5277777777777778
Chittoor,Andhra Pradesh,0.3333333333333144,0.33382449246889334,0.2941176470588235,0.661582459485224,0.33518005540166207,0.40793010752688175,0.4571723426212591,0.3740573152337858,0.5916666666666668,Excess,0.0,0.0,High,Jul,0.3129637712789175,0.3333333333333333,0.10344827586206896,0.16470588235294117,0.5871559633027522,0.11912225705329155,0.40850277264325324,0.45023148148148145,0.34332321699544777,0.3129637712789175,0.32368941641938676,0.34868189806678385,0.44545915778792483,0.39543726235741444,0.513888888888889
Chittoor,Andhra Pradesh,0.44444444444442865,0.25878629120279417,0.2941176470588235,0.4976167778836987,0.25994711659531605,0.09475806451612906,0.5335397316821465,0.10256410256410256,0.6083333333333343,Normal,0.0,0.0,Medium,Jul,0.23395896988214757,0.7619047619047619,0.3103448275862069,0.19705882352941176,0.003058103975535168,0.0,0.046210720887245836,0.18171296296296297,0.30197268588770865,0.23395896988214757,0.24950544015825918,0.2523725834797891,0.3693556570268899,0.47401774397972113,0.5555555555555556
Chittoor,Andhra Pradesh,0.5555555555555429,0.39096267190569756,0.2941176470588235,0.7864632983794089,0.37484260891463106,0.40120967741935487,0.45820433436532515,0.1885369532428356,0.36666666666666714,Excess,1.0,0.0,High,Jul,0.37756438236577916,0.047619047619047616,0.5172413793103449,0.0,0.38226299694189597,0.6802507836990597,0.3918669131238447,0.24189814814814808,0.36077389984825503,0.37756438236577916,0.35806132542037594,0.3876977152899824,0.4647387113140537,0.2965779467680608,0.7881944444444444
Chittoor,Andhra Pradesh,0.6666666666666572,0.10881903514516483,0.2941176470588235,0.1706387035271687,0.10091916393855455,0.35954301075268824,0.18059855521155835,0.1191553544494721,0.4666666666666668,Deficient,0.0,1.0,Low,Aug,0.09493670886075947,0.2857142857142857,0.24137931034482757,0.0,0.24159021406727826,0.5235109717868339,0.20332717190388166,0.3460648148148148,0.14264036418816392,0.07311217808817108,0.13897131552917905,0.08822495606326888,0.1385083713850837,0.2433460076045627,0.0
Chittoor,Andhra Pradesh,0.7777777777777715,0.03105217201484392,0.2941176470588235,0.0,0.008499118609921946,0.1969086021505377,0.4375644994840042,0.2624434389140271,0.025000000000000355,Deficient,0.0,1.0,Low,Jul,0.0008729812309035134,0.14285714285714285,0.13793103448275862,0.08529411764705883,0.4434250764525993,0.20689655172413796,0.43992606284658037,0.034722222222222224,0.016312594840667688,0.0008729812309035134,0.0,0.0,0.1430745814307458,0.32192648922686945,0.6493055555555556
Chittoor,Andhra Pradesh,0.8888888888888857,0.43440296878410833,0.2941176470588235,0.8808388941849379,0.43622513220851167,0.5067204301075269,0.2879256965944273,0.10407239819004525,0.5750000000000002,Excess,1.0,0.0,High,Jul,0.4124836316019206,0.2857142857142857,0.6896551724137931,0.19705882352941176,0.006116207951070336,0.7178683385579938,0.5120147874306838,0.33449074074074076,0.45371775417298943,0.4124836316019206,0.4446092977250248,0.40738137082601045,0.547945205479452,0.28010139416983526,0.2604166666666667
Chittoor,Andhra Pradesh,1.0,0.2610237939314561,0.2941176470588235,0.5023832221163012,0.26290606900025176,0.5483870967741936,0.27141382868937053,0.28054298642533937,0.6166666666666671,Normal,0.0,0.0,Medium,Jul,0.25643823657791354,0.7619047619047619,0.20689655172413793,0.09117647058823529,0.474006116207951,0.6238244514106583,0.5619223659889093,0.40972222222222227,0.32094081942336883,0.25643823657791354,0.2784371909000989,0.2242530755711775,0.2968036529680365,0.2585551330798479,0.2638888888888889
Tirupati,Andhra Pradesh,0.0,0.18342065051298845,0.3176470588235294,0.31267874165872256,0.1837068748426089,0.07190860215053765,0.17131062951496392,0.12066365007541478,0.6166666666666671,Normal,0.0,0.0,Low,Jul,0.17110432125709293,0.19047619047619047,0.1724137931034483,0.0,0.24464831804281342,0.0,0.04990757855822551,0.14004629629629628,0.19613050075872537,0.17110432125709293,0.1990603363006924,0.19507908611599298,0.22881785895484524,0.21039290240811154,0.059027777777777776
Tirupati,Andhra Pradesh,0.11111111111111427,0.06084915957214582,0.3176470588235294,0.05147759771210675,0.07284059430873835,0.025537634408602156,0.47781217750258004,0.2081447963800905,1.0,Deficient,0.0,1.0,Low,Jul,0.07638585770405934,0.23809523809523808,0.034482758620689655,0.0,0.4220183486238532,0.13479623824451412,0.0,0.04166666666666667,0.12177541729893784,0.07638585770405934,0.07022749752720084,0.049560632688927936,0.1293759512937595,0.3688212927756654,0.65625
Tirupati,Andhra Pradesh,0.22222222222220012,0.41753983846321774,0.3176470588235294,0.8112488083889418,0.4133089901787962,0.560483870967742,0.45304437564499495,0.07993966817496229,0.5083333333333337,Excess,1.0,0.0,High,Jul,0.41030117852466175,0.9523809523809523,0.3448275862068966,0.07058823529411765,0.08868501529051986,0.5266457680250785,0.37153419593345655,0.5856481481481481,0.3975720789074355,0.41030117852466175,0.4411473788328387,0.4386643233743409,0.40537798072044645,0.3865652724968314,0.5243055555555556
Tirupati,Andhra Pradesh,0.3333333333333144,0.49126828203449036,0.3176470588235294,0.967588179218303,0.47122890959456043,0.4442204301075269,0.5614035087719299,0.4253393665158371,0.3416666666666668,Excess,1.0,0.0,High,Jul,0.4777389786119599,0.7619047619047619,0.6206896551724138,0.7441176470588236,0.08868501529051986,0.04702194357366772,0.24584103512014785,0.6412037037037037,0.48634294385432475,0.4777389786119599,0.4797230464886252,0.4776801405975395,0.4611872146118721,0.3840304182509506,0.8958333333333334
Tirupati,Andhra Pradesh,0.44444444444442865,0.4035145164811177,0.3176470588235294,0.7807435653002859,0.4006547469151347,0.5080645161290324,0.39525283797729627,0.09049773755656108,0.5250000000000004,Excess,1.0,0.0,High,Jul,0.3675250982103886,0.5714285714285714,0.8275862068965517,0.0,0.18348623853211007,0.47335423197492166,0.29020332717190384,0.5659722222222222,0.44499241274658574,0.3675250982103886,0.4265578635014837,0.4309314586994727,0.3805175038051751,0.43979721166032953,0.1840277777777778
Tirupati,Andhra Pradesh,0.5555555555555429,0.12082514734774069,0.3176470588235294,0.17921830314585313,0.1048854192898514,0.14448924731182797,0.2528379772961817,0.4253393665158371,0.2916666666666661,Deficient,0.0,1.0,Low,Jul,0.1361850720209515,0.3809523809523809,0.0,0.24705882352941178,0.6055045871559632,0.1912225705329154,0.0,0.22569444444444442,0.11684370257966617,0.1361850720209515,0.10954500494559846,0.07697715289982424,0.13495687468290207,0.3320659062103929,0.0
Tirupati,Andhra Pradesh,0.6666666666666572,0.1331586989740231,0.3176470588235294,0.20495710200190653,0.12408713170486019,0.32930107526881724,0.33849329205366363,0.09200603318250376,0.4416666666666673,Deficient,0.0,0.0,Low,Jul,0.10213880401571365,0.047619047619047616,0.0,0.026470588235294117,0.15902140672782872,0.6144200626959249,0.47134935304990755,0.0925925925925926,0.13163884673748108,0.10213880401571365,0.12734915924826903,0.1173989455184534,0.2541856925418569,0.40177439797211656,0.09722222222222222
Tirupati,Andhra Pradesh,0.7777777777777715,0.45754202139270905,0.3176470588235294,0.8960915157292659,0.4273482749937042,0.38508064516129037,0.497420020639835,0.3227752639517345,0.22499999999999964,Excess,1.0,0.0,High,Jul,0.41924923614142307,0.8571428571428572,0.27586206896551724,0.6294117647058823,0.0,0.213166144200627,0.40850277264325324,0.37615740740740733,0.4518209408194235,0.41924923614142307,0.46068249258160243,0.40984182776801403,0.42668696093353625,0.36248415716096327,0.7395833333333334
Tirupati,Andhra Pradesh,0.8888888888888857,0.26337044313468677,0.3176470588235294,0.48236415633937074,0.2569252077562326,0.1666666666666667,0.3849329205366358,0.44042232277526394,0.49166666666666714,Normal,0.0,0.0,Medium,Jul,0.2474901789611523,0.9523809523809523,0.10344827586206896,0.18235294117647058,0.7033639143730885,0.0,0.16266173752310537,0.23263888888888884,0.24620637329286807,0.2474901789611523,0.2868447082096933,0.25940246045694193,0.30136986301369856,0.49429657794676807,0.0
Tirupati,Andhra Pradesh,1.0,0.3022811613184895,0.3176470588235294,0.5653002859866538,0.2793376983127675,0.4086021505376345,0.5005159958720331,0.19306184012066366,0.25833333333333375,Normal,0.0,0.0,Medium,Jul,0.2826276735050196,0.9523809523809523,0.034482758620689655,0.3764705882352941,0.0,0.20376175548589345,0.42883548983364134,0.4074074074074074,0.3399089529590289,0.2826276735050196,0.26508407517309596,0.2769771528998243,0.29426686960933535,0.5272496831432193,0.2986111111111111
Anakapalli,Andhra Pradesh,0.0,0.42261514953067025,0.6235294117647059,0.4976167778836987,0.4184084613447494,0.4798387096774194,0.3911248710010321,0.4042232277526395,0.5083333333333337,Normal,0.0,0.0,Medium,Jul,0.4319074639895243,0.4761904761904762,0.24137931034482757,0.1735294117647059,0.6391437308868501,0.7084639498432603,0.5249537892791126,0.28356481481481477,0.4571320182094083,0.4319074639895243,0.38822947576656774,0.37258347978910356,0.5205479452054793,0.2585551330798479,0.6666666666666666
Anakapalli,Andhra Pradesh,0.11111111111111427,0.1720694171578258,0.6235294117647059,0.09246901811248803,0.17697053638881888,0.21505376344086022,0.3622291021671827,0.37104072398190047,0.708333333333333,Deficient,0.0,1.0,Low,Jul,0.16477520733304232,0.6190476190476191,0.0,0.1764705882352941,0.5688073394495412,0.3510971786833856,0.210720887245841,0.15625,0.1741274658573597,0.16477520733304232,0.1520771513353116,0.20843585237258347,0.29578893962455605,0.4068441064638783,0.16319444444444445
Anakapalli,Andhra Pradesh,0.22222222222220012,0.6407443789565599,0.6235294117647059,0.850333651096282,0.6272349534122386,0.6088709677419355,0.5655314757481941,0.2564102564102564,0.4166666666666661,Excess,1.0,0.0,High,Jul,0.6191619380183326,1.0,0.6551724137931034,0.38235294117647056,0.12232415902140671,0.09090909090909091,0.6192236598890942,0.6747685185185185,0.7169954476479515,0.6191619380183326,0.6080613254203758,0.598945518453427,0.6428209030948757,0.4524714828897339,0.7222222222222223
Anakapalli,Andhra Pradesh,0.3333333333333144,0.560740013097577,0.6235294117647059,0.7206863679694946,0.5683077310501132,0.5591397849462366,0.5201238390092879,0.28054298642533937,0.6083333333333343,Excess,1.0,0.0,High,Jul,0.5440855521606286,0.14285714285714285,0.5862068965517241,0.2852941176470588,0.27217125382262997,0.41692789968652044,0.7319778188539741,0.39814814814814814,0.6282245827010623,0.5440855521606286,0.5791295746785361,0.566256590509666,0.5677321156773212,0.6108998732572877,0.13541666666666666
Anakapalli,Andhra Pradesh,0.44444444444442865,0.3647675180091684,0.6235294117647059,0.40419447092469013,0.35293376983127667,0.4556451612903226,0.4127966976264191,0.39064856711915535,0.4166666666666661,Normal,0.0,0.0,Low,Jul,0.3481012658227848,0.9047619047619047,0.13793103448275862,0.27058823529411763,0.510703363914373,0.6332288401253919,0.24214417744916816,0.44675925925925924,0.37708649468892264,0.3481012658227848,0.37166172106824935,0.3332161687170474,0.3855910705225774,0.5285171102661597,0.0
Anakapalli,Andhra Pradesh,0.5555555555555429,0.2694280724732592,0.6235294117647059,0.24976167778836983,0.2532737345756736,0.34543010752688175,0.5851393188854489,0.3046757164404223,0.3416666666666668,Normal,0.0,0.0,Low,Jul,0.23395896988214757,0.3809523809523809,0.24137931034482757,0.5294117647058824,0.0672782874617737,0.0,0.32717190388170053,0.43749999999999994,0.2602427921092565,0.23395896988214757,0.2519782393669634,0.27908611599297006,0.32775240994419075,0.45373891001267425,0.7847222222222223
Anakapalli,Andhra Pradesh,0.6666666666666572,0.36313032089063535,0.6235294117647059,0.40133460438512863,0.3670989675144799,0.2352150537634409,0.6986584107327143,0.26395173453996984,0.6166666666666671,Normal,0.0,0.0,Low,Jul,0.3393714535137494,0.7142857142857142,0.13793103448275862,0.0,0.5351681957186544,0.43887147335423204,0.11275415896487984,0.21990740740740738,0.4226100151745068,0.3393714535137494,0.36597428288822953,0.3388400702987697,0.4627092846270929,0.5576679340937896,0.8819444444444444
Anakapalli,Andhra Pradesh,0.7777777777777715,0.6484937786509496,0.6235294117647059,0.8627264061010484,0.6432258876857214,0.6478494623655915,0.7172342621259031,0.41025641025641024,0.49166666666666714,Excess,1.0,0.0,High,Jul,0.6527717154081188,0.3809523809523809,0.06896551724137931,0.25588235294117645,0.565749235474006,0.4984326018808778,0.3142329020332717,0.7824074074074074,0.6369499241274659,0.6527717154081188,0.6614737883283878,0.6502636203866431,0.6169457128361238,0.5779467680608366,0.888888888888889
Anakapalli,Andhra Pradesh,0.8888888888888857,0.40389652914210883,0.6235294117647059,0.4671115347950428,0.381138252329388,0.5262096774193549,0.4716202270381838,0.22021116138763197,0.2916666666666661,Normal,0.0,0.0,Medium,Jul,0.39327804452204274,0.6666666666666667,0.06896551724137931,0.12941176470588237,0.3119266055045871,0.7178683385579938,0.3900184842883549,0.4444444444444445,0.41919575113808816,0.39327804452204274,0.3605341246290802,0.36028119507908607,0.43531202435312016,0.47782002534854245,0.3368055555555555
Anakapalli,Andhra Pradesh,1.0,0.35461689587426326,0.6235294117647059,0.3870352716873212,0.35778141526063956,0.21236559139784952,0.5479876160990712,0.38763197586727,0.6083333333333343,Normal,0.0,0.0,Low,Jul,0.3284591881274552,0.2857142857142857,0.20689655172413793,0.07647058823529412,0.7064220183486238,0.3448275862068966,0.11275415896487984,0.21527777777777773,0.43247344461305015,0.3284591881274552,0.3701780415430267,0.2889279437609842,0.46321664129883305,0.5361216730038022,0.4340277777777778
Alluri Sitharama Raju,Andhra Pradesh,0.0,0.41732154551407996,1.0,0.2573879885605338,0.40827247544699063,0.340725806451613,0.521155830753354,0.2865761689291101,0.4500000000000002,Normal,0.0,0.0,Low,Jul,0.3950240069838499,0.5238095238095237,0.3103448275862069,0.25588235294117645,0.3149847094801223,0.16927899686520378,0.16635859519408502,0.4675925925925926,0.4468892261001518,0.3950240069838499,0.37561819980217603,0.44815465729349724,0.4550989345509893,0.5335868187579215,0.3506944444444445
Alluri Sitharama Raju,Andhra Pradesh,0.11111111111111427,0.6858218729535037,1.0,0.5919923736892277,0.6735708889448501,0.6149193548387097,0.4355005159958721,0.44042232277526394,0.43333333333333357,Normal,0.0,0.0,Medium,Jul,0.7077695329550415,0.7142857142857142,0.20689655172413793,0.7794117647058824,0.08256880733944953,0.26645768025078376,0.8225508317929758,0.4930555555555555,0.6900606980273142,0.7077695329550415,0.6859545004945599,0.6302284710017574,0.641298833079655,0.4448669201520913,0.3055555555555556
Alluri Sitharama Raju,Andhra Pradesh,0.22222222222220012,0.791311940624318,1.0,0.7235462345090562,0.7674389322588767,0.806451612903226,0.8214654282765739,0.24434389140271492,0.34999999999999964,Excess,1.0,0.0,High,Jul,0.7719336534264514,1.0,0.7931034482758621,0.2852941176470588,0.1987767584097859,0.7523510971786835,0.487985212569316,0.8530092592592593,0.8125948406676785,0.7719336534264514,0.746538081107814,0.7785588752196836,0.7463216641298833,0.8010139416983524,0.6284722222222223
Alluri Sitharama Raju,Andhra Pradesh,0.3333333333333144,0.6789456450556649,1.0,0.5834127740705433,0.6932762528330394,0.5255376344086021,0.630546955624355,0.42383107088989447,0.6500000000000004,Normal,0.0,0.0,Medium,Jul,0.6977302487996508,0.5714285714285714,0.27586206896551724,0.11176470588235293,0.7431192660550457,0.1065830721003135,0.5896487985212568,0.5439814814814815,0.7454476479514417,0.6977302487996508,0.6748269040553907,0.6516695957820737,0.7412480974124811,0.4309252217997465,1.0
Alluri Sitharama Raju,Andhra Pradesh,0.44444444444442865,1.0,1.0,0.9837940896091514,1.0,1.0000000000000002,0.7069143446852426,0.9004524886877828,0.5166666666666666,Excess,1.0,0.0,High,Jul,1.0,0.8571428571428572,0.0,0.861764705882353,0.9296636085626909,0.8432601880877744,0.8040665434380776,0.954861111111111,1.0000000000000002,1.0,1.0000000000000002,0.9999999999999998,1.0,0.6818757921419518,0.5694444444444444
Alluri Sitharama Raju,Andhra Pradesh,0.5555555555555429,0.402423051735429,1.0,0.23832221163012388,0.4003399647443968,0.42607526881720437,0.42621259029927766,0.3831070889894419,0.5333333333333332,Normal,0.0,0.0,Low,Jul,0.3806198166739416,0.9523809523809523,0.24137931034482757,0.13529411764705881,0.6360856269113149,0.42946708463949845,0.41959334565619216,0.35995370370370366,0.454855842185129,0.3806198166739416,0.41271018793273984,0.33637961335676625,0.49923896499238957,0.4258555133079848,0.3263888888888889
Alluri Sitharama Raju,Andhra Pradesh,0.6666666666666572,0.31641562977515836,1.0,0.13155386081982834,0.3174892974061949,0.4852150537634409,0.3353973168214655,0.3046757164404223,0.5916666666666668,Deficient,0.0,1.0,Low,Jul,0.29899607158446095,0.7619047619047619,0.10344827586206896,0.5088235294117647,0.08868501529051986,0.6833855799373042,0.532347504621072,0.29745370370370366,0.3736722306525039,0.29899607158446095,0.27967359050445106,0.3472759226713532,0.38711314053779805,0.34980988593155893,0.22916666666666666
Alluri Sitharama Raju,Andhra Pradesh,0.7777777777777715,0.539074437895656,1.0,0.4089609151572926,0.5344371694787207,0.6115591397849464,0.44994840041279677,0.6636500754147813,0.5,Normal,0.0,0.0,Low,Jul,0.5312090790048015,0.2857142857142857,0.06896551724137931,0.65,0.6697247706422017,0.1755485893416928,0.7412199630314232,0.5717592592592593,0.5572837632776935,0.5312090790048015,0.5390702274975272,0.5198594024604568,0.5687468290208018,0.523447401774398,0.1388888888888889
Alluri Sitharama Raju,Andhra Pradesh,0.8888888888888857,0.6451102379393147,1.0,0.5414680648236415,0.6285570385293376,0.8037634408602151,0.5242518059855521,0.4253393665158371,0.3916666666666666,Normal,0.0,0.0,Medium,Jul,0.6381492797904846,0.9047619047619047,0.3103448275862069,0.13529411764705881,0.7217125382262997,0.8965517241379312,0.8262476894639555,0.5833333333333334,0.6399848254931716,0.6381492797904846,0.6083086053412463,0.6618629173989454,0.6210045662100456,0.5019011406844106,0.4479166666666667
Alluri Sitharama Raju,Andhra Pradesh,1.0,0.967419777341192,1.0,0.9437559580552907,0.9330773105011332,0.9731182795698926,1.0,1.0,0.3000000000000007,Excess,1.0,0.0,High,Jul,0.9336534264513314,0.5714285714285714,0.8620689655172413,0.9882352941176471,1.0,0.27272727272727276,0.9944547134935303,1.0,0.9726858877086496,0.9336534264513314,0.9287833827893176,0.8759226713532511,0.9766615930999492,1.0,0.6840277777777778
Parvathipuram Manyam,Andhra Pradesh,0.0,0.8472495088408646,0.8823529411764706,0.8951382268827454,0.8219592042306723,0.8245967741935485,0.8090815273477813,0.9592760180995475,0.34999999999999964,Excess,1.0,0.0,High,Jul,0.8354430379746836,0.6190476190476191,0.8620689655172413,0.9852941176470588,0.9204892966360856,0.24137931034482762,0.9648798521256932,0.7743055555555556,0.8364946889226103,0.8354430379746836,0.8048961424332345,0.8158172231985941,0.8325722983257231,0.7262357414448669,0.7916666666666667
Parvathipuram Manyam,Andhra Pradesh,0.11111111111111427,0.7419231608819036,0.8823529411764706,0.7530981887511915,0.7291614202971543,0.7002688172043011,0.628482972136223,0.8642533936651583,0.4250000000000007,Excess,1.0,0.0,High,Jul,0.7047140986468792,0.4761904761904762,0.5862068965517241,0.9264705882352942,0.7889908256880733,0.09717868338557996,0.7005545286506468,0.7789351851851851,0.819423368740516,0.7047140986468792,0.731948565776459,0.7131810193321617,0.7092846270928461,0.5956907477820025,0.5416666666666666
Parvathipuram Manyam,Andhra Pradesh,0.22222222222220012,0.8727897838899804,0.8823529411764706,0.9294566253574832,0.8832158146562579,0.9946236559139786,0.823529411764706,0.6093514328808446,0.5916666666666668,Excess,1.0,0.0,High,Jul,0.883457005674378,0.19047619047619047,0.48275862068965514,0.6970588235294117,0.510703363914373,0.3918495297805643,0.9999999999999999,0.9895833333333334,0.9673748103186649,0.883457005674378,0.8511374876360039,0.8695957820738136,0.8670725520040587,0.688212927756654,0.9444444444444444
Parvathipuram Manyam,Andhra Pradesh,0.3333333333333144,0.21665575201920978,0.8823529411764706,0.04766444232602479,0.18830269453538145,0.2130376344086022,0.5386996904024768,0.1885369532428356,0.11666666666666714,Deficient,0.0,1.0,Low,Jul,0.17786992579659536,0.0,0.1724137931034483,0.1852941176470588,0.18960244648318042,0.6175548589341693,0.08133086876155268,0.13541666666666663,0.19461305007587257,0.17786992579659536,0.17804154302670624,0.2189806678383128,0.2607813292744799,0.39670468948035487,0.7847222222222223
Parvathipuram Manyam,Andhra Pradesh,0.44444444444442865,0.2180746561886051,0.8823529411764706,0.049571020019065715,0.23495341223873079,0.4287634408602151,0.23942208462332304,0.2911010558069382,0.8833333333333337,Deficient,0.0,1.0,Low,Jul,0.23963334788302051,0.0,0.3103448275862069,0.0,0.5902140672782874,0.27272727272727276,0.4695009242144177,0.39120370370370366,0.28490136570561464,0.23963334788302051,0.21538081107814047,0.1866432337434095,0.3424657534246575,0.3155893536121673,0.0
Parvathipuram Manyam,Andhra Pradesh,0.5555555555555429,0.9091901331586992,0.8823529411764706,0.9780743565300285,0.9061949131201208,0.8071236559139786,0.8689370485036121,0.45852187028657615,0.5,Excess,1.0,0.0,High,Jul,0.8862941946748146,0.14285714285714285,0.5517241379310345,0.30294117647058827,0.6146788990825688,0.5141065830721003,0.8354898336414047,0.7245370370370371,0.949165402124431,0.8862941946748146,0.929030662710188,0.8228471001757469,0.9776763064434297,0.9062103929024081,0.5
Parvathipuram Manyam,Andhra Pradesh,0.6666666666666572,0.20372189478279856,0.8823529411764706,0.03050524308865582,0.2080710148577184,0.11827956989247315,0.22600619195046445,0.45248868778280543,0.6833333333333336,Deficient,0.0,1.0,Low,Jul,0.16564818856394584,0.6666666666666667,0.06896551724137931,0.6352941176470589,0.2568807339449541,0.05329153605015675,0.20332717190388166,0.10416666666666667,0.27693474962063747,0.16564818856394584,0.20845697329376858,0.1834797891036907,0.3272450532724505,0.19138149556400505,0.2951388888888889
Parvathipuram Manyam,Andhra Pradesh,0.7777777777777715,0.3248199083169614,0.8823529411764706,0.1925643469971401,0.3264920674892974,0.27217741935483875,0.17647058823529416,0.27300150829562597,0.5916666666666668,Deficient,0.0,0.0,Low,Jul,0.3457005674378002,0.4761904761904762,0.10344827586206896,0.03529411764705882,0.5168195718654434,0.015673981191222573,0.4029574861367837,0.25810185185185186,0.38884673748103193,0.3457005674378002,0.31899109792284863,0.29103690685413,0.3313039066463724,0.20152091254752852,0.10069444444444445
Parvathipuram Manyam,Andhra Pradesh,0.8888888888888857,0.4756603361711418,0.8823529411764706,0.39561487130600564,0.4700327373457567,0.45430107526881724,0.5139318885448917,0.46153846153846156,0.49166666666666714,Normal,0.0,0.0,Low,Jul,0.48123090353557396,0.14285714285714285,0.06896551724137931,0.5411764705882353,0.37308868501529047,0.4043887147335424,0.33641404805914965,0.4699074074074074,0.5015174506828529,0.48123090353557396,0.5007418397626113,0.4344463971880492,0.44241501775748354,0.47655259822560203,0.4826388888888889
Parvathipuram Manyam,Andhra Pradesh,1.0,0.9141562977515828,0.8823529411764706,0.984747378455672,0.9146940317300427,0.9932795698924731,0.7616099071207432,0.6862745098039216,0.5166666666666666,Excess,1.0,0.0,High,Jul,0.9288520296813618,0.7142857142857142,0.896551724137931,1.0,0.35168195718654427,1.0,0.8743068391866912,0.8414351851851852,0.9666160849772384,0.9288520296813618,0.9038081107814046,0.8625659050966608,0.9183155758498223,0.8136882129277566,0.39236111111111116
Sri Sathya Sai,Andhra Pradesh,0.0,0.23646583715345998,0.11764705882352944,0.6739752144899904,0.22141777889700326,0.16129032258064518,0.3704850361197111,0.18401206636500753,0.34999999999999964,Excess,1.0,0.0,High,Jul,0.2221737232649498,0.047619047619047616,0.5862068965517241,0.35882352941176465,0.0,0.35423197492163017,0.09242144177449167,0.13657407407407407,0.2587253414264037,0.2221737232649498,0.2361523244312562,0.17785588752196832,0.27904616945712835,0.18757921419518378,0.7916666666666667
Sri Sathya Sai,Andhra Pradesh,0.11111111111111427,0.21589172669722767,0.11764705882352944,0.6186844613918017,0.2029715436917653,0.2459677419354839,0.32094943240454077,0.3152337858220211,0.38333333333333375,Normal,0.0,0.0,Medium,Jul,0.18725447402880838,0.23809523809523808,0.0,0.03823529411764706,0.599388379204893,0.0,0.2051756007393715,0.34259259259259256,0.18626707132018214,0.18725447402880838,0.21587537091988138,0.20773286467486815,0.3069507864028412,0.41571609632446127,0.0
Sri Sathya Sai,Andhra Pradesh,0.22222222222220012,0.0976315215018555,0.11764705882352944,0.3002859866539561,0.07195920423067237,0.19354838709677422,0.1496388028895769,0.14177978883861236,0.05000000000000071,Normal,0.0,0.0,Low,Jul,0.08948057616761237,0.0,0.13793103448275862,0.27647058823529413,0.0,0.14733542319749218,0.210720887245841,0.19444444444444442,0.11229135053110781,0.08948057616761237,0.0788822947576657,0.04182776801405971,0.09791983764586504,0.1888466413181242,0.045138888888888895
Sri Sathya Sai,Andhra Pradesh,0.3333333333333144,0.09894127919668194,0.11764705882352944,0.3040991420400381,0.08354318811382522,0.005376344086021501,0.24148606811145518,0.42081447963800905,0.2916666666666661,Normal,0.0,0.0,Low,Jul,0.08729812309035354,0.5238095238095237,0.06896551724137931,0.33235294117647063,0.5076452599388379,0.0,0.038817005545286505,0.0324074074074074,0.1251896813353566,0.08729812309035354,0.06948565776458951,0.10439367311072059,0.1080669710806697,0.23574144486692017,0.22569444444444445
Sri Sathya Sai,Andhra Pradesh,0.44444444444442865,0.005893909626719068,0.11764705882352944,0.05433746425166819,0.009065726517250045,0.00940860215053764,0.15067079463364297,0.3861236802413273,0.8416666666666668,Deficient,0.0,1.0,Low,Jul,0.020515058926233065,0.14285714285714285,0.0,0.4588235294117647,0.3058103975535168,0.0,0.0,0.0636574074074074,0.05121396054628227,0.020515058926233065,0.001236399604352123,0.03655536028119505,0.0,0.0,0.5659722222222223
Sri Sathya Sai,Andhra Pradesh,0.5555555555555429,0.035363457760314354,0.11764705882352944,0.13346043851286937,0.019012843112566097,0.1317204301075269,0.3147574819401446,0.13273001508295626,0.21666666666666679,Deficient,0.0,1.0,Low,Jul,0.0024006983849846897,0.6666666666666667,0.20689655172413793,0.25882352941176473,0.0,0.33542319749216304,0.19778188539741218,0.026620370370370364,0.06297420333839157,0.0024006983849846897,0.031899109792284885,0.020386643233743396,0.0669710806697108,0.21039290240811154,0.5416666666666666
Sri Sathya Sai,Andhra Pradesh,0.6666666666666572,0.21174416066361057,0.11764705882352944,0.6072449952335557,0.2124150088139008,0.1995967741935484,0.38286893704850367,0.07390648567119155,0.6166666666666671,Normal,0.0,0.0,Medium,Jul,0.19511130510694016,0.0,0.0,0.14411764705882354,0.0,0.01253918495297806,0.27356746765249534,0.21527777777777773,0.27693474962063747,0.19511130510694016,0.19559841740850645,0.1852372583479789,0.3176052765093861,0.35107731305449935,0.3854166666666667
Sri Sathya Sai,Andhra Pradesh,0.7777777777777715,0.2900021829294914,0.11764705882352944,0.8179218303145852,0.2809116091664568,0.3286290322580645,0.22910216718266257,0.30618401206636503,0.4500000000000002,Excess,1.0,0.0,High,Jul,0.250109122653863,0.5714285714285714,0.41379310344827586,0.0,0.620795107033639,0.2978056426332289,0.2828096118299445,0.32638888888888884,0.3304248861911988,0.250109122653863,0.3105835806132542,0.26748681898066784,0.3155758498224252,0.21039290240811154,0.2534722222222222
Sri Sathya Sai,Andhra Pradesh,0.8888888888888857,0.2381576075092775,0.11764705882352944,0.6787416587225928,0.22689498866784186,0.3057795698924731,0.2972136222910217,0.4193061840120664,0.4083333333333332,Excess,1.0,0.0,High,Jul,0.2195547795722392,0.3333333333333333,0.48275862068965514,0.17058823529411765,0.6727828746177369,0.3510971786833856,0.4731977818853974,0.14814814814814814,0.2454476479514416,0.2195547795722392,0.23639960435212662,0.26080843585237257,0.22678843226788437,0.14955640050697086,0.6493055555555556
Sri Sathya Sai,Andhra Pradesh,1.0,0.18756821654660555,0.11764705882352944,0.542421353670162,0.19270964492571135,0.31182795698924737,0.3611971104231167,0.2609351432880845,0.7000000000000002,Normal,0.0,0.0,Medium,Jul,0.1682671322566565,0.8095238095238095,0.10344827586206896,0.5088235294117647,0.0,0.0,0.30129390018484287,0.3958333333333333,0.19499241274658577,0.1682671322566565,0.18892185954500498,0.21933216168717043,0.29528158295281587,0.46514575411913817,0.0
