Date,District,State,Year_Type,Daily_Rainfall_mm,Cumulative_Monthly_mm,Rainfall_Category,Flood_Alert,Waterlogging_Risk
0,10,0,3,0.0,0.0,5,0,1
1,10,0,3,0.0,0.0,5,0,1
2,10,0,3,0.0,0.0,5,0,1
3,10,0,3,0.0,0.0,5,0,1
4,10,0,3,0.0,0.0,5,0,1
5,10,0,3,0.0,0.0,5,0,1
6,10,0,3,0.0,0.0,5,0,1
7,10,0,3,0.0,0.0,5,0,1
8,10,0,3,0.5,0.5,3,0,1
9,10,0,3,0.0,0.5,5,0,1
10,10,0,3,0.0,0.5,5,0,1
11,10,0,3,0.0,0.5,5,0,1
12,10,0,3,0.0,0.5,5,0,1
13,10,0,3,8.9,9.4,4,0,1
14,10,0,3,0.0,9.4,5,0,1
15,10,0,3,0.0,9.4,5,0,1
16,10,0,3,0.0,9.4,5,0,1
17,10,0,3,0.0,9.4,5,0,1
18,10,0,3,0.0,9.4,5,0,1
19,10,0,3,0.0,9.4,5,0,1
20,10,0,3,0.0,9.4,5,0,1
21,10,0,3,0.0,9.4,5,0,1
22,10,0,3,0.0,9.4,5,0,1
23,10,0,3,0.0,9.4,5,0,1
24,10,0,3,0.0,9.4,5,0,1
25,10,0,3,15.3,24.7,4,0,2
26,10,0,3,0.0,24.7,5,0,1
27,10,0,3,0.0,24.7,5,0,1
28,10,0,3,0.0,24.7,5,0,1
29,10,0,3,0.0,24.7,5,0,1
30,10,0,3,0.0,24.7,5,0,1
31,10,0,3,0.0,0.0,5,0,1
32,10,0,3,0.0,0.0,5,0,1
33,10,0,3,0.0,0.0,5,0,1
34,10,0,3,0.0,0.0,5,0,1
35,10,0,3,5.7,5.7,3,0,1
36,10,0,3,3.8,9.5,3,0,1
37,10,0,3,0.0,9.5,5,0,1
38,10,0,3,0.0,9.5,5,0,1
39,10,0,3,0.0,9.5,5,0,1
40,10,0,3,0.0,9.5,5,0,1
41,10,0,3,0.0,9.5,5,0,1
42,10,0,3,0.0,9.5,5,0,1
43,10,0,3,0.0,9.5,5,0,1
44,10,0,3,0.0,9.5,5,0,1
45,10,0,3,21.0,30.5,4,0,2
46,10,0,3,0.0,30.5,5,0,1
47,10,0,3,9.7,40.2,4,0,1
48,10,0,3,0.0,40.2,5,0,1
49,10,0,3,0.0,40.2,5,0,1
50,10,0,3,0.0,40.2,5,0,1
51,10,0,3,0.0,40.2,5,0,1
52,10,0,3,0.0,40.2,5,0,1
53,10,0,3,0.0,40.2,5,0,1
54,10,0,3,0.0,40.2,5,0,1
55,10,0,3,0.0,40.2,5,0,1
56,10,0,3,0.0,40.2,5,0,1
57,10,0,3,0.0,40.2,5,0,1
58,10,0,3,5.2,45.4,3,0,1
59,10,0,3,0.0,45.4,5,0,1
60,10,0,3,0.0,0.0,5,0,1
61,10,0,3,0.0,0.0,5,0,1
62,10,0,3,0.0,0.0,5,0,1
63,10,0,3,0.0,0.0,5,0,1
64,10,0,3,0.0,0.0,5,0,1
65,10,0,3,0.0,0.0,5,0,1
66,10,0,3,13.1,13.1,4,0,1
67,10,0,3,0.0,13.1,5,0,1
68,10,0,3,0.0,13.1,5,0,1
69,10,0,3,0.0,13.1,5,0,1
70,10,0,3,0.0,13.1,5,0,1
71,10,0,3,0.0,13.1,5,0,1
72,10,0,3,0.0,13.1,5,0,1
73,10,0,3,0.0,13.1,5,0,1
74,10,0,3,0.0,13.1,5,0,1
75,10,0,3,0.0,13.1,5,0,1
76,10,0,3,0.0,13.1,5,0,1
77,10,0,3,0.0,13.1,5,0,1
78,10,0,3,0.0,13.1,5,0,1
79,10,0,3,0.0,13.1,5,0,1
80,10,0,3,0.0,13.1,5,0,1
81,10,0,3,0.0,13.1,5,0,1
82,10,0,3,0.0,13.1,5,0,1
83,10,0,3,0.0,13.1,5,0,1
84,10,0,3,0.0,13.1,5,0,1
85,10,0,3,0.0,13.1,5,0,1
86,10,0,3,0.0,13.1,5,0,1
87,10,0,3,0.0,13.1,5,0,1
88,10,0,3,0.0,13.1,5,0,1
89,10,0,3,0.0,13.1,5,0,1
90,10,0,3,0.0,13.1,5,0,1
91,10,0,3,0.0,0.0,5,0,1
92,10,0,3,2.3,2.3,3,0,1
93,10,0,3,0.0,2.3,5,0,1
94,10,0,3,0.0,2.3,5,0,1
95,10,0,3,0.0,2.3,5,0,1
96,10,0,3,0.0,2.3,5,0,1
97,10,0,3,0.0,2.3,5,0,1
98,10,0,3,0.0,2.3,5,0,1
99,10,0,3,7.2,9.5,3,0,1
100,10,0,3,0.0,9.5,5,0,1
101,10,0,3,0.0,9.5,5,0,1
102,10,0,3,0.0,9.5,5,0,1
103,10,0,3,0.0,9.5,5,0,1
104,10,0,3,1.4,10.9,3,0,1
105,10,0,3,0.0,10.9,5,0,1
106,10,0,3,16.4,27.3,4,0,2
107,10,0,3,0.0,27.3,5,0,1
108,10,0,3,0.0,27.3,5,0,1
109,10,0,3,0.0,27.3,5,0,1
110,10,0,3,11.0,38.3,4,0,1
111,10,0,3,0.0,38.3,5,0,1
112,10,0,3,0.0,38.3,5,0,1
113,10,0,3,0.0,38.3,5,0,1
114,10,0,3,0.0,38.3,5,0,1
115,10,0,3,0.0,38.3,5,0,1
116,10,0,3,0.0,38.3,5,0,1
117,10,0,3,0.0,38.3,5,0,1
118,10,0,3,0.0,38.3,5,0,1
119,10,0,3,0.0,38.3,5,0,1
120,10,0,3,0.0,38.3,5,0,1
121,10,0,3,16.8,16.8,4,0,2
122,10,0,3,0.2,17.0,3,0,1
123,10,0,3,1.1,18.1,3,0,1
124,10,0,3,0.0,18.1,5,0,1
125,10,0,3,0.0,18.1,5,0,1
126,10,0,3,0.0,18.1,5,0,1
127,10,0,3,0.0,18.1,5,0,1
128,10,0,3,0.0,18.1,5,0,1
129,10,0,3,0.0,18.1,5,0,1
130,10,0,3,0.0,18.1,5,0,1
131,10,0,3,3.7,21.8,3,0,1
132,10,0,3,0.0,21.8,5,0,1
133,10,0,3,15.7,37.5,4,0,2
134,10,0,3,0.0,37.5,5,0,1
135,10,0,3,0.0,37.5,5,0,1
136,10,0,3,0.0,37.5,5,0,1
137,10,0,3,0.0,37.5,5,0,1
138,10,0,3,0.0,37.5,5,0,1
139,10,0,3,0.0,37.5,5,0,1
140,10,0,3,0.0,37.5,5,0,1
141,10,0,3,0.0,37.5,5,0,1
142,10,0,3,12.0,49.5,4,0,1
143,10,0,3,0.0,49.5,5,0,1
144,10,0,3,0.0,49.5,5,0,1
145,10,0,3,0.0,49.5,5,0,1
146,10,0,3,5.7,55.2,3,0,1
147,10,0,3,0.0,55.2,5,0,1
148,10,0,3,0.0,55.2,5,0,1
149,10,0,3,0.0,55.2,5,0,1
150,10,0,3,4.0,59.2,3,0,1
151,10,0,3,0.0,59.2,5,0,1
152,10,0,3,39.6,39.6,2,0,0
153,10,0,3,31.4,71.0,4,0,2
154,10,0,3,7.6,78.6,4,0,1
155,10,0,3,7.8,86.4,4,0,1
156,10,0,3,31.6,118.0,4,0,2
157,10,0,3,31.6,149.6,4,0,2
158,10,0,3,0.0,149.6,5,0,1
159,10,0,3,59.0,208.6,2,0,0
160,10,0,3,0.0,208.6,5,0,1
161,10,0,3,9.0,217.6,4,0,1
162,10,0,3,21.1,238.7,4,0,2
163,10,0,3,27.9,266.6,4,0,2
164,10,0,3,16.3,282.9,4,0,2
165,10,0,3,3.4,286.3,3,0,1
166,10,0,3,59.1,345.4,2,0,0
167,10,0,3,58.1,403.5,2,0,0
168,10,0,3,10.3,413.8,4,0,1
169,10,0,3,32.1,445.9,4,0,2
170,10,0,3,30.1,476.0,4,0,2
171,10,0,3,7.0,483.0,3,0,1
172,10,0,3,16.1,499.1,4,0,2
173,10,0,3,39.0,538.1,2,0,0
174,10,0,3,0.0,538.1,5,0,1
175,10,0,3,9.1,547.2,4,0,1
176,10,0,3,18.2,565.4,4,0,2
177,10,0,3,0.0,565.4,5,0,1
178,10,0,3,8.9,574.3,4,0,1
179,10,0,3,102.4,676.7,6,1,0
180,10,0,3,31.7,708.4,4,0,2
181,10,0,3,24.7,733.1,4,0,2
182,10,0,3,4.1,4.1,3,0,1
183,10,0,3,30.0,34.1,4,0,2
184,10,0,3,38.6,72.7,2,0,0
185,10,0,3,15.1,87.8,4,0,2
186,10,0,3,21.4,109.2,4,0,2
187,10,0,3,0.0,109.2,5,0,1
188,10,0,3,25.9,135.1,4,0,2
189,10,0,3,7.4,142.5,3,0,1
190,10,0,3,1.1,143.6,3,0,1
191,10,0,3,35.0,178.6,4,0,2
192,10,0,3,24.0,202.6,4,0,2
193,10,0,3,42.4,245.0,2,0,0
194,10,0,3,9.8,254.8,4,0,1
195,10,0,3,29.5,284.3,4,0,2
196,10,0,3,11.7,296.0,4,0,1
197,10,0,3,15.6,311.6,4,0,2
198,10,0,3,79.4,391.0,6,1,0
199,10,0,3,9.2,400.2,4,0,1
200,10,0,3,7.5,407.7,4,0,1
201,10,0,3,53.2,460.9,2,0,0
202,10,0,3,14.6,475.5,4,0,1
203,10,0,3,23.2,498.7,4,0,2
204,10,0,3,0.0,498.7,5,0,1
205,10,0,3,17.1,515.8,4,0,2
206,10,0,3,0.1,515.9,3,0,1
207,10,0,3,69.8,585.7,6,1,0
208,10,0,3,2.1,587.8,3,0,1
209,10,0,3,64.9,652.7,6,1,0
210,10,0,3,5.8,658.5,3,0,1
211,10,0,3,40.5,699.0,2,0,0
212,10,0,3,25.7,724.7,4,0,2
213,10,0,3,23.1,23.1,4,0,2
214,10,0,3,12.8,35.9,4,0,1
215,10,0,3,50.8,86.7,2,0,0
216,10,0,3,29.6,116.3,4,0,2
217,10,0,3,3.8,120.1,3,0,1
218,10,0,3,9.1,129.2,4,0,1
219,10,0,3,3.3,132.5,3,0,1
220,10,0,3,21.8,154.3,4,0,2
221,10,0,3,14.1,168.4,4,0,1
222,10,0,3,47.4,215.8,2,0,0
223,10,0,3,2.9,218.7,3,0,1
224,10,0,3,16.4,235.1,4,0,2
225,10,0,3,0.0,235.1,5,0,1
226,10,0,3,0.0,235.1,5,0,1
227,10,0,3,1.0,236.1,3,0,1
228,10,0,3,1.1,237.2,3,0,1
229,10,0,3,11.1,248.3,4,0,1
230,10,0,3,3.6,251.9,3,0,1
231,10,0,3,13.7,265.6,4,0,1
232,10,0,3,55.0,320.6,2,0,0
233,10,0,3,13.0,333.6,4,0,1
234,10,0,3,17.2,350.8,4,0,2
235,10,0,3,0.0,350.8,5,0,1
236,10,0,3,0.0,350.8,5,0,1
237,10,0,3,6.3,357.1,3,0,1
238,10,0,3,34.7,391.8,4,0,2
239,10,0,3,9.7,401.5,4,0,1
240,10,0,3,27.6,429.1,4,0,2
241,10,0,3,10.6,439.7,4,0,1
242,10,0,3,2.1,441.8,3,0,1
243,10,0,3,69.0,510.8,6,1,0
244,10,0,3,5.1,5.1,3,0,1
245,10,0,3,8.3,13.4,4,0,1
246,10,0,3,1.2,14.6,3,0,1
247,10,0,3,5.6,20.2,3,0,1
248,10,0,3,66.2,86.4,6,1,0
249,10,0,3,4.0,90.4,3,0,1
250,10,0,3,14.6,105.0,4,0,1
251,10,0,3,43.0,148.0,2,0,0
252,10,0,3,2.7,150.7,3,0,1
253,10,0,3,45.9,196.6,2,0,0
254,10,0,3,2.7,199.3,3,0,1
255,10,0,3,4.6,203.9,3,0,1
256,10,0,3,9.7,213.6,4,0,1
257,10,0,3,2.5,216.1,3,0,1
258,10,0,3,25.6,241.7,4,0,2
259,10,0,3,18.4,260.1,4,0,2
260,10,0,3,13.2,273.3,4,0,1
261,10,0,3,25.4,298.7,4,0,2
262,10,0,3,3.0,301.7,3,0,1
263,10,0,3,7.5,309.2,4,0,1
264,10,0,3,4.5,313.7,3,0,1
265,10,0,3,2.1,315.8,3,0,1
266,10,0,3,13.8,329.6,4,0,1
267,10,0,3,2.3,331.9,3,0,1
268,10,0,3,13.7,345.6,4,0,1
269,10,0,3,15.3,360.9,4,0,2
270,10,0,3,12.1,373.0,4,0,1
271,10,0,3,3.1,376.1,3,0,1
272,10,0,3,11.7,387.8,4,0,1
273,10,0,3,20.3,408.1,4,0,2
274,10,0,3,0.0,0.0,5,0,1
275,10,0,3,5.9,5.9,3,0,1
276,10,0,3,16.5,22.4,4,0,2
277,10,0,3,0.0,22.4,5,0,1
278,10,0,3,17.4,39.8,4,0,2
279,10,0,3,7.8,47.6,4,0,1
280,10,0,3,0.0,47.6,5,0,1
281,10,0,3,15.2,62.8,4,0,2
282,10,0,3,0.0,62.8,5,0,1
283,10,0,3,3.2,66.0,3,0,1
284,10,0,3,8.3,74.3,4,0,1
285,10,0,3,12.8,87.1,4,0,1
286,10,0,3,6.0,93.1,3,0,1
287,10,0,3,0.0,93.1,5,0,1
288,10,0,3,0.8,93.9,3,0,1
289,10,0,3,0.0,93.9,5,0,1
290,10,0,3,9.7,103.6,4,0,1
291,10,0,3,0.7,104.3,3,0,1
292,10,0,3,3.0,107.3,3,0,1
293,10,0,3,0.0,107.3,5,0,1
294,10,0,3,15.0,122.3,4,0,1
295,10,0,3,0.4,122.7,3,0,1
296,10,0,3,3.2,125.9,3,0,1
297,10,0,3,6.1,132.0,3,0,1
298,10,0,3,5.8,137.8,3,0,1
299,10,0,3,3.4,141.2,3,0,1
300,10,0,3,0.0,141.2,5,0,1
301,10,0,3,1.4,142.6,3,0,1
302,10,0,3,0.4,143.0,3,0,1
303,10,0,3,0.5,143.5,3,0,1
304,10,0,3,5.1,148.6,3,0,1
305,10,0,3,0.0,0.0,5,0,1
306,10,0,3,0.0,0.0,5,0,1
307,10,0,3,0.0,0.0,5,0,1
308,10,0,3,0.0,0.0,5,0,1
309,10,0,3,3.9,3.9,3,0,1
310,10,0,3,0.0,3.9,5,0,1
311,10,0,3,0.0,3.9,5,0,1
312,10,0,3,0.0,3.9,5,0,1
313,10,0,3,4.1,8.0,3,0,1
314,10,0,3,0.0,8.0,5,0,1
315,10,0,3,4.5,12.5,3,0,1
316,10,0,3,0.0,12.5,5,0,1
317,10,0,3,0.0,12.5,5,0,1
318,10,0,3,1.1,13.6,3,0,1
319,10,0,3,0.0,13.6,5,0,1
320,10,0,3,0.0,13.6,5,0,1
321,10,0,3,0.0,13.6,5,0,1
322,10,0,3,11.6,25.2,4,0,1
323,10,0,3,0.0,25.2,5,0,1
324,10,0,3,0.0,25.2,5,0,1
325,10,0,3,0.0,25.2,5,0,1
326,10,0,3,0.0,25.2,5,0,1
327,10,0,3,0.0,25.2,5,0,1
328,10,0,3,0.0,25.2,5,0,1
329,10,0,3,0.2,25.4,3,0,1
330,10,0,3,0.0,25.4,5,0,1
331,10,0,3,0.0,25.4,5,0,1
332,10,0,3,0.0,25.4,5,0,1
333,10,0,3,1.3,26.7,3,0,1
334,10,0,3,0.1,26.8,3,0,1
335,10,0,3,0.0,0.0,5,0,1
336,10,0,3,0.0,0.0,5,0,1
337,10,0,3,0.0,0.0,5,0,1
338,10,0,3,0.0,0.0,5,0,1
339,10,0,3,0.0,0.0,5,0,1
340,10,0,3,0.0,0.0,5,0,1
341,10,0,3,0.0,0.0,5,0,1
342,10,0,3,0.0,0.0,5,0,1
343,10,0,3,0.0,0.0,5,0,1
344,10,0,3,0.0,0.0,5,0,1
345,10,0,3,0.0,0.0,5,0,1
346,10,0,3,0.0,0.0,5,0,1
347,10,0,3,0.0,0.0,5,0,1
348,10,0,3,0.0,0.0,5,0,1
349,10,0,3,0.0,0.0,5,0,1
350,10,0,3,0.0,0.0,5,0,1
351,10,0,3,0.0,0.0,5,0,1
352,10,0,3,0.0,0.0,5,0,1
353,10,0,3,0.0,0.0,5,0,1
354,10,0,3,0.0,0.0,5,0,1
355,10,0,3,0.0,0.0,5,0,1
356,10,0,3,0.0,0.0,5,0,1
357,10,0,3,0.8,0.8,3,0,1
358,10,0,3,0.0,0.8,5,0,1
359,10,0,3,3.9,4.7,3,0,1
360,10,0,3,0.0,4.7,5,0,1
361,10,0,3,0.0,4.7,5,0,1
362,10,0,3,0.0,4.7,5,0,1
363,10,0,3,1.5,6.2,3,0,1
364,10,0,3,23.8,30.0,4,0,2
365,10,0,3,0.0,30.0,5,0,1
366,10,0,2,0.4,0.4,3,0,1
367,10,0,2,0.0,0.4,5,0,1
368,10,0,2,0.0,0.4,5,0,1
369,10,0,2,0.0,0.4,5,0,1
370,10,0,2,0.0,0.4,5,0,1
371,10,0,2,0.0,0.4,5,0,1
372,10,0,2,0.0,0.4,5,0,1
373,10,0,2,0.0,0.4,5,0,1
374,10,0,2,0.0,0.4,5,0,1
375,10,0,2,0.0,0.4,5,0,1
376,10,0,2,0.0,0.4,5,0,1
377,10,0,2,0.0,0.4,5,0,1
378,10,0,2,0.0,0.4,5,0,1
379,10,0,2,0.0,0.4,5,0,1
380,10,0,2,0.0,0.4,5,0,1
381,10,0,2,3.0,3.4,3,0,1
382,10,0,2,0.0,3.4,5,0,1
383,10,0,2,0.0,3.4,5,0,1
384,10,0,2,0.0,3.4,5,0,1
385,10,0,2,0.0,3.4,5,0,1
386,10,0,2,0.0,3.4,5,0,1
387,10,0,2,0.0,3.4,5,0,1
388,10,0,2,12.8,16.2,4,0,1
389,10,0,2,5.6,21.8,3,0,1
390,10,0,2,0.0,21.8,5,0,1
391,10,0,2,0.0,21.8,5,0,1
392,10,0,2,0.0,21.8,5,0,1
393,10,0,2,13.5,35.3,4,0,1
394,10,0,2,0.0,35.3,5,0,1
395,10,0,2,0.0,35.3,5,0,1
396,10,0,2,0.0,35.3,5,0,1
397,10,0,2,0.0,0.0,5,0,1
398,10,0,2,0.0,0.0,5,0,1
399,10,0,2,0.0,0.0,5,0,1
400,10,0,2,0.0,0.0,5,0,1
401,10,0,2,26.1,26.1,4,0,2
402,10,0,2,0.0,26.1,5,0,1
403,10,0,2,0.0,26.1,5,0,1
404,10,0,2,0.0,26.1,5,0,1
405,10,0,2,0.0,26.1,5,0,1
406,10,0,2,0.0,26.1,5,0,1
407,10,0,2,0.0,26.1,5,0,1
408,10,0,2,0.0,26.1,5,0,1
409,10,0,2,0.0,26.1,5,0,1
410,10,0,2,0.0,26.1,5,0,1
411,10,0,2,0.0,26.1,5,0,1
412,10,0,2,0.0,26.1,5,0,1
413,10,0,2,0.0,26.1,5,0,1
414,10,0,2,0.0,26.1,5,0,1
415,10,0,2,0.0,26.1,5,0,1
416,10,0,2,0.0,26.1,5,0,1
417,10,0,2,0.0,26.1,5,0,1
418,10,0,2,0.0,26.1,5,0,1
419,10,0,2,0.0,26.1,5,0,1
420,10,0,2,0.0,26.1,5,0,1
421,10,0,2,7.5,33.6,4,0,1
422,10,0,2,9.3,42.9,4,0,1
423,10,0,2,0.0,42.9,5,0,1
424,10,0,2,0.0,42.9,5,0,1
425,10,0,2,0.0,0.0,5,0,1
426,10,0,2,0.0,0.0,5,0,1
427,10,0,2,0.0,0.0,5,0,1
428,10,0,2,0.0,0.0,5,0,1
429,10,0,2,0.0,0.0,5,0,1
430,10,0,2,0.0,0.0,5,0,1
431,10,0,2,0.0,0.0,5,0,1
432,10,0,2,0.0,0.0,5,0,1
433,10,0,2,13.0,13.0,4,0,1
434,10,0,2,0.0,13.0,5,0,1
435,10,0,2,0.0,13.0,5,0,1
436,10,0,2,0.0,13.0,5,0,1
437,10,0,2,0.0,13.0,5,0,1
438,10,0,2,0.0,13.0,5,0,1
439,10,0,2,0.0,13.0,5,0,1
440,10,0,2,0.0,13.0,5,0,1
441,10,0,2,0.0,13.0,5,0,1
442,10,0,2,0.0,13.0,5,0,1
443,10,0,2,0.0,13.0,5,0,1
444,10,0,2,0.0,13.0,5,0,1
445,10,0,2,0.0,13.0,5,0,1
446,10,0,2,0.0,13.0,5,0,1
447,10,0,2,0.0,13.0,5,0,1
448,10,0,2,0.0,13.0,5,0,1
449,10,0,2,0.0,13.0,5,0,1
450,10,0,2,0.0,13.0,5,0,1
451,10,0,2,0.0,13.0,5,0,1
452,10,0,2,0.0,13.0,5,0,1
453,10,0,2,0.0,13.0,5,0,1
454,10,0,2,0.0,13.0,5,0,1
455,10,0,2,0.0,13.0,5,0,1
456,10,0,2,0.0,0.0,5,0,1
457,10,0,2,0.0,0.0,5,0,1
458,10,0,2,0.0,0.0,5,0,1
459,10,0,2,0.0,0.0,5,0,1
460,10,0,2,5.6,5.6,3,0,1
461,10,0,2,0.0,5.6,5,0,1
462,10,0,2,0.0,5.6,5,0,1
463,10,0,2,7.6,13.2,4,0,1
464,10,0,2,0.0,13.2,5,0,1
465,10,0,2,0.0,13.2,5,0,1
466,10,0,2,0.0,13.2,5,0,1
467,10,0,2,0.0,13.2,5,0,1
468,10,0,2,0.0,13.2,5,0,1
469,10,0,2,2.5,15.7,3,0,1
470,10,0,2,0.0,15.7,5,0,1
471,10,0,2,0.0,15.7,5,0,1
472,10,0,2,0.0,15.7,5,0,1
473,10,0,2,0.0,15.7,5,0,1
474,10,0,2,0.0,15.7,5,0,1
475,10,0,2,0.0,15.7,5,0,1
476,10,0,2,4.2,19.9,3,0,1
477,10,0,2,0.0,19.9,5,0,1
478,10,0,2,0.0,19.9,5,0,1
479,10,0,2,12.0,31.9,4,0,1
480,10,0,2,0.0,31.9,5,0,1
481,10,0,2,4.0,35.9,3,0,1
482,10,0,2,0.3,36.2,3,0,1
483,10,0,2,0.0,36.2,5,0,1
484,10,0,2,0.1,36.3,3,0,1
485,10,0,2,0.0,36.3,5,0,1
486,10,0,2,5.3,5.3,3,0,1
487,10,0,2,1.0,6.3,3,0,1
488,10,0,2,0.0,6.3,5,0,1
489,10,0,2,0.0,6.3,5,0,1
490,10,0,2,0.0,6.3,5,0,1
491,10,0,2,0.0,6.3,5,0,1
492,10,0,2,0.3,6.6,3,0,1
493,10,0,2,0.0,6.6,5,0,1
494,10,0,2,0.0,6.6,5,0,1
495,10,0,2,0.0,6.6,5,0,1
496,10,0,2,4.4,11.0,3,0,1
497,10,0,2,0.0,11.0,5,0,1
498,10,0,2,0.0,11.0,5,0,1
499,10,0,2,0.5,11.5,3,0,1
500,10,0,2,0.0,11.5,5,0,1
501,10,0,2,12.0,23.5,4,0,1
502,10,0,2,0.0,23.5,5,0,1
503,10,0,2,0.2,23.7,3,0,1
504,10,0,2,0.0,23.7,5,0,1
505,10,0,2,7.6,31.3,4,0,1
506,10,0,2,0.0,31.3,5,0,1
507,10,0,2,0.0,31.3,5,0,1
508,10,0,2,0.0,31.3,5,0,1
509,10,0,2,0.0,31.3,5,0,1
510,10,0,2,0.0,31.3,5,0,1
511,10,0,2,17.5,48.8,4,0,2
512,10,0,2,0.4,49.2,3,0,1
513,10,0,2,0.0,49.2,5,0,1
514,10,0,2,0.7,49.9,3,0,1
515,10,0,2,0.0,49.9,5,0,1
516,10,0,2,19.2,69.1,4,0,2
517,10,0,2,43.2,43.2,2,0,0
518,10,0,2,74.5,117.7,6,1,0
519,10,0,2,7.6,125.3,4,0,1
520,10,0,2,80.1,205.4,6,1,0
521,10,0,2,10.7,216.1,4,0,1
522,10,0,2,9.7,225.8,4,0,1
523,10,0,2,6.9,232.7,3,0,1
524,10,0,2,11.9,244.6,4,0,1
525,10,0,2,33.6,278.2,4,0,2
526,10,0,2,2.5,280.7,3,0,1
527,10,0,2,0.0,280.7,5,0,1
528,10,0,2,7.5,288.2,4,0,1
529,10,0,2,30.7,318.9,4,0,2
530,10,0,2,25.7,344.6,4,0,2
531,10,0,2,51.8,396.4,2,0,0
532,10,0,2,37.1,433.5,2,0,0
533,10,0,2,18.3,451.8,4,0,2
534,10,0,2,18.5,470.3,4,0,2
535,10,0,2,1.6,471.9,3,0,1
536,10,0,2,39.9,511.8,2,0,0
537,10,0,2,0.0,511.8,5,0,1
538,10,0,2,6.5,518.3,3,0,1
539,10,0,2,2.8,521.1,3,0,1
540,10,0,2,45.8,566.9,2,0,0
541,10,0,2,1.3,568.2,3,0,1
542,10,0,2,27.7,595.9,4,0,2
543,10,0,2,5.5,601.4,3,0,1
544,10,0,2,8.2,609.6,4,0,1
545,10,0,2,9.2,618.8,4,0,1
546,10,0,2,11.8,630.6,4,0,1
547,10,0,2,16.5,16.5,4,0,2
548,10,0,2,0.0,16.5,5,0,1
549,10,0,2,5.2,21.7,3,0,1
550,10,0,2,29.3,51.0,4,0,2
551,10,0,2,0.0,51.0,5,0,1
552,10,0,2,45.4,96.4,2,0,0
553,10,0,2,30.3,126.7,4,0,2
554,10,0,2,11.4,138.1,4,0,1
555,10,0,2,48.2,186.3,2,0,0
556,10,0,2,19.4,205.7,4,0,2
557,10,0,2,36.9,242.6,2,0,0
558,10,0,2,19.8,262.4,4,0,2
559,10,0,2,4.6,267.0,3,0,1
560,10,0,2,33.5,300.5,4,0,2
561,10,0,2,9.5,310.0,4,0,1
562,10,0,2,23.2,333.2,4,0,2
563,10,0,2,32.8,366.0,4,0,2
564,10,0,2,20.1,386.1,4,0,2
565,10,0,2,56.6,442.7,2,0,0
566,10,0,2,9.3,452.0,4,0,1
567,10,0,2,7.9,459.9,4,0,1
568,10,0,2,6.5,466.4,3,0,1
569,10,0,2,14.6,481.0,4,0,1
570,10,0,2,36.8,517.8,2,0,0
571,10,0,2,10.0,527.8,4,0,1
572,10,0,2,5.4,533.2,3,0,1
573,10,0,2,14.1,547.3,4,0,1
574,10,0,2,53.3,600.6,2,0,0
575,10,0,2,2.0,602.6,3,0,1
576,10,0,2,21.2,623.8,4,0,2
577,10,0,2,25.7,649.5,4,0,2
578,10,0,2,9.9,9.9,4,0,1
579,10,0,2,3.5,13.4,3,0,1
580,10,0,2,46.7,60.1,2,0,0
581,10,0,2,32.8,92.9,4,0,2
582,10,0,2,17.3,110.2,4,0,2
583,10,0,2,7.6,117.8,4,0,1
584,10,0,2,4.4,122.2,3,0,1
585,10,0,2,25.4,147.6,4,0,2
586,10,0,2,3.4,151.0,3,0,1
587,10,0,2,13.0,164.0,4,0,1
588,10,0,2,6.3,170.3,3,0,1
589,10,0,2,26.0,196.3,4,0,2
590,10,0,2,8.9,205.2,4,0,1
591,10,0,2,49.0,254.2,2,0,0
592,10,0,2,10.0,264.2,4,0,1
593,10,0,2,10.2,274.4,4,0,1
594,10,0,2,30.8,305.2,4,0,2
595,10,0,2,31.2,336.4,4,0,2
596,10,0,2,18.2,354.6,4,0,2
597,10,0,2,16.8,371.4,4,0,2
598,10,0,2,6.0,377.4,3,0,1
599,10,0,2,20.7,398.1,4,0,2
600,10,0,2,35.0,433.1,4,0,2
601,10,0,2,16.4,449.5,4,0,2
602,10,0,2,6.2,455.7,3,0,1
603,10,0,2,4.7,460.4,3,0,1
604,10,0,2,0.0,460.4,5,0,1
605,10,0,2,11.4,471.8,4,0,1
606,10,0,2,10.8,482.6,4,0,1
607,10,0,2,268.1,750.7,0,3,0
608,10,0,2,0.0,750.7,5,0,1
609,10,0,2,3.7,3.7,3,0,1
610,10,0,2,7.5,11.2,4,0,1
611,10,0,2,14.2,25.4,4,0,1
612,10,0,2,24.0,49.4,4,0,2
613,10,0,2,0.7,50.1,3,0,1
614,10,0,2,15.1,65.2,4,0,2
615,10,0,2,0.0,65.2,5,0,1
616,10,0,2,52.5,117.7,2,0,0
617,10,0,2,14.6,132.3,4,0,1
618,10,0,2,87.7,220.0,6,1,0
619,10,0,2,11.1,231.1,4,0,1
620,10,0,2,0.0,231.1,5,0,1
621,10,0,2,22.2,253.3,4,0,2
622,10,0,2,17.2,270.5,4,0,2
623,10,0,2,29.1,299.6,4,0,2
624,10,0,2,0.4,300.0,3,0,1
625,10,0,2,3.5,303.5,3,0,1
626,10,0,2,7.5,311.0,4,0,1
627,10,0,2,21.1,332.1,4,0,2
628,10,0,2,14.5,346.6,4,0,1
629,10,0,2,89.4,436.0,6,1,0
630,10,0,2,4.0,440.0,3,0,1
631,10,0,2,0.1,440.1,3,0,1
632,10,0,2,21.9,462.0,4,0,2
633,10,0,2,24.5,486.5,4,0,2
634,10,0,2,2.7,489.2,3,0,1
635,10,0,2,15.6,504.8,4,0,2
636,10,0,2,38.2,543.0,2,0,0
637,10,0,2,9.3,552.3,4,0,1
638,10,0,2,0.0,552.3,5,0,1
639,10,0,2,16.9,16.9,4,0,2
640,10,0,2,0.0,16.9,5,0,1
641,10,0,2,4.6,21.5,3,0,1
642,10,0,2,1.4,22.9,3,0,1
643,10,0,2,6.6,29.5,3,0,1
644,10,0,2,11.4,40.9,4,0,1
645,10,0,2,4.8,45.7,3,0,1
646,10,0,2,0.0,45.7,5,0,1
647,10,0,2,10.3,56.0,4,0,1
648,10,0,2,5.3,61.3,3,0,1
649,10,0,2,5.7,67.0,3,0,1
650,10,0,2,4.1,71.1,3,0,1
651,10,0,2,0.4,71.5,3,0,1
652,10,0,2,20.5,92.0,4,0,2
653,10,0,2,0.0,92.0,5,0,1
654,10,0,2,2.2,94.2,3,0,1
655,10,0,2,4.0,98.2,3,0,1
656,10,0,2,2.3,100.5,3,0,1
657,10,0,2,16.1,116.6,4,0,2
658,10,0,2,1.2,117.8,3,0,1
659,10,0,2,3.5,121.3,3,0,1
660,10,0,2,15.6,136.9,4,0,2
661,10,0,2,5.1,142.0,3,0,1
662,10,0,2,3.7,145.7,3,0,1
663,10,0,2,0.0,145.7,5,0,1
664,10,0,2,1.1,146.8,3,0,1
665,10,0,2,4.0,150.8,3,0,1
666,10,0,2,3.9,154.7,3,0,1
667,10,0,2,0.0,154.7,5,0,1
668,10,0,2,11.6,166.3,4,0,1
669,10,0,2,1.7,168.0,3,0,1
670,10,0,2,0.1,0.1,3,0,1
671,10,0,2,0.0,0.1,5,0,1
672,10,0,2,0.0,0.1,5,0,1
673,10,0,2,10.0,10.1,4,0,1
674,10,0,2,0.0,10.1,5,0,1
675,10,0,2,0.0,10.1,5,0,1
676,10,0,2,16.8,26.9,4,0,2
677,10,0,2,3.4,30.3,3,0,1
678,10,0,2,0.0,30.3,5,0,1
679,10,0,2,0.0,30.3,5,0,1
680,10,0,2,12.2,42.5,4,0,1
681,10,0,2,0.0,42.5,5,0,1
682,10,0,2,0.0,42.5,5,0,1
683,10,0,2,0.0,42.5,5,0,1
684,10,0,2,0.0,42.5,5,0,1
685,10,0,2,0.0,42.5,5,0,1
686,10,0,2,0.0,42.5,5,0,1
687,10,0,2,0.0,42.5,5,0,1
688,10,0,2,0.0,42.5,5,0,1
689,10,0,2,16.1,58.6,4,0,2
690,10,0,2,7.3,65.9,3,0,1
691,10,0,2,0.0,65.9,5,0,1
692,10,0,2,6.3,72.2,3,0,1
693,10,0,2,0.0,72.2,5,0,1
694,10,0,2,15.4,87.6,4,0,2
695,10,0,2,0.0,87.6,5,0,1
696,10,0,2,0.0,87.6,5,0,1
697,10,0,2,0.0,87.6,5,0,1
698,10,0,2,0.0,87.6,5,0,1
699,10,0,2,0.0,87.6,5,0,1
700,10,0,2,0.0,0.0,5,0,1
701,10,0,2,0.0,0.0,5,0,1
702,10,0,2,0.0,0.0,5,0,1
703,10,0,2,0.0,0.0,5,0,1
704,10,0,2,0.0,0.0,5,0,1
705,10,0,2,0.0,0.0,5,0,1
706,10,0,2,0.0,0.0,5,0,1
707,10,0,2,0.0,0.0,5,0,1
708,10,0,2,0.0,0.0,5,0,1
709,10,0,2,0.0,0.0,5,0,1
710,10,0,2,0.0,0.0,5,0,1
711,10,0,2,0.0,0.0,5,0,1
712,10,0,2,0.0,0.0,5,0,1
713,10,0,2,0.9,0.9,3,0,1
714,10,0,2,13.3,14.2,4,0,1
715,10,0,2,0.0,14.2,5,0,1
716,10,0,2,0.0,14.2,5,0,1
717,10,0,2,0.0,14.2,5,0,1
718,10,0,2,0.0,14.2,5,0,1
719,10,0,2,0.0,14.2,5,0,1
720,10,0,2,0.0,14.2,5,0,1
721,10,0,2,0.0,14.2,5,0,1
722,10,0,2,0.0,14.2,5,0,1
723,10,0,2,0.0,14.2,5,0,1
724,10,0,2,0.0,14.2,5,0,1
725,10,0,2,0.0,14.2,5,0,1
726,10,0,2,0.0,14.2,5,0,1
727,10,0,2,0.0,14.2,5,0,1
728,10,0,2,0.0,14.2,5,0,1
729,10,0,2,0.0,14.2,5,0,1
730,10,0,2,3.3,17.5,3,0,1
731,10,0,0,0.0,0.0,5,0,1
732,10,0,0,0.0,0.0,5,0,1
733,10,0,0,0.0,0.0,5,0,1
734,10,0,0,0.0,0.0,5,0,1
735,10,0,0,0.0,0.0,5,0,1
736,10,0,0,0.0,0.0,5,0,1
737,10,0,0,0.0,0.0,5,0,1
738,10,0,0,0.0,0.0,5,0,1
739,10,0,0,0.0,0.0,5,0,1
740,10,0,0,0.0,0.0,5,0,1
741,10,0,0,0.0,0.0,5,0,1
742,10,0,0,0.0,0.0,5,0,1
743,10,0,0,0.0,0.0,5,0,1
744,10,0,0,0.0,0.0,5,0,1
745,10,0,0,0.0,0.0,5,0,1
746,10,0,0,0.0,0.0,5,0,1
747,10,0,0,0.0,0.0,5,0,1
748,10,0,0,0.0,0.0,5,0,1
749,10,0,0,0.0,0.0,5,0,1
750,10,0,0,0.0,0.0,5,0,1
751,10,0,0,0.0,0.0,5,0,1
752,10,0,0,7.8,7.8,4,0,1
753,10,0,0,0.0,7.8,5,0,1
754,10,0,0,0.0,7.8,5,0,1
755,10,0,0,0.0,7.8,5,0,1
756,10,0,0,0.0,7.8,5,0,1
757,10,0,0,0.0,7.8,5,0,1
758,10,0,0,0.0,7.8,5,0,1
759,10,0,0,0.0,7.8,5,0,1
760,10,0,0,0.0,7.8,5,0,1
761,10,0,0,0.0,7.8,5,0,1
762,10,0,0,0.0,0.0,5,0,1
763,10,0,0,0.0,0.0,5,0,1
764,10,0,0,0.0,0.0,5,0,1
765,10,0,0,0.0,0.0,5,0,1
766,10,0,0,0.0,0.0,5,0,1
767,10,0,0,0.0,0.0,5,0,1
768,10,0,0,0.0,0.0,5,0,1
769,10,0,0,0.0,0.0,5,0,1
770,10,0,0,0.0,0.0,5,0,1
771,10,0,0,0.0,0.0,5,0,1
772,10,0,0,0.0,0.0,5,0,1
773,10,0,0,0.0,0.0,5,0,1
774,10,0,0,0.0,0.0,5,0,1
775,10,0,0,0.0,0.0,5,0,1
776,10,0,0,0.0,0.0,5,0,1
777,10,0,0,0.0,0.0,5,0,1
778,10,0,0,0.0,0.0,5,0,1
779,10,0,0,0.0,0.0,5,0,1
780,10,0,0,0.0,0.0,5,0,1
781,10,0,0,0.0,0.0,5,0,1
782,10,0,0,0.0,0.0,5,0,1
783,10,0,0,0.0,0.0,5,0,1
784,10,0,0,0.0,0.0,5,0,1
785,10,0,0,0.0,0.0,5,0,1
786,10,0,0,0.0,0.0,5,0,1
787,10,0,0,0.0,0.0,5,0,1
788,10,0,0,0.0,0.0,5,0,1
789,10,0,0,0.0,0.0,5,0,1
790,10,0,0,0.0,0.0,5,0,1
791,10,0,0,0.0,0.0,5,0,1
792,10,0,0,0.0,0.0,5,0,1
793,10,0,0,0.0,0.0,5,0,1
794,10,0,0,0.0,0.0,5,0,1
795,10,0,0,0.0,0.0,5,0,1
796,10,0,0,0.0,0.0,5,0,1
797,10,0,0,0.0,0.0,5,0,1
798,10,0,0,0.0,0.0,5,0,1
799,10,0,0,2.1,2.1,3,0,1
800,10,0,0,0.0,2.1,5,0,1
801,10,0,0,0.0,2.1,5,0,1
802,10,0,0,0.0,2.1,5,0,1
803,10,0,0,0.0,2.1,5,0,1
804,10,0,0,0.0,2.1,5,0,1
805,10,0,0,0.0,2.1,5,0,1
806,10,0,0,0.0,2.1,5,0,1
807,10,0,0,0.0,2.1,5,0,1
808,10,0,0,0.0,2.1,5,0,1
809,10,0,0,0.0,2.1,5,0,1
810,10,0,0,0.0,2.1,5,0,1
811,10,0,0,0.0,2.1,5,0,1
812,10,0,0,0.0,2.1,5,0,1
813,10,0,0,0.0,2.1,5,0,1
814,10,0,0,0.0,2.1,5,0,1
815,10,0,0,0.0,2.1,5,0,1
816,10,0,0,0.0,2.1,5,0,1
817,10,0,0,0.0,2.1,5,0,1
818,10,0,0,0.0,2.1,5,0,1
819,10,0,0,0.0,2.1,5,0,1
820,10,0,0,0.0,2.1,5,0,1
821,10,0,0,0.0,0.0,5,0,1
822,10,0,0,0.0,0.0,5,0,1
823,10,0,0,0.0,0.0,5,0,1
824,10,0,0,0.0,0.0,5,0,1
825,10,0,0,0.0,0.0,5,0,1
826,10,0,0,0.0,0.0,5,0,1
827,10,0,0,0.0,0.0,5,0,1
828,10,0,0,0.0,0.0,5,0,1
829,10,0,0,1.2,1.2,3,0,1
830,10,0,0,0.0,1.2,5,0,1
831,10,0,0,0.0,1.2,5,0,1
832,10,0,0,0.0,1.2,5,0,1
833,10,0,0,0.0,1.2,5,0,1
834,10,0,0,0.0,1.2,5,0,1
835,10,0,0,0.0,1.2,5,0,1
836,10,0,0,0.0,1.2,5,0,1
837,10,0,0,0.0,1.2,5,0,1
838,10,0,0,0.0,1.2,5,0,1
839,10,0,0,0.0,1.2,5,0,1
840,10,0,0,0.0,1.2,5,0,1
841,10,0,0,0.0,1.2,5,0,1
842,10,0,0,0.0,1.2,5,0,1
843,10,0,0,5.8,7.0,3,0,1
844,10,0,0,0.0,7.0,5,0,1
845,10,0,0,0.0,7.0,5,0,1
846,10,0,0,0.0,7.0,5,0,1
847,10,0,0,0.0,7.0,5,0,1
848,10,0,0,0.0,7.0,5,0,1
849,10,0,0,0.0,7.0,5,0,1
850,10,0,0,0.0,7.0,5,0,1
851,10,0,0,2.4,2.4,3,0,1
852,10,0,0,0.0,2.4,5,0,1
853,10,0,0,0.0,2.4,5,0,1
854,10,0,0,0.0,2.4,5,0,1
855,10,0,0,0.0,2.4,5,0,1
856,10,0,0,0.0,2.4,5,0,1
857,10,0,0,0.0,2.4,5,0,1
858,10,0,0,0.0,2.4,5,0,1
859,10,0,0,0.0,2.4,5,0,1
860,10,0,0,0.0,2.4,5,0,1
861,10,0,0,0.0,2.4,5,0,1
862,10,0,0,0.0,2.4,5,0,1
863,10,0,0,0.0,2.4,5,0,1
864,10,0,0,0.0,2.4,5,0,1
865,10,0,0,0.0,2.4,5,0,1
866,10,0,0,0.0,2.4,5,0,1
867,10,0,0,0.0,2.4,5,0,1
868,10,0,0,7.5,9.9,4,0,1
869,10,0,0,0.0,9.9,5,0,1
870,10,0,0,5.4,15.3,3,0,1
871,10,0,0,0.0,15.3,5,0,1
872,10,0,0,0.0,15.3,5,0,1
873,10,0,0,0.0,15.3,5,0,1
874,10,0,0,0.0,15.3,5,0,1
875,10,0,0,0.0,15.3,5,0,1
876,10,0,0,0.0,15.3,5,0,1
877,10,0,0,0.0,15.3,5,0,1
878,10,0,0,0.0,15.3,5,0,1
879,10,0,0,0.0,15.3,5,0,1
880,10,0,0,0.0,15.3,5,0,1
881,10,0,0,0.0,15.3,5,0,1
882,10,0,0,0.0,0.0,5,0,1
883,10,0,0,0.0,0.0,5,0,1
884,10,0,0,7.9,7.9,4,0,1
885,10,0,0,0.0,7.9,5,0,1
886,10,0,0,1.0,8.9,3,0,1
887,10,0,0,0.0,8.9,5,0,1
888,10,0,0,3.1,12.0,3,0,1
889,10,0,0,0.0,12.0,5,0,1
890,10,0,0,0.0,12.0,5,0,1
891,10,0,0,5.2,17.2,3,0,1
892,10,0,0,15.4,32.6,4,0,2
893,10,0,0,4.1,36.7,3,0,1
894,10,0,0,1.3,38.0,3,0,1
895,10,0,0,3.6,41.6,3,0,1
896,10,0,0,0.0,41.6,5,0,1
897,10,0,0,0.0,41.6,5,0,1
898,10,0,0,0.0,41.6,5,0,1
899,10,0,0,9.0,50.6,4,0,1
900,10,0,0,0.0,50.6,5,0,1
901,10,0,0,0.0,50.6,5,0,1
902,10,0,0,10.8,61.4,4,0,1
903,10,0,0,0.0,61.4,5,0,1
904,10,0,0,0.0,61.4,5,0,1
905,10,0,0,0.0,61.4,5,0,1
906,10,0,0,0.0,61.4,5,0,1
907,10,0,0,11.0,72.4,4,0,1
908,10,0,0,2.6,75.0,3,0,1
909,10,0,0,0.9,75.9,3,0,1
910,10,0,0,0.0,75.9,5,0,1
911,10,0,0,0.0,75.9,5,0,1
912,10,0,0,0.0,0.0,5,0,1
913,10,0,0,0.0,0.0,5,0,1
914,10,0,0,0.0,0.0,5,0,1
915,10,0,0,2.3,2.3,3,0,1
916,10,0,0,0.0,2.3,5,0,1
917,10,0,0,0.0,2.3,5,0,1
918,10,0,0,0.0,2.3,5,0,1
919,10,0,0,139.3,141.6,1,2,0
920,10,0,0,0.0,141.6,5,0,1
921,10,0,0,0.0,141.6,5,0,1
922,10,0,0,0.0,141.6,5,0,1
923,10,0,0,0.0,141.6,5,0,1
924,10,0,0,0.0,141.6,5,0,1
925,10,0,0,2.9,144.5,3,0,1
926,10,0,0,0.0,144.5,5,0,1
927,10,0,0,0.0,144.5,5,0,1
928,10,0,0,0.0,144.5,5,0,1
929,10,0,0,17.4,161.9,4,0,2
930,10,0,0,0.0,161.9,5,0,1
931,10,0,0,0.0,161.9,5,0,1
932,10,0,0,0.0,161.9,5,0,1
933,10,0,0,0.0,161.9,5,0,1
934,10,0,0,0.0,161.9,5,0,1
935,10,0,0,0.0,161.9,5,0,1
936,10,0,0,19.1,181.0,4,0,2
937,10,0,0,0.0,181.0,5,0,1
938,10,0,0,12.7,193.7,4,0,1
939,10,0,0,0.0,193.7,5,0,1
940,10,0,0,0.0,193.7,5,0,1
941,10,0,0,0.0,193.7,5,0,1
942,10,0,0,0.0,193.7,5,0,1
943,10,0,0,0.2,0.2,3,0,1
944,10,0,0,11.8,12.0,4,0,1
945,10,0,0,0.0,12.0,5,0,1
946,10,0,0,0.0,12.0,5,0,1
947,10,0,0,0.0,12.0,5,0,1
948,10,0,0,2.1,14.1,3,0,1
949,10,0,0,0.0,14.1,5,0,1
950,10,0,0,0.0,14.1,5,0,1
951,10,0,0,0.0,14.1,5,0,1
952,10,0,0,3.8,17.9,3,0,1
953,10,0,0,0.0,17.9,5,0,1
954,10,0,0,7.3,25.2,3,0,1
955,10,0,0,0.0,25.2,5,0,1
956,10,0,0,2.1,27.3,3,0,1
957,10,0,0,10.8,38.1,4,0,1
958,10,0,0,0.0,38.1,5,0,1
959,10,0,0,0.0,38.1,5,0,1
960,10,0,0,0.0,38.1,5,0,1
961,10,0,0,9.2,47.3,4,0,1
962,10,0,0,0.0,47.3,5,0,1
963,10,0,0,0.0,47.3,5,0,1
964,10,0,0,0.0,47.3,5,0,1
965,10,0,0,0.0,47.3,5,0,1
966,10,0,0,0.0,47.3,5,0,1
967,10,0,0,0.0,47.3,5,0,1
968,10,0,0,32.8,80.1,4,0,2
969,10,0,0,0.0,80.1,5,0,1
970,10,0,0,0.1,80.2,3,0,1
971,10,0,0,0.0,80.2,5,0,1
972,10,0,0,5.4,85.6,3,0,1
973,10,0,0,4.9,90.5,3,0,1
974,10,0,0,0.0,0.0,5,0,1
975,10,0,0,24.9,24.9,4,0,2
976,10,0,0,0.0,24.9,5,0,1
977,10,0,0,0.0,24.9,5,0,1
978,10,0,0,0.0,24.9,5,0,1
979,10,0,0,0.0,24.9,5,0,1
980,10,0,0,0.0,24.9,5,0,1
981,10,0,0,0.0,24.9,5,0,1
982,10,0,0,1.0,25.9,3,0,1
983,10,0,0,6.5,32.4,3,0,1
984,10,0,0,0.0,32.4,5,0,1
985,10,0,0,0.0,32.4,5,0,1
986,10,0,0,0.0,32.4,5,0,1
987,10,0,0,0.0,32.4,5,0,1
988,10,0,0,0.0,32.4,5,0,1
989,10,0,0,11.8,44.2,4,0,1
990,10,0,0,20.0,64.2,4,0,2
991,10,0,0,9.5,73.7,4,0,1
992,10,0,0,5.4,79.1,3,0,1
993,10,0,0,14.8,93.9,4,0,1
994,10,0,0,0.0,93.9,5,0,1
995,10,0,0,0.0,93.9,5,0,1
996,10,0,0,15.5,109.4,4,0,2
997,10,0,0,0.0,109.4,5,0,1
998,10,0,0,0.0,109.4,5,0,1
999,10,0,0,10.7,120.1,4,0,1
1000,10,0,0,13.2,133.3,4,0,1
1001,10,0,0,0.0,133.3,5,0,1
1002,10,0,0,27.0,160.3,4,0,2
1003,10,0,0,0.0,160.3,5,0,1
1004,10,0,0,0.0,0.0,5,0,1
1005,10,0,0,0.0,0.0,5,0,1
1006,10,0,0,0.0,0.0,5,0,1
1007,10,0,0,3.0,3.0,3,0,1
1008,10,0,0,0.0,3.0,5,0,1
1009,10,0,0,0.0,3.0,5,0,1
1010,10,0,0,0.5,3.5,3,0,1
1011,10,0,0,0.0,3.5,5,0,1
1012,10,0,0,0.0,3.5,5,0,1
1013,10,0,0,1.1,4.6,3,0,1
1014,10,0,0,3.0,7.6,3,0,1
1015,10,0,0,0.0,7.6,5,0,1
1016,10,0,0,0.0,7.6,5,0,1
1017,10,0,0,0.0,7.6,5,0,1
1018,10,0,0,3.7,11.3,3,0,1
1019,10,0,0,0.0,11.3,5,0,1
1020,10,0,0,0.7,12.0,3,0,1
1021,10,0,0,0.0,12.0,5,0,1
1022,10,0,0,0.0,12.0,5,0,1
1023,10,0,0,0.8,12.8,3,0,1
1024,10,0,0,0.0,12.8,5,0,1
1025,10,0,0,0.2,13.0,3,0,1
1026,10,0,0,1.0,14.0,3,0,1
1027,10,0,0,5.3,19.3,3,0,1
1028,10,0,0,0.0,19.3,5,0,1
1029,10,0,0,5.6,24.9,3,0,1
1030,10,0,0,0.0,24.9,5,0,1
1031,10,0,0,0.0,24.9,5,0,1
1032,10,0,0,0.0,24.9,5,0,1
1033,10,0,0,0.0,24.9,5,0,1
1034,10,0,0,0.0,24.9,5,0,1
1035,10,0,0,0.0,0.0,5,0,1
1036,10,0,0,0.0,0.0,5,0,1
1037,10,0,0,1.5,1.5,3,0,1
1038,10,0,0,0.6,2.1,3,0,1
1039,10,0,0,0.0,2.1,5,0,1
1040,10,0,0,0.0,2.1,5,0,1
1041,10,0,0,0.0,2.1,5,0,1
1042,10,0,0,6.2,8.3,3,0,1
1043,10,0,0,2.5,10.8,3,0,1
1044,10,0,0,0.0,10.8,5,0,1
1045,10,0,0,0.0,10.8,5,0,1
1046,10,0,0,0.0,10.8,5,0,1
1047,10,0,0,0.0,10.8,5,0,1
1048,10,0,0,0.0,10.8,5,0,1
1049,10,0,0,3.1,13.9,3,0,1
1050,10,0,0,0.0,13.9,5,0,1
1051,10,0,0,0.0,13.9,5,0,1
1052,10,0,0,0.0,13.9,5,0,1
1053,10,0,0,5.9,19.8,3,0,1
1054,10,0,0,0.0,19.8,5,0,1
1055,10,0,0,4.2,24.0,3,0,1
1056,10,0,0,0.0,24.0,5,0,1
1057,10,0,0,0.0,24.0,5,0,1
1058,10,0,0,0.0,24.0,5,0,1
1059,10,0,0,0.0,24.0,5,0,1
1060,10,0,0,0.0,24.0,5,0,1
1061,10,0,0,0.0,24.0,5,0,1
1062,10,0,0,0.0,24.0,5,0,1
1063,10,0,0,0.0,24.0,5,0,1
1064,10,0,0,0.0,24.0,5,0,1
1065,10,0,0,0.0,0.0,5,0,1
1066,10,0,0,0.0,0.0,5,0,1
1067,10,0,0,0.0,0.0,5,0,1
1068,10,0,0,0.0,0.0,5,0,1
1069,10,0,0,0.0,0.0,5,0,1
1070,10,0,0,0.0,0.0,5,0,1
1071,10,0,0,0.0,0.0,5,0,1
1072,10,0,0,0.0,0.0,5,0,1
1073,10,0,0,0.0,0.0,5,0,1
1074,10,0,0,0.0,0.0,5,0,1
1075,10,0,0,0.0,0.0,5,0,1
1076,10,0,0,0.0,0.0,5,0,1
1077,10,0,0,0.0,0.0,5,0,1
1078,10,0,0,0.0,0.0,5,0,1
1079,10,0,0,0.0,0.0,5,0,1
1080,10,0,0,0.0,0.0,5,0,1
1081,10,0,0,0.0,0.0,5,0,1
1082,10,0,0,0.0,0.0,5,0,1
1083,10,0,0,0.0,0.0,5,0,1
1084,10,0,0,0.0,0.0,5,0,1
1085,10,0,0,0.0,0.0,5,0,1
1086,10,0,0,0.0,0.0,5,0,1
1087,10,0,0,0.0,0.0,5,0,1
1088,10,0,0,0.0,0.0,5,0,1
1089,10,0,0,0.0,0.0,5,0,1
1090,10,0,0,0.0,0.0,5,0,1
1091,10,0,0,0.0,0.0,5,0,1
1092,10,0,0,0.0,0.0,5,0,1
1093,10,0,0,0.0,0.0,5,0,1
1094,10,0,0,0.0,0.0,5,0,1
1095,10,0,0,0.0,0.0,5,0,1
1096,10,0,3,0.0,0.0,5,0,1
1097,10,0,3,1.7,1.7,3,0,1
1098,10,0,3,0.0,1.7,5,0,1
1099,10,0,3,7.4,9.1,3,0,1
1100,10,0,3,0.0,9.1,5,0,1
1101,10,0,3,0.0,9.1,5,0,1
1102,10,0,3,0.0,9.1,5,0,1
1103,10,0,3,0.0,9.1,5,0,1
1104,10,0,3,0.0,9.1,5,0,1
1105,10,0,3,0.0,9.1,5,0,1
1106,10,0,3,0.0,9.1,5,0,1
1107,10,0,3,0.0,9.1,5,0,1
1108,10,0,3,0.0,9.1,5,0,1
1109,10,0,3,0.0,9.1,5,0,1
1110,10,0,3,0.3,9.4,3,0,1
1111,10,0,3,0.0,9.4,5,0,1
1112,10,0,3,0.0,9.4,5,0,1
1113,10,0,3,0.0,9.4,5,0,1
1114,10,0,3,0.0,9.4,5,0,1
1115,10,0,3,0.0,9.4,5,0,1
1116,10,0,3,0.0,9.4,5,0,1
1117,10,0,3,0.0,9.4,5,0,1
1118,10,0,3,0.0,9.4,5,0,1
1119,10,0,3,0.0,9.4,5,0,1
1120,10,0,3,0.0,9.4,5,0,1
1121,10,0,3,0.0,9.4,5,0,1
1122,10,0,3,0.0,9.4,5,0,1
1123,10,0,3,0.0,9.4,5,0,1
1124,10,0,3,0.0,9.4,5,0,1
1125,10,0,3,0.0,9.4,5,0,1
1126,10,0,3,0.0,9.4,5,0,1
1127,10,0,3,0.0,0.0,5,0,1
1128,10,0,3,0.4,0.4,3,0,1
1129,10,0,3,0.0,0.4,5,0,1
1130,10,0,3,0.0,0.4,5,0,1
1131,10,0,3,0.0,0.4,5,0,1
1132,10,0,3,0.0,0.4,5,0,1
1133,10,0,3,0.0,0.4,5,0,1
1134,10,0,3,0.0,0.4,5,0,1
1135,10,0,3,0.0,0.4,5,0,1
1136,10,0,3,0.0,0.4,5,0,1
1137,10,0,3,0.0,0.4,5,0,1
1138,10,0,3,0.0,0.4,5,0,1
1139,10,0,3,0.0,0.4,5,0,1
1140,10,0,3,0.0,0.4,5,0,1
1141,10,0,3,0.0,0.4,5,0,1
1142,10,0,3,0.0,0.4,5,0,1
1143,10,0,3,0.0,0.4,5,0,1
1144,10,0,3,0.0,0.4,5,0,1
1145,10,0,3,0.0,0.4,5,0,1
1146,10,0,3,0.0,0.4,5,0,1
1147,10,0,3,0.0,0.4,5,0,1
1148,10,0,3,0.0,0.4,5,0,1
1149,10,0,3,0.0,0.4,5,0,1
1150,10,0,3,0.0,0.4,5,0,1
1151,10,0,3,0.0,0.4,5,0,1
1152,10,0,3,0.0,0.4,5,0,1
1153,10,0,3,0.0,0.4,5,0,1
1154,10,0,3,0.0,0.4,5,0,1
1155,10,0,3,0.0,0.0,5,0,1
1156,10,0,3,0.0,0.0,5,0,1
1157,10,0,3,0.0,0.0,5,0,1
1158,10,0,3,0.0,0.0,5,0,1
1159,10,0,3,0.0,0.0,5,0,1
1160,10,0,3,0.0,0.0,5,0,1
1161,10,0,3,0.0,0.0,5,0,1
1162,10,0,3,0.0,0.0,5,0,1
1163,10,0,3,0.0,0.0,5,0,1
1164,10,0,3,0.0,0.0,5,0,1
1165,10,0,3,0.0,0.0,5,0,1
1166,10,0,3,0.0,0.0,5,0,1
1167,10,0,3,8.4,8.4,4,0,1
1168,10,0,3,0.0,8.4,5,0,1
1169,10,0,3,0.0,8.4,5,0,1
1170,10,0,3,0.0,8.4,5,0,1
1171,10,0,3,0.0,8.4,5,0,1
1172,10,0,3,0.0,8.4,5,0,1
1173,10,0,3,0.0,8.4,5,0,1
1174,10,0,3,0.0,8.4,5,0,1
1175,10,0,3,0.0,8.4,5,0,1
1176,10,0,3,0.0,8.4,5,0,1
1177,10,0,3,0.0,8.4,5,0,1
1178,10,0,3,0.0,8.4,5,0,1
1179,10,0,3,0.0,8.4,5,0,1
1180,10,0,3,0.0,8.4,5,0,1
1181,10,0,3,0.0,8.4,5,0,1
1182,10,0,3,0.0,8.4,5,0,1
1183,10,0,3,0.0,8.4,5,0,1
1184,10,0,3,0.0,8.4,5,0,1
1185,10,0,3,0.0,8.4,5,0,1
1186,10,0,3,0.3,0.3,3,0,1
1187,10,0,3,0.0,0.3,5,0,1
1188,10,0,3,0.0,0.3,5,0,1
1189,10,0,3,0.0,0.3,5,0,1
1190,10,0,3,0.0,0.3,5,0,1
1191,10,0,3,0.0,0.3,5,0,1
1192,10,0,3,0.0,0.3,5,0,1
1193,10,0,3,0.0,0.3,5,0,1
1194,10,0,3,1.1,1.4,3,0,1
1195,10,0,3,0.0,1.4,5,0,1
1196,10,0,3,0.0,1.4,5,0,1
1197,10,0,3,0.0,1.4,5,0,1
1198,10,0,3,0.0,1.4,5,0,1
1199,10,0,3,0.0,1.4,5,0,1
1200,10,0,3,0.0,1.4,5,0,1
1201,10,0,3,0.0,1.4,5,0,1
1202,10,0,3,0.0,1.4,5,0,1
1203,10,0,3,0.0,1.4,5,0,1
1204,10,0,3,0.0,1.4,5,0,1
1205,10,0,3,2.4,3.8,3,0,1
1206,10,0,3,0.0,3.8,5,0,1
1207,10,0,3,0.0,3.8,5,0,1
1208,10,0,3,0.0,3.8,5,0,1
1209,10,0,3,0.0,3.8,5,0,1
1210,10,0,3,0.0,3.8,5,0,1
1211,10,0,3,0.0,3.8,5,0,1
1212,10,0,3,0.0,3.8,5,0,1
1213,10,0,3,15.2,19.0,4,0,2
1214,10,0,3,0.0,19.0,5,0,1
1215,10,0,3,0.0,19.0,5,0,1
1216,10,0,3,0.7,0.7,3,0,1
1217,10,0,3,0.0,0.7,5,0,1
1218,10,0,3,0.0,0.7,5,0,1
1219,10,0,3,0.0,0.7,5,0,1
1220,10,0,3,5.9,6.6,3,0,1
1221,10,0,3,0.7,7.3,3,0,1
1222,10,0,3,0.0,7.3,5,0,1
1223,10,0,3,0.0,7.3,5,0,1
1224,10,0,3,0.0,7.3,5,0,1
1225,10,0,3,0.0,7.3,5,0,1
1226,10,0,3,0.0,7.3,5,0,1
1227,10,0,3,16.1,23.4,4,0,2
1228,10,0,3,0.0,23.4,5,0,1
1229,10,0,3,0.0,23.4,5,0,1
1230,10,0,3,0.4,23.8,3,0,1
1231,10,0,3,0.0,23.8,5,0,1
1232,10,0,3,0.0,23.8,5,0,1
1233,10,0,3,0.0,23.8,5,0,1
1234,10,0,3,0.0,23.8,5,0,1
1235,10,0,3,0.0,23.8,5,0,1
1236,10,0,3,0.4,24.2,3,0,1
1237,10,0,3,0.0,24.2,5,0,1
1238,10,0,3,6.0,30.2,3,0,1
1239,10,0,3,4.3,34.5,3,0,1
1240,10,0,3,0.0,34.5,5,0,1
1241,10,0,3,0.0,34.5,5,0,1
1242,10,0,3,0.0,34.5,5,0,1
1243,10,0,3,0.0,34.5,5,0,1
1244,10,0,3,3.4,37.9,3,0,1
1245,10,0,3,0.0,37.9,5,0,1
1246,10,0,3,1.6,39.5,3,0,1
1247,10,0,3,37.7,37.7,2,0,0
1248,10,0,3,21.8,59.5,4,0,2
1249,10,0,3,0.0,59.5,5,0,1
1250,10,0,3,2.1,61.6,3,0,1
1251,10,0,3,0.0,61.6,5,0,1
1252,10,0,3,5.9,67.5,3,0,1
1253,10,0,3,0.0,67.5,5,0,1
1254,10,0,3,3.5,71.0,3,0,1
1255,10,0,3,23.3,94.3,4,0,2
1256,10,0,3,12.5,106.8,4,0,1
1257,10,0,3,0.0,106.8,5,0,1
1258,10,0,3,4.5,111.3,3,0,1
1259,10,0,3,4.7,116.0,3,0,1
1260,10,0,3,0.0,116.0,5,0,1
1261,10,0,3,12.0,128.0,4,0,1
1262,10,0,3,8.0,136.0,4,0,1
1263,10,0,3,0.0,136.0,5,0,1
1264,10,0,3,60.7,196.7,2,0,0
1265,10,0,3,27.3,224.0,4,0,2
1266,10,0,3,17.5,241.5,4,0,2
1267,10,0,3,16.1,257.6,4,0,2
1268,10,0,3,2.7,260.3,3,0,1
1269,10,0,3,0.0,260.3,5,0,1
1270,10,0,3,12.7,273.0,4,0,1
1271,10,0,3,6.1,279.1,3,0,1
1272,10,0,3,14.3,293.4,4,0,1
1273,10,0,3,12.4,305.8,4,0,1
1274,10,0,3,47.1,352.9,2,0,0
1275,10,0,3,11.8,364.7,4,0,1
1276,10,0,3,41.1,405.8,2,0,0
1277,10,0,3,0.0,0.0,5,0,1
1278,10,0,3,4.3,4.3,3,0,1
1279,10,0,3,0.0,4.3,5,0,1
1280,10,0,3,4.4,8.7,3,0,1
1281,10,0,3,17.6,26.3,4,0,2
1282,10,0,3,9.1,35.4,4,0,1
1283,10,0,3,58.4,93.8,2,0,0
1284,10,0,3,15.2,109.0,4,0,2
1285,10,0,3,13.1,122.1,4,0,1
1286,10,0,3,2.3,124.4,3,0,1
1287,10,0,3,0.5,124.9,3,0,1
1288,10,0,3,39.6,164.5,2,0,0
1289,10,0,3,19.1,183.6,4,0,2
1290,10,0,3,2.0,185.6,3,0,1
1291,10,0,3,6.6,192.2,3,0,1
1292,10,0,3,32.9,225.1,4,0,2
1293,10,0,3,1.4,226.5,3,0,1
1294,10,0,3,4.2,230.7,3,0,1
1295,10,0,3,27.6,258.3,4,0,2
1296,10,0,3,0.0,258.3,5,0,1
1297,10,0,3,19.9,278.2,4,0,2
1298,10,0,3,0.1,278.3,3,0,1
1299,10,0,3,0.0,278.3,5,0,1
1300,10,0,3,27.9,306.2,4,0,2
1301,10,0,3,0.0,306.2,5,0,1
1302,10,0,3,0.0,306.2,5,0,1
1303,10,0,3,0.0,306.2,5,0,1
1304,10,0,3,7.8,314.0,4,0,1
1305,10,0,3,15.1,329.1,4,0,2
1306,10,0,3,11.1,340.2,4,0,1
1307,10,0,3,9.9,350.1,4,0,1
1308,10,0,3,4.0,4.0,3,0,1
1309,10,0,3,2.8,6.8,3,0,1
1310,10,0,3,73.9,80.7,6,1,0
1311,10,0,3,0.0,80.7,5,0,1
1312,10,0,3,0.0,80.7,5,0,1
1313,10,0,3,0.0,80.7,5,0,1
1314,10,0,3,0.0,80.7,5,0,1
1315,10,0,3,27.3,108.0,4,0,2
1316,10,0,3,0.0,108.0,5,0,1
1317,10,0,3,30.0,138.0,4,0,2
1318,10,0,3,83.9,221.9,6,1,0
1319,10,0,3,7.0,228.9,3,0,1
1320,10,0,3,3.9,232.8,3,0,1
1321,10,0,3,17.6,250.4,4,0,2
1322,10,0,3,10.5,260.9,4,0,1
1323,10,0,3,6.8,267.7,3,0,1
1324,10,0,3,11.7,279.4,4,0,1
1325,10,0,3,26.8,306.2,4,0,2
1326,10,0,3,0.0,306.2,5,0,1
1327,10,0,3,0.0,306.2,5,0,1
1328,10,0,3,14.1,320.3,4,0,1
1329,10,0,3,0.0,320.3,5,0,1
1330,10,0,3,0.0,320.3,5,0,1
1331,10,0,3,26.3,346.6,4,0,2
1332,10,0,3,45.2,391.8,2,0,0
1333,10,0,3,28.0,419.8,4,0,2
1334,10,0,3,15.1,434.9,4,0,2
1335,10,0,3,0.0,434.9,5,0,1
1336,10,0,3,18.1,453.0,4,0,2
1337,10,0,3,114.7,567.7,6,1,0
1338,10,0,3,1.9,569.6,3,0,1
1339,10,0,3,2.8,2.8,3,0,1
1340,10,0,3,1.2,4.0,3,0,1
1341,10,0,3,1.3,5.3,3,0,1
1342,10,0,3,2.4,7.7,3,0,1
1343,10,0,3,0.0,7.7,5,0,1
1344,10,0,3,8.2,15.9,4,0,1
1345,10,0,3,14.1,30.0,4,0,1
1346,10,0,3,0.0,30.0,5,0,1
1347,10,0,3,24.4,54.4,4,0,2
1348,10,0,3,6.0,60.4,3,0,1
1349,10,0,3,63.1,123.5,2,0,0
1350,10,0,3,37.2,160.7,2,0,0
1351,10,0,3,20.4,181.1,4,0,2
1352,10,0,3,7.1,188.2,3,0,1
1353,10,0,3,26.2,214.4,4,0,2
1354,10,0,3,0.0,214.4,5,0,1
1355,10,0,3,13.6,228.0,4,0,1
1356,10,0,3,57.6,285.6,2,0,0
1357,10,0,3,34.2,319.8,4,0,2
1358,10,0,3,3.6,323.4,3,0,1
1359,10,0,3,5.1,328.5,3,0,1
1360,10,0,3,0.0,328.5,5,0,1
1361,10,0,3,11.6,340.1,4,0,1
1362,10,0,3,35.7,375.8,2,0,0
1363,10,0,3,0.0,375.8,5,0,1
1364,10,0,3,0.0,375.8,5,0,1
1365,10,0,3,84.3,460.1,6,1,0
1366,10,0,3,5.2,465.3,3,0,1
1367,10,0,3,39.5,504.8,2,0,0
1368,10,0,3,0.0,504.8,5,0,1
1369,10,0,3,0.9,0.9,3,0,1
1370,10,0,3,3.0,3.9,3,0,1
1371,10,0,3,6.7,10.6,3,0,1
1372,10,0,3,9.6,20.2,4,0,1
1373,10,0,3,0.7,20.9,3,0,1
1374,10,0,3,0.0,20.9,5,0,1
1375,10,0,3,0.0,20.9,5,0,1
1376,10,0,3,3.9,24.8,3,0,1
1377,10,0,3,1.3,26.1,3,0,1
1378,10,0,3,7.1,33.2,3,0,1
1379,10,0,3,16.7,49.9,4,0,2
1380,10,0,3,0.0,49.9,5,0,1
1381,10,0,3,0.0,49.9,5,0,1
1382,10,0,3,9.3,59.2,4,0,1
1383,10,0,3,0.0,59.2,5,0,1
1384,10,0,3,8.7,67.9,4,0,1
1385,10,0,3,2.0,69.9,3,0,1
1386,10,0,3,3.5,73.4,3,0,1
1387,10,0,3,0.7,74.1,3,0,1
1388,10,0,3,0.0,74.1,5,0,1
1389,10,0,3,0.2,74.3,3,0,1
1390,10,0,3,9.0,83.3,4,0,1
1391,10,0,3,11.4,94.7,4,0,1
1392,10,0,3,7.4,102.1,3,0,1
1393,10,0,3,5.3,107.4,3,0,1
1394,10,0,3,13.1,120.5,4,0,1
1395,10,0,3,3.5,124.0,3,0,1
1396,10,0,3,13.2,137.2,4,0,1
1397,10,0,3,3.5,140.7,3,0,1
1398,10,0,3,2.0,142.7,3,0,1
1399,10,0,3,16.8,159.5,4,0,2
1400,10,0,3,1.9,1.9,3,0,1
1401,10,0,3,0.0,1.9,5,0,1
1402,10,0,3,0.0,1.9,5,0,1
1403,10,0,3,0.0,1.9,5,0,1
1404,10,0,3,0.0,1.9,5,0,1
1405,10,0,3,1.0,2.9,3,0,1
1406,10,0,3,3.9,6.8,3,0,1
1407,10,0,3,0.0,6.8,5,0,1
1408,10,0,3,0.0,6.8,5,0,1
1409,10,0,3,3.2,10.0,3,0,1
1410,10,0,3,0.0,10.0,5,0,1
1411,10,0,3,0.0,10.0,5,0,1
1412,10,0,3,0.0,10.0,5,0,1
1413,10,0,3,0.0,10.0,5,0,1
1414,10,0,3,0.0,10.0,5,0,1
1415,10,0,3,0.0,10.0,5,0,1
1416,10,0,3,0.0,10.0,5,0,1
1417,10,0,3,0.0,10.0,5,0,1
1418,10,0,3,0.0,10.0,5,0,1
1419,10,0,3,0.0,10.0,5,0,1
1420,10,0,3,0.0,10.0,5,0,1
1421,10,0,3,0.0,10.0,5,0,1
1422,10,0,3,0.0,10.0,5,0,1
1423,10,0,3,4.9,14.9,3,0,1
1424,10,0,3,0.0,14.9,5,0,1
1425,10,0,3,0.0,14.9,5,0,1
1426,10,0,3,11.2,26.1,4,0,1
1427,10,0,3,0.0,26.1,5,0,1
1428,10,0,3,0.0,26.1,5,0,1
1429,10,0,3,11.6,37.7,4,0,1
1430,10,0,3,0.0,0.0,5,0,1
1431,10,0,3,0.0,0.0,5,0,1
1432,10,0,3,0.0,0.0,5,0,1
1433,10,0,3,1.1,1.1,3,0,1
1434,10,0,3,0.0,1.1,5,0,1
1435,10,0,3,0.0,1.1,5,0,1
1436,10,0,3,0.0,1.1,5,0,1
1437,10,0,3,0.0,1.1,5,0,1
1438,10,0,3,0.0,1.1,5,0,1
1439,10,0,3,0.0,1.1,5,0,1
1440,10,0,3,0.0,1.1,5,0,1
1441,10,0,3,0.0,1.1,5,0,1
1442,10,0,3,0.0,1.1,5,0,1
1443,10,0,3,0.0,1.1,5,0,1
1444,10,0,3,0.0,1.1,5,0,1
1445,10,0,3,0.0,1.1,5,0,1
1446,10,0,3,0.0,1.1,5,0,1
1447,10,0,3,0.0,1.1,5,0,1
1448,10,0,3,0.0,1.1,5,0,1
1449,10,0,3,1.4,2.5,3,0,1
1450,10,0,3,0.0,2.5,5,0,1
1451,10,0,3,0.0,2.5,5,0,1
1452,10,0,3,0.0,2.5,5,0,1
1453,10,0,3,3.2,5.7,3,0,1
1454,10,0,3,6.4,12.1,3,0,1
1455,10,0,3,0.0,12.1,5,0,1
1456,10,0,3,0.0,12.1,5,0,1
1457,10,0,3,0.0,12.1,5,0,1
1458,10,0,3,0.9,13.0,3,0,1
1459,10,0,3,0.0,13.0,5,0,1
1460,10,0,3,0.0,13.0,5,0,1
1461,10,0,1,0.0,0.0,5,0,1
1462,10,0,1,0.0,0.0,5,0,1
1463,10,0,1,0.0,0.0,5,0,1
1464,10,0,1,0.0,0.0,5,0,1
1465,10,0,1,0.0,0.0,5,0,1
1466,10,0,1,1.5,1.5,3,0,1
1467,10,0,1,0.0,1.5,5,0,1
1468,10,0,1,0.0,1.5,5,0,1
1469,10,0,1,0.0,1.5,5,0,1
1470,10,0,1,0.0,1.5,5,0,1
1471,10,0,1,0.0,1.5,5,0,1
1472,10,0,1,0.0,1.5,5,0,1
1473,10,0,1,0.0,1.5,5,0,1
1474,10,0,1,0.0,1.5,5,0,1
1475,10,0,1,0.0,1.5,5,0,1
1476,10,0,1,0.0,1.5,5,0,1
1477,10,0,1,0.0,1.5,5,0,1
1478,10,0,1,0.0,1.5,5,0,1
1479,10,0,1,0.0,1.5,5,0,1
1480,10,0,1,0.0,1.5,5,0,1
1481,10,0,1,5.7,7.2,3,0,1
1482,10,0,1,0.0,7.2,5,0,1
1483,10,0,1,0.0,7.2,5,0,1
1484,10,0,1,0.0,7.2,5,0,1
1485,10,0,1,7.4,14.6,3,0,1
1486,10,0,1,0.0,14.6,5,0,1
1487,10,0,1,0.0,14.6,5,0,1
1488,10,0,1,0.0,14.6,5,0,1
1489,10,0,1,17.1,31.7,4,0,2
1490,10,0,1,0.0,31.7,5,0,1
1491,10,0,1,0.0,31.7,5,0,1
1492,10,0,1,0.0,0.0,5,0,1
1493,10,0,1,0.0,0.0,5,0,1
1494,10,0,1,0.0,0.0,5,0,1
1495,10,0,1,0.0,0.0,5,0,1
1496,10,0,1,0.0,0.0,5,0,1
1497,10,0,1,8.4,8.4,4,0,1
1498,10,0,1,0.0,8.4,5,0,1
1499,10,0,1,0.0,8.4,5,0,1
1500,10,0,1,0.0,8.4,5,0,1
1501,10,0,1,42.7,51.1,2,0,0
1502,10,0,1,0.0,51.1,5,0,1
1503,10,0,1,0.0,51.1,5,0,1
1504,10,0,1,0.0,51.1,5,0,1
1505,10,0,1,15.0,66.1,4,0,1
1506,10,0,1,0.0,66.1,5,0,1
1507,10,0,1,0.0,66.1,5,0,1
1508,10,0,1,0.0,66.1,5,0,1
1509,10,0,1,0.0,66.1,5,0,1
1510,10,0,1,0.0,66.1,5,0,1
1511,10,0,1,0.0,66.1,5,0,1
1512,10,0,1,0.0,66.1,5,0,1
1513,10,0,1,0.0,66.1,5,0,1
1514,10,0,1,0.0,66.1,5,0,1
1515,10,0,1,0.0,66.1,5,0,1
1516,10,0,1,0.0,66.1,5,0,1
1517,10,0,1,0.0,66.1,5,0,1
1518,10,0,1,0.0,66.1,5,0,1
1519,10,0,1,0.0,66.1,5,0,1
1520,10,0,1,0.0,66.1,5,0,1
1521,10,0,1,0.0,0.0,5,0,1
1522,10,0,1,0.0,0.0,5,0,1
1523,10,0,1,0.0,0.0,5,0,1
1524,10,0,1,0.0,0.0,5,0,1
1525,10,0,1,0.0,0.0,5,0,1
1526,10,0,1,4.3,4.3,3,0,1
1527,10,0,1,0.4,4.7,3,0,1
1528,10,0,1,0.0,4.7,5,0,1
1529,10,0,1,7.2,11.9,3,0,1
1530,10,0,1,0.0,11.9,5,0,1
1531,10,0,1,0.0,11.9,5,0,1
1532,10,0,1,0.0,11.9,5,0,1
1533,10,0,1,0.0,11.9,5,0,1
1534,10,0,1,0.0,11.9,5,0,1
1535,10,0,1,8.1,20.0,4,0,1
1536,10,0,1,0.0,20.0,5,0,1
1537,10,0,1,18.5,38.5,4,0,2
1538,10,0,1,6.4,44.9,3,0,1
1539,10,0,1,0.0,44.9,5,0,1
1540,10,0,1,0.0,44.9,5,0,1
1541,10,0,1,0.0,44.9,5,0,1
1542,10,0,1,0.0,44.9,5,0,1
1543,10,0,1,0.0,44.9,5,0,1
1544,10,0,1,0.0,44.9,5,0,1
1545,10,0,1,0.0,44.9,5,0,1
1546,10,0,1,0.0,44.9,5,0,1
1547,10,0,1,13.0,57.9,4,0,1
1548,10,0,1,0.0,57.9,5,0,1
1549,10,0,1,0.0,57.9,5,0,1
1550,10,0,1,0.0,57.9,5,0,1
1551,10,0,1,0.0,57.9,5,0,1
1552,10,0,1,0.0,0.0,5,0,1
1553,10,0,1,0.0,0.0,5,0,1
1554,10,0,1,0.0,0.0,5,0,1
1555,10,0,1,0.0,0.0,5,0,1
1556,10,0,1,0.0,0.0,5,0,1
1557,10,0,1,0.0,0.0,5,0,1
1558,10,0,1,0.0,0.0,5,0,1
1559,10,0,1,0.0,0.0,5,0,1
1560,10,0,1,0.0,0.0,5,0,1
1561,10,0,1,0.0,0.0,5,0,1
1562,10,0,1,0.0,0.0,5,0,1
1563,10,0,1,0.0,0.0,5,0,1
1564,10,0,1,30.2,30.2,4,0,2
1565,10,0,1,0.0,30.2,5,0,1
1566,10,0,1,0.0,30.2,5,0,1
1567,10,0,1,2.6,32.8,3,0,1
1568,10,0,1,0.0,32.8,5,0,1
1569,10,0,1,0.0,32.8,5,0,1
1570,10,0,1,0.0,32.8,5,0,1
1571,10,0,1,0.0,32.8,5,0,1
1572,10,0,1,0.0,32.8,5,0,1
1573,10,0,1,0.0,32.8,5,0,1
1574,10,0,1,0.0,32.8,5,0,1
1575,10,0,1,0.0,32.8,5,0,1
1576,10,0,1,0.0,32.8,5,0,1
1577,10,0,1,0.0,32.8,5,0,1
1578,10,0,1,21.5,54.3,4,0,2
1579,10,0,1,0.0,54.3,5,0,1
1580,10,0,1,0.0,54.3,5,0,1
1581,10,0,1,0.0,54.3,5,0,1
1582,10,0,1,8.7,8.7,4,0,1
1583,10,0,1,0.0,8.7,5,0,1
1584,10,0,1,0.0,8.7,5,0,1
1585,10,0,1,0.0,8.7,5,0,1
1586,10,0,1,0.0,8.7,5,0,1
1587,10,0,1,4.2,12.9,3,0,1
1588,10,0,1,17.6,30.5,4,0,2
1589,10,0,1,0.0,30.5,5,0,1
1590,10,0,1,60.3,90.8,2,0,0
1591,10,0,1,1.7,92.5,3,0,1
1592,10,0,1,0.0,92.5,5,0,1
1593,10,0,1,0.6,93.1,3,0,1
1594,10,0,1,0.0,93.1,5,0,1
1595,10,0,1,0.0,93.1,5,0,1
1596,10,0,1,3.1,96.2,3,0,1
1597,10,0,1,0.0,96.2,5,0,1
1598,10,0,1,29.6,125.8,4,0,2
1599,10,0,1,18.4,144.2,4,0,2
1600,10,0,1,15.8,160.0,4,0,2
1601,10,0,1,2.9,162.9,3,0,1
1602,10,0,1,0.0,162.9,5,0,1
1603,10,0,1,4.2,167.1,3,0,1
1604,10,0,1,28.9,196.0,4,0,2
1605,10,0,1,11.5,207.5,4,0,1
1606,10,0,1,4.1,211.6,3,0,1
1607,10,0,1,9.5,221.1,4,0,1
1608,10,0,1,10.9,232.0,4,0,1
1609,10,0,1,0.0,232.0,5,0,1
1610,10,0,1,2.7,234.7,3,0,1
1611,10,0,1,1.2,235.9,3,0,1
1612,10,0,1,0.0,235.9,5,0,1
1613,10,0,1,14.1,14.1,4,0,1
1614,10,0,1,7.3,21.4,3,0,1
1615,10,0,1,5.7,27.1,3,0,1
1616,10,0,1,60.1,87.2,2,0,0
1617,10,0,1,48.8,136.0,2,0,0
1618,10,0,1,8.8,144.8,4,0,1
1619,10,0,1,10.0,154.8,4,0,1
1620,10,0,1,108.4,263.2,6,1,0
1621,10,0,1,81.8,345.0,6,1,0
1622,10,0,1,86.1,431.1,6,1,0
1623,10,0,1,101.0,532.1,6,1,0
1624,10,0,1,15.7,547.8,4,0,2
1625,10,0,1,14.0,561.8,4,0,1
1626,10,0,1,64.0,625.8,2,0,0
1627,10,0,1,27.6,653.4,4,0,2
1628,10,0,1,81.8,735.2,6,1,0
1629,10,0,1,18.5,753.7,4,0,2
1630,10,0,1,3.9,757.6,3,0,1
1631,10,0,1,91.7,849.3,6,1,0
1632,10,0,1,11.0,860.3,4,0,1
1633,10,0,1,23.4,883.7,4,0,2
1634,10,0,1,15.9,899.6,4,0,2
1635,10,0,1,6.5,906.1,3,0,1
1636,10,0,1,19.2,925.3,4,0,2
1637,10,0,1,4.9,930.2,3,0,1
1638,10,0,1,118.9,1049.1,1,2,0
1639,10,0,1,44.7,1093.8,2,0,0
1640,10,0,1,14.1,1107.9,4,0,1
1641,10,0,1,3.3,1111.2,3,0,1
1642,10,0,1,10.0,1121.2,4,0,1
1643,10,0,1,2.0,2.0,3,0,1
1644,10,0,1,93.7,95.7,6,1,0
1645,10,0,1,30.4,126.1,4,0,2
1646,10,0,1,36.7,162.8,2,0,0
1647,10,0,1,88.6,251.4,6,1,0
1648,10,0,1,26.0,277.4,4,0,2
1649,10,0,1,51.9,329.3,2,0,0
1650,10,0,1,22.7,352.0,4,0,2
1651,10,0,1,5.4,357.4,3,0,1
1652,10,0,1,11.0,368.4,4,0,1
1653,10,0,1,188.3,556.7,1,2,0
1654,10,0,1,2.1,558.8,3,0,1
1655,10,0,1,86.6,645.4,6,1,0
1656,10,0,1,25.2,670.6,4,0,2
1657,10,0,1,55.8,726.4,2,0,0
1658,10,0,1,40.3,766.7,2,0,0
1659,10,0,1,30.7,797.4,4,0,2
1660,10,0,1,53.9,851.3,2,0,0
1661,10,0,1,19.5,870.8,4,0,2
1662,10,0,1,5.9,876.7,3,0,1
1663,10,0,1,25.4,902.1,4,0,2
1664,10,0,1,62.4,964.5,2,0,0
1665,10,0,1,76.3,1040.8,6,1,0
1666,10,0,1,5.6,1046.4,3,0,1
1667,10,0,1,59.9,1106.3,2,0,0
1668,10,0,1,21.6,1127.9,4,0,2
1669,10,0,1,258.8,1386.7,0,3,0
1670,10,0,1,58.5,1445.2,2,0,0
1671,10,0,1,4.9,1450.1,3,0,1
1672,10,0,1,32.3,1482.4,4,0,2
1673,10,0,1,86.7,1569.1,6,1,0
1674,10,0,1,29.1,29.1,4,0,2
1675,10,0,1,0.0,29.1,5,0,1
1676,10,0,1,20.3,49.4,4,0,2
1677,10,0,1,29.5,78.9,4,0,2
1678,10,0,1,5.9,84.8,3,0,1
1679,10,0,1,0.0,84.8,5,0,1
1680,10,0,1,66.8,151.6,6,1,0
1681,10,0,1,6.3,157.9,3,0,1
1682,10,0,1,75.9,233.8,6,1,0
1683,10,0,1,73.7,307.5,6,1,0
1684,10,0,1,143.7,451.2,1,2,0
1685,10,0,1,46.8,498.0,2,0,0
1686,10,0,1,47.0,545.0,2,0,0
1687,10,0,1,138.5,683.5,1,2,0
1688,10,0,1,18.0,701.5,4,0,2
1689,10,0,1,31.0,732.5,4,0,2
1690,10,0,1,0.0,732.5,5,0,1
1691,10,0,1,64.1,796.6,2,0,0
1692,10,0,1,49.5,846.1,2,0,0
1693,10,0,1,26.9,873.0,4,0,2
1694,10,0,1,20.5,893.5,4,0,2
1695,10,0,1,25.6,919.1,4,0,2
1696,10,0,1,86.2,1005.3,6,1,0
1697,10,0,1,13.4,1018.7,4,0,1
1698,10,0,1,3.5,1022.2,3,0,1
1699,10,0,1,65.4,1087.6,6,1,0
1700,10,0,1,2.1,1089.7,3,0,1
1701,10,0,1,27.9,1117.6,4,0,2
1702,10,0,1,63.4,1181.0,2,0,0
1703,10,0,1,22.8,1203.8,4,0,2
1704,10,0,1,192.0,1395.8,1,2,0
1705,10,0,1,53.3,53.3,2,0,0
1706,10,0,1,75.1,128.4,6,1,0
1707,10,0,1,64.8,193.2,6,1,0
1708,10,0,1,47.0,240.2,2,0,0
1709,10,0,1,7.9,248.1,4,0,1
1710,10,0,1,4.0,252.1,3,0,1
1711,10,0,1,7.8,259.9,4,0,1
1712,10,0,1,82.8,342.7,6,1,0
1713,10,0,1,1.4,344.1,3,0,1
1714,10,0,1,26.1,370.2,4,0,2
1715,10,0,1,31.8,402.0,4,0,2
1716,10,0,1,19.0,421.0,4,0,2
1717,10,0,1,154.9,575.9,1,2,0
1718,10,0,1,146.1,722.0,1,2,0
1719,10,0,1,21.8,743.8,4,0,2
1720,10,0,1,30.3,774.1,4,0,2
1721,10,0,1,16.9,791.0,4,0,2
1722,10,0,1,0.0,791.0,5,0,1
1723,10,0,1,53.0,844.0,2,0,0
1724,10,0,1,9.2,853.2,4,0,1
1725,10,0,1,74.6,927.8,6,1,0
1726,10,0,1,75.7,1003.5,6,1,0
1727,10,0,1,29.4,1032.9,4,0,2
1728,10,0,1,29.1,1062.0,4,0,2
1729,10,0,1,10.8,1072.8,4,0,1
1730,10,0,1,48.1,1120.9,2,0,0
1731,10,0,1,11.6,1132.5,4,0,1
1732,10,0,1,37.2,1169.7,2,0,0
1733,10,0,1,6.2,1175.9,3,0,1
1734,10,0,1,47.0,1222.9,2,0,0
1735,10,0,1,31.5,31.5,4,0,2
1736,10,0,1,30.3,61.8,4,0,2
1737,10,0,1,40.5,102.3,2,0,0
1738,10,0,1,7.1,109.4,3,0,1
1739,10,0,1,3.4,112.8,3,0,1
1740,10,0,1,9.6,122.4,4,0,1
1741,10,0,1,24.3,146.7,4,0,2
1742,10,0,1,1.9,148.6,3,0,1
1743,10,0,1,26.7,175.3,4,0,2
1744,10,0,1,6.0,181.3,3,0,1
1745,10,0,1,23.9,205.2,4,0,2
1746,10,0,1,3.7,208.9,3,0,1
1747,10,0,1,7.6,216.5,4,0,1
1748,10,0,1,3.9,220.4,3,0,1
1749,10,0,1,29.1,249.5,4,0,2
1750,10,0,1,5.2,254.7,3,0,1
1751,10,0,1,5.0,259.7,3,0,1
1752,10,0,1,24.6,284.3,4,0,2
1753,10,0,1,0.1,284.4,3,0,1
1754,10,0,1,21.5,305.9,4,0,2
1755,10,0,1,14.4,320.3,4,0,1
1756,10,0,1,22.5,342.8,4,0,2
1757,10,0,1,0.0,342.8,5,0,1
1758,10,0,1,37.3,380.1,2,0,0
1759,10,0,1,56.6,436.7,2,0,0
1760,10,0,1,1.5,438.2,3,0,1
1761,10,0,1,9.6,447.8,4,0,1
1762,10,0,1,0.3,448.1,3,0,1
1763,10,0,1,2.4,450.5,3,0,1
1764,10,0,1,0.1,450.6,3,0,1
1765,10,0,1,5.6,456.2,3,0,1
1766,10,0,1,0.0,0.0,5,0,1
1767,10,0,1,17.7,17.7,4,0,2
1768,10,0,1,0.0,17.7,5,0,1
1769,10,0,1,314.9,332.6,0,3,0
1770,10,0,1,9.8,342.4,4,0,1
1771,10,0,1,24.2,366.6,4,0,2
1772,10,0,1,0.0,366.6,5,0,1
1773,10,0,1,0.0,366.6,5,0,1
1774,10,0,1,24.9,391.5,4,0,2
1775,10,0,1,0.0,391.5,5,0,1
1776,10,0,1,27.1,418.6,4,0,2
1777,10,0,1,20.0,438.6,4,0,2
1778,10,0,1,0.0,438.6,5,0,1
1779,10,0,1,0.0,438.6,5,0,1
1780,10,0,1,0.0,438.6,5,0,1
1781,10,0,1,17.1,455.7,4,0,2
1782,10,0,1,0.0,455.7,5,0,1
1783,10,0,1,0.0,455.7,5,0,1
1784,10,0,1,0.0,455.7,5,0,1
1785,10,0,1,0.0,455.7,5,0,1
1786,10,0,1,5.5,461.2,3,0,1
1787,10,0,1,0.0,461.2,5,0,1
1788,10,0,1,0.0,461.2,5,0,1
1789,10,0,1,9.5,470.7,4,0,1
1790,10,0,1,0.0,470.7,5,0,1
1791,10,0,1,0.0,470.7,5,0,1
1792,10,0,1,0.9,471.6,3,0,1
1793,10,0,1,5.6,477.2,3,0,1
1794,10,0,1,0.0,477.2,5,0,1
1795,10,0,1,7.7,484.9,4,0,1
1796,10,0,1,0.0,0.0,5,0,1
1797,10,0,1,0.0,0.0,5,0,1
1798,10,0,1,0.0,0.0,5,0,1
1799,10,0,1,0.0,0.0,5,0,1
1800,10,0,1,0.0,0.0,5,0,1
1801,10,0,1,0.0,0.0,5,0,1
1802,10,0,1,0.0,0.0,5,0,1
1803,10,0,1,0.0,0.0,5,0,1
1804,10,0,1,0.0,0.0,5,0,1
1805,10,0,1,0.0,0.0,5,0,1
1806,10,0,1,0.0,0.0,5,0,1
1807,10,0,1,0.0,0.0,5,0,1
1808,10,0,1,0.0,0.0,5,0,1
1809,10,0,1,0.0,0.0,5,0,1
1810,10,0,1,0.0,0.0,5,0,1
1811,10,0,1,0.0,0.0,5,0,1
1812,10,0,1,22.9,22.9,4,0,2
1813,10,0,1,0.0,22.9,5,0,1
1814,10,0,1,0.0,22.9,5,0,1
1815,10,0,1,0.0,22.9,5,0,1
1816,10,0,1,0.0,22.9,5,0,1
1817,10,0,1,0.0,22.9,5,0,1
1818,10,0,1,13.8,36.7,4,0,1
1819,10,0,1,2.5,39.2,3,0,1
1820,10,0,1,0.0,39.2,5,0,1
1821,10,0,1,0.0,39.2,5,0,1
1822,10,0,1,0.0,39.2,5,0,1
1823,10,0,1,0.0,39.2,5,0,1
1824,10,0,1,0.8,40.0,3,0,1
1825,10,0,1,0.0,40.0,5,0,1
1826,10,0,1,0.0,40.0,5,0,1
0,0,0,3,0.0,0.0,5,0,1
1,0,0,3,0.0,0.0,5,0,1
2,0,0,3,0.0,0.0,5,0,1
3,0,0,3,0.0,0.0,5,0,1
4,0,0,3,0.0,0.0,5,0,1
5,0,0,3,0.0,0.0,5,0,1
6,0,0,3,0.0,0.0,5,0,1
7,0,0,3,0.0,0.0,5,0,1
8,0,0,3,0.0,0.0,5,0,1
9,0,0,3,0.0,0.0,5,0,1
10,0,0,3,0.0,0.0,5,0,1
11,0,0,3,0.0,0.0,5,0,1
12,0,0,3,0.0,0.0,5,0,1
13,0,0,3,0.0,0.0,5,0,1
14,0,0,3,0.0,0.0,5,0,1
15,0,0,3,0.0,0.0,5,0,1
16,0,0,3,0.0,0.0,5,0,1
17,0,0,3,0.0,0.0,5,0,1
18,0,0,3,0.0,0.0,5,0,1
19,0,0,3,0.0,0.0,5,0,1
20,0,0,3,0.0,0.0,5,0,1
21,0,0,3,0.0,0.0,5,0,1
22,0,0,3,0.0,0.0,5,0,1
23,0,0,3,0.0,0.0,5,0,1
24,0,0,3,0.0,0.0,5,0,1
25,0,0,3,0.0,0.0,5,0,1
26,0,0,3,0.0,0.0,5,0,1
27,0,0,3,0.0,0.0,5,0,1
28,0,0,3,0.0,0.0,5,0,1
29,0,0,3,2.1,2.1,3,0,1
30,0,0,3,0.0,2.1,5,0,1
31,0,0,3,0.0,0.0,5,0,1
32,0,0,3,0.0,0.0,5,0,1
33,0,0,3,0.0,0.0,5,0,1
34,0,0,3,0.0,0.0,5,0,1
35,0,0,3,0.0,0.0,5,0,1
36,0,0,3,0.0,0.0,5,0,1
37,0,0,3,0.0,0.0,5,0,1
38,0,0,3,0.0,0.0,5,0,1
39,0,0,3,0.0,0.0,5,0,1
40,0,0,3,0.0,0.0,5,0,1
41,0,0,3,0.0,0.0,5,0,1
42,0,0,3,0.0,0.0,5,0,1
43,0,0,3,0.0,0.0,5,0,1
44,0,0,3,0.0,0.0,5,0,1
45,0,0,3,3.9,3.9,3,0,1
46,0,0,3,0.0,3.9,5,0,1
47,0,0,3,0.0,3.9,5,0,1
48,0,0,3,0.0,3.9,5,0,1
49,0,0,3,0.0,3.9,5,0,1
50,0,0,3,0.0,3.9,5,0,1
51,0,0,3,0.0,3.9,5,0,1
52,0,0,3,0.0,3.9,5,0,1
53,0,0,3,0.0,3.9,5,0,1
54,0,0,3,0.0,3.9,5,0,1
55,0,0,3,3.8,7.7,3,0,1
56,0,0,3,0.0,7.7,5,0,1
57,0,0,3,0.0,7.7,5,0,1
58,0,0,3,0.0,7.7,5,0,1
59,0,0,3,0.0,7.7,5,0,1
60,0,0,3,0.0,0.0,5,0,1
61,0,0,3,0.0,0.0,5,0,1
62,0,0,3,0.0,0.0,5,0,1
63,0,0,3,7.6,7.6,4,0,1
64,0,0,3,5.4,13.0,3,0,1
65,0,0,3,0.0,13.0,5,0,1
66,0,0,3,0.0,13.0,5,0,1
67,0,0,3,0.0,13.0,5,0,1
68,0,0,3,0.0,13.0,5,0,1
69,0,0,3,0.0,13.0,5,0,1
70,0,0,3,0.0,13.0,5,0,1
71,0,0,3,0.0,13.0,5,0,1
72,0,0,3,0.0,13.0,5,0,1
73,0,0,3,0.0,13.0,5,0,1
74,0,0,3,0.0,13.0,5,0,1
75,0,0,3,0.0,13.0,5,0,1
76,0,0,3,0.0,13.0,5,0,1
77,0,0,3,0.0,13.0,5,0,1
78,0,0,3,0.0,13.0,5,0,1
79,0,0,3,0.0,13.0,5,0,1
80,0,0,3,0.0,13.0,5,0,1
81,0,0,3,0.0,13.0,5,0,1
82,0,0,3,2.5,15.5,3,0,1
83,0,0,3,0.0,15.5,5,0,1
84,0,0,3,0.0,15.5,5,0,1
85,0,0,3,0.0,15.5,5,0,1
86,0,0,3,0.0,15.5,5,0,1
87,0,0,3,0.0,15.5,5,0,1
88,0,0,3,0.0,15.5,5,0,1
89,0,0,3,0.0,15.5,5,0,1
90,0,0,3,0.0,15.5,5,0,1
91,0,0,3,0.0,0.0,5,0,1
92,0,0,3,0.0,0.0,5,0,1
93,0,0,3,0.0,0.0,5,0,1
94,0,0,3,0.0,0.0,5,0,1
95,0,0,3,0.0,0.0,5,0,1
96,0,0,3,0.0,0.0,5,0,1
97,0,0,3,0.0,0.0,5,0,1
98,0,0,3,0.0,0.0,5,0,1
99,0,0,3,0.0,0.0,5,0,1
100,0,0,3,0.0,0.0,5,0,1
101,0,0,3,1.5,1.5,3,0,1
102,0,0,3,7.4,8.9,3,0,1
103,0,0,3,0.0,8.9,5,0,1
104,0,0,3,0.0,8.9,5,0,1
105,0,0,3,19.5,28.4,4,0,2
106,0,0,3,0.0,28.4,5,0,1
107,0,0,3,0.0,28.4,5,0,1
108,0,0,3,0.0,28.4,5,0,1
109,0,0,3,0.0,28.4,5,0,1
110,0,0,3,21.3,49.7,4,0,2
111,0,0,3,0.0,49.7,5,0,1
112,0,0,3,0.0,49.7,5,0,1
113,0,0,3,0.0,49.7,5,0,1
114,0,0,3,4.0,53.7,3,0,1
115,0,0,3,0.0,53.7,5,0,1
116,0,0,3,0.0,53.7,5,0,1
117,0,0,3,0.6,54.3,3,0,1
118,0,0,3,0.0,54.3,5,0,1
119,0,0,3,0.0,54.3,5,0,1
120,0,0,3,0.0,54.3,5,0,1
121,0,0,3,0.0,0.0,5,0,1
122,0,0,3,0.0,0.0,5,0,1
123,0,0,3,0.0,0.0,5,0,1
124,0,0,3,3.5,3.5,3,0,1
125,0,0,3,1.1,4.6,3,0,1
126,0,0,3,0.0,4.6,5,0,1
127,0,0,3,4.9,9.5,3,0,1
128,0,0,3,0.0,9.5,5,0,1
129,0,0,3,14.8,24.3,4,0,1
130,0,0,3,15.1,39.4,4,0,2
131,0,0,3,13.9,53.3,4,0,1
132,0,0,3,0.0,53.3,5,0,1
133,0,0,3,0.0,53.3,5,0,1
134,0,0,3,0.0,53.3,5,0,1
135,0,0,3,0.0,53.3,5,0,1
136,0,0,3,0.0,53.3,5,0,1
137,0,0,3,0.0,53.3,5,0,1
138,0,0,3,0.0,53.3,5,0,1
139,0,0,3,0.0,53.3,5,0,1
140,0,0,3,0.1,53.4,3,0,1
141,0,0,3,0.0,53.4,5,0,1
142,0,0,3,0.0,53.4,5,0,1
143,0,0,3,12.3,65.7,4,0,1
144,0,0,3,0.0,65.7,5,0,1
145,0,0,3,0.0,65.7,5,0,1
146,0,0,3,0.0,65.7,5,0,1
147,0,0,3,0.0,65.7,5,0,1
148,0,0,3,0.0,65.7,5,0,1
149,0,0,3,0.0,65.7,5,0,1
150,0,0,3,0.0,65.7,5,0,1
151,0,0,3,0.9,66.6,3,0,1
152,0,0,3,3.3,3.3,3,0,1
153,0,0,3,120.1,123.4,1,2,0
154,0,0,3,12.0,135.4,4,0,1
155,0,0,3,3.9,139.3,3,0,1
156,0,0,3,8.8,148.1,4,0,1
157,0,0,3,9.2,157.3,4,0,1
158,0,0,3,13.5,170.8,4,0,1
159,0,0,3,4.0,174.8,3,0,1
160,0,0,3,5.1,179.9,3,0,1
161,0,0,3,21.8,201.7,4,0,2
162,0,0,3,28.4,230.1,4,0,2
163,0,0,3,5.4,235.5,3,0,1
164,0,0,3,0.0,235.5,5,0,1
165,0,0,3,11.5,247.0,4,0,1
166,0,0,3,0.0,247.0,5,0,1
167,0,0,3,9.5,256.5,4,0,1
168,0,0,3,2.6,259.1,3,0,1
169,0,0,3,45.8,304.9,2,0,0
170,0,0,3,19.6,324.5,4,0,2
171,0,0,3,0.0,324.5,5,0,1
172,0,0,3,8.5,333.0,4,0,1
173,0,0,3,2.4,335.4,3,0,1
174,0,0,3,0.0,335.4,5,0,1
175,0,0,3,14.2,349.6,4,0,1
176,0,0,3,0.0,349.6,5,0,1
177,0,0,3,1.5,351.1,3,0,1
178,0,0,3,22.3,373.4,4,0,2
179,0,0,3,5.5,378.9,3,0,1
180,0,0,3,22.1,401.0,4,0,2
181,0,0,3,7.6,408.6,4,0,1
182,0,0,3,1.4,1.4,3,0,1
183,0,0,3,63.6,65.0,2,0,0
184,0,0,3,0.0,65.0,5,0,1
185,0,0,3,18.3,83.3,4,0,2
186,0,0,3,3.9,87.2,3,0,1
187,0,0,3,18.2,105.4,4,0,2
188,0,0,3,10.3,115.7,4,0,1
189,0,0,3,4.8,120.5,3,0,1
190,0,0,3,2.9,123.4,3,0,1
191,0,0,3,9.5,132.9,4,0,1
192,0,0,3,18.9,151.8,4,0,2
193,0,0,3,0.0,151.8,5,0,1
194,0,0,3,5.1,156.9,3,0,1
195,0,0,3,2.2,159.1,3,0,1
196,0,0,3,9.8,168.9,4,0,1
197,0,0,3,13.9,182.8,4,0,1
198,0,0,3,10.2,193.0,4,0,1
199,0,0,3,1.6,194.6,3,0,1
200,0,0,3,8.8,203.4,4,0,1
201,0,0,3,15.7,219.1,4,0,2
202,0,0,3,20.3,239.4,4,0,2
203,0,0,3,26.2,265.6,4,0,2
204,0,0,3,3.7,269.3,3,0,1
205,0,0,3,10.9,280.2,4,0,1
206,0,0,3,51.2,331.4,2,0,0
207,0,0,3,17.8,349.2,4,0,2
208,0,0,3,0.0,349.2,5,0,1
209,0,0,3,4.7,353.9,3,0,1
210,0,0,3,7.5,361.4,4,0,1
211,0,0,3,0.0,361.4,5,0,1
212,0,0,3,8.7,370.1,4,0,1
213,0,0,3,16.9,16.9,4,0,2
214,0,0,3,1.6,18.5,3,0,1
215,0,0,3,1.4,19.9,3,0,1
216,0,0,3,0.0,19.9,5,0,1
217,0,0,3,0.0,19.9,5,0,1
218,0,0,3,49.1,69.0,2,0,0
219,0,0,3,33.8,102.8,4,0,2
220,0,0,3,83.3,186.1,6,1,0
221,0,0,3,24.0,210.1,4,0,2
222,0,0,3,2.3,212.4,3,0,1
223,0,0,3,0.0,212.4,5,0,1
224,0,0,3,19.1,231.5,4,0,2
225,0,0,3,9.5,241.0,4,0,1
226,0,0,3,0.0,241.0,5,0,1
227,0,0,3,50.9,291.9,2,0,0
228,0,0,3,54.5,346.4,2,0,0
229,0,0,3,8.1,354.5,4,0,1
230,0,0,3,0.0,354.5,5,0,1
231,0,0,3,26.4,380.9,4,0,2
232,0,0,3,2.3,383.2,3,0,1
233,0,0,3,0.0,383.2,5,0,1
234,0,0,3,41.4,424.6,2,0,0
235,0,0,3,0.0,424.6,5,0,1
236,0,0,3,1.0,425.6,3,0,1
237,0,0,3,23.9,449.5,4,0,2
238,0,0,3,0.7,450.2,3,0,1
239,0,0,3,6.2,456.4,3,0,1
240,0,0,3,15.0,471.4,4,0,1
241,0,0,3,8.7,480.1,4,0,1
242,0,0,3,9.9,490.0,4,0,1
243,0,0,3,0.5,490.5,3,0,1
244,0,0,3,0.0,0.0,5,0,1
245,0,0,3,15.6,15.6,4,0,2
246,0,0,3,32.2,47.8,4,0,2
247,0,0,3,9.9,57.7,4,0,1
248,0,0,3,23.9,81.6,4,0,2
249,0,0,3,2.5,84.1,3,0,1
250,0,0,3,22.2,106.3,4,0,2
251,0,0,3,1.3,107.6,3,0,1
252,0,0,3,17.7,125.3,4,0,2
253,0,0,3,6.5,131.8,3,0,1
254,0,0,3,9.0,140.8,4,0,1
255,0,0,3,10.2,151.0,4,0,1
256,0,0,3,2.8,153.8,3,0,1
257,0,0,3,28.3,182.1,4,0,2
258,0,0,3,35.9,218.0,2,0,0
259,0,0,3,0.0,218.0,5,0,1
260,0,0,3,2.2,220.2,3,0,1
261,0,0,3,13.1,233.3,4,0,1
262,0,0,3,0.0,233.3,5,0,1
263,0,0,3,12.5,245.8,4,0,1
264,0,0,3,1.9,247.7,3,0,1
265,0,0,3,6.5,254.2,3,0,1
266,0,0,3,0.0,254.2,5,0,1
267,0,0,3,5.7,259.9,3,0,1
268,0,0,3,1.5,261.4,3,0,1
269,0,0,3,6.9,268.3,3,0,1
270,0,0,3,3.4,271.7,3,0,1
271,0,0,3,2.3,274.0,3,0,1
272,0,0,3,0.0,274.0,5,0,1
273,0,0,3,15.5,289.5,4,0,2
274,0,0,3,8.1,8.1,4,0,1
275,0,0,3,9.6,17.7,4,0,1
276,0,0,3,16.8,34.5,4,0,2
277,0,0,3,2.7,37.2,3,0,1
278,0,0,3,5.9,43.1,3,0,1
279,0,0,3,9.7,52.8,4,0,1
280,0,0,3,0.8,53.6,3,0,1
281,0,0,3,6.5,60.1,3,0,1
282,0,0,3,11.4,71.5,4,0,1
283,0,0,3,0.7,72.2,3,0,1
284,0,0,3,20.5,92.7,4,0,2
285,0,0,3,0.0,92.7,5,0,1
286,0,0,3,0.0,92.7,5,0,1
287,0,0,3,7.8,100.5,4,0,1
288,0,0,3,10.6,111.1,4,0,1
289,0,0,3,6.9,118.0,3,0,1
290,0,0,3,1.8,119.8,3,0,1
291,0,0,3,14.5,134.3,4,0,1
292,0,0,3,1.2,135.5,3,0,1
293,0,0,3,2.6,138.1,3,0,1
294,0,0,3,6.9,145.0,3,0,1
295,0,0,3,0.0,145.0,5,0,1
296,0,0,3,9.4,154.4,4,0,1
297,0,0,3,0.0,154.4,5,0,1
298,0,0,3,0.3,154.7,3,0,1
299,0,0,3,8.0,162.7,4,0,1
300,0,0,3,1.9,164.6,3,0,1
301,0,0,3,1.0,165.6,3,0,1
302,0,0,3,0.0,165.6,5,0,1
303,0,0,3,0.0,165.6,5,0,1
304,0,0,3,1.5,167.1,3,0,1
305,0,0,3,0.0,0.0,5,0,1
306,0,0,3,2.2,2.2,3,0,1
307,0,0,3,0.0,2.2,5,0,1
308,0,0,3,0.0,2.2,5,0,1
309,0,0,3,0.0,2.2,5,0,1
310,0,0,3,11.9,14.1,4,0,1
311,0,0,3,12.8,26.9,4,0,1
312,0,0,3,0.0,26.9,5,0,1
313,0,0,3,0.0,26.9,5,0,1
314,0,0,3,0.0,26.9,5,0,1
315,0,0,3,0.3,27.2,3,0,1
316,0,0,3,0.0,27.2,5,0,1
317,0,0,3,1.1,28.3,3,0,1
318,0,0,3,2.0,30.3,3,0,1
319,0,0,3,5.6,35.9,3,0,1
320,0,0,3,0.0,35.9,5,0,1
321,0,0,3,0.0,35.9,5,0,1
322,0,0,3,0.0,35.9,5,0,1
323,0,0,3,0.0,35.9,5,0,1
324,0,0,3,4.9,40.8,3,0,1
325,0,0,3,0.0,40.8,5,0,1
326,0,0,3,0.0,40.8,5,0,1
327,0,0,3,5.6,46.4,3,0,1
328,0,0,3,0.0,46.4,5,0,1
329,0,0,3,2.4,48.8,3,0,1
330,0,0,3,8.2,57.0,4,0,1
331,0,0,3,0.0,57.0,5,0,1
332,0,0,3,6.3,63.3,3,0,1
333,0,0,3,0.0,63.3,5,0,1
334,0,0,3,0.0,63.3,5,0,1
335,0,0,3,0.0,0.0,5,0,1
336,0,0,3,0.0,0.0,5,0,1
337,0,0,3,0.0,0.0,5,0,1
338,0,0,3,0.0,0.0,5,0,1
339,0,0,3,0.0,0.0,5,0,1
340,0,0,3,0.0,0.0,5,0,1
341,0,0,3,0.0,0.0,5,0,1
342,0,0,3,0.0,0.0,5,0,1
343,0,0,3,0.0,0.0,5,0,1
344,0,0,3,0.0,0.0,5,0,1
345,0,0,3,0.0,0.0,5,0,1
346,0,0,3,0.0,0.0,5,0,1
347,0,0,3,0.0,0.0,5,0,1
348,0,0,3,7.2,7.2,3,0,1
349,0,0,3,0.0,7.2,5,0,1
350,0,0,3,0.0,7.2,5,0,1
351,0,0,3,2.0,9.2,3,0,1
352,0,0,3,0.0,9.2,5,0,1
353,0,0,3,0.0,9.2,5,0,1
354,0,0,3,0.0,9.2,5,0,1
355,0,0,3,0.0,9.2,5,0,1
356,0,0,3,0.0,9.2,5,0,1
357,0,0,3,0.0,9.2,5,0,1
358,0,0,3,5.5,14.7,3,0,1
359,0,0,3,0.0,14.7,5,0,1
360,0,0,3,0.0,14.7,5,0,1
361,0,0,3,0.0,14.7,5,0,1
362,0,0,3,0.0,14.7,5,0,1
363,0,0,3,0.0,14.7,5,0,1
364,0,0,3,0.0,14.7,5,0,1
365,0,0,3,0.0,14.7,5,0,1
366,0,0,2,0.0,0.0,5,0,1
367,0,0,2,0.0,0.0,5,0,1
368,0,0,2,0.0,0.0,5,0,1
369,0,0,2,0.0,0.0,5,0,1
370,0,0,2,0.0,0.0,5,0,1
371,0,0,2,0.0,0.0,5,0,1
372,0,0,2,0.0,0.0,5,0,1
373,0,0,2,0.0,0.0,5,0,1
374,0,0,2,0.0,0.0,5,0,1
375,0,0,2,0.0,0.0,5,0,1
376,0,0,2,0.0,0.0,5,0,1
377,0,0,2,5.7,5.7,3,0,1
378,0,0,2,0.0,5.7,5,0,1
379,0,0,2,0.0,5.7,5,0,1
380,0,0,2,0.0,5.7,5,0,1
381,0,0,2,0.0,5.7,5,0,1
382,0,0,2,0.0,5.7,5,0,1
383,0,0,2,0.0,5.7,5,0,1
384,0,0,2,0.0,5.7,5,0,1
385,0,0,2,0.0,5.7,5,0,1
386,0,0,2,0.0,5.7,5,0,1
387,0,0,2,0.0,5.7,5,0,1
388,0,0,2,0.0,5.7,5,0,1
389,0,0,2,0.0,5.7,5,0,1
390,0,0,2,2.4,8.1,3,0,1
391,0,0,2,0.0,8.1,5,0,1
392,0,0,2,0.0,8.1,5,0,1
393,0,0,2,0.0,8.1,5,0,1
394,0,0,2,0.0,8.1,5,0,1
395,0,0,2,0.0,8.1,5,0,1
396,0,0,2,0.0,8.1,5,0,1
397,0,0,2,0.0,0.0,5,0,1
398,0,0,2,0.0,0.0,5,0,1
399,0,0,2,0.0,0.0,5,0,1
400,0,0,2,0.0,0.0,5,0,1
401,0,0,2,0.0,0.0,5,0,1
402,0,0,2,0.0,0.0,5,0,1
403,0,0,2,0.0,0.0,5,0,1
404,0,0,2,0.0,0.0,5,0,1
405,0,0,2,0.0,0.0,5,0,1
406,0,0,2,0.0,0.0,5,0,1
407,0,0,2,0.0,0.0,5,0,1
408,0,0,2,0.0,0.0,5,0,1
409,0,0,2,0.0,0.0,5,0,1
410,0,0,2,0.0,0.0,5,0,1
411,0,0,2,12.1,12.1,4,0,1
412,0,0,2,0.0,12.1,5,0,1
413,0,0,2,0.0,12.1,5,0,1
414,0,0,2,0.0,12.1,5,0,1
415,0,0,2,0.0,12.1,5,0,1
416,0,0,2,0.0,12.1,5,0,1
417,0,0,2,0.0,12.1,5,0,1
418,0,0,2,0.0,12.1,5,0,1
419,0,0,2,0.0,12.1,5,0,1
420,0,0,2,0.0,12.1,5,0,1
421,0,0,2,0.0,12.1,5,0,1
422,0,0,2,0.0,12.1,5,0,1
423,0,0,2,0.0,12.1,5,0,1
424,0,0,2,0.0,12.1,5,0,1
425,0,0,2,0.0,0.0,5,0,1
426,0,0,2,0.0,0.0,5,0,1
427,0,0,2,0.0,0.0,5,0,1
428,0,0,2,0.0,0.0,5,0,1
429,0,0,2,0.0,0.0,5,0,1
430,0,0,2,0.0,0.0,5,0,1
431,0,0,2,0.0,0.0,5,0,1
432,0,0,2,5.1,5.1,3,0,1
433,0,0,2,0.0,5.1,5,0,1
434,0,0,2,0.0,5.1,5,0,1
435,0,0,2,0.0,5.1,5,0,1
436,0,0,2,0.0,5.1,5,0,1
437,0,0,2,0.0,5.1,5,0,1
438,0,0,2,0.0,5.1,5,0,1
439,0,0,2,0.0,5.1,5,0,1
440,0,0,2,0.0,5.1,5,0,1
441,0,0,2,0.0,5.1,5,0,1
442,0,0,2,0.0,5.1,5,0,1
443,0,0,2,14.0,19.1,4,0,1
444,0,0,2,0.0,19.1,5,0,1
445,0,0,2,0.0,19.1,5,0,1
446,0,0,2,0.0,19.1,5,0,1
447,0,0,2,0.0,19.1,5,0,1
448,0,0,2,0.0,19.1,5,0,1
449,0,0,2,3.3,22.4,3,0,1
450,0,0,2,16.7,39.1,4,0,2
451,0,0,2,0.0,39.1,5,0,1
452,0,0,2,0.0,39.1,5,0,1
453,0,0,2,0.0,39.1,5,0,1
454,0,0,2,0.0,39.1,5,0,1
455,0,0,2,0.0,39.1,5,0,1
456,0,0,2,0.0,0.0,5,0,1
457,0,0,2,8.3,8.3,4,0,1
458,0,0,2,0.0,8.3,5,0,1
459,0,0,2,0.0,8.3,5,0,1
460,0,0,2,0.0,8.3,5,0,1
461,0,0,2,0.0,8.3,5,0,1
462,0,0,2,0.0,8.3,5,0,1
463,0,0,2,0.0,8.3,5,0,1
464,0,0,2,0.0,8.3,5,0,1
465,0,0,2,6.2,14.5,3,0,1
466,0,0,2,0.0,14.5,5,0,1
467,0,0,2,0.0,14.5,5,0,1
468,0,0,2,3.8,18.3,3,0,1
469,0,0,2,11.5,29.8,4,0,1
470,0,0,2,0.0,29.8,5,0,1
471,0,0,2,27.7,57.5,4,0,2
472,0,0,2,0.0,57.5,5,0,1
473,0,0,2,0.0,57.5,5,0,1
474,0,0,2,0.0,57.5,5,0,1
475,0,0,2,0.0,57.5,5,0,1
476,0,0,2,0.0,57.5,5,0,1
477,0,0,2,0.0,57.5,5,0,1
478,0,0,2,0.0,57.5,5,0,1
479,0,0,2,6.4,63.9,3,0,1
480,0,0,2,0.0,63.9,5,0,1
481,0,0,2,0.0,63.9,5,0,1
482,0,0,2,0.0,63.9,5,0,1
483,0,0,2,0.0,63.9,5,0,1
484,0,0,2,0.0,63.9,5,0,1
485,0,0,2,0.0,63.9,5,0,1
486,0,0,2,0.0,0.0,5,0,1
487,0,0,2,0.0,0.0,5,0,1
488,0,0,2,0.0,0.0,5,0,1
489,0,0,2,2.3,2.3,3,0,1
490,0,0,2,6.4,8.7,3,0,1
491,0,0,2,0.0,8.7,5,0,1
492,0,0,2,0.0,8.7,5,0,1
493,0,0,2,0.0,8.7,5,0,1
494,0,0,2,0.0,8.7,5,0,1
495,0,0,2,16.2,24.9,4,0,2
496,0,0,2,0.3,25.2,3,0,1
497,0,0,2,0.0,25.2,5,0,1
498,0,0,2,0.0,25.2,5,0,1
499,0,0,2,0.0,25.2,5,0,1
500,0,0,2,0.0,25.2,5,0,1
501,0,0,2,0.0,25.2,5,0,1
502,0,0,2,0.0,25.2,5,0,1
503,0,0,2,0.0,25.2,5,0,1
504,0,0,2,8.0,33.2,4,0,1
505,0,0,2,3.8,37.0,3,0,1
506,0,0,2,3.0,40.0,3,0,1
507,0,0,2,0.0,40.0,5,0,1
508,0,0,2,13.7,53.7,4,0,1
509,0,0,2,4.1,57.8,3,0,1
510,0,0,2,0.0,57.8,5,0,1
511,0,0,2,36.4,94.2,2,0,0
512,0,0,2,19.0,113.2,4,0,2
513,0,0,2,7.3,120.5,3,0,1
514,0,0,2,0.4,120.9,3,0,1
515,0,0,2,1.8,122.7,3,0,1
516,0,0,2,0.0,122.7,5,0,1
517,0,0,2,1.0,1.0,3,0,1
518,0,0,2,10.2,11.2,4,0,1
519,0,0,2,73.9,85.1,6,1,0
520,0,0,2,20.7,105.8,4,0,2
521,0,0,2,0.0,105.8,5,0,1
522,0,0,2,5.0,110.8,3,0,1
523,0,0,2,20.6,131.4,4,0,2
524,0,0,2,3.0,134.4,3,0,1
525,0,0,2,14.6,149.0,4,0,1
526,0,0,2,8.9,157.9,4,0,1
527,0,0,2,9.2,167.1,4,0,1
528,0,0,2,17.7,184.8,4,0,2
529,0,0,2,0.9,185.7,3,0,1
530,0,0,2,34.9,220.6,4,0,2
531,0,0,2,124.1,344.7,1,2,0
532,0,0,2,4.4,349.1,3,0,1
533,0,0,2,0.2,349.3,3,0,1
534,0,0,2,25.6,374.9,4,0,2
535,0,0,2,13.5,388.4,4,0,1
536,0,0,2,23.7,412.1,4,0,2
537,0,0,2,9.6,421.7,4,0,1
538,0,0,2,7.7,429.4,4,0,1
539,0,0,2,25.4,454.8,4,0,2
540,0,0,2,19.4,474.2,4,0,2
541,0,0,2,7.8,482.0,4,0,1
542,0,0,2,8.1,490.1,4,0,1
543,0,0,2,0.0,490.1,5,0,1
544,0,0,2,3.2,493.3,3,0,1
545,0,0,2,30.6,523.9,4,0,2
546,0,0,2,0.0,523.9,5,0,1
547,0,0,2,2.3,2.3,3,0,1
548,0,0,2,4.9,7.2,3,0,1
549,0,0,2,9.6,16.8,4,0,1
550,0,0,2,44.4,61.2,2,0,0
551,0,0,2,24.1,85.3,4,0,2
552,0,0,2,42.7,128.0,2,0,0
553,0,0,2,15.7,143.7,4,0,2
554,0,0,2,6.5,150.2,3,0,1
555,0,0,2,27.5,177.7,4,0,2
556,0,0,2,64.2,241.9,2,0,0
557,0,0,2,26.5,268.4,4,0,2
558,0,0,2,26.1,294.5,4,0,2
559,0,0,2,2.0,296.5,3,0,1
560,0,0,2,0.0,296.5,5,0,1
561,0,0,2,32.5,329.0,4,0,2
562,0,0,2,0.0,329.0,5,0,1
563,0,0,2,0.6,329.6,3,0,1
564,0,0,2,22.7,352.3,4,0,2
565,0,0,2,3.6,355.9,3,0,1
566,0,0,2,44.1,400.0,2,0,0
567,0,0,2,8.3,408.3,4,0,1
568,0,0,2,19.4,427.7,4,0,2
569,0,0,2,29.7,457.4,4,0,2
570,0,0,2,58.6,516.0,2,0,0
571,0,0,2,0.6,516.6,3,0,1
572,0,0,2,64.9,581.5,6,1,0
573,0,0,2,13.4,594.9,4,0,1
574,0,0,2,3.4,598.3,3,0,1
575,0,0,2,0.8,599.1,3,0,1
576,0,0,2,2.6,601.7,3,0,1
577,0,0,2,9.0,610.7,4,0,1
578,0,0,2,12.2,12.2,4,0,1
579,0,0,2,83.7,95.9,6,1,0
580,0,0,2,25.3,121.2,4,0,2
581,0,0,2,39.8,161.0,2,0,0
582,0,0,2,212.2,373.2,0,3,0
583,0,0,2,28.6,401.8,4,0,2
584,0,0,2,9.3,411.1,4,0,1
585,0,0,2,6.6,417.7,3,0,1
586,0,0,2,4.3,422.0,3,0,1
587,0,0,2,15.1,437.1,4,0,2
588,0,0,2,0.0,437.1,5,0,1
589,0,0,2,7.7,444.8,4,0,1
590,0,0,2,17.2,462.0,4,0,2
591,0,0,2,12.6,474.6,4,0,1
592,0,0,2,0.0,474.6,5,0,1
593,0,0,2,59.6,534.2,2,0,0
594,0,0,2,28.7,562.9,4,0,2
595,0,0,2,4.5,567.4,3,0,1
596,0,0,2,43.3,610.7,2,0,0
597,0,0,2,65.8,676.5,6,1,0
598,0,0,2,28.1,704.6,4,0,2
599,0,0,2,26.5,731.1,4,0,2
600,0,0,2,1.5,732.6,3,0,1
601,0,0,2,3.5,736.1,3,0,1
602,0,0,2,75.7,811.8,6,1,0
603,0,0,2,7.9,819.7,4,0,1
604,0,0,2,0.2,819.9,3,0,1
605,0,0,2,10.6,830.5,4,0,1
606,0,0,2,9.7,840.2,4,0,1
607,0,0,2,24.5,864.7,4,0,2
608,0,0,2,39.9,904.6,2,0,0
609,0,0,2,22.8,22.8,4,0,2
610,0,0,2,38.5,61.3,2,0,0
611,0,0,2,8.4,69.7,4,0,1
612,0,0,2,50.9,120.6,2,0,0
613,0,0,2,22.3,142.9,4,0,2
614,0,0,2,16.9,159.8,4,0,2
615,0,0,2,4.1,163.9,3,0,1
616,0,0,2,0.0,163.9,5,0,1
617,0,0,2,43.7,207.6,2,0,0
618,0,0,2,35.6,243.2,2,0,0
619,0,0,2,39.6,282.8,2,0,0
620,0,0,2,0.0,282.8,5,0,1
621,0,0,2,18.1,300.9,4,0,2
622,0,0,2,35.5,336.4,2,0,0
623,0,0,2,6.5,342.9,3,0,1
624,0,0,2,0.6,343.5,3,0,1
625,0,0,2,10.8,354.3,4,0,1
626,0,0,2,3.5,357.8,3,0,1
627,0,0,2,1.1,358.9,3,0,1
628,0,0,2,0.7,359.6,3,0,1
629,0,0,2,39.3,398.9,2,0,0
630,0,0,2,11.0,409.9,4,0,1
631,0,0,2,48.1,458.0,2,0,0
632,0,0,2,35.3,493.3,4,0,0
633,0,0,2,3.9,497.2,3,0,1
634,0,0,2,7.6,504.8,4,0,1
635,0,0,2,9.8,514.6,4,0,1
636,0,0,2,24.8,539.4,4,0,2
637,0,0,2,8.2,547.6,4,0,1
638,0,0,2,15.1,562.7,4,0,2
639,0,0,2,3.7,3.7,3,0,1
640,0,0,2,0.0,3.7,5,0,1
641,0,0,2,45.6,49.3,2,0,0
642,0,0,2,6.4,55.7,3,0,1
643,0,0,2,9.4,65.1,4,0,1
644,0,0,2,4.7,69.8,3,0,1
645,0,0,2,6.1,75.9,3,0,1
646,0,0,2,0.2,76.1,3,0,1
647,0,0,2,5.4,81.5,3,0,1
648,0,0,2,6.6,88.1,3,0,1
649,0,0,2,43.3,131.4,2,0,0
650,0,0,2,4.1,135.5,3,0,1
651,0,0,2,1.0,136.5,3,0,1
652,0,0,2,9.7,146.2,4,0,1
653,0,0,2,5.2,151.4,3,0,1
654,0,0,2,8.8,160.2,4,0,1
655,0,0,2,9.7,169.9,4,0,1
656,0,0,2,15.5,185.4,4,0,2
657,0,0,2,28.9,214.3,4,0,2
658,0,0,2,3.0,217.3,3,0,1
659,0,0,2,25.4,242.7,4,0,2
660,0,0,2,0.0,242.7,5,0,1
661,0,0,2,2.3,245.0,3,0,1
662,0,0,2,15.9,260.9,4,0,2
663,0,0,2,2.5,263.4,3,0,1
664,0,0,2,21.1,284.5,4,0,2
665,0,0,2,37.6,322.1,2,0,0
666,0,0,2,17.6,339.7,4,0,2
667,0,0,2,27.3,367.0,4,0,2
668,0,0,2,0.9,367.9,3,0,1
669,0,0,2,9.0,376.9,4,0,1
670,0,0,2,0.0,0.0,5,0,1
671,0,0,2,5.7,5.7,3,0,1
672,0,0,2,0.0,5.7,5,0,1
673,0,0,2,0.0,5.7,5,0,1
674,0,0,2,0.0,5.7,5,0,1
675,0,0,2,1.1,6.8,3,0,1
676,0,0,2,0.0,6.8,5,0,1
677,0,0,2,4.1,10.9,3,0,1
678,0,0,2,2.3,13.2,3,0,1
679,0,0,2,0.0,13.2,5,0,1
680,0,0,2,0.0,13.2,5,0,1
681,0,0,2,0.0,13.2,5,0,1
682,0,0,2,0.0,13.2,5,0,1
683,0,0,2,7.3,20.5,3,0,1
684,0,0,2,0.0,20.5,5,0,1
685,0,0,2,0.0,20.5,5,0,1
686,0,0,2,0.0,20.5,5,0,1
687,0,0,2,0.0,20.5,5,0,1
688,0,0,2,0.0,20.5,5,0,1
689,0,0,2,12.6,33.1,4,0,1
690,0,0,2,0.0,33.1,5,0,1
691,0,0,2,0.0,33.1,5,0,1
692,0,0,2,0.0,33.1,5,0,1
693,0,0,2,4.0,37.1,3,0,1
694,0,0,2,0.0,37.1,5,0,1
695,0,0,2,0.0,37.1,5,0,1
696,0,0,2,0.0,37.1,5,0,1
697,0,0,2,0.0,37.1,5,0,1
698,0,0,2,21.8,58.9,4,0,2
699,0,0,2,0.0,58.9,5,0,1
700,0,0,2,0.0,0.0,5,0,1
701,0,0,2,0.0,0.0,5,0,1
702,0,0,2,0.0,0.0,5,0,1
703,0,0,2,0.0,0.0,5,0,1
704,0,0,2,0.0,0.0,5,0,1
705,0,0,2,0.0,0.0,5,0,1
706,0,0,2,0.0,0.0,5,0,1
707,0,0,2,0.0,0.0,5,0,1
708,0,0,2,0.0,0.0,5,0,1
709,0,0,2,0.0,0.0,5,0,1
710,0,0,2,0.0,0.0,5,0,1
711,0,0,2,0.0,0.0,5,0,1
712,0,0,2,0.0,0.0,5,0,1
713,0,0,2,5.4,5.4,3,0,1
714,0,0,2,6.2,11.6,3,0,1
715,0,0,2,0.0,11.6,5,0,1
716,0,0,2,0.0,11.6,5,0,1
717,0,0,2,0.0,11.6,5,0,1
718,0,0,2,0.0,11.6,5,0,1
719,0,0,2,0.0,11.6,5,0,1
720,0,0,2,0.0,11.6,5,0,1
721,0,0,2,0.0,11.6,5,0,1
722,0,0,2,0.0,11.6,5,0,1
723,0,0,2,0.0,11.6,5,0,1
724,0,0,2,0.0,11.6,5,0,1
725,0,0,2,0.0,11.6,5,0,1
726,0,0,2,0.0,11.6,5,0,1
727,0,0,2,3.9,15.5,3,0,1
728,0,0,2,0.0,15.5,5,0,1
729,0,0,2,0.0,15.5,5,0,1
730,0,0,2,0.0,15.5,5,0,1
731,0,0,0,0.0,0.0,5,0,1
732,0,0,0,0.0,0.0,5,0,1
733,0,0,0,0.0,0.0,5,0,1
734,0,0,0,0.0,0.0,5,0,1
735,0,0,0,0.0,0.0,5,0,1
736,0,0,0,0.0,0.0,5,0,1
737,0,0,0,0.0,0.0,5,0,1
738,0,0,0,0.0,0.0,5,0,1
739,0,0,0,0.0,0.0,5,0,1
740,0,0,0,0.0,0.0,5,0,1
741,0,0,0,0.0,0.0,5,0,1
742,0,0,0,0.0,0.0,5,0,1
743,0,0,0,0.0,0.0,5,0,1
744,0,0,0,0.0,0.0,5,0,1
745,0,0,0,0.0,0.0,5,0,1
746,0,0,0,0.0,0.0,5,0,1
747,0,0,0,0.0,0.0,5,0,1
748,0,0,0,0.0,0.0,5,0,1
749,0,0,0,0.0,0.0,5,0,1
750,0,0,0,0.0,0.0,5,0,1
751,0,0,0,0.0,0.0,5,0,1
752,0,0,0,0.0,0.0,5,0,1
753,0,0,0,0.0,0.0,5,0,1
754,0,0,0,12.8,12.8,4,0,1
755,0,0,0,0.0,12.8,5,0,1
756,0,0,0,0.0,12.8,5,0,1
757,0,0,0,0.0,12.8,5,0,1
758,0,0,0,0.0,12.8,5,0,1
759,0,0,0,0.0,12.8,5,0,1
760,0,0,0,0.0,12.8,5,0,1
761,0,0,0,0.0,12.8,5,0,1
762,0,0,0,0.0,0.0,5,0,1
763,0,0,0,0.0,0.0,5,0,1
764,0,0,0,0.0,0.0,5,0,1
765,0,0,0,0.0,0.0,5,0,1
766,0,0,0,0.0,0.0,5,0,1
767,0,0,0,0.0,0.0,5,0,1
768,0,0,0,0.3,0.3,3,0,1
769,0,0,0,0.0,0.3,5,0,1
770,0,0,0,0.0,0.3,5,0,1
771,0,0,0,0.0,0.3,5,0,1
772,0,0,0,0.0,0.3,5,0,1
773,0,0,0,0.0,0.3,5,0,1
774,0,0,0,0.0,0.3,5,0,1
775,0,0,0,0.0,0.3,5,0,1
776,0,0,0,0.0,0.3,5,0,1
777,0,0,0,0.0,0.3,5,0,1
778,0,0,0,0.0,0.3,5,0,1
779,0,0,0,0.0,0.3,5,0,1
780,0,0,0,0.0,0.3,5,0,1
781,0,0,0,0.0,0.3,5,0,1
782,0,0,0,0.0,0.3,5,0,1
783,0,0,0,0.0,0.3,5,0,1
784,0,0,0,0.0,0.3,5,0,1
785,0,0,0,0.0,0.3,5,0,1
786,0,0,0,0.1,0.4,3,0,1
787,0,0,0,0.0,0.4,5,0,1
788,0,0,0,0.0,0.4,5,0,1
789,0,0,0,0.0,0.4,5,0,1
790,0,0,0,4.1,4.1,3,0,1
791,0,0,0,0.0,4.1,5,0,1
792,0,0,0,0.0,4.1,5,0,1
793,0,0,0,0.0,4.1,5,0,1
794,0,0,0,0.0,4.1,5,0,1
795,0,0,0,0.0,4.1,5,0,1
796,0,0,0,0.0,4.1,5,0,1
797,0,0,0,0.0,4.1,5,0,1
798,0,0,0,0.0,4.1,5,0,1
799,0,0,0,0.0,4.1,5,0,1
800,0,0,0,0.0,4.1,5,0,1
801,0,0,0,0.0,4.1,5,0,1
802,0,0,0,0.0,4.1,5,0,1
803,0,0,0,0.0,4.1,5,0,1
804,0,0,0,0.0,4.1,5,0,1
805,0,0,0,5.4,9.5,3,0,1
806,0,0,0,0.0,9.5,5,0,1
807,0,0,0,0.0,9.5,5,0,1
808,0,0,0,0.0,9.5,5,0,1
809,0,0,0,0.0,9.5,5,0,1
810,0,0,0,0.0,9.5,5,0,1
811,0,0,0,0.0,9.5,5,0,1
812,0,0,0,0.0,9.5,5,0,1
813,0,0,0,0.0,9.5,5,0,1
814,0,0,0,0.0,9.5,5,0,1
815,0,0,0,0.0,9.5,5,0,1
816,0,0,0,0.0,9.5,5,0,1
817,0,0,0,0.0,9.5,5,0,1
818,0,0,0,0.0,9.5,5,0,1
819,0,0,0,0.0,9.5,5,0,1
820,0,0,0,0.9,10.4,3,0,1
821,0,0,0,0.0,0.0,5,0,1
822,0,0,0,0.0,0.0,5,0,1
823,0,0,0,0.0,0.0,5,0,1
824,0,0,0,0.0,0.0,5,0,1
825,0,0,0,0.0,0.0,5,0,1
826,0,0,0,0.0,0.0,5,0,1
827,0,0,0,0.0,0.0,5,0,1
828,0,0,0,3.7,3.7,3,0,1
829,0,0,0,0.0,3.7,5,0,1
830,0,0,0,0.0,3.7,5,0,1
831,0,0,0,0.0,3.7,5,0,1
832,0,0,0,0.0,3.7,5,0,1
833,0,0,0,0.0,3.7,5,0,1
834,0,0,0,0.0,3.7,5,0,1
835,0,0,0,0.0,3.7,5,0,1
836,0,0,0,0.0,3.7,5,0,1
837,0,0,0,0.0,3.7,5,0,1
838,0,0,0,0.0,3.7,5,0,1
839,0,0,0,0.0,3.7,5,0,1
840,0,0,0,0.0,3.7,5,0,1
841,0,0,0,0.0,3.7,5,0,1
842,0,0,0,0.0,3.7,5,0,1
843,0,0,0,0.0,3.7,5,0,1
844,0,0,0,0.0,3.7,5,0,1
845,0,0,0,0.0,3.7,5,0,1
846,0,0,0,0.0,3.7,5,0,1
847,0,0,0,0.0,3.7,5,0,1
848,0,0,0,0.0,3.7,5,0,1
849,0,0,0,0.0,3.7,5,0,1
850,0,0,0,0.0,3.7,5,0,1
851,0,0,0,0.0,0.0,5,0,1
852,0,0,0,1.2,1.2,3,0,1
853,0,0,0,4.3,5.5,3,0,1
854,0,0,0,0.0,5.5,5,0,1
855,0,0,0,0.0,5.5,5,0,1
856,0,0,0,0.0,5.5,5,0,1
857,0,0,0,0.0,5.5,5,0,1
858,0,0,0,0.0,5.5,5,0,1
859,0,0,0,0.0,5.5,5,0,1
860,0,0,0,0.0,5.5,5,0,1
861,0,0,0,0.0,5.5,5,0,1
862,0,0,0,0.0,5.5,5,0,1
863,0,0,0,0.0,5.5,5,0,1
864,0,0,0,0.0,5.5,5,0,1
865,0,0,0,0.0,5.5,5,0,1
866,0,0,0,6.7,12.2,3,0,1
867,0,0,0,3.0,15.2,3,0,1
868,0,0,0,0.0,15.2,5,0,1
869,0,0,0,0.0,15.2,5,0,1
870,0,0,0,0.9,16.1,3,0,1
871,0,0,0,1.6,17.7,3,0,1
872,0,0,0,0.0,17.7,5,0,1
873,0,0,0,0.0,17.7,5,0,1
874,0,0,0,0.0,17.7,5,0,1
875,0,0,0,0.0,17.7,5,0,1
876,0,0,0,0.0,17.7,5,0,1
877,0,0,0,0.0,17.7,5,0,1
878,0,0,0,0.0,17.7,5,0,1
879,0,0,0,0.0,17.7,5,0,1
880,0,0,0,0.0,17.7,5,0,1
881,0,0,0,0.0,17.7,5,0,1
882,0,0,0,0.0,0.0,5,0,1
883,0,0,0,0.8,0.8,3,0,1
884,0,0,0,0.8,1.6,3,0,1
885,0,0,0,0.3,1.9,3,0,1
886,0,0,0,0.0,1.9,5,0,1
887,0,0,0,0.0,1.9,5,0,1
888,0,0,0,3.1,5.0,3,0,1
889,0,0,0,0.0,5.0,5,0,1
890,0,0,0,1.5,6.5,3,0,1
891,0,0,0,1.4,7.9,3,0,1
892,0,0,0,0.0,7.9,5,0,1
893,0,0,0,0.0,7.9,5,0,1
894,0,0,0,2.4,10.3,3,0,1
895,0,0,0,0.0,10.3,5,0,1
896,0,0,0,0.0,10.3,5,0,1
897,0,0,0,0.0,10.3,5,0,1
898,0,0,0,0.0,10.3,5,0,1
899,0,0,0,11.6,21.9,4,0,1
900,0,0,0,0.0,21.9,5,0,1
901,0,0,0,0.0,21.9,5,0,1
902,0,0,0,0.0,21.9,5,0,1
903,0,0,0,5.6,27.5,3,0,1
904,0,0,0,15.0,42.5,4,0,1
905,0,0,0,0.0,42.5,5,0,1
906,0,0,0,0.0,42.5,5,0,1
907,0,0,0,15.3,57.8,4,0,2
908,0,0,0,0.0,57.8,5,0,1
909,0,0,0,10.2,68.0,4,0,1
910,0,0,0,13.4,81.4,4,0,1
911,0,0,0,0.0,81.4,5,0,1
912,0,0,0,0.0,0.0,5,0,1
913,0,0,0,0.0,0.0,5,0,1
914,0,0,0,0.0,0.0,5,0,1
915,0,0,0,0.0,0.0,5,0,1
916,0,0,0,0.0,0.0,5,0,1
917,0,0,0,0.0,0.0,5,0,1
918,0,0,0,0.0,0.0,5,0,1
919,0,0,0,0.0,0.0,5,0,1
920,0,0,0,3.1,3.1,3,0,1
921,0,0,0,16.2,19.3,4,0,2
922,0,0,0,0.0,19.3,5,0,1
923,0,0,0,1.4,20.7,3,0,1
924,0,0,0,7.7,28.4,4,0,1
925,0,0,0,0.0,28.4,5,0,1
926,0,0,0,0.0,28.4,5,0,1
927,0,0,0,0.0,28.4,5,0,1
928,0,0,0,0.0,28.4,5,0,1
929,0,0,0,0.0,28.4,5,0,1
930,0,0,0,0.0,28.4,5,0,1
931,0,0,0,0.0,28.4,5,0,1
932,0,0,0,0.0,28.4,5,0,1
933,0,0,0,0.0,28.4,5,0,1
934,0,0,0,8.2,36.6,4,0,1
935,0,0,0,0.0,36.6,5,0,1
936,0,0,0,2.2,38.8,3,0,1
937,0,0,0,0.0,38.8,5,0,1
938,0,0,0,1.4,40.2,3,0,1
939,0,0,0,3.3,43.5,3,0,1
940,0,0,0,0.0,43.5,5,0,1
941,0,0,0,8.4,51.9,4,0,1
942,0,0,0,0.0,51.9,5,0,1
943,0,0,0,1.6,1.6,3,0,1
944,0,0,0,3.9,5.5,3,0,1
945,0,0,0,0.0,5.5,5,0,1
946,0,0,0,0.0,5.5,5,0,1
947,0,0,0,8.2,13.7,4,0,1
948,0,0,0,0.0,13.7,5,0,1
949,0,0,0,0.0,13.7,5,0,1
950,0,0,0,12.6,26.3,4,0,1
951,0,0,0,0.0,26.3,5,0,1
952,0,0,0,0.0,26.3,5,0,1
953,0,0,0,0.0,26.3,5,0,1
954,0,0,0,0.0,26.3,5,0,1
955,0,0,0,0.0,26.3,5,0,1
956,0,0,0,0.0,26.3,5,0,1
957,0,0,0,4.1,30.4,3,0,1
958,0,0,0,0.0,30.4,5,0,1
959,0,0,0,1.5,31.9,3,0,1
960,0,0,0,0.0,31.9,5,0,1
961,0,0,0,0.0,31.9,5,0,1
962,0,0,0,0.0,31.9,5,0,1
963,0,0,0,22.5,54.4,4,0,2
964,0,0,0,3.6,58.0,3,0,1
965,0,0,0,0.0,58.0,5,0,1
966,0,0,0,0.0,58.0,5,0,1
967,0,0,0,0.0,58.0,5,0,1
968,0,0,0,187.8,245.8,1,2,0
969,0,0,0,1.8,247.6,3,0,1
970,0,0,0,1.2,248.8,3,0,1
971,0,0,0,0.0,248.8,5,0,1
972,0,0,0,18.8,267.6,4,0,2
973,0,0,0,0.0,267.6,5,0,1
974,0,0,0,0.0,0.0,5,0,1
975,0,0,0,0.5,0.5,3,0,1
976,0,0,0,0.0,0.5,5,0,1
977,0,0,0,1.6,2.1,3,0,1
978,0,0,0,0.0,2.1,5,0,1
979,0,0,0,0.0,2.1,5,0,1
980,0,0,0,6.8,8.9,3,0,1
981,0,0,0,0.0,8.9,5,0,1
982,0,0,0,0.0,8.9,5,0,1
983,0,0,0,5.9,14.8,3,0,1
984,0,0,0,20.9,35.7,4,0,2
985,0,0,0,0.0,35.7,5,0,1
986,0,0,0,0.0,35.7,5,0,1
987,0,0,0,0.0,35.7,5,0,1
988,0,0,0,0.0,35.7,5,0,1
989,0,0,0,0.0,35.7,5,0,1
990,0,0,0,0.0,35.7,5,0,1
991,0,0,0,5.3,41.0,3,0,1
992,0,0,0,0.0,41.0,5,0,1
993,0,0,0,0.0,41.0,5,0,1
994,0,0,0,0.0,41.0,5,0,1
995,0,0,0,0.0,41.0,5,0,1
996,0,0,0,0.0,41.0,5,0,1
997,0,0,0,0.0,41.0,5,0,1
998,0,0,0,0.0,41.0,5,0,1
999,0,0,0,0.0,41.0,5,0,1
1000,0,0,0,0.0,41.0,5,0,1
1001,0,0,0,0.0,41.0,5,0,1
1002,0,0,0,0.0,41.0,5,0,1
1003,0,0,0,0.0,41.0,5,0,1
1004,0,0,0,0.0,0.0,5,0,1
1005,0,0,0,0.0,0.0,5,0,1
1006,0,0,0,0.0,0.0,5,0,1
1007,0,0,0,0.0,0.0,5,0,1
1008,0,0,0,0.0,0.0,5,0,1
1009,0,0,0,0.0,0.0,5,0,1
1010,0,0,0,0.0,0.0,5,0,1
1011,0,0,0,1.7,1.7,3,0,1
1012,0,0,0,0.0,1.7,5,0,1
1013,0,0,0,0.5,2.2,3,0,1
1014,0,0,0,0.0,2.2,5,0,1
1015,0,0,0,0.0,2.2,5,0,1
1016,0,0,0,0.0,2.2,5,0,1
1017,0,0,0,0.0,2.2,5,0,1
1018,0,0,0,1.3,3.5,3,0,1
1019,0,0,0,0.0,3.5,5,0,1
1020,0,0,0,0.7,4.2,3,0,1
1021,0,0,0,0.0,4.2,5,0,1
1022,0,0,0,0.3,4.5,3,0,1
1023,0,0,0,0.0,4.5,5,0,1
1024,0,0,0,1.5,6.0,3,0,1
1025,0,0,0,0.0,6.0,5,0,1
1026,0,0,0,0.0,6.0,5,0,1
1027,0,0,0,0.0,6.0,5,0,1
1028,0,0,0,3.0,9.0,3,0,1
1029,0,0,0,8.0,17.0,4,0,1
1030,0,0,0,0.0,17.0,5,0,1
1031,0,0,0,0.3,17.3,3,0,1
1032,0,0,0,0.0,17.3,5,0,1
1033,0,0,0,0.0,17.3,5,0,1
1034,0,0,0,0.6,17.9,3,0,1
1035,0,0,0,0.0,0.0,5,0,1
1036,0,0,0,0.0,0.0,5,0,1
1037,0,0,0,0.0,0.0,5,0,1
1038,0,0,0,0.0,0.0,5,0,1
1039,0,0,0,0.0,0.0,5,0,1
1040,0,0,0,0.0,0.0,5,0,1
1041,0,0,0,0.0,0.0,5,0,1
1042,0,0,0,0.0,0.0,5,0,1
1043,0,0,0,0.0,0.0,5,0,1
1044,0,0,0,0.0,0.0,5,0,1
1045,0,0,0,0.0,0.0,5,0,1
1046,0,0,0,0.0,0.0,5,0,1
1047,0,0,0,0.0,0.0,5,0,1
1048,0,0,0,0.0,0.0,5,0,1
1049,0,0,0,0.0,0.0,5,0,1
1050,0,0,0,0.0,0.0,5,0,1
1051,0,0,0,0.1,0.1,3,0,1
1052,0,0,0,0.0,0.1,5,0,1
1053,0,0,0,0.0,0.1,5,0,1
1054,0,0,0,0.0,0.1,5,0,1
1055,0,0,0,0.0,0.1,5,0,1
1056,0,0,0,0.0,0.1,5,0,1
1057,0,0,0,0.0,0.1,5,0,1
1058,0,0,0,0.0,0.1,5,0,1
1059,0,0,0,0.0,0.1,5,0,1
1060,0,0,0,0.0,0.1,5,0,1
1061,0,0,0,0.0,0.1,5,0,1
1062,0,0,0,1.5,1.6,3,0,1
1063,0,0,0,4.0,5.6,3,0,1
1064,0,0,0,0.0,5.6,5,0,1
1065,0,0,0,0.0,0.0,5,0,1
1066,0,0,0,0.0,0.0,5,0,1
1067,0,0,0,6.2,6.2,3,0,1
1068,0,0,0,0.0,6.2,5,0,1
1069,0,0,0,0.0,6.2,5,0,1
1070,0,0,0,0.0,6.2,5,0,1
1071,0,0,0,0.0,6.2,5,0,1
1072,0,0,0,0.0,6.2,5,0,1
1073,0,0,0,0.0,6.2,5,0,1
1074,0,0,0,0.0,6.2,5,0,1
1075,0,0,0,0.0,6.2,5,0,1
1076,0,0,0,0.0,6.2,5,0,1
1077,0,0,0,0.0,6.2,5,0,1
1078,0,0,0,0.0,6.2,5,0,1
1079,0,0,0,0.0,6.2,5,0,1
1080,0,0,0,0.0,6.2,5,0,1
1081,0,0,0,0.0,6.2,5,0,1
1082,0,0,0,0.0,6.2,5,0,1
1083,0,0,0,0.0,6.2,5,0,1
1084,0,0,0,0.0,6.2,5,0,1
1085,0,0,0,0.0,6.2,5,0,1
1086,0,0,0,0.0,6.2,5,0,1
1087,0,0,0,0.0,6.2,5,0,1
1088,0,0,0,0.0,6.2,5,0,1
1089,0,0,0,0.0,6.2,5,0,1
1090,0,0,0,0.0,6.2,5,0,1
1091,0,0,0,0.0,6.2,5,0,1
1092,0,0,0,0.0,6.2,5,0,1
1093,0,0,0,0.0,6.2,5,0,1
1094,0,0,0,0.0,6.2,5,0,1
1095,0,0,0,0.0,6.2,5,0,1
1096,0,0,3,0.0,0.0,5,0,1
1097,0,0,3,0.0,0.0,5,0,1
1098,0,0,3,0.0,0.0,5,0,1
1099,0,0,3,0.0,0.0,5,0,1
1100,0,0,3,0.0,0.0,5,0,1
1101,0,0,3,0.0,0.0,5,0,1
1102,0,0,3,0.0,0.0,5,0,1
1103,0,0,3,0.0,0.0,5,0,1
1104,0,0,3,0.0,0.0,5,0,1
1105,0,0,3,0.0,0.0,5,0,1
1106,0,0,3,0.0,0.0,5,0,1
1107,0,0,3,0.0,0.0,5,0,1
1108,0,0,3,0.0,0.0,5,0,1
1109,0,0,3,0.0,0.0,5,0,1
1110,0,0,3,0.0,0.0,5,0,1
1111,0,0,3,0.0,0.0,5,0,1
1112,0,0,3,1.1,1.1,3,0,1
1113,0,0,3,0.0,1.1,5,0,1
1114,0,0,3,0.0,1.1,5,0,1
1115,0,0,3,0.0,1.1,5,0,1
1116,0,0,3,0.0,1.1,5,0,1
1117,0,0,3,0.0,1.1,5,0,1
1118,0,0,3,0.0,1.1,5,0,1
1119,0,0,3,0.0,1.1,5,0,1
1120,0,0,3,0.0,1.1,5,0,1
1121,0,0,3,0.0,1.1,5,0,1
1122,0,0,3,0.0,1.1,5,0,1
1123,0,0,3,0.0,1.1,5,0,1
1124,0,0,3,0.0,1.1,5,0,1
1125,0,0,3,0.0,1.1,5,0,1
1126,0,0,3,0.0,1.1,5,0,1
1127,0,0,3,3.2,3.2,3,0,1
1128,0,0,3,0.0,3.2,5,0,1
1129,0,0,3,0.0,3.2,5,0,1
1130,0,0,3,0.0,3.2,5,0,1
1131,0,0,3,0.0,3.2,5,0,1
1132,0,0,3,0.0,3.2,5,0,1
1133,0,0,3,0.0,3.2,5,0,1
1134,0,0,3,0.0,3.2,5,0,1
1135,0,0,3,6.8,10.0,3,0,1
1136,0,0,3,0.0,10.0,5,0,1
1137,0,0,3,0.0,10.0,5,0,1
1138,0,0,3,0.0,10.0,5,0,1
1139,0,0,3,0.0,10.0,5,0,1
1140,0,0,3,0.0,10.0,5,0,1
1141,0,0,3,0.0,10.0,5,0,1
1142,0,0,3,0.0,10.0,5,0,1
1143,0,0,3,0.0,10.0,5,0,1
1144,0,0,3,16.8,26.8,4,0,2
1145,0,0,3,0.0,26.8,5,0,1
1146,0,0,3,0.0,26.8,5,0,1
1147,0,0,3,0.0,26.8,5,0,1
1148,0,0,3,0.0,26.8,5,0,1
1149,0,0,3,0.0,26.8,5,0,1
1150,0,0,3,0.0,26.8,5,0,1
1151,0,0,3,0.0,26.8,5,0,1
1152,0,0,3,0.0,26.8,5,0,1
1153,0,0,3,0.0,26.8,5,0,1
1154,0,0,3,0.0,26.8,5,0,1
1155,0,0,3,8.0,8.0,4,0,1
1156,0,0,3,0.0,8.0,5,0,1
1157,0,0,3,0.0,8.0,5,0,1
1158,0,0,3,0.0,8.0,5,0,1
1159,0,0,3,0.0,8.0,5,0,1
1160,0,0,3,0.0,8.0,5,0,1
1161,0,0,3,0.0,8.0,5,0,1
1162,0,0,3,0.0,8.0,5,0,1
1163,0,0,3,0.0,8.0,5,0,1
1164,0,0,3,0.0,8.0,5,0,1
1165,0,0,3,0.0,8.0,5,0,1
1166,0,0,3,0.0,8.0,5,0,1
1167,0,0,3,0.0,8.0,5,0,1
1168,0,0,3,0.0,8.0,5,0,1
1169,0,0,3,0.0,8.0,5,0,1
1170,0,0,3,0.0,8.0,5,0,1
1171,0,0,3,0.0,8.0,5,0,1
1172,0,0,3,0.0,8.0,5,0,1
1173,0,0,3,0.0,8.0,5,0,1
1174,0,0,3,0.0,8.0,5,0,1
1175,0,0,3,0.0,8.0,5,0,1
1176,0,0,3,0.0,8.0,5,0,1
1177,0,0,3,0.0,8.0,5,0,1
1178,0,0,3,0.0,8.0,5,0,1
1179,0,0,3,0.0,8.0,5,0,1
1180,0,0,3,0.0,8.0,5,0,1
1181,0,0,3,0.0,8.0,5,0,1
1182,0,0,3,0.0,8.0,5,0,1
1183,0,0,3,0.0,8.0,5,0,1
1184,0,0,3,0.0,8.0,5,0,1
1185,0,0,3,0.0,8.0,5,0,1
1186,0,0,3,1.3,1.3,3,0,1
1187,0,0,3,0.0,1.3,5,0,1
1188,0,0,3,0.0,1.3,5,0,1
1189,0,0,3,0.0,1.3,5,0,1
1190,0,0,3,0.0,1.3,5,0,1
1191,0,0,3,0.0,1.3,5,0,1
1192,0,0,3,0.0,1.3,5,0,1
1193,0,0,3,12.5,13.8,4,0,1
1194,0,0,3,0.0,13.8,5,0,1
1195,0,0,3,0.0,13.8,5,0,1
1196,0,0,3,0.0,13.8,5,0,1
1197,0,0,3,0.0,13.8,5,0,1
1198,0,0,3,0.0,13.8,5,0,1
1199,0,0,3,0.0,13.8,5,0,1
1200,0,0,3,0.0,13.8,5,0,1
1201,0,0,3,0.0,13.8,5,0,1
1202,0,0,3,1.6,15.4,3,0,1
1203,0,0,3,0.0,15.4,5,0,1
1204,0,0,3,0.0,15.4,5,0,1
1205,0,0,3,0.0,15.4,5,0,1
1206,0,0,3,0.0,15.4,5,0,1
1207,0,0,3,0.0,15.4,5,0,1
1208,0,0,3,0.0,15.4,5,0,1
1209,0,0,3,0.0,15.4,5,0,1
1210,0,0,3,0.0,15.4,5,0,1
1211,0,0,3,0.0,15.4,5,0,1
1212,0,0,3,0.0,15.4,5,0,1
1213,0,0,3,0.0,15.4,5,0,1
1214,0,0,3,0.0,15.4,5,0,1
1215,0,0,3,0.0,15.4,5,0,1
1216,0,0,3,0.0,0.0,5,0,1
1217,0,0,3,0.0,0.0,5,0,1
1218,0,0,3,0.0,0.0,5,0,1
1219,0,0,3,6.2,6.2,3,0,1
1220,0,0,3,0.0,6.2,5,0,1
1221,0,0,3,0.0,6.2,5,0,1
1222,0,0,3,5.7,11.9,3,0,1
1223,0,0,3,0.0,11.9,5,0,1
1224,0,0,3,0.0,11.9,5,0,1
1225,0,0,3,0.0,11.9,5,0,1
1226,0,0,3,0.0,11.9,5,0,1
1227,0,0,3,0.0,11.9,5,0,1
1228,0,0,3,0.0,11.9,5,0,1
1229,0,0,3,0.0,11.9,5,0,1
1230,0,0,3,1.9,13.8,3,0,1
1231,0,0,3,0.0,13.8,5,0,1
1232,0,0,3,7.6,21.4,4,0,1
1233,0,0,3,7.7,29.1,4,0,1
1234,0,0,3,0.0,29.1,5,0,1
1235,0,0,3,0.0,29.1,5,0,1
1236,0,0,3,0.0,29.1,5,0,1
1237,0,0,3,0.0,29.1,5,0,1
1238,0,0,3,10.4,39.5,4,0,1
1239,0,0,3,10.7,50.2,4,0,1
1240,0,0,3,0.0,50.2,5,0,1
1241,0,0,3,0.0,50.2,5,0,1
1242,0,0,3,0.0,50.2,5,0,1
1243,0,0,3,0.0,50.2,5,0,1
1244,0,0,3,3.7,53.9,3,0,1
1245,0,0,3,5.8,59.7,3,0,1
1246,0,0,3,0.0,59.7,5,0,1
1247,0,0,3,18.3,18.3,4,0,2
1248,0,0,3,0.0,18.3,5,0,1
1249,0,0,3,0.2,18.5,3,0,1
1250,0,0,3,0.0,18.5,5,0,1
1251,0,0,3,23.5,42.0,4,0,2
1252,0,0,3,2.4,44.4,3,0,1
1253,0,0,3,0.0,44.4,5,0,1
1254,0,0,3,0.6,45.0,3,0,1
1255,0,0,3,15.9,60.9,4,0,2
1256,0,0,3,23.2,84.1,4,0,2
1257,0,0,3,0.0,84.1,5,0,1
1258,0,0,3,2.3,86.4,3,0,1
1259,0,0,3,51.5,137.9,2,0,0
1260,0,0,3,15.0,152.9,4,0,1
1261,0,0,3,8.5,161.4,4,0,1
1262,0,0,3,1.5,162.9,3,0,1
1263,0,0,3,44.5,207.4,2,0,0
1264,0,0,3,0.0,207.4,5,0,1
1265,0,0,3,42.4,249.8,2,0,0
1266,0,0,3,49.9,299.7,2,0,0
1267,0,0,3,0.0,299.7,5,0,1
1268,0,0,3,0.9,300.6,3,0,1
1269,0,0,3,0.0,300.6,5,0,1
1270,0,0,3,0.0,300.6,5,0,1
1271,0,0,3,0.0,300.6,5,0,1
1272,0,0,3,6.2,306.8,3,0,1
1273,0,0,3,38.1,344.9,2,0,0
1274,0,0,3,29.1,374.0,4,0,2
1275,0,0,3,30.6,404.6,4,0,2
1276,0,0,3,7.4,412.0,3,0,1
1277,0,0,3,23.9,23.9,4,0,2
1278,0,0,3,1.2,25.1,3,0,1
1279,0,0,3,31.1,56.2,4,0,2
1280,0,0,3,3.9,60.1,3,0,1
1281,0,0,3,27.6,87.7,4,0,2
1282,0,0,3,0.0,87.7,5,0,1
1283,0,0,3,9.5,97.2,4,0,1
1284,0,0,3,35.3,132.5,4,0,0
1285,0,0,3,13.6,146.1,4,0,1
1286,0,0,3,26.2,172.3,4,0,2
1287,0,0,3,0.7,173.0,3,0,1
1288,0,0,3,2.0,175.0,3,0,1
1289,0,0,3,8.1,183.1,4,0,1
1290,0,0,3,34.0,217.1,4,0,2
1291,0,0,3,4.2,221.3,3,0,1
1292,0,0,3,3.8,225.1,3,0,1
1293,0,0,3,25.7,250.8,4,0,2
1294,0,0,3,0.0,250.8,5,0,1
1295,0,0,3,61.6,312.4,2,0,0
1296,0,0,3,0.0,312.4,5,0,1
1297,0,0,3,10.5,322.9,4,0,1
1298,0,0,3,16.4,339.3,4,0,2
1299,0,0,3,9.2,348.5,4,0,1
1300,0,0,3,28.1,376.6,4,0,2
1301,0,0,3,17.1,393.7,4,0,2
1302,0,0,3,3.9,397.6,3,0,1
1303,0,0,3,35.2,432.8,4,0,0
1304,0,0,3,14.6,447.4,4,0,1
1305,0,0,3,14.7,462.1,4,0,1
1306,0,0,3,18.5,480.6,4,0,2
1307,0,0,3,8.6,489.2,4,0,1
1308,0,0,3,61.9,61.9,2,0,0
1309,0,0,3,5.3,67.2,3,0,1
1310,0,0,3,8.5,75.7,4,0,1
1311,0,0,3,29.7,105.4,4,0,2
1312,0,0,3,3.8,109.2,3,0,1
1313,0,0,3,0.0,109.2,5,0,1
1314,0,0,3,5.5,114.7,3,0,1
1315,0,0,3,3.2,117.9,3,0,1
1316,0,0,3,19.9,137.8,4,0,2
1317,0,0,3,2.4,140.2,3,0,1
1318,0,0,3,22.5,162.7,4,0,2
1319,0,0,3,0.0,162.7,5,0,1
1320,0,0,3,28.5,191.2,4,0,2
1321,0,0,3,0.4,191.6,3,0,1
1322,0,0,3,23.5,215.1,4,0,2
1323,0,0,3,2.0,217.1,3,0,1
1324,0,0,3,15.4,232.5,4,0,2
1325,0,0,3,2.4,234.9,3,0,1
1326,0,0,3,0.0,234.9,5,0,1
1327,0,0,3,7.2,242.1,3,0,1
1328,0,0,3,4.7,246.8,3,0,1
1329,0,0,3,1.8,248.6,3,0,1
1330,0,0,3,0.0,248.6,5,0,1
1331,0,0,3,44.8,293.4,2,0,0
1332,0,0,3,37.7,331.1,2,0,0
1333,0,0,3,0.0,331.1,5,0,1
1334,0,0,3,5.4,336.5,3,0,1
1335,0,0,3,23.4,359.9,4,0,2
1336,0,0,3,2.0,361.9,3,0,1
1337,0,0,3,11.6,373.5,4,0,1
1338,0,0,3,12.2,385.7,4,0,1
1339,0,0,3,0.0,0.0,5,0,1
1340,0,0,3,9.7,9.7,4,0,1
1341,0,0,3,0.0,9.7,5,0,1
1342,0,0,3,31.8,41.5,4,0,2
1343,0,0,3,51.6,93.1,2,0,0
1344,0,0,3,27.1,120.2,4,0,2
1345,0,0,3,2.0,122.2,3,0,1
1346,0,0,3,23.3,145.5,4,0,2
1347,0,0,3,44.7,190.2,2,0,0
1348,0,0,3,0.1,190.3,3,0,1
1349,0,0,3,23.2,213.5,4,0,2
1350,0,0,3,15.8,229.3,4,0,2
1351,0,0,3,4.8,234.1,3,0,1
1352,0,0,3,0.6,234.7,3,0,1
1353,0,0,3,24.9,259.6,4,0,2
1354,0,0,3,5.9,265.5,3,0,1
1355,0,0,3,0.0,265.5,5,0,1
1356,0,0,3,15.8,281.3,4,0,2
1357,0,0,3,34.8,316.1,4,0,2
1358,0,0,3,13.7,329.8,4,0,1
1359,0,0,3,21.3,351.1,4,0,2
1360,0,0,3,0.0,351.1,5,0,1
1361,0,0,3,18.7,369.8,4,0,2
1362,0,0,3,9.6,379.4,4,0,1
1363,0,0,3,8.9,388.3,4,0,1
1364,0,0,3,0.0,388.3,5,0,1
1365,0,0,3,31.4,419.7,4,0,2
1366,0,0,3,0.0,419.7,5,0,1
1367,0,0,3,20.2,439.9,4,0,2
1368,0,0,3,2.5,442.4,3,0,1
1369,0,0,3,3.7,3.7,3,0,1
1370,0,0,3,1.1,4.8,3,0,1
1371,0,0,3,7.5,12.3,4,0,1
1372,0,0,3,6.0,18.3,3,0,1
1373,0,0,3,16.4,34.7,4,0,2
1374,0,0,3,20.8,55.5,4,0,2
1375,0,0,3,0.0,55.5,5,0,1
1376,0,0,3,13.6,69.1,4,0,1
1377,0,0,3,3.5,72.6,3,0,1
1378,0,0,3,1.1,73.7,3,0,1
1379,0,0,3,0.3,74.0,3,0,1
1380,0,0,3,0.0,74.0,5,0,1
1381,0,0,3,10.8,84.8,4,0,1
1382,0,0,3,2.0,86.8,3,0,1
1383,0,0,3,8.9,95.7,4,0,1
1384,0,0,3,8.0,103.7,4,0,1
1385,0,0,3,0.5,104.2,3,0,1
1386,0,0,3,2.0,106.2,3,0,1
1387,0,0,3,2.1,108.3,3,0,1
1388,0,0,3,4.2,112.5,3,0,1
1389,0,0,3,10.7,123.2,4,0,1
1390,0,0,3,0.8,124.0,3,0,1
1391,0,0,3,0.0,124.0,5,0,1
1392,0,0,3,1.6,125.6,3,0,1
1393,0,0,3,0.0,125.6,5,0,1
1394,0,0,3,4.1,129.7,3,0,1
1395,0,0,3,0.0,129.7,5,0,1
1396,0,0,3,0.2,129.9,3,0,1
1397,0,0,3,1.8,131.7,3,0,1
1398,0,0,3,15.9,147.6,4,0,2
1399,0,0,3,8.7,156.3,4,0,1
1400,0,0,3,0.0,0.0,5,0,1
1401,0,0,3,0.0,0.0,5,0,1
1402,0,0,3,0.0,0.0,5,0,1
1403,0,0,3,0.0,0.0,5,0,1
1404,0,0,3,0.0,0.0,5,0,1
1405,0,0,3,2.6,2.6,3,0,1
1406,0,0,3,0.0,2.6,5,0,1
1407,0,0,3,12.7,15.3,4,0,1
1408,0,0,3,0.0,15.3,5,0,1
1409,0,0,3,3.4,18.7,3,0,1
1410,0,0,3,0.4,19.1,3,0,1
1411,0,0,3,0.0,19.1,5,0,1
1412,0,0,3,1.2,20.3,3,0,1
1413,0,0,3,0.0,20.3,5,0,1
1414,0,0,3,0.0,20.3,5,0,1
1415,0,0,3,2.1,22.4,3,0,1
1416,0,0,3,19.1,41.5,4,0,2
1417,0,0,3,0.0,41.5,5,0,1
1418,0,0,3,0.0,41.5,5,0,1
1419,0,0,3,0.0,41.5,5,0,1
1420,0,0,3,0.0,41.5,5,0,1
1421,0,0,3,2.4,43.9,3,0,1
1422,0,0,3,9.1,53.0,4,0,1
1423,0,0,3,0.0,53.0,5,0,1
1424,0,0,3,0.0,53.0,5,0,1
1425,0,0,3,0.0,53.0,5,0,1
1426,0,0,3,0.0,53.0,5,0,1
1427,0,0,3,0.0,53.0,5,0,1
1428,0,0,3,0.0,53.0,5,0,1
1429,0,0,3,0.0,53.0,5,0,1
1430,0,0,3,0.0,0.0,5,0,1
1431,0,0,3,0.0,0.0,5,0,1
1432,0,0,3,7.8,7.8,4,0,1
1433,0,0,3,0.0,7.8,5,0,1
1434,0,0,3,0.0,7.8,5,0,1
1435,0,0,3,0.0,7.8,5,0,1
1436,0,0,3,0.0,7.8,5,0,1
1437,0,0,3,0.0,7.8,5,0,1
1438,0,0,3,0.0,7.8,5,0,1
1439,0,0,3,0.0,7.8,5,0,1
1440,0,0,3,0.0,7.8,5,0,1
1441,0,0,3,0.0,7.8,5,0,1
1442,0,0,3,0.0,7.8,5,0,1
1443,0,0,3,0.0,7.8,5,0,1
1444,0,0,3,0.0,7.8,5,0,1
1445,0,0,3,0.0,7.8,5,0,1
1446,0,0,3,0.0,7.8,5,0,1
1447,0,0,3,0.0,7.8,5,0,1
1448,0,0,3,0.0,7.8,5,0,1
1449,0,0,3,0.0,7.8,5,0,1
1450,0,0,3,0.0,7.8,5,0,1
1451,0,0,3,0.0,7.8,5,0,1
1452,0,0,3,0.0,7.8,5,0,1
1453,0,0,3,0.0,7.8,5,0,1
1454,0,0,3,0.0,7.8,5,0,1
1455,0,0,3,0.0,7.8,5,0,1
1456,0,0,3,0.0,7.8,5,0,1
1457,0,0,3,0.0,7.8,5,0,1
1458,0,0,3,0.0,7.8,5,0,1
1459,0,0,3,0.0,7.8,5,0,1
1460,0,0,3,0.0,7.8,5,0,1
1461,0,0,1,0.0,0.0,5,0,1
1462,0,0,1,11.6,11.6,4,0,1
1463,0,0,1,0.0,11.6,5,0,1
1464,0,0,1,0.0,11.6,5,0,1
1465,0,0,1,0.0,11.6,5,0,1
1466,0,0,1,5.9,17.5,3,0,1
1467,0,0,1,0.0,17.5,5,0,1
1468,0,0,1,0.0,17.5,5,0,1
1469,0,0,1,0.0,17.5,5,0,1
1470,0,0,1,0.0,17.5,5,0,1
1471,0,0,1,0.0,17.5,5,0,1
1472,0,0,1,0.0,17.5,5,0,1
1473,0,0,1,0.0,17.5,5,0,1
1474,0,0,1,0.0,17.5,5,0,1
1475,0,0,1,16.5,34.0,4,0,2
1476,0,0,1,0.0,34.0,5,0,1
1477,0,0,1,0.0,34.0,5,0,1
1478,0,0,1,0.0,34.0,5,0,1
1479,0,0,1,0.0,34.0,5,0,1
1480,0,0,1,25.5,59.5,4,0,2
1481,0,0,1,0.0,59.5,5,0,1
1482,0,0,1,0.0,59.5,5,0,1
1483,0,0,1,9.7,69.2,4,0,1
1484,0,0,1,0.0,69.2,5,0,1
1485,0,0,1,0.0,69.2,5,0,1
1486,0,0,1,26.5,95.7,4,0,2
1487,0,0,1,0.0,95.7,5,0,1
1488,0,0,1,14.9,110.6,4,0,1
1489,0,0,1,0.0,110.6,5,0,1
1490,0,0,1,0.0,110.6,5,0,1
1491,0,0,1,0.0,110.6,5,0,1
1492,0,0,1,0.0,0.0,5,0,1
1493,0,0,1,0.0,0.0,5,0,1
1494,0,0,1,0.0,0.0,5,0,1
1495,0,0,1,0.0,0.0,5,0,1
1496,0,0,1,0.0,0.0,5,0,1
1497,0,0,1,0.0,0.0,5,0,1
1498,0,0,1,0.0,0.0,5,0,1
1499,0,0,1,0.0,0.0,5,0,1
1500,0,0,1,22.9,22.9,4,0,2
1501,0,0,1,0.0,22.9,5,0,1
1502,0,0,1,11.6,34.5,4,0,1
1503,0,0,1,0.0,34.5,5,0,1
1504,0,0,1,0.0,34.5,5,0,1
1505,0,0,1,0.0,34.5,5,0,1
1506,0,0,1,0.0,34.5,5,0,1
1507,0,0,1,0.0,34.5,5,0,1
1508,0,0,1,0.0,34.5,5,0,1
1509,0,0,1,0.0,34.5,5,0,1
1510,0,0,1,0.0,34.5,5,0,1
1511,0,0,1,16.4,50.9,4,0,2
1512,0,0,1,0.0,50.9,5,0,1
1513,0,0,1,0.0,50.9,5,0,1
1514,0,0,1,0.0,50.9,5,0,1
1515,0,0,1,15.1,66.0,4,0,2
1516,0,0,1,14.9,80.9,4,0,1
1517,0,0,1,0.0,80.9,5,0,1
1518,0,0,1,0.0,80.9,5,0,1
1519,0,0,1,0.0,80.9,5,0,1
1520,0,0,1,0.0,80.9,5,0,1
1521,0,0,1,0.0,0.0,5,0,1
1522,0,0,1,0.0,0.0,5,0,1
1523,0,0,1,0.0,0.0,5,0,1
1524,0,0,1,0.0,0.0,5,0,1
1525,0,0,1,0.0,0.0,5,0,1
1526,0,0,1,0.0,0.0,5,0,1
1527,0,0,1,0.0,0.0,5,0,1
1528,0,0,1,0.0,0.0,5,0,1
1529,0,0,1,0.0,0.0,5,0,1
1530,0,0,1,0.0,0.0,5,0,1
1531,0,0,1,0.0,0.0,5,0,1
1532,0,0,1,0.0,0.0,5,0,1
1533,0,0,1,27.4,27.4,4,0,2
1534,0,0,1,0.0,27.4,5,0,1
1535,0,0,1,0.0,27.4,5,0,1
1536,0,0,1,0.0,27.4,5,0,1
1537,0,0,1,0.0,27.4,5,0,1
1538,0,0,1,0.0,27.4,5,0,1
1539,0,0,1,0.0,27.4,5,0,1
1540,0,0,1,0.0,27.4,5,0,1
1541,0,0,1,0.0,27.4,5,0,1
1542,0,0,1,8.9,36.3,4,0,1
1543,0,0,1,0.0,36.3,5,0,1
1544,0,0,1,0.0,36.3,5,0,1
1545,0,0,1,0.0,36.3,5,0,1
1546,0,0,1,0.0,36.3,5,0,1
1547,0,0,1,2.2,38.5,3,0,1
1548,0,0,1,16.9,55.4,4,0,2
1549,0,0,1,0.0,55.4,5,0,1
1550,0,0,1,0.0,55.4,5,0,1
1551,0,0,1,9.3,64.7,4,0,1
1552,0,0,1,0.0,0.0,5,0,1
1553,0,0,1,0.0,0.0,5,0,1
1554,0,0,1,0.0,0.0,5,0,1
1555,0,0,1,0.0,0.0,5,0,1
1556,0,0,1,0.0,0.0,5,0,1
1557,0,0,1,0.0,0.0,5,0,1
1558,0,0,1,0.0,0.0,5,0,1
1559,0,0,1,0.0,0.0,5,0,1
1560,0,0,1,0.0,0.0,5,0,1
1561,0,0,1,0.0,0.0,5,0,1
1562,0,0,1,0.0,0.0,5,0,1
1563,0,0,1,37.7,37.7,2,0,0
1564,0,0,1,0.0,37.7,5,0,1
1565,0,0,1,5.7,43.4,3,0,1
1566,0,0,1,23.4,66.8,4,0,2
1567,0,0,1,9.3,76.1,4,0,1
1568,0,0,1,12.2,88.3,4,0,1
1569,0,0,1,0.0,88.3,5,0,1
1570,0,0,1,0.0,88.3,5,0,1
1571,0,0,1,0.0,88.3,5,0,1
1572,0,0,1,0.0,88.3,5,0,1
1573,0,0,1,0.0,88.3,5,0,1
1574,0,0,1,0.0,88.3,5,0,1
1575,0,0,1,0.0,88.3,5,0,1
1576,0,0,1,1.8,90.1,3,0,1
1577,0,0,1,0.0,90.1,5,0,1
1578,0,0,1,12.0,102.1,4,0,1
1579,0,0,1,0.0,102.1,5,0,1
1580,0,0,1,0.0,102.1,5,0,1
1581,0,0,1,0.0,102.1,5,0,1
1582,0,0,1,0.0,0.0,5,0,1
1583,0,0,1,11.9,11.9,4,0,1
1584,0,0,1,3.1,15.0,3,0,1
1585,0,0,1,0.0,15.0,5,0,1
1586,0,0,1,0.0,15.0,5,0,1
1587,0,0,1,1.2,16.2,3,0,1
1588,0,0,1,9.1,25.3,4,0,1
1589,0,0,1,4.2,29.5,3,0,1
1590,0,0,1,0.6,30.1,3,0,1
1591,0,0,1,0.0,30.1,5,0,1
1592,0,0,1,0.0,30.1,5,0,1
1593,0,0,1,0.0,30.1,5,0,1
1594,0,0,1,1.8,31.9,3,0,1
1595,0,0,1,10.8,42.7,4,0,1
1596,0,0,1,0.0,42.7,5,0,1
1597,0,0,1,6.3,49.0,3,0,1
1598,0,0,1,1.9,50.9,3,0,1
1599,0,0,1,0.0,50.9,5,0,1
1600,0,0,1,4.3,55.2,3,0,1
1601,0,0,1,0.0,55.2,5,0,1
1602,0,0,1,0.2,55.4,3,0,1
1603,0,0,1,24.9,80.3,4,0,2
1604,0,0,1,0.0,80.3,5,0,1
1605,0,0,1,0.0,80.3,5,0,1
1606,0,0,1,13.3,93.6,4,0,1
1607,0,0,1,3.7,97.3,3,0,1
1608,0,0,1,0.0,97.3,5,0,1
1609,0,0,1,0.0,97.3,5,0,1
1610,0,0,1,17.2,114.5,4,0,2
1611,0,0,1,0.0,114.5,5,0,1
1612,0,0,1,1.3,115.8,3,0,1
1613,0,0,1,66.2,66.2,6,1,0
1614,0,0,1,50.5,116.7,2,0,0
1615,0,0,1,130.2,246.9,1,2,0
1616,0,0,1,53.4,300.3,2,0,0
1617,0,0,1,20.9,321.2,4,0,2
1618,0,0,1,10.2,331.4,4,0,1
1619,0,0,1,38.9,370.3,2,0,0
1620,0,0,1,1.4,371.7,3,0,1
1621,0,0,1,26.7,398.4,4,0,2
1622,0,0,1,27.9,426.3,4,0,2
1623,0,0,1,28.8,455.1,4,0,2
1624,0,0,1,86.0,541.1,6,1,0
1625,0,0,1,24.3,565.4,4,0,2
1626,0,0,1,32.9,598.3,4,0,2
1627,0,0,1,6.1,604.4,3,0,1
1628,0,0,1,17.4,621.8,4,0,2
1629,0,0,1,41.4,663.2,2,0,0
1630,0,0,1,7.1,670.3,3,0,1
1631,0,0,1,55.3,725.6,2,0,0
1632,0,0,1,80.4,806.0,6,1,0
1633,0,0,1,41.7,847.7,2,0,0
1634,0,0,1,9.2,856.9,4,0,1
1635,0,0,1,57.5,914.4,2,0,0
1636,0,0,1,37.1,951.5,2,0,0
1637,0,0,1,52.2,1003.7,2,0,0
1638,0,0,1,90.4,1094.1,6,1,0
1639,0,0,1,19.6,1113.7,4,0,2
1640,0,0,1,50.2,1163.9,2,0,0
1641,0,0,1,4.7,1168.6,3,0,1
1642,0,0,1,118.2,1286.8,1,2,0
1643,0,0,1,2.5,2.5,3,0,1
1644,0,0,1,1.9,4.4,3,0,1
1645,0,0,1,81.0,85.4,6,1,0
1646,0,0,1,28.9,114.3,4,0,2
1647,0,0,1,2.0,116.3,3,0,1
1648,0,0,1,29.3,145.6,4,0,2
1649,0,0,1,12.4,158.0,4,0,1
1650,0,0,1,0.2,158.2,3,0,1
1651,0,0,1,30.3,188.5,4,0,2
1652,0,0,1,15.7,204.2,4,0,2
1653,0,0,1,65.1,269.3,6,1,0
1654,0,0,1,14.0,283.3,4,0,1
1655,0,0,1,41.2,324.5,2,0,0
1656,0,0,1,4.8,329.3,3,0,1
1657,0,0,1,137.4,466.7,1,2,0
1658,0,0,1,2.8,469.5,3,0,1
1659,0,0,1,15.9,485.4,4,0,2
1660,0,0,1,2.8,488.2,3,0,1
1661,0,0,1,41.8,530.0,2,0,0
1662,0,0,1,0.0,530.0,5,0,1
1663,0,0,1,98.0,628.0,6,1,0
1664,0,0,1,10.5,638.5,4,0,1
1665,0,0,1,98.9,737.4,6,1,0
1666,0,0,1,0.0,737.4,5,0,1
1667,0,0,1,1.8,739.2,3,0,1
1668,0,0,1,18.0,757.2,4,0,2
1669,0,0,1,36.4,793.6,2,0,0
1670,0,0,1,5.9,799.5,3,0,1
1671,0,0,1,3.0,802.5,3,0,1
1672,0,0,1,0.0,802.5,5,0,1
1673,0,0,1,23.7,826.2,4,0,2
1674,0,0,1,26.1,26.1,4,0,2
1675,0,0,1,20.3,46.4,4,0,2
1676,0,0,1,3.1,49.5,3,0,1
1677,0,0,1,5.7,55.2,3,0,1
1678,0,0,1,24.3,79.5,4,0,2
1679,0,0,1,24.3,103.8,4,0,2
1680,0,0,1,75.2,179.0,6,1,0
1681,0,0,1,41.6,220.6,2,0,0
1682,0,0,1,23.6,244.2,4,0,2
1683,0,0,1,15.7,259.9,4,0,2
1684,0,0,1,37.1,297.0,2,0,0
1685,0,0,1,0.0,297.0,5,0,1
1686,0,0,1,15.1,312.1,4,0,2
1687,0,0,1,67.0,379.1,6,1,0
1688,0,0,1,16.4,395.5,4,0,2
1689,0,0,1,5.8,401.3,3,0,1
1690,0,0,1,22.0,423.3,4,0,2
1691,0,0,1,0.0,423.3,5,0,1
1692,0,0,1,7.9,431.2,4,0,1
1693,0,0,1,55.4,486.6,2,0,0
1694,0,0,1,0.0,486.6,5,0,1
1695,0,0,1,72.7,559.3,6,1,0
1696,0,0,1,51.3,610.6,2,0,0
1697,0,0,1,12.0,622.6,4,0,1
1698,0,0,1,14.9,637.5,4,0,1
1699,0,0,1,12.3,649.8,4,0,1
1700,0,0,1,13.8,663.6,4,0,1
1701,0,0,1,114.5,778.1,6,1,0
1702,0,0,1,113.3,891.4,6,1,0
1703,0,0,1,15.2,906.6,4,0,2
1704,0,0,1,9.8,916.4,4,0,1
1705,0,0,1,63.6,63.6,2,0,0
1706,0,0,1,73.3,136.9,6,1,0
1707,0,0,1,39.9,176.8,2,0,0
1708,0,0,1,63.7,240.5,2,0,0
1709,0,0,1,11.9,252.4,4,0,1
1710,0,0,1,22.7,275.1,4,0,2
1711,0,0,1,101.0,376.1,6,1,0
1712,0,0,1,29.6,405.7,4,0,2
1713,0,0,1,28.6,434.3,4,0,2
1714,0,0,1,14.0,448.3,4,0,1
1715,0,0,1,51.2,499.5,2,0,0
1716,0,0,1,57.4,556.9,2,0,0
1717,0,0,1,8.1,565.0,4,0,1
1718,0,0,1,0.0,565.0,5,0,1
1719,0,0,1,11.7,576.7,4,0,1
1720,0,0,1,18.5,595.2,4,0,2
1721,0,0,1,21.5,616.7,4,0,2
1722,0,0,1,86.1,702.8,6,1,0
1723,0,0,1,32.6,735.4,4,0,2
1724,0,0,1,31.0,766.4,4,0,2
1725,0,0,1,49.4,815.8,2,0,0
1726,0,0,1,15.9,831.7,4,0,2
1727,0,0,1,15.9,847.6,4,0,2
1728,0,0,1,0.8,848.4,3,0,1
1729,0,0,1,1.6,850.0,3,0,1
1730,0,0,1,0.0,850.0,5,0,1
1731,0,0,1,0.0,850.0,5,0,1
1732,0,0,1,10.0,860.0,4,0,1
1733,0,0,1,45.9,905.9,2,0,0
1734,0,0,1,8.6,914.5,4,0,1
1735,0,0,1,11.0,11.0,4,0,1
1736,0,0,1,3.8,14.8,3,0,1
1737,0,0,1,12.9,27.7,4,0,1
1738,0,0,1,0.9,28.6,3,0,1
1739,0,0,1,8.2,36.8,4,0,1
1740,0,0,1,18.1,54.9,4,0,2
1741,0,0,1,10.1,65.0,4,0,1
1742,0,0,1,12.2,77.2,4,0,1
1743,0,0,1,13.2,90.4,4,0,1
1744,0,0,1,16.9,107.3,4,0,2
1745,0,0,1,9.5,116.8,4,0,1
1746,0,0,1,2.0,118.8,3,0,1
1747,0,0,1,17.8,136.6,4,0,2
1748,0,0,1,35.8,172.4,2,0,0
1749,0,0,1,24.2,196.6,4,0,2
1750,0,0,1,9.0,205.6,4,0,1
1751,0,0,1,30.3,235.9,4,0,2
1752,0,0,1,0.0,235.9,5,0,1
1753,0,0,1,0.0,235.9,5,0,1
1754,0,0,1,2.3,238.2,3,0,1
1755,0,0,1,9.1,247.3,4,0,1
1756,0,0,1,24.9,272.2,4,0,2
1757,0,0,1,5.9,278.1,3,0,1
1758,0,0,1,49.0,327.1,2,0,0
1759,0,0,1,10.7,337.8,4,0,1
1760,0,0,1,5.2,343.0,3,0,1
1761,0,0,1,1.5,344.5,3,0,1
1762,0,0,1,4.7,349.2,3,0,1
1763,0,0,1,4.5,353.7,3,0,1
1764,0,0,1,9.0,362.7,4,0,1
1765,0,0,1,9.0,371.7,4,0,1
1766,0,0,1,5.7,5.7,3,0,1
1767,0,0,1,27.6,33.3,4,0,2
1768,0,0,1,0.0,33.3,5,0,1
1769,0,0,1,229.0,262.3,0,3,0
1770,0,0,1,0.0,262.3,5,0,1
1771,0,0,1,0.0,262.3,5,0,1
1772,0,0,1,0.1,262.4,3,0,1
1773,0,0,1,0.0,262.4,5,0,1
1774,0,0,1,5.2,267.6,3,0,1
1775,0,0,1,19.1,286.7,4,0,2
1776,0,0,1,0.0,286.7,5,0,1
1777,0,0,1,0.0,286.7,5,0,1
1778,0,0,1,2.9,289.6,3,0,1
1779,0,0,1,0.0,289.6,5,0,1
1780,0,0,1,17.4,307.0,4,0,2
1781,0,0,1,0.0,307.0,5,0,1
1782,0,0,1,0.0,307.0,5,0,1
1783,0,0,1,0.0,307.0,5,0,1
1784,0,0,1,18.0,325.0,4,0,2
1785,0,0,1,0.0,325.0,5,0,1
1786,0,0,1,332.4,657.4,0,3,0
1787,0,0,1,0.0,657.4,5,0,1
1788,0,0,1,18.5,675.9,4,0,2
1789,0,0,1,9.1,685.0,4,0,1
1790,0,0,1,223.0,908.0,0,3,0
1791,0,0,1,0.0,908.0,5,0,1
1792,0,0,1,1.5,909.5,3,0,1
1793,0,0,1,0.0,909.5,5,0,1
1794,0,0,1,0.0,909.5,5,0,1
1795,0,0,1,0.0,909.5,5,0,1
1796,0,0,1,0.0,0.0,5,0,1
1797,0,0,1,0.0,0.0,5,0,1
1798,0,0,1,0.0,0.0,5,0,1
1799,0,0,1,0.0,0.0,5,0,1
1800,0,0,1,0.0,0.0,5,0,1
1801,0,0,1,0.0,0.0,5,0,1
1802,0,0,1,0.0,0.0,5,0,1
1803,0,0,1,19.7,19.7,4,0,2
1804,0,0,1,0.0,19.7,5,0,1
1805,0,0,1,0.0,19.7,5,0,1
1806,0,0,1,0.0,19.7,5,0,1
1807,0,0,1,0.0,19.7,5,0,1
1808,0,0,1,0.0,19.7,5,0,1
1809,0,0,1,0.0,19.7,5,0,1
1810,0,0,1,0.0,19.7,5,0,1
1811,0,0,1,0.0,19.7,5,0,1
1812,0,0,1,0.5,20.2,3,0,1
1813,0,0,1,0.0,20.2,5,0,1
1814,0,0,1,0.0,20.2,5,0,1
1815,0,0,1,0.0,20.2,5,0,1
1816,0,0,1,0.0,20.2,5,0,1
1817,0,0,1,0.0,20.2,5,0,1
1818,0,0,1,0.0,20.2,5,0,1
1819,0,0,1,0.0,20.2,5,0,1
1820,0,0,1,0.0,20.2,5,0,1
1821,0,0,1,33.6,53.8,4,0,2
1822,0,0,1,0.0,53.8,5,0,1
1823,0,0,1,0.0,53.8,5,0,1
1824,0,0,1,0.0,53.8,5,0,1
1825,0,0,1,0.0,53.8,5,0,1
1826,0,0,1,0.0,53.8,5,0,1
0,1,0,3,0.0,0.0,5,0,1
1,1,0,3,0.0,0.0,5,0,1
2,1,0,3,0.0,0.0,5,0,1
3,1,0,3,0.0,0.0,5,0,1
4,1,0,3,0.0,0.0,5,0,1
5,1,0,3,0.0,0.0,5,0,1
6,1,0,3,0.0,0.0,5,0,1
7,1,0,3,1.2,1.2,3,0,1
8,1,0,3,0.0,1.2,5,0,1
9,1,0,3,10.0,11.2,4,0,1
10,1,0,3,0.0,11.2,5,0,1
11,1,0,3,11.0,22.2,4,0,1
12,1,0,3,1.1,23.3,3,0,1
13,1,0,3,0.0,23.3,5,0,1
14,1,0,3,0.0,23.3,5,0,1
15,1,0,3,0.4,23.7,3,0,1
16,1,0,3,0.0,23.7,5,0,1
17,1,0,3,0.0,23.7,5,0,1
18,1,0,3,0.0,23.7,5,0,1
19,1,0,3,0.0,23.7,5,0,1
20,1,0,3,0.0,23.7,5,0,1
21,1,0,3,0.0,23.7,5,0,1
22,1,0,3,0.0,23.7,5,0,1
23,1,0,3,0.0,23.7,5,0,1
24,1,0,3,0.0,23.7,5,0,1
25,1,0,3,0.0,23.7,5,0,1
26,1,0,3,0.0,23.7,5,0,1
27,1,0,3,0.0,23.7,5,0,1
28,1,0,3,0.0,23.7,5,0,1
29,1,0,3,0.0,23.7,5,0,1
30,1,0,3,7.0,30.7,3,0,1
31,1,0,3,0.0,0.0,5,0,1
32,1,0,3,0.0,0.0,5,0,1
33,1,0,3,0.0,0.0,5,0,1
34,1,0,3,0.0,0.0,5,0,1
35,1,0,3,0.0,0.0,5,0,1
36,1,0,3,0.0,0.0,5,0,1
37,1,0,3,0.0,0.0,5,0,1
38,1,0,3,0.0,0.0,5,0,1
39,1,0,3,0.0,0.0,5,0,1
40,1,0,3,2.5,2.5,3,0,1
41,1,0,3,10.4,12.9,4,0,1
42,1,0,3,0.0,12.9,5,0,1
43,1,0,3,0.0,12.9,5,0,1
44,1,0,3,0.0,12.9,5,0,1
45,1,0,3,0.0,12.9,5,0,1
46,1,0,3,0.0,12.9,5,0,1
47,1,0,3,0.0,12.9,5,0,1
48,1,0,3,0.0,12.9,5,0,1
49,1,0,3,0.0,12.9,5,0,1
50,1,0,3,0.0,12.9,5,0,1
51,1,0,3,1.6,14.5,3,0,1
52,1,0,3,4.1,18.6,3,0,1
53,1,0,3,0.0,18.6,5,0,1
54,1,0,3,0.0,18.6,5,0,1
55,1,0,3,0.0,18.6,5,0,1
56,1,0,3,1.8,20.4,3,0,1
57,1,0,3,0.0,20.4,5,0,1
58,1,0,3,0.0,20.4,5,0,1
59,1,0,3,0.0,20.4,5,0,1
60,1,0,3,0.0,0.0,5,0,1
61,1,0,3,0.0,0.0,5,0,1
62,1,0,3,0.0,0.0,5,0,1
63,1,0,3,0.0,0.0,5,0,1
64,1,0,3,0.0,0.0,5,0,1
65,1,0,3,0.0,0.0,5,0,1
66,1,0,3,0.0,0.0,5,0,1
67,1,0,3,0.0,0.0,5,0,1
68,1,0,3,0.0,0.0,5,0,1
69,1,0,3,0.0,0.0,5,0,1
70,1,0,3,0.0,0.0,5,0,1
71,1,0,3,0.0,0.0,5,0,1
72,1,0,3,0.0,0.0,5,0,1
73,1,0,3,0.0,0.0,5,0,1
74,1,0,3,0.0,0.0,5,0,1
75,1,0,3,0.0,0.0,5,0,1
76,1,0,3,0.0,0.0,5,0,1
77,1,0,3,0.0,0.0,5,0,1
78,1,0,3,0.0,0.0,5,0,1
79,1,0,3,0.0,0.0,5,0,1
80,1,0,3,0.0,0.0,5,0,1
81,1,0,3,0.0,0.0,5,0,1
82,1,0,3,0.0,0.0,5,0,1
83,1,0,3,0.0,0.0,5,0,1
84,1,0,3,0.0,0.0,5,0,1
85,1,0,3,0.0,0.0,5,0,1
86,1,0,3,0.0,0.0,5,0,1
87,1,0,3,0.0,0.0,5,0,1
88,1,0,3,0.0,0.0,5,0,1
89,1,0,3,0.0,0.0,5,0,1
90,1,0,3,0.0,0.0,5,0,1
91,1,0,3,0.0,0.0,5,0,1
92,1,0,3,0.0,0.0,5,0,1
93,1,0,3,8.0,8.0,4,0,1
94,1,0,3,0.0,8.0,5,0,1
95,1,0,3,0.0,8.0,5,0,1
96,1,0,3,0.0,8.0,5,0,1
97,1,0,3,0.0,8.0,5,0,1
98,1,0,3,16.2,24.2,4,0,2
99,1,0,3,0.0,24.2,5,0,1
100,1,0,3,0.0,24.2,5,0,1
101,1,0,3,0.0,24.2,5,0,1
102,1,0,3,0.0,24.2,5,0,1
103,1,0,3,0.0,24.2,5,0,1
104,1,0,3,0.0,24.2,5,0,1
105,1,0,3,1.1,25.3,3,0,1
106,1,0,3,0.0,25.3,5,0,1
107,1,0,3,0.9,26.2,3,0,1
108,1,0,3,0.0,26.2,5,0,1
109,1,0,3,0.3,26.5,3,0,1
110,1,0,3,0.0,26.5,5,0,1
111,1,0,3,0.0,26.5,5,0,1
112,1,0,3,0.0,26.5,5,0,1
113,1,0,3,0.0,26.5,5,0,1
114,1,0,3,0.0,26.5,5,0,1
115,1,0,3,0.0,26.5,5,0,1
116,1,0,3,0.0,26.5,5,0,1
117,1,0,3,3.6,30.1,3,0,1
118,1,0,3,10.7,40.8,4,0,1
119,1,0,3,0.0,40.8,5,0,1
120,1,0,3,0.0,40.8,5,0,1
121,1,0,3,3.3,3.3,3,0,1
122,1,0,3,0.0,3.3,5,0,1
123,1,0,3,0.0,3.3,5,0,1
124,1,0,3,0.0,3.3,5,0,1
125,1,0,3,0.0,3.3,5,0,1
126,1,0,3,0.0,3.3,5,0,1
127,1,0,3,0.0,3.3,5,0,1
128,1,0,3,0.0,3.3,5,0,1
129,1,0,3,1.7,5.0,3,0,1
130,1,0,3,0.0,5.0,5,0,1
131,1,0,3,0.5,5.5,3,0,1
132,1,0,3,3.2,8.7,3,0,1
133,1,0,3,1.2,9.9,3,0,1
134,1,0,3,0.0,9.9,5,0,1
135,1,0,3,0.0,9.9,5,0,1
136,1,0,3,13.1,23.0,4,0,1
137,1,0,3,4.1,27.1,3,0,1
138,1,0,3,0.0,27.1,5,0,1
139,1,0,3,0.0,27.1,5,0,1
140,1,0,3,7.2,34.3,3,0,1
141,1,0,3,5.2,39.5,3,0,1
142,1,0,3,0.0,39.5,5,0,1
143,1,0,3,0.0,39.5,5,0,1
144,1,0,3,0.0,39.5,5,0,1
145,1,0,3,0.0,39.5,5,0,1
146,1,0,3,2.4,41.9,3,0,1
147,1,0,3,0.0,41.9,5,0,1
148,1,0,3,0.0,41.9,5,0,1
149,1,0,3,0.0,41.9,5,0,1
150,1,0,3,0.0,41.9,5,0,1
151,1,0,3,0.0,41.9,5,0,1
152,1,0,3,14.5,14.5,4,0,1
153,1,0,3,9.9,24.4,4,0,1
154,1,0,3,0.0,24.4,5,0,1
155,1,0,3,3.0,27.4,3,0,1
156,1,0,3,2.9,30.3,3,0,1
157,1,0,3,0.3,30.6,3,0,1
158,1,0,3,2.5,33.1,3,0,1
159,1,0,3,33.3,66.4,4,0,2
160,1,0,3,9.0,75.4,4,0,1
161,1,0,3,34.2,109.6,4,0,2
162,1,0,3,20.2,129.8,4,0,2
163,1,0,3,8.6,138.4,4,0,1
164,1,0,3,11.9,150.3,4,0,1
165,1,0,3,43.5,193.8,2,0,0
166,1,0,3,75.8,269.6,6,1,0
167,1,0,3,43.9,313.5,2,0,0
168,1,0,3,19.4,332.9,4,0,2
169,1,0,3,25.6,358.5,4,0,2
170,1,0,3,9.8,368.3,4,0,1
171,1,0,3,26.7,395.0,4,0,2
172,1,0,3,0.0,395.0,5,0,1
173,1,0,3,32.9,427.9,4,0,2
174,1,0,3,19.4,447.3,4,0,2
175,1,0,3,20.2,467.5,4,0,2
176,1,0,3,45.9,513.4,2,0,0
177,1,0,3,10.3,523.7,4,0,1
178,1,0,3,12.4,536.1,4,0,1
179,1,0,3,40.5,576.6,2,0,0
180,1,0,3,12.8,589.4,4,0,1
181,1,0,3,23.9,613.3,4,0,2
182,1,0,3,6.6,6.6,3,0,1
183,1,0,3,7.0,13.6,3,0,1
184,1,0,3,43.6,57.2,2,0,0
185,1,0,3,44.8,102.0,2,0,0
186,1,0,3,49.0,151.0,2,0,0
187,1,0,3,38.2,189.2,2,0,0
188,1,0,3,1.5,190.7,3,0,1
189,1,0,3,0.0,190.7,5,0,1
190,1,0,3,0.0,190.7,5,0,1
191,1,0,3,22.8,213.5,4,0,2
192,1,0,3,58.9,272.4,2,0,0
193,1,0,3,0.0,272.4,5,0,1
194,1,0,3,8.6,281.0,4,0,1
195,1,0,3,11.0,292.0,4,0,1
196,1,0,3,2.6,294.6,3,0,1
197,1,0,3,8.5,303.1,4,0,1
198,1,0,3,16.7,319.8,4,0,2
199,1,0,3,52.8,372.6,2,0,0
200,1,0,3,13.7,386.3,4,0,1
201,1,0,3,20.6,406.9,4,0,2
202,1,0,3,14.3,421.2,4,0,1
203,1,0,3,5.7,426.9,3,0,1
204,1,0,3,9.1,436.0,4,0,1
205,1,0,3,4.7,440.7,3,0,1
206,1,0,3,6.7,447.4,3,0,1
207,1,0,3,1.7,449.1,3,0,1
208,1,0,3,41.5,490.6,2,0,0
209,1,0,3,17.3,507.9,4,0,2
210,1,0,3,5.4,513.3,3,0,1
211,1,0,3,7.1,520.4,3,0,1
212,1,0,3,25.6,546.0,4,0,2
213,1,0,3,9.8,9.8,4,0,1
214,1,0,3,26.0,35.8,4,0,2
215,1,0,3,22.6,58.4,4,0,2
216,1,0,3,33.4,91.8,4,0,2
217,1,0,3,3.6,95.4,3,0,1
218,1,0,3,67.6,163.0,6,1,0
219,1,0,3,5.0,168.0,3,0,1
220,1,0,3,0.0,168.0,5,0,1
221,1,0,3,28.3,196.3,4,0,2
222,1,0,3,13.3,209.6,4,0,1
223,1,0,3,0.0,209.6,5,0,1
224,1,0,3,14.2,223.8,4,0,1
225,1,0,3,35.0,258.8,4,0,2
226,1,0,3,15.5,274.3,4,0,2
227,1,0,3,16.1,290.4,4,0,2
228,1,0,3,13.1,303.5,4,0,1
229,1,0,3,5.1,308.6,3,0,1
230,1,0,3,10.1,318.7,4,0,1
231,1,0,3,43.4,362.1,2,0,0
232,1,0,3,12.9,375.0,4,0,1
233,1,0,3,0.0,375.0,5,0,1
234,1,0,3,41.0,416.0,2,0,0
235,1,0,3,12.4,428.4,4,0,1
236,1,0,3,32.3,460.7,4,0,2
237,1,0,3,0.0,460.7,5,0,1
238,1,0,3,7.5,468.2,4,0,1
239,1,0,3,31.6,499.8,4,0,2
240,1,0,3,11.8,511.6,4,0,1
241,1,0,3,0.2,511.8,3,0,1
242,1,0,3,7.6,519.4,4,0,1
243,1,0,3,10.4,529.8,4,0,1
244,1,0,3,15.1,15.1,4,0,2
245,1,0,3,67.2,82.3,6,1,0
246,1,0,3,7.6,89.9,4,0,1
247,1,0,3,17.2,107.1,4,0,2
248,1,0,3,14.0,121.1,4,0,1
249,1,0,3,19.4,140.5,4,0,2
250,1,0,3,0.0,140.5,5,0,1
251,1,0,3,42.1,182.6,2,0,0
252,1,0,3,16.8,199.4,4,0,2
253,1,0,3,33.1,232.5,4,0,2
254,1,0,3,12.2,244.7,4,0,1
255,1,0,3,18.5,263.2,4,0,2
256,1,0,3,0.7,263.9,3,0,1
257,1,0,3,13.7,277.6,4,0,1
258,1,0,3,40.3,317.9,2,0,0
259,1,0,3,37.0,354.9,2,0,0
260,1,0,3,12.2,367.1,4,0,1
261,1,0,3,6.9,374.0,3,0,1
262,1,0,3,6.0,380.0,3,0,1
263,1,0,3,14.4,394.4,4,0,1
264,1,0,3,6.7,401.1,3,0,1
265,1,0,3,2.2,403.3,3,0,1
266,1,0,3,22.6,425.9,4,0,2
267,1,0,3,5.0,430.9,3,0,1
268,1,0,3,3.5,434.4,3,0,1
269,1,0,3,0.0,434.4,5,0,1
270,1,0,3,25.6,460.0,4,0,2
271,1,0,3,16.5,476.5,4,0,2
272,1,0,3,3.6,480.1,3,0,1
273,1,0,3,5.2,485.3,3,0,1
274,1,0,3,11.4,11.4,4,0,1
275,1,0,3,8.8,20.2,4,0,1
276,1,0,3,5.4,25.6,3,0,1
277,1,0,3,4.4,30.0,3,0,1
278,1,0,3,0.1,30.1,3,0,1
279,1,0,3,4.8,34.9,3,0,1
280,1,0,3,1.7,36.6,3,0,1
281,1,0,3,7.9,44.5,4,0,1
282,1,0,3,0.0,44.5,5,0,1
283,1,0,3,5.7,50.2,3,0,1
284,1,0,3,3.6,53.8,3,0,1
285,1,0,3,0.9,54.7,3,0,1
286,1,0,3,1.2,55.9,3,0,1
287,1,0,3,0.0,55.9,5,0,1
288,1,0,3,0.8,56.7,3,0,1
289,1,0,3,0.0,56.7,5,0,1
290,1,0,3,5.2,61.9,3,0,1
291,1,0,3,1.4,63.3,3,0,1
292,1,0,3,15.2,78.5,4,0,2
293,1,0,3,2.1,80.6,3,0,1
294,1,0,3,7.3,87.9,3,0,1
295,1,0,3,0.2,88.1,3,0,1
296,1,0,3,4.7,92.8,3,0,1
297,1,0,3,4.9,97.7,3,0,1
298,1,0,3,10.0,107.7,4,0,1
299,1,0,3,5.0,112.7,3,0,1
300,1,0,3,17.1,129.8,4,0,2
301,1,0,3,6.3,136.1,3,0,1
302,1,0,3,0.9,137.0,3,0,1
303,1,0,3,7.7,144.7,4,0,1
304,1,0,3,5.6,150.3,3,0,1
305,1,0,3,0.0,0.0,5,0,1
306,1,0,3,4.8,4.8,3,0,1
307,1,0,3,0.0,4.8,5,0,1
308,1,0,3,0.0,4.8,5,0,1
309,1,0,3,0.0,4.8,5,0,1
310,1,0,3,0.0,4.8,5,0,1
311,1,0,3,0.0,4.8,5,0,1
312,1,0,3,0.0,4.8,5,0,1
313,1,0,3,0.0,4.8,5,0,1
314,1,0,3,0.0,4.8,5,0,1
315,1,0,3,0.0,4.8,5,0,1
316,1,0,3,0.0,4.8,5,0,1
317,1,0,3,0.0,4.8,5,0,1
318,1,0,3,0.0,4.8,5,0,1
319,1,0,3,0.0,4.8,5,0,1
320,1,0,3,0.0,4.8,5,0,1
321,1,0,3,0.0,4.8,5,0,1
322,1,0,3,0.0,4.8,5,0,1
323,1,0,3,0.0,4.8,5,0,1
324,1,0,3,0.0,4.8,5,0,1
325,1,0,3,4.1,8.9,3,0,1
326,1,0,3,0.0,8.9,5,0,1
327,1,0,3,0.0,8.9,5,0,1
328,1,0,3,0.0,8.9,5,0,1
329,1,0,3,2.7,11.6,3,0,1
330,1,0,3,3.7,15.3,3,0,1
331,1,0,3,3.6,18.9,3,0,1
332,1,0,3,5.6,24.5,3,0,1
333,1,0,3,0.0,24.5,5,0,1
334,1,0,3,0.0,24.5,5,0,1
335,1,0,3,0.0,0.0,5,0,1
336,1,0,3,0.0,0.0,5,0,1
337,1,0,3,14.0,14.0,4,0,1
338,1,0,3,0.0,14.0,5,0,1
339,1,0,3,0.0,14.0,5,0,1
340,1,0,3,0.0,14.0,5,0,1
341,1,0,3,0.0,14.0,5,0,1
342,1,0,3,0.0,14.0,5,0,1
343,1,0,3,0.0,14.0,5,0,1
344,1,0,3,0.0,14.0,5,0,1
345,1,0,3,0.0,14.0,5,0,1
346,1,0,3,0.2,14.2,3,0,1
347,1,0,3,0.0,14.2,5,0,1
348,1,0,3,7.0,21.2,3,0,1
349,1,0,3,0.0,21.2,5,0,1
350,1,0,3,0.0,21.2,5,0,1
351,1,0,3,0.0,21.2,5,0,1
352,1,0,3,0.0,21.2,5,0,1
353,1,0,3,12.4,33.6,4,0,1
354,1,0,3,0.0,33.6,5,0,1
355,1,0,3,0.0,33.6,5,0,1
356,1,0,3,2.5,36.1,3,0,1
357,1,0,3,0.0,36.1,5,0,1
358,1,0,3,2.5,38.6,3,0,1
359,1,0,3,0.0,38.6,5,0,1
360,1,0,3,0.0,38.6,5,0,1
361,1,0,3,0.0,38.6,5,0,1
362,1,0,3,0.0,38.6,5,0,1
363,1,0,3,6.1,44.7,3,0,1
364,1,0,3,0.0,44.7,5,0,1
365,1,0,3,0.0,44.7,5,0,1
366,1,0,2,0.0,0.0,5,0,1
367,1,0,2,0.0,0.0,5,0,1
368,1,0,2,0.0,0.0,5,0,1
369,1,0,2,0.0,0.0,5,0,1
370,1,0,2,0.0,0.0,5,0,1
371,1,0,2,1.4,1.4,3,0,1
372,1,0,2,0.0,1.4,5,0,1
373,1,0,2,0.0,1.4,5,0,1
374,1,0,2,0.0,1.4,5,0,1
375,1,0,2,0.0,1.4,5,0,1
376,1,0,2,0.0,1.4,5,0,1
377,1,0,2,0.0,1.4,5,0,1
378,1,0,2,0.0,1.4,5,0,1
379,1,0,2,0.0,1.4,5,0,1
380,1,0,2,0.0,1.4,5,0,1
381,1,0,2,5.4,6.8,3,0,1
382,1,0,2,12.0,18.8,4,0,1
383,1,0,2,0.0,18.8,5,0,1
384,1,0,2,0.0,18.8,5,0,1
385,1,0,2,4.4,23.2,3,0,1
386,1,0,2,0.0,23.2,5,0,1
387,1,0,2,0.0,23.2,5,0,1
388,1,0,2,0.0,23.2,5,0,1
389,1,0,2,0.0,23.2,5,0,1
390,1,0,2,7.0,30.2,3,0,1
391,1,0,2,0.0,30.2,5,0,1
392,1,0,2,0.0,30.2,5,0,1
393,1,0,2,0.0,30.2,5,0,1
394,1,0,2,0.0,30.2,5,0,1
395,1,0,2,0.0,30.2,5,0,1
396,1,0,2,0.0,30.2,5,0,1
397,1,0,2,0.0,0.0,5,0,1
398,1,0,2,0.0,0.0,5,0,1
399,1,0,2,0.0,0.0,5,0,1
400,1,0,2,0.0,0.0,5,0,1
401,1,0,2,0.0,0.0,5,0,1
402,1,0,2,0.0,0.0,5,0,1
403,1,0,2,0.0,0.0,5,0,1
404,1,0,2,0.0,0.0,5,0,1
405,1,0,2,0.0,0.0,5,0,1
406,1,0,2,0.0,0.0,5,0,1
407,1,0,2,0.0,0.0,5,0,1
408,1,0,2,0.0,0.0,5,0,1
409,1,0,2,0.0,0.0,5,0,1
410,1,0,2,0.0,0.0,5,0,1
411,1,0,2,0.0,0.0,5,0,1
412,1,0,2,16.7,16.7,4,0,2
413,1,0,2,0.0,16.7,5,0,1
414,1,0,2,0.0,16.7,5,0,1
415,1,0,2,0.0,16.7,5,0,1
416,1,0,2,0.0,16.7,5,0,1
417,1,0,2,0.0,16.7,5,0,1
418,1,0,2,0.0,16.7,5,0,1
419,1,0,2,0.0,16.7,5,0,1
420,1,0,2,14.0,30.7,4,0,1
421,1,0,2,0.0,30.7,5,0,1
422,1,0,2,0.0,30.7,5,0,1
423,1,0,2,0.0,30.7,5,0,1
424,1,0,2,0.0,30.7,5,0,1
425,1,0,2,0.0,0.0,5,0,1
426,1,0,2,1.0,1.0,3,0,1
427,1,0,2,0.0,1.0,5,0,1
428,1,0,2,0.0,1.0,5,0,1
429,1,0,2,0.0,1.0,5,0,1
430,1,0,2,0.0,1.0,5,0,1
431,1,0,2,0.0,1.0,5,0,1
432,1,0,2,0.0,1.0,5,0,1
433,1,0,2,0.0,1.0,5,0,1
434,1,0,2,0.0,1.0,5,0,1
435,1,0,2,0.0,1.0,5,0,1
436,1,0,2,0.0,1.0,5,0,1
437,1,0,2,4.4,5.4,3,0,1
438,1,0,2,0.0,5.4,5,0,1
439,1,0,2,0.0,5.4,5,0,1
440,1,0,2,0.0,5.4,5,0,1
441,1,0,2,0.0,5.4,5,0,1
442,1,0,2,2.7,8.1,3,0,1
443,1,0,2,0.0,8.1,5,0,1
444,1,0,2,0.0,8.1,5,0,1
445,1,0,2,0.0,8.1,5,0,1
446,1,0,2,0.0,8.1,5,0,1
447,1,0,2,0.0,8.1,5,0,1
448,1,0,2,0.0,8.1,5,0,1
449,1,0,2,0.0,8.1,5,0,1
450,1,0,2,0.0,8.1,5,0,1
451,1,0,2,0.0,8.1,5,0,1
452,1,0,2,0.0,8.1,5,0,1
453,1,0,2,0.0,8.1,5,0,1
454,1,0,2,0.0,8.1,5,0,1
455,1,0,2,0.0,8.1,5,0,1
456,1,0,2,3.9,3.9,3,0,1
457,1,0,2,0.0,3.9,5,0,1
458,1,0,2,0.0,3.9,5,0,1
459,1,0,2,2.2,6.1,3,0,1
460,1,0,2,0.0,6.1,5,0,1
461,1,0,2,6.8,12.9,3,0,1
462,1,0,2,0.0,12.9,5,0,1
463,1,0,2,0.0,12.9,5,0,1
464,1,0,2,0.0,12.9,5,0,1
465,1,0,2,0.0,12.9,5,0,1
466,1,0,2,0.0,12.9,5,0,1
467,1,0,2,0.0,12.9,5,0,1
468,1,0,2,0.0,12.9,5,0,1
469,1,0,2,2.2,15.1,3,0,1
470,1,0,2,0.0,15.1,5,0,1
471,1,0,2,0.0,15.1,5,0,1
472,1,0,2,0.0,15.1,5,0,1
473,1,0,2,0.0,15.1,5,0,1
474,1,0,2,8.0,23.1,4,0,1
475,1,0,2,0.0,23.1,5,0,1
476,1,0,2,0.0,23.1,5,0,1
477,1,0,2,0.0,23.1,5,0,1
478,1,0,2,0.0,23.1,5,0,1
479,1,0,2,9.6,32.7,4,0,1
480,1,0,2,0.0,32.7,5,0,1
481,1,0,2,0.0,32.7,5,0,1
482,1,0,2,0.0,32.7,5,0,1
483,1,0,2,0.0,32.7,5,0,1
484,1,0,2,0.0,32.7,5,0,1
485,1,0,2,0.0,32.7,5,0,1
486,1,0,2,7.3,7.3,3,0,1
487,1,0,2,7.5,14.8,4,0,1
488,1,0,2,0.0,14.8,5,0,1
489,1,0,2,8.3,23.1,4,0,1
490,1,0,2,15.2,38.3,4,0,2
491,1,0,2,0.0,38.3,5,0,1
492,1,0,2,0.0,38.3,5,0,1
493,1,0,2,9.7,48.0,4,0,1
494,1,0,2,7.0,55.0,3,0,1
495,1,0,2,0.0,55.0,5,0,1
496,1,0,2,0.0,55.0,5,0,1
497,1,0,2,1.6,56.6,3,0,1
498,1,0,2,0.0,56.6,5,0,1
499,1,0,2,0.0,56.6,5,0,1
500,1,0,2,13.3,69.9,4,0,1
501,1,0,2,0.7,70.6,3,0,1
502,1,0,2,0.0,70.6,5,0,1
503,1,0,2,0.6,71.2,3,0,1
504,1,0,2,7.4,78.6,3,0,1
505,1,0,2,0.0,78.6,5,0,1
506,1,0,2,0.0,78.6,5,0,1
507,1,0,2,0.0,78.6,5,0,1
508,1,0,2,0.0,78.6,5,0,1
509,1,0,2,4.7,83.3,3,0,1
510,1,0,2,0.0,83.3,5,0,1
511,1,0,2,0.0,83.3,5,0,1
512,1,0,2,0.0,83.3,5,0,1
513,1,0,2,0.0,83.3,5,0,1
514,1,0,2,0.5,83.8,3,0,1
515,1,0,2,10.0,93.8,4,0,1
516,1,0,2,0.0,93.8,5,0,1
517,1,0,2,10.6,10.6,4,0,1
518,1,0,2,16.2,26.8,4,0,2
519,1,0,2,15.3,42.1,4,0,2
520,1,0,2,5.3,47.4,3,0,1
521,1,0,2,28.7,76.1,4,0,2
522,1,0,2,0.0,76.1,5,0,1
523,1,0,2,38.2,114.3,2,0,0
524,1,0,2,18.5,132.8,4,0,2
525,1,0,2,2.7,135.5,3,0,1
526,1,0,2,11.4,146.9,4,0,1
527,1,0,2,68.9,215.8,6,1,0
528,1,0,2,12.0,227.8,4,0,1
529,1,0,2,0.0,227.8,5,0,1
530,1,0,2,9.3,237.1,4,0,1
531,1,0,2,20.3,257.4,4,0,2
532,1,0,2,0.1,257.5,3,0,1
533,1,0,2,20.4,277.9,4,0,2
534,1,0,2,6.6,284.5,3,0,1
535,1,0,2,9.8,294.3,4,0,1
536,1,0,2,0.0,294.3,5,0,1
537,1,0,2,21.1,315.4,4,0,2
538,1,0,2,31.0,346.4,4,0,2
539,1,0,2,5.2,351.6,3,0,1
540,1,0,2,35.8,387.4,2,0,0
541,1,0,2,21.3,408.7,4,0,2
542,1,0,2,1.7,410.4,3,0,1
543,1,0,2,4.9,415.3,3,0,1
544,1,0,2,43.6,458.9,2,0,0
545,1,0,2,4.4,463.3,3,0,1
546,1,0,2,25.0,488.3,4,0,2
547,1,0,2,6.9,6.9,3,0,1
548,1,0,2,8.4,15.3,4,0,1
549,1,0,2,94.1,109.4,6,1,0
550,1,0,2,19.5,128.9,4,0,2
551,1,0,2,3.4,132.3,3,0,1
552,1,0,2,32.6,164.9,4,0,2
553,1,0,2,71.9,236.8,6,1,0
554,1,0,2,12.0,248.8,4,0,1
555,1,0,2,99.1,347.9,6,1,0
556,1,0,2,11.3,359.2,4,0,1
557,1,0,2,31.5,390.7,4,0,2
558,1,0,2,59.4,450.1,2,0,0
559,1,0,2,24.7,474.8,4,0,2
560,1,0,2,8.7,483.5,4,0,1
561,1,0,2,0.3,483.8,3,0,1
562,1,0,2,52.4,536.2,2,0,0
563,1,0,2,40.2,576.4,2,0,0
564,1,0,2,0.0,576.4,5,0,1
565,1,0,2,25.1,601.5,4,0,2
566,1,0,2,10.4,611.9,4,0,1
567,1,0,2,52.5,664.4,2,0,0
568,1,0,2,83.7,748.1,6,1,0
569,1,0,2,76.1,824.2,6,1,0
570,1,0,2,42.3,866.5,2,0,0
571,1,0,2,2.7,869.2,3,0,1
572,1,0,2,0.8,870.0,3,0,1
573,1,0,2,3.7,873.7,3,0,1
574,1,0,2,47.4,921.1,2,0,0
575,1,0,2,8.7,929.8,4,0,1
576,1,0,2,13.9,943.7,4,0,1
577,1,0,2,14.1,957.8,4,0,1
578,1,0,2,19.1,19.1,4,0,2
579,1,0,2,0.0,19.1,5,0,1
580,1,0,2,2.4,21.5,3,0,1
581,1,0,2,0.0,21.5,5,0,1
582,1,0,2,14.3,35.8,4,0,1
583,1,0,2,14.6,50.4,4,0,1
584,1,0,2,20.7,71.1,4,0,2
585,1,0,2,2.8,73.9,3,0,1
586,1,0,2,91.0,164.9,6,1,0
587,1,0,2,0.6,165.5,3,0,1
588,1,0,2,18.6,184.1,4,0,2
589,1,0,2,17.3,201.4,4,0,2
590,1,0,2,30.9,232.3,4,0,2
591,1,0,2,2.0,234.3,3,0,1
592,1,0,2,46.0,280.3,2,0,0
593,1,0,2,7.8,288.1,4,0,1
594,1,0,2,71.5,359.6,6,1,0
595,1,0,2,5.7,365.3,3,0,1
596,1,0,2,62.1,427.4,2,0,0
597,1,0,2,7.8,435.2,4,0,1
598,1,0,2,5.1,440.3,3,0,1
599,1,0,2,5.6,445.9,3,0,1
600,1,0,2,24.5,470.4,4,0,2
601,1,0,2,6.4,476.8,3,0,1
602,1,0,2,17.0,493.8,4,0,2
603,1,0,2,49.9,543.7,2,0,0
604,1,0,2,51.8,595.5,2,0,0
605,1,0,2,22.1,617.6,4,0,2
606,1,0,2,14.3,631.9,4,0,1
607,1,0,2,17.9,649.8,4,0,2
608,1,0,2,2.7,652.5,3,0,1
609,1,0,2,0.0,0.0,5,0,1
610,1,0,2,54.3,54.3,2,0,0
611,1,0,2,14.3,68.6,4,0,1
612,1,0,2,9.0,77.6,4,0,1
613,1,0,2,26.9,104.5,4,0,2
614,1,0,2,0.0,104.5,5,0,1
615,1,0,2,2.4,106.9,3,0,1
616,1,0,2,0.1,107.0,3,0,1
617,1,0,2,47.3,154.3,2,0,0
618,1,0,2,6.2,160.5,3,0,1
619,1,0,2,4.2,164.7,3,0,1
620,1,0,2,15.4,180.1,4,0,2
621,1,0,2,18.6,198.7,4,0,2
622,1,0,2,13.4,212.1,4,0,1
623,1,0,2,2.9,215.0,3,0,1
624,1,0,2,13.8,228.8,4,0,1
625,1,0,2,0.0,228.8,5,0,1
626,1,0,2,32.2,261.0,4,0,2
627,1,0,2,1.0,262.0,3,0,1
628,1,0,2,27.9,289.9,4,0,2
629,1,0,2,33.3,323.2,4,0,2
630,1,0,2,0.0,323.2,5,0,1
631,1,0,2,22.1,345.3,4,0,2
632,1,0,2,25.1,370.4,4,0,2
633,1,0,2,12.0,382.4,4,0,1
634,1,0,2,0.0,382.4,5,0,1
635,1,0,2,0.0,382.4,5,0,1
636,1,0,2,19.0,401.4,4,0,2
637,1,0,2,19.0,420.4,4,0,2
638,1,0,2,5.6,426.0,3,0,1
639,1,0,2,4.5,4.5,3,0,1
640,1,0,2,3.0,7.5,3,0,1
641,1,0,2,0.0,7.5,5,0,1
642,1,0,2,3.6,11.1,3,0,1
643,1,0,2,0.0,11.1,5,0,1
644,1,0,2,35.3,46.4,4,0,0
645,1,0,2,6.6,53.0,3,0,1
646,1,0,2,0.0,53.0,5,0,1
647,1,0,2,28.2,81.2,4,0,2
648,1,0,2,5.2,86.4,3,0,1
649,1,0,2,8.9,95.3,4,0,1
650,1,0,2,19.6,114.9,4,0,2
651,1,0,2,4.6,119.5,3,0,1
652,1,0,2,1.0,120.5,3,0,1
653,1,0,2,7.5,128.0,4,0,1
654,1,0,2,13.8,141.8,4,0,1
655,1,0,2,0.0,141.8,5,0,1
656,1,0,2,9.6,151.4,4,0,1
657,1,0,2,0.0,151.4,5,0,1
658,1,0,2,1.2,152.6,3,0,1
659,1,0,2,25.9,178.5,4,0,2
660,1,0,2,2.1,180.6,3,0,1
661,1,0,2,3.2,183.8,3,0,1
662,1,0,2,5.5,189.3,3,0,1
663,1,0,2,0.0,189.3,5,0,1
664,1,0,2,4.0,193.3,3,0,1
665,1,0,2,4.2,197.5,3,0,1
666,1,0,2,25.9,223.4,4,0,2
667,1,0,2,4.8,228.2,3,0,1
668,1,0,2,21.3,249.5,4,0,2
669,1,0,2,7.3,256.8,3,0,1
670,1,0,2,0.0,0.0,5,0,1
671,1,0,2,0.0,0.0,5,0,1
672,1,0,2,5.5,5.5,3,0,1
673,1,0,2,7.6,13.1,4,0,1
674,1,0,2,0.0,13.1,5,0,1
675,1,0,2,0.0,13.1,5,0,1
676,1,0,2,0.0,13.1,5,0,1
677,1,0,2,5.3,18.4,3,0,1
678,1,0,2,2.1,20.5,3,0,1
679,1,0,2,0.0,20.5,5,0,1
680,1,0,2,0.0,20.5,5,0,1
681,1,0,2,0.0,20.5,5,0,1
682,1,0,2,27.8,48.3,4,0,2
683,1,0,2,19.5,67.8,4,0,2
684,1,0,2,0.0,67.8,5,0,1
685,1,0,2,0.0,67.8,5,0,1
686,1,0,2,0.0,67.8,5,0,1
687,1,0,2,0.0,67.8,5,0,1
688,1,0,2,0.0,67.8,5,0,1
689,1,0,2,29.1,96.9,4,0,2
690,1,0,2,0.0,96.9,5,0,1
691,1,0,2,0.0,96.9,5,0,1
692,1,0,2,0.0,96.9,5,0,1
693,1,0,2,0.0,96.9,5,0,1
694,1,0,2,0.8,97.7,3,0,1
695,1,0,2,0.0,97.7,5,0,1
696,1,0,2,6.5,104.2,3,0,1
697,1,0,2,0.0,104.2,5,0,1
698,1,0,2,0.0,104.2,5,0,1
699,1,0,2,0.0,104.2,5,0,1
700,1,0,2,0.0,0.0,5,0,1
701,1,0,2,0.5,0.5,3,0,1
702,1,0,2,0.0,0.5,5,0,1
703,1,0,2,0.0,0.5,5,0,1
704,1,0,2,0.0,0.5,5,0,1
705,1,0,2,0.0,0.5,5,0,1
706,1,0,2,0.0,0.5,5,0,1
707,1,0,2,0.0,0.5,5,0,1
708,1,0,2,0.0,0.5,5,0,1
709,1,0,2,0.0,0.5,5,0,1
710,1,0,2,0.0,0.5,5,0,1
711,1,0,2,0.0,0.5,5,0,1
712,1,0,2,2.6,3.1,3,0,1
713,1,0,2,0.0,3.1,5,0,1
714,1,0,2,0.0,3.1,5,0,1
715,1,0,2,0.0,3.1,5,0,1
716,1,0,2,0.5,3.6,3,0,1
717,1,0,2,0.0,3.6,5,0,1
718,1,0,2,0.0,3.6,5,0,1
719,1,0,2,0.0,3.6,5,0,1
720,1,0,2,0.0,3.6,5,0,1
721,1,0,2,4.2,7.8,3,0,1
722,1,0,2,0.0,7.8,5,0,1
723,1,0,2,0.0,7.8,5,0,1
724,1,0,2,0.0,7.8,5,0,1
725,1,0,2,0.0,7.8,5,0,1
726,1,0,2,0.0,7.8,5,0,1
727,1,0,2,0.0,7.8,5,0,1
728,1,0,2,0.0,7.8,5,0,1
729,1,0,2,0.0,7.8,5,0,1
730,1,0,2,0.0,7.8,5,0,1
731,1,0,0,0.0,0.0,5,0,1
732,1,0,0,0.0,0.0,5,0,1
733,1,0,0,0.0,0.0,5,0,1
734,1,0,0,0.0,0.0,5,0,1
735,1,0,0,0.0,0.0,5,0,1
736,1,0,0,0.0,0.0,5,0,1
737,1,0,0,0.0,0.0,5,0,1
738,1,0,0,0.0,0.0,5,0,1
739,1,0,0,0.0,0.0,5,0,1
740,1,0,0,0.0,0.0,5,0,1
741,1,0,0,0.0,0.0,5,0,1
742,1,0,0,0.0,0.0,5,0,1
743,1,0,0,0.0,0.0,5,0,1
744,1,0,0,0.0,0.0,5,0,1
745,1,0,0,0.0,0.0,5,0,1
746,1,0,0,0.0,0.0,5,0,1
747,1,0,0,0.0,0.0,5,0,1
748,1,0,0,0.0,0.0,5,0,1
749,1,0,0,0.0,0.0,5,0,1
750,1,0,0,0.0,0.0,5,0,1
751,1,0,0,0.0,0.0,5,0,1
752,1,0,0,0.0,0.0,5,0,1
753,1,0,0,0.0,0.0,5,0,1
754,1,0,0,0.0,0.0,5,0,1
755,1,0,0,0.0,0.0,5,0,1
756,1,0,0,0.0,0.0,5,0,1
757,1,0,0,0.0,0.0,5,0,1
758,1,0,0,0.0,0.0,5,0,1
759,1,0,0,0.0,0.0,5,0,1
760,1,0,0,0.0,0.0,5,0,1
761,1,0,0,0.0,0.0,5,0,1
762,1,0,0,0.0,0.0,5,0,1
763,1,0,0,0.0,0.0,5,0,1
764,1,0,0,0.0,0.0,5,0,1
765,1,0,0,0.0,0.0,5,0,1
766,1,0,0,0.0,0.0,5,0,1
767,1,0,0,0.0,0.0,5,0,1
768,1,0,0,0.0,0.0,5,0,1
769,1,0,0,0.0,0.0,5,0,1
770,1,0,0,0.1,0.1,3,0,1
771,1,0,0,0.0,0.1,5,0,1
772,1,0,0,0.0,0.1,5,0,1
773,1,0,0,0.0,0.1,5,0,1
774,1,0,0,0.0,0.1,5,0,1
775,1,0,0,0.0,0.1,5,0,1
776,1,0,0,0.0,0.1,5,0,1
777,1,0,0,0.0,0.1,5,0,1
778,1,0,0,0.0,0.1,5,0,1
779,1,0,0,0.0,0.1,5,0,1
780,1,0,0,0.0,0.1,5,0,1
781,1,0,0,0.0,0.1,5,0,1
782,1,0,0,0.0,0.1,5,0,1
783,1,0,0,0.0,0.1,5,0,1
784,1,0,0,0.0,0.1,5,0,1
785,1,0,0,0.0,0.1,5,0,1
786,1,0,0,0.0,0.1,5,0,1
787,1,0,0,0.0,0.1,5,0,1
788,1,0,0,0.0,0.1,5,0,1
789,1,0,0,0.0,0.1,5,0,1
790,1,0,0,0.0,0.0,5,0,1
791,1,0,0,0.0,0.0,5,0,1
792,1,0,0,0.0,0.0,5,0,1
793,1,0,0,0.0,0.0,5,0,1
794,1,0,0,0.0,0.0,5,0,1
795,1,0,0,0.0,0.0,5,0,1
796,1,0,0,0.0,0.0,5,0,1
797,1,0,0,0.0,0.0,5,0,1
798,1,0,0,0.0,0.0,5,0,1
799,1,0,0,0.0,0.0,5,0,1
800,1,0,0,0.0,0.0,5,0,1
801,1,0,0,0.0,0.0,5,0,1
802,1,0,0,0.0,0.0,5,0,1
803,1,0,0,0.0,0.0,5,0,1
804,1,0,0,0.0,0.0,5,0,1
805,1,0,0,0.0,0.0,5,0,1
806,1,0,0,0.0,0.0,5,0,1
807,1,0,0,0.0,0.0,5,0,1
808,1,0,0,0.0,0.0,5,0,1
809,1,0,0,0.0,0.0,5,0,1
810,1,0,0,0.0,0.0,5,0,1
811,1,0,0,0.0,0.0,5,0,1
812,1,0,0,0.0,0.0,5,0,1
813,1,0,0,0.0,0.0,5,0,1
814,1,0,0,0.0,0.0,5,0,1
815,1,0,0,0.0,0.0,5,0,1
816,1,0,0,0.0,0.0,5,0,1
817,1,0,0,0.0,0.0,5,0,1
818,1,0,0,0.0,0.0,5,0,1
819,1,0,0,0.0,0.0,5,0,1
820,1,0,0,0.0,0.0,5,0,1
821,1,0,0,0.0,0.0,5,0,1
822,1,0,0,0.0,0.0,5,0,1
823,1,0,0,0.9,0.9,3,0,1
824,1,0,0,0.0,0.9,5,0,1
825,1,0,0,0.0,0.9,5,0,1
826,1,0,0,0.0,0.9,5,0,1
827,1,0,0,4.6,5.5,3,0,1
828,1,0,0,0.0,5.5,5,0,1
829,1,0,0,0.0,5.5,5,0,1
830,1,0,0,0.0,5.5,5,0,1
831,1,0,0,0.0,5.5,5,0,1
832,1,0,0,7.7,13.2,4,0,1
833,1,0,0,0.8,14.0,3,0,1
834,1,0,0,0.0,14.0,5,0,1
835,1,0,0,0.0,14.0,5,0,1
836,1,0,0,0.0,14.0,5,0,1
837,1,0,0,0.0,14.0,5,0,1
838,1,0,0,0.0,14.0,5,0,1
839,1,0,0,0.0,14.0,5,0,1
840,1,0,0,0.0,14.0,5,0,1
841,1,0,0,0.0,14.0,5,0,1
842,1,0,0,0.0,14.0,5,0,1
843,1,0,0,0.0,14.0,5,0,1
844,1,0,0,0.0,14.0,5,0,1
845,1,0,0,0.0,14.0,5,0,1
846,1,0,0,0.0,14.0,5,0,1
847,1,0,0,4.3,18.3,3,0,1
848,1,0,0,0.0,18.3,5,0,1
849,1,0,0,0.0,18.3,5,0,1
850,1,0,0,0.0,18.3,5,0,1
851,1,0,0,3.1,3.1,3,0,1
852,1,0,0,0.4,3.5,3,0,1
853,1,0,0,0.0,3.5,5,0,1
854,1,0,0,0.0,3.5,5,0,1
855,1,0,0,0.0,3.5,5,0,1
856,1,0,0,0.0,3.5,5,0,1
857,1,0,0,0.0,3.5,5,0,1
858,1,0,0,0.0,3.5,5,0,1
859,1,0,0,0.0,3.5,5,0,1
860,1,0,0,0.0,3.5,5,0,1
861,1,0,0,0.0,3.5,5,0,1
862,1,0,0,3.8,7.3,3,0,1
863,1,0,0,0.0,7.3,5,0,1
864,1,0,0,0.0,7.3,5,0,1
865,1,0,0,2.3,9.6,3,0,1
866,1,0,0,0.0,9.6,5,0,1
867,1,0,0,0.0,9.6,5,0,1
868,1,0,0,0.0,9.6,5,0,1
869,1,0,0,0.0,9.6,5,0,1
870,1,0,0,0.0,9.6,5,0,1
871,1,0,0,0.0,9.6,5,0,1
872,1,0,0,9.6,19.2,4,0,1
873,1,0,0,0.0,19.2,5,0,1
874,1,0,0,6.2,25.4,3,0,1
875,1,0,0,0.0,25.4,5,0,1
876,1,0,0,0.0,25.4,5,0,1
877,1,0,0,0.0,25.4,5,0,1
878,1,0,0,5.4,30.8,3,0,1
879,1,0,0,0.8,31.6,3,0,1
880,1,0,0,0.0,31.6,5,0,1
881,1,0,0,0.0,31.6,5,0,1
882,1,0,0,0.0,0.0,5,0,1
883,1,0,0,18.1,18.1,4,0,2
884,1,0,0,9.0,27.1,4,0,1
885,1,0,0,0.0,27.1,5,0,1
886,1,0,0,0.0,27.1,5,0,1
887,1,0,0,0.0,27.1,5,0,1
888,1,0,0,7.2,34.3,3,0,1
889,1,0,0,8.7,43.0,4,0,1
890,1,0,0,0.0,43.0,5,0,1
891,1,0,0,0.0,43.0,5,0,1
892,1,0,0,0.0,43.0,5,0,1
893,1,0,0,0.0,43.0,5,0,1
894,1,0,0,0.0,43.0,5,0,1
895,1,0,0,0.0,43.0,5,0,1
896,1,0,0,0.3,43.3,3,0,1
897,1,0,0,0.0,43.3,5,0,1
898,1,0,0,12.1,55.4,4,0,1
899,1,0,0,0.0,55.4,5,0,1
900,1,0,0,0.0,55.4,5,0,1
901,1,0,0,0.0,55.4,5,0,1
902,1,0,0,2.0,57.4,3,0,1
903,1,0,0,0.0,57.4,5,0,1
904,1,0,0,0.0,57.4,5,0,1
905,1,0,0,0.7,58.1,3,0,1
906,1,0,0,2.3,60.4,3,0,1
907,1,0,0,2.3,62.7,3,0,1
908,1,0,0,8.3,71.0,4,0,1
909,1,0,0,0.0,71.0,5,0,1
910,1,0,0,0.0,71.0,5,0,1
911,1,0,0,4.0,75.0,3,0,1
912,1,0,0,130.4,130.4,1,2,0
913,1,0,0,0.0,130.4,5,0,1
914,1,0,0,22.4,152.8,4,0,2
915,1,0,0,0.0,152.8,5,0,1
916,1,0,0,0.0,152.8,5,0,1
917,1,0,0,0.0,152.8,5,0,1
918,1,0,0,0.0,152.8,5,0,1
919,1,0,0,0.0,152.8,5,0,1
920,1,0,0,4.7,157.5,3,0,1
921,1,0,0,0.0,157.5,5,0,1
922,1,0,0,185.1,342.6,1,2,0
923,1,0,0,33.0,375.6,4,0,2
924,1,0,0,2.5,378.1,3,0,1
925,1,0,0,7.0,385.1,3,0,1
926,1,0,0,0.0,385.1,5,0,1
927,1,0,0,0.0,385.1,5,0,1
928,1,0,0,0.0,385.1,5,0,1
929,1,0,0,0.0,385.1,5,0,1
930,1,0,0,2.1,387.2,3,0,1
931,1,0,0,6.4,393.6,3,0,1
932,1,0,0,0.0,393.6,5,0,1
933,1,0,0,0.0,393.6,5,0,1
934,1,0,0,0.0,393.6,5,0,1
935,1,0,0,5.5,399.1,3,0,1
936,1,0,0,0.0,399.1,5,0,1
937,1,0,0,0.0,399.1,5,0,1
938,1,0,0,0.0,399.1,5,0,1
939,1,0,0,0.8,399.9,3,0,1
940,1,0,0,191.5,591.4,1,2,0
941,1,0,0,0.0,591.4,5,0,1
942,1,0,0,0.0,591.4,5,0,1
943,1,0,0,0.0,0.0,5,0,1
944,1,0,0,0.0,0.0,5,0,1
945,1,0,0,19.4,19.4,4,0,2
946,1,0,0,0.0,19.4,5,0,1
947,1,0,0,0.0,19.4,5,0,1
948,1,0,0,0.0,19.4,5,0,1
949,1,0,0,1.1,20.5,3,0,1
950,1,0,0,0.0,20.5,5,0,1
951,1,0,0,3.3,23.8,3,0,1
952,1,0,0,0.0,23.8,5,0,1
953,1,0,0,0.0,23.8,5,0,1
954,1,0,0,13.0,36.8,4,0,1
955,1,0,0,0.0,36.8,5,0,1
956,1,0,0,0.0,36.8,5,0,1
957,1,0,0,27.8,64.6,4,0,2
958,1,0,0,2.0,66.6,3,0,1
959,1,0,0,0.0,66.6,5,0,1
960,1,0,0,0.0,66.6,5,0,1
961,1,0,0,0.0,66.6,5,0,1
962,1,0,0,0.0,66.6,5,0,1
963,1,0,0,0.0,66.6,5,0,1
964,1,0,0,0.0,66.6,5,0,1
965,1,0,0,13.0,79.6,4,0,1
966,1,0,0,8.7,88.3,4,0,1
967,1,0,0,0.0,88.3,5,0,1
968,1,0,0,0.0,88.3,5,0,1
969,1,0,0,0.0,88.3,5,0,1
970,1,0,0,1.6,89.9,3,0,1
971,1,0,0,0.0,89.9,5,0,1
972,1,0,0,8.1,98.0,4,0,1
973,1,0,0,0.0,98.0,5,0,1
974,1,0,0,0.0,0.0,5,0,1
975,1,0,0,0.0,0.0,5,0,1
976,1,0,0,0.0,0.0,5,0,1
977,1,0,0,0.0,0.0,5,0,1
978,1,0,0,0.0,0.0,5,0,1
979,1,0,0,8.9,8.9,4,0,1
980,1,0,0,0.0,8.9,5,0,1
981,1,0,0,0.0,8.9,5,0,1
982,1,0,0,3.5,12.4,3,0,1
983,1,0,0,0.0,12.4,5,0,1
984,1,0,0,3.1,15.5,3,0,1
985,1,0,0,4.8,20.3,3,0,1
986,1,0,0,6.7,27.0,3,0,1
987,1,0,0,0.0,27.0,5,0,1
988,1,0,0,3.8,30.8,3,0,1
989,1,0,0,5.3,36.1,3,0,1
990,1,0,0,0.0,36.1,5,0,1
991,1,0,0,0.0,36.1,5,0,1
992,1,0,0,0.0,36.1,5,0,1
993,1,0,0,3.4,39.5,3,0,1
994,1,0,0,0.0,39.5,5,0,1
995,1,0,0,10.1,49.6,4,0,1
996,1,0,0,4.8,54.4,3,0,1
997,1,0,0,0.0,54.4,5,0,1
998,1,0,0,20.0,74.4,4,0,2
999,1,0,0,0.0,74.4,5,0,1
1000,1,0,0,0.0,74.4,5,0,1
1001,1,0,0,0.0,74.4,5,0,1
1002,1,0,0,20.9,95.3,4,0,2
1003,1,0,0,5.4,100.7,3,0,1
1004,1,0,0,0.0,0.0,5,0,1
1005,1,0,0,0.0,0.0,5,0,1
1006,1,0,0,6.2,6.2,3,0,1
1007,1,0,0,6.4,12.6,3,0,1
1008,1,0,0,0.0,12.6,5,0,1
1009,1,0,0,0.0,12.6,5,0,1
1010,1,0,0,4.2,16.8,3,0,1
1011,1,0,0,0.0,16.8,5,0,1
1012,1,0,0,0.0,16.8,5,0,1
1013,1,0,0,0.0,16.8,5,0,1
1014,1,0,0,0.0,16.8,5,0,1
1015,1,0,0,3.1,19.9,3,0,1
1016,1,0,0,0.0,19.9,5,0,1
1017,1,0,0,7.3,27.2,3,0,1
1018,1,0,0,0.0,27.2,5,0,1
1019,1,0,0,0.0,27.2,5,0,1
1020,1,0,0,4.6,31.8,3,0,1
1021,1,0,0,0.0,31.8,5,0,1
1022,1,0,0,0.0,31.8,5,0,1
1023,1,0,0,0.0,31.8,5,0,1
1024,1,0,0,1.4,33.2,3,0,1
1025,1,0,0,0.0,33.2,5,0,1
1026,1,0,0,0.0,33.2,5,0,1
1027,1,0,0,0.0,33.2,5,0,1
1028,1,0,0,0.0,33.2,5,0,1
1029,1,0,0,0.0,33.2,5,0,1
1030,1,0,0,0.0,33.2,5,0,1
1031,1,0,0,0.0,33.2,5,0,1
1032,1,0,0,0.0,33.2,5,0,1
1033,1,0,0,0.0,33.2,5,0,1
1034,1,0,0,0.0,33.2,5,0,1
1035,1,0,0,0.0,0.0,5,0,1
1036,1,0,0,1.7,1.7,3,0,1
1037,1,0,0,0.0,1.7,5,0,1
1038,1,0,0,0.0,1.7,5,0,1
1039,1,0,0,0.0,1.7,5,0,1
1040,1,0,0,0.0,1.7,5,0,1
1041,1,0,0,0.0,1.7,5,0,1
1042,1,0,0,0.0,1.7,5,0,1
1043,1,0,0,0.0,1.7,5,0,1
1044,1,0,0,0.0,1.7,5,0,1
1045,1,0,0,0.0,1.7,5,0,1
1046,1,0,0,0.0,1.7,5,0,1
1047,1,0,0,0.0,1.7,5,0,1
1048,1,0,0,0.0,1.7,5,0,1
1049,1,0,0,0.0,1.7,5,0,1
1050,1,0,0,0.0,1.7,5,0,1
1051,1,0,0,0.0,1.7,5,0,1
1052,1,0,0,0.0,1.7,5,0,1
1053,1,0,0,0.0,1.7,5,0,1
1054,1,0,0,0.0,1.7,5,0,1
1055,1,0,0,0.0,1.7,5,0,1
1056,1,0,0,1.2,2.9,3,0,1
1057,1,0,0,0.0,2.9,5,0,1
1058,1,0,0,0.0,2.9,5,0,1
1059,1,0,0,0.0,2.9,5,0,1
1060,1,0,0,0.5,3.4,3,0,1
1061,1,0,0,2.0,5.4,3,0,1
1062,1,0,0,0.0,5.4,5,0,1
1063,1,0,0,0.0,5.4,5,0,1
1064,1,0,0,0.0,5.4,5,0,1
1065,1,0,0,0.0,0.0,5,0,1
1066,1,0,0,0.0,0.0,5,0,1
1067,1,0,0,0.0,0.0,5,0,1
1068,1,0,0,0.0,0.0,5,0,1
1069,1,0,0,0.0,0.0,5,0,1
1070,1,0,0,0.0,0.0,5,0,1
1071,1,0,0,0.0,0.0,5,0,1
1072,1,0,0,0.0,0.0,5,0,1
1073,1,0,0,0.0,0.0,5,0,1
1074,1,0,0,0.0,0.0,5,0,1
1075,1,0,0,0.0,0.0,5,0,1
1076,1,0,0,0.0,0.0,5,0,1
1077,1,0,0,0.0,0.0,5,0,1
1078,1,0,0,0.0,0.0,5,0,1
1079,1,0,0,0.0,0.0,5,0,1
1080,1,0,0,0.0,0.0,5,0,1
1081,1,0,0,0.0,0.0,5,0,1
1082,1,0,0,0.0,0.0,5,0,1
1083,1,0,0,0.0,0.0,5,0,1
1084,1,0,0,0.0,0.0,5,0,1
1085,1,0,0,0.0,0.0,5,0,1
1086,1,0,0,0.0,0.0,5,0,1
1087,1,0,0,0.0,0.0,5,0,1
1088,1,0,0,0.0,0.0,5,0,1
1089,1,0,0,0.0,0.0,5,0,1
1090,1,0,0,0.0,0.0,5,0,1
1091,1,0,0,0.0,0.0,5,0,1
1092,1,0,0,0.0,0.0,5,0,1
1093,1,0,0,0.0,0.0,5,0,1
1094,1,0,0,0.0,0.0,5,0,1
1095,1,0,0,0.0,0.0,5,0,1
1096,1,0,3,0.0,0.0,5,0,1
1097,1,0,3,0.0,0.0,5,0,1
1098,1,0,3,0.0,0.0,5,0,1
1099,1,0,3,0.0,0.0,5,0,1
1100,1,0,3,0.0,0.0,5,0,1
1101,1,0,3,0.0,0.0,5,0,1
1102,1,0,3,0.0,0.0,5,0,1
1103,1,0,3,0.0,0.0,5,0,1
1104,1,0,3,0.0,0.0,5,0,1
1105,1,0,3,0.6,0.6,3,0,1
1106,1,0,3,0.0,0.6,5,0,1
1107,1,0,3,0.0,0.6,5,0,1
1108,1,0,3,0.0,0.6,5,0,1
1109,1,0,3,0.0,0.6,5,0,1
1110,1,0,3,0.0,0.6,5,0,1
1111,1,0,3,0.0,0.6,5,0,1
1112,1,0,3,0.0,0.6,5,0,1
1113,1,0,3,0.4,1.0,3,0,1
1114,1,0,3,0.0,1.0,5,0,1
1115,1,0,3,0.0,1.0,5,0,1
1116,1,0,3,0.0,1.0,5,0,1
1117,1,0,3,0.0,1.0,5,0,1
1118,1,0,3,0.0,1.0,5,0,1
1119,1,0,3,0.0,1.0,5,0,1
1120,1,0,3,0.0,1.0,5,0,1
1121,1,0,3,0.0,1.0,5,0,1
1122,1,0,3,0.0,1.0,5,0,1
1123,1,0,3,0.0,1.0,5,0,1
1124,1,0,3,0.0,1.0,5,0,1
1125,1,0,3,0.0,1.0,5,0,1
1126,1,0,3,0.0,1.0,5,0,1
1127,1,0,3,0.0,0.0,5,0,1
1128,1,0,3,0.2,0.2,3,0,1
1129,1,0,3,0.0,0.2,5,0,1
1130,1,0,3,16.2,16.4,4,0,2
1131,1,0,3,0.0,16.4,5,0,1
1132,1,0,3,0.0,16.4,5,0,1
1133,1,0,3,10.6,27.0,4,0,1
1134,1,0,3,0.0,27.0,5,0,1
1135,1,0,3,0.0,27.0,5,0,1
1136,1,0,3,0.0,27.0,5,0,1
1137,1,0,3,0.0,27.0,5,0,1
1138,1,0,3,0.0,27.0,5,0,1
1139,1,0,3,0.0,27.0,5,0,1
1140,1,0,3,0.0,27.0,5,0,1
1141,1,0,3,0.0,27.0,5,0,1
1142,1,0,3,0.0,27.0,5,0,1
1143,1,0,3,0.0,27.0,5,0,1
1144,1,0,3,0.0,27.0,5,0,1
1145,1,0,3,0.0,27.0,5,0,1
1146,1,0,3,0.0,27.0,5,0,1
1147,1,0,3,0.0,27.0,5,0,1
1148,1,0,3,0.0,27.0,5,0,1
1149,1,0,3,1.5,28.5,3,0,1
1150,1,0,3,0.0,28.5,5,0,1
1151,1,0,3,0.0,28.5,5,0,1
1152,1,0,3,0.0,28.5,5,0,1
1153,1,0,3,0.0,28.5,5,0,1
1154,1,0,3,0.0,28.5,5,0,1
1155,1,0,3,0.0,0.0,5,0,1
1156,1,0,3,0.0,0.0,5,0,1
1157,1,0,3,0.0,0.0,5,0,1
1158,1,0,3,0.0,0.0,5,0,1
1159,1,0,3,0.0,0.0,5,0,1
1160,1,0,3,0.0,0.0,5,0,1
1161,1,0,3,0.0,0.0,5,0,1
1162,1,0,3,0.0,0.0,5,0,1
1163,1,0,3,0.0,0.0,5,0,1
1164,1,0,3,0.0,0.0,5,0,1
1165,1,0,3,0.0,0.0,5,0,1
1166,1,0,3,0.0,0.0,5,0,1
1167,1,0,3,0.0,0.0,5,0,1
1168,1,0,3,0.0,0.0,5,0,1
1169,1,0,3,11.0,11.0,4,0,1
1170,1,0,3,0.0,11.0,5,0,1
1171,1,0,3,0.0,11.0,5,0,1
1172,1,0,3,0.0,11.0,5,0,1
1173,1,0,3,0.0,11.0,5,0,1
1174,1,0,3,0.0,11.0,5,0,1
1175,1,0,3,0.0,11.0,5,0,1
1176,1,0,3,0.0,11.0,5,0,1
1177,1,0,3,0.0,11.0,5,0,1
1178,1,0,3,0.0,11.0,5,0,1
1179,1,0,3,0.0,11.0,5,0,1
1180,1,0,3,0.0,11.0,5,0,1
1181,1,0,3,0.0,11.0,5,0,1
1182,1,0,3,0.0,11.0,5,0,1
1183,1,0,3,0.0,11.0,5,0,1
1184,1,0,3,0.0,11.0,5,0,1
1185,1,0,3,0.0,11.0,5,0,1
1186,1,0,3,0.0,0.0,5,0,1
1187,1,0,3,0.0,0.0,5,0,1
1188,1,0,3,0.0,0.0,5,0,1
1189,1,0,3,0.0,0.0,5,0,1
1190,1,0,3,0.0,0.0,5,0,1
1191,1,0,3,0.0,0.0,5,0,1
1192,1,0,3,0.8,0.8,3,0,1
1193,1,0,3,0.0,0.8,5,0,1
1194,1,0,3,0.0,0.8,5,0,1
1195,1,0,3,0.0,0.8,5,0,1
1196,1,0,3,0.0,0.8,5,0,1
1197,1,0,3,0.0,0.8,5,0,1
1198,1,0,3,0.0,0.8,5,0,1
1199,1,0,3,0.0,0.8,5,0,1
1200,1,0,3,0.0,0.8,5,0,1
1201,1,0,3,0.0,0.8,5,0,1
1202,1,0,3,10.1,10.9,4,0,1
1203,1,0,3,0.0,10.9,5,0,1
1204,1,0,3,0.0,10.9,5,0,1
1205,1,0,3,0.0,10.9,5,0,1
1206,1,0,3,0.0,10.9,5,0,1
1207,1,0,3,8.3,19.2,4,0,1
1208,1,0,3,0.0,19.2,5,0,1
1209,1,0,3,0.0,19.2,5,0,1
1210,1,0,3,0.0,19.2,5,0,1
1211,1,0,3,0.0,19.2,5,0,1
1212,1,0,3,0.0,19.2,5,0,1
1213,1,0,3,0.0,19.2,5,0,1
1214,1,0,3,0.0,19.2,5,0,1
1215,1,0,3,2.2,21.4,3,0,1
1216,1,0,3,5.5,5.5,3,0,1
1217,1,0,3,0.1,5.6,3,0,1
1218,1,0,3,2.7,8.3,3,0,1
1219,1,0,3,0.0,8.3,5,0,1
1220,1,0,3,0.0,8.3,5,0,1
1221,1,0,3,0.0,8.3,5,0,1
1222,1,0,3,0.0,8.3,5,0,1
1223,1,0,3,0.0,8.3,5,0,1
1224,1,0,3,9.4,17.7,4,0,1
1225,1,0,3,0.0,17.7,5,0,1
1226,1,0,3,0.0,17.7,5,0,1
1227,1,0,3,6.1,23.8,3,0,1
1228,1,0,3,0.0,23.8,5,0,1
1229,1,0,3,0.1,23.9,3,0,1
1230,1,0,3,0.0,23.9,5,0,1
1231,1,0,3,0.0,23.9,5,0,1
1232,1,0,3,9.8,33.7,4,0,1
1233,1,0,3,0.0,33.7,5,0,1
1234,1,0,3,0.0,33.7,5,0,1
1235,1,0,3,0.0,33.7,5,0,1
1236,1,0,3,0.0,33.7,5,0,1
1237,1,0,3,0.0,33.7,5,0,1
1238,1,0,3,20.7,54.4,4,0,2
1239,1,0,3,0.0,54.4,5,0,1
1240,1,0,3,0.0,54.4,5,0,1
1241,1,0,3,0.0,54.4,5,0,1
1242,1,0,3,0.0,54.4,5,0,1
1243,1,0,3,0.5,54.9,3,0,1
1244,1,0,3,0.2,55.1,3,0,1
1245,1,0,3,0.0,55.1,5,0,1
1246,1,0,3,6.6,61.7,3,0,1
1247,1,0,3,13.5,13.5,4,0,1
1248,1,0,3,8.2,21.7,4,0,1
1249,1,0,3,32.3,54.0,4,0,2
1250,1,0,3,83.3,137.3,6,1,0
1251,1,0,3,0.9,138.2,3,0,1
1252,1,0,3,32.6,170.8,4,0,2
1253,1,0,3,10.5,181.3,4,0,1
1254,1,0,3,6.0,187.3,3,0,1
1255,1,0,3,0.4,187.7,3,0,1
1256,1,0,3,0.0,187.7,5,0,1
1257,1,0,3,0.0,187.7,5,0,1
1258,1,0,3,8.0,195.7,4,0,1
1259,1,0,3,5.1,200.8,3,0,1
1260,1,0,3,21.0,221.8,4,0,2
1261,1,0,3,3.9,225.7,3,0,1
1262,1,0,3,8.4,234.1,4,0,1
1263,1,0,3,8.8,242.9,4,0,1
1264,1,0,3,15.7,258.6,4,0,2
1265,1,0,3,51.8,310.4,2,0,0
1266,1,0,3,52.0,362.4,2,0,0
1267,1,0,3,3.0,365.4,3,0,1
1268,1,0,3,1.2,366.6,3,0,1
1269,1,0,3,12.3,378.9,4,0,1
1270,1,0,3,0.0,378.9,5,0,1
1271,1,0,3,0.0,378.9,5,0,1
1272,1,0,3,9.2,388.1,4,0,1
1273,1,0,3,15.3,403.4,4,0,2
1274,1,0,3,6.1,409.5,3,0,1
1275,1,0,3,7.4,416.9,3,0,1
1276,1,0,3,6.4,423.3,3,0,1
1277,1,0,3,13.9,13.9,4,0,1
1278,1,0,3,0.0,13.9,5,0,1
1279,1,0,3,22.6,36.5,4,0,2
1280,1,0,3,49.4,85.9,2,0,0
1281,1,0,3,2.8,88.7,3,0,1
1282,1,0,3,17.1,105.8,4,0,2
1283,1,0,3,9.4,115.2,4,0,1
1284,1,0,3,7.2,122.4,3,0,1
1285,1,0,3,22.1,144.5,4,0,2
1286,1,0,3,9.6,154.1,4,0,1
1287,1,0,3,15.4,169.5,4,0,2
1288,1,0,3,175.1,344.6,1,2,0
1289,1,0,3,0.9,345.5,3,0,1
1290,1,0,3,26.9,372.4,4,0,2
1291,1,0,3,75.1,447.5,6,1,0
1292,1,0,3,7.2,454.7,3,0,1
1293,1,0,3,1.1,455.8,3,0,1
1294,1,0,3,0.0,455.8,5,0,1
1295,1,0,3,46.8,502.6,2,0,0
1296,1,0,3,46.4,549.0,2,0,0
1297,1,0,3,0.2,549.2,3,0,1
1298,1,0,3,0.0,549.2,5,0,1
1299,1,0,3,40.7,589.9,2,0,0
1300,1,0,3,27.6,617.5,4,0,2
1301,1,0,3,0.0,617.5,5,0,1
1302,1,0,3,0.0,617.5,5,0,1
1303,1,0,3,40.1,657.6,2,0,0
1304,1,0,3,1.2,658.8,3,0,1
1305,1,0,3,11.6,670.4,4,0,1
1306,1,0,3,0.7,671.1,3,0,1
1307,1,0,3,7.7,678.8,4,0,1
1308,1,0,3,0.0,0.0,5,0,1
1309,1,0,3,3.6,3.6,3,0,1
1310,1,0,3,9.8,13.4,4,0,1
1311,1,0,3,88.5,101.9,6,1,0
1312,1,0,3,15.0,116.9,4,0,1
1313,1,0,3,42.1,159.0,2,0,0
1314,1,0,3,0.0,159.0,5,0,1
1315,1,0,3,6.9,165.9,3,0,1
1316,1,0,3,0.0,165.9,5,0,1
1317,1,0,3,22.9,188.8,4,0,2
1318,1,0,3,0.7,189.5,3,0,1
1319,1,0,3,0.0,189.5,5,0,1
1320,1,0,3,17.4,206.9,4,0,2
1321,1,0,3,113.9,320.8,6,1,0
1322,1,0,3,0.0,320.8,5,0,1
1323,1,0,3,8.2,329.0,4,0,1
1324,1,0,3,20.7,349.7,4,0,2
1325,1,0,3,23.0,372.7,4,0,2
1326,1,0,3,0.0,372.7,5,0,1
1327,1,0,3,14.9,387.6,4,0,1
1328,1,0,3,0.9,388.5,3,0,1
1329,1,0,3,6.6,395.1,3,0,1
1330,1,0,3,10.6,405.7,4,0,1
1331,1,0,3,0.0,405.7,5,0,1
1332,1,0,3,24.2,429.9,4,0,2
1333,1,0,3,37.4,467.3,2,0,0
1334,1,0,3,39.3,506.6,2,0,0
1335,1,0,3,0.0,506.6,5,0,1
1336,1,0,3,12.5,519.1,4,0,1
1337,1,0,3,12.8,531.9,4,0,1
1338,1,0,3,0.0,531.9,5,0,1
1339,1,0,3,18.4,18.4,4,0,2
1340,1,0,3,4.9,23.3,3,0,1
1341,1,0,3,16.7,40.0,4,0,2
1342,1,0,3,0.0,40.0,5,0,1
1343,1,0,3,0.0,40.0,5,0,1
1344,1,0,3,0.0,40.0,5,0,1
1345,1,0,3,0.5,40.5,3,0,1
1346,1,0,3,7.7,48.2,4,0,1
1347,1,0,3,22.5,70.7,4,0,2
1348,1,0,3,36.5,107.2,2,0,0
1349,1,0,3,11.1,118.3,4,0,1
1350,1,0,3,0.0,118.3,5,0,1
1351,1,0,3,43.3,161.6,2,0,0
1352,1,0,3,0.0,161.6,5,0,1
1353,1,0,3,29.8,191.4,4,0,2
1354,1,0,3,11.3,202.7,4,0,1
1355,1,0,3,0.0,202.7,5,0,1
1356,1,0,3,82.2,284.9,6,1,0
1357,1,0,3,6.1,291.0,3,0,1
1358,1,0,3,7.0,298.0,3,0,1
1359,1,0,3,18.5,316.5,4,0,2
1360,1,0,3,0.0,316.5,5,0,1
1361,1,0,3,8.5,325.0,4,0,1
1362,1,0,3,2.1,327.1,3,0,1
1363,1,0,3,44.9,372.0,2,0,0
1364,1,0,3,10.8,382.8,4,0,1
1365,1,0,3,0.0,382.8,5,0,1
1366,1,0,3,0.0,382.8,5,0,1
1367,1,0,3,21.1,403.9,4,0,2
1368,1,0,3,8.3,412.2,4,0,1
1369,1,0,3,0.0,0.0,5,0,1
1370,1,0,3,6.4,6.4,3,0,1
1371,1,0,3,0.3,6.7,3,0,1
1372,1,0,3,2.1,8.8,3,0,1
1373,1,0,3,0.9,9.7,3,0,1
1374,1,0,3,0.0,9.7,5,0,1
1375,1,0,3,3.5,13.2,3,0,1
1376,1,0,3,0.0,13.2,5,0,1
1377,1,0,3,2.1,15.3,3,0,1
1378,1,0,3,0.0,15.3,5,0,1
1379,1,0,3,0.7,16.0,3,0,1
1380,1,0,3,8.0,24.0,4,0,1
1381,1,0,3,9.2,33.2,4,0,1
1382,1,0,3,2.0,35.2,3,0,1
1383,1,0,3,6.9,42.1,3,0,1
1384,1,0,3,0.6,42.7,3,0,1
1385,1,0,3,5.0,47.7,3,0,1
1386,1,0,3,0.0,47.7,5,0,1
1387,1,0,3,6.4,54.1,3,0,1
1388,1,0,3,0.0,54.1,5,0,1
1389,1,0,3,1.0,55.1,3,0,1
1390,1,0,3,17.0,72.1,4,0,2
1391,1,0,3,5.6,77.7,3,0,1
1392,1,0,3,0.0,77.7,5,0,1
1393,1,0,3,0.0,77.7,5,0,1
1394,1,0,3,10.5,88.2,4,0,1
1395,1,0,3,1.5,89.7,3,0,1
1396,1,0,3,1.6,91.3,3,0,1
1397,1,0,3,5.0,96.3,3,0,1
1398,1,0,3,0.0,96.3,5,0,1
1399,1,0,3,8.4,104.7,4,0,1
1400,1,0,3,0.0,0.0,5,0,1
1401,1,0,3,0.0,0.0,5,0,1
1402,1,0,3,0.0,0.0,5,0,1
1403,1,0,3,0.0,0.0,5,0,1
1404,1,0,3,0.0,0.0,5,0,1
1405,1,0,3,0.0,0.0,5,0,1
1406,1,0,3,0.3,0.3,3,0,1
1407,1,0,3,17.2,17.5,4,0,2
1408,1,0,3,0.0,17.5,5,0,1
1409,1,0,3,0.8,18.3,3,0,1
1410,1,0,3,0.0,18.3,5,0,1
1411,1,0,3,0.0,18.3,5,0,1
1412,1,0,3,0.0,18.3,5,0,1
1413,1,0,3,0.0,18.3,5,0,1
1414,1,0,3,0.0,18.3,5,0,1
1415,1,0,3,1.9,20.2,3,0,1
1416,1,0,3,0.0,20.2,5,0,1
1417,1,0,3,3.5,23.7,3,0,1
1418,1,0,3,0.0,23.7,5,0,1
1419,1,0,3,1.3,25.0,3,0,1
1420,1,0,3,0.0,25.0,5,0,1
1421,1,0,3,0.0,25.0,5,0,1
1422,1,0,3,0.0,25.0,5,0,1
1423,1,0,3,3.0,28.0,3,0,1
1424,1,0,3,0.0,28.0,5,0,1
1425,1,0,3,0.0,28.0,5,0,1
1426,1,0,3,0.0,28.0,5,0,1
1427,1,0,3,0.0,28.0,5,0,1
1428,1,0,3,0.0,28.0,5,0,1
1429,1,0,3,0.0,28.0,5,0,1
1430,1,0,3,22.8,22.8,4,0,2
1431,1,0,3,2.4,25.2,3,0,1
1432,1,0,3,0.0,25.2,5,0,1
1433,1,0,3,0.0,25.2,5,0,1
1434,1,0,3,0.0,25.2,5,0,1
1435,1,0,3,0.0,25.2,5,0,1
1436,1,0,3,0.0,25.2,5,0,1
1437,1,0,3,0.0,25.2,5,0,1
1438,1,0,3,0.0,25.2,5,0,1
1439,1,0,3,0.0,25.2,5,0,1
1440,1,0,3,0.0,25.2,5,0,1
1441,1,0,3,0.0,25.2,5,0,1
1442,1,0,3,0.0,25.2,5,0,1
1443,1,0,3,0.0,25.2,5,0,1
1444,1,0,3,0.0,25.2,5,0,1
1445,1,0,3,0.0,25.2,5,0,1
1446,1,0,3,0.0,25.2,5,0,1
1447,1,0,3,3.6,28.8,3,0,1
1448,1,0,3,0.0,28.8,5,0,1
1449,1,0,3,0.0,28.8,5,0,1
1450,1,0,3,0.0,28.8,5,0,1
1451,1,0,3,0.0,28.8,5,0,1
1452,1,0,3,0.0,28.8,5,0,1
1453,1,0,3,0.0,28.8,5,0,1
1454,1,0,3,0.0,28.8,5,0,1
1455,1,0,3,0.0,28.8,5,0,1
1456,1,0,3,0.0,28.8,5,0,1
1457,1,0,3,0.0,28.8,5,0,1
1458,1,0,3,0.0,28.8,5,0,1
1459,1,0,3,0.0,28.8,5,0,1
1460,1,0,3,0.0,28.8,5,0,1
1461,1,0,1,6.4,6.4,3,0,1
1462,1,0,1,0.0,6.4,5,0,1
1463,1,0,1,0.0,6.4,5,0,1
1464,1,0,1,5.7,12.1,3,0,1
1465,1,0,1,0.0,12.1,5,0,1
1466,1,0,1,0.0,12.1,5,0,1
1467,1,0,1,0.0,12.1,5,0,1
1468,1,0,1,8.6,20.7,4,0,1
1469,1,0,1,0.0,20.7,5,0,1
1470,1,0,1,0.0,20.7,5,0,1
1471,1,0,1,0.0,20.7,5,0,1
1472,1,0,1,0.0,20.7,5,0,1
1473,1,0,1,2.0,22.7,3,0,1
1474,1,0,1,0.0,22.7,5,0,1
1475,1,0,1,0.0,22.7,5,0,1
1476,1,0,1,0.0,22.7,5,0,1
1477,1,0,1,0.0,22.7,5,0,1
1478,1,0,1,0.0,22.7,5,0,1
1479,1,0,1,0.0,22.7,5,0,1
1480,1,0,1,9.0,31.7,4,0,1
1481,1,0,1,0.0,31.7,5,0,1
1482,1,0,1,0.0,31.7,5,0,1
1483,1,0,1,0.0,31.7,5,0,1
1484,1,0,1,0.0,31.7,5,0,1
1485,1,0,1,0.0,31.7,5,0,1
1486,1,0,1,0.0,31.7,5,0,1
1487,1,0,1,0.0,31.7,5,0,1
1488,1,0,1,0.0,31.7,5,0,1
1489,1,0,1,0.0,31.7,5,0,1
1490,1,0,1,5.7,37.4,3,0,1
1491,1,0,1,0.0,37.4,5,0,1
1492,1,0,1,0.0,0.0,5,0,1
1493,1,0,1,4.4,4.4,3,0,1
1494,1,0,1,0.0,4.4,5,0,1
1495,1,0,1,0.0,4.4,5,0,1
1496,1,0,1,0.0,4.4,5,0,1
1497,1,0,1,8.8,13.2,4,0,1
1498,1,0,1,2.5,15.7,3,0,1
1499,1,0,1,0.0,15.7,5,0,1
1500,1,0,1,0.0,15.7,5,0,1
1501,1,0,1,0.0,15.7,5,0,1
1502,1,0,1,0.0,15.7,5,0,1
1503,1,0,1,0.0,15.7,5,0,1
1504,1,0,1,0.0,15.7,5,0,1
1505,1,0,1,10.9,26.6,4,0,1
1506,1,0,1,0.0,26.6,5,0,1
1507,1,0,1,0.0,26.6,5,0,1
1508,1,0,1,0.0,26.6,5,0,1
1509,1,0,1,0.0,26.6,5,0,1
1510,1,0,1,0.0,26.6,5,0,1
1511,1,0,1,36.7,63.3,2,0,0
1512,1,0,1,0.0,63.3,5,0,1
1513,1,0,1,2.4,65.7,3,0,1
1514,1,0,1,0.0,65.7,5,0,1
1515,1,0,1,0.0,65.7,5,0,1
1516,1,0,1,6.7,72.4,3,0,1
1517,1,0,1,0.0,72.4,5,0,1
1518,1,0,1,0.0,72.4,5,0,1
1519,1,0,1,0.0,72.4,5,0,1
1520,1,0,1,0.0,72.4,5,0,1
1521,1,0,1,0.0,0.0,5,0,1
1522,1,0,1,0.0,0.0,5,0,1
1523,1,0,1,0.0,0.0,5,0,1
1524,1,0,1,0.0,0.0,5,0,1
1525,1,0,1,2.2,2.2,3,0,1
1526,1,0,1,0.0,2.2,5,0,1
1527,1,0,1,16.6,18.8,4,0,2
1528,1,0,1,10.2,29.0,4,0,1
1529,1,0,1,0.0,29.0,5,0,1
1530,1,0,1,0.0,29.0,5,0,1
1531,1,0,1,0.0,29.0,5,0,1
1532,1,0,1,0.0,29.0,5,0,1
1533,1,0,1,0.0,29.0,5,0,1
1534,1,0,1,0.0,29.0,5,0,1
1535,1,0,1,0.0,29.0,5,0,1
1536,1,0,1,0.0,29.0,5,0,1
1537,1,0,1,0.0,29.0,5,0,1
1538,1,0,1,0.0,29.0,5,0,1
1539,1,0,1,0.0,29.0,5,0,1
1540,1,0,1,0.0,29.0,5,0,1
1541,1,0,1,0.0,29.0,5,0,1
1542,1,0,1,0.0,29.0,5,0,1
1543,1,0,1,0.0,29.0,5,0,1
1544,1,0,1,0.0,29.0,5,0,1
1545,1,0,1,0.0,29.0,5,0,1
1546,1,0,1,0.0,29.0,5,0,1
1547,1,0,1,0.0,29.0,5,0,1
1548,1,0,1,0.0,29.0,5,0,1
1549,1,0,1,0.0,29.0,5,0,1
1550,1,0,1,26.9,55.9,4,0,2
1551,1,0,1,0.0,55.9,5,0,1
1552,1,0,1,0.0,0.0,5,0,1
1553,1,0,1,0.0,0.0,5,0,1
1554,1,0,1,0.0,0.0,5,0,1
1555,1,0,1,0.0,0.0,5,0,1
1556,1,0,1,0.9,0.9,3,0,1
1557,1,0,1,0.0,0.9,5,0,1
1558,1,0,1,0.0,0.9,5,0,1
1559,1,0,1,0.0,0.9,5,0,1
1560,1,0,1,0.0,0.9,5,0,1
1561,1,0,1,0.9,1.8,3,0,1
1562,1,0,1,0.0,1.8,5,0,1
1563,1,0,1,0.0,1.8,5,0,1
1564,1,0,1,11.1,12.9,4,0,1
1565,1,0,1,8.4,21.3,4,0,1
1566,1,0,1,1.1,22.4,3,0,1
1567,1,0,1,0.0,22.4,5,0,1
1568,1,0,1,0.0,22.4,5,0,1
1569,1,0,1,0.0,22.4,5,0,1
1570,1,0,1,0.0,22.4,5,0,1
1571,1,0,1,0.0,22.4,5,0,1
1572,1,0,1,0.0,22.4,5,0,1
1573,1,0,1,0.0,22.4,5,0,1
1574,1,0,1,0.0,22.4,5,0,1
1575,1,0,1,4.0,26.4,3,0,1
1576,1,0,1,0.0,26.4,5,0,1
1577,1,0,1,0.0,26.4,5,0,1
1578,1,0,1,0.0,26.4,5,0,1
1579,1,0,1,0.0,26.4,5,0,1
1580,1,0,1,0.0,26.4,5,0,1
1581,1,0,1,0.0,26.4,5,0,1
1582,1,0,1,13.1,13.1,4,0,1
1583,1,0,1,0.0,13.1,5,0,1
1584,1,0,1,0.0,13.1,5,0,1
1585,1,0,1,0.0,13.1,5,0,1
1586,1,0,1,0.0,13.1,5,0,1
1587,1,0,1,10.9,24.0,4,0,1
1588,1,0,1,6.9,30.9,3,0,1
1589,1,0,1,5.5,36.4,3,0,1
1590,1,0,1,10.9,47.3,4,0,1
1591,1,0,1,47.8,95.1,2,0,0
1592,1,0,1,3.5,98.6,3,0,1
1593,1,0,1,7.8,106.4,4,0,1
1594,1,0,1,17.6,124.0,4,0,2
1595,1,0,1,0.0,124.0,5,0,1
1596,1,0,1,0.6,124.6,3,0,1
1597,1,0,1,0.0,124.6,5,0,1
1598,1,0,1,0.0,124.6,5,0,1
1599,1,0,1,0.0,124.6,5,0,1
1600,1,0,1,0.0,124.6,5,0,1
1601,1,0,1,2.4,127.0,3,0,1
1602,1,0,1,4.5,131.5,3,0,1
1603,1,0,1,1.8,133.3,3,0,1
1604,1,0,1,0.0,133.3,5,0,1
1605,1,0,1,0.0,133.3,5,0,1
1606,1,0,1,0.0,133.3,5,0,1
1607,1,0,1,0.0,133.3,5,0,1
1608,1,0,1,4.8,138.1,3,0,1
1609,1,0,1,0.0,138.1,5,0,1
1610,1,0,1,0.0,138.1,5,0,1
1611,1,0,1,8.1,146.2,4,0,1
1612,1,0,1,24.1,170.3,4,0,2
1613,1,0,1,5.7,5.7,3,0,1
1614,1,0,1,21.1,26.8,4,0,2
1615,1,0,1,58.5,85.3,2,0,0
1616,1,0,1,41.3,126.6,2,0,0
1617,1,0,1,0.0,126.6,5,0,1
1618,1,0,1,101.7,228.3,6,1,0
1619,1,0,1,45.0,273.3,2,0,0
1620,1,0,1,26.1,299.4,4,0,2
1621,1,0,1,15.5,314.9,4,0,2
1622,1,0,1,31.8,346.7,4,0,2
1623,1,0,1,44.1,390.8,2,0,0
1624,1,0,1,27.3,418.1,4,0,2
1625,1,0,1,52.9,471.0,2,0,0
1626,1,0,1,13.8,484.8,4,0,1
1627,1,0,1,3.6,488.4,3,0,1
1628,1,0,1,86.6,575.0,6,1,0
1629,1,0,1,9.5,584.5,4,0,1
1630,1,0,1,30.4,614.9,4,0,2
1631,1,0,1,20.7,635.6,4,0,2
1632,1,0,1,132.7,768.3,1,2,0
1633,1,0,1,11.4,779.7,4,0,1
1634,1,0,1,19.0,798.7,4,0,2
1635,1,0,1,5.8,804.5,3,0,1
1636,1,0,1,26.0,830.5,4,0,2
1637,1,0,1,11.4,841.9,4,0,1
1638,1,0,1,2.4,844.3,3,0,1
1639,1,0,1,19.2,863.5,4,0,2
1640,1,0,1,11.4,874.9,4,0,1
1641,1,0,1,61.0,935.9,2,0,0
1642,1,0,1,20.1,956.0,4,0,2
1643,1,0,1,18.7,18.7,4,0,2
1644,1,0,1,18.5,37.2,4,0,2
1645,1,0,1,62.9,100.1,2,0,0
1646,1,0,1,11.4,111.5,4,0,1
1647,1,0,1,57.2,168.7,2,0,0
1648,1,0,1,93.0,261.7,6,1,0
1649,1,0,1,114.8,376.5,6,1,0
1650,1,0,1,7.4,383.9,3,0,1
1651,1,0,1,52.0,435.9,2,0,0
1652,1,0,1,53.1,489.0,2,0,0
1653,1,0,1,20.5,509.5,4,0,2
1654,1,0,1,0.0,509.5,5,0,1
1655,1,0,1,28.8,538.3,4,0,2
1656,1,0,1,46.5,584.8,2,0,0
1657,1,0,1,60.2,645.0,2,0,0
1658,1,0,1,20.1,665.1,4,0,2
1659,1,0,1,16.7,681.8,4,0,2
1660,1,0,1,14.6,696.4,4,0,1
1661,1,0,1,0.0,696.4,5,0,1
1662,1,0,1,103.9,800.3,6,1,0
1663,1,0,1,19.1,819.4,4,0,2
1664,1,0,1,7.0,826.4,3,0,1
1665,1,0,1,25.5,851.9,4,0,2
1666,1,0,1,0.0,851.9,5,0,1
1667,1,0,1,10.2,862.1,4,0,1
1668,1,0,1,3.7,865.8,3,0,1
1669,1,0,1,22.4,888.2,4,0,2
1670,1,0,1,6.7,894.9,3,0,1
1671,1,0,1,194.2,1089.1,1,2,0
1672,1,0,1,0.5,1089.6,3,0,1
1673,1,0,1,38.4,1128.0,2,0,0
1674,1,0,1,80.2,80.2,6,1,0
1675,1,0,1,2.0,82.2,3,0,1
1676,1,0,1,8.0,90.2,4,0,1
1677,1,0,1,43.8,134.0,2,0,0
1678,1,0,1,49.9,183.9,2,0,0
1679,1,0,1,50.6,234.5,2,0,0
1680,1,0,1,34.8,269.3,4,0,2
1681,1,0,1,17.4,286.7,4,0,2
1682,1,0,1,19.7,306.4,4,0,2
1683,1,0,1,30.5,336.9,4,0,2
1684,1,0,1,125.0,461.9,1,2,0
1685,1,0,1,35.7,497.6,2,0,0
1686,1,0,1,70.4,568.0,6,1,0
1687,1,0,1,30.4,598.4,4,0,2
1688,1,0,1,17.6,616.0,4,0,2
1689,1,0,1,41.3,657.3,2,0,0
1690,1,0,1,15.3,672.6,4,0,2
1691,1,0,1,0.3,672.9,3,0,1
1692,1,0,1,8.6,681.5,4,0,1
1693,1,0,1,1.2,682.7,3,0,1
1694,1,0,1,11.9,694.6,4,0,1
1695,1,0,1,22.5,717.1,4,0,2
1696,1,0,1,24.8,741.9,4,0,2
1697,1,0,1,88.2,830.1,6,1,0
1698,1,0,1,7.2,837.3,3,0,1
1699,1,0,1,46.9,884.2,2,0,0
1700,1,0,1,44.9,929.1,2,0,0
1701,1,0,1,51.8,980.9,2,0,0
1702,1,0,1,7.3,988.2,3,0,1
1703,1,0,1,26.1,1014.3,4,0,2
1704,1,0,1,3.0,1017.3,3,0,1
1705,1,0,1,16.6,16.6,4,0,2
1706,1,0,1,92.4,109.0,6,1,0
1707,1,0,1,74.8,183.8,6,1,0
1708,1,0,1,2.9,186.7,3,0,1
1709,1,0,1,0.3,187.0,3,0,1
1710,1,0,1,12.5,199.5,4,0,1
1711,1,0,1,34.6,234.1,4,0,2
1712,1,0,1,9.2,243.3,4,0,1
1713,1,0,1,11.1,254.4,4,0,1
1714,1,0,1,23.0,277.4,4,0,2
1715,1,0,1,18.0,295.4,4,0,2
1716,1,0,1,12.8,308.2,4,0,1
1717,1,0,1,32.1,340.3,4,0,2
1718,1,0,1,37.3,377.6,2,0,0
1719,1,0,1,49.8,427.4,2,0,0
1720,1,0,1,103.1,530.5,6,1,0
1721,1,0,1,41.5,572.0,2,0,0
1722,1,0,1,41.0,613.0,2,0,0
1723,1,0,1,10.2,623.2,4,0,1
1724,1,0,1,9.3,632.5,4,0,1
1725,1,0,1,1.9,634.4,3,0,1
1726,1,0,1,5.3,639.7,3,0,1
1727,1,0,1,168.8,808.5,1,2,0
1728,1,0,1,35.7,844.2,2,0,0
1729,1,0,1,0.9,845.1,3,0,1
1730,1,0,1,58.0,903.1,2,0,0
1731,1,0,1,65.7,968.8,6,1,0
1732,1,0,1,8.6,977.4,4,0,1
1733,1,0,1,10.6,988.0,4,0,1
1734,1,0,1,3.0,991.0,3,0,1
1735,1,0,1,30.8,30.8,4,0,2
1736,1,0,1,1.2,32.0,3,0,1
1737,1,0,1,3.9,35.9,3,0,1
1738,1,0,1,20.9,56.8,4,0,2
1739,1,0,1,5.1,61.9,3,0,1
1740,1,0,1,2.9,64.8,3,0,1
1741,1,0,1,3.4,68.2,3,0,1
1742,1,0,1,1.4,69.6,3,0,1
1743,1,0,1,0.9,70.5,3,0,1
1744,1,0,1,8.1,78.6,4,0,1
1745,1,0,1,12.3,90.9,4,0,1
1746,1,0,1,21.0,111.9,4,0,2
1747,1,0,1,1.1,113.0,3,0,1
1748,1,0,1,28.6,141.6,4,0,2
1749,1,0,1,10.4,152.0,4,0,1
1750,1,0,1,1.0,153.0,3,0,1
1751,1,0,1,3.3,156.3,3,0,1
1752,1,0,1,12.1,168.4,4,0,1
1753,1,0,1,2.9,171.3,3,0,1
1754,1,0,1,7.2,178.5,3,0,1
1755,1,0,1,26.9,205.4,4,0,2
1756,1,0,1,5.5,210.9,3,0,1
1757,1,0,1,4.4,215.3,3,0,1
1758,1,0,1,3.0,218.3,3,0,1
1759,1,0,1,0.0,218.3,5,0,1
1760,1,0,1,2.2,220.5,3,0,1
1761,1,0,1,6.0,226.5,3,0,1
1762,1,0,1,22.5,249.0,4,0,2
1763,1,0,1,35.6,284.6,2,0,0
1764,1,0,1,0.8,285.4,3,0,1
1765,1,0,1,50.4,335.8,2,0,0
1766,1,0,1,12.3,12.3,4,0,1
1767,1,0,1,0.2,12.5,3,0,1
1768,1,0,1,0.0,12.5,5,0,1
1769,1,0,1,0.0,12.5,5,0,1
1770,1,0,1,0.0,12.5,5,0,1
1771,1,0,1,2.9,15.4,3,0,1
1772,1,0,1,19.9,35.3,4,0,2
1773,1,0,1,9.2,44.5,4,0,1
1774,1,0,1,0.0,44.5,5,0,1
1775,1,0,1,0.0,44.5,5,0,1
1776,1,0,1,0.0,44.5,5,0,1
1777,1,0,1,0.0,44.5,5,0,1
1778,1,0,1,0.0,44.5,5,0,1
1779,1,0,1,0.0,44.5,5,0,1
1780,1,0,1,14.6,59.1,4,0,1
1781,1,0,1,0.0,59.1,5,0,1
1782,1,0,1,0.0,59.1,5,0,1
1783,1,0,1,6.0,65.1,3,0,1
1784,1,0,1,4.4,69.5,3,0,1
1785,1,0,1,0.1,69.6,3,0,1
1786,1,0,1,0.0,69.6,5,0,1
1787,1,0,1,0.0,69.6,5,0,1
1788,1,0,1,0.0,69.6,5,0,1
1789,1,0,1,2.8,72.4,3,0,1
1790,1,0,1,0.0,72.4,5,0,1
1791,1,0,1,19.2,91.6,4,0,2
1792,1,0,1,0.0,91.6,5,0,1
1793,1,0,1,0.0,91.6,5,0,1
1794,1,0,1,5.3,96.9,3,0,1
1795,1,0,1,0.0,96.9,5,0,1
1796,1,0,1,0.0,0.0,5,0,1
1797,1,0,1,0.0,0.0,5,0,1
1798,1,0,1,0.0,0.0,5,0,1
1799,1,0,1,0.0,0.0,5,0,1
1800,1,0,1,0.0,0.0,5,0,1
1801,1,0,1,0.0,0.0,5,0,1
1802,1,0,1,0.0,0.0,5,0,1
1803,1,0,1,0.0,0.0,5,0,1
1804,1,0,1,0.0,0.0,5,0,1
1805,1,0,1,0.0,0.0,5,0,1
1806,1,0,1,0.0,0.0,5,0,1
1807,1,0,1,0.0,0.0,5,0,1
1808,1,0,1,0.0,0.0,5,0,1
1809,1,0,1,0.0,0.0,5,0,1
1810,1,0,1,0.0,0.0,5,0,1
1811,1,0,1,0.0,0.0,5,0,1
1812,1,0,1,0.0,0.0,5,0,1
1813,1,0,1,0.0,0.0,5,0,1
1814,1,0,1,0.0,0.0,5,0,1
1815,1,0,1,0.0,0.0,5,0,1
1816,1,0,1,0.0,0.0,5,0,1
1817,1,0,1,0.0,0.0,5,0,1
1818,1,0,1,0.0,0.0,5,0,1
1819,1,0,1,0.0,0.0,5,0,1
1820,1,0,1,0.0,0.0,5,0,1
1821,1,0,1,0.0,0.0,5,0,1
1822,1,0,1,0.0,0.0,5,0,1
1823,1,0,1,17.5,17.5,4,0,2
1824,1,0,1,0.0,17.5,5,0,1
1825,1,0,1,0.0,17.5,5,0,1
1826,1,0,1,0.0,17.5,5,0,1
0,7,0,3,0.0,0.0,5,0,1
1,7,0,3,0.0,0.0,5,0,1
2,7,0,3,0.0,0.0,5,0,1
3,7,0,3,0.0,0.0,5,0,1
4,7,0,3,0.0,0.0,5,0,1
5,7,0,3,0.0,0.0,5,0,1
6,7,0,3,0.0,0.0,5,0,1
7,7,0,3,0.0,0.0,5,0,1
8,7,0,3,0.0,0.0,5,0,1
9,7,0,3,0.0,0.0,5,0,1
10,7,0,3,0.0,0.0,5,0,1
11,7,0,3,0.0,0.0,5,0,1
12,7,0,3,0.0,0.0,5,0,1
13,7,0,3,0.0,0.0,5,0,1
14,7,0,3,0.0,0.0,5,0,1
15,7,0,3,0.0,0.0,5,0,1
16,7,0,3,0.0,0.0,5,0,1
17,7,0,3,0.0,0.0,5,0,1
18,7,0,3,0.0,0.0,5,0,1
19,7,0,3,0.0,0.0,5,0,1
20,7,0,3,0.7,0.7,3,0,1
21,7,0,3,0.0,0.7,5,0,1
22,7,0,3,0.0,0.7,5,0,1
23,7,0,3,0.0,0.7,5,0,1
24,7,0,3,0.0,0.7,5,0,1
25,7,0,3,0.0,0.7,5,0,1
26,7,0,3,0.0,0.7,5,0,1
27,7,0,3,0.0,0.7,5,0,1
28,7,0,3,0.0,0.7,5,0,1
29,7,0,3,0.0,0.7,5,0,1
30,7,0,3,0.0,0.7,5,0,1
31,7,0,3,0.0,0.0,5,0,1
32,7,0,3,0.0,0.0,5,0,1
33,7,0,3,0.0,0.0,5,0,1
34,7,0,3,0.0,0.0,5,0,1
35,7,0,3,0.0,0.0,5,0,1
36,7,0,3,0.0,0.0,5,0,1
37,7,0,3,0.0,0.0,5,0,1
38,7,0,3,0.0,0.0,5,0,1
39,7,0,3,0.0,0.0,5,0,1
40,7,0,3,0.0,0.0,5,0,1
41,7,0,3,2.2,2.2,3,0,1
42,7,0,3,0.0,2.2,5,0,1
43,7,0,3,0.0,2.2,5,0,1
44,7,0,3,0.0,2.2,5,0,1
45,7,0,3,0.0,2.2,5,0,1
46,7,0,3,0.0,2.2,5,0,1
47,7,0,3,0.0,2.2,5,0,1
48,7,0,3,0.0,2.2,5,0,1
49,7,0,3,0.0,2.2,5,0,1
50,7,0,3,0.0,2.2,5,0,1
51,7,0,3,0.0,2.2,5,0,1
52,7,0,3,0.0,2.2,5,0,1
53,7,0,3,0.0,2.2,5,0,1
54,7,0,3,0.0,2.2,5,0,1
55,7,0,3,0.0,2.2,5,0,1
56,7,0,3,0.0,2.2,5,0,1
57,7,0,3,0.0,2.2,5,0,1
58,7,0,3,0.0,2.2,5,0,1
59,7,0,3,0.0,2.2,5,0,1
60,7,0,3,0.0,0.0,5,0,1
61,7,0,3,0.0,0.0,5,0,1
62,7,0,3,3.6,3.6,3,0,1
63,7,0,3,0.0,3.6,5,0,1
64,7,0,3,0.0,3.6,5,0,1
65,7,0,3,0.0,3.6,5,0,1
66,7,0,3,0.0,3.6,5,0,1
67,7,0,3,0.0,3.6,5,0,1
68,7,0,3,0.0,3.6,5,0,1
69,7,0,3,0.0,3.6,5,0,1
70,7,0,3,0.0,3.6,5,0,1
71,7,0,3,0.0,3.6,5,0,1
72,7,0,3,0.0,3.6,5,0,1
73,7,0,3,0.0,3.6,5,0,1
74,7,0,3,0.0,3.6,5,0,1
75,7,0,3,0.0,3.6,5,0,1
76,7,0,3,0.0,3.6,5,0,1
77,7,0,3,0.0,3.6,5,0,1
78,7,0,3,0.0,3.6,5,0,1
79,7,0,3,0.0,3.6,5,0,1
80,7,0,3,0.0,3.6,5,0,1
81,7,0,3,0.0,3.6,5,0,1
82,7,0,3,0.0,3.6,5,0,1
83,7,0,3,0.0,3.6,5,0,1
84,7,0,3,0.0,3.6,5,0,1
85,7,0,3,0.0,3.6,5,0,1
86,7,0,3,0.0,3.6,5,0,1
87,7,0,3,7.1,10.7,3,0,1
88,7,0,3,0.0,10.7,5,0,1
89,7,0,3,0.0,10.7,5,0,1
90,7,0,3,0.0,10.7,5,0,1
91,7,0,3,0.0,0.0,5,0,1
92,7,0,3,0.0,0.0,5,0,1
93,7,0,3,4.0,4.0,3,0,1
94,7,0,3,0.0,4.0,5,0,1
95,7,0,3,0.0,4.0,5,0,1
96,7,0,3,0.0,4.0,5,0,1
97,7,0,3,0.0,4.0,5,0,1
98,7,0,3,0.0,4.0,5,0,1
99,7,0,3,0.0,4.0,5,0,1
100,7,0,3,0.0,4.0,5,0,1
101,7,0,3,0.0,4.0,5,0,1
102,7,0,3,0.0,4.0,5,0,1
103,7,0,3,0.6,4.6,3,0,1
104,7,0,3,0.0,4.6,5,0,1
105,7,0,3,3.5,8.1,3,0,1
106,7,0,3,0.0,8.1,5,0,1
107,7,0,3,0.0,8.1,5,0,1
108,7,0,3,0.0,8.1,5,0,1
109,7,0,3,0.0,8.1,5,0,1
110,7,0,3,0.0,8.1,5,0,1
111,7,0,3,0.0,8.1,5,0,1
112,7,0,3,0.0,8.1,5,0,1
113,7,0,3,0.0,8.1,5,0,1
114,7,0,3,0.0,8.1,5,0,1
115,7,0,3,0.0,8.1,5,0,1
116,7,0,3,0.0,8.1,5,0,1
117,7,0,3,0.0,8.1,5,0,1
118,7,0,3,5.8,13.9,3,0,1
119,7,0,3,0.0,13.9,5,0,1
120,7,0,3,0.0,13.9,5,0,1
121,7,0,3,0.0,0.0,5,0,1
122,7,0,3,0.0,0.0,5,0,1
123,7,0,3,0.7,0.7,3,0,1
124,7,0,3,0.6,1.3,3,0,1
125,7,0,3,0.0,1.3,5,0,1
126,7,0,3,0.0,1.3,5,0,1
127,7,0,3,3.9,5.2,3,0,1
128,7,0,3,0.0,5.2,5,0,1
129,7,0,3,0.0,5.2,5,0,1
130,7,0,3,0.0,5.2,5,0,1
131,7,0,3,0.0,5.2,5,0,1
132,7,0,3,0.0,5.2,5,0,1
133,7,0,3,0.0,5.2,5,0,1
134,7,0,3,0.0,5.2,5,0,1
135,7,0,3,0.0,5.2,5,0,1
136,7,0,3,7.7,12.9,4,0,1
137,7,0,3,11.6,24.5,4,0,1
138,7,0,3,0.0,24.5,5,0,1
139,7,0,3,1.0,25.5,3,0,1
140,7,0,3,0.0,25.5,5,0,1
141,7,0,3,9.4,34.9,4,0,1
142,7,0,3,0.0,34.9,5,0,1
143,7,0,3,0.0,34.9,5,0,1
144,7,0,3,33.8,68.7,4,0,2
145,7,0,3,0.0,68.7,5,0,1
146,7,0,3,0.0,68.7,5,0,1
147,7,0,3,0.0,68.7,5,0,1
148,7,0,3,0.0,68.7,5,0,1
149,7,0,3,5.0,73.7,3,0,1
150,7,0,3,12.0,85.7,4,0,1
151,7,0,3,0.1,85.8,3,0,1
152,7,0,3,14.1,14.1,4,0,1
153,7,0,3,0.0,14.1,5,0,1
154,7,0,3,13.9,28.0,4,0,1
155,7,0,3,0.0,28.0,5,0,1
156,7,0,3,13.9,41.9,4,0,1
157,7,0,3,0.8,42.7,3,0,1
158,7,0,3,0.3,43.0,3,0,1
159,7,0,3,0.8,43.8,3,0,1
160,7,0,3,17.9,61.7,4,0,2
161,7,0,3,0.0,61.7,5,0,1
162,7,0,3,11.0,72.7,4,0,1
163,7,0,3,82.5,155.2,6,1,0
164,7,0,3,1.6,156.8,3,0,1
165,7,0,3,0.0,156.8,5,0,1
166,7,0,3,0.0,156.8,5,0,1
167,7,0,3,1.4,158.2,3,0,1
168,7,0,3,10.7,168.9,4,0,1
169,7,0,3,21.6,190.5,4,0,2
170,7,0,3,51.4,241.9,2,0,0
171,7,0,3,16.7,258.6,4,0,2
172,7,0,3,29.8,288.4,4,0,2
173,7,0,3,0.0,288.4,5,0,1
174,7,0,3,1.8,290.2,3,0,1
175,7,0,3,11.9,302.1,4,0,1
176,7,0,3,0.0,302.1,5,0,1
177,7,0,3,40.8,342.9,2,0,0
178,7,0,3,0.0,342.9,5,0,1
179,7,0,3,2.7,345.6,3,0,1
180,7,0,3,4.0,349.6,3,0,1
181,7,0,3,15.0,364.6,4,0,1
182,7,0,3,11.9,11.9,4,0,1
183,7,0,3,23.5,35.4,4,0,2
184,7,0,3,10.3,45.7,4,0,1
185,7,0,3,105.8,151.5,6,1,0
186,7,0,3,0.0,151.5,5,0,1
187,7,0,3,7.9,159.4,4,0,1
188,7,0,3,33.8,193.2,4,0,2
189,7,0,3,7.9,201.1,4,0,1
190,7,0,3,55.7,256.8,2,0,0
191,7,0,3,14.7,271.5,4,0,1
192,7,0,3,1.1,272.6,3,0,1
193,7,0,3,52.0,324.6,2,0,0
194,7,0,3,1.0,325.6,3,0,1
195,7,0,3,5.4,331.0,3,0,1
196,7,0,3,0.0,331.0,5,0,1
197,7,0,3,0.4,331.4,3,0,1
198,7,0,3,7.3,338.7,3,0,1
199,7,0,3,0.8,339.5,3,0,1
200,7,0,3,25.6,365.1,4,0,2
201,7,0,3,0.0,365.1,5,0,1
202,7,0,3,27.4,392.5,4,0,2
203,7,0,3,33.3,425.8,4,0,2
204,7,0,3,0.0,425.8,5,0,1
205,7,0,3,6.6,432.4,3,0,1
206,7,0,3,0.6,433.0,3,0,1
207,7,0,3,2.9,435.9,3,0,1
208,7,0,3,27.7,463.6,4,0,2
209,7,0,3,4.0,467.6,3,0,1
210,7,0,3,0.2,467.8,3,0,1
211,7,0,3,19.5,487.3,4,0,2
212,7,0,3,13.1,500.4,4,0,1
213,7,0,3,27.1,27.1,4,0,2
214,7,0,3,47.8,74.9,2,0,0
215,7,0,3,32.8,107.7,4,0,2
216,7,0,3,0.0,107.7,5,0,1
217,7,0,3,12.7,120.4,4,0,1
218,7,0,3,8.5,128.9,4,0,1
219,7,0,3,31.8,160.7,4,0,2
220,7,0,3,0.0,160.7,5,0,1
221,7,0,3,13.3,174.0,4,0,1
222,7,0,3,16.7,190.7,4,0,2
223,7,0,3,13.5,204.2,4,0,1
224,7,0,3,24.1,228.3,4,0,2
225,7,0,3,29.5,257.8,4,0,2
226,7,0,3,18.2,276.0,4,0,2
227,7,0,3,32.8,308.8,4,0,2
228,7,0,3,0.0,308.8,5,0,1
229,7,0,3,0.0,308.8,5,0,1
230,7,0,3,24.0,332.8,4,0,2
231,7,0,3,0.0,332.8,5,0,1
232,7,0,3,0.0,332.8,5,0,1
233,7,0,3,0.6,333.4,3,0,1
234,7,0,3,8.6,342.0,4,0,1
235,7,0,3,0.0,342.0,5,0,1
236,7,0,3,9.9,351.9,4,0,1
237,7,0,3,11.8,363.7,4,0,1
238,7,0,3,0.0,363.7,5,0,1
239,7,0,3,7.7,371.4,4,0,1
240,7,0,3,1.4,372.8,3,0,1
241,7,0,3,8.7,381.5,4,0,1
242,7,0,3,50.2,431.7,2,0,0
243,7,0,3,9.1,440.8,4,0,1
244,7,0,3,43.4,43.4,2,0,0
245,7,0,3,37.9,81.3,2,0,0
246,7,0,3,0.8,82.1,3,0,1
247,7,0,3,32.3,114.4,4,0,2
248,7,0,3,0.0,114.4,5,0,1
249,7,0,3,1.1,115.5,3,0,1
250,7,0,3,29.6,145.1,4,0,2
251,7,0,3,5.0,150.1,3,0,1
252,7,0,3,43.5,193.6,2,0,0
253,7,0,3,2.6,196.2,3,0,1
254,7,0,3,19.5,215.7,4,0,2
255,7,0,3,14.2,229.9,4,0,1
256,7,0,3,28.7,258.6,4,0,2
257,7,0,3,2.3,260.9,3,0,1
258,7,0,3,18.4,279.3,4,0,2
259,7,0,3,11.3,290.6,4,0,1
260,7,0,3,1.6,292.2,3,0,1
261,7,0,3,20.6,312.8,4,0,2
262,7,0,3,43.5,356.3,2,0,0
263,7,0,3,22.7,379.0,4,0,2
264,7,0,3,6.4,385.4,3,0,1
265,7,0,3,0.0,385.4,5,0,1
266,7,0,3,8.8,394.2,4,0,1
267,7,0,3,8.1,402.3,4,0,1
268,7,0,3,34.5,436.8,4,0,2
269,7,0,3,9.4,446.2,4,0,1
270,7,0,3,6.6,452.8,3,0,1
271,7,0,3,0.0,452.8,5,0,1
272,7,0,3,13.7,466.5,4,0,1
273,7,0,3,0.0,466.5,5,0,1
274,7,0,3,7.6,7.6,4,0,1
275,7,0,3,0.0,7.6,5,0,1
276,7,0,3,3.0,10.6,3,0,1
277,7,0,3,3.6,14.2,3,0,1
278,7,0,3,3.8,18.0,3,0,1
279,7,0,3,3.8,21.8,3,0,1
280,7,0,3,5.1,26.9,3,0,1
281,7,0,3,3.0,29.9,3,0,1
282,7,0,3,0.0,29.9,5,0,1
283,7,0,3,4.4,34.3,3,0,1
284,7,0,3,1.0,35.3,3,0,1
285,7,0,3,3.2,38.5,3,0,1
286,7,0,3,3.9,42.4,3,0,1
287,7,0,3,9.8,52.2,4,0,1
288,7,0,3,0.0,52.2,5,0,1
289,7,0,3,0.0,52.2,5,0,1
290,7,0,3,14.9,67.1,4,0,1
291,7,0,3,3.5,70.6,3,0,1
292,7,0,3,0.0,70.6,5,0,1
293,7,0,3,4.5,75.1,3,0,1
294,7,0,3,0.7,75.8,3,0,1
295,7,0,3,5.0,80.8,3,0,1
296,7,0,3,0.7,81.5,3,0,1
297,7,0,3,0.0,81.5,5,0,1
298,7,0,3,4.1,85.6,3,0,1
299,7,0,3,2.9,88.5,3,0,1
300,7,0,3,0.0,88.5,5,0,1
301,7,0,3,0.0,88.5,5,0,1
302,7,0,3,0.1,88.6,3,0,1
303,7,0,3,9.9,98.5,4,0,1
304,7,0,3,0.0,98.5,5,0,1
305,7,0,3,0.0,0.0,5,0,1
306,7,0,3,0.0,0.0,5,0,1
307,7,0,3,16.6,16.6,4,0,2
308,7,0,3,2.8,19.4,3,0,1
309,7,0,3,0.0,19.4,5,0,1
310,7,0,3,0.0,19.4,5,0,1
311,7,0,3,0.0,19.4,5,0,1
312,7,0,3,0.0,19.4,5,0,1
313,7,0,3,16.8,36.2,4,0,2
314,7,0,3,0.3,36.5,3,0,1
315,7,0,3,1.0,37.5,3,0,1
316,7,0,3,0.0,37.5,5,0,1
317,7,0,3,0.4,37.9,3,0,1
318,7,0,3,7.2,45.1,3,0,1
319,7,0,3,0.0,45.1,5,0,1
320,7,0,3,0.0,45.1,5,0,1
321,7,0,3,0.0,45.1,5,0,1
322,7,0,3,0.0,45.1,5,0,1
323,7,0,3,0.0,45.1,5,0,1
324,7,0,3,0.0,45.1,5,0,1
325,7,0,3,0.0,45.1,5,0,1
326,7,0,3,0.0,45.1,5,0,1
327,7,0,3,0.0,45.1,5,0,1
328,7,0,3,0.0,45.1,5,0,1
329,7,0,3,4.0,49.1,3,0,1
330,7,0,3,0.0,49.1,5,0,1
331,7,0,3,1.7,50.8,3,0,1
332,7,0,3,0.0,50.8,5,0,1
333,7,0,3,0.0,50.8,5,0,1
334,7,0,3,0.0,50.8,5,0,1
335,7,0,3,0.0,0.0,5,0,1
336,7,0,3,0.0,0.0,5,0,1
337,7,0,3,0.0,0.0,5,0,1
338,7,0,3,0.0,0.0,5,0,1
339,7,0,3,0.0,0.0,5,0,1
340,7,0,3,0.0,0.0,5,0,1
341,7,0,3,0.0,0.0,5,0,1
342,7,0,3,0.0,0.0,5,0,1
343,7,0,3,0.0,0.0,5,0,1
344,7,0,3,0.0,0.0,5,0,1
345,7,0,3,0.0,0.0,5,0,1
346,7,0,3,0.0,0.0,5,0,1
347,7,0,3,0.0,0.0,5,0,1
348,7,0,3,0.0,0.0,5,0,1
349,7,0,3,0.0,0.0,5,0,1
350,7,0,3,0.0,0.0,5,0,1
351,7,0,3,0.0,0.0,5,0,1
352,7,0,3,0.0,0.0,5,0,1
353,7,0,3,0.0,0.0,5,0,1
354,7,0,3,0.0,0.0,5,0,1
355,7,0,3,0.0,0.0,5,0,1
356,7,0,3,6.2,6.2,3,0,1
357,7,0,3,0.0,6.2,5,0,1
358,7,0,3,0.0,6.2,5,0,1
359,7,0,3,0.0,6.2,5,0,1
360,7,0,3,0.0,6.2,5,0,1
361,7,0,3,0.0,6.2,5,0,1
362,7,0,3,0.0,6.2,5,0,1
363,7,0,3,0.0,6.2,5,0,1
364,7,0,3,0.0,6.2,5,0,1
365,7,0,3,0.0,6.2,5,0,1
366,7,0,2,0.0,0.0,5,0,1
367,7,0,2,0.0,0.0,5,0,1
368,7,0,2,0.0,0.0,5,0,1
369,7,0,2,0.0,0.0,5,0,1
370,7,0,2,0.0,0.0,5,0,1
371,7,0,2,0.0,0.0,5,0,1
372,7,0,2,0.0,0.0,5,0,1
373,7,0,2,0.0,0.0,5,0,1
374,7,0,2,0.0,0.0,5,0,1
375,7,0,2,0.0,0.0,5,0,1
376,7,0,2,0.0,0.0,5,0,1
377,7,0,2,0.0,0.0,5,0,1
378,7,0,2,0.0,0.0,5,0,1
379,7,0,2,0.0,0.0,5,0,1
380,7,0,2,0.0,0.0,5,0,1
381,7,0,2,0.0,0.0,5,0,1
382,7,0,2,0.0,0.0,5,0,1
383,7,0,2,0.0,0.0,5,0,1
384,7,0,2,0.0,0.0,5,0,1
385,7,0,2,0.0,0.0,5,0,1
386,7,0,2,0.0,0.0,5,0,1
387,7,0,2,0.0,0.0,5,0,1
388,7,0,2,0.0,0.0,5,0,1
389,7,0,2,0.0,0.0,5,0,1
390,7,0,2,0.0,0.0,5,0,1
391,7,0,2,0.0,0.0,5,0,1
392,7,0,2,12.1,12.1,4,0,1
393,7,0,2,0.0,12.1,5,0,1
394,7,0,2,0.0,12.1,5,0,1
395,7,0,2,0.0,12.1,5,0,1
396,7,0,2,0.0,12.1,5,0,1
397,7,0,2,0.0,0.0,5,0,1
398,7,0,2,0.0,0.0,5,0,1
399,7,0,2,0.0,0.0,5,0,1
400,7,0,2,0.0,0.0,5,0,1
401,7,0,2,0.0,0.0,5,0,1
402,7,0,2,0.0,0.0,5,0,1
403,7,0,2,3.6,3.6,3,0,1
404,7,0,2,1.9,5.5,3,0,1
405,7,0,2,0.0,5.5,5,0,1
406,7,0,2,0.0,5.5,5,0,1
407,7,0,2,0.0,5.5,5,0,1
408,7,0,2,0.0,5.5,5,0,1
409,7,0,2,0.0,5.5,5,0,1
410,7,0,2,0.0,5.5,5,0,1
411,7,0,2,0.0,5.5,5,0,1
412,7,0,2,0.0,5.5,5,0,1
413,7,0,2,0.0,5.5,5,0,1
414,7,0,2,0.0,5.5,5,0,1
415,7,0,2,0.0,5.5,5,0,1
416,7,0,2,0.0,5.5,5,0,1
417,7,0,2,0.0,5.5,5,0,1
418,7,0,2,0.0,5.5,5,0,1
419,7,0,2,0.0,5.5,5,0,1
420,7,0,2,0.0,5.5,5,0,1
421,7,0,2,0.0,5.5,5,0,1
422,7,0,2,0.0,5.5,5,0,1
423,7,0,2,0.0,5.5,5,0,1
424,7,0,2,0.0,5.5,5,0,1
425,7,0,2,0.0,0.0,5,0,1
426,7,0,2,0.0,0.0,5,0,1
427,7,0,2,0.0,0.0,5,0,1
428,7,0,2,0.0,0.0,5,0,1
429,7,0,2,1.2,1.2,3,0,1
430,7,0,2,0.0,1.2,5,0,1
431,7,0,2,0.0,1.2,5,0,1
432,7,0,2,0.0,1.2,5,0,1
433,7,0,2,0.0,1.2,5,0,1
434,7,0,2,0.0,1.2,5,0,1
435,7,0,2,0.0,1.2,5,0,1
436,7,0,2,0.0,1.2,5,0,1
437,7,0,2,0.0,1.2,5,0,1
438,7,0,2,0.0,1.2,5,0,1
439,7,0,2,0.0,1.2,5,0,1
440,7,0,2,0.0,1.2,5,0,1
441,7,0,2,0.0,1.2,5,0,1
442,7,0,2,0.0,1.2,5,0,1
443,7,0,2,0.0,1.2,5,0,1
444,7,0,2,0.0,1.2,5,0,1
445,7,0,2,3.1,4.3,3,0,1
446,7,0,2,0.0,4.3,5,0,1
447,7,0,2,0.0,4.3,5,0,1
448,7,0,2,0.0,4.3,5,0,1
449,7,0,2,0.0,4.3,5,0,1
450,7,0,2,0.0,4.3,5,0,1
451,7,0,2,0.0,4.3,5,0,1
452,7,0,2,0.0,4.3,5,0,1
453,7,0,2,0.0,4.3,5,0,1
454,7,0,2,0.0,4.3,5,0,1
455,7,0,2,9.9,14.2,4,0,1
456,7,0,2,0.0,0.0,5,0,1
457,7,0,2,0.0,0.0,5,0,1
458,7,0,2,0.0,0.0,5,0,1
459,7,0,2,0.0,0.0,5,0,1
460,7,0,2,0.0,0.0,5,0,1
461,7,0,2,0.0,0.0,5,0,1
462,7,0,2,0.0,0.0,5,0,1
463,7,0,2,0.0,0.0,5,0,1
464,7,0,2,10.8,10.8,4,0,1
465,7,0,2,0.0,10.8,5,0,1
466,7,0,2,0.0,10.8,5,0,1
467,7,0,2,0.0,10.8,5,0,1
468,7,0,2,0.0,10.8,5,0,1
469,7,0,2,0.0,10.8,5,0,1
470,7,0,2,0.0,10.8,5,0,1
471,7,0,2,0.0,10.8,5,0,1
472,7,0,2,0.0,10.8,5,0,1
473,7,0,2,0.0,10.8,5,0,1
474,7,0,2,0.0,10.8,5,0,1
475,7,0,2,0.0,10.8,5,0,1
476,7,0,2,0.8,11.6,3,0,1
477,7,0,2,0.0,11.6,5,0,1
478,7,0,2,0.0,11.6,5,0,1
479,7,0,2,0.0,11.6,5,0,1
480,7,0,2,0.0,11.6,5,0,1
481,7,0,2,0.0,11.6,5,0,1
482,7,0,2,7.1,18.7,3,0,1
483,7,0,2,4.2,22.9,3,0,1
484,7,0,2,0.0,22.9,5,0,1
485,7,0,2,23.5,46.4,4,0,2
486,7,0,2,4.6,4.6,3,0,1
487,7,0,2,0.0,4.6,5,0,1
488,7,0,2,0.0,4.6,5,0,1
489,7,0,2,5.7,10.3,3,0,1
490,7,0,2,4.7,15.0,3,0,1
491,7,0,2,22.6,37.6,4,0,2
492,7,0,2,0.0,37.6,5,0,1
493,7,0,2,25.5,63.1,4,0,2
494,7,0,2,0.0,63.1,5,0,1
495,7,0,2,2.0,65.1,3,0,1
496,7,0,2,0.0,65.1,5,0,1
497,7,0,2,0.0,65.1,5,0,1
498,7,0,2,0.0,65.1,5,0,1
499,7,0,2,21.7,86.8,4,0,2
500,7,0,2,1.1,87.9,3,0,1
501,7,0,2,0.0,87.9,5,0,1
502,7,0,2,0.0,87.9,5,0,1
503,7,0,2,0.0,87.9,5,0,1
504,7,0,2,0.0,87.9,5,0,1
505,7,0,2,0.0,87.9,5,0,1
506,7,0,2,0.0,87.9,5,0,1
507,7,0,2,0.3,88.2,3,0,1
508,7,0,2,15.5,103.7,4,0,2
509,7,0,2,0.0,103.7,5,0,1
510,7,0,2,20.3,124.0,4,0,2
511,7,0,2,2.2,126.2,3,0,1
512,7,0,2,0.0,126.2,5,0,1
513,7,0,2,5.8,132.0,3,0,1
514,7,0,2,0.0,132.0,5,0,1
515,7,0,2,16.0,148.0,4,0,2
516,7,0,2,0.0,148.0,5,0,1
517,7,0,2,1.8,1.8,3,0,1
518,7,0,2,11.3,13.1,4,0,1
519,7,0,2,4.4,17.5,3,0,1
520,7,0,2,10.3,27.8,4,0,1
521,7,0,2,9.4,37.2,4,0,1
522,7,0,2,3.0,40.2,3,0,1
523,7,0,2,0.0,40.2,5,0,1
524,7,0,2,40.8,81.0,2,0,0
525,7,0,2,47.5,128.5,2,0,0
526,7,0,2,51.5,180.0,2,0,0
527,7,0,2,17.7,197.7,4,0,2
528,7,0,2,4.1,201.8,3,0,1
529,7,0,2,5.4,207.2,3,0,1
530,7,0,2,41.2,248.4,2,0,0
531,7,0,2,24.2,272.6,4,0,2
532,7,0,2,1.6,274.2,3,0,1
533,7,0,2,32.2,306.4,4,0,2
534,7,0,2,4.9,311.3,3,0,1
535,7,0,2,59.2,370.5,2,0,0
536,7,0,2,0.0,370.5,5,0,1
537,7,0,2,10.4,380.9,4,0,1
538,7,0,2,26.7,407.6,4,0,2
539,7,0,2,10.3,417.9,4,0,1
540,7,0,2,10.8,428.7,4,0,1
541,7,0,2,9.7,438.4,4,0,1
542,7,0,2,43.9,482.3,2,0,0
543,7,0,2,31.1,513.4,4,0,2
544,7,0,2,6.9,520.3,3,0,1
545,7,0,2,17.0,537.3,4,0,2
546,7,0,2,4.2,541.5,3,0,1
547,7,0,2,22.3,22.3,4,0,2
548,7,0,2,9.0,31.3,4,0,1
549,7,0,2,45.9,77.2,2,0,0
550,7,0,2,3.2,80.4,3,0,1
551,7,0,2,7.2,87.6,3,0,1
552,7,0,2,5.4,93.0,3,0,1
553,7,0,2,26.6,119.6,4,0,2
554,7,0,2,0.0,119.6,5,0,1
555,7,0,2,0.0,119.6,5,0,1
556,7,0,2,43.0,162.6,2,0,0
557,7,0,2,12.4,175.0,4,0,1
558,7,0,2,84.1,259.1,6,1,0
559,7,0,2,109.4,368.5,6,1,0
560,7,0,2,25.7,394.2,4,0,2
561,7,0,2,0.1,394.3,3,0,1
562,7,0,2,22.9,417.2,4,0,2
563,7,0,2,53.9,471.1,2,0,0
564,7,0,2,53.5,524.6,2,0,0
565,7,0,2,105.1,629.7,6,1,0
566,7,0,2,13.1,642.8,4,0,1
567,7,0,2,36.8,679.6,2,0,0
568,7,0,2,32.5,712.1,4,0,2
569,7,0,2,37.8,749.9,2,0,0
570,7,0,2,40.2,790.1,2,0,0
571,7,0,2,0.8,790.9,3,0,1
572,7,0,2,20.7,811.6,4,0,2
573,7,0,2,141.3,952.9,1,2,0
574,7,0,2,0.0,952.9,5,0,1
575,7,0,2,42.5,995.4,2,0,0
576,7,0,2,29.6,1025.0,4,0,2
577,7,0,2,22.4,1047.4,4,0,2
578,7,0,2,2.2,2.2,3,0,1
579,7,0,2,18.6,20.8,4,0,2
580,7,0,2,18.5,39.3,4,0,2
581,7,0,2,24.7,64.0,4,0,2
582,7,0,2,19.2,83.2,4,0,2
583,7,0,2,0.0,83.2,5,0,1
584,7,0,2,23.3,106.5,4,0,2
585,7,0,2,0.0,106.5,5,0,1
586,7,0,2,3.8,110.3,3,0,1
587,7,0,2,0.0,110.3,5,0,1
588,7,0,2,3.6,113.9,3,0,1
589,7,0,2,18.4,132.3,4,0,2
590,7,0,2,19.6,151.9,4,0,2
591,7,0,2,19.2,171.1,4,0,2
592,7,0,2,11.9,183.0,4,0,1
593,7,0,2,8.0,191.0,4,0,1
594,7,0,2,36.0,227.0,2,0,0
595,7,0,2,111.4,338.4,6,1,0
596,7,0,2,9.0,347.4,4,0,1
597,7,0,2,10.3,357.7,4,0,1
598,7,0,2,44.4,402.1,2,0,0
599,7,0,2,59.8,461.9,2,0,0
600,7,0,2,135.0,596.9,1,2,0
601,7,0,2,14.6,611.5,4,0,1
602,7,0,2,50.8,662.3,2,0,0
603,7,0,2,13.0,675.3,4,0,1
604,7,0,2,6.8,682.1,3,0,1
605,7,0,2,19.5,701.6,4,0,2
606,7,0,2,9.4,711.0,4,0,1
607,7,0,2,1.1,712.1,3,0,1
608,7,0,2,8.1,720.2,4,0,1
609,7,0,2,1.5,1.5,3,0,1
610,7,0,2,2.9,4.4,3,0,1
611,7,0,2,1.2,5.6,3,0,1
612,7,0,2,0.0,5.6,5,0,1
613,7,0,2,9.8,15.4,4,0,1
614,7,0,2,26.4,41.8,4,0,2
615,7,0,2,10.5,52.3,4,0,1
616,7,0,2,4.5,56.8,3,0,1
617,7,0,2,26.0,82.8,4,0,2
618,7,0,2,0.0,82.8,5,0,1
619,7,0,2,1.3,84.1,3,0,1
620,7,0,2,11.4,95.5,4,0,1
621,7,0,2,8.8,104.3,4,0,1
622,7,0,2,40.7,145.0,2,0,0
623,7,0,2,25.8,170.8,4,0,2
624,7,0,2,3.0,173.8,3,0,1
625,7,0,2,30.3,204.1,4,0,2
626,7,0,2,58.0,262.1,2,0,0
627,7,0,2,22.8,284.9,4,0,2
628,7,0,2,14.1,299.0,4,0,1
629,7,0,2,19.8,318.8,4,0,2
630,7,0,2,31.9,350.7,4,0,2
631,7,0,2,0.0,350.7,5,0,1
632,7,0,2,18.8,369.5,4,0,2
633,7,0,2,32.0,401.5,4,0,2
634,7,0,2,7.7,409.2,4,0,1
635,7,0,2,31.4,440.6,4,0,2
636,7,0,2,59.6,500.2,2,0,0
637,7,0,2,66.8,567.0,6,1,0
638,7,0,2,1.9,568.9,3,0,1
639,7,0,2,18.0,18.0,4,0,2
640,7,0,2,2.3,20.3,3,0,1
641,7,0,2,0.5,20.8,3,0,1
642,7,0,2,3.8,24.6,3,0,1
643,7,0,2,26.5,51.1,4,0,2
644,7,0,2,0.8,51.9,3,0,1
645,7,0,2,8.3,60.2,4,0,1
646,7,0,2,2.7,62.9,3,0,1
647,7,0,2,3.2,66.1,3,0,1
648,7,0,2,11.5,77.6,4,0,1
649,7,0,2,15.8,93.4,4,0,2
650,7,0,2,6.6,100.0,3,0,1
651,7,0,2,17.3,117.3,4,0,2
652,7,0,2,3.8,121.1,3,0,1
653,7,0,2,0.0,121.1,5,0,1
654,7,0,2,16.1,137.2,4,0,2
655,7,0,2,3.8,141.0,3,0,1
656,7,0,2,7.5,148.5,4,0,1
657,7,0,2,0.0,148.5,5,0,1
658,7,0,2,0.1,148.6,3,0,1
659,7,0,2,0.0,148.6,5,0,1
660,7,0,2,0.8,149.4,3,0,1
661,7,0,2,17.5,166.9,4,0,2
662,7,0,2,3.2,170.1,3,0,1
663,7,0,2,17.3,187.4,4,0,2
664,7,0,2,5.5,192.9,3,0,1
665,7,0,2,3.0,195.9,3,0,1
666,7,0,2,9.4,205.3,4,0,1
667,7,0,2,0.0,205.3,5,0,1
668,7,0,2,13.0,218.3,4,0,1
669,7,0,2,2.5,220.8,3,0,1
670,7,0,2,3.2,3.2,3,0,1
671,7,0,2,0.0,3.2,5,0,1
672,7,0,2,0.0,3.2,5,0,1
673,7,0,2,0.0,3.2,5,0,1
674,7,0,2,0.0,3.2,5,0,1
675,7,0,2,28.8,32.0,4,0,2
676,7,0,2,0.0,32.0,5,0,1
677,7,0,2,0.0,32.0,5,0,1
678,7,0,2,6.3,38.3,3,0,1
679,7,0,2,0.0,38.3,5,0,1
680,7,0,2,0.0,38.3,5,0,1
681,7,0,2,13.7,52.0,4,0,1
682,7,0,2,0.0,52.0,5,0,1
683,7,0,2,0.0,52.0,5,0,1
684,7,0,2,5.7,57.7,3,0,1
685,7,0,2,2.2,59.9,3,0,1
686,7,0,2,0.0,59.9,5,0,1
687,7,0,2,0.0,59.9,5,0,1
688,7,0,2,0.0,59.9,5,0,1
689,7,0,2,6.3,66.2,3,0,1
690,7,0,2,0.0,66.2,5,0,1
691,7,0,2,0.0,66.2,5,0,1
692,7,0,2,16.1,82.3,4,0,2
693,7,0,2,0.0,82.3,5,0,1
694,7,0,2,0.0,82.3,5,0,1
695,7,0,2,7.9,90.2,4,0,1
696,7,0,2,9.6,99.8,4,0,1
697,7,0,2,0.0,99.8,5,0,1
698,7,0,2,0.0,99.8,5,0,1
699,7,0,2,3.3,103.1,3,0,1
700,7,0,2,0.0,0.0,5,0,1
701,7,0,2,0.0,0.0,5,0,1
702,7,0,2,0.0,0.0,5,0,1
703,7,0,2,0.0,0.0,5,0,1
704,7,0,2,0.0,0.0,5,0,1
705,7,0,2,0.0,0.0,5,0,1
706,7,0,2,0.0,0.0,5,0,1
707,7,0,2,0.0,0.0,5,0,1
708,7,0,2,0.0,0.0,5,0,1
709,7,0,2,0.0,0.0,5,0,1
710,7,0,2,0.0,0.0,5,0,1
711,7,0,2,31.3,31.3,4,0,2
712,7,0,2,0.9,32.2,3,0,1
713,7,0,2,0.0,32.2,5,0,1
714,7,0,2,0.0,32.2,5,0,1
715,7,0,2,0.0,32.2,5,0,1
716,7,0,2,0.0,32.2,5,0,1
717,7,0,2,0.0,32.2,5,0,1
718,7,0,2,0.0,32.2,5,0,1
719,7,0,2,0.0,32.2,5,0,1
720,7,0,2,0.0,32.2,5,0,1
721,7,0,2,0.0,32.2,5,0,1
722,7,0,2,0.0,32.2,5,0,1
723,7,0,2,0.0,32.2,5,0,1
724,7,0,2,0.0,32.2,5,0,1
725,7,0,2,9.5,41.7,4,0,1
726,7,0,2,0.0,41.7,5,0,1
727,7,0,2,0.0,41.7,5,0,1
728,7,0,2,0.0,41.7,5,0,1
729,7,0,2,0.0,41.7,5,0,1
730,7,0,2,0.0,41.7,5,0,1
731,7,0,0,0.0,0.0,5,0,1
732,7,0,0,0.0,0.0,5,0,1
733,7,0,0,0.0,0.0,5,0,1
734,7,0,0,0.0,0.0,5,0,1
735,7,0,0,0.0,0.0,5,0,1
736,7,0,0,0.0,0.0,5,0,1
737,7,0,0,0.0,0.0,5,0,1
738,7,0,0,0.0,0.0,5,0,1
739,7,0,0,0.0,0.0,5,0,1
740,7,0,0,0.0,0.0,5,0,1
741,7,0,0,0.0,0.0,5,0,1
742,7,0,0,0.0,0.0,5,0,1
743,7,0,0,0.0,0.0,5,0,1
744,7,0,0,0.0,0.0,5,0,1
745,7,0,0,0.0,0.0,5,0,1
746,7,0,0,0.0,0.0,5,0,1
747,7,0,0,0.0,0.0,5,0,1
748,7,0,0,0.0,0.0,5,0,1
749,7,0,0,0.0,0.0,5,0,1
750,7,0,0,0.0,0.0,5,0,1
751,7,0,0,0.0,0.0,5,0,1
752,7,0,0,0.0,0.0,5,0,1
753,7,0,0,0.0,0.0,5,0,1
754,7,0,0,0.0,0.0,5,0,1
755,7,0,0,0.0,0.0,5,0,1
756,7,0,0,0.0,0.0,5,0,1
757,7,0,0,0.0,0.0,5,0,1
758,7,0,0,0.0,0.0,5,0,1
759,7,0,0,0.0,0.0,5,0,1
760,7,0,0,0.0,0.0,5,0,1
761,7,0,0,0.0,0.0,5,0,1
762,7,0,0,0.0,0.0,5,0,1
763,7,0,0,0.0,0.0,5,0,1
764,7,0,0,0.0,0.0,5,0,1
765,7,0,0,0.0,0.0,5,0,1
766,7,0,0,0.0,0.0,5,0,1
767,7,0,0,0.0,0.0,5,0,1
768,7,0,0,0.0,0.0,5,0,1
769,7,0,0,0.0,0.0,5,0,1
770,7,0,0,0.0,0.0,5,0,1
771,7,0,0,0.0,0.0,5,0,1
772,7,0,0,0.0,0.0,5,0,1
773,7,0,0,0.0,0.0,5,0,1
774,7,0,0,0.0,0.0,5,0,1
775,7,0,0,0.0,0.0,5,0,1
776,7,0,0,2.8,2.8,3,0,1
777,7,0,0,0.0,2.8,5,0,1
778,7,0,0,0.0,2.8,5,0,1
779,7,0,0,0.0,2.8,5,0,1
780,7,0,0,0.0,2.8,5,0,1
781,7,0,0,0.0,2.8,5,0,1
782,7,0,0,0.0,2.8,5,0,1
783,7,0,0,0.0,2.8,5,0,1
784,7,0,0,0.0,2.8,5,0,1
785,7,0,0,0.0,2.8,5,0,1
786,7,0,0,0.0,2.8,5,0,1
787,7,0,0,0.0,2.8,5,0,1
788,7,0,0,5.3,8.1,3,0,1
789,7,0,0,0.0,8.1,5,0,1
790,7,0,0,0.0,0.0,5,0,1
791,7,0,0,0.0,0.0,5,0,1
792,7,0,0,0.0,0.0,5,0,1
793,7,0,0,0.0,0.0,5,0,1
794,7,0,0,0.0,0.0,5,0,1
795,7,0,0,0.0,0.0,5,0,1
796,7,0,0,2.6,2.6,3,0,1
797,7,0,0,0.0,2.6,5,0,1
798,7,0,0,0.0,2.6,5,0,1
799,7,0,0,0.0,2.6,5,0,1
800,7,0,0,0.0,2.6,5,0,1
801,7,0,0,0.0,2.6,5,0,1
802,7,0,0,1.1,3.7,3,0,1
803,7,0,0,0.0,3.7,5,0,1
804,7,0,0,0.0,3.7,5,0,1
805,7,0,0,0.0,3.7,5,0,1
806,7,0,0,0.0,3.7,5,0,1
807,7,0,0,0.0,3.7,5,0,1
808,7,0,0,0.0,3.7,5,0,1
809,7,0,0,0.0,3.7,5,0,1
810,7,0,0,0.0,3.7,5,0,1
811,7,0,0,0.0,3.7,5,0,1
812,7,0,0,0.0,3.7,5,0,1
813,7,0,0,0.0,3.7,5,0,1
814,7,0,0,0.0,3.7,5,0,1
815,7,0,0,0.0,3.7,5,0,1
816,7,0,0,0.0,3.7,5,0,1
817,7,0,0,0.0,3.7,5,0,1
818,7,0,0,0.0,3.7,5,0,1
819,7,0,0,0.0,3.7,5,0,1
820,7,0,0,0.0,3.7,5,0,1
821,7,0,0,0.0,0.0,5,0,1
822,7,0,0,0.0,0.0,5,0,1
823,7,0,0,0.0,0.0,5,0,1
824,7,0,0,0.0,0.0,5,0,1
825,7,0,0,0.0,0.0,5,0,1
826,7,0,0,0.0,0.0,5,0,1
827,7,0,0,0.0,0.0,5,0,1
828,7,0,0,0.0,0.0,5,0,1
829,7,0,0,0.0,0.0,5,0,1
830,7,0,0,0.0,0.0,5,0,1
831,7,0,0,0.0,0.0,5,0,1
832,7,0,0,0.0,0.0,5,0,1
833,7,0,0,0.0,0.0,5,0,1
834,7,0,0,0.0,0.0,5,0,1
835,7,0,0,0.0,0.0,5,0,1
836,7,0,0,0.0,0.0,5,0,1
837,7,0,0,0.0,0.0,5,0,1
838,7,0,0,0.0,0.0,5,0,1
839,7,0,0,0.0,0.0,5,0,1
840,7,0,0,0.0,0.0,5,0,1
841,7,0,0,0.0,0.0,5,0,1
842,7,0,0,0.0,0.0,5,0,1
843,7,0,0,0.0,0.0,5,0,1
844,7,0,0,0.6,0.6,3,0,1
845,7,0,0,0.0,0.6,5,0,1
846,7,0,0,0.0,0.6,5,0,1
847,7,0,0,0.0,0.6,5,0,1
848,7,0,0,0.0,0.6,5,0,1
849,7,0,0,0.0,0.6,5,0,1
850,7,0,0,0.0,0.6,5,0,1
851,7,0,0,0.0,0.0,5,0,1
852,7,0,0,0.0,0.0,5,0,1
853,7,0,0,0.0,0.0,5,0,1
854,7,0,0,0.0,0.0,5,0,1
855,7,0,0,0.0,0.0,5,0,1
856,7,0,0,0.0,0.0,5,0,1
857,7,0,0,0.0,0.0,5,0,1
858,7,0,0,0.0,0.0,5,0,1
859,7,0,0,0.0,0.0,5,0,1
860,7,0,0,0.0,0.0,5,0,1
861,7,0,0,0.0,0.0,5,0,1
862,7,0,0,0.0,0.0,5,0,1
863,7,0,0,0.0,0.0,5,0,1
864,7,0,0,0.0,0.0,5,0,1
865,7,0,0,0.0,0.0,5,0,1
866,7,0,0,0.0,0.0,5,0,1
867,7,0,0,1.3,1.3,3,0,1
868,7,0,0,0.0,1.3,5,0,1
869,7,0,0,0.0,1.3,5,0,1
870,7,0,0,0.0,1.3,5,0,1
871,7,0,0,0.0,1.3,5,0,1
872,7,0,0,0.0,1.3,5,0,1
873,7,0,0,0.0,1.3,5,0,1
874,7,0,0,0.0,1.3,5,0,1
875,7,0,0,2.0,3.3,3,0,1
876,7,0,0,0.0,3.3,5,0,1
877,7,0,0,0.0,3.3,5,0,1
878,7,0,0,0.0,3.3,5,0,1
879,7,0,0,0.0,3.3,5,0,1
880,7,0,0,0.0,3.3,5,0,1
881,7,0,0,0.0,3.3,5,0,1
882,7,0,0,0.0,0.0,5,0,1
883,7,0,0,0.0,0.0,5,0,1
884,7,0,0,3.3,3.3,3,0,1
885,7,0,0,1.7,5.0,3,0,1
886,7,0,0,0.0,5.0,5,0,1
887,7,0,0,0.0,5.0,5,0,1
888,7,0,0,0.0,5.0,5,0,1
889,7,0,0,0.0,5.0,5,0,1
890,7,0,0,0.6,5.6,3,0,1
891,7,0,0,0.0,5.6,5,0,1
892,7,0,0,0.0,5.6,5,0,1
893,7,0,0,0.0,5.6,5,0,1
894,7,0,0,0.0,5.6,5,0,1
895,7,0,0,0.0,5.6,5,0,1
896,7,0,0,0.0,5.6,5,0,1
897,7,0,0,2.2,7.8,3,0,1
898,7,0,0,0.0,7.8,5,0,1
899,7,0,0,0.0,7.8,5,0,1
900,7,0,0,0.0,7.8,5,0,1
901,7,0,0,23.9,31.7,4,0,2
902,7,0,0,0.0,31.7,5,0,1
903,7,0,0,0.0,31.7,5,0,1
904,7,0,0,0.0,31.7,5,0,1
905,7,0,0,0.0,31.7,5,0,1
906,7,0,0,1.2,32.9,3,0,1
907,7,0,0,0.0,32.9,5,0,1
908,7,0,0,0.0,32.9,5,0,1
909,7,0,0,0.0,32.9,5,0,1
910,7,0,0,6.0,38.9,3,0,1
911,7,0,0,19.7,58.6,4,0,2
912,7,0,0,0.0,0.0,5,0,1
913,7,0,0,0.0,0.0,5,0,1
914,7,0,0,0.0,0.0,5,0,1
915,7,0,0,0.0,0.0,5,0,1
916,7,0,0,11.9,11.9,4,0,1
917,7,0,0,0.3,12.2,3,0,1
918,7,0,0,0.0,12.2,5,0,1
919,7,0,0,0.0,12.2,5,0,1
920,7,0,0,0.0,12.2,5,0,1
921,7,0,0,5.6,17.8,3,0,1
922,7,0,0,0.0,17.8,5,0,1
923,7,0,0,0.0,17.8,5,0,1
924,7,0,0,0.0,17.8,5,0,1
925,7,0,0,13.0,30.8,4,0,1
926,7,0,0,0.0,30.8,5,0,1
927,7,0,0,4.6,35.4,3,0,1
928,7,0,0,0.0,35.4,5,0,1
929,7,0,0,9.6,45.0,4,0,1
930,7,0,0,0.0,45.0,5,0,1
931,7,0,0,0.0,45.0,5,0,1
932,7,0,0,0.0,45.0,5,0,1
933,7,0,0,9.4,54.4,4,0,1
934,7,0,0,0.0,54.4,5,0,1
935,7,0,0,5.7,60.1,3,0,1
936,7,0,0,13.0,73.1,4,0,1
937,7,0,0,0.0,73.1,5,0,1
938,7,0,0,0.0,73.1,5,0,1
939,7,0,0,0.0,73.1,5,0,1
940,7,0,0,0.0,73.1,5,0,1
941,7,0,0,0.2,73.3,3,0,1
942,7,0,0,14.8,88.1,4,0,1
943,7,0,0,10.9,10.9,4,0,1
944,7,0,0,0.8,11.7,3,0,1
945,7,0,0,0.0,11.7,5,0,1
946,7,0,0,0.0,11.7,5,0,1
947,7,0,0,0.0,11.7,5,0,1
948,7,0,0,0.0,11.7,5,0,1
949,7,0,0,0.0,11.7,5,0,1
950,7,0,0,21.4,33.1,4,0,2
951,7,0,0,0.0,33.1,5,0,1
952,7,0,0,0.6,33.7,3,0,1
953,7,0,0,0.0,33.7,5,0,1
954,7,0,0,0.0,33.7,5,0,1
955,7,0,0,0.0,33.7,5,0,1
956,7,0,0,0.0,33.7,5,0,1
957,7,0,0,0.0,33.7,5,0,1
958,7,0,0,0.0,33.7,5,0,1
959,7,0,0,0.0,33.7,5,0,1
960,7,0,0,0.0,33.7,5,0,1
961,7,0,0,22.4,56.1,4,0,2
962,7,0,0,0.0,56.1,5,0,1
963,7,0,0,0.0,56.1,5,0,1
964,7,0,0,0.0,56.1,5,0,1
965,7,0,0,0.0,56.1,5,0,1
966,7,0,0,0.0,56.1,5,0,1
967,7,0,0,6.9,63.0,3,0,1
968,7,0,0,0.4,63.4,3,0,1
969,7,0,0,6.8,70.2,3,0,1
970,7,0,0,4.8,75.0,3,0,1
971,7,0,0,0.0,75.0,5,0,1
972,7,0,0,118.8,193.8,1,2,0
973,7,0,0,37.0,230.8,2,0,0
974,7,0,0,0.0,0.0,5,0,1
975,7,0,0,7.2,7.2,3,0,1
976,7,0,0,4.4,11.6,3,0,1
977,7,0,0,0.0,11.6,5,0,1
978,7,0,0,0.0,11.6,5,0,1
979,7,0,0,0.0,11.6,5,0,1
980,7,0,0,0.0,11.6,5,0,1
981,7,0,0,0.0,11.6,5,0,1
982,7,0,0,0.0,11.6,5,0,1
983,7,0,0,0.0,11.6,5,0,1
984,7,0,0,0.0,11.6,5,0,1
985,7,0,0,4.0,15.6,3,0,1
986,7,0,0,0.0,15.6,5,0,1
987,7,0,0,11.3,26.9,4,0,1
988,7,0,0,0.0,26.9,5,0,1
989,7,0,0,0.0,26.9,5,0,1
990,7,0,0,5.4,32.3,3,0,1
991,7,0,0,6.1,38.4,3,0,1
992,7,0,0,1.7,40.1,3,0,1
993,7,0,0,11.2,51.3,4,0,1
994,7,0,0,0.0,51.3,5,0,1
995,7,0,0,5.2,56.5,3,0,1
996,7,0,0,0.0,56.5,5,0,1
997,7,0,0,0.0,56.5,5,0,1
998,7,0,0,5.4,61.9,3,0,1
999,7,0,0,0.0,61.9,5,0,1
1000,7,0,0,0.0,61.9,5,0,1
1001,7,0,0,0.0,61.9,5,0,1
1002,7,0,0,28.0,89.9,4,0,2
1003,7,0,0,0.0,89.9,5,0,1
1004,7,0,0,0.0,0.0,5,0,1
1005,7,0,0,1.3,1.3,3,0,1
1006,7,0,0,0.0,1.3,5,0,1
1007,7,0,0,0.3,1.6,3,0,1
1008,7,0,0,0.0,1.6,5,0,1
1009,7,0,0,0.0,1.6,5,0,1
1010,7,0,0,2.4,4.0,3,0,1
1011,7,0,0,2.8,6.8,3,0,1
1012,7,0,0,0.0,6.8,5,0,1
1013,7,0,0,0.0,6.8,5,0,1
1014,7,0,0,0.0,6.8,5,0,1
1015,7,0,0,0.0,6.8,5,0,1
1016,7,0,0,0.4,7.2,3,0,1
1017,7,0,0,0.0,7.2,5,0,1
1018,7,0,0,0.0,7.2,5,0,1
1019,7,0,0,0.0,7.2,5,0,1
1020,7,0,0,0.0,7.2,5,0,1
1021,7,0,0,0.0,7.2,5,0,1
1022,7,0,0,0.5,7.7,3,0,1
1023,7,0,0,0.0,7.7,5,0,1
1024,7,0,0,0.0,7.7,5,0,1
1025,7,0,0,0.0,7.7,5,0,1
1026,7,0,0,0.0,7.7,5,0,1
1027,7,0,0,14.0,21.7,4,0,1
1028,7,0,0,3.3,25.0,3,0,1
1029,7,0,0,1.7,26.7,3,0,1
1030,7,0,0,0.0,26.7,5,0,1
1031,7,0,0,8.1,34.8,4,0,1
1032,7,0,0,0.7,35.5,3,0,1
1033,7,0,0,2.8,38.3,3,0,1
1034,7,0,0,5.8,44.1,3,0,1
1035,7,0,0,0.0,0.0,5,0,1
1036,7,0,0,17.3,17.3,4,0,2
1037,7,0,0,0.0,17.3,5,0,1
1038,7,0,0,0.0,17.3,5,0,1
1039,7,0,0,0.0,17.3,5,0,1
1040,7,0,0,0.0,17.3,5,0,1
1041,7,0,0,0.0,17.3,5,0,1
1042,7,0,0,0.0,17.3,5,0,1
1043,7,0,0,0.0,17.3,5,0,1
1044,7,0,0,0.0,17.3,5,0,1
1045,7,0,0,0.0,17.3,5,0,1
1046,7,0,0,0.0,17.3,5,0,1
1047,7,0,0,0.0,17.3,5,0,1
1048,7,0,0,0.0,17.3,5,0,1
1049,7,0,0,0.0,17.3,5,0,1
1050,7,0,0,0.0,17.3,5,0,1
1051,7,0,0,0.0,17.3,5,0,1
1052,7,0,0,0.0,17.3,5,0,1
1053,7,0,0,0.0,17.3,5,0,1
1054,7,0,0,0.1,17.4,3,0,1
1055,7,0,0,0.0,17.4,5,0,1
1056,7,0,0,0.0,17.4,5,0,1
1057,7,0,0,3.8,21.2,3,0,1
1058,7,0,0,0.0,21.2,5,0,1
1059,7,0,0,0.0,21.2,5,0,1
1060,7,0,0,0.0,21.2,5,0,1
1061,7,0,0,2.1,23.3,3,0,1
1062,7,0,0,0.0,23.3,5,0,1
1063,7,0,0,0.0,23.3,5,0,1
1064,7,0,0,0.0,23.3,5,0,1
1065,7,0,0,0.0,0.0,5,0,1
1066,7,0,0,3.4,3.4,3,0,1
1067,7,0,0,0.0,3.4,5,0,1
1068,7,0,0,0.0,3.4,5,0,1
1069,7,0,0,0.0,3.4,5,0,1
1070,7,0,0,0.0,3.4,5,0,1
1071,7,0,0,0.9,4.3,3,0,1
1072,7,0,0,0.0,4.3,5,0,1
1073,7,0,0,0.0,4.3,5,0,1
1074,7,0,0,0.0,4.3,5,0,1
1075,7,0,0,0.0,4.3,5,0,1
1076,7,0,0,0.0,4.3,5,0,1
1077,7,0,0,0.0,4.3,5,0,1
1078,7,0,0,0.0,4.3,5,0,1
1079,7,0,0,0.0,4.3,5,0,1
1080,7,0,0,0.0,4.3,5,0,1
1081,7,0,0,3.9,8.2,3,0,1
1082,7,0,0,0.0,8.2,5,0,1
1083,7,0,0,0.0,8.2,5,0,1
1084,7,0,0,0.0,8.2,5,0,1
1085,7,0,0,0.0,8.2,5,0,1
1086,7,0,0,0.0,8.2,5,0,1
1087,7,0,0,0.0,8.2,5,0,1
1088,7,0,0,0.0,8.2,5,0,1
1089,7,0,0,0.0,8.2,5,0,1
1090,7,0,0,3.5,11.7,3,0,1
1091,7,0,0,0.0,11.7,5,0,1
1092,7,0,0,0.0,11.7,5,0,1
1093,7,0,0,0.0,11.7,5,0,1
1094,7,0,0,0.0,11.7,5,0,1
1095,7,0,0,0.0,11.7,5,0,1
1096,7,0,3,0.0,0.0,5,0,1
1097,7,0,3,4.6,4.6,3,0,1
1098,7,0,3,0.0,4.6,5,0,1
1099,7,0,3,0.0,4.6,5,0,1
1100,7,0,3,0.0,4.6,5,0,1
1101,7,0,3,0.0,4.6,5,0,1
1102,7,0,3,0.0,4.6,5,0,1
1103,7,0,3,0.0,4.6,5,0,1
1104,7,0,3,0.0,4.6,5,0,1
1105,7,0,3,0.0,4.6,5,0,1
1106,7,0,3,3.0,7.6,3,0,1
1107,7,0,3,0.0,7.6,5,0,1
1108,7,0,3,0.0,7.6,5,0,1
1109,7,0,3,0.0,7.6,5,0,1
1110,7,0,3,0.0,7.6,5,0,1
1111,7,0,3,0.0,7.6,5,0,1
1112,7,0,3,0.0,7.6,5,0,1
1113,7,0,3,0.0,7.6,5,0,1
1114,7,0,3,0.0,7.6,5,0,1
1115,7,0,3,0.0,7.6,5,0,1
1116,7,0,3,0.0,7.6,5,0,1
1117,7,0,3,0.0,7.6,5,0,1
1118,7,0,3,0.0,7.6,5,0,1
1119,7,0,3,2.1,9.7,3,0,1
1120,7,0,3,0.0,9.7,5,0,1
1121,7,0,3,0.0,9.7,5,0,1
1122,7,0,3,0.0,9.7,5,0,1
1123,7,0,3,0.0,9.7,5,0,1
1124,7,0,3,0.0,9.7,5,0,1
1125,7,0,3,0.0,9.7,5,0,1
1126,7,0,3,0.0,9.7,5,0,1
1127,7,0,3,0.0,0.0,5,0,1
1128,7,0,3,0.0,0.0,5,0,1
1129,7,0,3,0.0,0.0,5,0,1
1130,7,0,3,0.0,0.0,5,0,1
1131,7,0,3,0.0,0.0,5,0,1
1132,7,0,3,0.0,0.0,5,0,1
1133,7,0,3,0.0,0.0,5,0,1
1134,7,0,3,0.0,0.0,5,0,1
1135,7,0,3,0.0,0.0,5,0,1
1136,7,0,3,0.0,0.0,5,0,1
1137,7,0,3,0.0,0.0,5,0,1
1138,7,0,3,0.0,0.0,5,0,1
1139,7,0,3,0.0,0.0,5,0,1
1140,7,0,3,0.0,0.0,5,0,1
1141,7,0,3,0.0,0.0,5,0,1
1142,7,0,3,0.0,0.0,5,0,1
1143,7,0,3,0.0,0.0,5,0,1
1144,7,0,3,0.0,0.0,5,0,1
1145,7,0,3,0.0,0.0,5,0,1
1146,7,0,3,10.6,10.6,4,0,1
1147,7,0,3,0.0,10.6,5,0,1
1148,7,0,3,0.0,10.6,5,0,1
1149,7,0,3,0.0,10.6,5,0,1
1150,7,0,3,0.0,10.6,5,0,1
1151,7,0,3,0.0,10.6,5,0,1
1152,7,0,3,0.0,10.6,5,0,1
1153,7,0,3,0.0,10.6,5,0,1
1154,7,0,3,2.2,12.8,3,0,1
1155,7,0,3,0.0,0.0,5,0,1
1156,7,0,3,0.0,0.0,5,0,1
1157,7,0,3,0.0,0.0,5,0,1
1158,7,0,3,0.0,0.0,5,0,1
1159,7,0,3,0.0,0.0,5,0,1
1160,7,0,3,0.0,0.0,5,0,1
1161,7,0,3,0.0,0.0,5,0,1
1162,7,0,3,4.6,4.6,3,0,1
1163,7,0,3,0.0,4.6,5,0,1
1164,7,0,3,9.9,14.5,4,0,1
1165,7,0,3,5.4,19.9,3,0,1
1166,7,0,3,0.0,19.9,5,0,1
1167,7,0,3,0.0,19.9,5,0,1
1168,7,0,3,0.0,19.9,5,0,1
1169,7,0,3,0.0,19.9,5,0,1
1170,7,0,3,0.0,19.9,5,0,1
1171,7,0,3,0.0,19.9,5,0,1
1172,7,0,3,0.0,19.9,5,0,1
1173,7,0,3,4.4,24.3,3,0,1
1174,7,0,3,0.0,24.3,5,0,1
1175,7,0,3,0.0,24.3,5,0,1
1176,7,0,3,0.0,24.3,5,0,1
1177,7,0,3,0.0,24.3,5,0,1
1178,7,0,3,0.0,24.3,5,0,1
1179,7,0,3,0.0,24.3,5,0,1
1180,7,0,3,0.0,24.3,5,0,1
1181,7,0,3,3.0,27.3,3,0,1
1182,7,0,3,0.0,27.3,5,0,1
1183,7,0,3,0.2,27.5,3,0,1
1184,7,0,3,0.0,27.5,5,0,1
1185,7,0,3,0.0,27.5,5,0,1
1186,7,0,3,0.0,0.0,5,0,1
1187,7,0,3,12.1,12.1,4,0,1
1188,7,0,3,0.0,12.1,5,0,1
1189,7,0,3,0.0,12.1,5,0,1
1190,7,0,3,0.0,12.1,5,0,1
1191,7,0,3,0.0,12.1,5,0,1
1192,7,0,3,0.0,12.1,5,0,1
1193,7,0,3,0.0,12.1,5,0,1
1194,7,0,3,0.0,12.1,5,0,1
1195,7,0,3,0.0,12.1,5,0,1
1196,7,0,3,0.0,12.1,5,0,1
1197,7,0,3,0.0,12.1,5,0,1
1198,7,0,3,1.5,13.6,3,0,1
1199,7,0,3,0.0,13.6,5,0,1
1200,7,0,3,0.0,13.6,5,0,1
1201,7,0,3,0.0,13.6,5,0,1
1202,7,0,3,0.0,13.6,5,0,1
1203,7,0,3,0.0,13.6,5,0,1
1204,7,0,3,0.0,13.6,5,0,1
1205,7,0,3,13.3,26.9,4,0,1
1206,7,0,3,0.0,26.9,5,0,1
1207,7,0,3,20.9,47.8,4,0,2
1208,7,0,3,0.0,47.8,5,0,1
1209,7,0,3,0.0,47.8,5,0,1
1210,7,0,3,0.0,47.8,5,0,1
1211,7,0,3,0.0,47.8,5,0,1
1212,7,0,3,0.0,47.8,5,0,1
1213,7,0,3,0.0,47.8,5,0,1
1214,7,0,3,0.0,47.8,5,0,1
1215,7,0,3,0.0,47.8,5,0,1
1216,7,0,3,4.3,4.3,3,0,1
1217,7,0,3,0.0,4.3,5,0,1
1218,7,0,3,2.3,6.6,3,0,1
1219,7,0,3,4.1,10.7,3,0,1
1220,7,0,3,0.0,10.7,5,0,1
1221,7,0,3,0.0,10.7,5,0,1
1222,7,0,3,0.0,10.7,5,0,1
1223,7,0,3,0.0,10.7,5,0,1
1224,7,0,3,0.0,10.7,5,0,1
1225,7,0,3,0.0,10.7,5,0,1
1226,7,0,3,4.9,15.6,3,0,1
1227,7,0,3,0.0,15.6,5,0,1
1228,7,0,3,0.0,15.6,5,0,1
1229,7,0,3,0.0,15.6,5,0,1
1230,7,0,3,0.0,15.6,5,0,1
1231,7,0,3,0.0,15.6,5,0,1
1232,7,0,3,0.0,15.6,5,0,1
1233,7,0,3,5.1,20.7,3,0,1
1234,7,0,3,1.7,22.4,3,0,1
1235,7,0,3,0.0,22.4,5,0,1
1236,7,0,3,0.0,22.4,5,0,1
1237,7,0,3,0.0,22.4,5,0,1
1238,7,0,3,4.0,26.4,3,0,1
1239,7,0,3,0.0,26.4,5,0,1
1240,7,0,3,13.6,40.0,4,0,1
1241,7,0,3,0.0,40.0,5,0,1
1242,7,0,3,0.0,40.0,5,0,1
1243,7,0,3,4.8,44.8,3,0,1
1244,7,0,3,0.0,44.8,5,0,1
1245,7,0,3,0.0,44.8,5,0,1
1246,7,0,3,0.0,44.8,5,0,1
1247,7,0,3,22.7,22.7,4,0,2
1248,7,0,3,0.4,23.1,3,0,1
1249,7,0,3,13.7,36.8,4,0,1
1250,7,0,3,39.2,76.0,2,0,0
1251,7,0,3,109.3,185.3,6,1,0
1252,7,0,3,0.0,185.3,5,0,1
1253,7,0,3,12.2,197.5,4,0,1
1254,7,0,3,31.9,229.4,4,0,2
1255,7,0,3,27.4,256.8,4,0,2
1256,7,0,3,32.0,288.8,4,0,2
1257,7,0,3,1.5,290.3,3,0,1
1258,7,0,3,68.9,359.2,6,1,0
1259,7,0,3,35.2,394.4,4,0,0
1260,7,0,3,5.7,400.1,3,0,1
1261,7,0,3,0.0,400.1,5,0,1
1262,7,0,3,3.1,403.2,3,0,1
1263,7,0,3,76.5,479.7,6,1,0
1264,7,0,3,13.5,493.2,4,0,1
1265,7,0,3,4.5,497.7,3,0,1
1266,7,0,3,10.7,508.4,4,0,1
1267,7,0,3,51.6,560.0,2,0,0
1268,7,0,3,38.4,598.4,2,0,0
1269,7,0,3,12.6,611.0,4,0,1
1270,7,0,3,0.5,611.5,3,0,1
1271,7,0,3,31.7,643.2,4,0,2
1272,7,0,3,1.2,644.4,3,0,1
1273,7,0,3,3.5,647.9,3,0,1
1274,7,0,3,20.2,668.1,4,0,2
1275,7,0,3,14.4,682.5,4,0,1
1276,7,0,3,0.0,682.5,5,0,1
1277,7,0,3,0.5,0.5,3,0,1
1278,7,0,3,0.6,1.1,3,0,1
1279,7,0,3,19.4,20.5,4,0,2
1280,7,0,3,18.6,39.1,4,0,2
1281,7,0,3,14.0,53.1,4,0,1
1282,7,0,3,0.8,53.9,3,0,1
1283,7,0,3,9.1,63.0,4,0,1
1284,7,0,3,37.3,100.3,2,0,0
1285,7,0,3,49.4,149.7,2,0,0
1286,7,0,3,0.0,149.7,5,0,1
1287,7,0,3,11.7,161.4,4,0,1
1288,7,0,3,16.3,177.7,4,0,2
1289,7,0,3,17.3,195.0,4,0,2
1290,7,0,3,46.7,241.7,2,0,0
1291,7,0,3,0.9,242.6,3,0,1
1292,7,0,3,0.0,242.6,5,0,1
1293,7,0,3,0.5,243.1,3,0,1
1294,7,0,3,0.0,243.1,5,0,1
1295,7,0,3,7.1,250.2,3,0,1
1296,7,0,3,1.1,251.3,3,0,1
1297,7,0,3,15.8,267.1,4,0,2
1298,7,0,3,9.4,276.5,4,0,1
1299,7,0,3,0.0,276.5,5,0,1
1300,7,0,3,4.4,280.9,3,0,1
1301,7,0,3,15.3,296.2,4,0,2
1302,7,0,3,0.3,296.5,3,0,1
1303,7,0,3,2.4,298.9,3,0,1
1304,7,0,3,35.4,334.3,4,0,0
1305,7,0,3,8.4,342.7,4,0,1
1306,7,0,3,1.7,344.4,3,0,1
1307,7,0,3,14.8,359.2,4,0,1
1308,7,0,3,25.6,25.6,4,0,2
1309,7,0,3,0.1,25.7,3,0,1
1310,7,0,3,0.5,26.2,3,0,1
1311,7,0,3,16.3,42.5,4,0,2
1312,7,0,3,1.2,43.7,3,0,1
1313,7,0,3,0.0,43.7,5,0,1
1314,7,0,3,1.1,44.8,3,0,1
1315,7,0,3,29.1,73.9,4,0,2
1316,7,0,3,34.5,108.4,4,0,2
1317,7,0,3,22.0,130.4,4,0,2
1318,7,0,3,6.5,136.9,3,0,1
1319,7,0,3,45.0,181.9,2,0,0
1320,7,0,3,3.0,184.9,3,0,1
1321,7,0,3,13.8,198.7,4,0,1
1322,7,0,3,18.7,217.4,4,0,2
1323,7,0,3,2.0,219.4,3,0,1
1324,7,0,3,5.6,225.0,3,0,1
1325,7,0,3,9.1,234.1,4,0,1
1326,7,0,3,15.9,250.0,4,0,2
1327,7,0,3,14.6,264.6,4,0,1
1328,7,0,3,1.6,266.2,3,0,1
1329,7,0,3,94.8,361.0,6,1,0
1330,7,0,3,15.8,376.8,4,0,2
1331,7,0,3,9.0,385.8,4,0,1
1332,7,0,3,16.8,402.6,4,0,2
1333,7,0,3,161.9,564.5,1,2,0
1334,7,0,3,0.0,564.5,5,0,1
1335,7,0,3,6.0,570.5,3,0,1
1336,7,0,3,15.5,586.0,4,0,2
1337,7,0,3,11.0,597.0,4,0,1
1338,7,0,3,12.9,609.9,4,0,1
1339,7,0,3,41.1,41.1,2,0,0
1340,7,0,3,23.1,64.2,4,0,2
1341,7,0,3,0.0,64.2,5,0,1
1342,7,0,3,5.8,70.0,3,0,1
1343,7,0,3,15.0,85.0,4,0,1
1344,7,0,3,0.9,85.9,3,0,1
1345,7,0,3,5.7,91.6,3,0,1
1346,7,0,3,2.3,93.9,3,0,1
1347,7,0,3,15.0,108.9,4,0,1
1348,7,0,3,15.8,124.7,4,0,2
1349,7,0,3,21.2,145.9,4,0,2
1350,7,0,3,16.4,162.3,4,0,2
1351,7,0,3,26.3,188.6,4,0,2
1352,7,0,3,27.6,216.2,4,0,2
1353,7,0,3,0.9,217.1,3,0,1
1354,7,0,3,4.6,221.7,3,0,1
1355,7,0,3,3.7,225.4,3,0,1
1356,7,0,3,2.7,228.1,3,0,1
1357,7,0,3,66.6,294.7,6,1,0
1358,7,0,3,0.0,294.7,5,0,1
1359,7,0,3,28.6,323.3,4,0,2
1360,7,0,3,1.2,324.5,3,0,1
1361,7,0,3,29.0,353.5,4,0,2
1362,7,0,3,32.0,385.5,4,0,2
1363,7,0,3,24.4,409.9,4,0,2
1364,7,0,3,46.8,456.7,2,0,0
1365,7,0,3,24.7,481.4,4,0,2
1366,7,0,3,22.6,504.0,4,0,2
1367,7,0,3,3.4,507.4,3,0,1
1368,7,0,3,4.2,511.6,3,0,1
1369,7,0,3,1.4,1.4,3,0,1
1370,7,0,3,8.4,9.8,4,0,1
1371,7,0,3,0.0,9.8,5,0,1
1372,7,0,3,0.0,9.8,5,0,1
1373,7,0,3,0.0,9.8,5,0,1
1374,7,0,3,10.5,20.3,4,0,1
1375,7,0,3,1.6,21.9,3,0,1
1376,7,0,3,2.4,24.3,3,0,1
1377,7,0,3,6.0,30.3,3,0,1
1378,7,0,3,4.9,35.2,3,0,1
1379,7,0,3,24.3,59.5,4,0,2
1380,7,0,3,0.0,59.5,5,0,1
1381,7,0,3,8.1,67.6,4,0,1
1382,7,0,3,0.0,67.6,5,0,1
1383,7,0,3,0.0,67.6,5,0,1
1384,7,0,3,0.0,67.6,5,0,1
1385,7,0,3,3.4,71.0,3,0,1
1386,7,0,3,7.7,78.7,4,0,1
1387,7,0,3,6.4,85.1,3,0,1
1388,7,0,3,1.4,86.5,3,0,1
1389,7,0,3,11.3,97.8,4,0,1
1390,7,0,3,8.8,106.6,4,0,1
1391,7,0,3,0.0,106.6,5,0,1
1392,7,0,3,1.6,108.2,3,0,1
1393,7,0,3,8.6,116.8,4,0,1
1394,7,0,3,0.0,116.8,5,0,1
1395,7,0,3,1.0,117.8,3,0,1
1396,7,0,3,3.2,121.0,3,0,1
1397,7,0,3,0.0,121.0,5,0,1
1398,7,0,3,5.7,126.7,3,0,1
1399,7,0,3,22.4,149.1,4,0,2
1400,7,0,3,0.0,0.0,5,0,1
1401,7,0,3,0.0,0.0,5,0,1
1402,7,0,3,0.0,0.0,5,0,1
1403,7,0,3,0.0,0.0,5,0,1
1404,7,0,3,0.0,0.0,5,0,1
1405,7,0,3,0.0,0.0,5,0,1
1406,7,0,3,0.0,0.0,5,0,1
1407,7,0,3,0.0,0.0,5,0,1
1408,7,0,3,0.0,0.0,5,0,1
1409,7,0,3,0.0,0.0,5,0,1
1410,7,0,3,0.0,0.0,5,0,1
1411,7,0,3,0.0,0.0,5,0,1
1412,7,0,3,0.0,0.0,5,0,1
1413,7,0,3,0.1,0.1,3,0,1
1414,7,0,3,0.5,0.6,3,0,1
1415,7,0,3,13.1,13.7,4,0,1
1416,7,0,3,0.0,13.7,5,0,1
1417,7,0,3,2.7,16.4,3,0,1
1418,7,0,3,4.3,20.7,3,0,1
1419,7,0,3,22.5,43.2,4,0,2
1420,7,0,3,0.0,43.2,5,0,1
1421,7,0,3,0.0,43.2,5,0,1
1422,7,0,3,0.0,43.2,5,0,1
1423,7,0,3,9.8,53.0,4,0,1
1424,7,0,3,0.0,53.0,5,0,1
1425,7,0,3,1.2,54.2,3,0,1
1426,7,0,3,0.0,54.2,5,0,1
1427,7,0,3,0.0,54.2,5,0,1
1428,7,0,3,0.0,54.2,5,0,1
1429,7,0,3,0.0,54.2,5,0,1
1430,7,0,3,0.0,0.0,5,0,1
1431,7,0,3,0.0,0.0,5,0,1
1432,7,0,3,0.0,0.0,5,0,1
1433,7,0,3,0.0,0.0,5,0,1
1434,7,0,3,0.0,0.0,5,0,1
1435,7,0,3,0.0,0.0,5,0,1
1436,7,0,3,0.0,0.0,5,0,1
1437,7,0,3,0.0,0.0,5,0,1
1438,7,0,3,0.0,0.0,5,0,1
1439,7,0,3,0.0,0.0,5,0,1
1440,7,0,3,0.0,0.0,5,0,1
1441,7,0,3,0.0,0.0,5,0,1
1442,7,0,3,0.0,0.0,5,0,1
1443,7,0,3,0.0,0.0,5,0,1
1444,7,0,3,0.0,0.0,5,0,1
1445,7,0,3,0.2,0.2,3,0,1
1446,7,0,3,0.0,0.2,5,0,1
1447,7,0,3,0.0,0.2,5,0,1
1448,7,0,3,10.8,11.0,4,0,1
1449,7,0,3,0.0,11.0,5,0,1
1450,7,0,3,0.0,11.0,5,0,1
1451,7,0,3,0.0,11.0,5,0,1
1452,7,0,3,0.0,11.0,5,0,1
1453,7,0,3,0.0,11.0,5,0,1
1454,7,0,3,0.0,11.0,5,0,1
1455,7,0,3,0.0,11.0,5,0,1
1456,7,0,3,0.0,11.0,5,0,1
1457,7,0,3,0.0,11.0,5,0,1
1458,7,0,3,0.0,11.0,5,0,1
1459,7,0,3,0.0,11.0,5,0,1
1460,7,0,3,0.0,11.0,5,0,1
1461,7,0,1,0.0,0.0,5,0,1
1462,7,0,1,0.0,0.0,5,0,1
1463,7,0,1,0.0,0.0,5,0,1
1464,7,0,1,0.0,0.0,5,0,1
1465,7,0,1,0.0,0.0,5,0,1
1466,7,0,1,0.0,0.0,5,0,1
1467,7,0,1,0.0,0.0,5,0,1
1468,7,0,1,0.0,0.0,5,0,1
1469,7,0,1,0.0,0.0,5,0,1
1470,7,0,1,0.0,0.0,5,0,1
1471,7,0,1,0.0,0.0,5,0,1
1472,7,0,1,0.0,0.0,5,0,1
1473,7,0,1,0.0,0.0,5,0,1
1474,7,0,1,26.4,26.4,4,0,2
1475,7,0,1,0.0,26.4,5,0,1
1476,7,0,1,0.0,26.4,5,0,1
1477,7,0,1,0.0,26.4,5,0,1
1478,7,0,1,0.0,26.4,5,0,1
1479,7,0,1,0.0,26.4,5,0,1
1480,7,0,1,0.0,26.4,5,0,1
1481,7,0,1,0.0,26.4,5,0,1
1482,7,0,1,0.0,26.4,5,0,1
1483,7,0,1,0.0,26.4,5,0,1
1484,7,0,1,0.0,26.4,5,0,1
1485,7,0,1,0.0,26.4,5,0,1
1486,7,0,1,0.0,26.4,5,0,1
1487,7,0,1,0.0,26.4,5,0,1
1488,7,0,1,0.0,26.4,5,0,1
1489,7,0,1,0.0,26.4,5,0,1
1490,7,0,1,0.0,26.4,5,0,1
1491,7,0,1,0.0,26.4,5,0,1
1492,7,0,1,0.0,0.0,5,0,1
1493,7,0,1,0.0,0.0,5,0,1
1494,7,0,1,0.0,0.0,5,0,1
1495,7,0,1,0.0,0.0,5,0,1
1496,7,0,1,0.0,0.0,5,0,1
1497,7,0,1,0.0,0.0,5,0,1
1498,7,0,1,0.0,0.0,5,0,1
1499,7,0,1,25.9,25.9,4,0,2
1500,7,0,1,18.1,44.0,4,0,2
1501,7,0,1,0.0,44.0,5,0,1
1502,7,0,1,0.0,44.0,5,0,1
1503,7,0,1,0.0,44.0,5,0,1
1504,7,0,1,24.0,68.0,4,0,2
1505,7,0,1,0.0,68.0,5,0,1
1506,7,0,1,0.0,68.0,5,0,1
1507,7,0,1,0.0,68.0,5,0,1
1508,7,0,1,0.0,68.0,5,0,1
1509,7,0,1,0.0,68.0,5,0,1
1510,7,0,1,1.1,69.1,3,0,1
1511,7,0,1,0.0,69.1,5,0,1
1512,7,0,1,0.0,69.1,5,0,1
1513,7,0,1,0.1,69.2,3,0,1
1514,7,0,1,0.0,69.2,5,0,1
1515,7,0,1,0.0,69.2,5,0,1
1516,7,0,1,0.0,69.2,5,0,1
1517,7,0,1,0.0,69.2,5,0,1
1518,7,0,1,0.0,69.2,5,0,1
1519,7,0,1,0.0,69.2,5,0,1
1520,7,0,1,0.0,69.2,5,0,1
1521,7,0,1,2.7,2.7,3,0,1
1522,7,0,1,0.0,2.7,5,0,1
1523,7,0,1,0.0,2.7,5,0,1
1524,7,0,1,3.8,6.5,3,0,1
1525,7,0,1,0.0,6.5,5,0,1
1526,7,0,1,0.0,6.5,5,0,1
1527,7,0,1,6.0,12.5,3,0,1
1528,7,0,1,0.0,12.5,5,0,1
1529,7,0,1,0.0,12.5,5,0,1
1530,7,0,1,0.0,12.5,5,0,1
1531,7,0,1,0.0,12.5,5,0,1
1532,7,0,1,0.0,12.5,5,0,1
1533,7,0,1,38.3,50.8,2,0,0
1534,7,0,1,0.0,50.8,5,0,1
1535,7,0,1,0.0,50.8,5,0,1
1536,7,0,1,0.0,50.8,5,0,1
1537,7,0,1,0.0,50.8,5,0,1
1538,7,0,1,0.0,50.8,5,0,1
1539,7,0,1,0.0,50.8,5,0,1
1540,7,0,1,0.0,50.8,5,0,1
1541,7,0,1,0.0,50.8,5,0,1
1542,7,0,1,0.0,50.8,5,0,1
1543,7,0,1,0.0,50.8,5,0,1
1544,7,0,1,3.5,54.3,3,0,1
1545,7,0,1,0.0,54.3,5,0,1
1546,7,0,1,0.0,54.3,5,0,1
1547,7,0,1,0.0,54.3,5,0,1
1548,7,0,1,20.0,74.3,4,0,2
1549,7,0,1,0.0,74.3,5,0,1
1550,7,0,1,0.0,74.3,5,0,1
1551,7,0,1,0.0,74.3,5,0,1
1552,7,0,1,16.8,16.8,4,0,2
1553,7,0,1,0.0,16.8,5,0,1
1554,7,0,1,0.0,16.8,5,0,1
1555,7,0,1,0.0,16.8,5,0,1
1556,7,0,1,0.0,16.8,5,0,1
1557,7,0,1,0.0,16.8,5,0,1
1558,7,0,1,0.0,16.8,5,0,1
1559,7,0,1,22.4,39.2,4,0,2
1560,7,0,1,0.0,39.2,5,0,1
1561,7,0,1,0.0,39.2,5,0,1
1562,7,0,1,0.0,39.2,5,0,1
1563,7,0,1,0.0,39.2,5,0,1
1564,7,0,1,5.4,44.6,3,0,1
1565,7,0,1,0.0,44.6,5,0,1
1566,7,0,1,0.0,44.6,5,0,1
1567,7,0,1,0.0,44.6,5,0,1
1568,7,0,1,0.0,44.6,5,0,1
1569,7,0,1,32.7,77.3,4,0,2
1570,7,0,1,0.0,77.3,5,0,1
1571,7,0,1,0.0,77.3,5,0,1
1572,7,0,1,0.0,77.3,5,0,1
1573,7,0,1,0.0,77.3,5,0,1
1574,7,0,1,8.0,85.3,4,0,1
1575,7,0,1,0.0,85.3,5,0,1
1576,7,0,1,6.2,91.5,3,0,1
1577,7,0,1,0.0,91.5,5,0,1
1578,7,0,1,0.0,91.5,5,0,1
1579,7,0,1,0.0,91.5,5,0,1
1580,7,0,1,0.0,91.5,5,0,1
1581,7,0,1,0.0,91.5,5,0,1
1582,7,0,1,9.9,9.9,4,0,1
1583,7,0,1,20.5,30.4,4,0,2
1584,7,0,1,0.9,31.3,3,0,1
1585,7,0,1,6.8,38.1,3,0,1
1586,7,0,1,13.2,51.3,4,0,1
1587,7,0,1,0.0,51.3,5,0,1
1588,7,0,1,0.0,51.3,5,0,1
1589,7,0,1,2.2,53.5,3,0,1
1590,7,0,1,8.7,62.2,4,0,1
1591,7,0,1,1.8,64.0,3,0,1
1592,7,0,1,0.0,64.0,5,0,1
1593,7,0,1,0.0,64.0,5,0,1
1594,7,0,1,50.4,114.4,2,0,0
1595,7,0,1,7.0,121.4,3,0,1
1596,7,0,1,2.3,123.7,3,0,1
1597,7,0,1,0.0,123.7,5,0,1
1598,7,0,1,0.0,123.7,5,0,1
1599,7,0,1,19.8,143.5,4,0,2
1600,7,0,1,19.6,163.1,4,0,2
1601,7,0,1,31.7,194.8,4,0,2
1602,7,0,1,3.4,198.2,3,0,1
1603,7,0,1,29.1,227.3,4,0,2
1604,7,0,1,36.8,264.1,2,0,0
1605,7,0,1,0.0,264.1,5,0,1
1606,7,0,1,0.0,264.1,5,0,1
1607,7,0,1,0.0,264.1,5,0,1
1608,7,0,1,3.3,267.4,3,0,1
1609,7,0,1,0.0,267.4,5,0,1
1610,7,0,1,16.1,283.5,4,0,2
1611,7,0,1,0.0,283.5,5,0,1
1612,7,0,1,0.0,283.5,5,0,1
1613,7,0,1,17.4,17.4,4,0,2
1614,7,0,1,115.8,133.2,1,2,0
1615,7,0,1,1.1,134.3,3,0,1
1616,7,0,1,5.1,139.4,3,0,1
1617,7,0,1,6.6,146.0,3,0,1
1618,7,0,1,9.6,155.6,4,0,1
1619,7,0,1,79.2,234.8,6,1,0
1620,7,0,1,37.7,272.5,2,0,0
1621,7,0,1,33.3,305.8,4,0,2
1622,7,0,1,8.6,314.4,4,0,1
1623,7,0,1,3.2,317.6,3,0,1
1624,7,0,1,0.0,317.6,5,0,1
1625,7,0,1,5.9,323.5,3,0,1
1626,7,0,1,56.7,380.2,2,0,0
1627,7,0,1,2.9,383.1,3,0,1
1628,7,0,1,4.7,387.8,3,0,1
1629,7,0,1,26.4,414.2,4,0,2
1630,7,0,1,0.0,414.2,5,0,1
1631,7,0,1,105.2,519.4,6,1,0
1632,7,0,1,5.6,525.0,3,0,1
1633,7,0,1,5.1,530.1,3,0,1
1634,7,0,1,41.2,571.3,2,0,0
1635,7,0,1,100.2,671.5,6,1,0
1636,7,0,1,51.0,722.5,2,0,0
1637,7,0,1,159.7,882.2,1,2,0
1638,7,0,1,15.8,898.0,4,0,2
1639,7,0,1,41.9,939.9,2,0,0
1640,7,0,1,8.9,948.8,4,0,1
1641,7,0,1,4.9,953.7,3,0,1
1642,7,0,1,0.0,953.7,5,0,1
1643,7,0,1,38.9,38.9,2,0,0
1644,7,0,1,0.0,38.9,5,0,1
1645,7,0,1,31.7,70.6,4,0,2
1646,7,0,1,0.8,71.4,3,0,1
1647,7,0,1,40.1,111.5,2,0,0
1648,7,0,1,0.0,111.5,5,0,1
1649,7,0,1,114.0,225.5,6,1,0
1650,7,0,1,0.4,225.9,3,0,1
1651,7,0,1,24.3,250.2,4,0,2
1652,7,0,1,9.9,260.1,4,0,1
1653,7,0,1,1.4,261.5,3,0,1
1654,7,0,1,13.3,274.8,4,0,1
1655,7,0,1,9.4,284.2,4,0,1
1656,7,0,1,38.1,322.3,2,0,0
1657,7,0,1,9.7,332.0,4,0,1
1658,7,0,1,59.2,391.2,2,0,0
1659,7,0,1,14.2,405.4,4,0,1
1660,7,0,1,37.2,442.6,2,0,0
1661,7,0,1,11.5,454.1,4,0,1
1662,7,0,1,34.9,489.0,4,0,2
1663,7,0,1,7.9,496.9,4,0,1
1664,7,0,1,31.1,528.0,4,0,2
1665,7,0,1,0.0,528.0,5,0,1
1666,7,0,1,22.4,550.4,4,0,2
1667,7,0,1,203.7,754.1,1,2,0
1668,7,0,1,31.9,786.0,4,0,2
1669,7,0,1,34.8,820.8,4,0,2
1670,7,0,1,0.4,821.2,3,0,1
1671,7,0,1,5.0,826.2,3,0,1
1672,7,0,1,3.2,829.4,3,0,1
1673,7,0,1,7.4,836.8,3,0,1
1674,7,0,1,5.2,5.2,3,0,1
1675,7,0,1,104.5,109.7,6,1,0
1676,7,0,1,13.0,122.7,4,0,1
1677,7,0,1,14.9,137.6,4,0,1
1678,7,0,1,57.8,195.4,2,0,0
1679,7,0,1,95.7,291.1,6,1,0
1680,7,0,1,0.0,291.1,5,0,1
1681,7,0,1,16.0,307.1,4,0,2
1682,7,0,1,146.3,453.4,1,2,0
1683,7,0,1,0.0,453.4,5,0,1
1684,7,0,1,9.7,463.1,4,0,1
1685,7,0,1,15.9,479.0,4,0,2
1686,7,0,1,8.7,487.7,4,0,1
1687,7,0,1,35.5,523.2,2,0,0
1688,7,0,1,84.8,608.0,6,1,0
1689,7,0,1,2.0,610.0,3,0,1
1690,7,0,1,0.0,610.0,5,0,1
1691,7,0,1,52.8,662.8,2,0,0
1692,7,0,1,109.5,772.3,6,1,0
1693,7,0,1,0.8,773.1,3,0,1
1694,7,0,1,212.8,985.9,0,3,0
1695,7,0,1,1.4,987.3,3,0,1
1696,7,0,1,91.4,1078.7,6,1,0
1697,7,0,1,47.5,1126.2,2,0,0
1698,7,0,1,9.5,1135.7,4,0,1
1699,7,0,1,68.4,1204.1,6,1,0
1700,7,0,1,14.6,1218.7,4,0,1
1701,7,0,1,23.9,1242.6,4,0,2
1702,7,0,1,38.7,1281.3,2,0,0
1703,7,0,1,46.4,1327.7,2,0,0
1704,7,0,1,0.0,1327.7,5,0,1
1705,7,0,1,3.4,3.4,3,0,1
1706,7,0,1,31.4,34.8,4,0,2
1707,7,0,1,0.0,34.8,5,0,1
1708,7,0,1,6.1,40.9,3,0,1
1709,7,0,1,13.2,54.1,4,0,1
1710,7,0,1,30.8,84.9,4,0,2
1711,7,0,1,70.4,155.3,6,1,0
1712,7,0,1,50.3,205.6,2,0,0
1713,7,0,1,28.5,234.1,4,0,2
1714,7,0,1,34.0,268.1,4,0,2
1715,7,0,1,4.1,272.2,3,0,1
1716,7,0,1,0.2,272.4,3,0,1
1717,7,0,1,24.9,297.3,4,0,2
1718,7,0,1,11.9,309.2,4,0,1
1719,7,0,1,1.1,310.3,3,0,1
1720,7,0,1,2.7,313.0,3,0,1
1721,7,0,1,88.6,401.6,6,1,0
1722,7,0,1,30.1,431.7,4,0,2
1723,7,0,1,60.5,492.2,2,0,0
1724,7,0,1,54.5,546.7,2,0,0
1725,7,0,1,20.1,566.8,4,0,2
1726,7,0,1,0.6,567.4,3,0,1
1727,7,0,1,31.7,599.1,4,0,2
1728,7,0,1,45.2,644.3,2,0,0
1729,7,0,1,9.5,653.8,4,0,1
1730,7,0,1,23.5,677.3,4,0,2
1731,7,0,1,9.2,686.5,4,0,1
1732,7,0,1,0.6,687.1,3,0,1
1733,7,0,1,116.4,803.5,1,2,0
1734,7,0,1,1.9,805.4,3,0,1
1735,7,0,1,23.0,23.0,4,0,2
1736,7,0,1,28.8,51.8,4,0,2
1737,7,0,1,9.2,61.0,4,0,1
1738,7,0,1,5.5,66.5,3,0,1
1739,7,0,1,3.5,70.0,3,0,1
1740,7,0,1,13.5,83.5,4,0,1
1741,7,0,1,6.9,90.4,3,0,1
1742,7,0,1,22.2,112.6,4,0,2
1743,7,0,1,12.6,125.2,4,0,1
1744,7,0,1,52.4,177.6,2,0,0
1745,7,0,1,0.2,177.8,3,0,1
1746,7,0,1,21.1,198.9,4,0,2
1747,7,0,1,10.5,209.4,4,0,1
1748,7,0,1,4.6,214.0,3,0,1
1749,7,0,1,15.1,229.1,4,0,2
1750,7,0,1,3.0,232.1,3,0,1
1751,7,0,1,0.2,232.3,3,0,1
1752,7,0,1,10.4,242.7,4,0,1
1753,7,0,1,19.7,262.4,4,0,2
1754,7,0,1,7.4,269.8,3,0,1
1755,7,0,1,7.2,277.0,3,0,1
1756,7,0,1,21.9,298.9,4,0,2
1757,7,0,1,22.7,321.6,4,0,2
1758,7,0,1,13.1,334.7,4,0,1
1759,7,0,1,3.1,337.8,3,0,1
1760,7,0,1,7.8,345.6,4,0,1
1761,7,0,1,10.3,355.9,4,0,1
1762,7,0,1,5.8,361.7,3,0,1
1763,7,0,1,28.9,390.6,4,0,2
1764,7,0,1,7.5,398.1,4,0,1
1765,7,0,1,0.5,398.6,3,0,1
1766,7,0,1,18.4,18.4,4,0,2
1767,7,0,1,0.0,18.4,5,0,1
1768,7,0,1,0.0,18.4,5,0,1
1769,7,0,1,1.3,19.7,3,0,1
1770,7,0,1,0.0,19.7,5,0,1
1771,7,0,1,4.7,24.4,3,0,1
1772,7,0,1,68.7,93.1,6,1,0
1773,7,0,1,296.4,389.5,0,3,0
1774,7,0,1,0.0,389.5,5,0,1
1775,7,0,1,17.5,407.0,4,0,2
1776,7,0,1,0.0,407.0,5,0,1
1777,7,0,1,12.4,419.4,4,0,1
1778,7,0,1,8.6,428.0,4,0,1
1779,7,0,1,0.0,428.0,5,0,1
1780,7,0,1,4.1,432.1,3,0,1
1781,7,0,1,36.3,468.4,2,0,0
1782,7,0,1,9.1,477.5,4,0,1
1783,7,0,1,226.3,703.8,0,3,0
1784,7,0,1,0.0,703.8,5,0,1
1785,7,0,1,0.0,703.8,5,0,1
1786,7,0,1,0.0,703.8,5,0,1
1787,7,0,1,17.4,721.2,4,0,2
1788,7,0,1,0.0,721.2,5,0,1
1789,7,0,1,0.0,721.2,5,0,1
1790,7,0,1,29.4,750.6,4,0,2
1791,7,0,1,19.5,770.1,4,0,2
1792,7,0,1,0.0,770.1,5,0,1
1793,7,0,1,0.0,770.1,5,0,1
1794,7,0,1,0.0,770.1,5,0,1
1795,7,0,1,0.0,770.1,5,0,1
1796,7,0,1,0.0,0.0,5,0,1
1797,7,0,1,0.0,0.0,5,0,1
1798,7,0,1,0.0,0.0,5,0,1
1799,7,0,1,0.0,0.0,5,0,1
1800,7,0,1,0.0,0.0,5,0,1
1801,7,0,1,0.0,0.0,5,0,1
1802,7,0,1,0.0,0.0,5,0,1
1803,7,0,1,0.0,0.0,5,0,1
1804,7,0,1,0.0,0.0,5,0,1
1805,7,0,1,18.2,18.2,4,0,2
1806,7,0,1,0.0,18.2,5,0,1
1807,7,0,1,0.0,18.2,5,0,1
1808,7,0,1,0.0,18.2,5,0,1
1809,7,0,1,0.0,18.2,5,0,1
1810,7,0,1,7.3,25.5,3,0,1
1811,7,0,1,12.6,38.1,4,0,1
1812,7,0,1,0.0,38.1,5,0,1
1813,7,0,1,0.0,38.1,5,0,1
1814,7,0,1,0.0,38.1,5,0,1
1815,7,0,1,0.0,38.1,5,0,1
1816,7,0,1,0.0,38.1,5,0,1
1817,7,0,1,0.0,38.1,5,0,1
1818,7,0,1,1.2,39.3,3,0,1
1819,7,0,1,0.0,39.3,5,0,1
1820,7,0,1,0.0,39.3,5,0,1
1821,7,0,1,0.0,39.3,5,0,1
1822,7,0,1,0.0,39.3,5,0,1
1823,7,0,1,0.0,39.3,5,0,1
1824,7,0,1,0.0,39.3,5,0,1
1825,7,0,1,0.0,39.3,5,0,1
1826,7,0,1,0.0,39.3,5,0,1
0,5,0,3,0.0,0.0,5,0,1
1,5,0,3,7.0,7.0,3,0,1
2,5,0,3,0.0,7.0,5,0,1
3,5,0,3,4.6,11.6,3,0,1
4,5,0,3,0.0,11.6,5,0,1
5,5,0,3,0.0,11.6,5,0,1
6,5,0,3,0.0,11.6,5,0,1
7,5,0,3,0.0,11.6,5,0,1
8,5,0,3,0.0,11.6,5,0,1
9,5,0,3,0.0,11.6,5,0,1
10,5,0,3,0.0,11.6,5,0,1
11,5,0,3,0.0,11.6,5,0,1
12,5,0,3,0.0,11.6,5,0,1
13,5,0,3,11.6,23.2,4,0,1
14,5,0,3,0.0,23.2,5,0,1
15,5,0,3,2.1,25.3,3,0,1
16,5,0,3,0.0,25.3,5,0,1
17,5,0,3,0.0,25.3,5,0,1
18,5,0,3,0.0,25.3,5,0,1
19,5,0,3,0.0,25.3,5,0,1
20,5,0,3,0.0,25.3,5,0,1
21,5,0,3,0.0,25.3,5,0,1
22,5,0,3,0.0,25.3,5,0,1
23,5,0,3,0.0,25.3,5,0,1
24,5,0,3,0.0,25.3,5,0,1
25,5,0,3,0.0,25.3,5,0,1
26,5,0,3,0.1,25.4,3,0,1
27,5,0,3,0.0,25.4,5,0,1
28,5,0,3,0.0,25.4,5,0,1
29,5,0,3,0.0,25.4,5,0,1
30,5,0,3,0.0,25.4,5,0,1
31,5,0,3,0.0,0.0,5,0,1
32,5,0,3,0.0,0.0,5,0,1
33,5,0,3,0.0,0.0,5,0,1
34,5,0,3,0.0,0.0,5,0,1
35,5,0,3,0.0,0.0,5,0,1
36,5,0,3,0.0,0.0,5,0,1
37,5,0,3,0.0,0.0,5,0,1
38,5,0,3,0.0,0.0,5,0,1
39,5,0,3,0.0,0.0,5,0,1
40,5,0,3,0.0,0.0,5,0,1
41,5,0,3,0.0,0.0,5,0,1
42,5,0,3,0.0,0.0,5,0,1
43,5,0,3,0.0,0.0,5,0,1
44,5,0,3,29.9,29.9,4,0,2
45,5,0,3,0.0,29.9,5,0,1
46,5,0,3,1.1,31.0,3,0,1
47,5,0,3,0.0,31.0,5,0,1
48,5,0,3,0.0,31.0,5,0,1
49,5,0,3,0.0,31.0,5,0,1
50,5,0,3,0.0,31.0,5,0,1
51,5,0,3,0.0,31.0,5,0,1
52,5,0,3,0.0,31.0,5,0,1
53,5,0,3,0.0,31.0,5,0,1
54,5,0,3,0.0,31.0,5,0,1
55,5,0,3,0.0,31.0,5,0,1
56,5,0,3,0.0,31.0,5,0,1
57,5,0,3,0.0,31.0,5,0,1
58,5,0,3,0.0,31.0,5,0,1
59,5,0,3,0.0,31.0,5,0,1
60,5,0,3,0.0,0.0,5,0,1
61,5,0,3,0.0,0.0,5,0,1
62,5,0,3,0.0,0.0,5,0,1
63,5,0,3,0.0,0.0,5,0,1
64,5,0,3,0.0,0.0,5,0,1
65,5,0,3,0.0,0.0,5,0,1
66,5,0,3,0.0,0.0,5,0,1
67,5,0,3,0.0,0.0,5,0,1
68,5,0,3,0.0,0.0,5,0,1
69,5,0,3,21.9,21.9,4,0,2
70,5,0,3,0.0,21.9,5,0,1
71,5,0,3,0.0,21.9,5,0,1
72,5,0,3,0.0,21.9,5,0,1
73,5,0,3,0.0,21.9,5,0,1
74,5,0,3,0.6,22.5,3,0,1
75,5,0,3,0.0,22.5,5,0,1
76,5,0,3,0.0,22.5,5,0,1
77,5,0,3,0.0,22.5,5,0,1
78,5,0,3,0.0,22.5,5,0,1
79,5,0,3,0.0,22.5,5,0,1
80,5,0,3,4.4,26.9,3,0,1
81,5,0,3,0.0,26.9,5,0,1
82,5,0,3,0.0,26.9,5,0,1
83,5,0,3,0.0,26.9,5,0,1
84,5,0,3,0.0,26.9,5,0,1
85,5,0,3,0.0,26.9,5,0,1
86,5,0,3,0.0,26.9,5,0,1
87,5,0,3,0.0,26.9,5,0,1
88,5,0,3,0.0,26.9,5,0,1
89,5,0,3,8.4,35.3,4,0,1
90,5,0,3,0.0,35.3,5,0,1
91,5,0,3,0.0,0.0,5,0,1
92,5,0,3,0.0,0.0,5,0,1
93,5,0,3,0.0,0.0,5,0,1
94,5,0,3,0.0,0.0,5,0,1
95,5,0,3,0.0,0.0,5,0,1
96,5,0,3,0.0,0.0,5,0,1
97,5,0,3,0.0,0.0,5,0,1
98,5,0,3,12.1,12.1,4,0,1
99,5,0,3,0.0,12.1,5,0,1
100,5,0,3,0.0,12.1,5,0,1
101,5,0,3,0.0,12.1,5,0,1
102,5,0,3,0.0,12.1,5,0,1
103,5,0,3,0.0,12.1,5,0,1
104,5,0,3,0.0,12.1,5,0,1
105,5,0,3,2.0,14.1,3,0,1
106,5,0,3,0.0,14.1,5,0,1
107,5,0,3,0.0,14.1,5,0,1
108,5,0,3,0.0,14.1,5,0,1
109,5,0,3,0.0,14.1,5,0,1
110,5,0,3,0.0,14.1,5,0,1
111,5,0,3,0.0,14.1,5,0,1
112,5,0,3,0.0,14.1,5,0,1
113,5,0,3,0.0,14.1,5,0,1
114,5,0,3,0.0,14.1,5,0,1
115,5,0,3,0.0,14.1,5,0,1
116,5,0,3,0.0,14.1,5,0,1
117,5,0,3,0.0,14.1,5,0,1
118,5,0,3,0.0,14.1,5,0,1
119,5,0,3,0.0,14.1,5,0,1
120,5,0,3,0.0,14.1,5,0,1
121,5,0,3,0.0,0.0,5,0,1
122,5,0,3,7.4,7.4,3,0,1
123,5,0,3,0.5,7.9,3,0,1
124,5,0,3,0.0,7.9,5,0,1
125,5,0,3,0.0,7.9,5,0,1
126,5,0,3,21.4,29.3,4,0,2
127,5,0,3,6.3,35.6,3,0,1
128,5,0,3,0.0,35.6,5,0,1
129,5,0,3,0.0,35.6,5,0,1
130,5,0,3,0.0,35.6,5,0,1
131,5,0,3,0.0,35.6,5,0,1
132,5,0,3,3.0,38.6,3,0,1
133,5,0,3,0.0,38.6,5,0,1
134,5,0,3,0.0,38.6,5,0,1
135,5,0,3,0.2,38.8,3,0,1
136,5,0,3,8.6,47.4,4,0,1
137,5,0,3,0.0,47.4,5,0,1
138,5,0,3,1.4,48.8,3,0,1
139,5,0,3,16.4,65.2,4,0,2
140,5,0,3,0.0,65.2,5,0,1
141,5,0,3,0.0,65.2,5,0,1
142,5,0,3,0.0,65.2,5,0,1
143,5,0,3,0.0,65.2,5,0,1
144,5,0,3,0.0,65.2,5,0,1
145,5,0,3,0.0,65.2,5,0,1
146,5,0,3,0.0,65.2,5,0,1
147,5,0,3,16.1,81.3,4,0,2
148,5,0,3,6.2,87.5,3,0,1
149,5,0,3,0.0,87.5,5,0,1
150,5,0,3,0.0,87.5,5,0,1
151,5,0,3,0.0,87.5,5,0,1
152,5,0,3,2.0,2.0,3,0,1
153,5,0,3,40.7,42.7,2,0,0
154,5,0,3,1.3,44.0,3,0,1
155,5,0,3,16.4,60.4,4,0,2
156,5,0,3,3.8,64.2,3,0,1
157,5,0,3,53.2,117.4,2,0,0
158,5,0,3,0.1,117.5,3,0,1
159,5,0,3,0.0,117.5,5,0,1
160,5,0,3,28.7,146.2,4,0,2
161,5,0,3,7.7,153.9,4,0,1
162,5,0,3,1.2,155.1,3,0,1
163,5,0,3,0.9,156.0,3,0,1
164,5,0,3,0.0,156.0,5,0,1
165,5,0,3,27.0,183.0,4,0,2
166,5,0,3,4.1,187.1,3,0,1
167,5,0,3,0.0,187.1,5,0,1
168,5,0,3,15.8,202.9,4,0,2
169,5,0,3,22.2,225.1,4,0,2
170,5,0,3,0.0,225.1,5,0,1
171,5,0,3,12.0,237.1,4,0,1
172,5,0,3,5.2,242.3,3,0,1
173,5,0,3,5.0,247.3,3,0,1
174,5,0,3,0.0,247.3,5,0,1
175,5,0,3,0.3,247.6,3,0,1
176,5,0,3,16.1,263.7,4,0,2
177,5,0,3,0.0,263.7,5,0,1
178,5,0,3,11.2,274.9,4,0,1
179,5,0,3,22.5,297.4,4,0,2
180,5,0,3,5.0,302.4,3,0,1
181,5,0,3,13.9,316.3,4,0,1
182,5,0,3,28.7,28.7,4,0,2
183,5,0,3,12.1,40.8,4,0,1
184,5,0,3,0.0,40.8,5,0,1
185,5,0,3,4.4,45.2,3,0,1
186,5,0,3,10.2,55.4,4,0,1
187,5,0,3,0.0,55.4,5,0,1
188,5,0,3,33.9,89.3,4,0,2
189,5,0,3,15.7,105.0,4,0,2
190,5,0,3,59.4,164.4,2,0,0
191,5,0,3,0.0,164.4,5,0,1
192,5,0,3,50.2,214.6,2,0,0
193,5,0,3,117.4,332.0,1,2,0
194,5,0,3,48.2,380.2,2,0,0
195,5,0,3,0.0,380.2,5,0,1
196,5,0,3,6.4,386.6,3,0,1
197,5,0,3,9.7,396.3,4,0,1
198,5,0,3,0.0,396.3,5,0,1
199,5,0,3,64.5,460.8,6,1,0
200,5,0,3,0.0,460.8,5,0,1
201,5,0,3,23.9,484.7,4,0,2
202,5,0,3,3.9,488.6,3,0,1
203,5,0,3,0.0,488.6,5,0,1
204,5,0,3,13.8,502.4,4,0,1
205,5,0,3,17.2,519.6,4,0,2
206,5,0,3,8.1,527.7,4,0,1
207,5,0,3,3.8,531.5,3,0,1
208,5,0,3,0.0,531.5,5,0,1
209,5,0,3,54.7,586.2,2,0,0
210,5,0,3,4.8,591.0,3,0,1
211,5,0,3,13.3,604.3,4,0,1
212,5,0,3,28.1,632.4,4,0,2
213,5,0,3,0.0,0.0,5,0,1
214,5,0,3,30.4,30.4,4,0,2
215,5,0,3,4.6,35.0,3,0,1
216,5,0,3,73.3,108.3,6,1,0
217,5,0,3,0.6,108.9,3,0,1
218,5,0,3,0.2,109.1,3,0,1
219,5,0,3,3.4,112.5,3,0,1
220,5,0,3,3.1,115.6,3,0,1
221,5,0,3,72.2,187.8,6,1,0
222,5,0,3,0.7,188.5,3,0,1
223,5,0,3,4.1,192.6,3,0,1
224,5,0,3,14.8,207.4,4,0,1
225,5,0,3,5.9,213.3,3,0,1
226,5,0,3,38.5,251.8,2,0,0
227,5,0,3,8.8,260.6,4,0,1
228,5,0,3,12.1,272.7,4,0,1
229,5,0,3,0.1,272.8,3,0,1
230,5,0,3,13.0,285.8,4,0,1
231,5,0,3,10.7,296.5,4,0,1
232,5,0,3,37.1,333.6,2,0,0
233,5,0,3,5.5,339.1,3,0,1
234,5,0,3,14.5,353.6,4,0,1
235,5,0,3,0.1,353.7,3,0,1
236,5,0,3,11.8,365.5,4,0,1
237,5,0,3,12.7,378.2,4,0,1
238,5,0,3,6.4,384.6,3,0,1
239,5,0,3,0.0,384.6,5,0,1
240,5,0,3,10.4,395.0,4,0,1
241,5,0,3,20.3,415.3,4,0,2
242,5,0,3,25.0,440.3,4,0,2
243,5,0,3,7.0,447.3,3,0,1
244,5,0,3,15.4,15.4,4,0,2
245,5,0,3,70.0,85.4,6,1,0
246,5,0,3,53.5,138.9,2,0,0
247,5,0,3,0.0,138.9,5,0,1
248,5,0,3,20.5,159.4,4,0,2
249,5,0,3,9.1,168.5,4,0,1
250,5,0,3,2.2,170.7,3,0,1
251,5,0,3,1.7,172.4,3,0,1
252,5,0,3,12.5,184.9,4,0,1
253,5,0,3,20.3,205.2,4,0,2
254,5,0,3,14.8,220.0,4,0,1
255,5,0,3,7.9,227.9,4,0,1
256,5,0,3,7.2,235.1,3,0,1
257,5,0,3,7.4,242.5,3,0,1
258,5,0,3,0.6,243.1,3,0,1
259,5,0,3,2.2,245.3,3,0,1
260,5,0,3,8.2,253.5,4,0,1
261,5,0,3,20.1,273.6,4,0,2
262,5,0,3,13.7,287.3,4,0,1
263,5,0,3,22.7,310.0,4,0,2
264,5,0,3,3.9,313.9,3,0,1
265,5,0,3,5.6,319.5,3,0,1
266,5,0,3,23.6,343.1,4,0,2
267,5,0,3,24.2,367.3,4,0,2
268,5,0,3,0.0,367.3,5,0,1
269,5,0,3,0.0,367.3,5,0,1
270,5,0,3,46.5,413.8,2,0,0
271,5,0,3,0.0,413.8,5,0,1
272,5,0,3,0.0,413.8,5,0,1
273,5,0,3,3.7,417.5,3,0,1
274,5,0,3,4.0,4.0,3,0,1
275,5,0,3,0.7,4.7,3,0,1
276,5,0,3,1.1,5.8,3,0,1
277,5,0,3,3.1,8.9,3,0,1
278,5,0,3,2.0,10.9,3,0,1
279,5,0,3,2.3,13.2,3,0,1
280,5,0,3,3.8,17.0,3,0,1
281,5,0,3,9.0,26.0,4,0,1
282,5,0,3,3.0,29.0,3,0,1
283,5,0,3,0.0,29.0,5,0,1
284,5,0,3,7.9,36.9,4,0,1
285,5,0,3,0.0,36.9,5,0,1
286,5,0,3,0.0,36.9,5,0,1
287,5,0,3,8.1,45.0,4,0,1
288,5,0,3,0.0,45.0,5,0,1
289,5,0,3,0.0,45.0,5,0,1
290,5,0,3,1.6,46.6,3,0,1
291,5,0,3,12.5,59.1,4,0,1
292,5,0,3,0.0,59.1,5,0,1
293,5,0,3,0.3,59.4,3,0,1
294,5,0,3,1.1,60.5,3,0,1
295,5,0,3,2.7,63.2,3,0,1
296,5,0,3,0.0,63.2,5,0,1
297,5,0,3,14.1,77.3,4,0,1
298,5,0,3,13.0,90.3,4,0,1
299,5,0,3,13.0,103.3,4,0,1
300,5,0,3,11.0,114.3,4,0,1
301,5,0,3,1.3,115.6,3,0,1
302,5,0,3,9.5,125.1,4,0,1
303,5,0,3,3.7,128.8,3,0,1
304,5,0,3,5.2,134.0,3,0,1
305,5,0,3,0.0,0.0,5,0,1
306,5,0,3,0.0,0.0,5,0,1
307,5,0,3,0.0,0.0,5,0,1
308,5,0,3,0.0,0.0,5,0,1
309,5,0,3,6.1,6.1,3,0,1
310,5,0,3,0.0,6.1,5,0,1
311,5,0,3,3.3,9.4,3,0,1
312,5,0,3,0.0,9.4,5,0,1
313,5,0,3,0.0,9.4,5,0,1
314,5,0,3,0.7,10.1,3,0,1
315,5,0,3,0.0,10.1,5,0,1
316,5,0,3,0.0,10.1,5,0,1
317,5,0,3,1.3,11.4,3,0,1
318,5,0,3,0.0,11.4,5,0,1
319,5,0,3,0.0,11.4,5,0,1
320,5,0,3,0.0,11.4,5,0,1
321,5,0,3,0.0,11.4,5,0,1
322,5,0,3,0.0,11.4,5,0,1
323,5,0,3,15.5,26.9,4,0,2
324,5,0,3,0.0,26.9,5,0,1
325,5,0,3,0.0,26.9,5,0,1
326,5,0,3,0.0,26.9,5,0,1
327,5,0,3,0.0,26.9,5,0,1
328,5,0,3,0.0,26.9,5,0,1
329,5,0,3,4.5,31.4,3,0,1
330,5,0,3,2.2,33.6,3,0,1
331,5,0,3,1.4,35.0,3,0,1
332,5,0,3,0.0,35.0,5,0,1
333,5,0,3,5.6,40.6,3,0,1
334,5,0,3,4.6,45.2,3,0,1
335,5,0,3,0.0,0.0,5,0,1
336,5,0,3,0.0,0.0,5,0,1
337,5,0,3,0.0,0.0,5,0,1
338,5,0,3,0.0,0.0,5,0,1
339,5,0,3,14.6,14.6,4,0,1
340,5,0,3,0.0,14.6,5,0,1
341,5,0,3,0.0,14.6,5,0,1
342,5,0,3,0.0,14.6,5,0,1
343,5,0,3,0.0,14.6,5,0,1
344,5,0,3,0.0,14.6,5,0,1
345,5,0,3,0.0,14.6,5,0,1
346,5,0,3,0.0,14.6,5,0,1
347,5,0,3,0.0,14.6,5,0,1
348,5,0,3,2.2,16.8,3,0,1
349,5,0,3,0.0,16.8,5,0,1
350,5,0,3,0.0,16.8,5,0,1
351,5,0,3,0.0,16.8,5,0,1
352,5,0,3,0.0,16.8,5,0,1
353,5,0,3,0.0,16.8,5,0,1
354,5,0,3,0.0,16.8,5,0,1
355,5,0,3,0.0,16.8,5,0,1
356,5,0,3,0.0,16.8,5,0,1
357,5,0,3,3.1,19.9,3,0,1
358,5,0,3,0.0,19.9,5,0,1
359,5,0,3,0.0,19.9,5,0,1
360,5,0,3,0.0,19.9,5,0,1
361,5,0,3,0.3,20.2,3,0,1
362,5,0,3,0.0,20.2,5,0,1
363,5,0,3,0.0,20.2,5,0,1
364,5,0,3,0.0,20.2,5,0,1
365,5,0,3,0.0,20.2,5,0,1
366,5,0,2,0.0,0.0,5,0,1
367,5,0,2,0.0,0.0,5,0,1
368,5,0,2,0.0,0.0,5,0,1
369,5,0,2,0.0,0.0,5,0,1
370,5,0,2,0.0,0.0,5,0,1
371,5,0,2,0.0,0.0,5,0,1
372,5,0,2,0.0,0.0,5,0,1
373,5,0,2,0.0,0.0,5,0,1
374,5,0,2,0.0,0.0,5,0,1
375,5,0,2,0.0,0.0,5,0,1
376,5,0,2,0.0,0.0,5,0,1
377,5,0,2,0.0,0.0,5,0,1
378,5,0,2,0.0,0.0,5,0,1
379,5,0,2,0.0,0.0,5,0,1
380,5,0,2,8.2,8.2,4,0,1
381,5,0,2,0.0,8.2,5,0,1
382,5,0,2,0.0,8.2,5,0,1
383,5,0,2,0.0,8.2,5,0,1
384,5,0,2,0.0,8.2,5,0,1
385,5,0,2,0.0,8.2,5,0,1
386,5,0,2,0.0,8.2,5,0,1
387,5,0,2,0.0,8.2,5,0,1
388,5,0,2,0.0,8.2,5,0,1
389,5,0,2,0.0,8.2,5,0,1
390,5,0,2,0.0,8.2,5,0,1
391,5,0,2,0.0,8.2,5,0,1
392,5,0,2,8.1,16.3,4,0,1
393,5,0,2,0.0,16.3,5,0,1
394,5,0,2,0.0,16.3,5,0,1
395,5,0,2,0.0,16.3,5,0,1
396,5,0,2,0.0,16.3,5,0,1
397,5,0,2,3.6,3.6,3,0,1
398,5,0,2,0.0,3.6,5,0,1
399,5,0,2,0.0,3.6,5,0,1
400,5,0,2,0.0,3.6,5,0,1
401,5,0,2,0.0,3.6,5,0,1
402,5,0,2,0.0,3.6,5,0,1
403,5,0,2,0.0,3.6,5,0,1
404,5,0,2,0.0,3.6,5,0,1
405,5,0,2,0.0,3.6,5,0,1
406,5,0,2,0.0,3.6,5,0,1
407,5,0,2,0.0,3.6,5,0,1
408,5,0,2,0.0,3.6,5,0,1
409,5,0,2,0.0,3.6,5,0,1
410,5,0,2,0.0,3.6,5,0,1
411,5,0,2,0.0,3.6,5,0,1
412,5,0,2,0.0,3.6,5,0,1
413,5,0,2,0.0,3.6,5,0,1
414,5,0,2,0.0,3.6,5,0,1
415,5,0,2,11.7,15.3,4,0,1
416,5,0,2,0.0,15.3,5,0,1
417,5,0,2,0.0,15.3,5,0,1
418,5,0,2,0.0,15.3,5,0,1
419,5,0,2,0.0,15.3,5,0,1
420,5,0,2,0.0,15.3,5,0,1
421,5,0,2,0.0,15.3,5,0,1
422,5,0,2,0.0,15.3,5,0,1
423,5,0,2,12.2,27.5,4,0,1
424,5,0,2,0.0,27.5,5,0,1
425,5,0,2,0.0,0.0,5,0,1
426,5,0,2,0.0,0.0,5,0,1
427,5,0,2,0.0,0.0,5,0,1
428,5,0,2,0.0,0.0,5,0,1
429,5,0,2,0.0,0.0,5,0,1
430,5,0,2,0.0,0.0,5,0,1
431,5,0,2,0.0,0.0,5,0,1
432,5,0,2,0.0,0.0,5,0,1
433,5,0,2,12.7,12.7,4,0,1
434,5,0,2,0.0,12.7,5,0,1
435,5,0,2,0.0,12.7,5,0,1
436,5,0,2,0.0,12.7,5,0,1
437,5,0,2,0.0,12.7,5,0,1
438,5,0,2,0.0,12.7,5,0,1
439,5,0,2,0.0,12.7,5,0,1
440,5,0,2,10.3,23.0,4,0,1
441,5,0,2,10.8,33.8,4,0,1
442,5,0,2,0.0,33.8,5,0,1
443,5,0,2,0.0,33.8,5,0,1
444,5,0,2,0.0,33.8,5,0,1
445,5,0,2,0.0,33.8,5,0,1
446,5,0,2,28.3,62.1,4,0,2
447,5,0,2,0.0,62.1,5,0,1
448,5,0,2,0.0,62.1,5,0,1
449,5,0,2,0.0,62.1,5,0,1
450,5,0,2,0.0,62.1,5,0,1
451,5,0,2,0.0,62.1,5,0,1
452,5,0,2,0.0,62.1,5,0,1
453,5,0,2,19.4,81.5,4,0,2
454,5,0,2,0.0,81.5,5,0,1
455,5,0,2,0.0,81.5,5,0,1
456,5,0,2,4.4,4.4,3,0,1
457,5,0,2,0.0,4.4,5,0,1
458,5,0,2,0.0,4.4,5,0,1
459,5,0,2,0.0,4.4,5,0,1
460,5,0,2,0.0,4.4,5,0,1
461,5,0,2,0.0,4.4,5,0,1
462,5,0,2,9.4,13.8,4,0,1
463,5,0,2,0.0,13.8,5,0,1
464,5,0,2,0.0,13.8,5,0,1
465,5,0,2,0.0,13.8,5,0,1
466,5,0,2,0.0,13.8,5,0,1
467,5,0,2,0.0,13.8,5,0,1
468,5,0,2,0.6,14.4,3,0,1
469,5,0,2,0.0,14.4,5,0,1
470,5,0,2,0.0,14.4,5,0,1
471,5,0,2,0.0,14.4,5,0,1
472,5,0,2,0.0,14.4,5,0,1
473,5,0,2,0.0,14.4,5,0,1
474,5,0,2,0.0,14.4,5,0,1
475,5,0,2,0.0,14.4,5,0,1
476,5,0,2,0.0,14.4,5,0,1
477,5,0,2,0.8,15.2,3,0,1
478,5,0,2,0.0,15.2,5,0,1
479,5,0,2,0.0,15.2,5,0,1
480,5,0,2,0.0,15.2,5,0,1
481,5,0,2,0.0,15.2,5,0,1
482,5,0,2,0.0,15.2,5,0,1
483,5,0,2,0.0,15.2,5,0,1
484,5,0,2,0.0,15.2,5,0,1
485,5,0,2,19.8,35.0,4,0,2
486,5,0,2,13.3,13.3,4,0,1
487,5,0,2,8.2,21.5,4,0,1
488,5,0,2,1.1,22.6,3,0,1
489,5,0,2,9.8,32.4,4,0,1
490,5,0,2,0.0,32.4,5,0,1
491,5,0,2,8.0,40.4,4,0,1
492,5,0,2,8.4,48.8,4,0,1
493,5,0,2,0.0,48.8,5,0,1
494,5,0,2,0.0,48.8,5,0,1
495,5,0,2,5.9,54.7,3,0,1
496,5,0,2,38.9,93.6,2,0,0
497,5,0,2,0.0,93.6,5,0,1
498,5,0,2,13.3,106.9,4,0,1
499,5,0,2,0.0,106.9,5,0,1
500,5,0,2,2.2,109.1,3,0,1
501,5,0,2,0.0,109.1,5,0,1
502,5,0,2,0.0,109.1,5,0,1
503,5,0,2,0.0,109.1,5,0,1
504,5,0,2,0.0,109.1,5,0,1
505,5,0,2,0.0,109.1,5,0,1
506,5,0,2,0.0,109.1,5,0,1
507,5,0,2,2.9,112.0,3,0,1
508,5,0,2,40.8,152.8,2,0,0
509,5,0,2,0.0,152.8,5,0,1
510,5,0,2,0.0,152.8,5,0,1
511,5,0,2,3.3,156.1,3,0,1
512,5,0,2,0.0,156.1,5,0,1
513,5,0,2,0.0,156.1,5,0,1
514,5,0,2,0.0,156.1,5,0,1
515,5,0,2,8.6,164.7,4,0,1
516,5,0,2,13.0,177.7,4,0,1
517,5,0,2,8.4,8.4,4,0,1
518,5,0,2,13.5,21.9,4,0,1
519,5,0,2,6.7,28.6,3,0,1
520,5,0,2,15.2,43.8,4,0,2
521,5,0,2,5.0,48.8,3,0,1
522,5,0,2,26.6,75.4,4,0,2
523,5,0,2,73.6,149.0,6,1,0
524,5,0,2,5.9,154.9,3,0,1
525,5,0,2,0.0,154.9,5,0,1
526,5,0,2,70.8,225.7,6,1,0
527,5,0,2,27.6,253.3,4,0,2
528,5,0,2,13.1,266.4,4,0,1
529,5,0,2,36.8,303.2,2,0,0
530,5,0,2,53.6,356.8,2,0,0
531,5,0,2,50.4,407.2,2,0,0
532,5,0,2,3.7,410.9,3,0,1
533,5,0,2,3.4,414.3,3,0,1
534,5,0,2,1.4,415.7,3,0,1
535,5,0,2,11.2,426.9,4,0,1
536,5,0,2,33.8,460.7,4,0,2
537,5,0,2,1.6,462.3,3,0,1
538,5,0,2,1.6,463.9,3,0,1
539,5,0,2,84.9,548.8,6,1,0
540,5,0,2,30.3,579.1,4,0,2
541,5,0,2,47.0,626.1,2,0,0
542,5,0,2,0.0,626.1,5,0,1
543,5,0,2,23.5,649.6,4,0,2
544,5,0,2,0.0,649.6,5,0,1
545,5,0,2,42.3,691.9,2,0,0
546,5,0,2,1.7,693.6,3,0,1
547,5,0,2,0.0,0.0,5,0,1
548,5,0,2,0.0,0.0,5,0,1
549,5,0,2,0.0,0.0,5,0,1
550,5,0,2,52.0,52.0,2,0,0
551,5,0,2,0.0,52.0,5,0,1
552,5,0,2,0.8,52.8,3,0,1
553,5,0,2,2.2,55.0,3,0,1
554,5,0,2,40.8,95.8,2,0,0
555,5,0,2,39.8,135.6,2,0,0
556,5,0,2,7.8,143.4,4,0,1
557,5,0,2,0.0,143.4,5,0,1
558,5,0,2,1.7,145.1,3,0,1
559,5,0,2,0.4,145.5,3,0,1
560,5,0,2,1.5,147.0,3,0,1
561,5,0,2,9.3,156.3,4,0,1
562,5,0,2,23.7,180.0,4,0,2
563,5,0,2,0.0,180.0,5,0,1
564,5,0,2,5.3,185.3,3,0,1
565,5,0,2,18.3,203.6,4,0,2
566,5,0,2,21.3,224.9,4,0,2
567,5,0,2,13.0,237.9,4,0,1
568,5,0,2,6.9,244.8,3,0,1
569,5,0,2,32.0,276.8,4,0,2
570,5,0,2,9.8,286.6,4,0,1
571,5,0,2,18.6,305.2,4,0,2
572,5,0,2,39.3,344.5,2,0,0
573,5,0,2,27.8,372.3,4,0,2
574,5,0,2,16.0,388.3,4,0,2
575,5,0,2,59.8,448.1,2,0,0
576,5,0,2,24.7,472.8,4,0,2
577,5,0,2,32.6,505.4,4,0,2
578,5,0,2,28.1,28.1,4,0,2
579,5,0,2,5.5,33.6,3,0,1
580,5,0,2,12.8,46.4,4,0,1
581,5,0,2,32.5,78.9,4,0,2
582,5,0,2,4.3,83.2,3,0,1
583,5,0,2,42.3,125.5,2,0,0
584,5,0,2,16.0,141.5,4,0,2
585,5,0,2,1.7,143.2,3,0,1
586,5,0,2,8.8,152.0,4,0,1
587,5,0,2,9.8,161.8,4,0,1
588,5,0,2,0.0,161.8,5,0,1
589,5,0,2,15.9,177.7,4,0,2
590,5,0,2,31.4,209.1,4,0,2
591,5,0,2,4.7,213.8,3,0,1
592,5,0,2,11.1,224.9,4,0,1
593,5,0,2,26.7,251.6,4,0,2
594,5,0,2,19.2,270.8,4,0,2
595,5,0,2,30.5,301.3,4,0,2
596,5,0,2,8.9,310.2,4,0,1
597,5,0,2,24.6,334.8,4,0,2
598,5,0,2,64.2,399.0,2,0,0
599,5,0,2,0.0,399.0,5,0,1
600,5,0,2,0.0,399.0,5,0,1
601,5,0,2,1.8,400.8,3,0,1
602,5,0,2,79.2,480.0,6,1,0
603,5,0,2,18.3,498.3,4,0,2
604,5,0,2,0.0,498.3,5,0,1
605,5,0,2,5.3,503.6,3,0,1
606,5,0,2,0.2,503.8,3,0,1
607,5,0,2,12.0,515.8,4,0,1
608,5,0,2,3.0,518.8,3,0,1
609,5,0,2,78.0,78.0,6,1,0
610,5,0,2,3.9,81.9,3,0,1
611,5,0,2,4.1,86.0,3,0,1
612,5,0,2,27.1,113.1,4,0,2
613,5,0,2,7.2,120.3,3,0,1
614,5,0,2,57.0,177.3,2,0,0
615,5,0,2,22.7,200.0,4,0,2
616,5,0,2,14.2,214.2,4,0,1
617,5,0,2,0.0,214.2,5,0,1
618,5,0,2,0.3,214.5,3,0,1
619,5,0,2,12.6,227.1,4,0,1
620,5,0,2,134.4,361.5,1,2,0
621,5,0,2,44.7,406.2,2,0,0
622,5,0,2,37.5,443.7,2,0,0
623,5,0,2,23.5,467.2,4,0,2
624,5,0,2,0.8,468.0,3,0,1
625,5,0,2,3.7,471.7,3,0,1
626,5,0,2,1.4,473.1,3,0,1
627,5,0,2,48.7,521.8,2,0,0
628,5,0,2,12.4,534.2,4,0,1
629,5,0,2,37.3,571.5,2,0,0
630,5,0,2,7.2,578.7,3,0,1
631,5,0,2,6.8,585.5,3,0,1
632,5,0,2,38.0,623.5,2,0,0
633,5,0,2,2.8,626.3,3,0,1
634,5,0,2,5.5,631.8,3,0,1
635,5,0,2,74.3,706.1,6,1,0
636,5,0,2,45.0,751.1,2,0,0
637,5,0,2,15.4,766.5,4,0,2
638,5,0,2,0.0,766.5,5,0,1
639,5,0,2,0.0,0.0,5,0,1
640,5,0,2,0.0,0.0,5,0,1
641,5,0,2,12.1,12.1,4,0,1
642,5,0,2,0.0,12.1,5,0,1
643,5,0,2,18.5,30.6,4,0,2
644,5,0,2,1.4,32.0,3,0,1
645,5,0,2,0.4,32.4,3,0,1
646,5,0,2,0.0,32.4,5,0,1
647,5,0,2,2.8,35.2,3,0,1
648,5,0,2,1.9,37.1,3,0,1
649,5,0,2,0.0,37.1,5,0,1
650,5,0,2,10.2,47.3,4,0,1
651,5,0,2,0.0,47.3,5,0,1
652,5,0,2,2.7,50.0,3,0,1
653,5,0,2,10.5,60.5,4,0,1
654,5,0,2,11.7,72.2,4,0,1
655,5,0,2,8.8,81.0,4,0,1
656,5,0,2,18.3,99.3,4,0,2
657,5,0,2,1.9,101.2,3,0,1
658,5,0,2,8.3,109.5,4,0,1
659,5,0,2,4.0,113.5,3,0,1
660,5,0,2,0.0,113.5,5,0,1
661,5,0,2,17.1,130.6,4,0,2
662,5,0,2,10.7,141.3,4,0,1
663,5,0,2,5.7,147.0,3,0,1
664,5,0,2,0.0,147.0,5,0,1
665,5,0,2,3.0,150.0,3,0,1
666,5,0,2,0.0,150.0,5,0,1
667,5,0,2,23.7,173.7,4,0,2
668,5,0,2,2.3,176.0,3,0,1
669,5,0,2,36.2,212.2,2,0,0
670,5,0,2,4.1,4.1,3,0,1
671,5,0,2,11.3,15.4,4,0,1
672,5,0,2,16.0,31.4,4,0,2
673,5,0,2,0.0,31.4,5,0,1
674,5,0,2,0.0,31.4,5,0,1
675,5,0,2,0.0,31.4,5,0,1
676,5,0,2,0.0,31.4,5,0,1
677,5,0,2,0.0,31.4,5,0,1
678,5,0,2,7.1,38.5,3,0,1
679,5,0,2,0.0,38.5,5,0,1
680,5,0,2,0.0,38.5,5,0,1
681,5,0,2,2.5,41.0,3,0,1
682,5,0,2,0.0,41.0,5,0,1
683,5,0,2,1.3,42.3,3,0,1
684,5,0,2,0.0,42.3,5,0,1
685,5,0,2,0.0,42.3,5,0,1
686,5,0,2,0.0,42.3,5,0,1
687,5,0,2,0.0,42.3,5,0,1
688,5,0,2,0.0,42.3,5,0,1
689,5,0,2,22.0,64.3,4,0,2
690,5,0,2,2.4,66.7,3,0,1
691,5,0,2,13.8,80.5,4,0,1
692,5,0,2,0.0,80.5,5,0,1
693,5,0,2,0.0,80.5,5,0,1
694,5,0,2,0.0,80.5,5,0,1
695,5,0,2,0.2,80.7,3,0,1
696,5,0,2,0.0,80.7,5,0,1
697,5,0,2,0.0,80.7,5,0,1
698,5,0,2,5.3,86.0,3,0,1
699,5,0,2,5.9,91.9,3,0,1
700,5,0,2,0.0,0.0,5,0,1
701,5,0,2,0.0,0.0,5,0,1
702,5,0,2,0.0,0.0,5,0,1
703,5,0,2,0.0,0.0,5,0,1
704,5,0,2,0.0,0.0,5,0,1
705,5,0,2,0.0,0.0,5,0,1
706,5,0,2,0.0,0.0,5,0,1
707,5,0,2,0.0,0.0,5,0,1
708,5,0,2,0.0,0.0,5,0,1
709,5,0,2,0.0,0.0,5,0,1
710,5,0,2,2.0,2.0,3,0,1
711,5,0,2,0.0,2.0,5,0,1
712,5,0,2,0.0,2.0,5,0,1
713,5,0,2,0.0,2.0,5,0,1
714,5,0,2,0.0,2.0,5,0,1
715,5,0,2,0.0,2.0,5,0,1
716,5,0,2,0.0,2.0,5,0,1
717,5,0,2,0.0,2.0,5,0,1
718,5,0,2,0.0,2.0,5,0,1
719,5,0,2,0.0,2.0,5,0,1
720,5,0,2,0.0,2.0,5,0,1
721,5,0,2,4.7,6.7,3,0,1
722,5,0,2,0.0,6.7,5,0,1
723,5,0,2,0.0,6.7,5,0,1
724,5,0,2,0.0,6.7,5,0,1
725,5,0,2,0.0,6.7,5,0,1
726,5,0,2,0.0,6.7,5,0,1
727,5,0,2,9.6,16.3,4,0,1
728,5,0,2,0.0,16.3,5,0,1
729,5,0,2,0.0,16.3,5,0,1
730,5,0,2,0.0,16.3,5,0,1
731,5,0,0,0.0,0.0,5,0,1
732,5,0,0,0.0,0.0,5,0,1
733,5,0,0,0.0,0.0,5,0,1
734,5,0,0,0.0,0.0,5,0,1
735,5,0,0,0.0,0.0,5,0,1
736,5,0,0,0.0,0.0,5,0,1
737,5,0,0,0.0,0.0,5,0,1
738,5,0,0,0.0,0.0,5,0,1
739,5,0,0,0.0,0.0,5,0,1
740,5,0,0,0.0,0.0,5,0,1
741,5,0,0,0.0,0.0,5,0,1
742,5,0,0,0.0,0.0,5,0,1
743,5,0,0,0.0,0.0,5,0,1
744,5,0,0,0.0,0.0,5,0,1
745,5,0,0,0.0,0.0,5,0,1
746,5,0,0,0.0,0.0,5,0,1
747,5,0,0,0.0,0.0,5,0,1
748,5,0,0,0.0,0.0,5,0,1
749,5,0,0,0.0,0.0,5,0,1
750,5,0,0,0.0,0.0,5,0,1
751,5,0,0,0.0,0.0,5,0,1
752,5,0,0,0.0,0.0,5,0,1
753,5,0,0,0.0,0.0,5,0,1
754,5,0,0,0.0,0.0,5,0,1
755,5,0,0,0.0,0.0,5,0,1
756,5,0,0,0.0,0.0,5,0,1
757,5,0,0,0.0,0.0,5,0,1
758,5,0,0,0.0,0.0,5,0,1
759,5,0,0,0.0,0.0,5,0,1
760,5,0,0,0.0,0.0,5,0,1
761,5,0,0,0.0,0.0,5,0,1
762,5,0,0,0.0,0.0,5,0,1
763,5,0,0,0.0,0.0,5,0,1
764,5,0,0,0.0,0.0,5,0,1
765,5,0,0,0.0,0.0,5,0,1
766,5,0,0,0.0,0.0,5,0,1
767,5,0,0,0.0,0.0,5,0,1
768,5,0,0,0.0,0.0,5,0,1
769,5,0,0,0.0,0.0,5,0,1
770,5,0,0,0.0,0.0,5,0,1
771,5,0,0,0.0,0.0,5,0,1
772,5,0,0,0.0,0.0,5,0,1
773,5,0,0,0.0,0.0,5,0,1
774,5,0,0,0.0,0.0,5,0,1
775,5,0,0,0.0,0.0,5,0,1
776,5,0,0,0.0,0.0,5,0,1
777,5,0,0,0.0,0.0,5,0,1
778,5,0,0,0.0,0.0,5,0,1
779,5,0,0,0.0,0.0,5,0,1
780,5,0,0,0.0,0.0,5,0,1
781,5,0,0,0.0,0.0,5,0,1
782,5,0,0,0.0,0.0,5,0,1
783,5,0,0,0.0,0.0,5,0,1
784,5,0,0,0.0,0.0,5,0,1
785,5,0,0,0.0,0.0,5,0,1
786,5,0,0,0.0,0.0,5,0,1
787,5,0,0,0.0,0.0,5,0,1
788,5,0,0,1.8,1.8,3,0,1
789,5,0,0,0.0,1.8,5,0,1
790,5,0,0,0.0,0.0,5,0,1
791,5,0,0,0.0,0.0,5,0,1
792,5,0,0,0.0,0.0,5,0,1
793,5,0,0,0.0,0.0,5,0,1
794,5,0,0,0.0,0.0,5,0,1
795,5,0,0,0.0,0.0,5,0,1
796,5,0,0,0.0,0.0,5,0,1
797,5,0,0,0.0,0.0,5,0,1
798,5,0,0,0.0,0.0,5,0,1
799,5,0,0,0.0,0.0,5,0,1
800,5,0,0,0.0,0.0,5,0,1
801,5,0,0,0.0,0.0,5,0,1
802,5,0,0,0.0,0.0,5,0,1
803,5,0,0,0.0,0.0,5,0,1
804,5,0,0,0.0,0.0,5,0,1
805,5,0,0,0.0,0.0,5,0,1
806,5,0,0,0.0,0.0,5,0,1
807,5,0,0,0.0,0.0,5,0,1
808,5,0,0,0.0,0.0,5,0,1
809,5,0,0,0.0,0.0,5,0,1
810,5,0,0,0.0,0.0,5,0,1
811,5,0,0,0.0,0.0,5,0,1
812,5,0,0,0.0,0.0,5,0,1
813,5,0,0,0.0,0.0,5,0,1
814,5,0,0,0.0,0.0,5,0,1
815,5,0,0,0.0,0.0,5,0,1
816,5,0,0,0.0,0.0,5,0,1
817,5,0,0,0.0,0.0,5,0,1
818,5,0,0,0.0,0.0,5,0,1
819,5,0,0,0.0,0.0,5,0,1
820,5,0,0,0.0,0.0,5,0,1
821,5,0,0,0.0,0.0,5,0,1
822,5,0,0,0.0,0.0,5,0,1
823,5,0,0,0.0,0.0,5,0,1
824,5,0,0,0.0,0.0,5,0,1
825,5,0,0,0.0,0.0,5,0,1
826,5,0,0,0.0,0.0,5,0,1
827,5,0,0,0.0,0.0,5,0,1
828,5,0,0,0.3,0.3,3,0,1
829,5,0,0,0.0,0.3,5,0,1
830,5,0,0,0.0,0.3,5,0,1
831,5,0,0,0.0,0.3,5,0,1
832,5,0,0,0.0,0.3,5,0,1
833,5,0,0,4.1,4.4,3,0,1
834,5,0,0,0.0,4.4,5,0,1
835,5,0,0,0.0,4.4,5,0,1
836,5,0,0,0.0,4.4,5,0,1
837,5,0,0,0.0,4.4,5,0,1
838,5,0,0,0.0,4.4,5,0,1
839,5,0,0,0.0,4.4,5,0,1
840,5,0,0,0.0,4.4,5,0,1
841,5,0,0,0.0,4.4,5,0,1
842,5,0,0,0.0,4.4,5,0,1
843,5,0,0,0.0,4.4,5,0,1
844,5,0,0,0.0,4.4,5,0,1
845,5,0,0,0.0,4.4,5,0,1
846,5,0,0,0.0,4.4,5,0,1
847,5,0,0,0.0,4.4,5,0,1
848,5,0,0,0.0,4.4,5,0,1
849,5,0,0,0.0,4.4,5,0,1
850,5,0,0,0.0,4.4,5,0,1
851,5,0,0,0.0,0.0,5,0,1
852,5,0,0,0.0,0.0,5,0,1
853,5,0,0,0.0,0.0,5,0,1
854,5,0,0,0.0,0.0,5,0,1
855,5,0,0,0.0,0.0,5,0,1
856,5,0,0,0.0,0.0,5,0,1
857,5,0,0,0.0,0.0,5,0,1
858,5,0,0,0.0,0.0,5,0,1
859,5,0,0,0.0,0.0,5,0,1
860,5,0,0,0.0,0.0,5,0,1
861,5,0,0,0.0,0.0,5,0,1
862,5,0,0,0.0,0.0,5,0,1
863,5,0,0,0.0,0.0,5,0,1
864,5,0,0,0.0,0.0,5,0,1
865,5,0,0,0.0,0.0,5,0,1
866,5,0,0,0.0,0.0,5,0,1
867,5,0,0,0.0,0.0,5,0,1
868,5,0,0,0.0,0.0,5,0,1
869,5,0,0,0.0,0.0,5,0,1
870,5,0,0,0.0,0.0,5,0,1
871,5,0,0,0.0,0.0,5,0,1
872,5,0,0,2.4,2.4,3,0,1
873,5,0,0,0.0,2.4,5,0,1
874,5,0,0,0.0,2.4,5,0,1
875,5,0,0,0.0,2.4,5,0,1
876,5,0,0,0.0,2.4,5,0,1
877,5,0,0,0.4,2.8,3,0,1
878,5,0,0,0.0,2.8,5,0,1
879,5,0,0,0.0,2.8,5,0,1
880,5,0,0,0.0,2.8,5,0,1
881,5,0,0,0.0,2.8,5,0,1
882,5,0,0,34.6,34.6,4,0,2
883,5,0,0,5.1,39.7,3,0,1
884,5,0,0,0.0,39.7,5,0,1
885,5,0,0,0.0,39.7,5,0,1
886,5,0,0,0.0,39.7,5,0,1
887,5,0,0,5.1,44.8,3,0,1
888,5,0,0,24.9,69.7,4,0,2
889,5,0,0,0.0,69.7,5,0,1
890,5,0,0,0.0,69.7,5,0,1
891,5,0,0,0.7,70.4,3,0,1
892,5,0,0,17.4,87.8,4,0,2
893,5,0,0,0.0,87.8,5,0,1
894,5,0,0,7.1,94.9,3,0,1
895,5,0,0,0.0,94.9,5,0,1
896,5,0,0,0.0,94.9,5,0,1
897,5,0,0,0.0,94.9,5,0,1
898,5,0,0,0.0,94.9,5,0,1
899,5,0,0,0.0,94.9,5,0,1
900,5,0,0,0.0,94.9,5,0,1
901,5,0,0,0.0,94.9,5,0,1
902,5,0,0,0.0,94.9,5,0,1
903,5,0,0,0.0,94.9,5,0,1
904,5,0,0,6.8,101.7,3,0,1
905,5,0,0,0.0,101.7,5,0,1
906,5,0,0,0.0,101.7,5,0,1
907,5,0,0,0.0,101.7,5,0,1
908,5,0,0,0.0,101.7,5,0,1
909,5,0,0,20.4,122.1,4,0,2
910,5,0,0,0.0,122.1,5,0,1
911,5,0,0,23.2,145.3,4,0,2
912,5,0,0,11.6,11.6,4,0,1
913,5,0,0,0.0,11.6,5,0,1
914,5,0,0,0.0,11.6,5,0,1
915,5,0,0,4.4,16.0,3,0,1
916,5,0,0,0.0,16.0,5,0,1
917,5,0,0,0.0,16.0,5,0,1
918,5,0,0,0.0,16.0,5,0,1
919,5,0,0,10.8,26.8,4,0,1
920,5,0,0,0.0,26.8,5,0,1
921,5,0,0,2.1,28.9,3,0,1
922,5,0,0,1.5,30.4,3,0,1
923,5,0,0,7.5,37.9,4,0,1
924,5,0,0,0.0,37.9,5,0,1
925,5,0,0,0.0,37.9,5,0,1
926,5,0,0,192.5,230.4,1,2,0
927,5,0,0,0.0,230.4,5,0,1
928,5,0,0,0.0,230.4,5,0,1
929,5,0,0,6.3,236.7,3,0,1
930,5,0,0,0.0,236.7,5,0,1
931,5,0,0,0.0,236.7,5,0,1
932,5,0,0,0.0,236.7,5,0,1
933,5,0,0,0.0,236.7,5,0,1
934,5,0,0,6.4,243.1,3,0,1
935,5,0,0,6.5,249.6,3,0,1
936,5,0,0,0.0,249.6,5,0,1
937,5,0,0,1.3,250.9,3,0,1
938,5,0,0,0.0,250.9,5,0,1
939,5,0,0,0.0,250.9,5,0,1
940,5,0,0,23.4,274.3,4,0,2
941,5,0,0,11.4,285.7,4,0,1
942,5,0,0,0.0,285.7,5,0,1
943,5,0,0,0.0,0.0,5,0,1
944,5,0,0,0.0,0.0,5,0,1
945,5,0,0,122.0,122.0,1,2,0
946,5,0,0,0.0,122.0,5,0,1
947,5,0,0,2.2,124.2,3,0,1
948,5,0,0,9.2,133.4,4,0,1
949,5,0,0,0.0,133.4,5,0,1
950,5,0,0,0.0,133.4,5,0,1
951,5,0,0,0.8,134.2,3,0,1
952,5,0,0,0.0,134.2,5,0,1
953,5,0,0,0.0,134.2,5,0,1
954,5,0,0,0.0,134.2,5,0,1
955,5,0,0,9.2,143.4,4,0,1
956,5,0,0,0.0,143.4,5,0,1
957,5,0,0,0.0,143.4,5,0,1
958,5,0,0,0.0,143.4,5,0,1
959,5,0,0,0.0,143.4,5,0,1
960,5,0,0,0.0,143.4,5,0,1
961,5,0,0,0.0,143.4,5,0,1
962,5,0,0,0.4,143.8,3,0,1
963,5,0,0,11.4,155.2,4,0,1
964,5,0,0,0.0,155.2,5,0,1
965,5,0,0,0.0,155.2,5,0,1
966,5,0,0,0.0,155.2,5,0,1
967,5,0,0,0.0,155.2,5,0,1
968,5,0,0,0.0,155.2,5,0,1
969,5,0,0,0.0,155.2,5,0,1
970,5,0,0,0.0,155.2,5,0,1
971,5,0,0,0.0,155.2,5,0,1
972,5,0,0,5.1,160.3,3,0,1
973,5,0,0,9.4,169.7,4,0,1
974,5,0,0,2.7,2.7,3,0,1
975,5,0,0,0.0,2.7,5,0,1
976,5,0,0,0.0,2.7,5,0,1
977,5,0,0,0.0,2.7,5,0,1
978,5,0,0,5.8,8.5,3,0,1
979,5,0,0,0.0,8.5,5,0,1
980,5,0,0,1.9,10.4,3,0,1
981,5,0,0,6.2,16.6,3,0,1
982,5,0,0,0.0,16.6,5,0,1
983,5,0,0,0.0,16.6,5,0,1
984,5,0,0,11.7,28.3,4,0,1
985,5,0,0,15.5,43.8,4,0,2
986,5,0,0,0.0,43.8,5,0,1
987,5,0,0,0.0,43.8,5,0,1
988,5,0,0,0.0,43.8,5,0,1
989,5,0,0,0.0,43.8,5,0,1
990,5,0,0,0.0,43.8,5,0,1
991,5,0,0,0.0,43.8,5,0,1
992,5,0,0,15.4,59.2,4,0,2
993,5,0,0,0.0,59.2,5,0,1
994,5,0,0,0.0,59.2,5,0,1
995,5,0,0,9.6,68.8,4,0,1
996,5,0,0,22.9,91.7,4,0,2
997,5,0,0,0.0,91.7,5,0,1
998,5,0,0,1.7,93.4,3,0,1
999,5,0,0,32.2,125.6,4,0,2
1000,5,0,0,0.0,125.6,5,0,1
1001,5,0,0,7.7,133.3,4,0,1
1002,5,0,0,0.0,133.3,5,0,1
1003,5,0,0,0.0,133.3,5,0,1
1004,5,0,0,2.3,2.3,3,0,1
1005,5,0,0,0.0,2.3,5,0,1
1006,5,0,0,0.4,2.7,3,0,1
1007,5,0,0,20.1,22.8,4,0,2
1008,5,0,0,0.0,22.8,5,0,1
1009,5,0,0,0.0,22.8,5,0,1
1010,5,0,0,0.0,22.8,5,0,1
1011,5,0,0,0.0,22.8,5,0,1
1012,5,0,0,6.5,29.3,3,0,1
1013,5,0,0,0.0,29.3,5,0,1
1014,5,0,0,1.0,30.3,3,0,1
1015,5,0,0,3.8,34.1,3,0,1
1016,5,0,0,0.0,34.1,5,0,1
1017,5,0,0,0.0,34.1,5,0,1
1018,5,0,0,0.0,34.1,5,0,1
1019,5,0,0,0.0,34.1,5,0,1
1020,5,0,0,4.2,38.3,3,0,1
1021,5,0,0,8.9,47.2,4,0,1
1022,5,0,0,1.4,48.6,3,0,1
1023,5,0,0,0.0,48.6,5,0,1
1024,5,0,0,0.5,49.1,3,0,1
1025,5,0,0,0.0,49.1,5,0,1
1026,5,0,0,0.0,49.1,5,0,1
1027,5,0,0,0.0,49.1,5,0,1
1028,5,0,0,0.8,49.9,3,0,1
1029,5,0,0,0.0,49.9,5,0,1
1030,5,0,0,0.0,49.9,5,0,1
1031,5,0,0,6.7,56.6,3,0,1
1032,5,0,0,0.0,56.6,5,0,1
1033,5,0,0,0.0,56.6,5,0,1
1034,5,0,0,10.1,66.7,4,0,1
1035,5,0,0,0.0,0.0,5,0,1
1036,5,0,0,0.0,0.0,5,0,1
1037,5,0,0,0.0,0.0,5,0,1
1038,5,0,0,0.0,0.0,5,0,1
1039,5,0,0,0.0,0.0,5,0,1
1040,5,0,0,0.0,0.0,5,0,1
1041,5,0,0,0.0,0.0,5,0,1
1042,5,0,0,0.0,0.0,5,0,1
1043,5,0,0,0.0,0.0,5,0,1
1044,5,0,0,0.0,0.0,5,0,1
1045,5,0,0,0.0,0.0,5,0,1
1046,5,0,0,0.0,0.0,5,0,1
1047,5,0,0,0.0,0.0,5,0,1
1048,5,0,0,0.0,0.0,5,0,1
1049,5,0,0,0.3,0.3,3,0,1
1050,5,0,0,0.0,0.3,5,0,1
1051,5,0,0,0.0,0.3,5,0,1
1052,5,0,0,0.9,1.2,3,0,1
1053,5,0,0,0.0,1.2,5,0,1
1054,5,0,0,0.0,1.2,5,0,1
1055,5,0,0,0.0,1.2,5,0,1
1056,5,0,0,0.0,1.2,5,0,1
1057,5,0,0,0.0,1.2,5,0,1
1058,5,0,0,0.0,1.2,5,0,1
1059,5,0,0,0.0,1.2,5,0,1
1060,5,0,0,0.0,1.2,5,0,1
1061,5,0,0,0.0,1.2,5,0,1
1062,5,0,0,0.0,1.2,5,0,1
1063,5,0,0,0.4,1.6,3,0,1
1064,5,0,0,0.0,1.6,5,0,1
1065,5,0,0,0.0,0.0,5,0,1
1066,5,0,0,0.2,0.2,3,0,1
1067,5,0,0,0.5,0.7,3,0,1
1068,5,0,0,0.0,0.7,5,0,1
1069,5,0,0,0.0,0.7,5,0,1
1070,5,0,0,0.0,0.7,5,0,1
1071,5,0,0,0.0,0.7,5,0,1
1072,5,0,0,0.0,0.7,5,0,1
1073,5,0,0,0.0,0.7,5,0,1
1074,5,0,0,0.0,0.7,5,0,1
1075,5,0,0,0.0,0.7,5,0,1
1076,5,0,0,0.0,0.7,5,0,1
1077,5,0,0,0.0,0.7,5,0,1
1078,5,0,0,0.0,0.7,5,0,1
1079,5,0,0,0.0,0.7,5,0,1
1080,5,0,0,0.0,0.7,5,0,1
1081,5,0,0,0.0,0.7,5,0,1
1082,5,0,0,0.0,0.7,5,0,1
1083,5,0,0,0.0,0.7,5,0,1
1084,5,0,0,0.0,0.7,5,0,1
1085,5,0,0,0.0,0.7,5,0,1
1086,5,0,0,0.0,0.7,5,0,1
1087,5,0,0,0.0,0.7,5,0,1
1088,5,0,0,0.0,0.7,5,0,1
1089,5,0,0,0.0,0.7,5,0,1
1090,5,0,0,0.0,0.7,5,0,1
1091,5,0,0,0.0,0.7,5,0,1
1092,5,0,0,0.0,0.7,5,0,1
1093,5,0,0,0.0,0.7,5,0,1
1094,5,0,0,0.0,0.7,5,0,1
1095,5,0,0,0.0,0.7,5,0,1
1096,5,0,3,0.0,0.0,5,0,1
1097,5,0,3,0.0,0.0,5,0,1
1098,5,0,3,0.0,0.0,5,0,1
1099,5,0,3,0.0,0.0,5,0,1
1100,5,0,3,0.0,0.0,5,0,1
1101,5,0,3,0.0,0.0,5,0,1
1102,5,0,3,0.0,0.0,5,0,1
1103,5,0,3,0.0,0.0,5,0,1
1104,5,0,3,0.0,0.0,5,0,1
1105,5,0,3,0.0,0.0,5,0,1
1106,5,0,3,0.8,0.8,3,0,1
1107,5,0,3,0.0,0.8,5,0,1
1108,5,0,3,0.0,0.8,5,0,1
1109,5,0,3,0.0,0.8,5,0,1
1110,5,0,3,0.0,0.8,5,0,1
1111,5,0,3,0.0,0.8,5,0,1
1112,5,0,3,0.0,0.8,5,0,1
1113,5,0,3,0.0,0.8,5,0,1
1114,5,0,3,14.5,15.3,4,0,1
1115,5,0,3,0.0,15.3,5,0,1
1116,5,0,3,0.0,15.3,5,0,1
1117,5,0,3,0.0,15.3,5,0,1
1118,5,0,3,0.0,15.3,5,0,1
1119,5,0,3,0.0,15.3,5,0,1
1120,5,0,3,0.0,15.3,5,0,1
1121,5,0,3,0.0,15.3,5,0,1
1122,5,0,3,0.0,15.3,5,0,1
1123,5,0,3,0.0,15.3,5,0,1
1124,5,0,3,0.0,15.3,5,0,1
1125,5,0,3,0.0,15.3,5,0,1
1126,5,0,3,6.6,21.9,3,0,1
1127,5,0,3,0.0,0.0,5,0,1
1128,5,0,3,0.0,0.0,5,0,1
1129,5,0,3,0.0,0.0,5,0,1
1130,5,0,3,0.0,0.0,5,0,1
1131,5,0,3,0.0,0.0,5,0,1
1132,5,0,3,0.0,0.0,5,0,1
1133,5,0,3,0.0,0.0,5,0,1
1134,5,0,3,0.0,0.0,5,0,1
1135,5,0,3,0.0,0.0,5,0,1
1136,5,0,3,0.0,0.0,5,0,1
1137,5,0,3,8.8,8.8,4,0,1
1138,5,0,3,0.0,8.8,5,0,1
1139,5,0,3,0.0,8.8,5,0,1
1140,5,0,3,1.6,10.4,3,0,1
1141,5,0,3,0.0,10.4,5,0,1
1142,5,0,3,0.0,10.4,5,0,1
1143,5,0,3,0.0,10.4,5,0,1
1144,5,0,3,0.0,10.4,5,0,1
1145,5,0,3,0.0,10.4,5,0,1
1146,5,0,3,0.0,10.4,5,0,1
1147,5,0,3,0.0,10.4,5,0,1
1148,5,0,3,0.0,10.4,5,0,1
1149,5,0,3,0.0,10.4,5,0,1
1150,5,0,3,0.0,10.4,5,0,1
1151,5,0,3,0.0,10.4,5,0,1
1152,5,0,3,0.0,10.4,5,0,1
1153,5,0,3,0.0,10.4,5,0,1
1154,5,0,3,0.0,10.4,5,0,1
1155,5,0,3,0.0,0.0,5,0,1
1156,5,0,3,0.0,0.0,5,0,1
1157,5,0,3,0.0,0.0,5,0,1
1158,5,0,3,0.0,0.0,5,0,1
1159,5,0,3,0.0,0.0,5,0,1
1160,5,0,3,9.3,9.3,4,0,1
1161,5,0,3,0.0,9.3,5,0,1
1162,5,0,3,0.0,9.3,5,0,1
1163,5,0,3,0.0,9.3,5,0,1
1164,5,0,3,0.0,9.3,5,0,1
1165,5,0,3,0.0,9.3,5,0,1
1166,5,0,3,0.0,9.3,5,0,1
1167,5,0,3,0.0,9.3,5,0,1
1168,5,0,3,0.0,9.3,5,0,1
1169,5,0,3,0.0,9.3,5,0,1
1170,5,0,3,0.0,9.3,5,0,1
1171,5,0,3,0.0,9.3,5,0,1
1172,5,0,3,0.0,9.3,5,0,1
1173,5,0,3,0.0,9.3,5,0,1
1174,5,0,3,0.0,9.3,5,0,1
1175,5,0,3,0.0,9.3,5,0,1
1176,5,0,3,0.0,9.3,5,0,1
1177,5,0,3,0.0,9.3,5,0,1
1178,5,0,3,0.0,9.3,5,0,1
1179,5,0,3,0.0,9.3,5,0,1
1180,5,0,3,0.0,9.3,5,0,1
1181,5,0,3,0.0,9.3,5,0,1
1182,5,0,3,0.0,9.3,5,0,1
1183,5,0,3,0.0,9.3,5,0,1
1184,5,0,3,2.0,11.3,3,0,1
1185,5,0,3,0.0,11.3,5,0,1
1186,5,0,3,0.0,0.0,5,0,1
1187,5,0,3,0.0,0.0,5,0,1
1188,5,0,3,0.0,0.0,5,0,1
1189,5,0,3,0.0,0.0,5,0,1
1190,5,0,3,0.0,0.0,5,0,1
1191,5,0,3,0.0,0.0,5,0,1
1192,5,0,3,0.0,0.0,5,0,1
1193,5,0,3,0.0,0.0,5,0,1
1194,5,0,3,2.5,2.5,3,0,1
1195,5,0,3,2.4,4.9,3,0,1
1196,5,0,3,0.0,4.9,5,0,1
1197,5,0,3,0.0,4.9,5,0,1
1198,5,0,3,1.1,6.0,3,0,1
1199,5,0,3,0.0,6.0,5,0,1
1200,5,0,3,0.0,6.0,5,0,1
1201,5,0,3,0.0,6.0,5,0,1
1202,5,0,3,0.0,6.0,5,0,1
1203,5,0,3,0.0,6.0,5,0,1
1204,5,0,3,0.0,6.0,5,0,1
1205,5,0,3,0.0,6.0,5,0,1
1206,5,0,3,0.0,6.0,5,0,1
1207,5,0,3,0.0,6.0,5,0,1
1208,5,0,3,0.0,6.0,5,0,1
1209,5,0,3,0.0,6.0,5,0,1
1210,5,0,3,0.0,6.0,5,0,1
1211,5,0,3,0.0,6.0,5,0,1
1212,5,0,3,0.0,6.0,5,0,1
1213,5,0,3,0.0,6.0,5,0,1
1214,5,0,3,0.0,6.0,5,0,1
1215,5,0,3,0.0,6.0,5,0,1
1216,5,0,3,1.0,1.0,3,0,1
1217,5,0,3,4.7,5.7,3,0,1
1218,5,0,3,0.0,5.7,5,0,1
1219,5,0,3,12.5,18.2,4,0,1
1220,5,0,3,18.6,36.8,4,0,2
1221,5,0,3,0.2,37.0,3,0,1
1222,5,0,3,0.0,37.0,5,0,1
1223,5,0,3,6.8,43.8,3,0,1
1224,5,0,3,0.0,43.8,5,0,1
1225,5,0,3,0.0,43.8,5,0,1
1226,5,0,3,0.0,43.8,5,0,1
1227,5,0,3,1.0,44.8,3,0,1
1228,5,0,3,0.0,44.8,5,0,1
1229,5,0,3,0.0,44.8,5,0,1
1230,5,0,3,0.0,44.8,5,0,1
1231,5,0,3,0.0,44.8,5,0,1
1232,5,0,3,9.9,54.7,4,0,1
1233,5,0,3,10.6,65.3,4,0,1
1234,5,0,3,0.0,65.3,5,0,1
1235,5,0,3,0.0,65.3,5,0,1
1236,5,0,3,0.6,65.9,3,0,1
1237,5,0,3,21.1,87.0,4,0,2
1238,5,0,3,5.2,92.2,3,0,1
1239,5,0,3,0.0,92.2,5,0,1
1240,5,0,3,0.3,92.5,3,0,1
1241,5,0,3,2.3,94.8,3,0,1
1242,5,0,3,0.0,94.8,5,0,1
1243,5,0,3,0.0,94.8,5,0,1
1244,5,0,3,0.0,94.8,5,0,1
1245,5,0,3,6.8,101.6,3,0,1
1246,5,0,3,0.0,101.6,5,0,1
1247,5,0,3,0.0,0.0,5,0,1
1248,5,0,3,20.6,20.6,4,0,2
1249,5,0,3,0.0,20.6,5,0,1
1250,5,0,3,25.8,46.4,4,0,2
1251,5,0,3,20.0,66.4,4,0,2
1252,5,0,3,24.4,90.8,4,0,2
1253,5,0,3,14.1,104.9,4,0,1
1254,5,0,3,0.0,104.9,5,0,1
1255,5,0,3,9.6,114.5,4,0,1
1256,5,0,3,14.1,128.6,4,0,1
1257,5,0,3,1.4,130.0,3,0,1
1258,5,0,3,11.0,141.0,4,0,1
1259,5,0,3,9.1,150.1,4,0,1
1260,5,0,3,0.0,150.1,5,0,1
1261,5,0,3,2.5,152.6,3,0,1
1262,5,0,3,45.3,197.9,2,0,0
1263,5,0,3,2.4,200.3,3,0,1
1264,5,0,3,14.1,214.4,4,0,1
1265,5,0,3,38.1,252.5,2,0,0
1266,5,0,3,4.4,256.9,3,0,1
1267,5,0,3,68.0,324.9,6,1,0
1268,5,0,3,98.0,422.9,6,1,0
1269,5,0,3,0.0,422.9,5,0,1
1270,5,0,3,44.0,466.9,2,0,0
1271,5,0,3,8.0,474.9,4,0,1
1272,5,0,3,0.4,475.3,3,0,1
1273,5,0,3,43.8,519.1,2,0,0
1274,5,0,3,0.0,519.1,5,0,1
1275,5,0,3,0.0,519.1,5,0,1
1276,5,0,3,6.6,525.7,3,0,1
1277,5,0,3,18.8,18.8,4,0,2
1278,5,0,3,0.0,18.8,5,0,1
1279,5,0,3,28.0,46.8,4,0,2
1280,5,0,3,0.0,46.8,5,0,1
1281,5,0,3,0.0,46.8,5,0,1
1282,5,0,3,8.5,55.3,4,0,1
1283,5,0,3,0.0,55.3,5,0,1
1284,5,0,3,0.0,55.3,5,0,1
1285,5,0,3,15.1,70.4,4,0,2
1286,5,0,3,0.0,70.4,5,0,1
1287,5,0,3,38.1,108.5,2,0,0
1288,5,0,3,5.9,114.4,3,0,1
1289,5,0,3,12.6,127.0,4,0,1
1290,5,0,3,26.6,153.6,4,0,2
1291,5,0,3,9.6,163.2,4,0,1
1292,5,0,3,42.3,205.5,2,0,0
1293,5,0,3,73.1,278.6,6,1,0
1294,5,0,3,0.0,278.6,5,0,1
1295,5,0,3,22.1,300.7,4,0,2
1296,5,0,3,3.2,303.9,3,0,1
1297,5,0,3,6.1,310.0,3,0,1
1298,5,0,3,19.8,329.8,4,0,2
1299,5,0,3,0.0,329.8,5,0,1
1300,5,0,3,60.1,389.9,2,0,0
1301,5,0,3,0.0,389.9,5,0,1
1302,5,0,3,1.5,391.4,3,0,1
1303,5,0,3,38.2,429.6,2,0,0
1304,5,0,3,0.0,429.6,5,0,1
1305,5,0,3,23.7,453.3,4,0,2
1306,5,0,3,20.4,473.7,4,0,2
1307,5,0,3,0.2,473.9,3,0,1
1308,5,0,3,5.1,5.1,3,0,1
1309,5,0,3,30.4,35.5,4,0,2
1310,5,0,3,6.4,41.9,3,0,1
1311,5,0,3,0.0,41.9,5,0,1
1312,5,0,3,59.1,101.0,2,0,0
1313,5,0,3,74.2,175.2,6,1,0
1314,5,0,3,24.7,199.9,4,0,2
1315,5,0,3,1.8,201.7,3,0,1
1316,5,0,3,24.3,226.0,4,0,2
1317,5,0,3,7.1,233.1,3,0,1
1318,5,0,3,16.3,249.4,4,0,2
1319,5,0,3,25.6,275.0,4,0,2
1320,5,0,3,73.0,348.0,6,1,0
1321,5,0,3,0.0,348.0,5,0,1
1322,5,0,3,0.0,348.0,5,0,1
1323,5,0,3,31.6,379.6,4,0,2
1324,5,0,3,4.2,383.8,3,0,1
1325,5,0,3,0.0,383.8,5,0,1
1326,5,0,3,12.3,396.1,4,0,1
1327,5,0,3,8.7,404.8,4,0,1
1328,5,0,3,40.9,445.7,2,0,0
1329,5,0,3,0.0,445.7,5,0,1
1330,5,0,3,21.8,467.5,4,0,2
1331,5,0,3,5.4,472.9,3,0,1
1332,5,0,3,30.2,503.1,4,0,2
1333,5,0,3,8.1,511.2,4,0,1
1334,5,0,3,19.3,530.5,4,0,2
1335,5,0,3,24.2,554.7,4,0,2
1336,5,0,3,29.4,584.1,4,0,2
1337,5,0,3,0.1,584.2,3,0,1
1338,5,0,3,4.8,589.0,3,0,1
1339,5,0,3,12.9,12.9,4,0,1
1340,5,0,3,16.5,29.4,4,0,2
1341,5,0,3,20.9,50.3,4,0,2
1342,5,0,3,17.4,67.7,4,0,2
1343,5,0,3,0.0,67.7,5,0,1
1344,5,0,3,23.7,91.4,4,0,2
1345,5,0,3,34.9,126.3,4,0,2
1346,5,0,3,0.0,126.3,5,0,1
1347,5,0,3,0.0,126.3,5,0,1
1348,5,0,3,16.9,143.2,4,0,2
1349,5,0,3,49.4,192.6,2,0,0
1350,5,0,3,21.2,213.8,4,0,2
1351,5,0,3,12.2,226.0,4,0,1
1352,5,0,3,73.9,299.9,6,1,0
1353,5,0,3,0.0,299.9,5,0,1
1354,5,0,3,0.9,300.8,3,0,1
1355,5,0,3,47.4,348.2,2,0,0
1356,5,0,3,16.9,365.1,4,0,2
1357,5,0,3,0.0,365.1,5,0,1
1358,5,0,3,0.0,365.1,5,0,1
1359,5,0,3,15.9,381.0,4,0,2
1360,5,0,3,10.5,391.5,4,0,1
1361,5,0,3,14.0,405.5,4,0,1
1362,5,0,3,29.3,434.8,4,0,2
1363,5,0,3,0.0,434.8,5,0,1
1364,5,0,3,0.0,434.8,5,0,1
1365,5,0,3,0.0,434.8,5,0,1
1366,5,0,3,4.0,438.8,3,0,1
1367,5,0,3,1.4,440.2,3,0,1
1368,5,0,3,0.0,440.2,5,0,1
1369,5,0,3,0.0,0.0,5,0,1
1370,5,0,3,13.1,13.1,4,0,1
1371,5,0,3,20.4,33.5,4,0,2
1372,5,0,3,1.5,35.0,3,0,1
1373,5,0,3,5.3,40.3,3,0,1
1374,5,0,3,4.6,44.9,3,0,1
1375,5,0,3,7.5,52.4,4,0,1
1376,5,0,3,4.6,57.0,3,0,1
1377,5,0,3,11.0,68.0,4,0,1
1378,5,0,3,3.9,71.9,3,0,1
1379,5,0,3,5.7,77.6,3,0,1
1380,5,0,3,0.0,77.6,5,0,1
1381,5,0,3,0.4,78.0,3,0,1
1382,5,0,3,15.2,93.2,4,0,2
1383,5,0,3,0.9,94.1,3,0,1
1384,5,0,3,0.0,94.1,5,0,1
1385,5,0,3,3.0,97.1,3,0,1
1386,5,0,3,11.1,108.2,4,0,1
1387,5,0,3,5.6,113.8,3,0,1
1388,5,0,3,1.9,115.7,3,0,1
1389,5,0,3,0.0,115.7,5,0,1
1390,5,0,3,2.8,118.5,3,0,1
1391,5,0,3,2.3,120.8,3,0,1
1392,5,0,3,3.8,124.6,3,0,1
1393,5,0,3,3.7,128.3,3,0,1
1394,5,0,3,15.1,143.4,4,0,2
1395,5,0,3,8.0,151.4,4,0,1
1396,5,0,3,3.8,155.2,3,0,1
1397,5,0,3,3.5,158.7,3,0,1
1398,5,0,3,0.0,158.7,5,0,1
1399,5,0,3,12.3,171.0,4,0,1
1400,5,0,3,0.0,0.0,5,0,1
1401,5,0,3,10.6,10.6,4,0,1
1402,5,0,3,0.0,10.6,5,0,1
1403,5,0,3,0.8,11.4,3,0,1
1404,5,0,3,0.0,11.4,5,0,1
1405,5,0,3,2.4,13.8,3,0,1
1406,5,0,3,6.1,19.9,3,0,1
1407,5,0,3,1.8,21.7,3,0,1
1408,5,0,3,0.0,21.7,5,0,1
1409,5,0,3,0.0,21.7,5,0,1
1410,5,0,3,0.0,21.7,5,0,1
1411,5,0,3,0.0,21.7,5,0,1
1412,5,0,3,14.2,35.9,4,0,1
1413,5,0,3,0.0,35.9,5,0,1
1414,5,0,3,8.6,44.5,4,0,1
1415,5,0,3,0.0,44.5,5,0,1
1416,5,0,3,9.3,53.8,4,0,1
1417,5,0,3,0.0,53.8,5,0,1
1418,5,0,3,0.2,54.0,3,0,1
1419,5,0,3,0.0,54.0,5,0,1
1420,5,0,3,7.9,61.9,4,0,1
1421,5,0,3,0.0,61.9,5,0,1
1422,5,0,3,0.0,61.9,5,0,1
1423,5,0,3,0.0,61.9,5,0,1
1424,5,0,3,0.0,61.9,5,0,1
1425,5,0,3,0.2,62.1,3,0,1
1426,5,0,3,0.0,62.1,5,0,1
1427,5,0,3,4.0,66.1,3,0,1
1428,5,0,3,0.0,66.1,5,0,1
1429,5,0,3,0.0,66.1,5,0,1
1430,5,0,3,8.9,8.9,4,0,1
1431,5,0,3,0.0,8.9,5,0,1
1432,5,0,3,0.0,8.9,5,0,1
1433,5,0,3,0.0,8.9,5,0,1
1434,5,0,3,0.0,8.9,5,0,1
1435,5,0,3,0.0,8.9,5,0,1
1436,5,0,3,0.0,8.9,5,0,1
1437,5,0,3,0.0,8.9,5,0,1
1438,5,0,3,0.0,8.9,5,0,1
1439,5,0,3,0.1,9.0,3,0,1
1440,5,0,3,0.0,9.0,5,0,1
1441,5,0,3,0.0,9.0,5,0,1
1442,5,0,3,0.0,9.0,5,0,1
1443,5,0,3,0.0,9.0,5,0,1
1444,5,0,3,0.0,9.0,5,0,1
1445,5,0,3,0.0,9.0,5,0,1
1446,5,0,3,0.0,9.0,5,0,1
1447,5,0,3,0.0,9.0,5,0,1
1448,5,0,3,0.0,9.0,5,0,1
1449,5,0,3,0.0,9.0,5,0,1
1450,5,0,3,0.0,9.0,5,0,1
1451,5,0,3,0.0,9.0,5,0,1
1452,5,0,3,0.0,9.0,5,0,1
1453,5,0,3,0.0,9.0,5,0,1
1454,5,0,3,0.0,9.0,5,0,1
1455,5,0,3,0.0,9.0,5,0,1
1456,5,0,3,0.0,9.0,5,0,1
1457,5,0,3,0.0,9.0,5,0,1
1458,5,0,3,0.0,9.0,5,0,1
1459,5,0,3,0.0,9.0,5,0,1
1460,5,0,3,0.0,9.0,5,0,1
1461,5,0,1,0.0,0.0,5,0,1
1462,5,0,1,0.0,0.0,5,0,1
1463,5,0,1,0.0,0.0,5,0,1
1464,5,0,1,0.0,0.0,5,0,1
1465,5,0,1,0.0,0.0,5,0,1
1466,5,0,1,0.0,0.0,5,0,1
1467,5,0,1,0.0,0.0,5,0,1
1468,5,0,1,0.0,0.0,5,0,1
1469,5,0,1,0.0,0.0,5,0,1
1470,5,0,1,0.0,0.0,5,0,1
1471,5,0,1,0.0,0.0,5,0,1
1472,5,0,1,0.0,0.0,5,0,1
1473,5,0,1,0.0,0.0,5,0,1
1474,5,0,1,0.0,0.0,5,0,1
1475,5,0,1,0.0,0.0,5,0,1
1476,5,0,1,0.0,0.0,5,0,1
1477,5,0,1,0.0,0.0,5,0,1
1478,5,0,1,0.0,0.0,5,0,1
1479,5,0,1,0.0,0.0,5,0,1
1480,5,0,1,0.0,0.0,5,0,1
1481,5,0,1,0.0,0.0,5,0,1
1482,5,0,1,0.0,0.0,5,0,1
1483,5,0,1,37.7,37.7,2,0,0
1484,5,0,1,0.0,37.7,5,0,1
1485,5,0,1,0.0,37.7,5,0,1
1486,5,0,1,0.0,37.7,5,0,1
1487,5,0,1,0.0,37.7,5,0,1
1488,5,0,1,0.0,37.7,5,0,1
1489,5,0,1,0.0,37.7,5,0,1
1490,5,0,1,0.0,37.7,5,0,1
1491,5,0,1,6.4,44.1,3,0,1
1492,5,0,1,0.0,0.0,5,0,1
1493,5,0,1,0.0,0.0,5,0,1
1494,5,0,1,0.0,0.0,5,0,1
1495,5,0,1,0.0,0.0,5,0,1
1496,5,0,1,0.0,0.0,5,0,1
1497,5,0,1,15.7,15.7,4,0,2
1498,5,0,1,0.0,15.7,5,0,1
1499,5,0,1,0.0,15.7,5,0,1
1500,5,0,1,0.0,15.7,5,0,1
1501,5,0,1,0.0,15.7,5,0,1
1502,5,0,1,0.0,15.7,5,0,1
1503,5,0,1,0.0,15.7,5,0,1
1504,5,0,1,0.0,15.7,5,0,1
1505,5,0,1,0.0,15.7,5,0,1
1506,5,0,1,0.0,15.7,5,0,1
1507,5,0,1,0.0,15.7,5,0,1
1508,5,0,1,0.0,15.7,5,0,1
1509,5,0,1,0.0,15.7,5,0,1
1510,5,0,1,0.0,15.7,5,0,1
1511,5,0,1,0.0,15.7,5,0,1
1512,5,0,1,0.0,15.7,5,0,1
1513,5,0,1,38.3,54.0,2,0,0
1514,5,0,1,0.0,54.0,5,0,1
1515,5,0,1,0.0,54.0,5,0,1
1516,5,0,1,0.0,54.0,5,0,1
1517,5,0,1,0.0,54.0,5,0,1
1518,5,0,1,0.0,54.0,5,0,1
1519,5,0,1,0.0,54.0,5,0,1
1520,5,0,1,4.4,58.4,3,0,1
1521,5,0,1,0.0,0.0,5,0,1
1522,5,0,1,0.0,0.0,5,0,1
1523,5,0,1,0.0,0.0,5,0,1
1524,5,0,1,0.0,0.0,5,0,1
1525,5,0,1,0.0,0.0,5,0,1
1526,5,0,1,0.0,0.0,5,0,1
1527,5,0,1,0.0,0.0,5,0,1
1528,5,0,1,0.0,0.0,5,0,1
1529,5,0,1,0.0,0.0,5,0,1
1530,5,0,1,0.0,0.0,5,0,1
1531,5,0,1,0.0,0.0,5,0,1
1532,5,0,1,0.0,0.0,5,0,1
1533,5,0,1,0.0,0.0,5,0,1
1534,5,0,1,0.0,0.0,5,0,1
1535,5,0,1,0.0,0.0,5,0,1
1536,5,0,1,2.2,2.2,3,0,1
1537,5,0,1,9.0,11.2,4,0,1
1538,5,0,1,0.0,11.2,5,0,1
1539,5,0,1,0.0,11.2,5,0,1
1540,5,0,1,0.0,11.2,5,0,1
1541,5,0,1,0.0,11.2,5,0,1
1542,5,0,1,0.0,11.2,5,0,1
1543,5,0,1,0.0,11.2,5,0,1
1544,5,0,1,0.0,11.2,5,0,1
1545,5,0,1,0.0,11.2,5,0,1
1546,5,0,1,0.0,11.2,5,0,1
1547,5,0,1,0.0,11.2,5,0,1
1548,5,0,1,35.5,46.7,2,0,0
1549,5,0,1,0.0,46.7,5,0,1
1550,5,0,1,29.5,76.2,4,0,2
1551,5,0,1,0.0,76.2,5,0,1
1552,5,0,1,0.0,0.0,5,0,1
1553,5,0,1,0.0,0.0,5,0,1
1554,5,0,1,12.1,12.1,4,0,1
1555,5,0,1,0.0,12.1,5,0,1
1556,5,0,1,0.0,12.1,5,0,1
1557,5,0,1,0.0,12.1,5,0,1
1558,5,0,1,0.0,12.1,5,0,1
1559,5,0,1,0.0,12.1,5,0,1
1560,5,0,1,2.8,14.9,3,0,1
1561,5,0,1,0.0,14.9,5,0,1
1562,5,0,1,0.0,14.9,5,0,1
1563,5,0,1,3.2,18.1,3,0,1
1564,5,0,1,0.0,18.1,5,0,1
1565,5,0,1,0.0,18.1,5,0,1
1566,5,0,1,0.0,18.1,5,0,1
1567,5,0,1,0.0,18.1,5,0,1
1568,5,0,1,26.7,44.8,4,0,2
1569,5,0,1,0.0,44.8,5,0,1
1570,5,0,1,0.0,44.8,5,0,1
1571,5,0,1,34.1,78.9,4,0,2
1572,5,0,1,29.3,108.2,4,0,2
1573,5,0,1,0.0,108.2,5,0,1
1574,5,0,1,8.9,117.1,4,0,1
1575,5,0,1,6.4,123.5,3,0,1
1576,5,0,1,37.3,160.8,2,0,0
1577,5,0,1,0.0,160.8,5,0,1
1578,5,0,1,3.9,164.7,3,0,1
1579,5,0,1,0.0,164.7,5,0,1
1580,5,0,1,0.0,164.7,5,0,1
1581,5,0,1,0.0,164.7,5,0,1
1582,5,0,1,0.0,0.0,5,0,1
1583,5,0,1,18.3,18.3,4,0,2
1584,5,0,1,0.0,18.3,5,0,1
1585,5,0,1,0.0,18.3,5,0,1
1586,5,0,1,15.0,33.3,4,0,1
1587,5,0,1,28.9,62.2,4,0,2
1588,5,0,1,3.2,65.4,3,0,1
1589,5,0,1,6.8,72.2,3,0,1
1590,5,0,1,10.7,82.9,4,0,1
1591,5,0,1,13.5,96.4,4,0,1
1592,5,0,1,0.0,96.4,5,0,1
1593,5,0,1,0.3,96.7,3,0,1
1594,5,0,1,2.8,99.5,3,0,1
1595,5,0,1,4.0,103.5,3,0,1
1596,5,0,1,6.7,110.2,3,0,1
1597,5,0,1,2.0,112.2,3,0,1
1598,5,0,1,5.2,117.4,3,0,1
1599,5,0,1,19.1,136.5,4,0,2
1600,5,0,1,0.0,136.5,5,0,1
1601,5,0,1,10.6,147.1,4,0,1
1602,5,0,1,0.0,147.1,5,0,1
1603,5,0,1,7.4,154.5,3,0,1
1604,5,0,1,0.0,154.5,5,0,1
1605,5,0,1,0.0,154.5,5,0,1
1606,5,0,1,21.9,176.4,4,0,2
1607,5,0,1,0.0,176.4,5,0,1
1608,5,0,1,2.1,178.5,3,0,1
1609,5,0,1,0.0,178.5,5,0,1
1610,5,0,1,14.1,192.6,4,0,1
1611,5,0,1,0.0,192.6,5,0,1
1612,5,0,1,0.7,193.3,3,0,1
1613,5,0,1,9.8,9.8,4,0,1
1614,5,0,1,1.7,11.5,3,0,1
1615,5,0,1,62.2,73.7,2,0,0
1616,5,0,1,0.9,74.6,3,0,1
1617,5,0,1,125.2,199.8,1,2,0
1618,5,0,1,8.8,208.6,4,0,1
1619,5,0,1,0.0,208.6,5,0,1
1620,5,0,1,8.1,216.7,4,0,1
1621,5,0,1,38.1,254.8,2,0,0
1622,5,0,1,51.6,306.4,2,0,0
1623,5,0,1,1.0,307.4,3,0,1
1624,5,0,1,30.0,337.4,4,0,2
1625,5,0,1,20.6,358.0,4,0,2
1626,5,0,1,34.2,392.2,4,0,2
1627,5,0,1,123.9,516.1,1,2,0
1628,5,0,1,0.0,516.1,5,0,1
1629,5,0,1,14.0,530.1,4,0,1
1630,5,0,1,8.3,538.4,4,0,1
1631,5,0,1,21.5,559.9,4,0,2
1632,5,0,1,4.6,564.5,3,0,1
1633,5,0,1,7.9,572.4,4,0,1
1634,5,0,1,15.8,588.2,4,0,2
1635,5,0,1,5.8,594.0,3,0,1
1636,5,0,1,26.2,620.2,4,0,2
1637,5,0,1,42.8,663.0,2,0,0
1638,5,0,1,130.9,793.9,1,2,0
1639,5,0,1,12.0,805.9,4,0,1
1640,5,0,1,17.5,823.4,4,0,2
1641,5,0,1,72.6,896.0,6,1,0
1642,5,0,1,37.6,933.6,2,0,0
1643,5,0,1,63.5,63.5,2,0,0
1644,5,0,1,3.4,66.9,3,0,1
1645,5,0,1,9.3,76.2,4,0,1
1646,5,0,1,11.1,87.3,4,0,1
1647,5,0,1,49.1,136.4,2,0,0
1648,5,0,1,1.8,138.2,3,0,1
1649,5,0,1,9.2,147.4,4,0,1
1650,5,0,1,38.1,185.5,2,0,0
1651,5,0,1,145.3,330.8,1,2,0
1652,5,0,1,9.9,340.7,4,0,1
1653,5,0,1,118.6,459.3,1,2,0
1654,5,0,1,55.8,515.1,2,0,0
1655,5,0,1,52.3,567.4,2,0,0
1656,5,0,1,7.9,575.3,4,0,1
1657,5,0,1,9.0,584.3,4,0,1
1658,5,0,1,15.6,599.9,4,0,2
1659,5,0,1,1.4,601.3,3,0,1
1660,5,0,1,32.5,633.8,4,0,2
1661,5,0,1,0.0,633.8,5,0,1
1662,5,0,1,18.8,652.6,4,0,2
1663,5,0,1,32.4,685.0,4,0,2
1664,5,0,1,15.0,700.0,4,0,1
1665,5,0,1,3.2,703.2,3,0,1
1666,5,0,1,204.0,907.2,1,2,0
1667,5,0,1,10.0,917.2,4,0,1
1668,5,0,1,22.9,940.1,4,0,2
1669,5,0,1,4.5,944.6,3,0,1
1670,5,0,1,45.6,990.2,2,0,0
1671,5,0,1,0.0,990.2,5,0,1
1672,5,0,1,29.7,1019.9,4,0,2
1673,5,0,1,13.7,1033.6,4,0,1
1674,5,0,1,28.5,28.5,4,0,2
1675,5,0,1,61.2,89.7,2,0,0
1676,5,0,1,25.5,115.2,4,0,2
1677,5,0,1,10.1,125.3,4,0,1
1678,5,0,1,33.5,158.8,4,0,2
1679,5,0,1,0.5,159.3,3,0,1
1680,5,0,1,21.4,180.7,4,0,2
1681,5,0,1,19.2,199.9,4,0,2
1682,5,0,1,44.4,244.3,2,0,0
1683,5,0,1,56.4,300.7,2,0,0
1684,5,0,1,2.9,303.6,3,0,1
1685,5,0,1,6.9,310.5,3,0,1
1686,5,0,1,42.2,352.7,2,0,0
1687,5,0,1,5.4,358.1,3,0,1
1688,5,0,1,88.2,446.3,6,1,0
1689,5,0,1,2.0,448.3,3,0,1
1690,5,0,1,0.7,449.0,3,0,1
1691,5,0,1,6.9,455.9,3,0,1
1692,5,0,1,37.3,493.2,2,0,0
1693,5,0,1,34.0,527.2,4,0,2
1694,5,0,1,42.1,569.3,2,0,0
1695,5,0,1,6.4,575.7,3,0,1
1696,5,0,1,11.8,587.5,4,0,1
1697,5,0,1,19.5,607.0,4,0,2
1698,5,0,1,18.6,625.6,4,0,2
1699,5,0,1,46.1,671.7,2,0,0
1700,5,0,1,24.0,695.7,4,0,2
1701,5,0,1,116.5,812.2,1,2,0
1702,5,0,1,3.1,815.3,3,0,1
1703,5,0,1,33.8,849.1,4,0,2
1704,5,0,1,12.2,861.3,4,0,1
1705,5,0,1,19.4,19.4,4,0,2
1706,5,0,1,30.2,49.6,4,0,2
1707,5,0,1,45.6,95.2,2,0,0
1708,5,0,1,3.3,98.5,3,0,1
1709,5,0,1,14.3,112.8,4,0,1
1710,5,0,1,39.5,152.3,2,0,0
1711,5,0,1,121.8,274.1,1,2,0
1712,5,0,1,28.7,302.8,4,0,2
1713,5,0,1,38.7,341.5,2,0,0
1714,5,0,1,3.9,345.4,3,0,1
1715,5,0,1,7.6,353.0,4,0,1
1716,5,0,1,1.4,354.4,3,0,1
1717,5,0,1,3.4,357.8,3,0,1
1718,5,0,1,62.6,420.4,2,0,0
1719,5,0,1,29.5,449.9,4,0,2
1720,5,0,1,70.1,520.0,6,1,0
1721,5,0,1,46.7,566.7,2,0,0
1722,5,0,1,42.3,609.0,2,0,0
1723,5,0,1,31.0,640.0,4,0,2
1724,5,0,1,1.7,641.7,3,0,1
1725,5,0,1,16.7,658.4,4,0,2
1726,5,0,1,5.6,664.0,3,0,1
1727,5,0,1,9.6,673.6,4,0,1
1728,5,0,1,126.7,800.3,1,2,0
1729,5,0,1,28.8,829.1,4,0,2
1730,5,0,1,64.9,894.0,6,1,0
1731,5,0,1,19.8,913.8,4,0,2
1732,5,0,1,80.9,994.7,6,1,0
1733,5,0,1,19.0,1013.7,4,0,2
1734,5,0,1,8.7,1022.4,4,0,1
1735,5,0,1,12.3,12.3,4,0,1
1736,5,0,1,2.9,15.2,3,0,1
1737,5,0,1,8.5,23.7,4,0,1
1738,5,0,1,14.4,38.1,4,0,1
1739,5,0,1,8.8,46.9,4,0,1
1740,5,0,1,7.0,53.9,3,0,1
1741,5,0,1,3.6,57.5,3,0,1
1742,5,0,1,33.8,91.3,4,0,2
1743,5,0,1,9.5,100.8,4,0,1
1744,5,0,1,25.8,126.6,4,0,2
1745,5,0,1,2.9,129.5,3,0,1
1746,5,0,1,8.8,138.3,4,0,1
1747,5,0,1,1.9,140.2,3,0,1
1748,5,0,1,15.2,155.4,4,0,2
1749,5,0,1,9.6,165.0,4,0,1
1750,5,0,1,24.1,189.1,4,0,2
1751,5,0,1,5.3,194.4,3,0,1
1752,5,0,1,3.8,198.2,3,0,1
1753,5,0,1,4.5,202.7,3,0,1
1754,5,0,1,9.2,211.9,4,0,1
1755,5,0,1,11.1,223.0,4,0,1
1756,5,0,1,0.4,223.4,3,0,1
1757,5,0,1,31.0,254.4,4,0,2
1758,5,0,1,4.6,259.0,3,0,1
1759,5,0,1,8.4,267.4,4,0,1
1760,5,0,1,15.0,282.4,4,0,1
1761,5,0,1,3.9,286.3,3,0,1
1762,5,0,1,2.9,289.2,3,0,1
1763,5,0,1,1.7,290.9,3,0,1
1764,5,0,1,9.2,300.1,4,0,1
1765,5,0,1,1.2,301.3,3,0,1
1766,5,0,1,16.5,16.5,4,0,2
1767,5,0,1,1.6,18.1,3,0,1
1768,5,0,1,4.2,22.3,3,0,1
1769,5,0,1,0.0,22.3,5,0,1
1770,5,0,1,0.0,22.3,5,0,1
1771,5,0,1,0.0,22.3,5,0,1
1772,5,0,1,15.8,38.1,4,0,2
1773,5,0,1,0.0,38.1,5,0,1
1774,5,0,1,0.2,38.3,3,0,1
1775,5,0,1,0.0,38.3,5,0,1
1776,5,0,1,0.0,38.3,5,0,1
1777,5,0,1,2.1,40.4,3,0,1
1778,5,0,1,27.3,67.7,4,0,2
1779,5,0,1,5.9,73.6,3,0,1
1780,5,0,1,0.0,73.6,5,0,1
1781,5,0,1,0.0,73.6,5,0,1
1782,5,0,1,6.9,80.5,3,0,1
1783,5,0,1,9.7,90.2,4,0,1
1784,5,0,1,0.0,90.2,5,0,1
1785,5,0,1,0.0,90.2,5,0,1
1786,5,0,1,0.0,90.2,5,0,1
1787,5,0,1,0.0,90.2,5,0,1
1788,5,0,1,2.0,92.2,3,0,1
1789,5,0,1,0.0,92.2,5,0,1
1790,5,0,1,0.0,92.2,5,0,1
1791,5,0,1,0.0,92.2,5,0,1
1792,5,0,1,0.0,92.2,5,0,1
1793,5,0,1,18.2,110.4,4,0,2
1794,5,0,1,2.9,113.3,3,0,1
1795,5,0,1,6.8,120.1,3,0,1
1796,5,0,1,0.0,0.0,5,0,1
1797,5,0,1,0.0,0.0,5,0,1
1798,5,0,1,0.0,0.0,5,0,1
1799,5,0,1,0.0,0.0,5,0,1
1800,5,0,1,0.0,0.0,5,0,1
1801,5,0,1,0.0,0.0,5,0,1
1802,5,0,1,0.0,0.0,5,0,1
1803,5,0,1,0.0,0.0,5,0,1
1804,5,0,1,0.0,0.0,5,0,1
1805,5,0,1,0.9,0.9,3,0,1
1806,5,0,1,0.0,0.9,5,0,1
1807,5,0,1,0.0,0.9,5,0,1
1808,5,0,1,0.0,0.9,5,0,1
1809,5,0,1,0.0,0.9,5,0,1
1810,5,0,1,0.0,0.9,5,0,1
1811,5,0,1,0.0,0.9,5,0,1
1812,5,0,1,0.0,0.9,5,0,1
1813,5,0,1,0.0,0.9,5,0,1
1814,5,0,1,0.0,0.9,5,0,1
1815,5,0,1,0.0,0.9,5,0,1
1816,5,0,1,0.0,0.9,5,0,1
1817,5,0,1,0.0,0.9,5,0,1
1818,5,0,1,0.0,0.9,5,0,1
1819,5,0,1,0.0,0.9,5,0,1
1820,5,0,1,0.0,0.9,5,0,1
1821,5,0,1,0.0,0.9,5,0,1
1822,5,0,1,0.0,0.9,5,0,1
1823,5,0,1,0.0,0.9,5,0,1
1824,5,0,1,0.0,0.9,5,0,1
1825,5,0,1,1.3,2.2,3,0,1
1826,5,0,1,0.0,2.2,5,0,1
0,2,1,3,0.0,0.0,5,0,1
1,2,1,3,0.0,0.0,5,0,1
2,2,1,3,0.0,0.0,5,0,1
3,2,1,3,0.0,0.0,5,0,1
4,2,1,3,0.0,0.0,5,0,1
5,2,1,3,6.2,6.2,3,0,1
6,2,1,3,0.0,6.2,5,0,1
7,2,1,3,0.0,6.2,5,0,1
8,2,1,3,7.0,13.2,3,0,1
9,2,1,3,0.0,13.2,5,0,1
10,2,1,3,0.0,13.2,5,0,1
11,2,1,3,0.0,13.2,5,0,1
12,2,1,3,0.0,13.2,5,0,1
13,2,1,3,0.0,13.2,5,0,1
14,2,1,3,0.0,13.2,5,0,1
15,2,1,3,0.0,13.2,5,0,1
16,2,1,3,3.4,16.6,3,0,1
17,2,1,3,0.0,16.6,5,0,1
18,2,1,3,0.0,16.6,5,0,1
19,2,1,3,11.1,27.7,4,0,1
20,2,1,3,0.0,27.7,5,0,1
21,2,1,3,0.0,27.7,5,0,1
22,2,1,3,0.0,27.7,5,0,1
23,2,1,3,0.0,27.7,5,0,1
24,2,1,3,0.0,27.7,5,0,1
25,2,1,3,0.0,27.7,5,0,1
26,2,1,3,0.0,27.7,5,0,1
27,2,1,3,0.0,27.7,5,0,1
28,2,1,3,0.0,27.7,5,0,1
29,2,1,3,0.0,27.7,5,0,1
30,2,1,3,5.4,33.1,3,0,1
31,2,1,3,0.8,0.8,3,0,1
32,2,1,3,0.0,0.8,5,0,1
33,2,1,3,4.0,4.8,3,0,1
34,2,1,3,2.1,6.9,3,0,1
35,2,1,3,0.0,6.9,5,0,1
36,2,1,3,0.0,6.9,5,0,1
37,2,1,3,0.0,6.9,5,0,1
38,2,1,3,0.0,6.9,5,0,1
39,2,1,3,0.0,6.9,5,0,1
40,2,1,3,0.0,6.9,5,0,1
41,2,1,3,0.0,6.9,5,0,1
42,2,1,3,0.0,6.9,5,0,1
43,2,1,3,0.0,6.9,5,0,1
44,2,1,3,0.0,6.9,5,0,1
45,2,1,3,0.0,6.9,5,0,1
46,2,1,3,0.0,6.9,5,0,1
47,2,1,3,0.0,6.9,5,0,1
48,2,1,3,0.0,6.9,5,0,1
49,2,1,3,0.0,6.9,5,0,1
50,2,1,3,0.0,6.9,5,0,1
51,2,1,3,0.0,6.9,5,0,1
52,2,1,3,1.5,8.4,3,0,1
53,2,1,3,0.0,8.4,5,0,1
54,2,1,3,0.0,8.4,5,0,1
55,2,1,3,0.0,8.4,5,0,1
56,2,1,3,0.0,8.4,5,0,1
57,2,1,3,0.0,8.4,5,0,1
58,2,1,3,0.0,8.4,5,0,1
59,2,1,3,0.0,8.4,5,0,1
60,2,1,3,0.0,0.0,5,0,1
61,2,1,3,0.0,0.0,5,0,1
62,2,1,3,0.0,0.0,5,0,1
63,2,1,3,0.0,0.0,5,0,1
64,2,1,3,0.0,0.0,5,0,1
65,2,1,3,0.0,0.0,5,0,1
66,2,1,3,0.0,0.0,5,0,1
67,2,1,3,0.0,0.0,5,0,1
68,2,1,3,0.0,0.0,5,0,1
69,2,1,3,0.0,0.0,5,0,1
70,2,1,3,0.0,0.0,5,0,1
71,2,1,3,0.0,0.0,5,0,1
72,2,1,3,0.0,0.0,5,0,1
73,2,1,3,0.0,0.0,5,0,1
74,2,1,3,0.0,0.0,5,0,1
75,2,1,3,0.0,0.0,5,0,1
76,2,1,3,0.0,0.0,5,0,1
77,2,1,3,0.0,0.0,5,0,1
78,2,1,3,0.1,0.1,3,0,1
79,2,1,3,0.0,0.1,5,0,1
80,2,1,3,0.0,0.1,5,0,1
81,2,1,3,0.0,0.1,5,0,1
82,2,1,3,0.0,0.1,5,0,1
83,2,1,3,0.0,0.1,5,0,1
84,2,1,3,0.0,0.1,5,0,1
85,2,1,3,0.0,0.1,5,0,1
86,2,1,3,0.0,0.1,5,0,1
87,2,1,3,0.0,0.1,5,0,1
88,2,1,3,0.0,0.1,5,0,1
89,2,1,3,0.0,0.1,5,0,1
90,2,1,3,0.0,0.1,5,0,1
91,2,1,3,0.0,0.0,5,0,1
92,2,1,3,0.0,0.0,5,0,1
93,2,1,3,0.0,0.0,5,0,1
94,2,1,3,0.0,0.0,5,0,1
95,2,1,3,0.0,0.0,5,0,1
96,2,1,3,0.0,0.0,5,0,1
97,2,1,3,0.0,0.0,5,0,1
98,2,1,3,0.0,0.0,5,0,1
99,2,1,3,0.0,0.0,5,0,1
100,2,1,3,0.0,0.0,5,0,1
101,2,1,3,0.0,0.0,5,0,1
102,2,1,3,0.0,0.0,5,0,1
103,2,1,3,0.0,0.0,5,0,1
104,2,1,3,0.0,0.0,5,0,1
105,2,1,3,0.0,0.0,5,0,1
106,2,1,3,0.0,0.0,5,0,1
107,2,1,3,0.0,0.0,5,0,1
108,2,1,3,0.0,0.0,5,0,1
109,2,1,3,0.0,0.0,5,0,1
110,2,1,3,0.0,0.0,5,0,1
111,2,1,3,0.0,0.0,5,0,1
112,2,1,3,0.0,0.0,5,0,1
113,2,1,3,0.0,0.0,5,0,1
114,2,1,3,0.0,0.0,5,0,1
115,2,1,3,0.0,0.0,5,0,1
116,2,1,3,0.0,0.0,5,0,1
117,2,1,3,0.0,0.0,5,0,1
118,2,1,3,0.0,0.0,5,0,1
119,2,1,3,2.7,2.7,3,0,1
120,2,1,3,0.0,2.7,5,0,1
121,2,1,3,0.0,0.0,5,0,1
122,2,1,3,0.0,0.0,5,0,1
123,2,1,3,0.0,0.0,5,0,1
124,2,1,3,7.8,7.8,4,0,1
125,2,1,3,13.5,21.3,4,0,1
126,2,1,3,5.4,26.7,3,0,1
127,2,1,3,4.8,31.5,3,0,1
128,2,1,3,9.8,41.3,4,0,1
129,2,1,3,2.0,43.3,3,0,1
130,2,1,3,0.0,43.3,5,0,1
131,2,1,3,5.4,48.7,3,0,1
132,2,1,3,0.0,48.7,5,0,1
133,2,1,3,0.0,48.7,5,0,1
134,2,1,3,0.0,48.7,5,0,1
135,2,1,3,0.0,48.7,5,0,1
136,2,1,3,18.7,67.4,4,0,2
137,2,1,3,0.0,67.4,5,0,1
138,2,1,3,0.0,67.4,5,0,1
139,2,1,3,3.5,70.9,3,0,1
140,2,1,3,0.0,70.9,5,0,1
141,2,1,3,0.0,70.9,5,0,1
142,2,1,3,0.0,70.9,5,0,1
143,2,1,3,0.0,70.9,5,0,1
144,2,1,3,0.0,70.9,5,0,1
145,2,1,3,0.0,70.9,5,0,1
146,2,1,3,0.8,71.7,3,0,1
147,2,1,3,2.8,74.5,3,0,1
148,2,1,3,0.0,74.5,5,0,1
149,2,1,3,0.0,74.5,5,0,1
150,2,1,3,11.3,85.8,4,0,1
151,2,1,3,0.0,85.8,5,0,1
152,2,1,3,3.5,3.5,3,0,1
153,2,1,3,31.8,35.3,4,0,2
154,2,1,3,27.0,62.3,4,0,2
155,2,1,3,52.3,114.6,2,0,0
156,2,1,3,0.0,114.6,5,0,1
157,2,1,3,17.1,131.7,4,0,2
158,2,1,3,0.0,131.7,5,0,1
159,2,1,3,10.2,141.9,4,0,1
160,2,1,3,7.8,149.7,4,0,1
161,2,1,3,10.1,159.8,4,0,1
162,2,1,3,0.0,159.8,5,0,1
163,2,1,3,0.0,159.8,5,0,1
164,2,1,3,4.3,164.1,3,0,1
165,2,1,3,68.7,232.8,6,1,0
166,2,1,3,60.8,293.6,2,0,0
167,2,1,3,2.8,296.4,3,0,1
168,2,1,3,0.0,296.4,5,0,1
169,2,1,3,1.4,297.8,3,0,1
170,2,1,3,24.4,322.2,4,0,2
171,2,1,3,15.2,337.4,4,0,2
172,2,1,3,8.6,346.0,4,0,1
173,2,1,3,11.2,357.2,4,0,1
174,2,1,3,36.8,394.0,2,0,0
175,2,1,3,0.0,394.0,5,0,1
176,2,1,3,12.0,406.0,4,0,1
177,2,1,3,1.8,407.8,3,0,1
178,2,1,3,25.3,433.1,4,0,2
179,2,1,3,32.1,465.2,4,0,2
180,2,1,3,7.3,472.5,3,0,1
181,2,1,3,6.1,478.6,3,0,1
182,2,1,3,9.2,9.2,4,0,1
183,2,1,3,8.2,17.4,4,0,1
184,2,1,3,43.7,61.1,2,0,0
185,2,1,3,1.7,62.8,3,0,1
186,2,1,3,7.4,70.2,3,0,1
187,2,1,3,3.3,73.5,3,0,1
188,2,1,3,0.0,73.5,5,0,1
189,2,1,3,16.0,89.5,4,0,2
190,2,1,3,9.0,98.5,4,0,1
191,2,1,3,19.4,117.9,4,0,2
192,2,1,3,13.6,131.5,4,0,1
193,2,1,3,57.7,189.2,2,0,0
194,2,1,3,0.0,189.2,5,0,1
195,2,1,3,0.0,189.2,5,0,1
196,2,1,3,4.3,193.5,3,0,1
197,2,1,3,5.1,198.6,3,0,1
198,2,1,3,12.9,211.5,4,0,1
199,2,1,3,21.5,233.0,4,0,2
200,2,1,3,4.2,237.2,3,0,1
201,2,1,3,54.6,291.8,2,0,0
202,2,1,3,6.3,298.1,3,0,1
203,2,1,3,0.0,298.1,5,0,1
204,2,1,3,105.0,403.1,6,1,0
205,2,1,3,4.2,407.3,3,0,1
206,2,1,3,48.8,456.1,2,0,0
207,2,1,3,0.6,456.7,3,0,1
208,2,1,3,0.0,456.7,5,0,1
209,2,1,3,4.4,461.1,3,0,1
210,2,1,3,0.0,461.1,5,0,1
211,2,1,3,4.4,465.5,3,0,1
212,2,1,3,12.4,477.9,4,0,1
213,2,1,3,0.0,0.0,5,0,1
214,2,1,3,0.0,0.0,5,0,1
215,2,1,3,15.1,15.1,4,0,2
216,2,1,3,5.2,20.3,3,0,1
217,2,1,3,14.7,35.0,4,0,1
218,2,1,3,48.1,83.1,2,0,0
219,2,1,3,16.8,99.9,4,0,2
220,2,1,3,30.6,130.5,4,0,2
221,2,1,3,155.0,285.5,1,2,0
222,2,1,3,16.5,302.0,4,0,2
223,2,1,3,5.5,307.5,3,0,1
224,2,1,3,22.0,329.5,4,0,2
225,2,1,3,24.9,354.4,4,0,2
226,2,1,3,6.6,361.0,3,0,1
227,2,1,3,11.2,372.2,4,0,1
228,2,1,3,9.7,381.9,4,0,1
229,2,1,3,0.0,381.9,5,0,1
230,2,1,3,9.2,391.1,4,0,1
231,2,1,3,1.2,392.3,3,0,1
232,2,1,3,5.0,397.3,3,0,1
233,2,1,3,15.3,412.6,4,0,2
234,2,1,3,87.3,499.9,6,1,0
235,2,1,3,3.1,503.0,3,0,1
236,2,1,3,44.2,547.2,2,0,0
237,2,1,3,2.0,549.2,3,0,1
238,2,1,3,12.1,561.3,4,0,1
239,2,1,3,1.9,563.2,3,0,1
240,2,1,3,0.0,563.2,5,0,1
241,2,1,3,3.9,567.1,3,0,1
242,2,1,3,27.3,594.4,4,0,2
243,2,1,3,12.0,606.4,4,0,1
244,2,1,3,69.5,69.5,6,1,0
245,2,1,3,5.3,74.8,3,0,1
246,2,1,3,13.2,88.0,4,0,1
247,2,1,3,82.0,170.0,6,1,0
248,2,1,3,71.7,241.7,6,1,0
249,2,1,3,0.0,241.7,5,0,1
250,2,1,3,0.0,241.7,5,0,1
251,2,1,3,16.8,258.5,4,0,2
252,2,1,3,16.6,275.1,4,0,2
253,2,1,3,30.2,305.3,4,0,2
254,2,1,3,44.6,349.9,2,0,0
255,2,1,3,15.5,365.4,4,0,2
256,2,1,3,0.5,365.9,3,0,1
257,2,1,3,11.8,377.7,4,0,1
258,2,1,3,1.7,379.4,3,0,1
259,2,1,3,14.0,393.4,4,0,1
260,2,1,3,32.6,426.0,4,0,2
261,2,1,3,27.4,453.4,4,0,2
262,2,1,3,7.0,460.4,3,0,1
263,2,1,3,3.4,463.8,3,0,1
264,2,1,3,0.0,463.8,5,0,1
265,2,1,3,1.1,464.9,3,0,1
266,2,1,3,13.3,478.2,4,0,1
267,2,1,3,0.0,478.2,5,0,1
268,2,1,3,15.4,493.6,4,0,2
269,2,1,3,45.4,539.0,2,0,0
270,2,1,3,0.0,539.0,5,0,1
271,2,1,3,17.7,556.7,4,0,2
272,2,1,3,15.3,572.0,4,0,2
273,2,1,3,15.7,587.7,4,0,2
274,2,1,3,0.0,0.0,5,0,1
275,2,1,3,7.8,7.8,4,0,1
276,2,1,3,6.9,14.7,3,0,1
277,2,1,3,0.0,14.7,5,0,1
278,2,1,3,2.0,16.7,3,0,1
279,2,1,3,0.0,16.7,5,0,1
280,2,1,3,0.0,16.7,5,0,1
281,2,1,3,0.0,16.7,5,0,1
282,2,1,3,12.9,29.6,4,0,1
283,2,1,3,1.3,30.9,3,0,1
284,2,1,3,8.9,39.8,4,0,1
285,2,1,3,7.6,47.4,4,0,1
286,2,1,3,0.0,47.4,5,0,1
287,2,1,3,4.8,52.2,3,0,1
288,2,1,3,0.0,52.2,5,0,1
289,2,1,3,5.4,57.6,3,0,1
290,2,1,3,13.1,70.7,4,0,1
291,2,1,3,0.0,70.7,5,0,1
292,2,1,3,2.7,73.4,3,0,1
293,2,1,3,2.0,75.4,3,0,1
294,2,1,3,0.0,75.4,5,0,1
295,2,1,3,0.8,76.2,3,0,1
296,2,1,3,7.6,83.8,4,0,1
297,2,1,3,1.6,85.4,3,0,1
298,2,1,3,0.0,85.4,5,0,1
299,2,1,3,5.4,90.8,3,0,1
300,2,1,3,0.0,90.8,5,0,1
301,2,1,3,0.0,90.8,5,0,1
302,2,1,3,10.0,100.8,4,0,1
303,2,1,3,0.0,100.8,5,0,1
304,2,1,3,0.4,101.2,3,0,1
305,2,1,3,0.0,0.0,5,0,1
306,2,1,3,0.0,0.0,5,0,1
307,2,1,3,1.7,1.7,3,0,1
308,2,1,3,0.0,1.7,5,0,1
309,2,1,3,0.0,1.7,5,0,1
310,2,1,3,0.0,1.7,5,0,1
311,2,1,3,0.0,1.7,5,0,1
312,2,1,3,0.0,1.7,5,0,1
313,2,1,3,0.0,1.7,5,0,1
314,2,1,3,5.3,7.0,3,0,1
315,2,1,3,0.0,7.0,5,0,1
316,2,1,3,0.0,7.0,5,0,1
317,2,1,3,0.0,7.0,5,0,1
318,2,1,3,0.0,7.0,5,0,1
319,2,1,3,0.0,7.0,5,0,1
320,2,1,3,0.0,7.0,5,0,1
321,2,1,3,0.0,7.0,5,0,1
322,2,1,3,0.0,7.0,5,0,1
323,2,1,3,0.0,7.0,5,0,1
324,2,1,3,0.0,7.0,5,0,1
325,2,1,3,0.0,7.0,5,0,1
326,2,1,3,0.0,7.0,5,0,1
327,2,1,3,0.0,7.0,5,0,1
328,2,1,3,12.4,19.4,4,0,1
329,2,1,3,0.0,19.4,5,0,1
330,2,1,3,0.0,19.4,5,0,1
331,2,1,3,0.0,19.4,5,0,1
332,2,1,3,0.0,19.4,5,0,1
333,2,1,3,7.6,27.0,4,0,1
334,2,1,3,0.0,27.0,5,0,1
335,2,1,3,0.0,0.0,5,0,1
336,2,1,3,0.0,0.0,5,0,1
337,2,1,3,0.0,0.0,5,0,1
338,2,1,3,0.0,0.0,5,0,1
339,2,1,3,0.0,0.0,5,0,1
340,2,1,3,0.0,0.0,5,0,1
341,2,1,3,4.7,4.7,3,0,1
342,2,1,3,0.0,4.7,5,0,1
343,2,1,3,0.0,4.7,5,0,1
344,2,1,3,0.0,4.7,5,0,1
345,2,1,3,0.0,4.7,5,0,1
346,2,1,3,1.6,6.3,3,0,1
347,2,1,3,0.0,6.3,5,0,1
348,2,1,3,0.0,6.3,5,0,1
349,2,1,3,0.0,6.3,5,0,1
350,2,1,3,0.0,6.3,5,0,1
351,2,1,3,3.9,10.2,3,0,1
352,2,1,3,0.0,10.2,5,0,1
353,2,1,3,0.0,10.2,5,0,1
354,2,1,3,0.0,10.2,5,0,1
355,2,1,3,0.0,10.2,5,0,1
356,2,1,3,0.0,10.2,5,0,1
357,2,1,3,0.0,10.2,5,0,1
358,2,1,3,0.0,10.2,5,0,1
359,2,1,3,0.0,10.2,5,0,1
360,2,1,3,0.0,10.2,5,0,1
361,2,1,3,0.0,10.2,5,0,1
362,2,1,3,0.0,10.2,5,0,1
363,2,1,3,0.0,10.2,5,0,1
364,2,1,3,0.0,10.2,5,0,1
365,2,1,3,0.0,10.2,5,0,1
366,2,1,2,0.0,0.0,5,0,1
367,2,1,2,0.0,0.0,5,0,1
368,2,1,2,0.0,0.0,5,0,1
369,2,1,2,0.0,0.0,5,0,1
370,2,1,2,0.0,0.0,5,0,1
371,2,1,2,0.0,0.0,5,0,1
372,2,1,2,0.0,0.0,5,0,1
373,2,1,2,0.0,0.0,5,0,1
374,2,1,2,0.0,0.0,5,0,1
375,2,1,2,0.0,0.0,5,0,1
376,2,1,2,0.0,0.0,5,0,1
377,2,1,2,0.0,0.0,5,0,1
378,2,1,2,0.8,0.8,3,0,1
379,2,1,2,0.0,0.8,5,0,1
380,2,1,2,0.0,0.8,5,0,1
381,2,1,2,0.0,0.8,5,0,1
382,2,1,2,0.0,0.8,5,0,1
383,2,1,2,0.0,0.8,5,0,1
384,2,1,2,0.0,0.8,5,0,1
385,2,1,2,0.0,0.8,5,0,1
386,2,1,2,0.0,0.8,5,0,1
387,2,1,2,0.0,0.8,5,0,1
388,2,1,2,3.6,4.4,3,0,1
389,2,1,2,0.0,4.4,5,0,1
390,2,1,2,1.1,5.5,3,0,1
391,2,1,2,0.0,5.5,5,0,1
392,2,1,2,4.0,9.5,3,0,1
393,2,1,2,0.0,9.5,5,0,1
394,2,1,2,0.0,9.5,5,0,1
395,2,1,2,0.0,9.5,5,0,1
396,2,1,2,0.0,9.5,5,0,1
397,2,1,2,0.0,0.0,5,0,1
398,2,1,2,0.0,0.0,5,0,1
399,2,1,2,0.0,0.0,5,0,1
400,2,1,2,0.0,0.0,5,0,1
401,2,1,2,0.0,0.0,5,0,1
402,2,1,2,0.0,0.0,5,0,1
403,2,1,2,3.2,3.2,3,0,1
404,2,1,2,6.8,10.0,3,0,1
405,2,1,2,0.0,10.0,5,0,1
406,2,1,2,0.6,10.6,3,0,1
407,2,1,2,0.0,10.6,5,0,1
408,2,1,2,0.0,10.6,5,0,1
409,2,1,2,0.0,10.6,5,0,1
410,2,1,2,3.8,14.4,3,0,1
411,2,1,2,0.0,14.4,5,0,1
412,2,1,2,0.0,14.4,5,0,1
413,2,1,2,1.7,16.1,3,0,1
414,2,1,2,0.0,16.1,5,0,1
415,2,1,2,0.0,16.1,5,0,1
416,2,1,2,14.5,30.6,4,0,1
417,2,1,2,0.0,30.6,5,0,1
418,2,1,2,0.0,30.6,5,0,1
419,2,1,2,0.0,30.6,5,0,1
420,2,1,2,0.0,30.6,5,0,1
421,2,1,2,0.0,30.6,5,0,1
422,2,1,2,0.0,30.6,5,0,1
423,2,1,2,0.0,30.6,5,0,1
424,2,1,2,0.0,30.6,5,0,1
425,2,1,2,0.0,0.0,5,0,1
426,2,1,2,0.0,0.0,5,0,1
427,2,1,2,0.0,0.0,5,0,1
428,2,1,2,0.0,0.0,5,0,1
429,2,1,2,0.0,0.0,5,0,1
430,2,1,2,0.0,0.0,5,0,1
431,2,1,2,0.0,0.0,5,0,1
432,2,1,2,0.0,0.0,5,0,1
433,2,1,2,0.0,0.0,5,0,1
434,2,1,2,0.0,0.0,5,0,1
435,2,1,2,3.6,3.6,3,0,1
436,2,1,2,0.0,3.6,5,0,1
437,2,1,2,0.0,3.6,5,0,1
438,2,1,2,0.0,3.6,5,0,1
439,2,1,2,0.0,3.6,5,0,1
440,2,1,2,0.0,3.6,5,0,1
441,2,1,2,0.0,3.6,5,0,1
442,2,1,2,0.0,3.6,5,0,1
443,2,1,2,0.0,3.6,5,0,1
444,2,1,2,0.0,3.6,5,0,1
445,2,1,2,0.0,3.6,5,0,1
446,2,1,2,0.0,3.6,5,0,1
447,2,1,2,0.0,3.6,5,0,1
448,2,1,2,0.0,3.6,5,0,1
449,2,1,2,0.0,3.6,5,0,1
450,2,1,2,0.0,3.6,5,0,1
451,2,1,2,0.0,3.6,5,0,1
452,2,1,2,0.0,3.6,5,0,1
453,2,1,2,0.0,3.6,5,0,1
454,2,1,2,0.0,3.6,5,0,1
455,2,1,2,0.0,3.6,5,0,1
456,2,1,2,0.0,0.0,5,0,1
457,2,1,2,0.0,0.0,5,0,1
458,2,1,2,0.0,0.0,5,0,1
459,2,1,2,0.0,0.0,5,0,1
460,2,1,2,0.0,0.0,5,0,1
461,2,1,2,7.4,7.4,3,0,1
462,2,1,2,0.0,7.4,5,0,1
463,2,1,2,0.0,7.4,5,0,1
464,2,1,2,0.0,7.4,5,0,1
465,2,1,2,5.2,12.6,3,0,1
466,2,1,2,0.0,12.6,5,0,1
467,2,1,2,8.2,20.8,4,0,1
468,2,1,2,6.5,27.3,3,0,1
469,2,1,2,3.9,31.2,3,0,1
470,2,1,2,0.0,31.2,5,0,1
471,2,1,2,0.0,31.2,5,0,1
472,2,1,2,0.0,31.2,5,0,1
473,2,1,2,7.7,38.9,4,0,1
474,2,1,2,0.0,38.9,5,0,1
475,2,1,2,0.0,38.9,5,0,1
476,2,1,2,1.6,40.5,3,0,1
477,2,1,2,0.0,40.5,5,0,1
478,2,1,2,0.0,40.5,5,0,1
479,2,1,2,0.0,40.5,5,0,1
480,2,1,2,0.0,40.5,5,0,1
481,2,1,2,0.0,40.5,5,0,1
482,2,1,2,0.0,40.5,5,0,1
483,2,1,2,9.4,49.9,4,0,1
484,2,1,2,0.0,49.9,5,0,1
485,2,1,2,0.0,49.9,5,0,1
486,2,1,2,0.0,0.0,5,0,1
487,2,1,2,2.0,2.0,3,0,1
488,2,1,2,7.8,9.8,4,0,1
489,2,1,2,5.1,14.9,3,0,1
490,2,1,2,0.0,14.9,5,0,1
491,2,1,2,0.0,14.9,5,0,1
492,2,1,2,0.0,14.9,5,0,1
493,2,1,2,0.0,14.9,5,0,1
494,2,1,2,3.0,17.9,3,0,1
495,2,1,2,0.0,17.9,5,0,1
496,2,1,2,0.0,17.9,5,0,1
497,2,1,2,39.9,57.8,2,0,0
498,2,1,2,0.0,57.8,5,0,1
499,2,1,2,0.0,57.8,5,0,1
500,2,1,2,6.2,64.0,3,0,1
501,2,1,2,4.2,68.2,3,0,1
502,2,1,2,0.0,68.2,5,0,1
503,2,1,2,0.0,68.2,5,0,1
504,2,1,2,11.6,79.8,4,0,1
505,2,1,2,0.0,79.8,5,0,1
506,2,1,2,2.5,82.3,3,0,1
507,2,1,2,0.0,82.3,5,0,1
508,2,1,2,0.0,82.3,5,0,1
509,2,1,2,0.0,82.3,5,0,1
510,2,1,2,8.8,91.1,4,0,1
511,2,1,2,7.0,98.1,3,0,1
512,2,1,2,4.7,102.8,3,0,1
513,2,1,2,9.4,112.2,4,0,1
514,2,1,2,7.9,120.1,4,0,1
515,2,1,2,0.0,120.1,5,0,1
516,2,1,2,0.0,120.1,5,0,1
517,2,1,2,0.7,0.7,3,0,1
518,2,1,2,2.1,2.8,3,0,1
519,2,1,2,45.7,48.5,2,0,0
520,2,1,2,33.5,82.0,4,0,2
521,2,1,2,0.0,82.0,5,0,1
522,2,1,2,0.0,82.0,5,0,1
523,2,1,2,20.8,102.8,4,0,2
524,2,1,2,5.1,107.9,3,0,1
525,2,1,2,0.0,107.9,5,0,1
526,2,1,2,30.0,137.9,4,0,2
527,2,1,2,4.1,142.0,3,0,1
528,2,1,2,14.1,156.1,4,0,1
529,2,1,2,34.4,190.5,4,0,2
530,2,1,2,11.2,201.7,4,0,1
531,2,1,2,0.8,202.5,3,0,1
532,2,1,2,0.0,202.5,5,0,1
533,2,1,2,6.6,209.1,3,0,1
534,2,1,2,10.9,220.0,4,0,1
535,2,1,2,8.6,228.6,4,0,1
536,2,1,2,31.5,260.1,4,0,2
537,2,1,2,108.4,368.5,6,1,0
538,2,1,2,0.8,369.3,3,0,1
539,2,1,2,0.8,370.1,3,0,1
540,2,1,2,18.9,389.0,4,0,2
541,2,1,2,0.0,389.0,5,0,1
542,2,1,2,85.5,474.5,6,1,0
543,2,1,2,0.0,474.5,5,0,1
544,2,1,2,2.5,477.0,3,0,1
545,2,1,2,0.0,477.0,5,0,1
546,2,1,2,0.0,477.0,5,0,1
547,2,1,2,6.3,6.3,3,0,1
548,2,1,2,3.1,9.4,3,0,1
549,2,1,2,10.5,19.9,4,0,1
550,2,1,2,44.7,64.6,2,0,0
551,2,1,2,4.4,69.0,3,0,1
552,2,1,2,9.0,78.0,4,0,1
553,2,1,2,0.5,78.5,3,0,1
554,2,1,2,28.2,106.7,4,0,2
555,2,1,2,10.9,117.6,4,0,1
556,2,1,2,30.9,148.5,4,0,2
557,2,1,2,2.4,150.9,3,0,1
558,2,1,2,0.5,151.4,3,0,1
559,2,1,2,11.0,162.4,4,0,1
560,2,1,2,23.1,185.5,4,0,2
561,2,1,2,19.8,205.3,4,0,2
562,2,1,2,5.9,211.2,3,0,1
563,2,1,2,12.0,223.2,4,0,1
564,2,1,2,21.7,244.9,4,0,2
565,2,1,2,0.0,244.9,5,0,1
566,2,1,2,95.2,340.1,6,1,0
567,2,1,2,67.8,407.9,6,1,0
568,2,1,2,6.0,413.9,3,0,1
569,2,1,2,13.6,427.5,4,0,1
570,2,1,2,33.3,460.8,4,0,2
571,2,1,2,75.4,536.2,6,1,0
572,2,1,2,38.9,575.1,2,0,0
573,2,1,2,26.3,601.4,4,0,2
574,2,1,2,27.0,628.4,4,0,2
575,2,1,2,48.7,677.1,2,0,0
576,2,1,2,0.0,677.1,5,0,1
577,2,1,2,2.3,679.4,3,0,1
578,2,1,2,19.6,19.6,4,0,2
579,2,1,2,19.0,38.6,4,0,2
580,2,1,2,68.4,107.0,6,1,0
581,2,1,2,5.8,112.8,3,0,1
582,2,1,2,0.0,112.8,5,0,1
583,2,1,2,132.7,245.5,1,2,0
584,2,1,2,21.0,266.5,4,0,2
585,2,1,2,51.6,318.1,2,0,0
586,2,1,2,27.0,345.1,4,0,2
587,2,1,2,33.2,378.3,4,0,2
588,2,1,2,9.5,387.8,4,0,1
589,2,1,2,97.3,485.1,6,1,0
590,2,1,2,0.0,485.1,5,0,1
591,2,1,2,12.1,497.2,4,0,1
592,2,1,2,17.1,514.3,4,0,2
593,2,1,2,24.5,538.8,4,0,2
594,2,1,2,9.0,547.8,4,0,1
595,2,1,2,5.6,553.4,3,0,1
596,2,1,2,1.5,554.9,3,0,1
597,2,1,2,12.5,567.4,4,0,1
598,2,1,2,12.5,579.9,4,0,1
599,2,1,2,1.0,580.9,3,0,1
600,2,1,2,29.8,610.7,4,0,2
601,2,1,2,60.9,671.6,2,0,0
602,2,1,2,52.5,724.1,2,0,0
603,2,1,2,62.3,786.4,2,0,0
604,2,1,2,36.2,822.6,2,0,0
605,2,1,2,10.6,833.2,4,0,1
606,2,1,2,40.6,873.8,2,0,0
607,2,1,2,24.2,898.0,4,0,2
608,2,1,2,12.1,910.1,4,0,1
609,2,1,2,73.7,73.7,6,1,0
610,2,1,2,12.7,86.4,4,0,1
611,2,1,2,42.4,128.8,2,0,0
612,2,1,2,29.1,157.9,4,0,2
613,2,1,2,31.1,189.0,4,0,2
614,2,1,2,8.2,197.2,4,0,1
615,2,1,2,9.3,206.5,4,0,1
616,2,1,2,12.4,218.9,4,0,1
617,2,1,2,1.3,220.2,3,0,1
618,2,1,2,3.5,223.7,3,0,1
619,2,1,2,28.9,252.6,4,0,2
620,2,1,2,37.8,290.4,2,0,0
621,2,1,2,121.9,412.3,1,2,0
622,2,1,2,127.2,539.5,1,2,0
623,2,1,2,23.1,562.6,4,0,2
624,2,1,2,48.5,611.1,2,0,0
625,2,1,2,13.7,624.8,4,0,1
626,2,1,2,7.9,632.7,4,0,1
627,2,1,2,14.5,647.2,4,0,1
628,2,1,2,27.7,674.9,4,0,2
629,2,1,2,31.9,706.8,4,0,2
630,2,1,2,10.2,717.0,4,0,1
631,2,1,2,0.0,717.0,5,0,1
632,2,1,2,40.0,757.0,2,0,0
633,2,1,2,5.7,762.7,3,0,1
634,2,1,2,17.4,780.1,4,0,2
635,2,1,2,45.1,825.2,2,0,0
636,2,1,2,7.0,832.2,3,0,1
637,2,1,2,19.1,851.3,4,0,2
638,2,1,2,63.0,914.3,2,0,0
639,2,1,2,47.9,47.9,2,0,0
640,2,1,2,0.3,48.2,3,0,1
641,2,1,2,0.2,48.4,3,0,1
642,2,1,2,0.0,48.4,5,0,1
643,2,1,2,22.8,71.2,4,0,2
644,2,1,2,7.3,78.5,3,0,1
645,2,1,2,5.5,84.0,3,0,1
646,2,1,2,5.8,89.8,3,0,1
647,2,1,2,11.3,101.1,4,0,1
648,2,1,2,12.3,113.4,4,0,1
649,2,1,2,21.4,134.8,4,0,2
650,2,1,2,0.0,134.8,5,0,1
651,2,1,2,1.6,136.4,3,0,1
652,2,1,2,0.0,136.4,5,0,1
653,2,1,2,1.4,137.8,3,0,1
654,2,1,2,8.3,146.1,4,0,1
655,2,1,2,0.6,146.7,3,0,1
656,2,1,2,0.1,146.8,3,0,1
657,2,1,2,0.0,146.8,5,0,1
658,2,1,2,14.5,161.3,4,0,1
659,2,1,2,7.6,168.9,4,0,1
660,2,1,2,1.1,170.0,3,0,1
661,2,1,2,3.2,173.2,3,0,1
662,2,1,2,2.9,176.1,3,0,1
663,2,1,2,1.2,177.3,3,0,1
664,2,1,2,14.5,191.8,4,0,1
665,2,1,2,7.6,199.4,4,0,1
666,2,1,2,15.7,215.1,4,0,2
667,2,1,2,3.6,218.7,3,0,1
668,2,1,2,4.8,223.5,3,0,1
669,2,1,2,6.1,229.6,3,0,1
670,2,1,2,1.6,1.6,3,0,1
671,2,1,2,0.0,1.6,5,0,1
672,2,1,2,0.0,1.6,5,0,1
673,2,1,2,0.0,1.6,5,0,1
674,2,1,2,3.2,4.8,3,0,1
675,2,1,2,0.0,4.8,5,0,1
676,2,1,2,0.0,4.8,5,0,1
677,2,1,2,0.0,4.8,5,0,1
678,2,1,2,0.0,4.8,5,0,1
679,2,1,2,0.0,4.8,5,0,1
680,2,1,2,0.0,4.8,5,0,1
681,2,1,2,0.0,4.8,5,0,1
682,2,1,2,0.0,4.8,5,0,1
683,2,1,2,2.0,6.8,3,0,1
684,2,1,2,0.0,6.8,5,0,1
685,2,1,2,0.0,6.8,5,0,1
686,2,1,2,0.0,6.8,5,0,1
687,2,1,2,0.0,6.8,5,0,1
688,2,1,2,7.2,14.0,3,0,1
689,2,1,2,5.3,19.3,3,0,1
690,2,1,2,1.9,21.2,3,0,1
691,2,1,2,0.0,21.2,5,0,1
692,2,1,2,0.0,21.2,5,0,1
693,2,1,2,0.0,21.2,5,0,1
694,2,1,2,0.0,21.2,5,0,1
695,2,1,2,1.0,22.2,3,0,1
696,2,1,2,2.9,25.1,3,0,1
697,2,1,2,0.0,25.1,5,0,1
698,2,1,2,0.0,25.1,5,0,1
699,2,1,2,0.0,25.1,5,0,1
700,2,1,2,0.0,0.0,5,0,1
701,2,1,2,0.0,0.0,5,0,1
702,2,1,2,0.0,0.0,5,0,1
703,2,1,2,0.6,0.6,3,0,1
704,2,1,2,0.0,0.6,5,0,1
705,2,1,2,0.0,0.6,5,0,1
706,2,1,2,0.0,0.6,5,0,1
707,2,1,2,0.0,0.6,5,0,1
708,2,1,2,0.0,0.6,5,0,1
709,2,1,2,0.0,0.6,5,0,1
710,2,1,2,0.0,0.6,5,0,1
711,2,1,2,0.0,0.6,5,0,1
712,2,1,2,0.0,0.6,5,0,1
713,2,1,2,2.1,2.7,3,0,1
714,2,1,2,0.0,2.7,5,0,1
715,2,1,2,0.0,2.7,5,0,1
716,2,1,2,4.5,7.2,3,0,1
717,2,1,2,0.0,7.2,5,0,1
718,2,1,2,0.0,7.2,5,0,1
719,2,1,2,0.0,7.2,5,0,1
720,2,1,2,0.0,7.2,5,0,1
721,2,1,2,16.1,23.3,4,0,2
722,2,1,2,0.0,23.3,5,0,1
723,2,1,2,0.0,23.3,5,0,1
724,2,1,2,0.0,23.3,5,0,1
725,2,1,2,0.0,23.3,5,0,1
726,2,1,2,0.0,23.3,5,0,1
727,2,1,2,0.0,23.3,5,0,1
728,2,1,2,0.0,23.3,5,0,1
729,2,1,2,0.0,23.3,5,0,1
730,2,1,2,0.0,23.3,5,0,1
731,2,1,0,0.0,0.0,5,0,1
732,2,1,0,0.0,0.0,5,0,1
733,2,1,0,0.0,0.0,5,0,1
734,2,1,0,0.0,0.0,5,0,1
735,2,1,0,0.0,0.0,5,0,1
736,2,1,0,0.0,0.0,5,0,1
737,2,1,0,0.0,0.0,5,0,1
738,2,1,0,0.0,0.0,5,0,1
739,2,1,0,0.0,0.0,5,0,1
740,2,1,0,0.0,0.0,5,0,1
741,2,1,0,0.0,0.0,5,0,1
742,2,1,0,0.0,0.0,5,0,1
743,2,1,0,0.0,0.0,5,0,1
744,2,1,0,0.0,0.0,5,0,1
745,2,1,0,0.0,0.0,5,0,1
746,2,1,0,0.0,0.0,5,0,1
747,2,1,0,0.0,0.0,5,0,1
748,2,1,0,0.0,0.0,5,0,1
749,2,1,0,0.0,0.0,5,0,1
750,2,1,0,0.0,0.0,5,0,1
751,2,1,0,0.0,0.0,5,0,1
752,2,1,0,0.0,0.0,5,0,1
753,2,1,0,0.0,0.0,5,0,1
754,2,1,0,0.0,0.0,5,0,1
755,2,1,0,0.0,0.0,5,0,1
756,2,1,0,0.0,0.0,5,0,1
757,2,1,0,0.0,0.0,5,0,1
758,2,1,0,0.0,0.0,5,0,1
759,2,1,0,1.0,1.0,3,0,1
760,2,1,0,0.2,1.2,3,0,1
761,2,1,0,0.0,1.2,5,0,1
762,2,1,0,0.0,0.0,5,0,1
763,2,1,0,0.0,0.0,5,0,1
764,2,1,0,0.0,0.0,5,0,1
765,2,1,0,0.0,0.0,5,0,1
766,2,1,0,0.0,0.0,5,0,1
767,2,1,0,0.0,0.0,5,0,1
768,2,1,0,0.0,0.0,5,0,1
769,2,1,0,0.0,0.0,5,0,1
770,2,1,0,0.0,0.0,5,0,1
771,2,1,0,0.0,0.0,5,0,1
772,2,1,0,0.0,0.0,5,0,1
773,2,1,0,0.0,0.0,5,0,1
774,2,1,0,0.0,0.0,5,0,1
775,2,1,0,0.0,0.0,5,0,1
776,2,1,0,7.3,7.3,3,0,1
777,2,1,0,0.0,7.3,5,0,1
778,2,1,0,0.0,7.3,5,0,1
779,2,1,0,0.0,7.3,5,0,1
780,2,1,0,0.0,7.3,5,0,1
781,2,1,0,0.0,7.3,5,0,1
782,2,1,0,0.0,7.3,5,0,1
783,2,1,0,0.0,7.3,5,0,1
784,2,1,0,0.0,7.3,5,0,1
785,2,1,0,1.8,9.1,3,0,1
786,2,1,0,0.0,9.1,5,0,1
787,2,1,0,0.0,9.1,5,0,1
788,2,1,0,0.0,9.1,5,0,1
789,2,1,0,0.0,9.1,5,0,1
790,2,1,0,0.0,0.0,5,0,1
791,2,1,0,0.6,0.6,3,0,1
792,2,1,0,0.0,0.6,5,0,1
793,2,1,0,0.0,0.6,5,0,1
794,2,1,0,0.0,0.6,5,0,1
795,2,1,0,0.0,0.6,5,0,1
796,2,1,0,0.0,0.6,5,0,1
797,2,1,0,0.0,0.6,5,0,1
798,2,1,0,0.0,0.6,5,0,1
799,2,1,0,0.0,0.6,5,0,1
800,2,1,0,0.0,0.6,5,0,1
801,2,1,0,0.0,0.6,5,0,1
802,2,1,0,0.0,0.6,5,0,1
803,2,1,0,0.0,0.6,5,0,1
804,2,1,0,0.0,0.6,5,0,1
805,2,1,0,0.0,0.6,5,0,1
806,2,1,0,0.0,0.6,5,0,1
807,2,1,0,0.0,0.6,5,0,1
808,2,1,0,3.7,4.3,3,0,1
809,2,1,0,0.0,4.3,5,0,1
810,2,1,0,0.0,4.3,5,0,1
811,2,1,0,0.0,4.3,5,0,1
812,2,1,0,0.0,4.3,5,0,1
813,2,1,0,0.0,4.3,5,0,1
814,2,1,0,0.0,4.3,5,0,1
815,2,1,0,0.0,4.3,5,0,1
816,2,1,0,0.0,4.3,5,0,1
817,2,1,0,0.0,4.3,5,0,1
818,2,1,0,0.0,4.3,5,0,1
819,2,1,0,0.0,4.3,5,0,1
820,2,1,0,0.0,4.3,5,0,1
821,2,1,0,0.0,0.0,5,0,1
822,2,1,0,0.0,0.0,5,0,1
823,2,1,0,0.0,0.0,5,0,1
824,2,1,0,0.0,0.0,5,0,1
825,2,1,0,0.0,0.0,5,0,1
826,2,1,0,0.0,0.0,5,0,1
827,2,1,0,0.0,0.0,5,0,1
828,2,1,0,0.0,0.0,5,0,1
829,2,1,0,0.0,0.0,5,0,1
830,2,1,0,0.0,0.0,5,0,1
831,2,1,0,2.0,2.0,3,0,1
832,2,1,0,0.0,2.0,5,0,1
833,2,1,0,0.0,2.0,5,0,1
834,2,1,0,0.0,2.0,5,0,1
835,2,1,0,0.0,2.0,5,0,1
836,2,1,0,0.0,2.0,5,0,1
837,2,1,0,0.0,2.0,5,0,1
838,2,1,0,0.0,2.0,5,0,1
839,2,1,0,0.0,2.0,5,0,1
840,2,1,0,0.0,2.0,5,0,1
841,2,1,0,0.0,2.0,5,0,1
842,2,1,0,0.0,2.0,5,0,1
843,2,1,0,0.0,2.0,5,0,1
844,2,1,0,0.0,2.0,5,0,1
845,2,1,0,0.0,2.0,5,0,1
846,2,1,0,0.0,2.0,5,0,1
847,2,1,0,0.0,2.0,5,0,1
848,2,1,0,0.0,2.0,5,0,1
849,2,1,0,0.0,2.0,5,0,1
850,2,1,0,0.0,2.0,5,0,1
851,2,1,0,0.0,0.0,5,0,1
852,2,1,0,0.0,0.0,5,0,1
853,2,1,0,0.0,0.0,5,0,1
854,2,1,0,7.0,7.0,3,0,1
855,2,1,0,0.0,7.0,5,0,1
856,2,1,0,0.0,7.0,5,0,1
857,2,1,0,0.0,7.0,5,0,1
858,2,1,0,0.0,7.0,5,0,1
859,2,1,0,1.3,8.3,3,0,1
860,2,1,0,0.0,8.3,5,0,1
861,2,1,0,0.6,8.9,3,0,1
862,2,1,0,1.2,10.1,3,0,1
863,2,1,0,0.0,10.1,5,0,1
864,2,1,0,0.0,10.1,5,0,1
865,2,1,0,0.0,10.1,5,0,1
866,2,1,0,1.3,11.4,3,0,1
867,2,1,0,0.0,11.4,5,0,1
868,2,1,0,0.0,11.4,5,0,1
869,2,1,0,0.0,11.4,5,0,1
870,2,1,0,0.0,11.4,5,0,1
871,2,1,0,0.0,11.4,5,0,1
872,2,1,0,0.0,11.4,5,0,1
873,2,1,0,0.0,11.4,5,0,1
874,2,1,0,0.0,11.4,5,0,1
875,2,1,0,0.0,11.4,5,0,1
876,2,1,0,0.0,11.4,5,0,1
877,2,1,0,0.0,11.4,5,0,1
878,2,1,0,1.6,13.0,3,0,1
879,2,1,0,3.0,16.0,3,0,1
880,2,1,0,0.0,16.0,5,0,1
881,2,1,0,0.0,16.0,5,0,1
882,2,1,0,0.0,0.0,5,0,1
883,2,1,0,0.0,0.0,5,0,1
884,2,1,0,1.6,1.6,3,0,1
885,2,1,0,4.5,6.1,3,0,1
886,2,1,0,0.0,6.1,5,0,1
887,2,1,0,9.3,15.4,4,0,1
888,2,1,0,6.8,22.2,3,0,1
889,2,1,0,2.5,24.7,3,0,1
890,2,1,0,0.0,24.7,5,0,1
891,2,1,0,0.0,24.7,5,0,1
892,2,1,0,5.4,30.1,3,0,1
893,2,1,0,0.0,30.1,5,0,1
894,2,1,0,7.4,37.5,3,0,1
895,2,1,0,0.0,37.5,5,0,1
896,2,1,0,0.0,37.5,5,0,1
897,2,1,0,0.0,37.5,5,0,1
898,2,1,0,0.0,37.5,5,0,1
899,2,1,0,0.0,37.5,5,0,1
900,2,1,0,0.0,37.5,5,0,1
901,2,1,0,0.0,37.5,5,0,1
902,2,1,0,0.0,37.5,5,0,1
903,2,1,0,0.4,37.9,3,0,1
904,2,1,0,0.0,37.9,5,0,1
905,2,1,0,5.4,43.3,3,0,1
906,2,1,0,0.0,43.3,5,0,1
907,2,1,0,0.0,43.3,5,0,1
908,2,1,0,0.0,43.3,5,0,1
909,2,1,0,2.9,46.2,3,0,1
910,2,1,0,0.0,46.2,5,0,1
911,2,1,0,0.0,46.2,5,0,1
912,2,1,0,0.0,0.0,5,0,1
913,2,1,0,2.1,2.1,3,0,1
914,2,1,0,0.0,2.1,5,0,1
915,2,1,0,0.0,2.1,5,0,1
916,2,1,0,7.3,9.4,3,0,1
917,2,1,0,0.1,9.5,3,0,1
918,2,1,0,0.0,9.5,5,0,1
919,2,1,0,0.0,9.5,5,0,1
920,2,1,0,0.0,9.5,5,0,1
921,2,1,0,4.2,13.7,3,0,1
922,2,1,0,0.0,13.7,5,0,1
923,2,1,0,0.0,13.7,5,0,1
924,2,1,0,0.0,13.7,5,0,1
925,2,1,0,0.0,13.7,5,0,1
926,2,1,0,0.0,13.7,5,0,1
927,2,1,0,0.0,13.7,5,0,1
928,2,1,0,15.1,28.8,4,0,2
929,2,1,0,0.0,28.8,5,0,1
930,2,1,0,3.2,32.0,3,0,1
931,2,1,0,0.0,32.0,5,0,1
932,2,1,0,0.0,32.0,5,0,1
933,2,1,0,0.0,32.0,5,0,1
934,2,1,0,1.2,33.2,3,0,1
935,2,1,0,0.0,33.2,5,0,1
936,2,1,0,1.9,35.1,3,0,1
937,2,1,0,0.0,35.1,5,0,1
938,2,1,0,0.0,35.1,5,0,1
939,2,1,0,0.0,35.1,5,0,1
940,2,1,0,0.0,35.1,5,0,1
941,2,1,0,10.4,45.5,4,0,1
942,2,1,0,15.2,60.7,4,0,2
943,2,1,0,0.0,0.0,5,0,1
944,2,1,0,5.7,5.7,3,0,1
945,2,1,0,8.6,14.3,4,0,1
946,2,1,0,19.8,34.1,4,0,2
947,2,1,0,0.0,34.1,5,0,1
948,2,1,0,0.0,34.1,5,0,1
949,2,1,0,8.3,42.4,4,0,1
950,2,1,0,7.8,50.2,4,0,1
951,2,1,0,3.4,53.6,3,0,1
952,2,1,0,0.0,53.6,5,0,1
953,2,1,0,17.8,71.4,4,0,2
954,2,1,0,1.7,73.1,3,0,1
955,2,1,0,0.0,73.1,5,0,1
956,2,1,0,3.6,76.7,3,0,1
957,2,1,0,0.0,76.7,5,0,1
958,2,1,0,63.7,140.4,2,0,0
959,2,1,0,0.0,140.4,5,0,1
960,2,1,0,5.9,146.3,3,0,1
961,2,1,0,16.4,162.7,4,0,2
962,2,1,0,0.0,162.7,5,0,1
963,2,1,0,0.0,162.7,5,0,1
964,2,1,0,0.0,162.7,5,0,1
965,2,1,0,4.9,167.6,3,0,1
966,2,1,0,0.0,167.6,5,0,1
967,2,1,0,0.0,167.6,5,0,1
968,2,1,0,7.4,175.0,3,0,1
969,2,1,0,0.0,175.0,5,0,1
970,2,1,0,9.0,184.0,4,0,1
971,2,1,0,11.8,195.8,4,0,1
972,2,1,0,0.0,195.8,5,0,1
973,2,1,0,0.0,195.8,5,0,1
974,2,1,0,0.0,0.0,5,0,1
975,2,1,0,0.0,0.0,5,0,1
976,2,1,0,0.0,0.0,5,0,1
977,2,1,0,0.0,0.0,5,0,1
978,2,1,0,25.9,25.9,4,0,2
979,2,1,0,0.0,25.9,5,0,1
980,2,1,0,0.0,25.9,5,0,1
981,2,1,0,0.0,25.9,5,0,1
982,2,1,0,0.0,25.9,5,0,1
983,2,1,0,0.0,25.9,5,0,1
984,2,1,0,0.0,25.9,5,0,1
985,2,1,0,8.2,34.1,4,0,1
986,2,1,0,0.0,34.1,5,0,1
987,2,1,0,0.0,34.1,5,0,1
988,2,1,0,2.4,36.5,3,0,1
989,2,1,0,0.0,36.5,5,0,1
990,2,1,0,0.0,36.5,5,0,1
991,2,1,0,0.0,36.5,5,0,1
992,2,1,0,0.0,36.5,5,0,1
993,2,1,0,0.0,36.5,5,0,1
994,2,1,0,0.0,36.5,5,0,1
995,2,1,0,14.3,50.8,4,0,1
996,2,1,0,0.0,50.8,5,0,1
997,2,1,0,13.2,64.0,4,0,1
998,2,1,0,28.2,92.2,4,0,2
999,2,1,0,0.0,92.2,5,0,1
1000,2,1,0,0.0,92.2,5,0,1
1001,2,1,0,4.9,97.1,3,0,1
1002,2,1,0,0.0,97.1,5,0,1
1003,2,1,0,0.0,97.1,5,0,1
1004,2,1,0,0.0,0.0,5,0,1
1005,2,1,0,0.0,0.0,5,0,1
1006,2,1,0,0.0,0.0,5,0,1
1007,2,1,0,0.3,0.3,3,0,1
1008,2,1,0,0.0,0.3,5,0,1
1009,2,1,0,0.0,0.3,5,0,1
1010,2,1,0,0.0,0.3,5,0,1
1011,2,1,0,0.0,0.3,5,0,1
1012,2,1,0,9.4,9.7,4,0,1
1013,2,1,0,0.7,10.4,3,0,1
1014,2,1,0,0.7,11.1,3,0,1
1015,2,1,0,2.1,13.2,3,0,1
1016,2,1,0,0.0,13.2,5,0,1
1017,2,1,0,0.0,13.2,5,0,1
1018,2,1,0,4.8,18.0,3,0,1
1019,2,1,0,0.0,18.0,5,0,1
1020,2,1,0,0.0,18.0,5,0,1
1021,2,1,0,1.5,19.5,3,0,1
1022,2,1,0,0.0,19.5,5,0,1
1023,2,1,0,0.0,19.5,5,0,1
1024,2,1,0,0.3,19.8,3,0,1
1025,2,1,0,4.7,24.5,3,0,1
1026,2,1,0,0.0,24.5,5,0,1
1027,2,1,0,7.0,31.5,3,0,1
1028,2,1,0,0.0,31.5,5,0,1
1029,2,1,0,0.0,31.5,5,0,1
1030,2,1,0,0.0,31.5,5,0,1
1031,2,1,0,0.0,31.5,5,0,1
1032,2,1,0,0.0,31.5,5,0,1
1033,2,1,0,0.0,31.5,5,0,1
1034,2,1,0,0.9,32.4,3,0,1
1035,2,1,0,0.0,0.0,5,0,1
1036,2,1,0,0.0,0.0,5,0,1
1037,2,1,0,0.0,0.0,5,0,1
1038,2,1,0,9.2,9.2,4,0,1
1039,2,1,0,0.0,9.2,5,0,1
1040,2,1,0,0.0,9.2,5,0,1
1041,2,1,0,0.0,9.2,5,0,1
1042,2,1,0,0.0,9.2,5,0,1
1043,2,1,0,0.0,9.2,5,0,1
1044,2,1,0,0.0,9.2,5,0,1
1045,2,1,0,0.0,9.2,5,0,1
1046,2,1,0,0.0,9.2,5,0,1
1047,2,1,0,0.0,9.2,5,0,1
1048,2,1,0,0.0,9.2,5,0,1
1049,2,1,0,0.0,9.2,5,0,1
1050,2,1,0,0.8,10.0,3,0,1
1051,2,1,0,0.0,10.0,5,0,1
1052,2,1,0,0.0,10.0,5,0,1
1053,2,1,0,0.0,10.0,5,0,1
1054,2,1,0,0.0,10.0,5,0,1
1055,2,1,0,0.0,10.0,5,0,1
1056,2,1,0,0.0,10.0,5,0,1
1057,2,1,0,0.0,10.0,5,0,1
1058,2,1,0,0.0,10.0,5,0,1
1059,2,1,0,0.0,10.0,5,0,1
1060,2,1,0,0.0,10.0,5,0,1
1061,2,1,0,0.0,10.0,5,0,1
1062,2,1,0,0.0,10.0,5,0,1
1063,2,1,0,0.0,10.0,5,0,1
1064,2,1,0,0.0,10.0,5,0,1
1065,2,1,0,0.0,0.0,5,0,1
1066,2,1,0,0.0,0.0,5,0,1
1067,2,1,0,0.0,0.0,5,0,1
1068,2,1,0,0.0,0.0,5,0,1
1069,2,1,0,0.0,0.0,5,0,1
1070,2,1,0,0.0,0.0,5,0,1
1071,2,1,0,0.0,0.0,5,0,1
1072,2,1,0,0.0,0.0,5,0,1
1073,2,1,0,0.0,0.0,5,0,1
1074,2,1,0,0.0,0.0,5,0,1
1075,2,1,0,0.0,0.0,5,0,1
1076,2,1,0,0.0,0.0,5,0,1
1077,2,1,0,0.0,0.0,5,0,1
1078,2,1,0,0.0,0.0,5,0,1
1079,2,1,0,0.0,0.0,5,0,1
1080,2,1,0,0.0,0.0,5,0,1
1081,2,1,0,0.0,0.0,5,0,1
1082,2,1,0,0.0,0.0,5,0,1
1083,2,1,0,0.0,0.0,5,0,1
1084,2,1,0,0.0,0.0,5,0,1
1085,2,1,0,0.0,0.0,5,0,1
1086,2,1,0,0.0,0.0,5,0,1
1087,2,1,0,0.0,0.0,5,0,1
1088,2,1,0,0.0,0.0,5,0,1
1089,2,1,0,0.0,0.0,5,0,1
1090,2,1,0,0.0,0.0,5,0,1
1091,2,1,0,0.0,0.0,5,0,1
1092,2,1,0,0.0,0.0,5,0,1
1093,2,1,0,0.0,0.0,5,0,1
1094,2,1,0,5.5,5.5,3,0,1
1095,2,1,0,0.0,5.5,5,0,1
1096,2,1,3,0.0,0.0,5,0,1
1097,2,1,3,0.0,0.0,5,0,1
1098,2,1,3,5.2,5.2,3,0,1
1099,2,1,3,0.0,5.2,5,0,1
1100,2,1,3,0.0,5.2,5,0,1
1101,2,1,3,0.0,5.2,5,0,1
1102,2,1,3,0.0,5.2,5,0,1
1103,2,1,3,0.0,5.2,5,0,1
1104,2,1,3,0.0,5.2,5,0,1
1105,2,1,3,0.0,5.2,5,0,1
1106,2,1,3,0.0,5.2,5,0,1
1107,2,1,3,0.0,5.2,5,0,1
1108,2,1,3,0.0,5.2,5,0,1
1109,2,1,3,0.0,5.2,5,0,1
1110,2,1,3,0.0,5.2,5,0,1
1111,2,1,3,0.0,5.2,5,0,1
1112,2,1,3,0.5,5.7,3,0,1
1113,2,1,3,2.8,8.5,3,0,1
1114,2,1,3,0.0,8.5,5,0,1
1115,2,1,3,0.0,8.5,5,0,1
1116,2,1,3,0.0,8.5,5,0,1
1117,2,1,3,0.0,8.5,5,0,1
1118,2,1,3,0.0,8.5,5,0,1
1119,2,1,3,0.0,8.5,5,0,1
1120,2,1,3,0.0,8.5,5,0,1
1121,2,1,3,0.0,8.5,5,0,1
1122,2,1,3,0.0,8.5,5,0,1
1123,2,1,3,16.9,25.4,4,0,2
1124,2,1,3,2.3,27.7,3,0,1
1125,2,1,3,0.0,27.7,5,0,1
1126,2,1,3,0.0,27.7,5,0,1
1127,2,1,3,0.0,0.0,5,0,1
1128,2,1,3,0.9,0.9,3,0,1
1129,2,1,3,0.0,0.9,5,0,1
1130,2,1,3,0.0,0.9,5,0,1
1131,2,1,3,0.0,0.9,5,0,1
1132,2,1,3,0.3,1.2,3,0,1
1133,2,1,3,0.0,1.2,5,0,1
1134,2,1,3,0.0,1.2,5,0,1
1135,2,1,3,0.0,1.2,5,0,1
1136,2,1,3,1.3,2.5,3,0,1
1137,2,1,3,0.0,2.5,5,0,1
1138,2,1,3,0.0,2.5,5,0,1
1139,2,1,3,0.0,2.5,5,0,1
1140,2,1,3,0.0,2.5,5,0,1
1141,2,1,3,0.0,2.5,5,0,1
1142,2,1,3,0.0,2.5,5,0,1
1143,2,1,3,0.0,2.5,5,0,1
1144,2,1,3,0.0,2.5,5,0,1
1145,2,1,3,0.0,2.5,5,0,1
1146,2,1,3,0.0,2.5,5,0,1
1147,2,1,3,0.0,2.5,5,0,1
1148,2,1,3,0.0,2.5,5,0,1
1149,2,1,3,0.0,2.5,5,0,1
1150,2,1,3,0.0,2.5,5,0,1
1151,2,1,3,0.0,2.5,5,0,1
1152,2,1,3,0.0,2.5,5,0,1
1153,2,1,3,0.0,2.5,5,0,1
1154,2,1,3,0.0,2.5,5,0,1
1155,2,1,3,0.0,0.0,5,0,1
1156,2,1,3,0.0,0.0,5,0,1
1157,2,1,3,0.0,0.0,5,0,1
1158,2,1,3,0.0,0.0,5,0,1
1159,2,1,3,0.0,0.0,5,0,1
1160,2,1,3,0.0,0.0,5,0,1
1161,2,1,3,0.0,0.0,5,0,1
1162,2,1,3,0.0,0.0,5,0,1
1163,2,1,3,0.0,0.0,5,0,1
1164,2,1,3,0.0,0.0,5,0,1
1165,2,1,3,0.0,0.0,5,0,1
1166,2,1,3,0.0,0.0,5,0,1
1167,2,1,3,0.0,0.0,5,0,1
1168,2,1,3,0.0,0.0,5,0,1
1169,2,1,3,0.0,0.0,5,0,1
1170,2,1,3,1.2,1.2,3,0,1
1171,2,1,3,0.0,1.2,5,0,1
1172,2,1,3,0.0,1.2,5,0,1
1173,2,1,3,0.0,1.2,5,0,1
1174,2,1,3,2.4,3.6,3,0,1
1175,2,1,3,0.0,3.6,5,0,1
1176,2,1,3,0.0,3.6,5,0,1
1177,2,1,3,0.0,3.6,5,0,1
1178,2,1,3,0.0,3.6,5,0,1
1179,2,1,3,0.0,3.6,5,0,1
1180,2,1,3,7.2,10.8,3,0,1
1181,2,1,3,0.0,10.8,5,0,1
1182,2,1,3,0.0,10.8,5,0,1
1183,2,1,3,18.4,29.2,4,0,2
1184,2,1,3,0.0,29.2,5,0,1
1185,2,1,3,0.0,29.2,5,0,1
1186,2,1,3,0.0,0.0,5,0,1
1187,2,1,3,0.0,0.0,5,0,1
1188,2,1,3,0.0,0.0,5,0,1
1189,2,1,3,0.0,0.0,5,0,1
1190,2,1,3,0.0,0.0,5,0,1
1191,2,1,3,0.4,0.4,3,0,1
1192,2,1,3,2.4,2.8,3,0,1
1193,2,1,3,0.0,2.8,5,0,1
1194,2,1,3,0.0,2.8,5,0,1
1195,2,1,3,1.7,4.5,3,0,1
1196,2,1,3,0.0,4.5,5,0,1
1197,2,1,3,0.0,4.5,5,0,1
1198,2,1,3,9.1,13.6,4,0,1
1199,2,1,3,0.0,13.6,5,0,1
1200,2,1,3,0.0,13.6,5,0,1
1201,2,1,3,0.0,13.6,5,0,1
1202,2,1,3,0.0,13.6,5,0,1
1203,2,1,3,0.0,13.6,5,0,1
1204,2,1,3,0.0,13.6,5,0,1
1205,2,1,3,0.0,13.6,5,0,1
1206,2,1,3,0.0,13.6,5,0,1
1207,2,1,3,0.0,13.6,5,0,1
1208,2,1,3,0.0,13.6,5,0,1
1209,2,1,3,0.6,14.2,3,0,1
1210,2,1,3,0.0,14.2,5,0,1
1211,2,1,3,0.0,14.2,5,0,1
1212,2,1,3,0.0,14.2,5,0,1
1213,2,1,3,0.0,14.2,5,0,1
1214,2,1,3,11.2,25.4,4,0,1
1215,2,1,3,0.0,25.4,5,0,1
1216,2,1,3,13.6,13.6,4,0,1
1217,2,1,3,0.5,14.1,3,0,1
1218,2,1,3,2.5,16.6,3,0,1
1219,2,1,3,0.0,16.6,5,0,1
1220,2,1,3,0.0,16.6,5,0,1
1221,2,1,3,0.0,16.6,5,0,1
1222,2,1,3,3.5,20.1,3,0,1
1223,2,1,3,3.9,24.0,3,0,1
1224,2,1,3,0.0,24.0,5,0,1
1225,2,1,3,1.8,25.8,3,0,1
1226,2,1,3,0.0,25.8,5,0,1
1227,2,1,3,0.0,25.8,5,0,1
1228,2,1,3,0.0,25.8,5,0,1
1229,2,1,3,0.0,25.8,5,0,1
1230,2,1,3,0.0,25.8,5,0,1
1231,2,1,3,0.0,25.8,5,0,1
1232,2,1,3,0.0,25.8,5,0,1
1233,2,1,3,0.0,25.8,5,0,1
1234,2,1,3,0.0,25.8,5,0,1
1235,2,1,3,0.0,25.8,5,0,1
1236,2,1,3,0.0,25.8,5,0,1
1237,2,1,3,0.0,25.8,5,0,1
1238,2,1,3,0.0,25.8,5,0,1
1239,2,1,3,0.0,25.8,5,0,1
1240,2,1,3,0.0,25.8,5,0,1
1241,2,1,3,3.6,29.4,3,0,1
1242,2,1,3,0.0,29.4,5,0,1
1243,2,1,3,0.0,29.4,5,0,1
1244,2,1,3,0.0,29.4,5,0,1
1245,2,1,3,0.0,29.4,5,0,1
1246,2,1,3,6.0,35.4,3,0,1
1247,2,1,3,5.0,5.0,3,0,1
1248,2,1,3,51.4,56.4,2,0,0
1249,2,1,3,0.0,56.4,5,0,1
1250,2,1,3,1.7,58.1,3,0,1
1251,2,1,3,0.0,58.1,5,0,1
1252,2,1,3,13.4,71.5,4,0,1
1253,2,1,3,0.3,71.8,3,0,1
1254,2,1,3,9.4,81.2,4,0,1
1255,2,1,3,74.3,155.5,6,1,0
1256,2,1,3,13.6,169.1,4,0,1
1257,2,1,3,6.1,175.2,3,0,1
1258,2,1,3,0.0,175.2,5,0,1
1259,2,1,3,143.3,318.5,1,2,0
1260,2,1,3,24.7,343.2,4,0,2
1261,2,1,3,16.9,360.1,4,0,2
1262,2,1,3,14.4,374.5,4,0,1
1263,2,1,3,53.5,428.0,2,0,0
1264,2,1,3,0.0,428.0,5,0,1
1265,2,1,3,71.9,499.9,6,1,0
1266,2,1,3,14.9,514.8,4,0,1
1267,2,1,3,12.8,527.6,4,0,1
1268,2,1,3,43.9,571.5,2,0,0
1269,2,1,3,26.4,597.9,4,0,2
1270,2,1,3,1.5,599.4,3,0,1
1271,2,1,3,8.7,608.1,4,0,1
1272,2,1,3,0.0,608.1,5,0,1
1273,2,1,3,40.4,648.5,2,0,0
1274,2,1,3,17.6,666.1,4,0,2
1275,2,1,3,36.3,702.4,2,0,0
1276,2,1,3,14.6,717.0,4,0,1
1277,2,1,3,6.5,6.5,3,0,1
1278,2,1,3,18.4,24.9,4,0,2
1279,2,1,3,7.0,31.9,3,0,1
1280,2,1,3,74.4,106.3,6,1,0
1281,2,1,3,16.6,122.9,4,0,2
1282,2,1,3,1.9,124.8,3,0,1
1283,2,1,3,86.1,210.9,6,1,0
1284,2,1,3,33.8,244.7,4,0,2
1285,2,1,3,9.9,254.6,4,0,1
1286,2,1,3,0.8,255.4,3,0,1
1287,2,1,3,6.7,262.1,3,0,1
1288,2,1,3,8.0,270.1,4,0,1
1289,2,1,3,5.2,275.3,3,0,1
1290,2,1,3,10.9,286.2,4,0,1
1291,2,1,3,5.8,292.0,3,0,1
1292,2,1,3,12.3,304.3,4,0,1
1293,2,1,3,44.7,349.0,2,0,0
1294,2,1,3,0.7,349.7,3,0,1
1295,2,1,3,48.6,398.3,2,0,0
1296,2,1,3,58.4,456.7,2,0,0
1297,2,1,3,8.1,464.8,4,0,1
1298,2,1,3,10.4,475.2,4,0,1
1299,2,1,3,7.1,482.3,3,0,1
1300,2,1,3,52.2,534.5,2,0,0
1301,2,1,3,18.0,552.5,4,0,2
1302,2,1,3,0.0,552.5,5,0,1
1303,2,1,3,0.0,552.5,5,0,1
1304,2,1,3,18.4,570.9,4,0,2
1305,2,1,3,3.0,573.9,3,0,1
1306,2,1,3,22.6,596.5,4,0,2
1307,2,1,3,0.2,596.7,3,0,1
1308,2,1,3,4.7,4.7,3,0,1
1309,2,1,3,18.8,23.5,4,0,2
1310,2,1,3,3.6,27.1,3,0,1
1311,2,1,3,4.6,31.7,3,0,1
1312,2,1,3,0.0,31.7,5,0,1
1313,2,1,3,61.5,93.2,2,0,0
1314,2,1,3,0.0,93.2,5,0,1
1315,2,1,3,4.2,97.4,3,0,1
1316,2,1,3,0.0,97.4,5,0,1
1317,2,1,3,16.0,113.4,4,0,2
1318,2,1,3,2.8,116.2,3,0,1
1319,2,1,3,24.4,140.6,4,0,2
1320,2,1,3,23.1,163.7,4,0,2
1321,2,1,3,14.0,177.7,4,0,1
1322,2,1,3,2.1,179.8,3,0,1
1323,2,1,3,30.7,210.5,4,0,2
1324,2,1,3,0.0,210.5,5,0,1
1325,2,1,3,0.4,210.9,3,0,1
1326,2,1,3,25.7,236.6,4,0,2
1327,2,1,3,0.9,237.5,3,0,1
1328,2,1,3,0.0,237.5,5,0,1
1329,2,1,3,1.6,239.1,3,0,1
1330,2,1,3,3.8,242.9,3,0,1
1331,2,1,3,10.6,253.5,4,0,1
1332,2,1,3,21.2,274.7,4,0,2
1333,2,1,3,27.9,302.6,4,0,2
1334,2,1,3,0.0,302.6,5,0,1
1335,2,1,3,30.8,333.4,4,0,2
1336,2,1,3,27.5,360.9,4,0,2
1337,2,1,3,14.9,375.8,4,0,1
1338,2,1,3,5.3,381.1,3,0,1
1339,2,1,3,2.3,2.3,3,0,1
1340,2,1,3,8.1,10.4,4,0,1
1341,2,1,3,1.8,12.2,3,0,1
1342,2,1,3,0.0,12.2,5,0,1
1343,2,1,3,14.9,27.1,4,0,1
1344,2,1,3,13.5,40.6,4,0,1
1345,2,1,3,25.1,65.7,4,0,2
1346,2,1,3,46.6,112.3,2,0,0
1347,2,1,3,5.8,118.1,3,0,1
1348,2,1,3,8.0,126.1,4,0,1
1349,2,1,3,0.6,126.7,3,0,1
1350,2,1,3,8.8,135.5,4,0,1
1351,2,1,3,17.5,153.0,4,0,2
1352,2,1,3,1.5,154.5,3,0,1
1353,2,1,3,17.8,172.3,4,0,2
1354,2,1,3,0.0,172.3,5,0,1
1355,2,1,3,10.2,182.5,4,0,1
1356,2,1,3,8.1,190.6,4,0,1
1357,2,1,3,3.8,194.4,3,0,1
1358,2,1,3,21.7,216.1,4,0,2
1359,2,1,3,0.7,216.8,3,0,1
1360,2,1,3,23.4,240.2,4,0,2
1361,2,1,3,0.4,240.6,3,0,1
1362,2,1,3,24.7,265.3,4,0,2
1363,2,1,3,25.2,290.5,4,0,2
1364,2,1,3,25.8,316.3,4,0,2
1365,2,1,3,0.0,316.3,5,0,1
1366,2,1,3,48.3,364.6,2,0,0
1367,2,1,3,0.0,364.6,5,0,1
1368,2,1,3,4.9,369.5,3,0,1
1369,2,1,3,7.1,7.1,3,0,1
1370,2,1,3,8.4,15.5,4,0,1
1371,2,1,3,0.0,15.5,5,0,1
1372,2,1,3,7.1,22.6,3,0,1
1373,2,1,3,5.6,28.2,3,0,1
1374,2,1,3,0.1,28.3,3,0,1
1375,2,1,3,11.3,39.6,4,0,1
1376,2,1,3,6.2,45.8,3,0,1
1377,2,1,3,19.6,65.4,4,0,2
1378,2,1,3,7.1,72.5,3,0,1
1379,2,1,3,3.3,75.8,3,0,1
1380,2,1,3,5.7,81.5,3,0,1
1381,2,1,3,0.0,81.5,5,0,1
1382,2,1,3,10.7,92.2,4,0,1
1383,2,1,3,5.1,97.3,3,0,1
1384,2,1,3,2.8,100.1,3,0,1
1385,2,1,3,0.2,100.3,3,0,1
1386,2,1,3,19.5,119.8,4,0,2
1387,2,1,3,0.3,120.1,3,0,1
1388,2,1,3,18.3,138.4,4,0,2
1389,2,1,3,0.0,138.4,5,0,1
1390,2,1,3,1.2,139.6,3,0,1
1391,2,1,3,0.2,139.8,3,0,1
1392,2,1,3,1.9,141.7,3,0,1
1393,2,1,3,1.9,143.6,3,0,1
1394,2,1,3,8.6,152.2,4,0,1
1395,2,1,3,1.2,153.4,3,0,1
1396,2,1,3,0.0,153.4,5,0,1
1397,2,1,3,0.7,154.1,3,0,1
1398,2,1,3,4.0,158.1,3,0,1
1399,2,1,3,2.7,160.8,3,0,1
1400,2,1,3,0.0,0.0,5,0,1
1401,2,1,3,0.0,0.0,5,0,1
1402,2,1,3,0.0,0.0,5,0,1
1403,2,1,3,0.0,0.0,5,0,1
1404,2,1,3,0.0,0.0,5,0,1
1405,2,1,3,7.3,7.3,3,0,1
1406,2,1,3,0.0,7.3,5,0,1
1407,2,1,3,0.0,7.3,5,0,1
1408,2,1,3,0.5,7.8,3,0,1
1409,2,1,3,0.0,7.8,5,0,1
1410,2,1,3,0.0,7.8,5,0,1
1411,2,1,3,0.0,7.8,5,0,1
1412,2,1,3,0.0,7.8,5,0,1
1413,2,1,3,0.0,7.8,5,0,1
1414,2,1,3,0.0,7.8,5,0,1
1415,2,1,3,0.0,7.8,5,0,1
1416,2,1,3,0.0,7.8,5,0,1
1417,2,1,3,0.0,7.8,5,0,1
1418,2,1,3,0.0,7.8,5,0,1
1419,2,1,3,0.0,7.8,5,0,1
1420,2,1,3,0.0,7.8,5,0,1
1421,2,1,3,0.0,7.8,5,0,1
1422,2,1,3,0.0,7.8,5,0,1
1423,2,1,3,0.0,7.8,5,0,1
1424,2,1,3,17.9,25.7,4,0,2
1425,2,1,3,2.7,28.4,3,0,1
1426,2,1,3,0.0,28.4,5,0,1
1427,2,1,3,0.0,28.4,5,0,1
1428,2,1,3,7.1,35.5,3,0,1
1429,2,1,3,0.0,35.5,5,0,1
1430,2,1,3,0.0,0.0,5,0,1
1431,2,1,3,0.0,0.0,5,0,1
1432,2,1,3,0.0,0.0,5,0,1
1433,2,1,3,0.0,0.0,5,0,1
1434,2,1,3,0.0,0.0,5,0,1
1435,2,1,3,0.0,0.0,5,0,1
1436,2,1,3,0.0,0.0,5,0,1
1437,2,1,3,0.0,0.0,5,0,1
1438,2,1,3,0.0,0.0,5,0,1
1439,2,1,3,0.0,0.0,5,0,1
1440,2,1,3,0.0,0.0,5,0,1
1441,2,1,3,0.0,0.0,5,0,1
1442,2,1,3,1.1,1.1,3,0,1
1443,2,1,3,0.0,1.1,5,0,1
1444,2,1,3,0.0,1.1,5,0,1
1445,2,1,3,0.0,1.1,5,0,1
1446,2,1,3,0.0,1.1,5,0,1
1447,2,1,3,0.0,1.1,5,0,1
1448,2,1,3,0.0,1.1,5,0,1
1449,2,1,3,0.0,1.1,5,0,1
1450,2,1,3,0.0,1.1,5,0,1
1451,2,1,3,0.0,1.1,5,0,1
1452,2,1,3,0.0,1.1,5,0,1
1453,2,1,3,0.0,1.1,5,0,1
1454,2,1,3,0.0,1.1,5,0,1
1455,2,1,3,0.0,1.1,5,0,1
1456,2,1,3,0.0,1.1,5,0,1
1457,2,1,3,0.0,1.1,5,0,1
1458,2,1,3,2.5,3.6,3,0,1
1459,2,1,3,0.0,3.6,5,0,1
1460,2,1,3,11.2,14.8,4,0,1
1461,2,1,1,0.0,0.0,5,0,1
1462,2,1,1,0.0,0.0,5,0,1
1463,2,1,1,0.0,0.0,5,0,1
1464,2,1,1,0.0,0.0,5,0,1
1465,2,1,1,0.0,0.0,5,0,1
1466,2,1,1,0.0,0.0,5,0,1
1467,2,1,1,0.0,0.0,5,0,1
1468,2,1,1,0.0,0.0,5,0,1
1469,2,1,1,37.2,37.2,2,0,0
1470,2,1,1,0.0,37.2,5,0,1
1471,2,1,1,2.4,39.6,3,0,1
1472,2,1,1,0.0,39.6,5,0,1
1473,2,1,1,0.0,39.6,5,0,1
1474,2,1,1,0.0,39.6,5,0,1
1475,2,1,1,0.0,39.6,5,0,1
1476,2,1,1,0.0,39.6,5,0,1
1477,2,1,1,0.0,39.6,5,0,1
1478,2,1,1,0.0,39.6,5,0,1
1479,2,1,1,0.0,39.6,5,0,1
1480,2,1,1,0.0,39.6,5,0,1
1481,2,1,1,0.0,39.6,5,0,1
1482,2,1,1,0.0,39.6,5,0,1
1483,2,1,1,0.0,39.6,5,0,1
1484,2,1,1,0.0,39.6,5,0,1
1485,2,1,1,0.0,39.6,5,0,1
1486,2,1,1,0.0,39.6,5,0,1
1487,2,1,1,3.4,43.0,3,0,1
1488,2,1,1,0.0,43.0,5,0,1
1489,2,1,1,0.0,43.0,5,0,1
1490,2,1,1,0.0,43.0,5,0,1
1491,2,1,1,0.0,43.0,5,0,1
1492,2,1,1,0.0,0.0,5,0,1
1493,2,1,1,0.0,0.0,5,0,1
1494,2,1,1,0.0,0.0,5,0,1
1495,2,1,1,0.0,0.0,5,0,1
1496,2,1,1,0.0,0.0,5,0,1
1497,2,1,1,0.0,0.0,5,0,1
1498,2,1,1,0.0,0.0,5,0,1
1499,2,1,1,0.0,0.0,5,0,1
1500,2,1,1,0.0,0.0,5,0,1
1501,2,1,1,0.0,0.0,5,0,1
1502,2,1,1,0.0,0.0,5,0,1
1503,2,1,1,0.0,0.0,5,0,1
1504,2,1,1,0.0,0.0,5,0,1
1505,2,1,1,0.0,0.0,5,0,1
1506,2,1,1,0.0,0.0,5,0,1
1507,2,1,1,0.0,0.0,5,0,1
1508,2,1,1,0.0,0.0,5,0,1
1509,2,1,1,0.0,0.0,5,0,1
1510,2,1,1,0.0,0.0,5,0,1
1511,2,1,1,0.0,0.0,5,0,1
1512,2,1,1,0.0,0.0,5,0,1
1513,2,1,1,32.5,32.5,4,0,2
1514,2,1,1,19.0,51.5,4,0,2
1515,2,1,1,0.0,51.5,5,0,1
1516,2,1,1,31.9,83.4,4,0,2
1517,2,1,1,0.0,83.4,5,0,1
1518,2,1,1,0.0,83.4,5,0,1
1519,2,1,1,12.1,95.5,4,0,1
1520,2,1,1,0.0,95.5,5,0,1
1521,2,1,1,0.0,0.0,5,0,1
1522,2,1,1,0.0,0.0,5,0,1
1523,2,1,1,0.0,0.0,5,0,1
1524,2,1,1,0.0,0.0,5,0,1
1525,2,1,1,0.0,0.0,5,0,1
1526,2,1,1,0.0,0.0,5,0,1
1527,2,1,1,21.2,21.2,4,0,2
1528,2,1,1,0.0,21.2,5,0,1
1529,2,1,1,0.0,21.2,5,0,1
1530,2,1,1,7.4,28.6,3,0,1
1531,2,1,1,0.0,28.6,5,0,1
1532,2,1,1,0.0,28.6,5,0,1
1533,2,1,1,0.0,28.6,5,0,1
1534,2,1,1,2.2,30.8,3,0,1
1535,2,1,1,0.0,30.8,5,0,1
1536,2,1,1,0.0,30.8,5,0,1
1537,2,1,1,0.0,30.8,5,0,1
1538,2,1,1,0.0,30.8,5,0,1
1539,2,1,1,0.0,30.8,5,0,1
1540,2,1,1,0.0,30.8,5,0,1
1541,2,1,1,0.0,30.8,5,0,1
1542,2,1,1,0.0,30.8,5,0,1
1543,2,1,1,0.0,30.8,5,0,1
1544,2,1,1,0.0,30.8,5,0,1
1545,2,1,1,0.0,30.8,5,0,1
1546,2,1,1,16.8,47.6,4,0,2
1547,2,1,1,0.0,47.6,5,0,1
1548,2,1,1,0.0,47.6,5,0,1
1549,2,1,1,0.0,47.6,5,0,1
1550,2,1,1,0.0,47.6,5,0,1
1551,2,1,1,13.3,60.9,4,0,1
1552,2,1,1,0.0,0.0,5,0,1
1553,2,1,1,0.0,0.0,5,0,1
1554,2,1,1,0.0,0.0,5,0,1
1555,2,1,1,0.0,0.0,5,0,1
1556,2,1,1,0.0,0.0,5,0,1
1557,2,1,1,0.0,0.0,5,0,1
1558,2,1,1,0.0,0.0,5,0,1
1559,2,1,1,0.0,0.0,5,0,1
1560,2,1,1,18.5,18.5,4,0,2
1561,2,1,1,0.0,18.5,5,0,1
1562,2,1,1,0.0,18.5,5,0,1
1563,2,1,1,0.0,18.5,5,0,1
1564,2,1,1,0.0,18.5,5,0,1
1565,2,1,1,6.9,25.4,3,0,1
1566,2,1,1,0.0,25.4,5,0,1
1567,2,1,1,17.4,42.8,4,0,2
1568,2,1,1,0.0,42.8,5,0,1
1569,2,1,1,0.6,43.4,3,0,1
1570,2,1,1,0.0,43.4,5,0,1
1571,2,1,1,0.0,43.4,5,0,1
1572,2,1,1,0.0,43.4,5,0,1
1573,2,1,1,0.0,43.4,5,0,1
1574,2,1,1,5.8,49.2,3,0,1
1575,2,1,1,0.0,49.2,5,0,1
1576,2,1,1,2.3,51.5,3,0,1
1577,2,1,1,0.0,51.5,5,0,1
1578,2,1,1,0.0,51.5,5,0,1
1579,2,1,1,0.7,52.2,3,0,1
1580,2,1,1,0.0,52.2,5,0,1
1581,2,1,1,0.0,52.2,5,0,1
1582,2,1,1,0.0,0.0,5,0,1
1583,2,1,1,0.0,0.0,5,0,1
1584,2,1,1,0.0,0.0,5,0,1
1585,2,1,1,0.0,0.0,5,0,1
1586,2,1,1,0.0,0.0,5,0,1
1587,2,1,1,9.5,9.5,4,0,1
1588,2,1,1,0.0,9.5,5,0,1
1589,2,1,1,1.2,10.7,3,0,1
1590,2,1,1,11.0,21.7,4,0,1
1591,2,1,1,0.0,21.7,5,0,1
1592,2,1,1,0.0,21.7,5,0,1
1593,2,1,1,0.0,21.7,5,0,1
1594,2,1,1,0.0,21.7,5,0,1
1595,2,1,1,19.4,41.1,4,0,2
1596,2,1,1,0.0,41.1,5,0,1
1597,2,1,1,0.0,41.1,5,0,1
1598,2,1,1,0.0,41.1,5,0,1
1599,2,1,1,16.4,57.5,4,0,2
1600,2,1,1,18.2,75.7,4,0,2
1601,2,1,1,4.5,80.2,3,0,1
1602,2,1,1,13.1,93.3,4,0,1
1603,2,1,1,0.0,93.3,5,0,1
1604,2,1,1,16.6,109.9,4,0,2
1605,2,1,1,0.0,109.9,5,0,1
1606,2,1,1,11.7,121.6,4,0,1
1607,2,1,1,0.0,121.6,5,0,1
1608,2,1,1,0.0,121.6,5,0,1
1609,2,1,1,8.2,129.8,4,0,1
1610,2,1,1,21.5,151.3,4,0,2
1611,2,1,1,1.6,152.9,3,0,1
1612,2,1,1,0.0,152.9,5,0,1
1613,2,1,1,10.9,10.9,4,0,1
1614,2,1,1,5.8,16.7,3,0,1
1615,2,1,1,4.2,20.9,3,0,1
1616,2,1,1,20.8,41.7,4,0,2
1617,2,1,1,0.0,41.7,5,0,1
1618,2,1,1,0.0,41.7,5,0,1
1619,2,1,1,12.5,54.2,4,0,1
1620,2,1,1,25.0,79.2,4,0,2
1621,2,1,1,108.9,188.1,6,1,0
1622,2,1,1,49.9,238.0,2,0,0
1623,2,1,1,35.6,273.6,2,0,0
1624,2,1,1,127.9,401.5,1,2,0
1625,2,1,1,15.6,417.1,4,0,2
1626,2,1,1,4.2,421.3,3,0,1
1627,2,1,1,79.3,500.6,6,1,0
1628,2,1,1,46.9,547.5,2,0,0
1629,2,1,1,38.9,586.4,2,0,0
1630,2,1,1,53.9,640.3,2,0,0
1631,2,1,1,44.4,684.7,2,0,0
1632,2,1,1,82.1,766.8,6,1,0
1633,2,1,1,7.8,774.6,4,0,1
1634,2,1,1,76.2,850.8,6,1,0
1635,2,1,1,1.2,852.0,3,0,1
1636,2,1,1,42.1,894.1,2,0,0
1637,2,1,1,3.8,897.9,3,0,1
1638,2,1,1,33.5,931.4,4,0,2
1639,2,1,1,62.5,993.9,2,0,0
1640,2,1,1,9.0,1002.9,4,0,1
1641,2,1,1,122.5,1125.4,1,2,0
1642,2,1,1,30.1,1155.5,4,0,2
1643,2,1,1,46.5,46.5,2,0,0
1644,2,1,1,0.6,47.1,3,0,1
1645,2,1,1,108.1,155.2,6,1,0
1646,2,1,1,23.8,179.0,4,0,2
1647,2,1,1,4.8,183.8,3,0,1
1648,2,1,1,20.1,203.9,4,0,2
1649,2,1,1,52.5,256.4,2,0,0
1650,2,1,1,36.4,292.8,2,0,0
1651,2,1,1,82.2,375.0,6,1,0
1652,2,1,1,15.8,390.8,4,0,2
1653,2,1,1,25.8,416.6,4,0,2
1654,2,1,1,11.6,428.2,4,0,1
1655,2,1,1,109.3,537.5,6,1,0
1656,2,1,1,12.7,550.2,4,0,1
1657,2,1,1,6.8,557.0,3,0,1
1658,2,1,1,25.6,582.6,4,0,2
1659,2,1,1,29.0,611.6,4,0,2
1660,2,1,1,2.3,613.9,3,0,1
1661,2,1,1,15.1,629.0,4,0,2
1662,2,1,1,1.3,630.3,3,0,1
1663,2,1,1,40.5,670.8,2,0,0
1664,2,1,1,0.0,670.8,5,0,1
1665,2,1,1,61.6,732.4,2,0,0
1666,2,1,1,11.7,744.1,4,0,1
1667,2,1,1,11.4,755.5,4,0,1
1668,2,1,1,5.2,760.7,3,0,1
1669,2,1,1,63.7,824.4,2,0,0
1670,2,1,1,41.8,866.2,2,0,0
1671,2,1,1,149.4,1015.6,1,2,0
1672,2,1,1,100.0,1115.6,6,1,0
1673,2,1,1,0.0,1115.6,5,0,1
1674,2,1,1,178.5,178.5,1,2,0
1675,2,1,1,50.2,228.7,2,0,0
1676,2,1,1,2.4,231.1,3,0,1
1677,2,1,1,25.1,256.2,4,0,2
1678,2,1,1,26.3,282.5,4,0,2
1679,2,1,1,15.4,297.9,4,0,2
1680,2,1,1,75.3,373.2,6,1,0
1681,2,1,1,13.7,386.9,4,0,1
1682,2,1,1,110.5,497.4,6,1,0
1683,2,1,1,34.2,531.6,4,0,2
1684,2,1,1,23.3,554.9,4,0,2
1685,2,1,1,16.9,571.8,4,0,2
1686,2,1,1,35.7,607.5,2,0,0
1687,2,1,1,31.5,639.0,4,0,2
1688,2,1,1,18.9,657.9,4,0,2
1689,2,1,1,0.7,658.6,3,0,1
1690,2,1,1,44.4,703.0,2,0,0
1691,2,1,1,24.8,727.8,4,0,2
1692,2,1,1,59.3,787.1,2,0,0
1693,2,1,1,63.9,851.0,2,0,0
1694,2,1,1,28.2,879.2,4,0,2
1695,2,1,1,72.3,951.5,6,1,0
1696,2,1,1,7.7,959.2,4,0,1
1697,2,1,1,146.6,1105.8,1,2,0
1698,2,1,1,121.1,1226.9,1,2,0
1699,2,1,1,32.2,1259.1,4,0,2
1700,2,1,1,0.0,1259.1,5,0,1
1701,2,1,1,10.7,1269.8,4,0,1
1702,2,1,1,9.8,1279.6,4,0,1
1703,2,1,1,15.2,1294.8,4,0,2
1704,2,1,1,75.4,1370.2,6,1,0
1705,2,1,1,102.5,102.5,6,1,0
1706,2,1,1,26.1,128.6,4,0,2
1707,2,1,1,78.5,207.1,6,1,0
1708,2,1,1,95.1,302.2,6,1,0
1709,2,1,1,129.3,431.5,1,2,0
1710,2,1,1,45.9,477.4,2,0,0
1711,2,1,1,1.6,479.0,3,0,1
1712,2,1,1,95.2,574.2,6,1,0
1713,2,1,1,3.5,577.7,3,0,1
1714,2,1,1,16.9,594.6,4,0,2
1715,2,1,1,8.7,603.3,4,0,1
1716,2,1,1,0.0,603.3,5,0,1
1717,2,1,1,2.5,605.8,3,0,1
1718,2,1,1,66.4,672.2,6,1,0
1719,2,1,1,141.6,813.8,1,2,0
1720,2,1,1,0.2,814.0,3,0,1
1721,2,1,1,17.4,831.4,4,0,2
1722,2,1,1,24.5,855.9,4,0,2
1723,2,1,1,61.3,917.2,2,0,0
1724,2,1,1,119.1,1036.3,1,2,0
1725,2,1,1,13.4,1049.7,4,0,1
1726,2,1,1,18.8,1068.5,4,0,2
1727,2,1,1,50.1,1118.6,2,0,0
1728,2,1,1,35.1,1153.7,4,0,0
1729,2,1,1,8.5,1162.2,4,0,1
1730,2,1,1,3.2,1165.4,3,0,1
1731,2,1,1,7.1,1172.5,3,0,1
1732,2,1,1,50.6,1223.1,2,0,0
1733,2,1,1,15.3,1238.4,4,0,2
1734,2,1,1,4.0,1242.4,3,0,1
1735,2,1,1,19.9,19.9,4,0,2
1736,2,1,1,2.7,22.6,3,0,1
1737,2,1,1,59.7,82.3,2,0,0
1738,2,1,1,22.3,104.6,4,0,2
1739,2,1,1,266.7,371.3,0,3,0
1740,2,1,1,9.0,380.3,4,0,1
1741,2,1,1,4.4,384.7,3,0,1
1742,2,1,1,3.4,388.1,3,0,1
1743,2,1,1,1.0,389.1,3,0,1
1744,2,1,1,2.7,391.8,3,0,1
1745,2,1,1,24.7,416.5,4,0,2
1746,2,1,1,0.3,416.8,3,0,1
1747,2,1,1,0.0,416.8,5,0,1
1748,2,1,1,20.1,436.9,4,0,2
1749,2,1,1,11.1,448.0,4,0,1
1750,2,1,1,38.5,486.5,2,0,0
1751,2,1,1,1.0,487.5,3,0,1
1752,2,1,1,1.6,489.1,3,0,1
1753,2,1,1,1.6,490.7,3,0,1
1754,2,1,1,35.7,526.4,2,0,0
1755,2,1,1,0.9,527.3,3,0,1
1756,2,1,1,35.2,562.5,4,0,0
1757,2,1,1,11.3,573.8,4,0,1
1758,2,1,1,2.4,576.2,3,0,1
1759,2,1,1,4.1,580.3,3,0,1
1760,2,1,1,3.1,583.4,3,0,1
1761,2,1,1,6.3,589.7,3,0,1
1762,2,1,1,0.0,589.7,5,0,1
1763,2,1,1,12.1,601.8,4,0,1
1764,2,1,1,6.1,607.9,3,0,1
1765,2,1,1,0.6,608.5,3,0,1
1766,2,1,1,0.0,0.0,5,0,1
1767,2,1,1,0.0,0.0,5,0,1
1768,2,1,1,0.0,0.0,5,0,1
1769,2,1,1,0.0,0.0,5,0,1
1770,2,1,1,36.5,36.5,2,0,0
1771,2,1,1,0.0,36.5,5,0,1
1772,2,1,1,0.0,36.5,5,0,1
1773,2,1,1,18.6,55.1,4,0,2
1774,2,1,1,0.0,55.1,5,0,1
1775,2,1,1,0.0,55.1,5,0,1
1776,2,1,1,0.0,55.1,5,0,1
1777,2,1,1,49.7,104.8,2,0,0
1778,2,1,1,0.0,104.8,5,0,1
1779,2,1,1,3.3,108.1,3,0,1
1780,2,1,1,0.0,108.1,5,0,1
1781,2,1,1,0.0,108.1,5,0,1
1782,2,1,1,10.9,119.0,4,0,1
1783,2,1,1,0.0,119.0,5,0,1
1784,2,1,1,2.9,121.9,3,0,1
1785,2,1,1,7.5,129.4,4,0,1
1786,2,1,1,32.2,161.6,4,0,2
1787,2,1,1,6.0,167.6,3,0,1
1788,2,1,1,2.2,169.8,3,0,1
1789,2,1,1,0.0,169.8,5,0,1
1790,2,1,1,10.0,179.8,4,0,1
1791,2,1,1,0.0,179.8,5,0,1
1792,2,1,1,0.0,179.8,5,0,1
1793,2,1,1,0.0,179.8,5,0,1
1794,2,1,1,0.0,179.8,5,0,1
1795,2,1,1,0.0,179.8,5,0,1
1796,2,1,1,0.0,0.0,5,0,1
1797,2,1,1,0.0,0.0,5,0,1
1798,2,1,1,0.0,0.0,5,0,1
1799,2,1,1,0.0,0.0,5,0,1
1800,2,1,1,3.1,3.1,3,0,1
1801,2,1,1,0.0,3.1,5,0,1
1802,2,1,1,0.0,3.1,5,0,1
1803,2,1,1,0.0,3.1,5,0,1
1804,2,1,1,0.0,3.1,5,0,1
1805,2,1,1,0.0,3.1,5,0,1
1806,2,1,1,0.0,3.1,5,0,1
1807,2,1,1,0.0,3.1,5,0,1
1808,2,1,1,0.0,3.1,5,0,1
1809,2,1,1,0.0,3.1,5,0,1
1810,2,1,1,0.0,3.1,5,0,1
1811,2,1,1,0.0,3.1,5,0,1
1812,2,1,1,13.4,16.5,4,0,1
1813,2,1,1,0.0,16.5,5,0,1
1814,2,1,1,0.0,16.5,5,0,1
1815,2,1,1,0.0,16.5,5,0,1
1816,2,1,1,2.4,18.9,3,0,1
1817,2,1,1,0.0,18.9,5,0,1
1818,2,1,1,0.0,18.9,5,0,1
1819,2,1,1,0.0,18.9,5,0,1
1820,2,1,1,0.0,18.9,5,0,1
1821,2,1,1,1.5,20.4,3,0,1
1822,2,1,1,23.1,43.5,4,0,2
1823,2,1,1,0.0,43.5,5,0,1
1824,2,1,1,0.0,43.5,5,0,1
1825,2,1,1,0.0,43.5,5,0,1
1826,2,1,1,0.0,43.5,5,0,1
0,9,1,3,0.0,0.0,5,0,1
1,9,1,3,0.0,0.0,5,0,1
2,9,1,3,0.0,0.0,5,0,1
3,9,1,3,0.0,0.0,5,0,1
4,9,1,3,0.0,0.0,5,0,1
5,9,1,3,0.0,0.0,5,0,1
6,9,1,3,0.0,0.0,5,0,1
7,9,1,3,0.0,0.0,5,0,1
8,9,1,3,0.0,0.0,5,0,1
9,9,1,3,0.0,0.0,5,0,1
10,9,1,3,0.0,0.0,5,0,1
11,9,1,3,0.0,0.0,5,0,1
12,9,1,3,5.1,5.1,3,0,1
13,9,1,3,0.0,5.1,5,0,1
14,9,1,3,0.0,5.1,5,0,1
15,9,1,3,0.0,5.1,5,0,1
16,9,1,3,0.0,5.1,5,0,1
17,9,1,3,0.0,5.1,5,0,1
18,9,1,3,0.0,5.1,5,0,1
19,9,1,3,0.0,5.1,5,0,1
20,9,1,3,0.0,5.1,5,0,1
21,9,1,3,0.0,5.1,5,0,1
22,9,1,3,0.0,5.1,5,0,1
23,9,1,3,0.0,5.1,5,0,1
24,9,1,3,0.0,5.1,5,0,1
25,9,1,3,0.0,5.1,5,0,1
26,9,1,3,0.0,5.1,5,0,1
27,9,1,3,0.0,5.1,5,0,1
28,9,1,3,0.0,5.1,5,0,1
29,9,1,3,0.0,5.1,5,0,1
30,9,1,3,0.0,5.1,5,0,1
31,9,1,3,0.0,0.0,5,0,1
32,9,1,3,0.0,0.0,5,0,1
33,9,1,3,0.0,0.0,5,0,1
34,9,1,3,0.0,0.0,5,0,1
35,9,1,3,0.0,0.0,5,0,1
36,9,1,3,0.0,0.0,5,0,1
37,9,1,3,0.0,0.0,5,0,1
38,9,1,3,0.0,0.0,5,0,1
39,9,1,3,0.0,0.0,5,0,1
40,9,1,3,0.0,0.0,5,0,1
41,9,1,3,0.0,0.0,5,0,1
42,9,1,3,0.0,0.0,5,0,1
43,9,1,3,0.0,0.0,5,0,1
44,9,1,3,0.0,0.0,5,0,1
45,9,1,3,0.0,0.0,5,0,1
46,9,1,3,0.0,0.0,5,0,1
47,9,1,3,0.0,0.0,5,0,1
48,9,1,3,0.0,0.0,5,0,1
49,9,1,3,0.0,0.0,5,0,1
50,9,1,3,0.0,0.0,5,0,1
51,9,1,3,0.0,0.0,5,0,1
52,9,1,3,7.0,7.0,3,0,1
53,9,1,3,0.0,7.0,5,0,1
54,9,1,3,0.0,7.0,5,0,1
55,9,1,3,0.0,7.0,5,0,1
56,9,1,3,0.0,7.0,5,0,1
57,9,1,3,0.0,7.0,5,0,1
58,9,1,3,5.6,12.6,3,0,1
59,9,1,3,0.0,12.6,5,0,1
60,9,1,3,0.0,0.0,5,0,1
61,9,1,3,0.0,0.0,5,0,1
62,9,1,3,0.0,0.0,5,0,1
63,9,1,3,9.8,9.8,4,0,1
64,9,1,3,0.0,9.8,5,0,1
65,9,1,3,0.0,9.8,5,0,1
66,9,1,3,0.0,9.8,5,0,1
67,9,1,3,0.0,9.8,5,0,1
68,9,1,3,0.0,9.8,5,0,1
69,9,1,3,0.0,9.8,5,0,1
70,9,1,3,0.0,9.8,5,0,1
71,9,1,3,0.0,9.8,5,0,1
72,9,1,3,0.0,9.8,5,0,1
73,9,1,3,0.0,9.8,5,0,1
74,9,1,3,0.0,9.8,5,0,1
75,9,1,3,0.0,9.8,5,0,1
76,9,1,3,0.0,9.8,5,0,1
77,9,1,3,0.0,9.8,5,0,1
78,9,1,3,0.0,9.8,5,0,1
79,9,1,3,0.0,9.8,5,0,1
80,9,1,3,0.0,9.8,5,0,1
81,9,1,3,0.0,9.8,5,0,1
82,9,1,3,0.0,9.8,5,0,1
83,9,1,3,0.0,9.8,5,0,1
84,9,1,3,0.0,9.8,5,0,1
85,9,1,3,0.0,9.8,5,0,1
86,9,1,3,0.0,9.8,5,0,1
87,9,1,3,0.0,9.8,5,0,1
88,9,1,3,0.0,9.8,5,0,1
89,9,1,3,0.0,9.8,5,0,1
90,9,1,3,0.0,9.8,5,0,1
91,9,1,3,0.0,0.0,5,0,1
92,9,1,3,0.0,0.0,5,0,1
93,9,1,3,0.0,0.0,5,0,1
94,9,1,3,0.0,0.0,5,0,1
95,9,1,3,4.4,4.4,3,0,1
96,9,1,3,0.0,4.4,5,0,1
97,9,1,3,4.2,8.6,3,0,1
98,9,1,3,0.0,8.6,5,0,1
99,9,1,3,0.0,8.6,5,0,1
100,9,1,3,0.0,8.6,5,0,1
101,9,1,3,3.3,11.9,3,0,1
102,9,1,3,0.0,11.9,5,0,1
103,9,1,3,0.0,11.9,5,0,1
104,9,1,3,0.0,11.9,5,0,1
105,9,1,3,0.0,11.9,5,0,1
106,9,1,3,0.0,11.9,5,0,1
107,9,1,3,6.6,18.5,3,0,1
108,9,1,3,0.0,18.5,5,0,1
109,9,1,3,0.5,19.0,3,0,1
110,9,1,3,0.0,19.0,5,0,1
111,9,1,3,0.0,19.0,5,0,1
112,9,1,3,20.7,39.7,4,0,2
113,9,1,3,0.0,39.7,5,0,1
114,9,1,3,0.0,39.7,5,0,1
115,9,1,3,0.0,39.7,5,0,1
116,9,1,3,0.0,39.7,5,0,1
117,9,1,3,0.0,39.7,5,0,1
118,9,1,3,0.0,39.7,5,0,1
119,9,1,3,0.0,39.7,5,0,1
120,9,1,3,0.0,39.7,5,0,1
121,9,1,3,16.5,16.5,4,0,2
122,9,1,3,0.0,16.5,5,0,1
123,9,1,3,0.0,16.5,5,0,1
124,9,1,3,1.3,17.8,3,0,1
125,9,1,3,0.0,17.8,5,0,1
126,9,1,3,0.0,17.8,5,0,1
127,9,1,3,0.0,17.8,5,0,1
128,9,1,3,4.8,22.6,3,0,1
129,9,1,3,1.7,24.3,3,0,1
130,9,1,3,1.0,25.3,3,0,1
131,9,1,3,0.0,25.3,5,0,1
132,9,1,3,0.8,26.1,3,0,1
133,9,1,3,0.0,26.1,5,0,1
134,9,1,3,0.0,26.1,5,0,1
135,9,1,3,0.0,26.1,5,0,1
136,9,1,3,15.3,41.4,4,0,2
137,9,1,3,0.0,41.4,5,0,1
138,9,1,3,0.0,41.4,5,0,1
139,9,1,3,0.0,41.4,5,0,1
140,9,1,3,0.3,41.7,3,0,1
141,9,1,3,0.0,41.7,5,0,1
142,9,1,3,11.0,52.7,4,0,1
143,9,1,3,0.0,52.7,5,0,1
144,9,1,3,0.0,52.7,5,0,1
145,9,1,3,5.3,58.0,3,0,1
146,9,1,3,0.0,58.0,5,0,1
147,9,1,3,0.1,58.1,3,0,1
148,9,1,3,0.0,58.1,5,0,1
149,9,1,3,4.9,63.0,3,0,1
150,9,1,3,1.9,64.9,3,0,1
151,9,1,3,0.0,64.9,5,0,1
152,9,1,3,36.1,36.1,2,0,0
153,9,1,3,13.4,49.5,4,0,1
154,9,1,3,38.3,87.8,2,0,0
155,9,1,3,5.5,93.3,3,0,1
156,9,1,3,0.0,93.3,5,0,1
157,9,1,3,0.1,93.4,3,0,1
158,9,1,3,2.2,95.6,3,0,1
159,9,1,3,5.4,101.0,3,0,1
160,9,1,3,24.3,125.3,4,0,2
161,9,1,3,0.0,125.3,5,0,1
162,9,1,3,38.4,163.7,2,0,0
163,9,1,3,1.9,165.6,3,0,1
164,9,1,3,1.5,167.1,3,0,1
165,9,1,3,37.5,204.6,2,0,0
166,9,1,3,6.4,211.0,3,0,1
167,9,1,3,78.0,289.0,6,1,0
168,9,1,3,6.3,295.3,3,0,1
169,9,1,3,0.0,295.3,5,0,1
170,9,1,3,34.1,329.4,4,0,2
171,9,1,3,3.5,332.9,3,0,1
172,9,1,3,9.3,342.2,4,0,1
173,9,1,3,2.0,344.2,3,0,1
174,9,1,3,19.7,363.9,4,0,2
175,9,1,3,0.0,363.9,5,0,1
176,9,1,3,1.1,365.0,3,0,1
177,9,1,3,4.4,369.4,3,0,1
178,9,1,3,0.3,369.7,3,0,1
179,9,1,3,15.3,385.0,4,0,2
180,9,1,3,0.0,385.0,5,0,1
181,9,1,3,26.1,411.1,4,0,2
182,9,1,3,24.8,24.8,4,0,2
183,9,1,3,53.9,78.7,2,0,0
184,9,1,3,11.3,90.0,4,0,1
185,9,1,3,40.7,130.7,2,0,0
186,9,1,3,1.3,132.0,3,0,1
187,9,1,3,3.2,135.2,3,0,1
188,9,1,3,36.6,171.8,2,0,0
189,9,1,3,17.6,189.4,4,0,2
190,9,1,3,29.9,219.3,4,0,2
191,9,1,3,9.6,228.9,4,0,1
192,9,1,3,39.0,267.9,2,0,0
193,9,1,3,0.0,267.9,5,0,1
194,9,1,3,9.3,277.2,4,0,1
195,9,1,3,18.2,295.4,4,0,2
196,9,1,3,15.8,311.2,4,0,2
197,9,1,3,13.8,325.0,4,0,1
198,9,1,3,12.0,337.0,4,0,1
199,9,1,3,7.5,344.5,4,0,1
200,9,1,3,6.1,350.6,3,0,1
201,9,1,3,1.5,352.1,3,0,1
202,9,1,3,20.9,373.0,4,0,2
203,9,1,3,6.8,379.8,3,0,1
204,9,1,3,43.9,423.7,2,0,0
205,9,1,3,34.6,458.3,4,0,2
206,9,1,3,12.9,471.2,4,0,1
207,9,1,3,11.4,482.6,4,0,1
208,9,1,3,4.9,487.5,3,0,1
209,9,1,3,3.2,490.7,3,0,1
210,9,1,3,23.8,514.5,4,0,2
211,9,1,3,105.3,619.8,6,1,0
212,9,1,3,58.2,678.0,2,0,0
213,9,1,3,27.7,27.7,4,0,2
214,9,1,3,22.5,50.2,4,0,2
215,9,1,3,0.0,50.2,5,0,1
216,9,1,3,0.0,50.2,5,0,1
217,9,1,3,6.5,56.7,3,0,1
218,9,1,3,3.8,60.5,3,0,1
219,9,1,3,2.5,63.0,3,0,1
220,9,1,3,0.0,63.0,5,0,1
221,9,1,3,1.3,64.3,3,0,1
222,9,1,3,0.8,65.1,3,0,1
223,9,1,3,3.1,68.2,3,0,1
224,9,1,3,4.2,72.4,3,0,1
225,9,1,3,22.3,94.7,4,0,2
226,9,1,3,47.5,142.2,2,0,0
227,9,1,3,18.9,161.1,4,0,2
228,9,1,3,3.5,164.6,3,0,1
229,9,1,3,9.1,173.7,4,0,1
230,9,1,3,0.0,173.7,5,0,1
231,9,1,3,4.1,177.8,3,0,1
232,9,1,3,0.0,177.8,5,0,1
233,9,1,3,1.7,179.5,3,0,1
234,9,1,3,23.5,203.0,4,0,2
235,9,1,3,75.7,278.7,6,1,0
236,9,1,3,8.6,287.3,4,0,1
237,9,1,3,58.7,346.0,2,0,0
238,9,1,3,0.0,346.0,5,0,1
239,9,1,3,2.0,348.0,3,0,1
240,9,1,3,5.7,353.7,3,0,1
241,9,1,3,1.2,354.9,3,0,1
242,9,1,3,2.2,357.1,3,0,1
243,9,1,3,11.2,368.3,4,0,1
244,9,1,3,13.0,13.0,4,0,1
245,9,1,3,34.1,47.1,4,0,2
246,9,1,3,11.3,58.4,4,0,1
247,9,1,3,8.5,66.9,4,0,1
248,9,1,3,20.0,86.9,4,0,2
249,9,1,3,0.0,86.9,5,0,1
250,9,1,3,129.7,216.6,1,2,0
251,9,1,3,0.3,216.9,3,0,1
252,9,1,3,32.3,249.2,4,0,2
253,9,1,3,40.1,289.3,2,0,0
254,9,1,3,9.2,298.5,4,0,1
255,9,1,3,7.2,305.7,3,0,1
256,9,1,3,36.1,341.8,2,0,0
257,9,1,3,14.0,355.8,4,0,1
258,9,1,3,27.0,382.8,4,0,2
259,9,1,3,13.7,396.5,4,0,1
260,9,1,3,3.8,400.3,3,0,1
261,9,1,3,0.0,400.3,5,0,1
262,9,1,3,3.9,404.2,3,0,1
263,9,1,3,23.1,427.3,4,0,2
264,9,1,3,15.6,442.9,4,0,2
265,9,1,3,7.6,450.5,4,0,1
266,9,1,3,8.2,458.7,4,0,1
267,9,1,3,2.0,460.7,3,0,1
268,9,1,3,15.6,476.3,4,0,2
269,9,1,3,6.2,482.5,3,0,1
270,9,1,3,10.0,492.5,4,0,1
271,9,1,3,18.9,511.4,4,0,2
272,9,1,3,11.2,522.6,4,0,1
273,9,1,3,1.1,523.7,3,0,1
274,9,1,3,1.6,1.6,3,0,1
275,9,1,3,0.0,1.6,5,0,1
276,9,1,3,10.5,12.1,4,0,1
277,9,1,3,0.0,12.1,5,0,1
278,9,1,3,6.2,18.3,3,0,1
279,9,1,3,0.0,18.3,5,0,1
280,9,1,3,1.3,19.6,3,0,1
281,9,1,3,0.0,19.6,5,0,1
282,9,1,3,6.4,26.0,3,0,1
283,9,1,3,2.1,28.1,3,0,1
284,9,1,3,14.0,42.1,4,0,1
285,9,1,3,14.0,56.1,4,0,1
286,9,1,3,2.0,58.1,3,0,1
287,9,1,3,1.7,59.8,3,0,1
288,9,1,3,11.8,71.6,4,0,1
289,9,1,3,14.8,86.4,4,0,1
290,9,1,3,1.2,87.6,3,0,1
291,9,1,3,5.5,93.1,3,0,1
292,9,1,3,4.6,97.7,3,0,1
293,9,1,3,13.0,110.7,4,0,1
294,9,1,3,7.0,117.7,3,0,1
295,9,1,3,8.6,126.3,4,0,1
296,9,1,3,0.5,126.8,3,0,1
297,9,1,3,0.0,126.8,5,0,1
298,9,1,3,0.5,127.3,3,0,1
299,9,1,3,2.9,130.2,3,0,1
300,9,1,3,7.9,138.1,4,0,1
301,9,1,3,14.7,152.8,4,0,1
302,9,1,3,1.2,154.0,3,0,1
303,9,1,3,0.9,154.9,3,0,1
304,9,1,3,0.0,154.9,5,0,1
305,9,1,3,0.8,0.8,3,0,1
306,9,1,3,2.2,3.0,3,0,1
307,9,1,3,0.0,3.0,5,0,1
308,9,1,3,0.0,3.0,5,0,1
309,9,1,3,0.0,3.0,5,0,1
310,9,1,3,0.0,3.0,5,0,1
311,9,1,3,0.0,3.0,5,0,1
312,9,1,3,0.0,3.0,5,0,1
313,9,1,3,2.1,5.1,3,0,1
314,9,1,3,0.0,5.1,5,0,1
315,9,1,3,0.0,5.1,5,0,1
316,9,1,3,0.0,5.1,5,0,1
317,9,1,3,0.0,5.1,5,0,1
318,9,1,3,0.0,5.1,5,0,1
319,9,1,3,0.0,5.1,5,0,1
320,9,1,3,0.0,5.1,5,0,1
321,9,1,3,0.0,5.1,5,0,1
322,9,1,3,0.0,5.1,5,0,1
323,9,1,3,0.0,5.1,5,0,1
324,9,1,3,0.0,5.1,5,0,1
325,9,1,3,0.0,5.1,5,0,1
326,9,1,3,0.0,5.1,5,0,1
327,9,1,3,0.0,5.1,5,0,1
328,9,1,3,0.0,5.1,5,0,1
329,9,1,3,0.0,5.1,5,0,1
330,9,1,3,0.0,5.1,5,0,1
331,9,1,3,0.0,5.1,5,0,1
332,9,1,3,0.0,5.1,5,0,1
333,9,1,3,0.0,5.1,5,0,1
334,9,1,3,0.0,5.1,5,0,1
335,9,1,3,0.0,0.0,5,0,1
336,9,1,3,0.0,0.0,5,0,1
337,9,1,3,0.0,0.0,5,0,1
338,9,1,3,0.0,0.0,5,0,1
339,9,1,3,0.0,0.0,5,0,1
340,9,1,3,0.0,0.0,5,0,1
341,9,1,3,0.0,0.0,5,0,1
342,9,1,3,0.0,0.0,5,0,1
343,9,1,3,0.0,0.0,5,0,1
344,9,1,3,0.0,0.0,5,0,1
345,9,1,3,0.0,0.0,5,0,1
346,9,1,3,0.0,0.0,5,0,1
347,9,1,3,0.0,0.0,5,0,1
348,9,1,3,0.0,0.0,5,0,1
349,9,1,3,0.0,0.0,5,0,1
350,9,1,3,0.0,0.0,5,0,1
351,9,1,3,0.0,0.0,5,0,1
352,9,1,3,0.0,0.0,5,0,1
353,9,1,3,0.0,0.0,5,0,1
354,9,1,3,0.0,0.0,5,0,1
355,9,1,3,0.0,0.0,5,0,1
356,9,1,3,0.0,0.0,5,0,1
357,9,1,3,0.0,0.0,5,0,1
358,9,1,3,0.0,0.0,5,0,1
359,9,1,3,0.0,0.0,5,0,1
360,9,1,3,0.0,0.0,5,0,1
361,9,1,3,23.2,23.2,4,0,2
362,9,1,3,0.0,23.2,5,0,1
363,9,1,3,0.0,23.2,5,0,1
364,9,1,3,0.0,23.2,5,0,1
365,9,1,3,0.0,23.2,5,0,1
366,9,1,2,0.0,0.0,5,0,1
367,9,1,2,0.0,0.0,5,0,1
368,9,1,2,1.9,1.9,3,0,1
369,9,1,2,0.0,1.9,5,0,1
370,9,1,2,5.3,7.2,3,0,1
371,9,1,2,0.0,7.2,5,0,1
372,9,1,2,0.0,7.2,5,0,1
373,9,1,2,16.7,23.9,4,0,2
374,9,1,2,0.0,23.9,5,0,1
375,9,1,2,0.0,23.9,5,0,1
376,9,1,2,10.2,34.1,4,0,1
377,9,1,2,0.0,34.1,5,0,1
378,9,1,2,0.0,34.1,5,0,1
379,9,1,2,0.0,34.1,5,0,1
380,9,1,2,0.0,34.1,5,0,1
381,9,1,2,0.0,34.1,5,0,1
382,9,1,2,0.0,34.1,5,0,1
383,9,1,2,0.0,34.1,5,0,1
384,9,1,2,0.0,34.1,5,0,1
385,9,1,2,0.0,34.1,5,0,1
386,9,1,2,0.0,34.1,5,0,1
387,9,1,2,0.0,34.1,5,0,1
388,9,1,2,0.0,34.1,5,0,1
389,9,1,2,0.0,34.1,5,0,1
390,9,1,2,0.0,34.1,5,0,1
391,9,1,2,0.0,34.1,5,0,1
392,9,1,2,0.0,34.1,5,0,1
393,9,1,2,0.0,34.1,5,0,1
394,9,1,2,0.0,34.1,5,0,1
395,9,1,2,0.0,34.1,5,0,1
396,9,1,2,0.0,34.1,5,0,1
397,9,1,2,0.0,0.0,5,0,1
398,9,1,2,0.0,0.0,5,0,1
399,9,1,2,0.0,0.0,5,0,1
400,9,1,2,8.0,8.0,4,0,1
401,9,1,2,0.0,8.0,5,0,1
402,9,1,2,0.0,8.0,5,0,1
403,9,1,2,0.0,8.0,5,0,1
404,9,1,2,0.0,8.0,5,0,1
405,9,1,2,0.0,8.0,5,0,1
406,9,1,2,0.0,8.0,5,0,1
407,9,1,2,0.0,8.0,5,0,1
408,9,1,2,0.0,8.0,5,0,1
409,9,1,2,0.0,8.0,5,0,1
410,9,1,2,0.0,8.0,5,0,1
411,9,1,2,0.4,8.4,3,0,1
412,9,1,2,0.0,8.4,5,0,1
413,9,1,2,0.0,8.4,5,0,1
414,9,1,2,0.0,8.4,5,0,1
415,9,1,2,0.0,8.4,5,0,1
416,9,1,2,0.0,8.4,5,0,1
417,9,1,2,0.0,8.4,5,0,1
418,9,1,2,0.0,8.4,5,0,1
419,9,1,2,0.0,8.4,5,0,1
420,9,1,2,0.0,8.4,5,0,1
421,9,1,2,0.0,8.4,5,0,1
422,9,1,2,0.0,8.4,5,0,1
423,9,1,2,0.0,8.4,5,0,1
424,9,1,2,0.0,8.4,5,0,1
425,9,1,2,0.0,0.0,5,0,1
426,9,1,2,2.4,2.4,3,0,1
427,9,1,2,4.3,6.7,3,0,1
428,9,1,2,16.0,22.7,4,0,2
429,9,1,2,0.0,22.7,5,0,1
430,9,1,2,0.0,22.7,5,0,1
431,9,1,2,0.0,22.7,5,0,1
432,9,1,2,0.0,22.7,5,0,1
433,9,1,2,0.0,22.7,5,0,1
434,9,1,2,0.0,22.7,5,0,1
435,9,1,2,0.0,22.7,5,0,1
436,9,1,2,0.0,22.7,5,0,1
437,9,1,2,0.0,22.7,5,0,1
438,9,1,2,0.0,22.7,5,0,1
439,9,1,2,0.0,22.7,5,0,1
440,9,1,2,0.0,22.7,5,0,1
441,9,1,2,14.7,37.4,4,0,1
442,9,1,2,0.0,37.4,5,0,1
443,9,1,2,0.0,37.4,5,0,1
444,9,1,2,0.0,37.4,5,0,1
445,9,1,2,0.0,37.4,5,0,1
446,9,1,2,1.8,39.2,3,0,1
447,9,1,2,0.0,39.2,5,0,1
448,9,1,2,0.0,39.2,5,0,1
449,9,1,2,0.0,39.2,5,0,1
450,9,1,2,0.0,39.2,5,0,1
451,9,1,2,0.0,39.2,5,0,1
452,9,1,2,0.0,39.2,5,0,1
453,9,1,2,0.0,39.2,5,0,1
454,9,1,2,0.0,39.2,5,0,1
455,9,1,2,22.9,62.1,4,0,2
456,9,1,2,0.4,0.4,3,0,1
457,9,1,2,0.0,0.4,5,0,1
458,9,1,2,0.0,0.4,5,0,1
459,9,1,2,0.0,0.4,5,0,1
460,9,1,2,0.0,0.4,5,0,1
461,9,1,2,0.0,0.4,5,0,1
462,9,1,2,0.0,0.4,5,0,1
463,9,1,2,0.0,0.4,5,0,1
464,9,1,2,0.0,0.4,5,0,1
465,9,1,2,0.0,0.4,5,0,1
466,9,1,2,4.4,4.8,3,0,1
467,9,1,2,0.0,4.8,5,0,1
468,9,1,2,0.0,4.8,5,0,1
469,9,1,2,0.0,4.8,5,0,1
470,9,1,2,0.0,4.8,5,0,1
471,9,1,2,0.0,4.8,5,0,1
472,9,1,2,0.0,4.8,5,0,1
473,9,1,2,0.0,4.8,5,0,1
474,9,1,2,0.0,4.8,5,0,1
475,9,1,2,0.0,4.8,5,0,1
476,9,1,2,0.0,4.8,5,0,1
477,9,1,2,0.0,4.8,5,0,1
478,9,1,2,0.0,4.8,5,0,1
479,9,1,2,0.0,4.8,5,0,1
480,9,1,2,0.0,4.8,5,0,1
481,9,1,2,20.6,25.4,4,0,2
482,9,1,2,0.0,25.4,5,0,1
483,9,1,2,0.0,25.4,5,0,1
484,9,1,2,0.0,25.4,5,0,1
485,9,1,2,0.0,25.4,5,0,1
486,9,1,2,0.0,0.0,5,0,1
487,9,1,2,0.0,0.0,5,0,1
488,9,1,2,0.0,0.0,5,0,1
489,9,1,2,0.0,0.0,5,0,1
490,9,1,2,0.0,0.0,5,0,1
491,9,1,2,0.0,0.0,5,0,1
492,9,1,2,0.0,0.0,5,0,1
493,9,1,2,0.0,0.0,5,0,1
494,9,1,2,0.0,0.0,5,0,1
495,9,1,2,14.1,14.1,4,0,1
496,9,1,2,0.6,14.7,3,0,1
497,9,1,2,0.0,14.7,5,0,1
498,9,1,2,0.0,14.7,5,0,1
499,9,1,2,0.0,14.7,5,0,1
500,9,1,2,0.0,14.7,5,0,1
501,9,1,2,0.0,14.7,5,0,1
502,9,1,2,12.7,27.4,4,0,1
503,9,1,2,0.0,27.4,5,0,1
504,9,1,2,0.0,27.4,5,0,1
505,9,1,2,2.8,30.2,3,0,1
506,9,1,2,0.0,30.2,5,0,1
507,9,1,2,0.0,30.2,5,0,1
508,9,1,2,0.0,30.2,5,0,1
509,9,1,2,0.0,30.2,5,0,1
510,9,1,2,0.0,30.2,5,0,1
511,9,1,2,0.0,30.2,5,0,1
512,9,1,2,0.0,30.2,5,0,1
513,9,1,2,0.5,30.7,3,0,1
514,9,1,2,5.3,36.0,3,0,1
515,9,1,2,0.0,36.0,5,0,1
516,9,1,2,0.0,36.0,5,0,1
517,9,1,2,19.1,19.1,4,0,2
518,9,1,2,17.4,36.5,4,0,2
519,9,1,2,20.7,57.2,4,0,2
520,9,1,2,10.2,67.4,4,0,1
521,9,1,2,0.1,67.5,3,0,1
522,9,1,2,7.1,74.6,3,0,1
523,9,1,2,35.6,110.2,2,0,0
524,9,1,2,0.9,111.1,3,0,1
525,9,1,2,11.4,122.5,4,0,1
526,9,1,2,11.5,134.0,4,0,1
527,9,1,2,36.3,170.3,2,0,0
528,9,1,2,5.2,175.5,3,0,1
529,9,1,2,26.2,201.7,4,0,2
530,9,1,2,74.1,275.8,6,1,0
531,9,1,2,30.8,306.6,4,0,2
532,9,1,2,110.4,417.0,6,1,0
533,9,1,2,12.3,429.3,4,0,1
534,9,1,2,22.7,452.0,4,0,2
535,9,1,2,5.4,457.4,3,0,1
536,9,1,2,45.8,503.2,2,0,0
537,9,1,2,17.7,520.9,4,0,2
538,9,1,2,23.7,544.6,4,0,2
539,9,1,2,9.9,554.5,4,0,1
540,9,1,2,33.1,587.6,4,0,2
541,9,1,2,35.3,622.9,4,0,0
542,9,1,2,104.4,727.3,6,1,0
543,9,1,2,5.8,733.1,3,0,1
544,9,1,2,5.6,738.7,3,0,1
545,9,1,2,18.0,756.7,4,0,2
546,9,1,2,14.6,771.3,4,0,1
547,9,1,2,15.5,15.5,4,0,2
548,9,1,2,5.7,21.2,3,0,1
549,9,1,2,43.6,64.8,2,0,0
550,9,1,2,18.0,82.8,4,0,2
551,9,1,2,0.6,83.4,3,0,1
552,9,1,2,0.4,83.8,3,0,1
553,9,1,2,0.0,83.8,5,0,1
554,9,1,2,59.2,143.0,2,0,0
555,9,1,2,11.1,154.1,4,0,1
556,9,1,2,13.0,167.1,4,0,1
557,9,1,2,14.0,181.1,4,0,1
558,9,1,2,27.4,208.5,4,0,2
559,9,1,2,7.2,215.7,3,0,1
560,9,1,2,5.9,221.6,3,0,1
561,9,1,2,0.0,221.6,5,0,1
562,9,1,2,73.4,295.0,6,1,0
563,9,1,2,3.2,298.2,3,0,1
564,9,1,2,4.2,302.4,3,0,1
565,9,1,2,32.4,334.8,4,0,2
566,9,1,2,28.7,363.5,4,0,2
567,9,1,2,4.4,367.9,3,0,1
568,9,1,2,12.7,380.6,4,0,1
569,9,1,2,10.5,391.1,4,0,1
570,9,1,2,3.5,394.6,3,0,1
571,9,1,2,11.6,406.2,4,0,1
572,9,1,2,33.8,440.0,4,0,2
573,9,1,2,16.5,456.5,4,0,2
574,9,1,2,0.1,456.6,3,0,1
575,9,1,2,13.8,470.4,4,0,1
576,9,1,2,25.9,496.3,4,0,2
577,9,1,2,47.0,543.3,2,0,0
578,9,1,2,14.7,14.7,4,0,1
579,9,1,2,10.9,25.6,4,0,1
580,9,1,2,7.1,32.7,3,0,1
581,9,1,2,2.6,35.3,3,0,1
582,9,1,2,22.2,57.5,4,0,2
583,9,1,2,28.5,86.0,4,0,2
584,9,1,2,13.5,99.5,4,0,1
585,9,1,2,20.3,119.8,4,0,2
586,9,1,2,32.6,152.4,4,0,2
587,9,1,2,150.3,302.7,1,2,0
588,9,1,2,34.1,336.8,4,0,2
589,9,1,2,62.6,399.4,2,0,0
590,9,1,2,4.5,403.9,3,0,1
591,9,1,2,2.4,406.3,3,0,1
592,9,1,2,19.6,425.9,4,0,2
593,9,1,2,126.5,552.4,1,2,0
594,9,1,2,2.2,554.6,3,0,1
595,9,1,2,16.3,570.9,4,0,2
596,9,1,2,16.9,587.8,4,0,2
597,9,1,2,21.3,609.1,4,0,2
598,9,1,2,52.4,661.5,2,0,0
599,9,1,2,27.4,688.9,4,0,2
600,9,1,2,2.6,691.5,3,0,1
601,9,1,2,0.0,691.5,5,0,1
602,9,1,2,93.4,784.9,6,1,0
603,9,1,2,0.0,784.9,5,0,1
604,9,1,2,12.2,797.1,4,0,1
605,9,1,2,0.5,797.6,3,0,1
606,9,1,2,2.8,800.4,3,0,1
607,9,1,2,18.5,818.9,4,0,2
608,9,1,2,3.9,822.8,3,0,1
609,9,1,2,32.8,32.8,4,0,2
610,9,1,2,0.0,32.8,5,0,1
611,9,1,2,0.0,32.8,5,0,1
612,9,1,2,8.0,40.8,4,0,1
613,9,1,2,9.7,50.5,4,0,1
614,9,1,2,55.7,106.2,2,0,0
615,9,1,2,4.0,110.2,3,0,1
616,9,1,2,17.4,127.6,4,0,2
617,9,1,2,41.4,169.0,2,0,0
618,9,1,2,66.0,235.0,6,1,0
619,9,1,2,5.8,240.8,3,0,1
620,9,1,2,14.4,255.2,4,0,1
621,9,1,2,8.6,263.8,4,0,1
622,9,1,2,25.2,289.0,4,0,2
623,9,1,2,0.3,289.3,3,0,1
624,9,1,2,11.5,300.8,4,0,1
625,9,1,2,21.0,321.8,4,0,2
626,9,1,2,0.0,321.8,5,0,1
627,9,1,2,42.5,364.3,2,0,0
628,9,1,2,3.9,368.2,3,0,1
629,9,1,2,5.1,373.3,3,0,1
630,9,1,2,10.6,383.9,4,0,1
631,9,1,2,1.7,385.6,3,0,1
632,9,1,2,5.1,390.7,3,0,1
633,9,1,2,61.7,452.4,2,0,0
634,9,1,2,43.2,495.6,2,0,0
635,9,1,2,0.0,495.6,5,0,1
636,9,1,2,69.7,565.3,6,1,0
637,9,1,2,24.8,590.1,4,0,2
638,9,1,2,27.6,617.7,4,0,2
639,9,1,2,10.9,10.9,4,0,1
640,9,1,2,0.0,10.9,5,0,1
641,9,1,2,27.7,38.6,4,0,2
642,9,1,2,0.0,38.6,5,0,1
643,9,1,2,0.1,38.7,3,0,1
644,9,1,2,10.9,49.6,4,0,1
645,9,1,2,0.2,49.8,3,0,1
646,9,1,2,11.6,61.4,4,0,1
647,9,1,2,6.5,67.9,3,0,1
648,9,1,2,7.0,74.9,3,0,1
649,9,1,2,0.0,74.9,5,0,1
650,9,1,2,2.5,77.4,3,0,1
651,9,1,2,0.0,77.4,5,0,1
652,9,1,2,23.0,100.4,4,0,2
653,9,1,2,7.6,108.0,4,0,1
654,9,1,2,12.4,120.4,4,0,1
655,9,1,2,13.5,133.9,4,0,1
656,9,1,2,9.4,143.3,4,0,1
657,9,1,2,0.0,143.3,5,0,1
658,9,1,2,0.0,143.3,5,0,1
659,9,1,2,0.0,143.3,5,0,1
660,9,1,2,6.3,149.6,3,0,1
661,9,1,2,0.9,150.5,3,0,1
662,9,1,2,5.3,155.8,3,0,1
663,9,1,2,0.0,155.8,5,0,1
664,9,1,2,24.2,180.0,4,0,2
665,9,1,2,1.1,181.1,3,0,1
666,9,1,2,10.5,191.6,4,0,1
667,9,1,2,5.1,196.7,3,0,1
668,9,1,2,4.9,201.6,3,0,1
669,9,1,2,1.1,202.7,3,0,1
670,9,1,2,1.6,1.6,3,0,1
671,9,1,2,24.3,25.9,4,0,2
672,9,1,2,22.8,48.7,4,0,2
673,9,1,2,0.0,48.7,5,0,1
674,9,1,2,0.0,48.7,5,0,1
675,9,1,2,0.0,48.7,5,0,1
676,9,1,2,0.0,48.7,5,0,1
677,9,1,2,1.8,50.5,3,0,1
678,9,1,2,0.0,50.5,5,0,1
679,9,1,2,0.0,50.5,5,0,1
680,9,1,2,0.0,50.5,5,0,1
681,9,1,2,8.4,58.9,4,0,1
682,9,1,2,5.0,63.9,3,0,1
683,9,1,2,0.0,63.9,5,0,1
684,9,1,2,0.0,63.9,5,0,1
685,9,1,2,1.9,65.8,3,0,1
686,9,1,2,0.0,65.8,5,0,1
687,9,1,2,0.0,65.8,5,0,1
688,9,1,2,4.7,70.5,3,0,1
689,9,1,2,1.5,72.0,3,0,1
690,9,1,2,0.0,72.0,5,0,1
691,9,1,2,0.0,72.0,5,0,1
692,9,1,2,0.0,72.0,5,0,1
693,9,1,2,0.1,72.1,3,0,1
694,9,1,2,0.0,72.1,5,0,1
695,9,1,2,0.0,72.1,5,0,1
696,9,1,2,0.0,72.1,5,0,1
697,9,1,2,0.0,72.1,5,0,1
698,9,1,2,0.0,72.1,5,0,1
699,9,1,2,0.0,72.1,5,0,1
700,9,1,2,0.0,0.0,5,0,1
701,9,1,2,0.0,0.0,5,0,1
702,9,1,2,0.0,0.0,5,0,1
703,9,1,2,21.3,21.3,4,0,2
704,9,1,2,0.0,21.3,5,0,1
705,9,1,2,0.0,21.3,5,0,1
706,9,1,2,0.0,21.3,5,0,1
707,9,1,2,0.0,21.3,5,0,1
708,9,1,2,0.0,21.3,5,0,1
709,9,1,2,0.0,21.3,5,0,1
710,9,1,2,0.0,21.3,5,0,1
711,9,1,2,0.0,21.3,5,0,1
712,9,1,2,0.0,21.3,5,0,1
713,9,1,2,0.0,21.3,5,0,1
714,9,1,2,0.0,21.3,5,0,1
715,9,1,2,0.0,21.3,5,0,1
716,9,1,2,0.0,21.3,5,0,1
717,9,1,2,0.0,21.3,5,0,1
718,9,1,2,0.0,21.3,5,0,1
719,9,1,2,0.0,21.3,5,0,1
720,9,1,2,0.0,21.3,5,0,1
721,9,1,2,0.0,21.3,5,0,1
722,9,1,2,0.0,21.3,5,0,1
723,9,1,2,0.0,21.3,5,0,1
724,9,1,2,0.0,21.3,5,0,1
725,9,1,2,0.0,21.3,5,0,1
726,9,1,2,0.0,21.3,5,0,1
727,9,1,2,0.0,21.3,5,0,1
728,9,1,2,0.0,21.3,5,0,1
729,9,1,2,0.0,21.3,5,0,1
730,9,1,2,8.7,30.0,4,0,1
731,9,1,0,0.0,0.0,5,0,1
732,9,1,0,0.0,0.0,5,0,1
733,9,1,0,0.0,0.0,5,0,1
734,9,1,0,1.2,1.2,3,0,1
735,9,1,0,0.0,1.2,5,0,1
736,9,1,0,0.0,1.2,5,0,1
737,9,1,0,0.0,1.2,5,0,1
738,9,1,0,0.0,1.2,5,0,1
739,9,1,0,2.1,3.3,3,0,1
740,9,1,0,0.0,3.3,5,0,1
741,9,1,0,0.0,3.3,5,0,1
742,9,1,0,0.0,3.3,5,0,1
743,9,1,0,0.0,3.3,5,0,1
744,9,1,0,0.0,3.3,5,0,1
745,9,1,0,2.3,5.6,3,0,1
746,9,1,0,0.0,5.6,5,0,1
747,9,1,0,0.0,5.6,5,0,1
748,9,1,0,0.0,5.6,5,0,1
749,9,1,0,0.0,5.6,5,0,1
750,9,1,0,0.0,5.6,5,0,1
751,9,1,0,0.0,5.6,5,0,1
752,9,1,0,0.0,5.6,5,0,1
753,9,1,0,0.0,5.6,5,0,1
754,9,1,0,0.0,5.6,5,0,1
755,9,1,0,0.0,5.6,5,0,1
756,9,1,0,0.0,5.6,5,0,1
757,9,1,0,0.0,5.6,5,0,1
758,9,1,0,5.3,10.9,3,0,1
759,9,1,0,0.0,10.9,5,0,1
760,9,1,0,0.0,10.9,5,0,1
761,9,1,0,0.0,10.9,5,0,1
762,9,1,0,0.0,0.0,5,0,1
763,9,1,0,0.0,0.0,5,0,1
764,9,1,0,0.0,0.0,5,0,1
765,9,1,0,0.0,0.0,5,0,1
766,9,1,0,0.0,0.0,5,0,1
767,9,1,0,0.0,0.0,5,0,1
768,9,1,0,0.0,0.0,5,0,1
769,9,1,0,0.0,0.0,5,0,1
770,9,1,0,0.0,0.0,5,0,1
771,9,1,0,0.0,0.0,5,0,1
772,9,1,0,0.0,0.0,5,0,1
773,9,1,0,0.0,0.0,5,0,1
774,9,1,0,0.0,0.0,5,0,1
775,9,1,0,0.0,0.0,5,0,1
776,9,1,0,0.0,0.0,5,0,1
777,9,1,0,0.0,0.0,5,0,1
778,9,1,0,0.0,0.0,5,0,1
779,9,1,0,0.0,0.0,5,0,1
780,9,1,0,0.0,0.0,5,0,1
781,9,1,0,0.0,0.0,5,0,1
782,9,1,0,0.0,0.0,5,0,1
783,9,1,0,0.0,0.0,5,0,1
784,9,1,0,0.0,0.0,5,0,1
785,9,1,0,2.1,2.1,3,0,1
786,9,1,0,0.0,2.1,5,0,1
787,9,1,0,0.0,2.1,5,0,1
788,9,1,0,0.0,2.1,5,0,1
789,9,1,0,0.0,2.1,5,0,1
790,9,1,0,0.0,0.0,5,0,1
791,9,1,0,0.0,0.0,5,0,1
792,9,1,0,0.0,0.0,5,0,1
793,9,1,0,0.0,0.0,5,0,1
794,9,1,0,0.0,0.0,5,0,1
795,9,1,0,0.0,0.0,5,0,1
796,9,1,0,0.0,0.0,5,0,1
797,9,1,0,0.0,0.0,5,0,1
798,9,1,0,0.0,0.0,5,0,1
799,9,1,0,0.0,0.0,5,0,1
800,9,1,0,0.0,0.0,5,0,1
801,9,1,0,0.0,0.0,5,0,1
802,9,1,0,0.0,0.0,5,0,1
803,9,1,0,0.0,0.0,5,0,1
804,9,1,0,0.0,0.0,5,0,1
805,9,1,0,0.0,0.0,5,0,1
806,9,1,0,0.0,0.0,5,0,1
807,9,1,0,0.0,0.0,5,0,1
808,9,1,0,0.0,0.0,5,0,1
809,9,1,0,0.0,0.0,5,0,1
810,9,1,0,0.0,0.0,5,0,1
811,9,1,0,0.0,0.0,5,0,1
812,9,1,0,0.0,0.0,5,0,1
813,9,1,0,0.0,0.0,5,0,1
814,9,1,0,0.0,0.0,5,0,1
815,9,1,0,0.0,0.0,5,0,1
816,9,1,0,0.0,0.0,5,0,1
817,9,1,0,0.0,0.0,5,0,1
818,9,1,0,0.0,0.0,5,0,1
819,9,1,0,0.0,0.0,5,0,1
820,9,1,0,0.0,0.0,5,0,1
821,9,1,0,0.0,0.0,5,0,1
822,9,1,0,0.0,0.0,5,0,1
823,9,1,0,1.3,1.3,3,0,1
824,9,1,0,0.0,1.3,5,0,1
825,9,1,0,0.0,1.3,5,0,1
826,9,1,0,0.0,1.3,5,0,1
827,9,1,0,0.0,1.3,5,0,1
828,9,1,0,0.0,1.3,5,0,1
829,9,1,0,0.0,1.3,5,0,1
830,9,1,0,0.0,1.3,5,0,1
831,9,1,0,0.0,1.3,5,0,1
832,9,1,0,0.0,1.3,5,0,1
833,9,1,0,1.4,2.7,3,0,1
834,9,1,0,0.0,2.7,5,0,1
835,9,1,0,0.0,2.7,5,0,1
836,9,1,0,0.0,2.7,5,0,1
837,9,1,0,0.0,2.7,5,0,1
838,9,1,0,0.0,2.7,5,0,1
839,9,1,0,0.0,2.7,5,0,1
840,9,1,0,0.0,2.7,5,0,1
841,9,1,0,0.0,2.7,5,0,1
842,9,1,0,0.0,2.7,5,0,1
843,9,1,0,11.0,13.7,4,0,1
844,9,1,0,0.0,13.7,5,0,1
845,9,1,0,0.0,13.7,5,0,1
846,9,1,0,0.0,13.7,5,0,1
847,9,1,0,4.9,18.6,3,0,1
848,9,1,0,0.0,18.6,5,0,1
849,9,1,0,0.0,18.6,5,0,1
850,9,1,0,0.0,18.6,5,0,1
851,9,1,0,0.0,0.0,5,0,1
852,9,1,0,0.0,0.0,5,0,1
853,9,1,0,0.2,0.2,3,0,1
854,9,1,0,0.0,0.2,5,0,1
855,9,1,0,1.8,2.0,3,0,1
856,9,1,0,0.0,2.0,5,0,1
857,9,1,0,0.0,2.0,5,0,1
858,9,1,0,0.0,2.0,5,0,1
859,9,1,0,0.0,2.0,5,0,1
860,9,1,0,1.7,3.7,3,0,1
861,9,1,0,0.0,3.7,5,0,1
862,9,1,0,0.0,3.7,5,0,1
863,9,1,0,0.0,3.7,5,0,1
864,9,1,0,0.0,3.7,5,0,1
865,9,1,0,0.0,3.7,5,0,1
866,9,1,0,0.0,3.7,5,0,1
867,9,1,0,0.0,3.7,5,0,1
868,9,1,0,0.0,3.7,5,0,1
869,9,1,0,0.0,3.7,5,0,1
870,9,1,0,0.0,3.7,5,0,1
871,9,1,0,0.1,3.8,3,0,1
872,9,1,0,0.0,3.8,5,0,1
873,9,1,0,1.4,5.2,3,0,1
874,9,1,0,0.0,5.2,5,0,1
875,9,1,0,0.0,5.2,5,0,1
876,9,1,0,0.0,5.2,5,0,1
877,9,1,0,0.0,5.2,5,0,1
878,9,1,0,2.1,7.3,3,0,1
879,9,1,0,4.0,11.3,3,0,1
880,9,1,0,1.9,13.2,3,0,1
881,9,1,0,0.0,13.2,5,0,1
882,9,1,0,0.0,0.0,5,0,1
883,9,1,0,0.0,0.0,5,0,1
884,9,1,0,0.0,0.0,5,0,1
885,9,1,0,1.0,1.0,3,0,1
886,9,1,0,3.6,4.6,3,0,1
887,9,1,0,0.0,4.6,5,0,1
888,9,1,0,0.0,4.6,5,0,1
889,9,1,0,0.0,4.6,5,0,1
890,9,1,0,0.0,4.6,5,0,1
891,9,1,0,0.0,4.6,5,0,1
892,9,1,0,11.6,16.2,4,0,1
893,9,1,0,0.0,16.2,5,0,1
894,9,1,0,0.0,16.2,5,0,1
895,9,1,0,0.0,16.2,5,0,1
896,9,1,0,0.0,16.2,5,0,1
897,9,1,0,0.0,16.2,5,0,1
898,9,1,0,0.0,16.2,5,0,1
899,9,1,0,0.0,16.2,5,0,1
900,9,1,0,3.5,19.7,3,0,1
901,9,1,0,0.0,19.7,5,0,1
902,9,1,0,0.0,19.7,5,0,1
903,9,1,0,0.0,19.7,5,0,1
904,9,1,0,19.5,39.2,4,0,2
905,9,1,0,0.0,39.2,5,0,1
906,9,1,0,0.0,39.2,5,0,1
907,9,1,0,0.0,39.2,5,0,1
908,9,1,0,0.0,39.2,5,0,1
909,9,1,0,0.0,39.2,5,0,1
910,9,1,0,0.0,39.2,5,0,1
911,9,1,0,0.0,39.2,5,0,1
912,9,1,0,0.0,0.0,5,0,1
913,9,1,0,0.0,0.0,5,0,1
914,9,1,0,0.0,0.0,5,0,1
915,9,1,0,6.8,6.8,3,0,1
916,9,1,0,0.0,6.8,5,0,1
917,9,1,0,0.0,6.8,5,0,1
918,9,1,0,0.0,6.8,5,0,1
919,9,1,0,0.0,6.8,5,0,1
920,9,1,0,9.4,16.2,4,0,1
921,9,1,0,16.1,32.3,4,0,2
922,9,1,0,0.0,32.3,5,0,1
923,9,1,0,0.0,32.3,5,0,1
924,9,1,0,3.8,36.1,3,0,1
925,9,1,0,3.2,39.3,3,0,1
926,9,1,0,0.0,39.3,5,0,1
927,9,1,0,6.7,46.0,3,0,1
928,9,1,0,0.0,46.0,5,0,1
929,9,1,0,0.0,46.0,5,0,1
930,9,1,0,0.0,46.0,5,0,1
931,9,1,0,2.7,48.7,3,0,1
932,9,1,0,0.0,48.7,5,0,1
933,9,1,0,0.0,48.7,5,0,1
934,9,1,0,0.0,48.7,5,0,1
935,9,1,0,0.0,48.7,5,0,1
936,9,1,0,0.0,48.7,5,0,1
937,9,1,0,0.0,48.7,5,0,1
938,9,1,0,26.9,75.6,4,0,2
939,9,1,0,0.0,75.6,5,0,1
940,9,1,0,0.0,75.6,5,0,1
941,9,1,0,20.5,96.1,4,0,2
942,9,1,0,0.0,96.1,5,0,1
943,9,1,0,0.0,0.0,5,0,1
944,9,1,0,0.0,0.0,5,0,1
945,9,1,0,0.0,0.0,5,0,1
946,9,1,0,0.0,0.0,5,0,1
947,9,1,0,0.0,0.0,5,0,1
948,9,1,0,0.0,0.0,5,0,1
949,9,1,0,0.0,0.0,5,0,1
950,9,1,0,10.2,10.2,4,0,1
951,9,1,0,0.0,10.2,5,0,1
952,9,1,0,0.0,10.2,5,0,1
953,9,1,0,0.0,10.2,5,0,1
954,9,1,0,19.0,29.2,4,0,2
955,9,1,0,28.7,57.9,4,0,2
956,9,1,0,3.7,61.6,3,0,1
957,9,1,0,0.0,61.6,5,0,1
958,9,1,0,0.0,61.6,5,0,1
959,9,1,0,11.4,73.0,4,0,1
960,9,1,0,0.0,73.0,5,0,1
961,9,1,0,22.3,95.3,4,0,2
962,9,1,0,0.0,95.3,5,0,1
963,9,1,0,0.0,95.3,5,0,1
964,9,1,0,0.0,95.3,5,0,1
965,9,1,0,0.0,95.3,5,0,1
966,9,1,0,0.0,95.3,5,0,1
967,9,1,0,0.0,95.3,5,0,1
968,9,1,0,0.0,95.3,5,0,1
969,9,1,0,0.0,95.3,5,0,1
970,9,1,0,0.0,95.3,5,0,1
971,9,1,0,0.0,95.3,5,0,1
972,9,1,0,0.0,95.3,5,0,1
973,9,1,0,1.0,96.3,3,0,1
974,9,1,0,5.3,5.3,3,0,1
975,9,1,0,0.0,5.3,5,0,1
976,9,1,0,0.0,5.3,5,0,1
977,9,1,0,0.0,5.3,5,0,1
978,9,1,0,0.0,5.3,5,0,1
979,9,1,0,0.0,5.3,5,0,1
980,9,1,0,0.0,5.3,5,0,1
981,9,1,0,2.2,7.5,3,0,1
982,9,1,0,0.0,7.5,5,0,1
983,9,1,0,0.0,7.5,5,0,1
984,9,1,0,0.0,7.5,5,0,1
985,9,1,0,0.0,7.5,5,0,1
986,9,1,0,0.0,7.5,5,0,1
987,9,1,0,0.0,7.5,5,0,1
988,9,1,0,0.0,7.5,5,0,1
989,9,1,0,8.4,15.9,4,0,1
990,9,1,0,1.6,17.5,3,0,1
991,9,1,0,0.0,17.5,5,0,1
992,9,1,0,0.0,17.5,5,0,1
993,9,1,0,0.0,17.5,5,0,1
994,9,1,0,6.2,23.7,3,0,1
995,9,1,0,33.1,56.8,4,0,2
996,9,1,0,0.0,56.8,5,0,1
997,9,1,0,11.0,67.8,4,0,1
998,9,1,0,5.3,73.1,3,0,1
999,9,1,0,0.0,73.1,5,0,1
1000,9,1,0,0.0,73.1,5,0,1
1001,9,1,0,0.0,73.1,5,0,1
1002,9,1,0,0.0,73.1,5,0,1
1003,9,1,0,15.8,88.9,4,0,2
1004,9,1,0,0.0,0.0,5,0,1
1005,9,1,0,0.0,0.0,5,0,1
1006,9,1,0,0.0,0.0,5,0,1
1007,9,1,0,0.0,0.0,5,0,1
1008,9,1,0,0.0,0.0,5,0,1
1009,9,1,0,0.0,0.0,5,0,1
1010,9,1,0,0.0,0.0,5,0,1
1011,9,1,0,0.0,0.0,5,0,1
1012,9,1,0,2.0,2.0,3,0,1
1013,9,1,0,0.0,2.0,5,0,1
1014,9,1,0,1.9,3.9,3,0,1
1015,9,1,0,0.0,3.9,5,0,1
1016,9,1,0,1.5,5.4,3,0,1
1017,9,1,0,0.0,5.4,5,0,1
1018,9,1,0,0.0,5.4,5,0,1
1019,9,1,0,7.3,12.7,3,0,1
1020,9,1,0,3.6,16.3,3,0,1
1021,9,1,0,0.0,16.3,5,0,1
1022,9,1,0,8.0,24.3,4,0,1
1023,9,1,0,0.5,24.8,3,0,1
1024,9,1,0,0.0,24.8,5,0,1
1025,9,1,0,0.4,25.2,3,0,1
1026,9,1,0,0.0,25.2,5,0,1
1027,9,1,0,0.0,25.2,5,0,1
1028,9,1,0,0.0,25.2,5,0,1
1029,9,1,0,0.0,25.2,5,0,1
1030,9,1,0,0.0,25.2,5,0,1
1031,9,1,0,1.4,26.6,3,0,1
1032,9,1,0,1.1,27.7,3,0,1
1033,9,1,0,0.0,27.7,5,0,1
1034,9,1,0,0.0,27.7,5,0,1
1035,9,1,0,0.0,0.0,5,0,1
1036,9,1,0,0.0,0.0,5,0,1
1037,9,1,0,0.0,0.0,5,0,1
1038,9,1,0,6.8,6.8,3,0,1
1039,9,1,0,0.0,6.8,5,0,1
1040,9,1,0,0.0,6.8,5,0,1
1041,9,1,0,0.0,6.8,5,0,1
1042,9,1,0,2.7,9.5,3,0,1
1043,9,1,0,0.0,9.5,5,0,1
1044,9,1,0,0.0,9.5,5,0,1
1045,9,1,0,0.9,10.4,3,0,1
1046,9,1,0,0.0,10.4,5,0,1
1047,9,1,0,0.0,10.4,5,0,1
1048,9,1,0,0.0,10.4,5,0,1
1049,9,1,0,2.9,13.3,3,0,1
1050,9,1,0,0.0,13.3,5,0,1
1051,9,1,0,0.0,13.3,5,0,1
1052,9,1,0,0.0,13.3,5,0,1
1053,9,1,0,0.0,13.3,5,0,1
1054,9,1,0,0.0,13.3,5,0,1
1055,9,1,0,0.0,13.3,5,0,1
1056,9,1,0,0.0,13.3,5,0,1
1057,9,1,0,0.0,13.3,5,0,1
1058,9,1,0,0.0,13.3,5,0,1
1059,9,1,0,0.0,13.3,5,0,1
1060,9,1,0,0.0,13.3,5,0,1
1061,9,1,0,0.0,13.3,5,0,1
1062,9,1,0,0.0,13.3,5,0,1
1063,9,1,0,0.0,13.3,5,0,1
1064,9,1,0,0.0,13.3,5,0,1
1065,9,1,0,0.0,0.0,5,0,1
1066,9,1,0,0.0,0.0,5,0,1
1067,9,1,0,0.0,0.0,5,0,1
1068,9,1,0,0.0,0.0,5,0,1
1069,9,1,0,0.0,0.0,5,0,1
1070,9,1,0,0.0,0.0,5,0,1
1071,9,1,0,0.0,0.0,5,0,1
1072,9,1,0,0.0,0.0,5,0,1
1073,9,1,0,0.0,0.0,5,0,1
1074,9,1,0,0.0,0.0,5,0,1
1075,9,1,0,0.0,0.0,5,0,1
1076,9,1,0,0.0,0.0,5,0,1
1077,9,1,0,0.0,0.0,5,0,1
1078,9,1,0,0.0,0.0,5,0,1
1079,9,1,0,0.0,0.0,5,0,1
1080,9,1,0,0.0,0.0,5,0,1
1081,9,1,0,0.0,0.0,5,0,1
1082,9,1,0,0.0,0.0,5,0,1
1083,9,1,0,0.0,0.0,5,0,1
1084,9,1,0,0.0,0.0,5,0,1
1085,9,1,0,0.0,0.0,5,0,1
1086,9,1,0,0.0,0.0,5,0,1
1087,9,1,0,0.0,0.0,5,0,1
1088,9,1,0,0.0,0.0,5,0,1
1089,9,1,0,0.0,0.0,5,0,1
1090,9,1,0,0.0,0.0,5,0,1
1091,9,1,0,0.0,0.0,5,0,1
1092,9,1,0,0.0,0.0,5,0,1
1093,9,1,0,0.0,0.0,5,0,1
1094,9,1,0,0.0,0.0,5,0,1
1095,9,1,0,0.0,0.0,5,0,1
1096,9,1,3,0.0,0.0,5,0,1
1097,9,1,3,0.0,0.0,5,0,1
1098,9,1,3,0.0,0.0,5,0,1
1099,9,1,3,0.0,0.0,5,0,1
1100,9,1,3,0.0,0.0,5,0,1
1101,9,1,3,0.0,0.0,5,0,1
1102,9,1,3,0.0,0.0,5,0,1
1103,9,1,3,0.0,0.0,5,0,1
1104,9,1,3,0.8,0.8,3,0,1
1105,9,1,3,0.0,0.8,5,0,1
1106,9,1,3,7.6,8.4,4,0,1
1107,9,1,3,0.0,8.4,5,0,1
1108,9,1,3,0.0,8.4,5,0,1
1109,9,1,3,1.6,10.0,3,0,1
1110,9,1,3,0.0,10.0,5,0,1
1111,9,1,3,0.0,10.0,5,0,1
1112,9,1,3,0.0,10.0,5,0,1
1113,9,1,3,0.0,10.0,5,0,1
1114,9,1,3,0.0,10.0,5,0,1
1115,9,1,3,0.0,10.0,5,0,1
1116,9,1,3,0.0,10.0,5,0,1
1117,9,1,3,0.0,10.0,5,0,1
1118,9,1,3,0.0,10.0,5,0,1
1119,9,1,3,0.0,10.0,5,0,1
1120,9,1,3,0.0,10.0,5,0,1
1121,9,1,3,2.0,12.0,3,0,1
1122,9,1,3,0.0,12.0,5,0,1
1123,9,1,3,2.6,14.6,3,0,1
1124,9,1,3,0.0,14.6,5,0,1
1125,9,1,3,0.0,14.6,5,0,1
1126,9,1,3,0.0,14.6,5,0,1
1127,9,1,3,0.0,0.0,5,0,1
1128,9,1,3,0.0,0.0,5,0,1
1129,9,1,3,0.0,0.0,5,0,1
1130,9,1,3,8.7,8.7,4,0,1
1131,9,1,3,0.0,8.7,5,0,1
1132,9,1,3,0.0,8.7,5,0,1
1133,9,1,3,5.3,14.0,3,0,1
1134,9,1,3,0.0,14.0,5,0,1
1135,9,1,3,0.0,14.0,5,0,1
1136,9,1,3,0.0,14.0,5,0,1
1137,9,1,3,0.0,14.0,5,0,1
1138,9,1,3,0.0,14.0,5,0,1
1139,9,1,3,0.0,14.0,5,0,1
1140,9,1,3,0.0,14.0,5,0,1
1141,9,1,3,0.0,14.0,5,0,1
1142,9,1,3,0.0,14.0,5,0,1
1143,9,1,3,0.0,14.0,5,0,1
1144,9,1,3,0.0,14.0,5,0,1
1145,9,1,3,0.0,14.0,5,0,1
1146,9,1,3,0.0,14.0,5,0,1
1147,9,1,3,0.0,14.0,5,0,1
1148,9,1,3,0.0,14.0,5,0,1
1149,9,1,3,0.0,14.0,5,0,1
1150,9,1,3,0.0,14.0,5,0,1
1151,9,1,3,0.0,14.0,5,0,1
1152,9,1,3,0.0,14.0,5,0,1
1153,9,1,3,0.0,14.0,5,0,1
1154,9,1,3,0.0,14.0,5,0,1
1155,9,1,3,0.0,0.0,5,0,1
1156,9,1,3,0.0,0.0,5,0,1
1157,9,1,3,0.0,0.0,5,0,1
1158,9,1,3,0.0,0.0,5,0,1
1159,9,1,3,0.0,0.0,5,0,1
1160,9,1,3,0.0,0.0,5,0,1
1161,9,1,3,0.0,0.0,5,0,1
1162,9,1,3,0.0,0.0,5,0,1
1163,9,1,3,0.0,0.0,5,0,1
1164,9,1,3,0.0,0.0,5,0,1
1165,9,1,3,0.0,0.0,5,0,1
1166,9,1,3,0.0,0.0,5,0,1
1167,9,1,3,0.0,0.0,5,0,1
1168,9,1,3,0.0,0.0,5,0,1
1169,9,1,3,2.6,2.6,3,0,1
1170,9,1,3,0.0,2.6,5,0,1
1171,9,1,3,0.0,2.6,5,0,1
1172,9,1,3,0.0,2.6,5,0,1
1173,9,1,3,0.0,2.6,5,0,1
1174,9,1,3,0.0,2.6,5,0,1
1175,9,1,3,0.0,2.6,5,0,1
1176,9,1,3,0.0,2.6,5,0,1
1177,9,1,3,0.0,2.6,5,0,1
1178,9,1,3,0.0,2.6,5,0,1
1179,9,1,3,15.8,18.4,4,0,2
1180,9,1,3,0.0,18.4,5,0,1
1181,9,1,3,0.0,18.4,5,0,1
1182,9,1,3,0.0,18.4,5,0,1
1183,9,1,3,0.0,18.4,5,0,1
1184,9,1,3,0.0,18.4,5,0,1
1185,9,1,3,0.0,18.4,5,0,1
1186,9,1,3,0.0,0.0,5,0,1
1187,9,1,3,0.0,0.0,5,0,1
1188,9,1,3,0.0,0.0,5,0,1
1189,9,1,3,0.0,0.0,5,0,1
1190,9,1,3,0.0,0.0,5,0,1
1191,9,1,3,0.0,0.0,5,0,1
1192,9,1,3,0.0,0.0,5,0,1
1193,9,1,3,0.0,0.0,5,0,1
1194,9,1,3,27.8,27.8,4,0,2
1195,9,1,3,0.0,27.8,5,0,1
1196,9,1,3,0.7,28.5,3,0,1
1197,9,1,3,0.0,28.5,5,0,1
1198,9,1,3,0.0,28.5,5,0,1
1199,9,1,3,0.0,28.5,5,0,1
1200,9,1,3,3.5,32.0,3,0,1
1201,9,1,3,0.0,32.0,5,0,1
1202,9,1,3,0.0,32.0,5,0,1
1203,9,1,3,0.0,32.0,5,0,1
1204,9,1,3,0.0,32.0,5,0,1
1205,9,1,3,0.0,32.0,5,0,1
1206,9,1,3,1.2,33.2,3,0,1
1207,9,1,3,0.0,33.2,5,0,1
1208,9,1,3,0.0,33.2,5,0,1
1209,9,1,3,0.0,33.2,5,0,1
1210,9,1,3,0.3,33.5,3,0,1
1211,9,1,3,11.8,45.3,4,0,1
1212,9,1,3,0.0,45.3,5,0,1
1213,9,1,3,0.0,45.3,5,0,1
1214,9,1,3,0.0,45.3,5,0,1
1215,9,1,3,1.8,47.1,3,0,1
1216,9,1,3,1.0,1.0,3,0,1
1217,9,1,3,4.3,5.3,3,0,1
1218,9,1,3,0.0,5.3,5,0,1
1219,9,1,3,0.0,5.3,5,0,1
1220,9,1,3,0.0,5.3,5,0,1
1221,9,1,3,0.0,5.3,5,0,1
1222,9,1,3,0.0,5.3,5,0,1
1223,9,1,3,1.8,7.1,3,0,1
1224,9,1,3,0.0,7.1,5,0,1
1225,9,1,3,0.0,7.1,5,0,1
1226,9,1,3,0.0,7.1,5,0,1
1227,9,1,3,0.0,7.1,5,0,1
1228,9,1,3,0.0,7.1,5,0,1
1229,9,1,3,0.0,7.1,5,0,1
1230,9,1,3,5.2,12.3,3,0,1
1231,9,1,3,0.0,12.3,5,0,1
1232,9,1,3,0.0,12.3,5,0,1
1233,9,1,3,1.4,13.7,3,0,1
1234,9,1,3,0.0,13.7,5,0,1
1235,9,1,3,0.0,13.7,5,0,1
1236,9,1,3,0.0,13.7,5,0,1
1237,9,1,3,0.0,13.7,5,0,1
1238,9,1,3,0.0,13.7,5,0,1
1239,9,1,3,0.0,13.7,5,0,1
1240,9,1,3,1.3,15.0,3,0,1
1241,9,1,3,0.0,15.0,5,0,1
1242,9,1,3,0.0,15.0,5,0,1
1243,9,1,3,0.0,15.0,5,0,1
1244,9,1,3,0.0,15.0,5,0,1
1245,9,1,3,9.6,24.6,4,0,1
1246,9,1,3,0.0,24.6,5,0,1
1247,9,1,3,0.0,0.0,5,0,1
1248,9,1,3,16.7,16.7,4,0,2
1249,9,1,3,54.0,70.7,2,0,0
1250,9,1,3,0.0,70.7,5,0,1
1251,9,1,3,34.0,104.7,4,0,2
1252,9,1,3,6.1,110.8,3,0,1
1253,9,1,3,28.5,139.3,4,0,2
1254,9,1,3,0.0,139.3,5,0,1
1255,9,1,3,24.4,163.7,4,0,2
1256,9,1,3,7.4,171.1,3,0,1
1257,9,1,3,0.0,171.1,5,0,1
1258,9,1,3,5.0,176.1,3,0,1
1259,9,1,3,2.6,178.7,3,0,1
1260,9,1,3,8.6,187.3,4,0,1
1261,9,1,3,4.1,191.4,3,0,1
1262,9,1,3,0.0,191.4,5,0,1
1263,9,1,3,27.0,218.4,4,0,2
1264,9,1,3,0.1,218.5,3,0,1
1265,9,1,3,8.4,226.9,4,0,1
1266,9,1,3,24.5,251.4,4,0,2
1267,9,1,3,34.5,285.9,4,0,2
1268,9,1,3,13.5,299.4,4,0,1
1269,9,1,3,0.0,299.4,5,0,1
1270,9,1,3,7.3,306.7,3,0,1
1271,9,1,3,18.0,324.7,4,0,2
1272,9,1,3,73.2,397.9,6,1,0
1273,9,1,3,0.1,398.0,3,0,1
1274,9,1,3,0.0,398.0,5,0,1
1275,9,1,3,26.8,424.8,4,0,2
1276,9,1,3,3.5,428.3,3,0,1
1277,9,1,3,4.6,4.6,3,0,1
1278,9,1,3,24.6,29.2,4,0,2
1279,9,1,3,0.4,29.6,3,0,1
1280,9,1,3,21.5,51.1,4,0,2
1281,9,1,3,10.2,61.3,4,0,1
1282,9,1,3,48.9,110.2,2,0,0
1283,9,1,3,19.2,129.4,4,0,2
1284,9,1,3,55.4,184.8,2,0,0
1285,9,1,3,0.0,184.8,5,0,1
1286,9,1,3,0.0,184.8,5,0,1
1287,9,1,3,0.6,185.4,3,0,1
1288,9,1,3,15.4,200.8,4,0,2
1289,9,1,3,1.6,202.4,3,0,1
1290,9,1,3,42.8,245.2,2,0,0
1291,9,1,3,9.5,254.7,4,0,1
1292,9,1,3,12.7,267.4,4,0,1
1293,9,1,3,4.6,272.0,3,0,1
1294,9,1,3,49.6,321.6,2,0,0
1295,9,1,3,0.4,322.0,3,0,1
1296,9,1,3,11.2,333.2,4,0,1
1297,9,1,3,38.0,371.2,2,0,0
1298,9,1,3,0.0,371.2,5,0,1
1299,9,1,3,25.7,396.9,4,0,2
1300,9,1,3,24.2,421.1,4,0,2
1301,9,1,3,39.5,460.6,2,0,0
1302,9,1,3,34.9,495.5,4,0,2
1303,9,1,3,11.0,506.5,4,0,1
1304,9,1,3,7.6,514.1,4,0,1
1305,9,1,3,3.6,517.7,3,0,1
1306,9,1,3,139.2,656.9,1,2,0
1307,9,1,3,1.2,658.1,3,0,1
1308,9,1,3,49.4,49.4,2,0,0
1309,9,1,3,0.0,49.4,5,0,1
1310,9,1,3,4.4,53.8,3,0,1
1311,9,1,3,4.1,57.9,3,0,1
1312,9,1,3,0.8,58.7,3,0,1
1313,9,1,3,21.7,80.4,4,0,2
1314,9,1,3,24.1,104.5,4,0,2
1315,9,1,3,35.9,140.4,2,0,0
1316,9,1,3,3.4,143.8,3,0,1
1317,9,1,3,49.4,193.2,2,0,0
1318,9,1,3,4.8,198.0,3,0,1
1319,9,1,3,6.8,204.8,3,0,1
1320,9,1,3,1.9,206.7,3,0,1
1321,9,1,3,51.2,257.9,2,0,0
1322,9,1,3,4.8,262.7,3,0,1
1323,9,1,3,2.3,265.0,3,0,1
1324,9,1,3,30.7,295.7,4,0,2
1325,9,1,3,23.5,319.2,4,0,2
1326,9,1,3,5.9,325.1,3,0,1
1327,9,1,3,16.7,341.8,4,0,2
1328,9,1,3,20.0,361.8,4,0,2
1329,9,1,3,15.5,377.3,4,0,2
1330,9,1,3,10.0,387.3,4,0,1
1331,9,1,3,25.8,413.1,4,0,2
1332,9,1,3,0.0,413.1,5,0,1
1333,9,1,3,0.0,413.1,5,0,1
1334,9,1,3,11.1,424.2,4,0,1
1335,9,1,3,2.9,427.1,3,0,1
1336,9,1,3,8.0,435.1,4,0,1
1337,9,1,3,3.8,438.9,3,0,1
1338,9,1,3,15.2,454.1,4,0,2
1339,9,1,3,21.8,21.8,4,0,2
1340,9,1,3,6.4,28.2,3,0,1
1341,9,1,3,33.4,61.6,4,0,2
1342,9,1,3,2.2,63.8,3,0,1
1343,9,1,3,10.2,74.0,4,0,1
1344,9,1,3,14.7,88.7,4,0,1
1345,9,1,3,6.2,94.9,3,0,1
1346,9,1,3,4.4,99.3,3,0,1
1347,9,1,3,24.8,124.1,4,0,2
1348,9,1,3,31.7,155.8,4,0,2
1349,9,1,3,22.6,178.4,4,0,2
1350,9,1,3,2.6,181.0,3,0,1
1351,9,1,3,22.6,203.6,4,0,2
1352,9,1,3,45.8,249.4,2,0,0
1353,9,1,3,8.0,257.4,4,0,1
1354,9,1,3,5.4,262.8,3,0,1
1355,9,1,3,64.2,327.0,2,0,0
1356,9,1,3,16.8,343.8,4,0,2
1357,9,1,3,138.0,481.8,1,2,0
1358,9,1,3,2.4,484.2,3,0,1
1359,9,1,3,1.0,485.2,3,0,1
1360,9,1,3,1.2,486.4,3,0,1
1361,9,1,3,0.2,486.6,3,0,1
1362,9,1,3,3.5,490.1,3,0,1
1363,9,1,3,0.0,490.1,5,0,1
1364,9,1,3,15.7,505.8,4,0,2
1365,9,1,3,5.5,511.3,3,0,1
1366,9,1,3,25.5,536.8,4,0,2
1367,9,1,3,3.6,540.4,3,0,1
1368,9,1,3,5.5,545.9,3,0,1
1369,9,1,3,2.1,2.1,3,0,1
1370,9,1,3,11.9,14.0,4,0,1
1371,9,1,3,0.0,14.0,5,0,1
1372,9,1,3,0.0,14.0,5,0,1
1373,9,1,3,3.0,17.0,3,0,1
1374,9,1,3,0.0,17.0,5,0,1
1375,9,1,3,12.2,29.2,4,0,1
1376,9,1,3,7.8,37.0,4,0,1
1377,9,1,3,4.3,41.3,3,0,1
1378,9,1,3,5.0,46.3,3,0,1
1379,9,1,3,0.3,46.6,3,0,1
1380,9,1,3,0.0,46.6,5,0,1
1381,9,1,3,6.4,53.0,3,0,1
1382,9,1,3,1.5,54.5,3,0,1
1383,9,1,3,1.5,56.0,3,0,1
1384,9,1,3,3.5,59.5,3,0,1
1385,9,1,3,0.0,59.5,5,0,1
1386,9,1,3,12.9,72.4,4,0,1
1387,9,1,3,5.9,78.3,3,0,1
1388,9,1,3,0.0,78.3,5,0,1
1389,9,1,3,9.8,88.1,4,0,1
1390,9,1,3,9.0,97.1,4,0,1
1391,9,1,3,11.2,108.3,4,0,1
1392,9,1,3,13.6,121.9,4,0,1
1393,9,1,3,0.0,121.9,5,0,1
1394,9,1,3,3.4,125.3,3,0,1
1395,9,1,3,16.0,141.3,4,0,2
1396,9,1,3,0.1,141.4,3,0,1
1397,9,1,3,2.1,143.5,3,0,1
1398,9,1,3,2.6,146.1,3,0,1
1399,9,1,3,4.6,150.7,3,0,1
1400,9,1,3,0.0,0.0,5,0,1
1401,9,1,3,6.1,6.1,3,0,1
1402,9,1,3,0.0,6.1,5,0,1
1403,9,1,3,0.0,6.1,5,0,1
1404,9,1,3,0.0,6.1,5,0,1
1405,9,1,3,5.4,11.5,3,0,1
1406,9,1,3,0.0,11.5,5,0,1
1407,9,1,3,1.5,13.0,3,0,1
1408,9,1,3,0.0,13.0,5,0,1
1409,9,1,3,9.1,22.1,4,0,1
1410,9,1,3,3.7,25.8,3,0,1
1411,9,1,3,0.0,25.8,5,0,1
1412,9,1,3,0.0,25.8,5,0,1
1413,9,1,3,4.5,30.3,3,0,1
1414,9,1,3,1.6,31.9,3,0,1
1415,9,1,3,4.3,36.2,3,0,1
1416,9,1,3,0.0,36.2,5,0,1
1417,9,1,3,0.0,36.2,5,0,1
1418,9,1,3,0.0,36.2,5,0,1
1419,9,1,3,0.0,36.2,5,0,1
1420,9,1,3,0.0,36.2,5,0,1
1421,9,1,3,0.0,36.2,5,0,1
1422,9,1,3,0.0,36.2,5,0,1
1423,9,1,3,0.0,36.2,5,0,1
1424,9,1,3,0.0,36.2,5,0,1
1425,9,1,3,0.0,36.2,5,0,1
1426,9,1,3,0.0,36.2,5,0,1
1427,9,1,3,23.5,59.7,4,0,2
1428,9,1,3,6.9,66.6,3,0,1
1429,9,1,3,0.0,66.6,5,0,1
1430,9,1,3,0.0,0.0,5,0,1
1431,9,1,3,0.0,0.0,5,0,1
1432,9,1,3,0.0,0.0,5,0,1
1433,9,1,3,0.0,0.0,5,0,1
1434,9,1,3,1.4,1.4,3,0,1
1435,9,1,3,0.0,1.4,5,0,1
1436,9,1,3,0.0,1.4,5,0,1
1437,9,1,3,0.0,1.4,5,0,1
1438,9,1,3,0.0,1.4,5,0,1
1439,9,1,3,0.0,1.4,5,0,1
1440,9,1,3,0.0,1.4,5,0,1
1441,9,1,3,0.0,1.4,5,0,1
1442,9,1,3,0.0,1.4,5,0,1
1443,9,1,3,0.0,1.4,5,0,1
1444,9,1,3,0.0,1.4,5,0,1
1445,9,1,3,0.0,1.4,5,0,1
1446,9,1,3,0.0,1.4,5,0,1
1447,9,1,3,0.0,1.4,5,0,1
1448,9,1,3,0.0,1.4,5,0,1
1449,9,1,3,0.0,1.4,5,0,1
1450,9,1,3,0.0,1.4,5,0,1
1451,9,1,3,0.0,1.4,5,0,1
1452,9,1,3,0.0,1.4,5,0,1
1453,9,1,3,0.0,1.4,5,0,1
1454,9,1,3,0.0,1.4,5,0,1
1455,9,1,3,0.0,1.4,5,0,1
1456,9,1,3,0.0,1.4,5,0,1
1457,9,1,3,0.0,1.4,5,0,1
1458,9,1,3,0.0,1.4,5,0,1
1459,9,1,3,0.0,1.4,5,0,1
1460,9,1,3,0.0,1.4,5,0,1
1461,9,1,1,0.0,0.0,5,0,1
1462,9,1,1,0.0,0.0,5,0,1
1463,9,1,1,0.0,0.0,5,0,1
1464,9,1,1,0.0,0.0,5,0,1
1465,9,1,1,0.0,0.0,5,0,1
1466,9,1,1,0.0,0.0,5,0,1
1467,9,1,1,2.3,2.3,3,0,1
1468,9,1,1,15.8,18.1,4,0,2
1469,9,1,1,0.0,18.1,5,0,1
1470,9,1,1,0.0,18.1,5,0,1
1471,9,1,1,0.0,18.1,5,0,1
1472,9,1,1,1.8,19.9,3,0,1
1473,9,1,1,0.0,19.9,5,0,1
1474,9,1,1,0.0,19.9,5,0,1
1475,9,1,1,0.0,19.9,5,0,1
1476,9,1,1,0.0,19.9,5,0,1
1477,9,1,1,0.0,19.9,5,0,1
1478,9,1,1,0.0,19.9,5,0,1
1479,9,1,1,0.0,19.9,5,0,1
1480,9,1,1,0.0,19.9,5,0,1
1481,9,1,1,0.0,19.9,5,0,1
1482,9,1,1,0.0,19.9,5,0,1
1483,9,1,1,0.0,19.9,5,0,1
1484,9,1,1,0.0,19.9,5,0,1
1485,9,1,1,0.0,19.9,5,0,1
1486,9,1,1,0.0,19.9,5,0,1
1487,9,1,1,0.0,19.9,5,0,1
1488,9,1,1,0.0,19.9,5,0,1
1489,9,1,1,0.0,19.9,5,0,1
1490,9,1,1,0.0,19.9,5,0,1
1491,9,1,1,0.0,19.9,5,0,1
1492,9,1,1,0.0,0.0,5,0,1
1493,9,1,1,0.0,0.0,5,0,1
1494,9,1,1,0.0,0.0,5,0,1
1495,9,1,1,0.0,0.0,5,0,1
1496,9,1,1,0.0,0.0,5,0,1
1497,9,1,1,0.0,0.0,5,0,1
1498,9,1,1,0.0,0.0,5,0,1
1499,9,1,1,0.0,0.0,5,0,1
1500,9,1,1,0.0,0.0,5,0,1
1501,9,1,1,0.0,0.0,5,0,1
1502,9,1,1,0.0,0.0,5,0,1
1503,9,1,1,2.7,2.7,3,0,1
1504,9,1,1,6.7,9.4,3,0,1
1505,9,1,1,0.0,9.4,5,0,1
1506,9,1,1,0.0,9.4,5,0,1
1507,9,1,1,0.0,9.4,5,0,1
1508,9,1,1,0.0,9.4,5,0,1
1509,9,1,1,0.0,9.4,5,0,1
1510,9,1,1,0.0,9.4,5,0,1
1511,9,1,1,4.4,13.8,3,0,1
1512,9,1,1,0.0,13.8,5,0,1
1513,9,1,1,17.3,31.1,4,0,2
1514,9,1,1,0.0,31.1,5,0,1
1515,9,1,1,0.0,31.1,5,0,1
1516,9,1,1,0.0,31.1,5,0,1
1517,9,1,1,0.0,31.1,5,0,1
1518,9,1,1,0.0,31.1,5,0,1
1519,9,1,1,25.2,56.3,4,0,2
1520,9,1,1,0.0,56.3,5,0,1
1521,9,1,1,10.2,10.2,4,0,1
1522,9,1,1,0.0,10.2,5,0,1
1523,9,1,1,0.0,10.2,5,0,1
1524,9,1,1,4.4,14.6,3,0,1
1525,9,1,1,0.0,14.6,5,0,1
1526,9,1,1,0.0,14.6,5,0,1
1527,9,1,1,0.0,14.6,5,0,1
1528,9,1,1,0.0,14.6,5,0,1
1529,9,1,1,0.0,14.6,5,0,1
1530,9,1,1,0.0,14.6,5,0,1
1531,9,1,1,0.0,14.6,5,0,1
1532,9,1,1,0.0,14.6,5,0,1
1533,9,1,1,42.3,56.9,2,0,0
1534,9,1,1,0.0,56.9,5,0,1
1535,9,1,1,0.0,56.9,5,0,1
1536,9,1,1,0.0,56.9,5,0,1
1537,9,1,1,0.0,56.9,5,0,1
1538,9,1,1,1.4,58.3,3,0,1
1539,9,1,1,0.0,58.3,5,0,1
1540,9,1,1,0.0,58.3,5,0,1
1541,9,1,1,0.0,58.3,5,0,1
1542,9,1,1,0.0,58.3,5,0,1
1543,9,1,1,0.0,58.3,5,0,1
1544,9,1,1,2.0,60.3,3,0,1
1545,9,1,1,0.0,60.3,5,0,1
1546,9,1,1,3.7,64.0,3,0,1
1547,9,1,1,0.0,64.0,5,0,1
1548,9,1,1,4.9,68.9,3,0,1
1549,9,1,1,0.0,68.9,5,0,1
1550,9,1,1,0.0,68.9,5,0,1
1551,9,1,1,0.0,68.9,5,0,1
1552,9,1,1,0.0,0.0,5,0,1
1553,9,1,1,0.0,0.0,5,0,1
1554,9,1,1,5.8,5.8,3,0,1
1555,9,1,1,0.9,6.7,3,0,1
1556,9,1,1,0.0,6.7,5,0,1
1557,9,1,1,0.0,6.7,5,0,1
1558,9,1,1,0.0,6.7,5,0,1
1559,9,1,1,0.0,6.7,5,0,1
1560,9,1,1,0.0,6.7,5,0,1
1561,9,1,1,0.0,6.7,5,0,1
1562,9,1,1,0.0,6.7,5,0,1
1563,9,1,1,0.0,6.7,5,0,1
1564,9,1,1,0.0,6.7,5,0,1
1565,9,1,1,0.0,6.7,5,0,1
1566,9,1,1,0.0,6.7,5,0,1
1567,9,1,1,0.0,6.7,5,0,1
1568,9,1,1,3.2,9.9,3,0,1
1569,9,1,1,1.3,11.2,3,0,1
1570,9,1,1,0.0,11.2,5,0,1
1571,9,1,1,1.8,13.0,3,0,1
1572,9,1,1,1.4,14.4,3,0,1
1573,9,1,1,0.2,14.6,3,0,1
1574,9,1,1,9.5,24.1,4,0,1
1575,9,1,1,0.0,24.1,5,0,1
1576,9,1,1,6.4,30.5,3,0,1
1577,9,1,1,0.0,30.5,5,0,1
1578,9,1,1,0.0,30.5,5,0,1
1579,9,1,1,0.0,30.5,5,0,1
1580,9,1,1,0.0,30.5,5,0,1
1581,9,1,1,11.0,41.5,4,0,1
1582,9,1,1,0.0,0.0,5,0,1
1583,9,1,1,4.7,4.7,3,0,1
1584,9,1,1,13.5,18.2,4,0,1
1585,9,1,1,0.0,18.2,5,0,1
1586,9,1,1,0.0,18.2,5,0,1
1587,9,1,1,9.4,27.6,4,0,1
1588,9,1,1,1.5,29.1,3,0,1
1589,9,1,1,31.2,60.3,4,0,2
1590,9,1,1,0.0,60.3,5,0,1
1591,9,1,1,6.9,67.2,3,0,1
1592,9,1,1,0.0,67.2,5,0,1
1593,9,1,1,0.0,67.2,5,0,1
1594,9,1,1,5.1,72.3,3,0,1
1595,9,1,1,4.8,77.1,3,0,1
1596,9,1,1,0.0,77.1,5,0,1
1597,9,1,1,8.7,85.8,4,0,1
1598,9,1,1,9.9,95.7,4,0,1
1599,9,1,1,15.6,111.3,4,0,2
1600,9,1,1,0.0,111.3,5,0,1
1601,9,1,1,36.3,147.6,2,0,0
1602,9,1,1,0.0,147.6,5,0,1
1603,9,1,1,13.1,160.7,4,0,1
1604,9,1,1,11.8,172.5,4,0,1
1605,9,1,1,0.0,172.5,5,0,1
1606,9,1,1,9.8,182.3,4,0,1
1607,9,1,1,20.8,203.1,4,0,2
1608,9,1,1,39.1,242.2,2,0,0
1609,9,1,1,0.0,242.2,5,0,1
1610,9,1,1,3.4,245.6,3,0,1
1611,9,1,1,0.0,245.6,5,0,1
1612,9,1,1,0.7,246.3,3,0,1
1613,9,1,1,34.5,34.5,4,0,2
1614,9,1,1,62.8,97.3,2,0,0
1615,9,1,1,24.5,121.8,4,0,2
1616,9,1,1,25.1,146.9,4,0,2
1617,9,1,1,44.5,191.4,2,0,0
1618,9,1,1,80.9,272.3,6,1,0
1619,9,1,1,0.3,272.6,3,0,1
1620,9,1,1,43.8,316.4,2,0,0
1621,9,1,1,5.5,321.9,3,0,1
1622,9,1,1,31.5,353.4,4,0,2
1623,9,1,1,5.0,358.4,3,0,1
1624,9,1,1,24.5,382.9,4,0,2
1625,9,1,1,33.8,416.7,4,0,2
1626,9,1,1,9.3,426.0,4,0,1
1627,9,1,1,18.3,444.3,4,0,2
1628,9,1,1,30.7,475.0,4,0,2
1629,9,1,1,53.2,528.2,2,0,0
1630,9,1,1,45.0,573.2,2,0,0
1631,9,1,1,2.1,575.3,3,0,1
1632,9,1,1,77.3,652.6,6,1,0
1633,9,1,1,156.2,808.8,1,2,0
1634,9,1,1,3.0,811.8,3,0,1
1635,9,1,1,36.3,848.1,2,0,0
1636,9,1,1,36.0,884.1,2,0,0
1637,9,1,1,27.0,911.1,4,0,2
1638,9,1,1,43.5,954.6,2,0,0
1639,9,1,1,6.6,961.2,3,0,1
1640,9,1,1,35.6,996.8,2,0,0
1641,9,1,1,18.5,1015.3,4,0,2
1642,9,1,1,23.0,1038.3,4,0,2
1643,9,1,1,27.7,27.7,4,0,2
1644,9,1,1,189.1,216.8,1,2,0
1645,9,1,1,5.5,222.3,3,0,1
1646,9,1,1,33.2,255.5,4,0,2
1647,9,1,1,4.6,260.1,3,0,1
1648,9,1,1,32.3,292.4,4,0,2
1649,9,1,1,0.0,292.4,5,0,1
1650,9,1,1,17.9,310.3,4,0,2
1651,9,1,1,15.4,325.7,4,0,2
1652,9,1,1,30.4,356.1,4,0,2
1653,9,1,1,4.5,360.6,3,0,1
1654,9,1,1,309.5,670.1,0,3,0
1655,9,1,1,3.6,673.7,3,0,1
1656,9,1,1,7.0,680.7,3,0,1
1657,9,1,1,79.9,760.6,6,1,0
1658,9,1,1,25.8,786.4,4,0,2
1659,9,1,1,4.7,791.1,3,0,1
1660,9,1,1,38.2,829.3,2,0,0
1661,9,1,1,12.8,842.1,4,0,1
1662,9,1,1,30.6,872.7,4,0,2
1663,9,1,1,45.6,918.3,2,0,0
1664,9,1,1,3.9,922.2,3,0,1
1665,9,1,1,10.8,933.0,4,0,1
1666,9,1,1,188.0,1121.0,1,2,0
1667,9,1,1,13.7,1134.7,4,0,1
1668,9,1,1,59.9,1194.6,2,0,0
1669,9,1,1,5.1,1199.7,3,0,1
1670,9,1,1,88.7,1288.4,6,1,0
1671,9,1,1,31.3,1319.7,4,0,2
1672,9,1,1,5.4,1325.1,3,0,1
1673,9,1,1,3.9,1329.0,3,0,1
1674,9,1,1,17.4,17.4,4,0,2
1675,9,1,1,11.6,29.0,4,0,1
1676,9,1,1,3.8,32.8,3,0,1
1677,9,1,1,22.9,55.7,4,0,2
1678,9,1,1,7.0,62.7,3,0,1
1679,9,1,1,1.4,64.1,3,0,1
1680,9,1,1,25.0,89.1,4,0,2
1681,9,1,1,51.3,140.4,2,0,0
1682,9,1,1,36.4,176.8,2,0,0
1683,9,1,1,5.7,182.5,3,0,1
1684,9,1,1,4.9,187.4,3,0,1
1685,9,1,1,32.3,219.7,4,0,2
1686,9,1,1,52.4,272.1,2,0,0
1687,9,1,1,5.1,277.2,3,0,1
1688,9,1,1,53.2,330.4,2,0,0
1689,9,1,1,0.0,330.4,5,0,1
1690,9,1,1,0.0,330.4,5,0,1
1691,9,1,1,19.2,349.6,4,0,2
1692,9,1,1,120.2,469.8,1,2,0
1693,9,1,1,55.0,524.8,2,0,0
1694,9,1,1,0.0,524.8,5,0,1
1695,9,1,1,7.4,532.2,3,0,1
1696,9,1,1,4.4,536.6,3,0,1
1697,9,1,1,7.3,543.9,3,0,1
1698,9,1,1,30.0,573.9,4,0,2
1699,9,1,1,1.1,575.0,3,0,1
1700,9,1,1,12.1,587.1,4,0,1
1701,9,1,1,0.4,587.5,3,0,1
1702,9,1,1,5.4,592.9,3,0,1
1703,9,1,1,4.8,597.7,3,0,1
1704,9,1,1,8.9,606.6,4,0,1
1705,9,1,1,23.9,23.9,4,0,2
1706,9,1,1,19.2,43.1,4,0,2
1707,9,1,1,4.1,47.2,3,0,1
1708,9,1,1,20.7,67.9,4,0,2
1709,9,1,1,90.5,158.4,6,1,0
1710,9,1,1,11.5,169.9,4,0,1
1711,9,1,1,39.1,209.0,2,0,0
1712,9,1,1,10.8,219.8,4,0,1
1713,9,1,1,34.2,254.0,4,0,2
1714,9,1,1,3.9,257.9,3,0,1
1715,9,1,1,26.5,284.4,4,0,2
1716,9,1,1,49.2,333.6,2,0,0
1717,9,1,1,4.2,337.8,3,0,1
1718,9,1,1,50.3,388.1,2,0,0
1719,9,1,1,36.9,425.0,2,0,0
1720,9,1,1,32.2,457.2,4,0,2
1721,9,1,1,4.6,461.8,3,0,1
1722,9,1,1,13.7,475.5,4,0,1
1723,9,1,1,61.7,537.2,2,0,0
1724,9,1,1,84.7,621.9,6,1,0
1725,9,1,1,64.4,686.3,2,0,0
1726,9,1,1,10.4,696.7,4,0,1
1727,9,1,1,8.4,705.1,4,0,1
1728,9,1,1,0.3,705.4,3,0,1
1729,9,1,1,17.9,723.3,4,0,2
1730,9,1,1,11.0,734.3,4,0,1
1731,9,1,1,11.3,745.6,4,0,1
1732,9,1,1,57.1,802.7,2,0,0
1733,9,1,1,43.3,846.0,2,0,0
1734,9,1,1,12.0,858.0,4,0,1
1735,9,1,1,0.3,0.3,3,0,1
1736,9,1,1,5.1,5.4,3,0,1
1737,9,1,1,29.8,35.2,4,0,2
1738,9,1,1,22.2,57.4,4,0,2
1739,9,1,1,33.7,91.1,4,0,2
1740,9,1,1,329.9,421.0,0,3,0
1741,9,1,1,12.0,433.0,4,0,1
1742,9,1,1,0.2,433.2,3,0,1
1743,9,1,1,10.6,443.8,4,0,1
1744,9,1,1,14.1,457.9,4,0,1
1745,9,1,1,6.5,464.4,3,0,1
1746,9,1,1,2.2,466.6,3,0,1
1747,9,1,1,16.6,483.2,4,0,2
1748,9,1,1,14.6,497.8,4,0,1
1749,9,1,1,28.8,526.6,4,0,2
1750,9,1,1,5.1,531.7,3,0,1
1751,9,1,1,11.6,543.3,4,0,1
1752,9,1,1,14.9,558.2,4,0,1
1753,9,1,1,4.6,562.8,3,0,1
1754,9,1,1,15.0,577.8,4,0,1
1755,9,1,1,13.8,591.6,4,0,1
1756,9,1,1,11.8,603.4,4,0,1
1757,9,1,1,28.5,631.9,4,0,2
1758,9,1,1,0.0,631.9,5,0,1
1759,9,1,1,11.8,643.7,4,0,1
1760,9,1,1,32.2,675.9,4,0,2
1761,9,1,1,3.2,679.1,3,0,1
1762,9,1,1,14.2,693.3,4,0,1
1763,9,1,1,15.0,708.3,4,0,1
1764,9,1,1,22.5,730.8,4,0,2
1765,9,1,1,5.3,736.1,3,0,1
1766,9,1,1,0.0,0.0,5,0,1
1767,9,1,1,0.0,0.0,5,0,1
1768,9,1,1,9.5,9.5,4,0,1
1769,9,1,1,0.0,9.5,5,0,1
1770,9,1,1,8.3,17.8,4,0,1
1771,9,1,1,0.0,17.8,5,0,1
1772,9,1,1,41.8,59.6,2,0,0
1773,9,1,1,0.0,59.6,5,0,1
1774,9,1,1,0.0,59.6,5,0,1
1775,9,1,1,10.1,69.7,4,0,1
1776,9,1,1,0.0,69.7,5,0,1
1777,9,1,1,0.0,69.7,5,0,1
1778,9,1,1,0.0,69.7,5,0,1
1779,9,1,1,0.0,69.7,5,0,1
1780,9,1,1,0.2,69.9,3,0,1
1781,9,1,1,0.0,69.9,5,0,1
1782,9,1,1,0.0,69.9,5,0,1
1783,9,1,1,10.9,80.8,4,0,1
1784,9,1,1,0.0,80.8,5,0,1
1785,9,1,1,0.0,80.8,5,0,1
1786,9,1,1,0.0,80.8,5,0,1
1787,9,1,1,0.0,80.8,5,0,1
1788,9,1,1,1.1,81.9,3,0,1
1789,9,1,1,9.1,91.0,4,0,1
1790,9,1,1,0.0,91.0,5,0,1
1791,9,1,1,0.0,91.0,5,0,1
1792,9,1,1,0.0,91.0,5,0,1
1793,9,1,1,0.0,91.0,5,0,1
1794,9,1,1,0.0,91.0,5,0,1
1795,9,1,1,0.0,91.0,5,0,1
1796,9,1,1,0.0,0.0,5,0,1
1797,9,1,1,0.0,0.0,5,0,1
1798,9,1,1,0.0,0.0,5,0,1
1799,9,1,1,0.0,0.0,5,0,1
1800,9,1,1,0.0,0.0,5,0,1
1801,9,1,1,0.0,0.0,5,0,1
1802,9,1,1,0.0,0.0,5,0,1
1803,9,1,1,0.0,0.0,5,0,1
1804,9,1,1,0.0,0.0,5,0,1
1805,9,1,1,0.0,0.0,5,0,1
1806,9,1,1,5.2,5.2,3,0,1
1807,9,1,1,0.0,5.2,5,0,1
1808,9,1,1,0.0,5.2,5,0,1
1809,9,1,1,0.0,5.2,5,0,1
1810,9,1,1,0.0,5.2,5,0,1
1811,9,1,1,0.0,5.2,5,0,1
1812,9,1,1,0.0,5.2,5,0,1
1813,9,1,1,0.0,5.2,5,0,1
1814,9,1,1,0.0,5.2,5,0,1
1815,9,1,1,0.0,5.2,5,0,1
1816,9,1,1,0.0,5.2,5,0,1
1817,9,1,1,0.0,5.2,5,0,1
1818,9,1,1,13.7,18.9,4,0,1
1819,9,1,1,0.0,18.9,5,0,1
1820,9,1,1,0.0,18.9,5,0,1
1821,9,1,1,0.0,18.9,5,0,1
1822,9,1,1,0.0,18.9,5,0,1
1823,9,1,1,5.6,24.5,3,0,1
1824,9,1,1,0.0,24.5,5,0,1
1825,9,1,1,0.0,24.5,5,0,1
1826,9,1,1,0.0,24.5,5,0,1
0,3,1,3,0.0,0.0,5,0,1
1,3,1,3,0.0,0.0,5,0,1
2,3,1,3,0.0,0.0,5,0,1
3,3,1,3,0.0,0.0,5,0,1
4,3,1,3,0.0,0.0,5,0,1
5,3,1,3,0.0,0.0,5,0,1
6,3,1,3,0.0,0.0,5,0,1
7,3,1,3,0.0,0.0,5,0,1
8,3,1,3,0.0,0.0,5,0,1
9,3,1,3,0.0,0.0,5,0,1
10,3,1,3,0.0,0.0,5,0,1
11,3,1,3,0.0,0.0,5,0,1
12,3,1,3,0.0,0.0,5,0,1
13,3,1,3,0.0,0.0,5,0,1
14,3,1,3,0.0,0.0,5,0,1
15,3,1,3,0.0,0.0,5,0,1
16,3,1,3,0.0,0.0,5,0,1
17,3,1,3,0.0,0.0,5,0,1
18,3,1,3,0.0,0.0,5,0,1
19,3,1,3,0.0,0.0,5,0,1
20,3,1,3,0.0,0.0,5,0,1
21,3,1,3,0.0,0.0,5,0,1
22,3,1,3,0.3,0.3,3,0,1
23,3,1,3,0.0,0.3,5,0,1
24,3,1,3,0.0,0.3,5,0,1
25,3,1,3,0.0,0.3,5,0,1
26,3,1,3,0.0,0.3,5,0,1
27,3,1,3,0.0,0.3,5,0,1
28,3,1,3,0.0,0.3,5,0,1
29,3,1,3,0.0,0.3,5,0,1
30,3,1,3,0.0,0.3,5,0,1
31,3,1,3,0.0,0.0,5,0,1
32,3,1,3,0.0,0.0,5,0,1
33,3,1,3,0.5,0.5,3,0,1
34,3,1,3,0.0,0.5,5,0,1
35,3,1,3,1.1,1.6,3,0,1
36,3,1,3,0.0,1.6,5,0,1
37,3,1,3,0.0,1.6,5,0,1
38,3,1,3,0.0,1.6,5,0,1
39,3,1,3,0.0,1.6,5,0,1
40,3,1,3,0.0,1.6,5,0,1
41,3,1,3,0.0,1.6,5,0,1
42,3,1,3,0.0,1.6,5,0,1
43,3,1,3,0.0,1.6,5,0,1
44,3,1,3,0.0,1.6,5,0,1
45,3,1,3,0.0,1.6,5,0,1
46,3,1,3,0.0,1.6,5,0,1
47,3,1,3,0.0,1.6,5,0,1
48,3,1,3,0.0,1.6,5,0,1
49,3,1,3,0.0,1.6,5,0,1
50,3,1,3,10.3,11.9,4,0,1
51,3,1,3,0.0,11.9,5,0,1
52,3,1,3,0.0,11.9,5,0,1
53,3,1,3,0.0,11.9,5,0,1
54,3,1,3,0.0,11.9,5,0,1
55,3,1,3,0.0,11.9,5,0,1
56,3,1,3,0.8,12.7,3,0,1
57,3,1,3,0.0,12.7,5,0,1
58,3,1,3,0.0,12.7,5,0,1
59,3,1,3,0.0,12.7,5,0,1
60,3,1,3,3.5,3.5,3,0,1
61,3,1,3,0.0,3.5,5,0,1
62,3,1,3,0.0,3.5,5,0,1
63,3,1,3,0.0,3.5,5,0,1
64,3,1,3,2.2,5.7,3,0,1
65,3,1,3,0.0,5.7,5,0,1
66,3,1,3,0.0,5.7,5,0,1
67,3,1,3,0.0,5.7,5,0,1
68,3,1,3,0.0,5.7,5,0,1
69,3,1,3,0.0,5.7,5,0,1
70,3,1,3,0.0,5.7,5,0,1
71,3,1,3,0.0,5.7,5,0,1
72,3,1,3,0.0,5.7,5,0,1
73,3,1,3,0.0,5.7,5,0,1
74,3,1,3,0.0,5.7,5,0,1
75,3,1,3,0.0,5.7,5,0,1
76,3,1,3,4.2,9.9,3,0,1
77,3,1,3,0.0,9.9,5,0,1
78,3,1,3,0.0,9.9,5,0,1
79,3,1,3,0.0,9.9,5,0,1
80,3,1,3,0.0,9.9,5,0,1
81,3,1,3,0.6,10.5,3,0,1
82,3,1,3,0.0,10.5,5,0,1
83,3,1,3,0.0,10.5,5,0,1
84,3,1,3,0.4,10.9,3,0,1
85,3,1,3,0.0,10.9,5,0,1
86,3,1,3,0.0,10.9,5,0,1
87,3,1,3,0.0,10.9,5,0,1
88,3,1,3,0.0,10.9,5,0,1
89,3,1,3,0.0,10.9,5,0,1
90,3,1,3,0.0,10.9,5,0,1
91,3,1,3,0.0,0.0,5,0,1
92,3,1,3,0.0,0.0,5,0,1
93,3,1,3,0.0,0.0,5,0,1
94,3,1,3,0.0,0.0,5,0,1
95,3,1,3,0.0,0.0,5,0,1
96,3,1,3,0.0,0.0,5,0,1
97,3,1,3,6.9,6.9,3,0,1
98,3,1,3,0.0,6.9,5,0,1
99,3,1,3,0.0,6.9,5,0,1
100,3,1,3,0.0,6.9,5,0,1
101,3,1,3,0.0,6.9,5,0,1
102,3,1,3,0.0,6.9,5,0,1
103,3,1,3,0.0,6.9,5,0,1
104,3,1,3,0.0,6.9,5,0,1
105,3,1,3,0.0,6.9,5,0,1
106,3,1,3,0.0,6.9,5,0,1
107,3,1,3,0.0,6.9,5,0,1
108,3,1,3,0.0,6.9,5,0,1
109,3,1,3,0.0,6.9,5,0,1
110,3,1,3,0.0,6.9,5,0,1
111,3,1,3,0.0,6.9,5,0,1
112,3,1,3,0.0,6.9,5,0,1
113,3,1,3,0.0,6.9,5,0,1
114,3,1,3,22.4,29.3,4,0,2
115,3,1,3,0.0,29.3,5,0,1
116,3,1,3,0.0,29.3,5,0,1
117,3,1,3,1.7,31.0,3,0,1
118,3,1,3,0.0,31.0,5,0,1
119,3,1,3,1.2,32.2,3,0,1
120,3,1,3,0.0,32.2,5,0,1
121,3,1,3,0.0,0.0,5,0,1
122,3,1,3,3.0,3.0,3,0,1
123,3,1,3,0.0,3.0,5,0,1
124,3,1,3,0.0,3.0,5,0,1
125,3,1,3,0.1,3.1,3,0,1
126,3,1,3,2.9,6.0,3,0,1
127,3,1,3,0.3,6.3,3,0,1
128,3,1,3,4.3,10.6,3,0,1
129,3,1,3,0.0,10.6,5,0,1
130,3,1,3,0.0,10.6,5,0,1
131,3,1,3,5.1,15.7,3,0,1
132,3,1,3,0.0,15.7,5,0,1
133,3,1,3,0.0,15.7,5,0,1
134,3,1,3,0.0,15.7,5,0,1
135,3,1,3,0.0,15.7,5,0,1
136,3,1,3,10.5,26.2,4,0,1
137,3,1,3,0.2,26.4,3,0,1
138,3,1,3,0.0,26.4,5,0,1
139,3,1,3,0.4,26.8,3,0,1
140,3,1,3,0.0,26.8,5,0,1
141,3,1,3,3.7,30.5,3,0,1
142,3,1,3,0.0,30.5,5,0,1
143,3,1,3,0.0,30.5,5,0,1
144,3,1,3,0.0,30.5,5,0,1
145,3,1,3,1.2,31.7,3,0,1
146,3,1,3,0.0,31.7,5,0,1
147,3,1,3,0.0,31.7,5,0,1
148,3,1,3,10.0,41.7,4,0,1
149,3,1,3,14.5,56.2,4,0,1
150,3,1,3,0.0,56.2,5,0,1
151,3,1,3,0.0,56.2,5,0,1
152,3,1,3,23.1,23.1,4,0,2
153,3,1,3,7.7,30.8,4,0,1
154,3,1,3,11.7,42.5,4,0,1
155,3,1,3,78.2,120.7,6,1,0
156,3,1,3,51.3,172.0,2,0,0
157,3,1,3,0.9,172.9,3,0,1
158,3,1,3,12.8,185.7,4,0,1
159,3,1,3,6.0,191.7,3,0,1
160,3,1,3,1.1,192.8,3,0,1
161,3,1,3,6.1,198.9,3,0,1
162,3,1,3,0.0,198.9,5,0,1
163,3,1,3,3.5,202.4,3,0,1
164,3,1,3,2.8,205.2,3,0,1
165,3,1,3,6.4,211.6,3,0,1
166,3,1,3,18.8,230.4,4,0,2
167,3,1,3,5.6,236.0,3,0,1
168,3,1,3,4.9,240.9,3,0,1
169,3,1,3,1.4,242.3,3,0,1
170,3,1,3,2.0,244.3,3,0,1
171,3,1,3,8.0,252.3,4,0,1
172,3,1,3,0.0,252.3,5,0,1
173,3,1,3,28.0,280.3,4,0,2
174,3,1,3,0.0,280.3,5,0,1
175,3,1,3,12.8,293.1,4,0,1
176,3,1,3,4.6,297.7,3,0,1
177,3,1,3,12.5,310.2,4,0,1
178,3,1,3,13.5,323.7,4,0,1
179,3,1,3,0.1,323.8,3,0,1
180,3,1,3,0.2,324.0,3,0,1
181,3,1,3,23.3,347.3,4,0,2
182,3,1,3,5.8,5.8,3,0,1
183,3,1,3,5.1,10.9,3,0,1
184,3,1,3,29.5,40.4,4,0,2
185,3,1,3,44.2,84.6,2,0,0
186,3,1,3,0.0,84.6,5,0,1
187,3,1,3,34.1,118.7,4,0,2
188,3,1,3,4.9,123.6,3,0,1
189,3,1,3,0.9,124.5,3,0,1
190,3,1,3,6.2,130.7,3,0,1
191,3,1,3,0.4,131.1,3,0,1
192,3,1,3,64.8,195.9,6,1,0
193,3,1,3,0.6,196.5,3,0,1
194,3,1,3,1.9,198.4,3,0,1
195,3,1,3,14.9,213.3,4,0,1
196,3,1,3,0.0,213.3,5,0,1
197,3,1,3,7.4,220.7,3,0,1
198,3,1,3,22.7,243.4,4,0,2
199,3,1,3,24.2,267.6,4,0,2
200,3,1,3,12.4,280.0,4,0,1
201,3,1,3,22.1,302.1,4,0,2
202,3,1,3,50.6,352.7,2,0,0
203,3,1,3,4.9,357.6,3,0,1
204,3,1,3,10.4,368.0,4,0,1
205,3,1,3,31.8,399.8,4,0,2
206,3,1,3,0.1,399.9,3,0,1
207,3,1,3,47.9,447.8,2,0,0
208,3,1,3,1.2,449.0,3,0,1
209,3,1,3,39.3,488.3,2,0,0
210,3,1,3,0.0,488.3,5,0,1
211,3,1,3,0.0,488.3,5,0,1
212,3,1,3,28.0,516.3,4,0,2
213,3,1,3,16.6,16.6,4,0,2
214,3,1,3,6.6,23.2,3,0,1
215,3,1,3,13.6,36.8,4,0,1
216,3,1,3,4.5,41.3,3,0,1
217,3,1,3,54.5,95.8,2,0,0
218,3,1,3,34.1,129.9,4,0,2
219,3,1,3,15.3,145.2,4,0,2
220,3,1,3,23.4,168.6,4,0,2
221,3,1,3,0.4,169.0,3,0,1
222,3,1,3,14.3,183.3,4,0,1
223,3,1,3,1.7,185.0,3,0,1
224,3,1,3,10.4,195.4,4,0,1
225,3,1,3,0.0,195.4,5,0,1
226,3,1,3,10.6,206.0,4,0,1
227,3,1,3,20.6,226.6,4,0,2
228,3,1,3,9.4,236.0,4,0,1
229,3,1,3,4.1,240.1,3,0,1
230,3,1,3,78.9,319.0,6,1,0
231,3,1,3,4.5,323.5,3,0,1
232,3,1,3,26.5,350.0,4,0,2
233,3,1,3,11.2,361.2,4,0,1
234,3,1,3,0.0,361.2,5,0,1
235,3,1,3,8.6,369.8,4,0,1
236,3,1,3,1.3,371.1,3,0,1
237,3,1,3,28.7,399.8,4,0,2
238,3,1,3,53.4,453.2,2,0,0
239,3,1,3,23.6,476.8,4,0,2
240,3,1,3,11.2,488.0,4,0,1
241,3,1,3,2.4,490.4,3,0,1
242,3,1,3,22.2,512.6,4,0,2
243,3,1,3,20.4,533.0,4,0,2
244,3,1,3,43.3,43.3,2,0,0
245,3,1,3,0.0,43.3,5,0,1
246,3,1,3,0.0,43.3,5,0,1
247,3,1,3,42.9,86.2,2,0,0
248,3,1,3,0.0,86.2,5,0,1
249,3,1,3,11.1,97.3,4,0,1
250,3,1,3,19.1,116.4,4,0,2
251,3,1,3,17.9,134.3,4,0,2
252,3,1,3,1.6,135.9,3,0,1
253,3,1,3,1.6,137.5,3,0,1
254,3,1,3,8.1,145.6,4,0,1
255,3,1,3,12.1,157.7,4,0,1
256,3,1,3,15.5,173.2,4,0,2
257,3,1,3,31.3,204.5,4,0,2
258,3,1,3,40.2,244.7,2,0,0
259,3,1,3,20.5,265.2,4,0,2
260,3,1,3,15.5,280.7,4,0,2
261,3,1,3,11.6,292.3,4,0,1
262,3,1,3,12.7,305.0,4,0,1
263,3,1,3,0.0,305.0,5,0,1
264,3,1,3,3.6,308.6,3,0,1
265,3,1,3,67.2,375.8,6,1,0
266,3,1,3,22.7,398.5,4,0,2
267,3,1,3,2.6,401.1,3,0,1
268,3,1,3,10.5,411.6,4,0,1
269,3,1,3,12.3,423.9,4,0,1
270,3,1,3,6.7,430.6,3,0,1
271,3,1,3,13.5,444.1,4,0,1
272,3,1,3,24.8,468.9,4,0,2
273,3,1,3,2.1,471.0,3,0,1
274,3,1,3,6.1,6.1,3,0,1
275,3,1,3,18.4,24.5,4,0,2
276,3,1,3,4.3,28.8,3,0,1
277,3,1,3,0.8,29.6,3,0,1
278,3,1,3,0.9,30.5,3,0,1
279,3,1,3,5.9,36.4,3,0,1
280,3,1,3,0.5,36.9,3,0,1
281,3,1,3,0.0,36.9,5,0,1
282,3,1,3,0.0,36.9,5,0,1
283,3,1,3,0.9,37.8,3,0,1
284,3,1,3,0.0,37.8,5,0,1
285,3,1,3,5.0,42.8,3,0,1
286,3,1,3,11.6,54.4,4,0,1
287,3,1,3,11.4,65.8,4,0,1
288,3,1,3,11.3,77.1,4,0,1
289,3,1,3,2.4,79.5,3,0,1
290,3,1,3,14.2,93.7,4,0,1
291,3,1,3,0.9,94.6,3,0,1
292,3,1,3,0.6,95.2,3,0,1
293,3,1,3,1.0,96.2,3,0,1
294,3,1,3,4.0,100.2,3,0,1
295,3,1,3,2.0,102.2,3,0,1
296,3,1,3,8.7,110.9,4,0,1
297,3,1,3,14.5,125.4,4,0,1
298,3,1,3,0.9,126.3,3,0,1
299,3,1,3,0.5,126.8,3,0,1
300,3,1,3,0.0,126.8,5,0,1
301,3,1,3,0.8,127.6,3,0,1
302,3,1,3,0.0,127.6,5,0,1
303,3,1,3,3.6,131.2,3,0,1
304,3,1,3,2.9,134.1,3,0,1
305,3,1,3,6.4,6.4,3,0,1
306,3,1,3,3.9,10.3,3,0,1
307,3,1,3,0.0,10.3,5,0,1
308,3,1,3,0.0,10.3,5,0,1
309,3,1,3,10.8,21.1,4,0,1
310,3,1,3,9.4,30.5,4,0,1
311,3,1,3,0.0,30.5,5,0,1
312,3,1,3,0.0,30.5,5,0,1
313,3,1,3,0.0,30.5,5,0,1
314,3,1,3,0.0,30.5,5,0,1
315,3,1,3,0.0,30.5,5,0,1
316,3,1,3,0.0,30.5,5,0,1
317,3,1,3,0.0,30.5,5,0,1
318,3,1,3,0.0,30.5,5,0,1
319,3,1,3,5.3,35.8,3,0,1
320,3,1,3,0.0,35.8,5,0,1
321,3,1,3,0.0,35.8,5,0,1
322,3,1,3,0.0,35.8,5,0,1
323,3,1,3,0.0,35.8,5,0,1
324,3,1,3,0.0,35.8,5,0,1
325,3,1,3,0.0,35.8,5,0,1
326,3,1,3,0.0,35.8,5,0,1
327,3,1,3,0.0,35.8,5,0,1
328,3,1,3,0.0,35.8,5,0,1
329,3,1,3,0.7,36.5,3,0,1
330,3,1,3,0.0,36.5,5,0,1
331,3,1,3,0.0,36.5,5,0,1
332,3,1,3,0.0,36.5,5,0,1
333,3,1,3,0.0,36.5,5,0,1
334,3,1,3,11.8,48.3,4,0,1
335,3,1,3,0.0,0.0,5,0,1
336,3,1,3,0.0,0.0,5,0,1
337,3,1,3,0.0,0.0,5,0,1
338,3,1,3,0.0,0.0,5,0,1
339,3,1,3,0.0,0.0,5,0,1
340,3,1,3,0.0,0.0,5,0,1
341,3,1,3,0.0,0.0,5,0,1
342,3,1,3,0.0,0.0,5,0,1
343,3,1,3,0.0,0.0,5,0,1
344,3,1,3,0.0,0.0,5,0,1
345,3,1,3,0.0,0.0,5,0,1
346,3,1,3,0.0,0.0,5,0,1
347,3,1,3,0.0,0.0,5,0,1
348,3,1,3,0.0,0.0,5,0,1
349,3,1,3,0.0,0.0,5,0,1
350,3,1,3,0.0,0.0,5,0,1
351,3,1,3,2.3,2.3,3,0,1
352,3,1,3,0.0,2.3,5,0,1
353,3,1,3,0.0,2.3,5,0,1
354,3,1,3,0.0,2.3,5,0,1
355,3,1,3,0.0,2.3,5,0,1
356,3,1,3,0.0,2.3,5,0,1
357,3,1,3,0.0,2.3,5,0,1
358,3,1,3,0.0,2.3,5,0,1
359,3,1,3,0.0,2.3,5,0,1
360,3,1,3,0.0,2.3,5,0,1
361,3,1,3,0.0,2.3,5,0,1
362,3,1,3,0.0,2.3,5,0,1
363,3,1,3,0.0,2.3,5,0,1
364,3,1,3,0.0,2.3,5,0,1
365,3,1,3,0.0,2.3,5,0,1
366,3,1,2,0.0,0.0,5,0,1
367,3,1,2,0.0,0.0,5,0,1
368,3,1,2,0.0,0.0,5,0,1
369,3,1,2,0.0,0.0,5,0,1
370,3,1,2,0.0,0.0,5,0,1
371,3,1,2,0.0,0.0,5,0,1
372,3,1,2,0.0,0.0,5,0,1
373,3,1,2,0.0,0.0,5,0,1
374,3,1,2,0.0,0.0,5,0,1
375,3,1,2,0.0,0.0,5,0,1
376,3,1,2,4.4,4.4,3,0,1
377,3,1,2,1.5,5.9,3,0,1
378,3,1,2,0.0,5.9,5,0,1
379,3,1,2,0.0,5.9,5,0,1
380,3,1,2,0.0,5.9,5,0,1
381,3,1,2,0.0,5.9,5,0,1
382,3,1,2,0.0,5.9,5,0,1
383,3,1,2,0.0,5.9,5,0,1
384,3,1,2,0.0,5.9,5,0,1
385,3,1,2,0.0,5.9,5,0,1
386,3,1,2,0.0,5.9,5,0,1
387,3,1,2,0.0,5.9,5,0,1
388,3,1,2,0.0,5.9,5,0,1
389,3,1,2,0.0,5.9,5,0,1
390,3,1,2,0.0,5.9,5,0,1
391,3,1,2,0.0,5.9,5,0,1
392,3,1,2,0.0,5.9,5,0,1
393,3,1,2,0.0,5.9,5,0,1
394,3,1,2,0.0,5.9,5,0,1
395,3,1,2,0.0,5.9,5,0,1
396,3,1,2,0.0,5.9,5,0,1
397,3,1,2,0.0,0.0,5,0,1
398,3,1,2,50.7,50.7,2,0,0
399,3,1,2,0.0,50.7,5,0,1
400,3,1,2,0.0,50.7,5,0,1
401,3,1,2,0.0,50.7,5,0,1
402,3,1,2,0.0,50.7,5,0,1
403,3,1,2,0.0,50.7,5,0,1
404,3,1,2,0.0,50.7,5,0,1
405,3,1,2,0.0,50.7,5,0,1
406,3,1,2,0.0,50.7,5,0,1
407,3,1,2,0.0,50.7,5,0,1
408,3,1,2,0.0,50.7,5,0,1
409,3,1,2,0.0,50.7,5,0,1
410,3,1,2,0.0,50.7,5,0,1
411,3,1,2,0.0,50.7,5,0,1
412,3,1,2,0.0,50.7,5,0,1
413,3,1,2,7.8,58.5,4,0,1
414,3,1,2,0.0,58.5,5,0,1
415,3,1,2,0.0,58.5,5,0,1
416,3,1,2,0.0,58.5,5,0,1
417,3,1,2,0.0,58.5,5,0,1
418,3,1,2,0.0,58.5,5,0,1
419,3,1,2,0.0,58.5,5,0,1
420,3,1,2,0.0,58.5,5,0,1
421,3,1,2,0.0,58.5,5,0,1
422,3,1,2,0.0,58.5,5,0,1
423,3,1,2,0.0,58.5,5,0,1
424,3,1,2,0.0,58.5,5,0,1
425,3,1,2,6.5,6.5,3,0,1
426,3,1,2,0.0,6.5,5,0,1
427,3,1,2,0.5,7.0,3,0,1
428,3,1,2,0.0,7.0,5,0,1
429,3,1,2,0.0,7.0,5,0,1
430,3,1,2,0.0,7.0,5,0,1
431,3,1,2,0.0,7.0,5,0,1
432,3,1,2,0.0,7.0,5,0,1
433,3,1,2,0.0,7.0,5,0,1
434,3,1,2,0.0,7.0,5,0,1
435,3,1,2,0.0,7.0,5,0,1
436,3,1,2,0.0,7.0,5,0,1
437,3,1,2,0.0,7.0,5,0,1
438,3,1,2,0.0,7.0,5,0,1
439,3,1,2,0.0,7.0,5,0,1
440,3,1,2,0.0,7.0,5,0,1
441,3,1,2,0.0,7.0,5,0,1
442,3,1,2,0.0,7.0,5,0,1
443,3,1,2,0.0,7.0,5,0,1
444,3,1,2,0.0,7.0,5,0,1
445,3,1,2,13.4,20.4,4,0,1
446,3,1,2,0.0,20.4,5,0,1
447,3,1,2,0.0,20.4,5,0,1
448,3,1,2,5.1,25.5,3,0,1
449,3,1,2,0.0,25.5,5,0,1
450,3,1,2,0.0,25.5,5,0,1
451,3,1,2,0.0,25.5,5,0,1
452,3,1,2,0.0,25.5,5,0,1
453,3,1,2,14.8,40.3,4,0,1
454,3,1,2,0.0,40.3,5,0,1
455,3,1,2,0.0,40.3,5,0,1
456,3,1,2,0.0,0.0,5,0,1
457,3,1,2,3.2,3.2,3,0,1
458,3,1,2,0.0,3.2,5,0,1
459,3,1,2,0.0,3.2,5,0,1
460,3,1,2,0.0,3.2,5,0,1
461,3,1,2,0.0,3.2,5,0,1
462,3,1,2,0.0,3.2,5,0,1
463,3,1,2,0.0,3.2,5,0,1
464,3,1,2,0.0,3.2,5,0,1
465,3,1,2,0.0,3.2,5,0,1
466,3,1,2,0.0,3.2,5,0,1
467,3,1,2,12.4,15.6,4,0,1
468,3,1,2,0.0,15.6,5,0,1
469,3,1,2,1.8,17.4,3,0,1
470,3,1,2,0.0,17.4,5,0,1
471,3,1,2,0.0,17.4,5,0,1
472,3,1,2,0.0,17.4,5,0,1
473,3,1,2,2.9,20.3,3,0,1
474,3,1,2,0.0,20.3,5,0,1
475,3,1,2,0.0,20.3,5,0,1
476,3,1,2,0.0,20.3,5,0,1
477,3,1,2,0.0,20.3,5,0,1
478,3,1,2,0.0,20.3,5,0,1
479,3,1,2,10.5,30.8,4,0,1
480,3,1,2,0.0,30.8,5,0,1
481,3,1,2,0.0,30.8,5,0,1
482,3,1,2,0.0,30.8,5,0,1
483,3,1,2,0.0,30.8,5,0,1
484,3,1,2,14.3,45.1,4,0,1
485,3,1,2,0.0,45.1,5,0,1
486,3,1,2,0.0,0.0,5,0,1
487,3,1,2,0.0,0.0,5,0,1
488,3,1,2,0.0,0.0,5,0,1
489,3,1,2,7.9,7.9,4,0,1
490,3,1,2,6.9,14.8,3,0,1
491,3,1,2,10.1,24.9,4,0,1
492,3,1,2,13.4,38.3,4,0,1
493,3,1,2,0.0,38.3,5,0,1
494,3,1,2,0.0,38.3,5,0,1
495,3,1,2,0.0,38.3,5,0,1
496,3,1,2,4.5,42.8,3,0,1
497,3,1,2,13.3,56.1,4,0,1
498,3,1,2,0.0,56.1,5,0,1
499,3,1,2,0.0,56.1,5,0,1
500,3,1,2,0.0,56.1,5,0,1
501,3,1,2,0.0,56.1,5,0,1
502,3,1,2,13.4,69.5,4,0,1
503,3,1,2,4.7,74.2,3,0,1
504,3,1,2,0.0,74.2,5,0,1
505,3,1,2,0.0,74.2,5,0,1
506,3,1,2,0.0,74.2,5,0,1
507,3,1,2,0.0,74.2,5,0,1
508,3,1,2,0.0,74.2,5,0,1
509,3,1,2,0.0,74.2,5,0,1
510,3,1,2,0.0,74.2,5,0,1
511,3,1,2,11.0,85.2,4,0,1
512,3,1,2,0.0,85.2,5,0,1
513,3,1,2,0.0,85.2,5,0,1
514,3,1,2,0.0,85.2,5,0,1
515,3,1,2,0.0,85.2,5,0,1
516,3,1,2,0.0,85.2,5,0,1
517,3,1,2,57.8,57.8,2,0,0
518,3,1,2,3.9,61.7,3,0,1
519,3,1,2,15.4,77.1,4,0,2
520,3,1,2,9.0,86.1,4,0,1
521,3,1,2,82.2,168.3,6,1,0
522,3,1,2,17.2,185.5,4,0,2
523,3,1,2,45.8,231.3,2,0,0
524,3,1,2,17.6,248.9,4,0,2
525,3,1,2,39.6,288.5,2,0,0
526,3,1,2,12.6,301.1,4,0,1
527,3,1,2,84.5,385.6,6,1,0
528,3,1,2,16.7,402.3,4,0,2
529,3,1,2,5.0,407.3,3,0,1
530,3,1,2,49.1,456.4,2,0,0
531,3,1,2,60.3,516.7,2,0,0
532,3,1,2,2.4,519.1,3,0,1
533,3,1,2,7.0,526.1,3,0,1
534,3,1,2,0.0,526.1,5,0,1
535,3,1,2,37.5,563.6,2,0,0
536,3,1,2,4.4,568.0,3,0,1
537,3,1,2,1.4,569.4,3,0,1
538,3,1,2,0.0,569.4,5,0,1
539,3,1,2,39.1,608.5,2,0,0
540,3,1,2,7.6,616.1,4,0,1
541,3,1,2,22.4,638.5,4,0,2
542,3,1,2,14.5,653.0,4,0,1
543,3,1,2,12.7,665.7,4,0,1
544,3,1,2,4.3,670.0,3,0,1
545,3,1,2,6.1,676.1,3,0,1
546,3,1,2,17.8,693.9,4,0,2
547,3,1,2,0.0,0.0,5,0,1
548,3,1,2,14.7,14.7,4,0,1
549,3,1,2,26.2,40.9,4,0,2
550,3,1,2,6.4,47.3,3,0,1
551,3,1,2,0.0,47.3,5,0,1
552,3,1,2,13.4,60.7,4,0,1
553,3,1,2,5.9,66.6,3,0,1
554,3,1,2,11.7,78.3,4,0,1
555,3,1,2,31.2,109.5,4,0,2
556,3,1,2,1.3,110.8,3,0,1
557,3,1,2,13.8,124.6,4,0,1
558,3,1,2,14.1,138.7,4,0,1
559,3,1,2,22.6,161.3,4,0,2
560,3,1,2,12.8,174.1,4,0,1
561,3,1,2,40.2,214.3,2,0,0
562,3,1,2,0.8,215.1,3,0,1
563,3,1,2,7.4,222.5,3,0,1
564,3,1,2,33.7,256.2,4,0,2
565,3,1,2,23.0,279.2,4,0,2
566,3,1,2,4.4,283.6,3,0,1
567,3,1,2,5.0,288.6,3,0,1
568,3,1,2,25.7,314.3,4,0,2
569,3,1,2,14.0,328.3,4,0,1
570,3,1,2,39.8,368.1,2,0,0
571,3,1,2,94.1,462.2,6,1,0
572,3,1,2,24.1,486.3,4,0,2
573,3,1,2,1.0,487.3,3,0,1
574,3,1,2,2.3,489.6,3,0,1
575,3,1,2,42.0,531.6,2,0,0
576,3,1,2,43.6,575.2,2,0,0
577,3,1,2,10.3,585.5,4,0,1
578,3,1,2,22.0,22.0,4,0,2
579,3,1,2,29.0,51.0,4,0,2
580,3,1,2,2.9,53.9,3,0,1
581,3,1,2,0.0,53.9,5,0,1
582,3,1,2,13.4,67.3,4,0,1
583,3,1,2,78.4,145.7,6,1,0
584,3,1,2,0.7,146.4,3,0,1
585,3,1,2,15.0,161.4,4,0,1
586,3,1,2,24.4,185.8,4,0,2
587,3,1,2,7.0,192.8,3,0,1
588,3,1,2,2.5,195.3,3,0,1
589,3,1,2,81.7,277.0,6,1,0
590,3,1,2,5.9,282.9,3,0,1
591,3,1,2,18.3,301.2,4,0,2
592,3,1,2,38.7,339.9,2,0,0
593,3,1,2,9.2,349.1,4,0,1
594,3,1,2,24.6,373.7,4,0,2
595,3,1,2,19.1,392.8,4,0,2
596,3,1,2,22.5,415.3,4,0,2
597,3,1,2,46.2,461.5,2,0,0
598,3,1,2,18.5,480.0,4,0,2
599,3,1,2,12.1,492.1,4,0,1
600,3,1,2,10.3,502.4,4,0,1
601,3,1,2,3.5,505.9,3,0,1
602,3,1,2,25.8,531.7,4,0,2
603,3,1,2,10.3,542.0,4,0,1
604,3,1,2,21.0,563.0,4,0,2
605,3,1,2,14.2,577.2,4,0,1
606,3,1,2,48.2,625.4,2,0,0
607,3,1,2,37.7,663.1,2,0,0
608,3,1,2,0.0,663.1,5,0,1
609,3,1,2,0.0,0.0,5,0,1
610,3,1,2,1.5,1.5,3,0,1
611,3,1,2,7.5,9.0,4,0,1
612,3,1,2,63.7,72.7,2,0,0
613,3,1,2,101.8,174.5,6,1,0
614,3,1,2,0.0,174.5,5,0,1
615,3,1,2,8.3,182.8,4,0,1
616,3,1,2,8.6,191.4,4,0,1
617,3,1,2,6.9,198.3,3,0,1
618,3,1,2,56.0,254.3,2,0,0
619,3,1,2,28.4,282.7,4,0,2
620,3,1,2,6.3,289.0,3,0,1
621,3,1,2,32.6,321.6,4,0,2
622,3,1,2,9.5,331.1,4,0,1
623,3,1,2,14.7,345.8,4,0,1
624,3,1,2,18.8,364.6,4,0,2
625,3,1,2,38.9,403.5,2,0,0
626,3,1,2,24.4,427.9,4,0,2
627,3,1,2,7.4,435.3,3,0,1
628,3,1,2,51.4,486.7,2,0,0
629,3,1,2,20.5,507.2,4,0,2
630,3,1,2,14.7,521.9,4,0,1
631,3,1,2,19.2,541.1,4,0,2
632,3,1,2,3.5,544.6,3,0,1
633,3,1,2,0.0,544.6,5,0,1
634,3,1,2,7.9,552.5,4,0,1
635,3,1,2,21.3,573.8,4,0,2
636,3,1,2,0.0,573.8,5,0,1
637,3,1,2,37.8,611.6,2,0,0
638,3,1,2,1.9,613.5,3,0,1
639,3,1,2,8.1,8.1,4,0,1
640,3,1,2,24.8,32.9,4,0,2
641,3,1,2,12.6,45.5,4,0,1
642,3,1,2,12.1,57.6,4,0,1
643,3,1,2,0.0,57.6,5,0,1
644,3,1,2,2.5,60.1,3,0,1
645,3,1,2,2.5,62.6,3,0,1
646,3,1,2,24.5,87.1,4,0,2
647,3,1,2,2.5,89.6,3,0,1
648,3,1,2,1.4,91.0,3,0,1
649,3,1,2,11.8,102.8,4,0,1
650,3,1,2,0.3,103.1,3,0,1
651,3,1,2,1.8,104.9,3,0,1
652,3,1,2,17.7,122.6,4,0,2
653,3,1,2,22.0,144.6,4,0,2
654,3,1,2,3.9,148.5,3,0,1
655,3,1,2,7.3,155.8,3,0,1
656,3,1,2,1.2,157.0,3,0,1
657,3,1,2,40.9,197.9,2,0,0
658,3,1,2,4.9,202.8,3,0,1
659,3,1,2,0.0,202.8,5,0,1
660,3,1,2,31.6,234.4,4,0,2
661,3,1,2,0.0,234.4,5,0,1
662,3,1,2,10.1,244.5,4,0,1
663,3,1,2,8.8,253.3,4,0,1
664,3,1,2,0.0,253.3,5,0,1
665,3,1,2,24.0,277.3,4,0,2
666,3,1,2,3.8,281.1,3,0,1
667,3,1,2,6.0,287.1,3,0,1
668,3,1,2,0.0,287.1,5,0,1
669,3,1,2,0.8,287.9,3,0,1
670,3,1,2,0.0,0.0,5,0,1
671,3,1,2,0.0,0.0,5,0,1
672,3,1,2,0.0,0.0,5,0,1
673,3,1,2,13.1,13.1,4,0,1
674,3,1,2,0.0,13.1,5,0,1
675,3,1,2,0.0,13.1,5,0,1
676,3,1,2,0.0,13.1,5,0,1
677,3,1,2,0.0,13.1,5,0,1
678,3,1,2,18.1,31.2,4,0,2
679,3,1,2,3.7,34.9,3,0,1
680,3,1,2,0.0,34.9,5,0,1
681,3,1,2,0.0,34.9,5,0,1
682,3,1,2,0.0,34.9,5,0,1
683,3,1,2,9.7,44.6,4,0,1
684,3,1,2,4.6,49.2,3,0,1
685,3,1,2,0.0,49.2,5,0,1
686,3,1,2,6.9,56.1,3,0,1
687,3,1,2,1.4,57.5,3,0,1
688,3,1,2,0.0,57.5,5,0,1
689,3,1,2,0.0,57.5,5,0,1
690,3,1,2,0.6,58.1,3,0,1
691,3,1,2,0.0,58.1,5,0,1
692,3,1,2,0.0,58.1,5,0,1
693,3,1,2,2.0,60.1,3,0,1
694,3,1,2,0.0,60.1,5,0,1
695,3,1,2,0.0,60.1,5,0,1
696,3,1,2,0.0,60.1,5,0,1
697,3,1,2,3.4,63.5,3,0,1
698,3,1,2,2.1,65.6,3,0,1
699,3,1,2,0.0,65.6,5,0,1
700,3,1,2,0.0,0.0,5,0,1
701,3,1,2,0.0,0.0,5,0,1
702,3,1,2,0.0,0.0,5,0,1
703,3,1,2,0.0,0.0,5,0,1
704,3,1,2,0.0,0.0,5,0,1
705,3,1,2,0.0,0.0,5,0,1
706,3,1,2,0.0,0.0,5,0,1
707,3,1,2,0.0,0.0,5,0,1
708,3,1,2,6.1,6.1,3,0,1
709,3,1,2,0.0,6.1,5,0,1
710,3,1,2,0.0,6.1,5,0,1
711,3,1,2,0.0,6.1,5,0,1
712,3,1,2,0.0,6.1,5,0,1
713,3,1,2,0.0,6.1,5,0,1
714,3,1,2,0.0,6.1,5,0,1
715,3,1,2,0.0,6.1,5,0,1
716,3,1,2,0.0,6.1,5,0,1
717,3,1,2,0.0,6.1,5,0,1
718,3,1,2,0.0,6.1,5,0,1
719,3,1,2,0.0,6.1,5,0,1
720,3,1,2,0.0,6.1,5,0,1
721,3,1,2,14.9,21.0,4,0,1
722,3,1,2,3.0,24.0,3,0,1
723,3,1,2,0.0,24.0,5,0,1
724,3,1,2,0.0,24.0,5,0,1
725,3,1,2,0.0,24.0,5,0,1
726,3,1,2,0.0,24.0,5,0,1
727,3,1,2,0.0,24.0,5,0,1
728,3,1,2,0.0,24.0,5,0,1
729,3,1,2,0.0,24.0,5,0,1
730,3,1,2,0.0,24.0,5,0,1
731,3,1,0,0.0,0.0,5,0,1
732,3,1,0,0.0,0.0,5,0,1
733,3,1,0,0.0,0.0,5,0,1
734,3,1,0,0.0,0.0,5,0,1
735,3,1,0,0.0,0.0,5,0,1
736,3,1,0,0.0,0.0,5,0,1
737,3,1,0,0.0,0.0,5,0,1
738,3,1,0,0.0,0.0,5,0,1
739,3,1,0,0.0,0.0,5,0,1
740,3,1,0,0.0,0.0,5,0,1
741,3,1,0,0.0,0.0,5,0,1
742,3,1,0,0.0,0.0,5,0,1
743,3,1,0,0.0,0.0,5,0,1
744,3,1,0,0.0,0.0,5,0,1
745,3,1,0,0.0,0.0,5,0,1
746,3,1,0,0.0,0.0,5,0,1
747,3,1,0,0.0,0.0,5,0,1
748,3,1,0,0.0,0.0,5,0,1
749,3,1,0,0.0,0.0,5,0,1
750,3,1,0,0.0,0.0,5,0,1
751,3,1,0,0.0,0.0,5,0,1
752,3,1,0,0.0,0.0,5,0,1
753,3,1,0,0.0,0.0,5,0,1
754,3,1,0,0.0,0.0,5,0,1
755,3,1,0,0.0,0.0,5,0,1
756,3,1,0,0.0,0.0,5,0,1
757,3,1,0,0.0,0.0,5,0,1
758,3,1,0,0.0,0.0,5,0,1
759,3,1,0,0.0,0.0,5,0,1
760,3,1,0,0.0,0.0,5,0,1
761,3,1,0,0.0,0.0,5,0,1
762,3,1,0,0.0,0.0,5,0,1
763,3,1,0,0.0,0.0,5,0,1
764,3,1,0,0.0,0.0,5,0,1
765,3,1,0,0.0,0.0,5,0,1
766,3,1,0,0.0,0.0,5,0,1
767,3,1,0,0.0,0.0,5,0,1
768,3,1,0,0.0,0.0,5,0,1
769,3,1,0,0.0,0.0,5,0,1
770,3,1,0,0.0,0.0,5,0,1
771,3,1,0,0.0,0.0,5,0,1
772,3,1,0,0.0,0.0,5,0,1
773,3,1,0,0.0,0.0,5,0,1
774,3,1,0,0.0,0.0,5,0,1
775,3,1,0,0.0,0.0,5,0,1
776,3,1,0,0.0,0.0,5,0,1
777,3,1,0,0.0,0.0,5,0,1
778,3,1,0,0.0,0.0,5,0,1
779,3,1,0,0.0,0.0,5,0,1
780,3,1,0,0.0,0.0,5,0,1
781,3,1,0,0.0,0.0,5,0,1
782,3,1,0,0.0,0.0,5,0,1
783,3,1,0,0.0,0.0,5,0,1
784,3,1,0,0.0,0.0,5,0,1
785,3,1,0,6.9,6.9,3,0,1
786,3,1,0,0.0,6.9,5,0,1
787,3,1,0,0.0,6.9,5,0,1
788,3,1,0,0.0,6.9,5,0,1
789,3,1,0,0.0,6.9,5,0,1
790,3,1,0,0.0,0.0,5,0,1
791,3,1,0,0.0,0.0,5,0,1
792,3,1,0,0.0,0.0,5,0,1
793,3,1,0,0.0,0.0,5,0,1
794,3,1,0,0.0,0.0,5,0,1
795,3,1,0,0.0,0.0,5,0,1
796,3,1,0,0.0,0.0,5,0,1
797,3,1,0,0.0,0.0,5,0,1
798,3,1,0,0.0,0.0,5,0,1
799,3,1,0,0.0,0.0,5,0,1
800,3,1,0,0.0,0.0,5,0,1
801,3,1,0,0.0,0.0,5,0,1
802,3,1,0,0.1,0.1,3,0,1
803,3,1,0,0.0,0.1,5,0,1
804,3,1,0,0.0,0.1,5,0,1
805,3,1,0,0.0,0.1,5,0,1
806,3,1,0,0.0,0.1,5,0,1
807,3,1,0,0.0,0.1,5,0,1
808,3,1,0,0.0,0.1,5,0,1
809,3,1,0,0.0,0.1,5,0,1
810,3,1,0,0.0,0.1,5,0,1
811,3,1,0,0.0,0.1,5,0,1
812,3,1,0,0.0,0.1,5,0,1
813,3,1,0,0.0,0.1,5,0,1
814,3,1,0,0.1,0.2,3,0,1
815,3,1,0,0.0,0.2,5,0,1
816,3,1,0,0.0,0.2,5,0,1
817,3,1,0,0.0,0.2,5,0,1
818,3,1,0,0.0,0.2,5,0,1
819,3,1,0,0.0,0.2,5,0,1
820,3,1,0,0.0,0.2,5,0,1
821,3,1,0,0.0,0.0,5,0,1
822,3,1,0,0.0,0.0,5,0,1
823,3,1,0,0.0,0.0,5,0,1
824,3,1,0,0.0,0.0,5,0,1
825,3,1,0,0.0,0.0,5,0,1
826,3,1,0,0.0,0.0,5,0,1
827,3,1,0,0.0,0.0,5,0,1
828,3,1,0,0.0,0.0,5,0,1
829,3,1,0,0.0,0.0,5,0,1
830,3,1,0,0.0,0.0,5,0,1
831,3,1,0,0.0,0.0,5,0,1
832,3,1,0,0.0,0.0,5,0,1
833,3,1,0,0.0,0.0,5,0,1
834,3,1,0,0.0,0.0,5,0,1
835,3,1,0,0.0,0.0,5,0,1
836,3,1,0,0.0,0.0,5,0,1
837,3,1,0,0.0,0.0,5,0,1
838,3,1,0,0.0,0.0,5,0,1
839,3,1,0,0.0,0.0,5,0,1
840,3,1,0,0.0,0.0,5,0,1
841,3,1,0,0.0,0.0,5,0,1
842,3,1,0,0.0,0.0,5,0,1
843,3,1,0,0.0,0.0,5,0,1
844,3,1,0,0.0,0.0,5,0,1
845,3,1,0,0.0,0.0,5,0,1
846,3,1,0,0.0,0.0,5,0,1
847,3,1,0,0.0,0.0,5,0,1
848,3,1,0,0.0,0.0,5,0,1
849,3,1,0,0.0,0.0,5,0,1
850,3,1,0,0.0,0.0,5,0,1
851,3,1,0,0.0,0.0,5,0,1
852,3,1,0,0.0,0.0,5,0,1
853,3,1,0,1.7,1.7,3,0,1
854,3,1,0,0.0,1.7,5,0,1
855,3,1,0,0.0,1.7,5,0,1
856,3,1,0,0.0,1.7,5,0,1
857,3,1,0,0.0,1.7,5,0,1
858,3,1,0,0.0,1.7,5,0,1
859,3,1,0,0.0,1.7,5,0,1
860,3,1,0,1.1,2.8,3,0,1
861,3,1,0,0.0,2.8,5,0,1
862,3,1,0,0.0,2.8,5,0,1
863,3,1,0,0.0,2.8,5,0,1
864,3,1,0,7.1,9.9,3,0,1
865,3,1,0,0.0,9.9,5,0,1
866,3,1,0,0.1,10.0,3,0,1
867,3,1,0,0.0,10.0,5,0,1
868,3,1,0,0.0,10.0,5,0,1
869,3,1,0,0.0,10.0,5,0,1
870,3,1,0,0.3,10.3,3,0,1
871,3,1,0,0.0,10.3,5,0,1
872,3,1,0,0.0,10.3,5,0,1
873,3,1,0,0.0,10.3,5,0,1
874,3,1,0,0.0,10.3,5,0,1
875,3,1,0,1.1,11.4,3,0,1
876,3,1,0,0.0,11.4,5,0,1
877,3,1,0,0.0,11.4,5,0,1
878,3,1,0,0.0,11.4,5,0,1
879,3,1,0,0.0,11.4,5,0,1
880,3,1,0,0.0,11.4,5,0,1
881,3,1,0,0.0,11.4,5,0,1
882,3,1,0,0.0,0.0,5,0,1
883,3,1,0,0.0,0.0,5,0,1
884,3,1,0,0.0,0.0,5,0,1
885,3,1,0,0.0,0.0,5,0,1
886,3,1,0,7.2,7.2,3,0,1
887,3,1,0,0.0,7.2,5,0,1
888,3,1,0,7.8,15.0,4,0,1
889,3,1,0,0.0,15.0,5,0,1
890,3,1,0,0.0,15.0,5,0,1
891,3,1,0,20.9,35.9,4,0,2
892,3,1,0,0.0,35.9,5,0,1
893,3,1,0,2.8,38.7,3,0,1
894,3,1,0,0.0,38.7,5,0,1
895,3,1,0,0.0,38.7,5,0,1
896,3,1,0,0.0,38.7,5,0,1
897,3,1,0,0.0,38.7,5,0,1
898,3,1,0,0.0,38.7,5,0,1
899,3,1,0,0.0,38.7,5,0,1
900,3,1,0,0.0,38.7,5,0,1
901,3,1,0,0.0,38.7,5,0,1
902,3,1,0,0.0,38.7,5,0,1
903,3,1,0,11.8,50.5,4,0,1
904,3,1,0,0.0,50.5,5,0,1
905,3,1,0,30.3,80.8,4,0,2
906,3,1,0,6.9,87.7,3,0,1
907,3,1,0,0.0,87.7,5,0,1
908,3,1,0,0.0,87.7,5,0,1
909,3,1,0,0.0,87.7,5,0,1
910,3,1,0,0.0,87.7,5,0,1
911,3,1,0,0.0,87.7,5,0,1
912,3,1,0,39.0,39.0,2,0,0
913,3,1,0,14.7,53.7,4,0,1
914,3,1,0,0.0,53.7,5,0,1
915,3,1,0,0.0,53.7,5,0,1
916,3,1,0,0.0,53.7,5,0,1
917,3,1,0,0.0,53.7,5,0,1
918,3,1,0,5.5,59.2,3,0,1
919,3,1,0,0.0,59.2,5,0,1
920,3,1,0,17.4,76.6,4,0,2
921,3,1,0,0.0,76.6,5,0,1
922,3,1,0,0.0,76.6,5,0,1
923,3,1,0,0.0,76.6,5,0,1
924,3,1,0,0.0,76.6,5,0,1
925,3,1,0,7.4,84.0,3,0,1
926,3,1,0,0.0,84.0,5,0,1
927,3,1,0,5.8,89.8,3,0,1
928,3,1,0,6.3,96.1,3,0,1
929,3,1,0,2.5,98.6,3,0,1
930,3,1,0,0.0,98.6,5,0,1
931,3,1,0,0.0,98.6,5,0,1
932,3,1,0,0.0,98.6,5,0,1
933,3,1,0,0.0,98.6,5,0,1
934,3,1,0,0.0,98.6,5,0,1
935,3,1,0,121.5,220.1,1,2,0
936,3,1,0,6.2,226.3,3,0,1
937,3,1,0,0.0,226.3,5,0,1
938,3,1,0,0.0,226.3,5,0,1
939,3,1,0,0.0,226.3,5,0,1
940,3,1,0,9.9,236.2,4,0,1
941,3,1,0,0.0,236.2,5,0,1
942,3,1,0,0.0,236.2,5,0,1
943,3,1,0,0.0,0.0,5,0,1
944,3,1,0,0.0,0.0,5,0,1
945,3,1,0,0.0,0.0,5,0,1
946,3,1,0,0.0,0.0,5,0,1
947,3,1,0,0.0,0.0,5,0,1
948,3,1,0,2.8,2.8,3,0,1
949,3,1,0,0.0,2.8,5,0,1
950,3,1,0,0.0,2.8,5,0,1
951,3,1,0,0.0,2.8,5,0,1
952,3,1,0,0.0,2.8,5,0,1
953,3,1,0,0.0,2.8,5,0,1
954,3,1,0,0.0,2.8,5,0,1
955,3,1,0,0.9,3.7,3,0,1
956,3,1,0,0.0,3.7,5,0,1
957,3,1,0,0.0,3.7,5,0,1
958,3,1,0,0.0,3.7,5,0,1
959,3,1,0,2.3,6.0,3,0,1
960,3,1,0,0.6,6.6,3,0,1
961,3,1,0,0.0,6.6,5,0,1
962,3,1,0,2.1,8.7,3,0,1
963,3,1,0,0.0,8.7,5,0,1
964,3,1,0,21.9,30.6,4,0,2
965,3,1,0,2.8,33.4,3,0,1
966,3,1,0,3.9,37.3,3,0,1
967,3,1,0,0.0,37.3,5,0,1
968,3,1,0,0.0,37.3,5,0,1
969,3,1,0,0.0,37.3,5,0,1
970,3,1,0,0.0,37.3,5,0,1
971,3,1,0,0.0,37.3,5,0,1
972,3,1,0,0.0,37.3,5,0,1
973,3,1,0,7.1,44.4,3,0,1
974,3,1,0,0.0,0.0,5,0,1
975,3,1,0,0.0,0.0,5,0,1
976,3,1,0,0.0,0.0,5,0,1
977,3,1,0,0.0,0.0,5,0,1
978,3,1,0,6.4,6.4,3,0,1
979,3,1,0,0.0,6.4,5,0,1
980,3,1,0,8.1,14.5,4,0,1
981,3,1,0,4.9,19.4,3,0,1
982,3,1,0,0.0,19.4,5,0,1
983,3,1,0,0.0,19.4,5,0,1
984,3,1,0,21.4,40.8,4,0,2
985,3,1,0,7.4,48.2,3,0,1
986,3,1,0,0.0,48.2,5,0,1
987,3,1,0,1.7,49.9,3,0,1
988,3,1,0,1.2,51.1,3,0,1
989,3,1,0,4.8,55.9,3,0,1
990,3,1,0,12.2,68.1,4,0,1
991,3,1,0,0.0,68.1,5,0,1
992,3,1,0,0.0,68.1,5,0,1
993,3,1,0,0.0,68.1,5,0,1
994,3,1,0,2.3,70.4,3,0,1
995,3,1,0,0.0,70.4,5,0,1
996,3,1,0,0.0,70.4,5,0,1
997,3,1,0,0.0,70.4,5,0,1
998,3,1,0,3.9,74.3,3,0,1
999,3,1,0,1.8,76.1,3,0,1
1000,3,1,0,0.0,76.1,5,0,1
1001,3,1,0,0.0,76.1,5,0,1
1002,3,1,0,5.6,81.7,3,0,1
1003,3,1,0,1.3,83.0,3,0,1
1004,3,1,0,0.0,0.0,5,0,1
1005,3,1,0,0.0,0.0,5,0,1
1006,3,1,0,0.0,0.0,5,0,1
1007,3,1,0,0.0,0.0,5,0,1
1008,3,1,0,0.0,0.0,5,0,1
1009,3,1,0,0.0,0.0,5,0,1
1010,3,1,0,0.0,0.0,5,0,1
1011,3,1,0,0.0,0.0,5,0,1
1012,3,1,0,3.0,3.0,3,0,1
1013,3,1,0,0.0,3.0,5,0,1
1014,3,1,0,0.0,3.0,5,0,1
1015,3,1,0,0.0,3.0,5,0,1
1016,3,1,0,0.0,3.0,5,0,1
1017,3,1,0,10.8,13.8,4,0,1
1018,3,1,0,0.0,13.8,5,0,1
1019,3,1,0,0.6,14.4,3,0,1
1020,3,1,0,7.4,21.8,3,0,1
1021,3,1,0,0.0,21.8,5,0,1
1022,3,1,0,0.0,21.8,5,0,1
1023,3,1,0,0.6,22.4,3,0,1
1024,3,1,0,0.2,22.6,3,0,1
1025,3,1,0,5.0,27.6,3,0,1
1026,3,1,0,0.4,28.0,3,0,1
1027,3,1,0,0.0,28.0,5,0,1
1028,3,1,0,2.4,30.4,3,0,1
1029,3,1,0,0.0,30.4,5,0,1
1030,3,1,0,0.0,30.4,5,0,1
1031,3,1,0,0.0,30.4,5,0,1
1032,3,1,0,0.0,30.4,5,0,1
1033,3,1,0,0.3,30.7,3,0,1
1034,3,1,0,0.1,30.8,3,0,1
1035,3,1,0,0.0,0.0,5,0,1
1036,3,1,0,0.0,0.0,5,0,1
1037,3,1,0,0.0,0.0,5,0,1
1038,3,1,0,0.0,0.0,5,0,1
1039,3,1,0,0.0,0.0,5,0,1
1040,3,1,0,0.0,0.0,5,0,1
1041,3,1,0,0.0,0.0,5,0,1
1042,3,1,0,0.0,0.0,5,0,1
1043,3,1,0,0.5,0.5,3,0,1
1044,3,1,0,0.0,0.5,5,0,1
1045,3,1,0,0.0,0.5,5,0,1
1046,3,1,0,0.0,0.5,5,0,1
1047,3,1,0,2.4,2.9,3,0,1
1048,3,1,0,0.0,2.9,5,0,1
1049,3,1,0,0.0,2.9,5,0,1
1050,3,1,0,0.0,2.9,5,0,1
1051,3,1,0,0.0,2.9,5,0,1
1052,3,1,0,0.0,2.9,5,0,1
1053,3,1,0,0.0,2.9,5,0,1
1054,3,1,0,0.0,2.9,5,0,1
1055,3,1,0,0.0,2.9,5,0,1
1056,3,1,0,6.8,9.7,3,0,1
1057,3,1,0,0.0,9.7,5,0,1
1058,3,1,0,0.0,9.7,5,0,1
1059,3,1,0,0.0,9.7,5,0,1
1060,3,1,0,0.0,9.7,5,0,1
1061,3,1,0,4.3,14.0,3,0,1
1062,3,1,0,0.0,14.0,5,0,1
1063,3,1,0,0.0,14.0,5,0,1
1064,3,1,0,0.0,14.0,5,0,1
1065,3,1,0,0.0,0.0,5,0,1
1066,3,1,0,0.0,0.0,5,0,1
1067,3,1,0,0.0,0.0,5,0,1
1068,3,1,0,0.0,0.0,5,0,1
1069,3,1,0,0.0,0.0,5,0,1
1070,3,1,0,0.0,0.0,5,0,1
1071,3,1,0,0.0,0.0,5,0,1
1072,3,1,0,0.0,0.0,5,0,1
1073,3,1,0,0.0,0.0,5,0,1
1074,3,1,0,0.0,0.0,5,0,1
1075,3,1,0,0.0,0.0,5,0,1
1076,3,1,0,0.0,0.0,5,0,1
1077,3,1,0,0.0,0.0,5,0,1
1078,3,1,0,0.0,0.0,5,0,1
1079,3,1,0,0.0,0.0,5,0,1
1080,3,1,0,0.0,0.0,5,0,1
1081,3,1,0,0.0,0.0,5,0,1
1082,3,1,0,0.0,0.0,5,0,1
1083,3,1,0,0.0,0.0,5,0,1
1084,3,1,0,0.0,0.0,5,0,1
1085,3,1,0,0.0,0.0,5,0,1
1086,3,1,0,0.0,0.0,5,0,1
1087,3,1,0,0.0,0.0,5,0,1
1088,3,1,0,0.0,0.0,5,0,1
1089,3,1,0,0.0,0.0,5,0,1
1090,3,1,0,0.0,0.0,5,0,1
1091,3,1,0,0.0,0.0,5,0,1
1092,3,1,0,0.0,0.0,5,0,1
1093,3,1,0,0.0,0.0,5,0,1
1094,3,1,0,0.0,0.0,5,0,1
1095,3,1,0,0.0,0.0,5,0,1
1096,3,1,3,0.0,0.0,5,0,1
1097,3,1,3,0.0,0.0,5,0,1
1098,3,1,3,0.0,0.0,5,0,1
1099,3,1,3,0.0,0.0,5,0,1
1100,3,1,3,0.0,0.0,5,0,1
1101,3,1,3,2.3,2.3,3,0,1
1102,3,1,3,0.0,2.3,5,0,1
1103,3,1,3,0.0,2.3,5,0,1
1104,3,1,3,0.0,2.3,5,0,1
1105,3,1,3,8.4,10.7,4,0,1
1106,3,1,3,0.0,10.7,5,0,1
1107,3,1,3,0.0,10.7,5,0,1
1108,3,1,3,0.0,10.7,5,0,1
1109,3,1,3,0.0,10.7,5,0,1
1110,3,1,3,0.0,10.7,5,0,1
1111,3,1,3,0.0,10.7,5,0,1
1112,3,1,3,0.0,10.7,5,0,1
1113,3,1,3,0.0,10.7,5,0,1
1114,3,1,3,0.0,10.7,5,0,1
1115,3,1,3,0.0,10.7,5,0,1
1116,3,1,3,0.0,10.7,5,0,1
1117,3,1,3,0.0,10.7,5,0,1
1118,3,1,3,0.0,10.7,5,0,1
1119,3,1,3,0.0,10.7,5,0,1
1120,3,1,3,1.6,12.3,3,0,1
1121,3,1,3,0.0,12.3,5,0,1
1122,3,1,3,0.0,12.3,5,0,1
1123,3,1,3,0.0,12.3,5,0,1
1124,3,1,3,0.0,12.3,5,0,1
1125,3,1,3,0.0,12.3,5,0,1
1126,3,1,3,0.0,12.3,5,0,1
1127,3,1,3,0.0,0.0,5,0,1
1128,3,1,3,0.0,0.0,5,0,1
1129,3,1,3,1.0,1.0,3,0,1
1130,3,1,3,5.4,6.4,3,0,1
1131,3,1,3,0.0,6.4,5,0,1
1132,3,1,3,0.0,6.4,5,0,1
1133,3,1,3,8.9,15.3,4,0,1
1134,3,1,3,0.0,15.3,5,0,1
1135,3,1,3,2.3,17.6,3,0,1
1136,3,1,3,0.0,17.6,5,0,1
1137,3,1,3,0.0,17.6,5,0,1
1138,3,1,3,0.0,17.6,5,0,1
1139,3,1,3,0.0,17.6,5,0,1
1140,3,1,3,0.0,17.6,5,0,1
1141,3,1,3,0.0,17.6,5,0,1
1142,3,1,3,0.0,17.6,5,0,1
1143,3,1,3,0.0,17.6,5,0,1
1144,3,1,3,0.0,17.6,5,0,1
1145,3,1,3,0.0,17.6,5,0,1
1146,3,1,3,0.0,17.6,5,0,1
1147,3,1,3,0.0,17.6,5,0,1
1148,3,1,3,0.0,17.6,5,0,1
1149,3,1,3,4.8,22.4,3,0,1
1150,3,1,3,0.0,22.4,5,0,1
1151,3,1,3,0.0,22.4,5,0,1
1152,3,1,3,0.0,22.4,5,0,1
1153,3,1,3,0.0,22.4,5,0,1
1154,3,1,3,0.0,22.4,5,0,1
1155,3,1,3,0.0,0.0,5,0,1
1156,3,1,3,0.0,0.0,5,0,1
1157,3,1,3,0.0,0.0,5,0,1
1158,3,1,3,0.0,0.0,5,0,1
1159,3,1,3,3.4,3.4,3,0,1
1160,3,1,3,0.0,3.4,5,0,1
1161,3,1,3,0.0,3.4,5,0,1
1162,3,1,3,0.0,3.4,5,0,1
1163,3,1,3,0.0,3.4,5,0,1
1164,3,1,3,0.0,3.4,5,0,1
1165,3,1,3,0.0,3.4,5,0,1
1166,3,1,3,0.0,3.4,5,0,1
1167,3,1,3,0.0,3.4,5,0,1
1168,3,1,3,0.0,3.4,5,0,1
1169,3,1,3,0.0,3.4,5,0,1
1170,3,1,3,0.0,3.4,5,0,1
1171,3,1,3,0.0,3.4,5,0,1
1172,3,1,3,0.0,3.4,5,0,1
1173,3,1,3,0.0,3.4,5,0,1
1174,3,1,3,0.0,3.4,5,0,1
1175,3,1,3,0.0,3.4,5,0,1
1176,3,1,3,0.0,3.4,5,0,1
1177,3,1,3,0.0,3.4,5,0,1
1178,3,1,3,0.0,3.4,5,0,1
1179,3,1,3,0.0,3.4,5,0,1
1180,3,1,3,0.0,3.4,5,0,1
1181,3,1,3,0.0,3.4,5,0,1
1182,3,1,3,0.0,3.4,5,0,1
1183,3,1,3,0.0,3.4,5,0,1
1184,3,1,3,0.0,3.4,5,0,1
1185,3,1,3,0.0,3.4,5,0,1
1186,3,1,3,0.0,0.0,5,0,1
1187,3,1,3,0.0,0.0,5,0,1
1188,3,1,3,0.0,0.0,5,0,1
1189,3,1,3,0.0,0.0,5,0,1
1190,3,1,3,0.0,0.0,5,0,1
1191,3,1,3,6.9,6.9,3,0,1
1192,3,1,3,0.0,6.9,5,0,1
1193,3,1,3,0.0,6.9,5,0,1
1194,3,1,3,3.2,10.1,3,0,1
1195,3,1,3,0.0,10.1,5,0,1
1196,3,1,3,12.4,22.5,4,0,1
1197,3,1,3,0.0,22.5,5,0,1
1198,3,1,3,0.0,22.5,5,0,1
1199,3,1,3,0.0,22.5,5,0,1
1200,3,1,3,0.0,22.5,5,0,1
1201,3,1,3,0.0,22.5,5,0,1
1202,3,1,3,0.0,22.5,5,0,1
1203,3,1,3,0.0,22.5,5,0,1
1204,3,1,3,0.0,22.5,5,0,1
1205,3,1,3,26.7,49.2,4,0,2
1206,3,1,3,0.0,49.2,5,0,1
1207,3,1,3,0.0,49.2,5,0,1
1208,3,1,3,3.8,53.0,3,0,1
1209,3,1,3,0.0,53.0,5,0,1
1210,3,1,3,0.0,53.0,5,0,1
1211,3,1,3,0.0,53.0,5,0,1
1212,3,1,3,0.0,53.0,5,0,1
1213,3,1,3,0.0,53.0,5,0,1
1214,3,1,3,0.0,53.0,5,0,1
1215,3,1,3,3.8,56.8,3,0,1
1216,3,1,3,0.0,0.0,5,0,1
1217,3,1,3,0.0,0.0,5,0,1
1218,3,1,3,0.0,0.0,5,0,1
1219,3,1,3,0.0,0.0,5,0,1
1220,3,1,3,0.0,0.0,5,0,1
1221,3,1,3,0.0,0.0,5,0,1
1222,3,1,3,0.0,0.0,5,0,1
1223,3,1,3,0.0,0.0,5,0,1
1224,3,1,3,3.7,3.7,3,0,1
1225,3,1,3,0.0,3.7,5,0,1
1226,3,1,3,0.0,3.7,5,0,1
1227,3,1,3,8.5,12.2,4,0,1
1228,3,1,3,0.0,12.2,5,0,1
1229,3,1,3,1.2,13.4,3,0,1
1230,3,1,3,0.0,13.4,5,0,1
1231,3,1,3,19.2,32.6,4,0,2
1232,3,1,3,0.0,32.6,5,0,1
1233,3,1,3,0.0,32.6,5,0,1
1234,3,1,3,0.0,32.6,5,0,1
1235,3,1,3,0.0,32.6,5,0,1
1236,3,1,3,0.0,32.6,5,0,1
1237,3,1,3,3.8,36.4,3,0,1
1238,3,1,3,0.0,36.4,5,0,1
1239,3,1,3,7.3,43.7,3,0,1
1240,3,1,3,11.7,55.4,4,0,1
1241,3,1,3,0.0,55.4,5,0,1
1242,3,1,3,0.0,55.4,5,0,1
1243,3,1,3,0.0,55.4,5,0,1
1244,3,1,3,0.0,55.4,5,0,1
1245,3,1,3,2.2,57.6,3,0,1
1246,3,1,3,0.0,57.6,5,0,1
1247,3,1,3,0.0,0.0,5,0,1
1248,3,1,3,17.7,17.7,4,0,2
1249,3,1,3,0.0,17.7,5,0,1
1250,3,1,3,68.7,86.4,6,1,0
1251,3,1,3,15.7,102.1,4,0,2
1252,3,1,3,7.6,109.7,4,0,1
1253,3,1,3,16.2,125.9,4,0,2
1254,3,1,3,5.6,131.5,3,0,1
1255,3,1,3,47.4,178.9,2,0,0
1256,3,1,3,12.5,191.4,4,0,1
1257,3,1,3,0.6,192.0,3,0,1
1258,3,1,3,18.8,210.8,4,0,2
1259,3,1,3,0.0,210.8,5,0,1
1260,3,1,3,0.0,210.8,5,0,1
1261,3,1,3,5.9,216.7,3,0,1
1262,3,1,3,0.0,216.7,5,0,1
1263,3,1,3,0.0,216.7,5,0,1
1264,3,1,3,19.5,236.2,4,0,2
1265,3,1,3,27.7,263.9,4,0,2
1266,3,1,3,12.2,276.1,4,0,1
1267,3,1,3,12.5,288.6,4,0,1
1268,3,1,3,3.3,291.9,3,0,1
1269,3,1,3,30.2,322.1,4,0,2
1270,3,1,3,32.3,354.4,4,0,2
1271,3,1,3,39.7,394.1,2,0,0
1272,3,1,3,22.4,416.5,4,0,2
1273,3,1,3,2.0,418.5,3,0,1
1274,3,1,3,10.1,428.6,4,0,1
1275,3,1,3,8.0,436.6,4,0,1
1276,3,1,3,18.2,454.8,4,0,2
1277,3,1,3,17.9,17.9,4,0,2
1278,3,1,3,0.0,17.9,5,0,1
1279,3,1,3,30.1,48.0,4,0,2
1280,3,1,3,1.0,49.0,3,0,1
1281,3,1,3,6.7,55.7,3,0,1
1282,3,1,3,7.5,63.2,4,0,1
1283,3,1,3,1.0,64.2,3,0,1
1284,3,1,3,6.4,70.6,3,0,1
1285,3,1,3,0.0,70.6,5,0,1
1286,3,1,3,3.4,74.0,3,0,1
1287,3,1,3,2.4,76.4,3,0,1
1288,3,1,3,35.6,112.0,2,0,0
1289,3,1,3,0.0,112.0,5,0,1
1290,3,1,3,43.3,155.3,2,0,0
1291,3,1,3,24.8,180.1,4,0,2
1292,3,1,3,25.6,205.7,4,0,2
1293,3,1,3,13.1,218.8,4,0,1
1294,3,1,3,3.3,222.1,3,0,1
1295,3,1,3,2.8,224.9,3,0,1
1296,3,1,3,11.9,236.8,4,0,1
1297,3,1,3,3.3,240.1,3,0,1
1298,3,1,3,0.6,240.7,3,0,1
1299,3,1,3,18.0,258.7,4,0,2
1300,3,1,3,66.3,325.0,6,1,0
1301,3,1,3,0.0,325.0,5,0,1
1302,3,1,3,18.9,343.9,4,0,2
1303,3,1,3,7.1,351.0,3,0,1
1304,3,1,3,0.0,351.0,5,0,1
1305,3,1,3,0.0,351.0,5,0,1
1306,3,1,3,16.8,367.8,4,0,2
1307,3,1,3,1.6,369.4,3,0,1
1308,3,1,3,28.0,28.0,4,0,2
1309,3,1,3,30.0,58.0,4,0,2
1310,3,1,3,21.4,79.4,4,0,2
1311,3,1,3,2.4,81.8,3,0,1
1312,3,1,3,1.7,83.5,3,0,1
1313,3,1,3,2.0,85.5,3,0,1
1314,3,1,3,0.0,85.5,5,0,1
1315,3,1,3,8.7,94.2,4,0,1
1316,3,1,3,0.5,94.7,3,0,1
1317,3,1,3,40.1,134.8,2,0,0
1318,3,1,3,15.6,150.4,4,0,2
1319,3,1,3,45.7,196.1,2,0,0
1320,3,1,3,31.2,227.3,4,0,2
1321,3,1,3,31.4,258.7,4,0,2
1322,3,1,3,25.1,283.8,4,0,2
1323,3,1,3,1.0,284.8,3,0,1
1324,3,1,3,8.7,293.5,4,0,1
1325,3,1,3,32.2,325.7,4,0,2
1326,3,1,3,15.7,341.4,4,0,2
1327,3,1,3,39.2,380.6,2,0,0
1328,3,1,3,17.5,398.1,4,0,2
1329,3,1,3,0.0,398.1,5,0,1
1330,3,1,3,25.5,423.6,4,0,2
1331,3,1,3,32.2,455.8,4,0,2
1332,3,1,3,0.0,455.8,5,0,1
1333,3,1,3,6.7,462.5,3,0,1
1334,3,1,3,5.6,468.1,3,0,1
1335,3,1,3,17.0,485.1,4,0,2
1336,3,1,3,10.7,495.8,4,0,1
1337,3,1,3,2.4,498.2,3,0,1
1338,3,1,3,8.4,506.6,4,0,1
1339,3,1,3,43.2,43.2,2,0,0
1340,3,1,3,5.4,48.6,3,0,1
1341,3,1,3,4.6,53.2,3,0,1
1342,3,1,3,19.9,73.1,4,0,2
1343,3,1,3,33.7,106.8,4,0,2
1344,3,1,3,5.2,112.0,3,0,1
1345,3,1,3,0.0,112.0,5,0,1
1346,3,1,3,6.3,118.3,3,0,1
1347,3,1,3,16.7,135.0,4,0,2
1348,3,1,3,2.2,137.2,3,0,1
1349,3,1,3,0.0,137.2,5,0,1
1350,3,1,3,7.2,144.4,3,0,1
1351,3,1,3,4.8,149.2,3,0,1
1352,3,1,3,21.6,170.8,4,0,2
1353,3,1,3,15.9,186.7,4,0,2
1354,3,1,3,0.0,186.7,5,0,1
1355,3,1,3,11.2,197.9,4,0,1
1356,3,1,3,10.5,208.4,4,0,1
1357,3,1,3,0.0,208.4,5,0,1
1358,3,1,3,1.1,209.5,3,0,1
1359,3,1,3,9.9,219.4,4,0,1
1360,3,1,3,38.4,257.8,2,0,0
1361,3,1,3,0.0,257.8,5,0,1
1362,3,1,3,13.3,271.1,4,0,1
1363,3,1,3,37.4,308.5,2,0,0
1364,3,1,3,60.5,369.0,2,0,0
1365,3,1,3,0.0,369.0,5,0,1
1366,3,1,3,34.4,403.4,4,0,2
1367,3,1,3,5.2,408.6,3,0,1
1368,3,1,3,4.9,413.5,3,0,1
1369,3,1,3,7.7,7.7,4,0,1
1370,3,1,3,3.3,11.0,3,0,1
1371,3,1,3,0.0,11.0,5,0,1
1372,3,1,3,0.0,11.0,5,0,1
1373,3,1,3,6.1,17.1,3,0,1
1374,3,1,3,0.9,18.0,3,0,1
1375,3,1,3,2.4,20.4,3,0,1
1376,3,1,3,4.1,24.5,3,0,1
1377,3,1,3,4.6,29.1,3,0,1
1378,3,1,3,1.2,30.3,3,0,1
1379,3,1,3,19.7,50.0,4,0,2
1380,3,1,3,12.0,62.0,4,0,1
1381,3,1,3,12.3,74.3,4,0,1
1382,3,1,3,0.3,74.6,3,0,1
1383,3,1,3,0.0,74.6,5,0,1
1384,3,1,3,7.7,82.3,4,0,1
1385,3,1,3,0.0,82.3,5,0,1
1386,3,1,3,1.1,83.4,3,0,1
1387,3,1,3,21.2,104.6,4,0,2
1388,3,1,3,0.0,104.6,5,0,1
1389,3,1,3,12.2,116.8,4,0,1
1390,3,1,3,10.5,127.3,4,0,1
1391,3,1,3,5.5,132.8,3,0,1
1392,3,1,3,0.1,132.9,3,0,1
1393,3,1,3,1.6,134.5,3,0,1
1394,3,1,3,4.8,139.3,3,0,1
1395,3,1,3,9.3,148.6,4,0,1
1396,3,1,3,0.0,148.6,5,0,1
1397,3,1,3,3.3,151.9,3,0,1
1398,3,1,3,1.4,153.3,3,0,1
1399,3,1,3,7.4,160.7,3,0,1
1400,3,1,3,4.2,4.2,3,0,1
1401,3,1,3,0.0,4.2,5,0,1
1402,3,1,3,0.0,4.2,5,0,1
1403,3,1,3,0.0,4.2,5,0,1
1404,3,1,3,0.0,4.2,5,0,1
1405,3,1,3,0.0,4.2,5,0,1
1406,3,1,3,0.0,4.2,5,0,1
1407,3,1,3,0.0,4.2,5,0,1
1408,3,1,3,0.0,4.2,5,0,1
1409,3,1,3,0.0,4.2,5,0,1
1410,3,1,3,6.3,10.5,3,0,1
1411,3,1,3,0.0,10.5,5,0,1
1412,3,1,3,0.0,10.5,5,0,1
1413,3,1,3,0.0,10.5,5,0,1
1414,3,1,3,0.0,10.5,5,0,1
1415,3,1,3,0.0,10.5,5,0,1
1416,3,1,3,3.3,13.8,3,0,1
1417,3,1,3,0.0,13.8,5,0,1
1418,3,1,3,0.0,13.8,5,0,1
1419,3,1,3,0.0,13.8,5,0,1
1420,3,1,3,0.0,13.8,5,0,1
1421,3,1,3,0.0,13.8,5,0,1
1422,3,1,3,0.0,13.8,5,0,1
1423,3,1,3,3.3,17.1,3,0,1
1424,3,1,3,0.0,17.1,5,0,1
1425,3,1,3,0.0,17.1,5,0,1
1426,3,1,3,0.0,17.1,5,0,1
1427,3,1,3,0.0,17.1,5,0,1
1428,3,1,3,0.0,17.1,5,0,1
1429,3,1,3,0.0,17.1,5,0,1
1430,3,1,3,0.0,0.0,5,0,1
1431,3,1,3,0.0,0.0,5,0,1
1432,3,1,3,0.0,0.0,5,0,1
1433,3,1,3,0.0,0.0,5,0,1
1434,3,1,3,0.0,0.0,5,0,1
1435,3,1,3,0.0,0.0,5,0,1
1436,3,1,3,2.6,2.6,3,0,1
1437,3,1,3,0.0,2.6,5,0,1
1438,3,1,3,0.9,3.5,3,0,1
1439,3,1,3,0.0,3.5,5,0,1
1440,3,1,3,0.0,3.5,5,0,1
1441,3,1,3,0.0,3.5,5,0,1
1442,3,1,3,0.0,3.5,5,0,1
1443,3,1,3,0.0,3.5,5,0,1
1444,3,1,3,0.0,3.5,5,0,1
1445,3,1,3,0.0,3.5,5,0,1
1446,3,1,3,0.0,3.5,5,0,1
1447,3,1,3,3.9,7.4,3,0,1
1448,3,1,3,0.0,7.4,5,0,1
1449,3,1,3,0.0,7.4,5,0,1
1450,3,1,3,0.0,7.4,5,0,1
1451,3,1,3,0.0,7.4,5,0,1
1452,3,1,3,0.0,7.4,5,0,1
1453,3,1,3,0.0,7.4,5,0,1
1454,3,1,3,10.2,17.6,4,0,1
1455,3,1,3,0.0,17.6,5,0,1
1456,3,1,3,0.0,17.6,5,0,1
1457,3,1,3,0.0,17.6,5,0,1
1458,3,1,3,0.0,17.6,5,0,1
1459,3,1,3,0.0,17.6,5,0,1
1460,3,1,3,0.0,17.6,5,0,1
1461,3,1,1,0.0,0.0,5,0,1
1462,3,1,1,0.0,0.0,5,0,1
1463,3,1,1,0.0,0.0,5,0,1
1464,3,1,1,0.0,0.0,5,0,1
1465,3,1,1,0.0,0.0,5,0,1
1466,3,1,1,0.0,0.0,5,0,1
1467,3,1,1,0.0,0.0,5,0,1
1468,3,1,1,1.3,1.3,3,0,1
1469,3,1,1,0.0,1.3,5,0,1
1470,3,1,1,0.0,1.3,5,0,1
1471,3,1,1,0.0,1.3,5,0,1
1472,3,1,1,0.0,1.3,5,0,1
1473,3,1,1,39.9,41.2,2,0,0
1474,3,1,1,0.0,41.2,5,0,1
1475,3,1,1,0.0,41.2,5,0,1
1476,3,1,1,0.0,41.2,5,0,1
1477,3,1,1,0.0,41.2,5,0,1
1478,3,1,1,0.0,41.2,5,0,1
1479,3,1,1,0.0,41.2,5,0,1
1480,3,1,1,0.0,41.2,5,0,1
1481,3,1,1,0.0,41.2,5,0,1
1482,3,1,1,0.0,41.2,5,0,1
1483,3,1,1,0.0,41.2,5,0,1
1484,3,1,1,0.0,41.2,5,0,1
1485,3,1,1,0.0,41.2,5,0,1
1486,3,1,1,0.0,41.2,5,0,1
1487,3,1,1,0.0,41.2,5,0,1
1488,3,1,1,0.0,41.2,5,0,1
1489,3,1,1,0.0,41.2,5,0,1
1490,3,1,1,0.0,41.2,5,0,1
1491,3,1,1,0.0,41.2,5,0,1
1492,3,1,1,0.0,0.0,5,0,1
1493,3,1,1,2.8,2.8,3,0,1
1494,3,1,1,0.0,2.8,5,0,1
1495,3,1,1,0.0,2.8,5,0,1
1496,3,1,1,0.0,2.8,5,0,1
1497,3,1,1,0.0,2.8,5,0,1
1498,3,1,1,0.0,2.8,5,0,1
1499,3,1,1,0.0,2.8,5,0,1
1500,3,1,1,2.5,5.3,3,0,1
1501,3,1,1,0.0,5.3,5,0,1
1502,3,1,1,5.5,10.8,3,0,1
1503,3,1,1,0.0,10.8,5,0,1
1504,3,1,1,0.0,10.8,5,0,1
1505,3,1,1,0.0,10.8,5,0,1
1506,3,1,1,0.0,10.8,5,0,1
1507,3,1,1,0.0,10.8,5,0,1
1508,3,1,1,12.5,23.3,4,0,1
1509,3,1,1,0.0,23.3,5,0,1
1510,3,1,1,0.0,23.3,5,0,1
1511,3,1,1,0.0,23.3,5,0,1
1512,3,1,1,0.0,23.3,5,0,1
1513,3,1,1,0.0,23.3,5,0,1
1514,3,1,1,0.0,23.3,5,0,1
1515,3,1,1,0.0,23.3,5,0,1
1516,3,1,1,0.0,23.3,5,0,1
1517,3,1,1,0.0,23.3,5,0,1
1518,3,1,1,0.0,23.3,5,0,1
1519,3,1,1,0.0,23.3,5,0,1
1520,3,1,1,0.0,23.3,5,0,1
1521,3,1,1,0.0,0.0,5,0,1
1522,3,1,1,12.3,12.3,4,0,1
1523,3,1,1,0.0,12.3,5,0,1
1524,3,1,1,9.2,21.5,4,0,1
1525,3,1,1,0.0,21.5,5,0,1
1526,3,1,1,0.0,21.5,5,0,1
1527,3,1,1,0.0,21.5,5,0,1
1528,3,1,1,0.0,21.5,5,0,1
1529,3,1,1,0.0,21.5,5,0,1
1530,3,1,1,0.0,21.5,5,0,1
1531,3,1,1,0.0,21.5,5,0,1
1532,3,1,1,0.0,21.5,5,0,1
1533,3,1,1,19.1,40.6,4,0,2
1534,3,1,1,0.0,40.6,5,0,1
1535,3,1,1,0.0,40.6,5,0,1
1536,3,1,1,0.0,40.6,5,0,1
1537,3,1,1,0.0,40.6,5,0,1
1538,3,1,1,0.2,40.8,3,0,1
1539,3,1,1,0.0,40.8,5,0,1
1540,3,1,1,0.0,40.8,5,0,1
1541,3,1,1,0.0,40.8,5,0,1
1542,3,1,1,0.0,40.8,5,0,1
1543,3,1,1,0.0,40.8,5,0,1
1544,3,1,1,0.0,40.8,5,0,1
1545,3,1,1,0.0,40.8,5,0,1
1546,3,1,1,0.0,40.8,5,0,1
1547,3,1,1,0.0,40.8,5,0,1
1548,3,1,1,28.8,69.6,4,0,2
1549,3,1,1,8.1,77.7,4,0,1
1550,3,1,1,0.0,77.7,5,0,1
1551,3,1,1,11.7,89.4,4,0,1
1552,3,1,1,9.6,9.6,4,0,1
1553,3,1,1,0.0,9.6,5,0,1
1554,3,1,1,0.0,9.6,5,0,1
1555,3,1,1,0.0,9.6,5,0,1
1556,3,1,1,0.0,9.6,5,0,1
1557,3,1,1,0.0,9.6,5,0,1
1558,3,1,1,0.0,9.6,5,0,1
1559,3,1,1,0.0,9.6,5,0,1
1560,3,1,1,0.0,9.6,5,0,1
1561,3,1,1,28.1,37.7,4,0,2
1562,3,1,1,0.0,37.7,5,0,1
1563,3,1,1,3.1,40.8,3,0,1
1564,3,1,1,0.0,40.8,5,0,1
1565,3,1,1,0.0,40.8,5,0,1
1566,3,1,1,0.0,40.8,5,0,1
1567,3,1,1,0.0,40.8,5,0,1
1568,3,1,1,0.0,40.8,5,0,1
1569,3,1,1,0.0,40.8,5,0,1
1570,3,1,1,0.0,40.8,5,0,1
1571,3,1,1,0.0,40.8,5,0,1
1572,3,1,1,0.0,40.8,5,0,1
1573,3,1,1,0.0,40.8,5,0,1
1574,3,1,1,5.7,46.5,3,0,1
1575,3,1,1,14.1,60.6,4,0,1
1576,3,1,1,0.0,60.6,5,0,1
1577,3,1,1,0.0,60.6,5,0,1
1578,3,1,1,0.0,60.6,5,0,1
1579,3,1,1,18.5,79.1,4,0,2
1580,3,1,1,0.0,79.1,5,0,1
1581,3,1,1,1.5,80.6,3,0,1
1582,3,1,1,0.0,0.0,5,0,1
1583,3,1,1,0.0,0.0,5,0,1
1584,3,1,1,5.8,5.8,3,0,1
1585,3,1,1,0.0,5.8,5,0,1
1586,3,1,1,0.0,5.8,5,0,1
1587,3,1,1,13.4,19.2,4,0,1
1588,3,1,1,12.3,31.5,4,0,1
1589,3,1,1,4.9,36.4,3,0,1
1590,3,1,1,0.2,36.6,3,0,1
1591,3,1,1,3.0,39.6,3,0,1
1592,3,1,1,0.0,39.6,5,0,1
1593,3,1,1,32.0,71.6,4,0,2
1594,3,1,1,7.9,79.5,4,0,1
1595,3,1,1,3.8,83.3,3,0,1
1596,3,1,1,0.0,83.3,5,0,1
1597,3,1,1,0.0,83.3,5,0,1
1598,3,1,1,6.4,89.7,3,0,1
1599,3,1,1,2.0,91.7,3,0,1
1600,3,1,1,3.0,94.7,3,0,1
1601,3,1,1,10.3,105.0,4,0,1
1602,3,1,1,1.6,106.6,3,0,1
1603,3,1,1,6.2,112.8,3,0,1
1604,3,1,1,6.6,119.4,3,0,1
1605,3,1,1,9.2,128.6,4,0,1
1606,3,1,1,1.0,129.6,3,0,1
1607,3,1,1,0.0,129.6,5,0,1
1608,3,1,1,0.0,129.6,5,0,1
1609,3,1,1,0.0,129.6,5,0,1
1610,3,1,1,9.8,139.4,4,0,1
1611,3,1,1,0.0,139.4,5,0,1
1612,3,1,1,5.9,145.3,3,0,1
1613,3,1,1,85.8,85.8,6,1,0
1614,3,1,1,3.6,89.4,3,0,1
1615,3,1,1,8.2,97.6,4,0,1
1616,3,1,1,5.3,102.9,3,0,1
1617,3,1,1,31.4,134.3,4,0,2
1618,3,1,1,0.0,134.3,5,0,1
1619,3,1,1,7.4,141.7,3,0,1
1620,3,1,1,54.1,195.8,2,0,0
1621,3,1,1,8.8,204.6,4,0,1
1622,3,1,1,55.5,260.1,2,0,0
1623,3,1,1,69.0,329.1,6,1,0
1624,3,1,1,2.9,332.0,3,0,1
1625,3,1,1,36.6,368.6,2,0,0
1626,3,1,1,11.1,379.7,4,0,1
1627,3,1,1,19.0,398.7,4,0,2
1628,3,1,1,6.4,405.1,3,0,1
1629,3,1,1,19.8,424.9,4,0,2
1630,3,1,1,29.8,454.7,4,0,2
1631,3,1,1,27.4,482.1,4,0,2
1632,3,1,1,30.9,513.0,4,0,2
1633,3,1,1,8.7,521.7,4,0,1
1634,3,1,1,116.4,638.1,1,2,0
1635,3,1,1,42.7,680.8,2,0,0
1636,3,1,1,73.7,754.5,6,1,0
1637,3,1,1,26.7,781.2,4,0,2
1638,3,1,1,77.7,858.9,6,1,0
1639,3,1,1,17.0,875.9,4,0,2
1640,3,1,1,10.0,885.9,4,0,1
1641,3,1,1,95.1,981.0,6,1,0
1642,3,1,1,20.2,1001.2,4,0,2
1643,3,1,1,7.9,7.9,4,0,1
1644,3,1,1,7.9,15.8,4,0,1
1645,3,1,1,42.9,58.7,2,0,0
1646,3,1,1,118.0,176.7,1,2,0
1647,3,1,1,138.5,315.2,1,2,0
1648,3,1,1,39.9,355.1,2,0,0
1649,3,1,1,67.3,422.4,6,1,0
1650,3,1,1,18.5,440.9,4,0,2
1651,3,1,1,44.7,485.6,2,0,0
1652,3,1,1,59.1,544.7,2,0,0
1653,3,1,1,5.9,550.6,3,0,1
1654,3,1,1,5.3,555.9,3,0,1
1655,3,1,1,35.4,591.3,4,0,0
1656,3,1,1,101.9,693.2,6,1,0
1657,3,1,1,1.0,694.2,3,0,1
1658,3,1,1,10.5,704.7,4,0,1
1659,3,1,1,5.4,710.1,3,0,1
1660,3,1,1,3.8,713.9,3,0,1
1661,3,1,1,55.3,769.2,2,0,0
1662,3,1,1,13.3,782.5,4,0,1
1663,3,1,1,9.7,792.2,4,0,1
1664,3,1,1,23.4,815.6,4,0,2
1665,3,1,1,22.4,838.0,4,0,2
1666,3,1,1,50.6,888.6,2,0,0
1667,3,1,1,6.0,894.6,3,0,1
1668,3,1,1,43.1,937.7,2,0,0
1669,3,1,1,40.6,978.3,2,0,0
1670,3,1,1,134.4,1112.7,1,2,0
1671,3,1,1,18.7,1131.4,4,0,2
1672,3,1,1,3.3,1134.7,3,0,1
1673,3,1,1,58.1,1192.8,2,0,0
1674,3,1,1,9.0,9.0,4,0,1
1675,3,1,1,15.6,24.6,4,0,2
1676,3,1,1,101.7,126.3,6,1,0
1677,3,1,1,1.1,127.4,3,0,1
1678,3,1,1,29.2,156.6,4,0,2
1679,3,1,1,2.6,159.2,3,0,1
1680,3,1,1,21.3,180.5,4,0,2
1681,3,1,1,19.8,200.3,4,0,2
1682,3,1,1,0.6,200.9,3,0,1
1683,3,1,1,9.1,210.0,4,0,1
1684,3,1,1,8.1,218.1,4,0,1
1685,3,1,1,20.0,238.1,4,0,2
1686,3,1,1,3.8,241.9,3,0,1
1687,3,1,1,2.5,244.4,3,0,1
1688,3,1,1,124.4,368.8,1,2,0
1689,3,1,1,9.2,378.0,4,0,1
1690,3,1,1,7.0,385.0,3,0,1
1691,3,1,1,7.9,392.9,4,0,1
1692,3,1,1,0.8,393.7,3,0,1
1693,3,1,1,3.2,396.9,3,0,1
1694,3,1,1,8.0,404.9,4,0,1
1695,3,1,1,0.0,404.9,5,0,1
1696,3,1,1,39.6,444.5,2,0,0
1697,3,1,1,99.8,544.3,6,1,0
1698,3,1,1,16.9,561.2,4,0,2
1699,3,1,1,85.3,646.5,6,1,0
1700,3,1,1,10.5,657.0,4,0,1
1701,3,1,1,12.2,669.2,4,0,1
1702,3,1,1,1.1,670.3,3,0,1
1703,3,1,1,92.8,763.1,6,1,0
1704,3,1,1,17.6,780.7,4,0,2
1705,3,1,1,5.3,5.3,3,0,1
1706,3,1,1,50.8,56.1,2,0,0
1707,3,1,1,128.3,184.4,1,2,0
1708,3,1,1,0.3,184.7,3,0,1
1709,3,1,1,69.6,254.3,6,1,0
1710,3,1,1,20.0,274.3,4,0,2
1711,3,1,1,0.0,274.3,5,0,1
1712,3,1,1,58.9,333.2,2,0,0
1713,3,1,1,20.6,353.8,4,0,2
1714,3,1,1,15.6,369.4,4,0,2
1715,3,1,1,100.8,470.2,6,1,0
1716,3,1,1,76.2,546.4,6,1,0
1717,3,1,1,33.7,580.1,4,0,2
1718,3,1,1,172.3,752.4,1,2,0
1719,3,1,1,41.2,793.6,2,0,0
1720,3,1,1,3.6,797.2,3,0,1
1721,3,1,1,19.9,817.1,4,0,2
1722,3,1,1,27.2,844.3,4,0,2
1723,3,1,1,8.5,852.8,4,0,1
1724,3,1,1,71.7,924.5,6,1,0
1725,3,1,1,39.1,963.6,2,0,0
1726,3,1,1,45.9,1009.5,2,0,0
1727,3,1,1,102.7,1112.2,6,1,0
1728,3,1,1,86.2,1198.4,6,1,0
1729,3,1,1,13.5,1211.9,4,0,1
1730,3,1,1,119.5,1331.4,1,2,0
1731,3,1,1,14.5,1345.9,4,0,1
1732,3,1,1,5.9,1351.8,3,0,1
1733,3,1,1,52.5,1404.3,2,0,0
1734,3,1,1,19.9,1424.2,4,0,2
1735,3,1,1,32.7,32.7,4,0,2
1736,3,1,1,3.3,36.0,3,0,1
1737,3,1,1,7.7,43.7,4,0,1
1738,3,1,1,30.3,74.0,4,0,2
1739,3,1,1,1.0,75.0,3,0,1
1740,3,1,1,15.5,90.5,4,0,2
1741,3,1,1,7.4,97.9,3,0,1
1742,3,1,1,5.0,102.9,3,0,1
1743,3,1,1,4.4,107.3,3,0,1
1744,3,1,1,4.7,112.0,3,0,1
1745,3,1,1,0.0,112.0,5,0,1
1746,3,1,1,8.4,120.4,4,0,1
1747,3,1,1,0.0,120.4,5,0,1
1748,3,1,1,0.1,120.5,3,0,1
1749,3,1,1,11.2,131.7,4,0,1
1750,3,1,1,0.3,132.0,3,0,1
1751,3,1,1,10.2,142.2,4,0,1
1752,3,1,1,21.7,163.9,4,0,2
1753,3,1,1,59.6,223.5,2,0,0
1754,3,1,1,6.6,230.1,3,0,1
1755,3,1,1,0.0,230.1,5,0,1
1756,3,1,1,0.8,230.9,3,0,1
1757,3,1,1,0.8,231.7,3,0,1
1758,3,1,1,38.3,270.0,2,0,0
1759,3,1,1,2.6,272.6,3,0,1
1760,3,1,1,9.3,281.9,4,0,1
1761,3,1,1,14.7,296.6,4,0,1
1762,3,1,1,13.0,309.6,4,0,1
1763,3,1,1,11.6,321.2,4,0,1
1764,3,1,1,25.0,346.2,4,0,2
1765,3,1,1,16.0,362.2,4,0,2
1766,3,1,1,0.0,0.0,5,0,1
1767,3,1,1,14.2,14.2,4,0,1
1768,3,1,1,6.4,20.6,3,0,1
1769,3,1,1,0.0,20.6,5,0,1
1770,3,1,1,0.0,20.6,5,0,1
1771,3,1,1,0.0,20.6,5,0,1
1772,3,1,1,15.5,36.1,4,0,2
1773,3,1,1,0.0,36.1,5,0,1
1774,3,1,1,0.0,36.1,5,0,1
1775,3,1,1,0.0,36.1,5,0,1
1776,3,1,1,1.0,37.1,3,0,1
1777,3,1,1,5.2,42.3,3,0,1
1778,3,1,1,0.0,42.3,5,0,1
1779,3,1,1,1.5,43.8,3,0,1
1780,3,1,1,16.0,59.8,4,0,2
1781,3,1,1,0.0,59.8,5,0,1
1782,3,1,1,0.0,59.8,5,0,1
1783,3,1,1,15.6,75.4,4,0,2
1784,3,1,1,3.6,79.0,3,0,1
1785,3,1,1,0.0,79.0,5,0,1
1786,3,1,1,0.0,79.0,5,0,1
1787,3,1,1,0.0,79.0,5,0,1
1788,3,1,1,22.4,101.4,4,0,2
1789,3,1,1,0.0,101.4,5,0,1
1790,3,1,1,3.5,104.9,3,0,1
1791,3,1,1,3.4,108.3,3,0,1
1792,3,1,1,0.0,108.3,5,0,1
1793,3,1,1,0.0,108.3,5,0,1
1794,3,1,1,1.9,110.2,3,0,1
1795,3,1,1,0.0,110.2,5,0,1
1796,3,1,1,0.0,0.0,5,0,1
1797,3,1,1,0.0,0.0,5,0,1
1798,3,1,1,0.0,0.0,5,0,1
1799,3,1,1,0.0,0.0,5,0,1
1800,3,1,1,0.0,0.0,5,0,1
1801,3,1,1,0.0,0.0,5,0,1
1802,3,1,1,1.9,1.9,3,0,1
1803,3,1,1,4.0,5.9,3,0,1
1804,3,1,1,0.0,5.9,5,0,1
1805,3,1,1,4.6,10.5,3,0,1
1806,3,1,1,0.0,10.5,5,0,1
1807,3,1,1,0.0,10.5,5,0,1
1808,3,1,1,0.0,10.5,5,0,1
1809,3,1,1,0.0,10.5,5,0,1
1810,3,1,1,0.0,10.5,5,0,1
1811,3,1,1,0.0,10.5,5,0,1
1812,3,1,1,0.0,10.5,5,0,1
1813,3,1,1,0.0,10.5,5,0,1
1814,3,1,1,0.0,10.5,5,0,1
1815,3,1,1,0.0,10.5,5,0,1
1816,3,1,1,0.0,10.5,5,0,1
1817,3,1,1,0.0,10.5,5,0,1
1818,3,1,1,0.7,11.2,3,0,1
1819,3,1,1,0.0,11.2,5,0,1
1820,3,1,1,0.0,11.2,5,0,1
1821,3,1,1,0.0,11.2,5,0,1
1822,3,1,1,0.0,11.2,5,0,1
1823,3,1,1,0.0,11.2,5,0,1
1824,3,1,1,20.9,32.1,4,0,2
1825,3,1,1,0.0,32.1,5,0,1
1826,3,1,1,0.0,32.1,5,0,1
0,11,1,3,0.0,0.0,5,0,1
1,11,1,3,0.0,0.0,5,0,1
2,11,1,3,0.0,0.0,5,0,1
3,11,1,3,0.0,0.0,5,0,1
4,11,1,3,0.0,0.0,5,0,1
5,11,1,3,0.0,0.0,5,0,1
6,11,1,3,0.0,0.0,5,0,1
7,11,1,3,0.0,0.0,5,0,1
8,11,1,3,0.0,0.0,5,0,1
9,11,1,3,0.0,0.0,5,0,1
10,11,1,3,1.4,1.4,3,0,1
11,11,1,3,0.0,1.4,5,0,1
12,11,1,3,0.0,1.4,5,0,1
13,11,1,3,0.0,1.4,5,0,1
14,11,1,3,4.5,5.9,3,0,1
15,11,1,3,0.0,5.9,5,0,1
16,11,1,3,0.0,5.9,5,0,1
17,11,1,3,0.0,5.9,5,0,1
18,11,1,3,0.0,5.9,5,0,1
19,11,1,3,0.0,5.9,5,0,1
20,11,1,3,0.0,5.9,5,0,1
21,11,1,3,0.0,5.9,5,0,1
22,11,1,3,0.0,5.9,5,0,1
23,11,1,3,0.0,5.9,5,0,1
24,11,1,3,7.4,13.3,3,0,1
25,11,1,3,0.0,13.3,5,0,1
26,11,1,3,0.0,13.3,5,0,1
27,11,1,3,0.0,13.3,5,0,1
28,11,1,3,0.0,13.3,5,0,1
29,11,1,3,5.6,18.9,3,0,1
30,11,1,3,0.0,18.9,5,0,1
31,11,1,3,0.1,0.1,3,0,1
32,11,1,3,0.0,0.1,5,0,1
33,11,1,3,0.0,0.1,5,0,1
34,11,1,3,0.0,0.1,5,0,1
35,11,1,3,0.0,0.1,5,0,1
36,11,1,3,0.0,0.1,5,0,1
37,11,1,3,0.0,0.1,5,0,1
38,11,1,3,0.0,0.1,5,0,1
39,11,1,3,2.9,3.0,3,0,1
40,11,1,3,0.0,3.0,5,0,1
41,11,1,3,0.0,3.0,5,0,1
42,11,1,3,0.0,3.0,5,0,1
43,11,1,3,0.0,3.0,5,0,1
44,11,1,3,0.0,3.0,5,0,1
45,11,1,3,0.0,3.0,5,0,1
46,11,1,3,0.0,3.0,5,0,1
47,11,1,3,0.0,3.0,5,0,1
48,11,1,3,0.0,3.0,5,0,1
49,11,1,3,0.0,3.0,5,0,1
50,11,1,3,4.8,7.8,3,0,1
51,11,1,3,0.0,7.8,5,0,1
52,11,1,3,0.0,7.8,5,0,1
53,11,1,3,0.0,7.8,5,0,1
54,11,1,3,1.4,9.2,3,0,1
55,11,1,3,0.0,9.2,5,0,1
56,11,1,3,0.0,9.2,5,0,1
57,11,1,3,0.4,9.6,3,0,1
58,11,1,3,0.0,9.6,5,0,1
59,11,1,3,0.0,9.6,5,0,1
60,11,1,3,0.0,0.0,5,0,1
61,11,1,3,0.0,0.0,5,0,1
62,11,1,3,0.0,0.0,5,0,1
63,11,1,3,0.0,0.0,5,0,1
64,11,1,3,5.7,5.7,3,0,1
65,11,1,3,0.0,5.7,5,0,1
66,11,1,3,0.0,5.7,5,0,1
67,11,1,3,0.0,5.7,5,0,1
68,11,1,3,0.0,5.7,5,0,1
69,11,1,3,0.0,5.7,5,0,1
70,11,1,3,0.0,5.7,5,0,1
71,11,1,3,0.0,5.7,5,0,1
72,11,1,3,0.0,5.7,5,0,1
73,11,1,3,0.0,5.7,5,0,1
74,11,1,3,0.0,5.7,5,0,1
75,11,1,3,0.0,5.7,5,0,1
76,11,1,3,0.0,5.7,5,0,1
77,11,1,3,2.0,7.7,3,0,1
78,11,1,3,0.0,7.7,5,0,1
79,11,1,3,0.0,7.7,5,0,1
80,11,1,3,0.0,7.7,5,0,1
81,11,1,3,0.0,7.7,5,0,1
82,11,1,3,2.6,10.3,3,0,1
83,11,1,3,0.0,10.3,5,0,1
84,11,1,3,0.0,10.3,5,0,1
85,11,1,3,0.0,10.3,5,0,1
86,11,1,3,0.0,10.3,5,0,1
87,11,1,3,0.0,10.3,5,0,1
88,11,1,3,0.0,10.3,5,0,1
89,11,1,3,0.0,10.3,5,0,1
90,11,1,3,0.0,10.3,5,0,1
91,11,1,3,3.4,3.4,3,0,1
92,11,1,3,0.0,3.4,5,0,1
93,11,1,3,0.0,3.4,5,0,1
94,11,1,3,0.0,3.4,5,0,1
95,11,1,3,3.4,6.8,3,0,1
96,11,1,3,0.0,6.8,5,0,1
97,11,1,3,0.0,6.8,5,0,1
98,11,1,3,0.0,6.8,5,0,1
99,11,1,3,0.0,6.8,5,0,1
100,11,1,3,0.0,6.8,5,0,1
101,11,1,3,2.3,9.1,3,0,1
102,11,1,3,0.0,9.1,5,0,1
103,11,1,3,0.0,9.1,5,0,1
104,11,1,3,0.0,9.1,5,0,1
105,11,1,3,0.0,9.1,5,0,1
106,11,1,3,0.0,9.1,5,0,1
107,11,1,3,0.0,9.1,5,0,1
108,11,1,3,0.0,9.1,5,0,1
109,11,1,3,0.0,9.1,5,0,1
110,11,1,3,0.0,9.1,5,0,1
111,11,1,3,7.9,17.0,4,0,1
112,11,1,3,0.0,17.0,5,0,1
113,11,1,3,0.0,17.0,5,0,1
114,11,1,3,0.0,17.0,5,0,1
115,11,1,3,0.0,17.0,5,0,1
116,11,1,3,0.0,17.0,5,0,1
117,11,1,3,4.9,21.9,3,0,1
118,11,1,3,0.0,21.9,5,0,1
119,11,1,3,0.0,21.9,5,0,1
120,11,1,3,5.4,27.3,3,0,1
121,11,1,3,0.0,0.0,5,0,1
122,11,1,3,0.0,0.0,5,0,1
123,11,1,3,0.0,0.0,5,0,1
124,11,1,3,0.0,0.0,5,0,1
125,11,1,3,0.0,0.0,5,0,1
126,11,1,3,11.7,11.7,4,0,1
127,11,1,3,7.9,19.6,4,0,1
128,11,1,3,1.1,20.7,3,0,1
129,11,1,3,2.3,23.0,3,0,1
130,11,1,3,0.0,23.0,5,0,1
131,11,1,3,12.0,35.0,4,0,1
132,11,1,3,0.0,35.0,5,0,1
133,11,1,3,0.0,35.0,5,0,1
134,11,1,3,1.8,36.8,3,0,1
135,11,1,3,0.0,36.8,5,0,1
136,11,1,3,0.0,36.8,5,0,1
137,11,1,3,0.3,37.1,3,0,1
138,11,1,3,0.0,37.1,5,0,1
139,11,1,3,0.0,37.1,5,0,1
140,11,1,3,0.0,37.1,5,0,1
141,11,1,3,0.0,37.1,5,0,1
142,11,1,3,0.0,37.1,5,0,1
143,11,1,3,0.0,37.1,5,0,1
144,11,1,3,0.0,37.1,5,0,1
145,11,1,3,0.0,37.1,5,0,1
146,11,1,3,0.0,37.1,5,0,1
147,11,1,3,0.0,37.1,5,0,1
148,11,1,3,0.0,37.1,5,0,1
149,11,1,3,0.0,37.1,5,0,1
150,11,1,3,0.0,37.1,5,0,1
151,11,1,3,39.0,76.1,2,0,0
152,11,1,3,0.0,0.0,5,0,1
153,11,1,3,20.7,20.7,4,0,2
154,11,1,3,0.0,20.7,5,0,1
155,11,1,3,7.4,28.1,3,0,1
156,11,1,3,0.0,28.1,5,0,1
157,11,1,3,31.3,59.4,4,0,2
158,11,1,3,4.7,64.1,3,0,1
159,11,1,3,42.9,107.0,2,0,0
160,11,1,3,2.2,109.2,3,0,1
161,11,1,3,16.7,125.9,4,0,2
162,11,1,3,4.2,130.1,3,0,1
163,11,1,3,49.9,180.0,2,0,0
164,11,1,3,3.5,183.5,3,0,1
165,11,1,3,12.5,196.0,4,0,1
166,11,1,3,65.8,261.8,6,1,0
167,11,1,3,13.3,275.1,4,0,1
168,11,1,3,12.8,287.9,4,0,1
169,11,1,3,28.2,316.1,4,0,2
170,11,1,3,18.5,334.6,4,0,2
171,11,1,3,23.9,358.5,4,0,2
172,11,1,3,11.6,370.1,4,0,1
173,11,1,3,0.0,370.1,5,0,1
174,11,1,3,18.9,389.0,4,0,2
175,11,1,3,19.6,408.6,4,0,2
176,11,1,3,0.0,408.6,5,0,1
177,11,1,3,18.1,426.7,4,0,2
178,11,1,3,14.1,440.8,4,0,1
179,11,1,3,10.2,451.0,4,0,1
180,11,1,3,3.1,454.1,3,0,1
181,11,1,3,8.4,462.5,4,0,1
182,11,1,3,28.7,28.7,4,0,2
183,11,1,3,70.8,99.5,6,1,0
184,11,1,3,55.2,154.7,2,0,0
185,11,1,3,17.9,172.6,4,0,2
186,11,1,3,3.7,176.3,3,0,1
187,11,1,3,43.5,219.8,2,0,0
188,11,1,3,12.6,232.4,4,0,1
189,11,1,3,17.2,249.6,4,0,2
190,11,1,3,0.4,250.0,3,0,1
191,11,1,3,0.0,250.0,5,0,1
192,11,1,3,51.9,301.9,2,0,0
193,11,1,3,6.2,308.1,3,0,1
194,11,1,3,54.0,362.1,2,0,0
195,11,1,3,22.0,384.1,4,0,2
196,11,1,3,0.0,384.1,5,0,1
197,11,1,3,2.0,386.1,3,0,1
198,11,1,3,37.2,423.3,2,0,0
199,11,1,3,0.0,423.3,5,0,1
200,11,1,3,57.2,480.5,2,0,0
201,11,1,3,11.9,492.4,4,0,1
202,11,1,3,35.5,527.9,2,0,0
203,11,1,3,11.1,539.0,4,0,1
204,11,1,3,14.2,553.2,4,0,1
205,11,1,3,2.7,555.9,3,0,1
206,11,1,3,18.3,574.2,4,0,2
207,11,1,3,0.0,574.2,5,0,1
208,11,1,3,5.0,579.2,3,0,1
209,11,1,3,6.7,585.9,3,0,1
210,11,1,3,6.7,592.6,3,0,1
211,11,1,3,73.5,666.1,6,1,0
212,11,1,3,0.0,666.1,5,0,1
213,11,1,3,25.3,25.3,4,0,2
214,11,1,3,37.0,62.3,2,0,0
215,11,1,3,18.9,81.2,4,0,2
216,11,1,3,3.0,84.2,3,0,1
217,11,1,3,0.0,84.2,5,0,1
218,11,1,3,21.6,105.8,4,0,2
219,11,1,3,25.4,131.2,4,0,2
220,11,1,3,6.8,138.0,3,0,1
221,11,1,3,12.6,150.6,4,0,1
222,11,1,3,9.3,159.9,4,0,1
223,11,1,3,22.8,182.7,4,0,2
224,11,1,3,0.3,183.0,3,0,1
225,11,1,3,38.3,221.3,2,0,0
226,11,1,3,21.6,242.9,4,0,2
227,11,1,3,0.0,242.9,5,0,1
228,11,1,3,1.0,243.9,3,0,1
229,11,1,3,15.8,259.7,4,0,2
230,11,1,3,3.7,263.4,3,0,1
231,11,1,3,3.6,267.0,3,0,1
232,11,1,3,2.5,269.5,3,0,1
233,11,1,3,0.0,269.5,5,0,1
234,11,1,3,6.3,275.8,3,0,1
235,11,1,3,11.7,287.5,4,0,1
236,11,1,3,0.0,287.5,5,0,1
237,11,1,3,22.4,309.9,4,0,2
238,11,1,3,23.3,333.2,4,0,2
239,11,1,3,27.6,360.8,4,0,2
240,11,1,3,17.2,378.0,4,0,2
241,11,1,3,0.1,378.1,3,0,1
242,11,1,3,0.0,378.1,5,0,1
243,11,1,3,8.7,386.8,4,0,1
244,11,1,3,0.0,0.0,5,0,1
245,11,1,3,18.2,18.2,4,0,2
246,11,1,3,11.0,29.2,4,0,1
247,11,1,3,42.6,71.8,2,0,0
248,11,1,3,1.2,73.0,3,0,1
249,11,1,3,56.1,129.1,2,0,0
250,11,1,3,30.2,159.3,4,0,2
251,11,1,3,0.0,159.3,5,0,1
252,11,1,3,0.0,159.3,5,0,1
253,11,1,3,8.0,167.3,4,0,1
254,11,1,3,29.8,197.1,4,0,2
255,11,1,3,16.7,213.8,4,0,2
256,11,1,3,7.1,220.9,3,0,1
257,11,1,3,0.0,220.9,5,0,1
258,11,1,3,0.0,220.9,5,0,1
259,11,1,3,20.1,241.0,4,0,2
260,11,1,3,2.7,243.7,3,0,1
261,11,1,3,21.2,264.9,4,0,2
262,11,1,3,13.3,278.2,4,0,1
263,11,1,3,2.2,280.4,3,0,1
264,11,1,3,35.4,315.8,4,0,0
265,11,1,3,83.3,399.1,6,1,0
266,11,1,3,6.6,405.7,3,0,1
267,11,1,3,10.6,416.3,4,0,1
268,11,1,3,45.0,461.3,2,0,0
269,11,1,3,7.2,468.5,3,0,1
270,11,1,3,4.5,473.0,3,0,1
271,11,1,3,0.0,473.0,5,0,1
272,11,1,3,32.3,505.3,4,0,2
273,11,1,3,6.9,512.2,3,0,1
274,11,1,3,5.5,5.5,3,0,1
275,11,1,3,0.5,6.0,3,0,1
276,11,1,3,20.0,26.0,4,0,2
277,11,1,3,9.6,35.6,4,0,1
278,11,1,3,0.3,35.9,3,0,1
279,11,1,3,2.0,37.9,3,0,1
280,11,1,3,0.0,37.9,5,0,1
281,11,1,3,0.0,37.9,5,0,1
282,11,1,3,2.9,40.8,3,0,1
283,11,1,3,0.0,40.8,5,0,1
284,11,1,3,1.2,42.0,3,0,1
285,11,1,3,0.0,42.0,5,0,1
286,11,1,3,7.2,49.2,3,0,1
287,11,1,3,2.5,51.7,3,0,1
288,11,1,3,1.3,53.0,3,0,1
289,11,1,3,0.8,53.8,3,0,1
290,11,1,3,9.8,63.6,4,0,1
291,11,1,3,1.6,65.2,3,0,1
292,11,1,3,1.9,67.1,3,0,1
293,11,1,3,5.1,72.2,3,0,1
294,11,1,3,0.0,72.2,5,0,1
295,11,1,3,2.7,74.9,3,0,1
296,11,1,3,7.1,82.0,3,0,1
297,11,1,3,5.0,87.0,3,0,1
298,11,1,3,1.2,88.2,3,0,1
299,11,1,3,19.1,107.3,4,0,2
300,11,1,3,25.0,132.3,4,0,2
301,11,1,3,2.0,134.3,3,0,1
302,11,1,3,0.0,134.3,5,0,1
303,11,1,3,0.1,134.4,3,0,1
304,11,1,3,2.1,136.5,3,0,1
305,11,1,3,0.0,0.0,5,0,1
306,11,1,3,0.0,0.0,5,0,1
307,11,1,3,0.0,0.0,5,0,1
308,11,1,3,0.0,0.0,5,0,1
309,11,1,3,0.0,0.0,5,0,1
310,11,1,3,0.0,0.0,5,0,1
311,11,1,3,0.2,0.2,3,0,1
312,11,1,3,0.0,0.2,5,0,1
313,11,1,3,0.0,0.2,5,0,1
314,11,1,3,2.6,2.8,3,0,1
315,11,1,3,4.3,7.1,3,0,1
316,11,1,3,0.0,7.1,5,0,1
317,11,1,3,0.0,7.1,5,0,1
318,11,1,3,0.0,7.1,5,0,1
319,11,1,3,0.0,7.1,5,0,1
320,11,1,3,0.0,7.1,5,0,1
321,11,1,3,25.2,32.3,4,0,2
322,11,1,3,0.0,32.3,5,0,1
323,11,1,3,0.0,32.3,5,0,1
324,11,1,3,1.1,33.4,3,0,1
325,11,1,3,11.5,44.9,4,0,1
326,11,1,3,0.0,44.9,5,0,1
327,11,1,3,0.0,44.9,5,0,1
328,11,1,3,0.0,44.9,5,0,1
329,11,1,3,0.0,44.9,5,0,1
330,11,1,3,0.0,44.9,5,0,1
331,11,1,3,0.0,44.9,5,0,1
332,11,1,3,0.0,44.9,5,0,1
333,11,1,3,0.5,45.4,3,0,1
334,11,1,3,5.2,50.6,3,0,1
335,11,1,3,0.0,0.0,5,0,1
336,11,1,3,0.0,0.0,5,0,1
337,11,1,3,0.0,0.0,5,0,1
338,11,1,3,0.0,0.0,5,0,1
339,11,1,3,0.0,0.0,5,0,1
340,11,1,3,0.0,0.0,5,0,1
341,11,1,3,5.2,5.2,3,0,1
342,11,1,3,0.0,5.2,5,0,1
343,11,1,3,2.2,7.4,3,0,1
344,11,1,3,0.0,7.4,5,0,1
345,11,1,3,0.0,7.4,5,0,1
346,11,1,3,0.0,7.4,5,0,1
347,11,1,3,0.0,7.4,5,0,1
348,11,1,3,0.0,7.4,5,0,1
349,11,1,3,0.0,7.4,5,0,1
350,11,1,3,0.0,7.4,5,0,1
351,11,1,3,2.4,9.8,3,0,1
352,11,1,3,0.0,9.8,5,0,1
353,11,1,3,0.0,9.8,5,0,1
354,11,1,3,0.0,9.8,5,0,1
355,11,1,3,0.0,9.8,5,0,1
356,11,1,3,0.0,9.8,5,0,1
357,11,1,3,0.0,9.8,5,0,1
358,11,1,3,0.0,9.8,5,0,1
359,11,1,3,0.0,9.8,5,0,1
360,11,1,3,0.0,9.8,5,0,1
361,11,1,3,0.0,9.8,5,0,1
362,11,1,3,0.0,9.8,5,0,1
363,11,1,3,0.0,9.8,5,0,1
364,11,1,3,0.0,9.8,5,0,1
365,11,1,3,0.0,9.8,5,0,1
366,11,1,2,0.0,0.0,5,0,1
367,11,1,2,0.0,0.0,5,0,1
368,11,1,2,3.9,3.9,3,0,1
369,11,1,2,0.0,3.9,5,0,1
370,11,1,2,10.3,14.2,4,0,1
371,11,1,2,0.0,14.2,5,0,1
372,11,1,2,0.0,14.2,5,0,1
373,11,1,2,0.0,14.2,5,0,1
374,11,1,2,0.0,14.2,5,0,1
375,11,1,2,0.0,14.2,5,0,1
376,11,1,2,0.0,14.2,5,0,1
377,11,1,2,0.0,14.2,5,0,1
378,11,1,2,0.0,14.2,5,0,1
379,11,1,2,0.0,14.2,5,0,1
380,11,1,2,0.0,14.2,5,0,1
381,11,1,2,8.8,23.0,4,0,1
382,11,1,2,0.0,23.0,5,0,1
383,11,1,2,0.0,23.0,5,0,1
384,11,1,2,0.0,23.0,5,0,1
385,11,1,2,0.0,23.0,5,0,1
386,11,1,2,0.0,23.0,5,0,1
387,11,1,2,0.0,23.0,5,0,1
388,11,1,2,0.0,23.0,5,0,1
389,11,1,2,0.0,23.0,5,0,1
390,11,1,2,0.0,23.0,5,0,1
391,11,1,2,0.0,23.0,5,0,1
392,11,1,2,0.0,23.0,5,0,1
393,11,1,2,7.2,30.2,3,0,1
394,11,1,2,0.0,30.2,5,0,1
395,11,1,2,3.4,33.6,3,0,1
396,11,1,2,0.0,33.6,5,0,1
397,11,1,2,0.0,0.0,5,0,1
398,11,1,2,0.0,0.0,5,0,1
399,11,1,2,0.0,0.0,5,0,1
400,11,1,2,0.0,0.0,5,0,1
401,11,1,2,0.0,0.0,5,0,1
402,11,1,2,0.0,0.0,5,0,1
403,11,1,2,0.0,0.0,5,0,1
404,11,1,2,0.0,0.0,5,0,1
405,11,1,2,0.0,0.0,5,0,1
406,11,1,2,0.0,0.0,5,0,1
407,11,1,2,0.0,0.0,5,0,1
408,11,1,2,0.0,0.0,5,0,1
409,11,1,2,0.0,0.0,5,0,1
410,11,1,2,0.0,0.0,5,0,1
411,11,1,2,0.0,0.0,5,0,1
412,11,1,2,0.0,0.0,5,0,1
413,11,1,2,0.0,0.0,5,0,1
414,11,1,2,0.0,0.0,5,0,1
415,11,1,2,0.0,0.0,5,0,1
416,11,1,2,0.0,0.0,5,0,1
417,11,1,2,10.1,10.1,4,0,1
418,11,1,2,0.0,10.1,5,0,1
419,11,1,2,3.9,14.0,3,0,1
420,11,1,2,0.0,14.0,5,0,1
421,11,1,2,0.0,14.0,5,0,1
422,11,1,2,0.0,14.0,5,0,1
423,11,1,2,0.0,14.0,5,0,1
424,11,1,2,0.0,14.0,5,0,1
425,11,1,2,0.0,0.0,5,0,1
426,11,1,2,0.0,0.0,5,0,1
427,11,1,2,0.0,0.0,5,0,1
428,11,1,2,0.0,0.0,5,0,1
429,11,1,2,0.0,0.0,5,0,1
430,11,1,2,0.0,0.0,5,0,1
431,11,1,2,0.0,0.0,5,0,1
432,11,1,2,0.0,0.0,5,0,1
433,11,1,2,0.0,0.0,5,0,1
434,11,1,2,0.0,0.0,5,0,1
435,11,1,2,0.0,0.0,5,0,1
436,11,1,2,0.0,0.0,5,0,1
437,11,1,2,0.0,0.0,5,0,1
438,11,1,2,0.0,0.0,5,0,1
439,11,1,2,0.0,0.0,5,0,1
440,11,1,2,6.4,6.4,3,0,1
441,11,1,2,0.0,6.4,5,0,1
442,11,1,2,15.3,21.7,4,0,2
443,11,1,2,0.0,21.7,5,0,1
444,11,1,2,0.0,21.7,5,0,1
445,11,1,2,0.0,21.7,5,0,1
446,11,1,2,0.0,21.7,5,0,1
447,11,1,2,0.0,21.7,5,0,1
448,11,1,2,0.0,21.7,5,0,1
449,11,1,2,1.9,23.6,3,0,1
450,11,1,2,0.0,23.6,5,0,1
451,11,1,2,0.0,23.6,5,0,1
452,11,1,2,0.0,23.6,5,0,1
453,11,1,2,0.0,23.6,5,0,1
454,11,1,2,0.0,23.6,5,0,1
455,11,1,2,0.0,23.6,5,0,1
456,11,1,2,0.0,0.0,5,0,1
457,11,1,2,0.0,0.0,5,0,1
458,11,1,2,0.0,0.0,5,0,1
459,11,1,2,13.7,13.7,4,0,1
460,11,1,2,5.7,19.4,3,0,1
461,11,1,2,7.5,26.9,4,0,1
462,11,1,2,0.0,26.9,5,0,1
463,11,1,2,0.0,26.9,5,0,1
464,11,1,2,0.0,26.9,5,0,1
465,11,1,2,1.2,28.1,3,0,1
466,11,1,2,0.0,28.1,5,0,1
467,11,1,2,0.0,28.1,5,0,1
468,11,1,2,6.8,34.9,3,0,1
469,11,1,2,0.0,34.9,5,0,1
470,11,1,2,0.0,34.9,5,0,1
471,11,1,2,0.0,34.9,5,0,1
472,11,1,2,16.3,51.2,4,0,2
473,11,1,2,0.0,51.2,5,0,1
474,11,1,2,0.0,51.2,5,0,1
475,11,1,2,0.0,51.2,5,0,1
476,11,1,2,3.8,55.0,3,0,1
477,11,1,2,0.0,55.0,5,0,1
478,11,1,2,0.0,55.0,5,0,1
479,11,1,2,0.0,55.0,5,0,1
480,11,1,2,0.0,55.0,5,0,1
481,11,1,2,0.0,55.0,5,0,1
482,11,1,2,1.8,56.8,3,0,1
483,11,1,2,0.0,56.8,5,0,1
484,11,1,2,5.5,62.3,3,0,1
485,11,1,2,0.0,62.3,5,0,1
486,11,1,2,20.4,20.4,4,0,2
487,11,1,2,16.3,36.7,4,0,2
488,11,1,2,0.0,36.7,5,0,1
489,11,1,2,6.0,42.7,3,0,1
490,11,1,2,0.0,42.7,5,0,1
491,11,1,2,10.7,53.4,4,0,1
492,11,1,2,0.0,53.4,5,0,1
493,11,1,2,0.0,53.4,5,0,1
494,11,1,2,0.0,53.4,5,0,1
495,11,1,2,0.2,53.6,3,0,1
496,11,1,2,6.0,59.6,3,0,1
497,11,1,2,28.9,88.5,4,0,2
498,11,1,2,0.0,88.5,5,0,1
499,11,1,2,14.6,103.1,4,0,1
500,11,1,2,0.0,103.1,5,0,1
501,11,1,2,3.3,106.4,3,0,1
502,11,1,2,10.7,117.1,4,0,1
503,11,1,2,0.0,117.1,5,0,1
504,11,1,2,4.0,121.1,3,0,1
505,11,1,2,6.5,127.6,3,0,1
506,11,1,2,0.0,127.6,5,0,1
507,11,1,2,0.0,127.6,5,0,1
508,11,1,2,0.0,127.6,5,0,1
509,11,1,2,0.0,127.6,5,0,1
510,11,1,2,0.3,127.9,3,0,1
511,11,1,2,18.8,146.7,4,0,2
512,11,1,2,0.0,146.7,5,0,1
513,11,1,2,0.0,146.7,5,0,1
514,11,1,2,0.0,146.7,5,0,1
515,11,1,2,9.4,156.1,4,0,1
516,11,1,2,0.0,156.1,5,0,1
517,11,1,2,0.0,0.0,5,0,1
518,11,1,2,72.5,72.5,6,1,0
519,11,1,2,12.1,84.6,4,0,1
520,11,1,2,6.1,90.7,3,0,1
521,11,1,2,27.2,117.9,4,0,2
522,11,1,2,7.2,125.1,3,0,1
523,11,1,2,2.5,127.6,3,0,1
524,11,1,2,32.7,160.3,4,0,2
525,11,1,2,0.0,160.3,5,0,1
526,11,1,2,20.8,181.1,4,0,2
527,11,1,2,2.0,183.1,3,0,1
528,11,1,2,20.7,203.8,4,0,2
529,11,1,2,10.0,213.8,4,0,1
530,11,1,2,7.0,220.8,3,0,1
531,11,1,2,3.5,224.3,3,0,1
532,11,1,2,0.0,224.3,5,0,1
533,11,1,2,29.0,253.3,4,0,2
534,11,1,2,27.6,280.9,4,0,2
535,11,1,2,122.1,403.0,1,2,0
536,11,1,2,14.8,417.8,4,0,1
537,11,1,2,34.7,452.5,4,0,2
538,11,1,2,1.6,454.1,3,0,1
539,11,1,2,10.6,464.7,4,0,1
540,11,1,2,3.6,468.3,3,0,1
541,11,1,2,27.0,495.3,4,0,2
542,11,1,2,31.6,526.9,4,0,2
543,11,1,2,44.1,571.0,2,0,0
544,11,1,2,37.1,608.1,2,0,0
545,11,1,2,15.9,624.0,4,0,2
546,11,1,2,24.1,648.1,4,0,2
547,11,1,2,15.3,15.3,4,0,2
548,11,1,2,34.2,49.5,4,0,2
549,11,1,2,1.4,50.9,3,0,1
550,11,1,2,2.0,52.9,3,0,1
551,11,1,2,5.5,58.4,3,0,1
552,11,1,2,4.5,62.9,3,0,1
553,11,1,2,4.3,67.2,3,0,1
554,11,1,2,132.2,199.4,1,2,0
555,11,1,2,0.0,199.4,5,0,1
556,11,1,2,51.1,250.5,2,0,0
557,11,1,2,54.1,304.6,2,0,0
558,11,1,2,17.0,321.6,4,0,2
559,11,1,2,52.5,374.1,2,0,0
560,11,1,2,11.0,385.1,4,0,1
561,11,1,2,29.8,414.9,4,0,2
562,11,1,2,55.9,470.8,2,0,0
563,11,1,2,27.3,498.1,4,0,2
564,11,1,2,35.7,533.8,2,0,0
565,11,1,2,93.1,626.9,6,1,0
566,11,1,2,0.9,627.8,3,0,1
567,11,1,2,0.8,628.6,3,0,1
568,11,1,2,11.0,639.6,4,0,1
569,11,1,2,10.9,650.5,4,0,1
570,11,1,2,15.0,665.5,4,0,1
571,11,1,2,15.6,681.1,4,0,2
572,11,1,2,37.9,719.0,2,0,0
573,11,1,2,39.3,758.3,2,0,0
574,11,1,2,9.9,768.2,4,0,1
575,11,1,2,8.2,776.4,4,0,1
576,11,1,2,0.0,776.4,5,0,1
577,11,1,2,4.6,781.0,3,0,1
578,11,1,2,0.1,0.1,3,0,1
579,11,1,2,19.9,20.0,4,0,2
580,11,1,2,5.9,25.9,3,0,1
581,11,1,2,1.5,27.4,3,0,1
582,11,1,2,0.0,27.4,5,0,1
583,11,1,2,21.3,48.7,4,0,2
584,11,1,2,8.1,56.8,4,0,1
585,11,1,2,16.0,72.8,4,0,2
586,11,1,2,0.0,72.8,5,0,1
587,11,1,2,7.0,79.8,3,0,1
588,11,1,2,25.0,104.8,4,0,2
589,11,1,2,27.5,132.3,4,0,2
590,11,1,2,13.8,146.1,4,0,1
591,11,1,2,20.4,166.5,4,0,2
592,11,1,2,60.7,227.2,2,0,0
593,11,1,2,10.9,238.1,4,0,1
594,11,1,2,1.2,239.3,3,0,1
595,11,1,2,0.1,239.4,3,0,1
596,11,1,2,26.9,266.3,4,0,2
597,11,1,2,11.4,277.7,4,0,1
598,11,1,2,7.2,284.9,3,0,1
599,11,1,2,20.5,305.4,4,0,2
600,11,1,2,11.6,317.0,4,0,1
601,11,1,2,0.9,317.9,3,0,1
602,11,1,2,16.6,334.5,4,0,2
603,11,1,2,48.3,382.8,2,0,0
604,11,1,2,0.0,382.8,5,0,1
605,11,1,2,1.0,383.8,3,0,1
606,11,1,2,1.1,384.9,3,0,1
607,11,1,2,18.2,403.1,4,0,2
608,11,1,2,24.3,427.4,4,0,2
609,11,1,2,42.3,42.3,2,0,0
610,11,1,2,65.0,107.3,6,1,0
611,11,1,2,7.5,114.8,4,0,1
612,11,1,2,20.1,134.9,4,0,2
613,11,1,2,4.2,139.1,3,0,1
614,11,1,2,0.0,139.1,5,0,1
615,11,1,2,69.2,208.3,6,1,0
616,11,1,2,22.4,230.7,4,0,2
617,11,1,2,235.4,466.1,0,3,0
618,11,1,2,11.6,477.7,4,0,1
619,11,1,2,16.2,493.9,4,0,2
620,11,1,2,16.9,510.8,4,0,2
621,11,1,2,30.1,540.9,4,0,2
622,11,1,2,38.2,579.1,2,0,0
623,11,1,2,8.4,587.5,4,0,1
624,11,1,2,5.0,592.5,3,0,1
625,11,1,2,26.6,619.1,4,0,2
626,11,1,2,55.5,674.6,2,0,0
627,11,1,2,1.1,675.7,3,0,1
628,11,1,2,0.0,675.7,5,0,1
629,11,1,2,52.9,728.6,2,0,0
630,11,1,2,75.2,803.8,6,1,0
631,11,1,2,24.0,827.8,4,0,2
632,11,1,2,94.8,922.6,6,1,0
633,11,1,2,4.1,926.7,3,0,1
634,11,1,2,10.5,937.2,4,0,1
635,11,1,2,9.0,946.2,4,0,1
636,11,1,2,34.1,980.3,4,0,2
637,11,1,2,4.9,985.2,3,0,1
638,11,1,2,8.1,993.3,4,0,1
639,11,1,2,7.1,7.1,3,0,1
640,11,1,2,0.0,7.1,5,0,1
641,11,1,2,0.8,7.9,3,0,1
642,11,1,2,5.7,13.6,3,0,1
643,11,1,2,5.9,19.5,3,0,1
644,11,1,2,4.6,24.1,3,0,1
645,11,1,2,0.4,24.5,3,0,1
646,11,1,2,0.0,24.5,5,0,1
647,11,1,2,0.0,24.5,5,0,1
648,11,1,2,2.4,26.9,3,0,1
649,11,1,2,19.7,46.6,4,0,2
650,11,1,2,0.0,46.6,5,0,1
651,11,1,2,3.9,50.5,3,0,1
652,11,1,2,41.9,92.4,2,0,0
653,11,1,2,6.3,98.7,3,0,1
654,11,1,2,16.6,115.3,4,0,2
655,11,1,2,4.1,119.4,3,0,1
656,11,1,2,4.6,124.0,3,0,1
657,11,1,2,8.4,132.4,4,0,1
658,11,1,2,6.4,138.8,3,0,1
659,11,1,2,9.0,147.8,4,0,1
660,11,1,2,10.4,158.2,4,0,1
661,11,1,2,1.9,160.1,3,0,1
662,11,1,2,1.3,161.4,3,0,1
663,11,1,2,5.8,167.2,3,0,1
664,11,1,2,5.3,172.5,3,0,1
665,11,1,2,0.1,172.6,3,0,1
666,11,1,2,4.1,176.7,3,0,1
667,11,1,2,57.6,234.3,2,0,0
668,11,1,2,3.2,237.5,3,0,1
669,11,1,2,5.7,243.2,3,0,1
670,11,1,2,7.1,7.1,3,0,1
671,11,1,2,0.0,7.1,5,0,1
672,11,1,2,5.6,12.7,3,0,1
673,11,1,2,0.0,12.7,5,0,1
674,11,1,2,0.0,12.7,5,0,1
675,11,1,2,0.0,12.7,5,0,1
676,11,1,2,0.0,12.7,5,0,1
677,11,1,2,0.0,12.7,5,0,1
678,11,1,2,1.2,13.9,3,0,1
679,11,1,2,0.0,13.9,5,0,1
680,11,1,2,36.8,50.7,2,0,0
681,11,1,2,6.1,56.8,3,0,1
682,11,1,2,0.0,56.8,5,0,1
683,11,1,2,0.0,56.8,5,0,1
684,11,1,2,0.0,56.8,5,0,1
685,11,1,2,0.0,56.8,5,0,1
686,11,1,2,0.0,56.8,5,0,1
687,11,1,2,0.0,56.8,5,0,1
688,11,1,2,10.6,67.4,4,0,1
689,11,1,2,0.0,67.4,5,0,1
690,11,1,2,0.0,67.4,5,0,1
691,11,1,2,3.2,70.6,3,0,1
692,11,1,2,0.0,70.6,5,0,1
693,11,1,2,0.0,70.6,5,0,1
694,11,1,2,1.7,72.3,3,0,1
695,11,1,2,0.0,72.3,5,0,1
696,11,1,2,11.3,83.6,4,0,1
697,11,1,2,0.0,83.6,5,0,1
698,11,1,2,41.0,124.6,2,0,0
699,11,1,2,0.0,124.6,5,0,1
700,11,1,2,0.0,0.0,5,0,1
701,11,1,2,0.0,0.0,5,0,1
702,11,1,2,4.4,4.4,3,0,1
703,11,1,2,0.0,4.4,5,0,1
704,11,1,2,0.0,4.4,5,0,1
705,11,1,2,0.0,4.4,5,0,1
706,11,1,2,0.0,4.4,5,0,1
707,11,1,2,0.0,4.4,5,0,1
708,11,1,2,0.0,4.4,5,0,1
709,11,1,2,0.0,4.4,5,0,1
710,11,1,2,0.0,4.4,5,0,1
711,11,1,2,0.0,4.4,5,0,1
712,11,1,2,0.0,4.4,5,0,1
713,11,1,2,0.0,4.4,5,0,1
714,11,1,2,0.0,4.4,5,0,1
715,11,1,2,0.0,4.4,5,0,1
716,11,1,2,0.0,4.4,5,0,1
717,11,1,2,0.0,4.4,5,0,1
718,11,1,2,0.0,4.4,5,0,1
719,11,1,2,0.0,4.4,5,0,1
720,11,1,2,0.0,4.4,5,0,1
721,11,1,2,0.0,4.4,5,0,1
722,11,1,2,0.0,4.4,5,0,1
723,11,1,2,0.0,4.4,5,0,1
724,11,1,2,0.0,4.4,5,0,1
725,11,1,2,0.0,4.4,5,0,1
726,11,1,2,1.8,6.2,3,0,1
727,11,1,2,0.0,6.2,5,0,1
728,11,1,2,0.0,6.2,5,0,1
729,11,1,2,0.0,6.2,5,0,1
730,11,1,2,0.0,6.2,5,0,1
731,11,1,0,0.0,0.0,5,0,1
732,11,1,0,0.0,0.0,5,0,1
733,11,1,0,0.0,0.0,5,0,1
734,11,1,0,0.0,0.0,5,0,1
735,11,1,0,0.0,0.0,5,0,1
736,11,1,0,0.0,0.0,5,0,1
737,11,1,0,0.0,0.0,5,0,1
738,11,1,0,0.0,0.0,5,0,1
739,11,1,0,0.0,0.0,5,0,1
740,11,1,0,0.0,0.0,5,0,1
741,11,1,0,5.4,5.4,3,0,1
742,11,1,0,0.0,5.4,5,0,1
743,11,1,0,0.0,5.4,5,0,1
744,11,1,0,0.0,5.4,5,0,1
745,11,1,0,0.0,5.4,5,0,1
746,11,1,0,0.0,5.4,5,0,1
747,11,1,0,0.0,5.4,5,0,1
748,11,1,0,0.0,5.4,5,0,1
749,11,1,0,0.0,5.4,5,0,1
750,11,1,0,0.0,5.4,5,0,1
751,11,1,0,0.0,5.4,5,0,1
752,11,1,0,0.0,5.4,5,0,1
753,11,1,0,0.0,5.4,5,0,1
754,11,1,0,0.0,5.4,5,0,1
755,11,1,0,0.0,5.4,5,0,1
756,11,1,0,0.0,5.4,5,0,1
757,11,1,0,0.0,5.4,5,0,1
758,11,1,0,0.0,5.4,5,0,1
759,11,1,0,0.0,5.4,5,0,1
760,11,1,0,0.0,5.4,5,0,1
761,11,1,0,0.0,5.4,5,0,1
762,11,1,0,0.0,0.0,5,0,1
763,11,1,0,0.0,0.0,5,0,1
764,11,1,0,0.0,0.0,5,0,1
765,11,1,0,0.0,0.0,5,0,1
766,11,1,0,0.0,0.0,5,0,1
767,11,1,0,0.0,0.0,5,0,1
768,11,1,0,0.0,0.0,5,0,1
769,11,1,0,0.0,0.0,5,0,1
770,11,1,0,0.0,0.0,5,0,1
771,11,1,0,0.0,0.0,5,0,1
772,11,1,0,0.0,0.0,5,0,1
773,11,1,0,0.0,0.0,5,0,1
774,11,1,0,0.0,0.0,5,0,1
775,11,1,0,0.0,0.0,5,0,1
776,11,1,0,0.0,0.0,5,0,1
777,11,1,0,0.0,0.0,5,0,1
778,11,1,0,0.0,0.0,5,0,1
779,11,1,0,0.0,0.0,5,0,1
780,11,1,0,0.0,0.0,5,0,1
781,11,1,0,0.0,0.0,5,0,1
782,11,1,0,0.0,0.0,5,0,1
783,11,1,0,0.0,0.0,5,0,1
784,11,1,0,0.0,0.0,5,0,1
785,11,1,0,0.0,0.0,5,0,1
786,11,1,0,0.0,0.0,5,0,1
787,11,1,0,0.0,0.0,5,0,1
788,11,1,0,0.0,0.0,5,0,1
789,11,1,0,0.0,0.0,5,0,1
790,11,1,0,0.0,0.0,5,0,1
791,11,1,0,0.0,0.0,5,0,1
792,11,1,0,0.0,0.0,5,0,1
793,11,1,0,0.0,0.0,5,0,1
794,11,1,0,0.0,0.0,5,0,1
795,11,1,0,0.0,0.0,5,0,1
796,11,1,0,0.0,0.0,5,0,1
797,11,1,0,0.0,0.0,5,0,1
798,11,1,0,0.0,0.0,5,0,1
799,11,1,0,0.0,0.0,5,0,1
800,11,1,0,0.0,0.0,5,0,1
801,11,1,0,0.0,0.0,5,0,1
802,11,1,0,0.0,0.0,5,0,1
803,11,1,0,0.0,0.0,5,0,1
804,11,1,0,0.0,0.0,5,0,1
805,11,1,0,0.0,0.0,5,0,1
806,11,1,0,0.0,0.0,5,0,1
807,11,1,0,0.0,0.0,5,0,1
808,11,1,0,0.0,0.0,5,0,1
809,11,1,0,0.0,0.0,5,0,1
810,11,1,0,0.0,0.0,5,0,1
811,11,1,0,0.0,0.0,5,0,1
812,11,1,0,0.0,0.0,5,0,1
813,11,1,0,0.0,0.0,5,0,1
814,11,1,0,0.0,0.0,5,0,1
815,11,1,0,0.0,0.0,5,0,1
816,11,1,0,0.0,0.0,5,0,1
817,11,1,0,0.0,0.0,5,0,1
818,11,1,0,0.0,0.0,5,0,1
819,11,1,0,0.0,0.0,5,0,1
820,11,1,0,0.0,0.0,5,0,1
821,11,1,0,0.0,0.0,5,0,1
822,11,1,0,0.0,0.0,5,0,1
823,11,1,0,0.0,0.0,5,0,1
824,11,1,0,0.0,0.0,5,0,1
825,11,1,0,0.0,0.0,5,0,1
826,11,1,0,0.0,0.0,5,0,1
827,11,1,0,0.0,0.0,5,0,1
828,11,1,0,0.0,0.0,5,0,1
829,11,1,0,0.0,0.0,5,0,1
830,11,1,0,0.0,0.0,5,0,1
831,11,1,0,0.0,0.0,5,0,1
832,11,1,0,0.0,0.0,5,0,1
833,11,1,0,0.0,0.0,5,0,1
834,11,1,0,0.0,0.0,5,0,1
835,11,1,0,0.0,0.0,5,0,1
836,11,1,0,0.0,0.0,5,0,1
837,11,1,0,0.0,0.0,5,0,1
838,11,1,0,0.0,0.0,5,0,1
839,11,1,0,0.0,0.0,5,0,1
840,11,1,0,0.0,0.0,5,0,1
841,11,1,0,0.0,0.0,5,0,1
842,11,1,0,0.0,0.0,5,0,1
843,11,1,0,0.0,0.0,5,0,1
844,11,1,0,0.0,0.0,5,0,1
845,11,1,0,0.0,0.0,5,0,1
846,11,1,0,2.6,2.6,3,0,1
847,11,1,0,0.0,2.6,5,0,1
848,11,1,0,0.0,2.6,5,0,1
849,11,1,0,0.0,2.6,5,0,1
850,11,1,0,0.0,2.6,5,0,1
851,11,1,0,0.0,0.0,5,0,1
852,11,1,0,0.0,0.0,5,0,1
853,11,1,0,0.5,0.5,3,0,1
854,11,1,0,0.0,0.5,5,0,1
855,11,1,0,0.0,0.5,5,0,1
856,11,1,0,0.0,0.5,5,0,1
857,11,1,0,5.4,5.9,3,0,1
858,11,1,0,0.0,5.9,5,0,1
859,11,1,0,0.0,5.9,5,0,1
860,11,1,0,0.0,5.9,5,0,1
861,11,1,0,0.0,5.9,5,0,1
862,11,1,0,0.0,5.9,5,0,1
863,11,1,0,0.0,5.9,5,0,1
864,11,1,0,0.0,5.9,5,0,1
865,11,1,0,0.0,5.9,5,0,1
866,11,1,0,1.8,7.7,3,0,1
867,11,1,0,0.0,7.7,5,0,1
868,11,1,0,0.0,7.7,5,0,1
869,11,1,0,0.0,7.7,5,0,1
870,11,1,0,2.7,10.4,3,0,1
871,11,1,0,0.0,10.4,5,0,1
872,11,1,0,0.0,10.4,5,0,1
873,11,1,0,0.0,10.4,5,0,1
874,11,1,0,0.0,10.4,5,0,1
875,11,1,0,0.0,10.4,5,0,1
876,11,1,0,0.0,10.4,5,0,1
877,11,1,0,0.0,10.4,5,0,1
878,11,1,0,5.9,16.3,3,0,1
879,11,1,0,0.0,16.3,5,0,1
880,11,1,0,0.0,16.3,5,0,1
881,11,1,0,2.0,18.3,3,0,1
882,11,1,0,0.0,0.0,5,0,1
883,11,1,0,0.0,0.0,5,0,1
884,11,1,0,0.0,0.0,5,0,1
885,11,1,0,0.0,0.0,5,0,1
886,11,1,0,0.0,0.0,5,0,1
887,11,1,0,2.5,2.5,3,0,1
888,11,1,0,5.2,7.7,3,0,1
889,11,1,0,0.0,7.7,5,0,1
890,11,1,0,0.0,7.7,5,0,1
891,11,1,0,9.1,16.8,4,0,1
892,11,1,0,0.0,16.8,5,0,1
893,11,1,0,0.0,16.8,5,0,1
894,11,1,0,0.0,16.8,5,0,1
895,11,1,0,1.5,18.3,3,0,1
896,11,1,0,0.0,18.3,5,0,1
897,11,1,0,0.0,18.3,5,0,1
898,11,1,0,8.6,26.9,4,0,1
899,11,1,0,0.0,26.9,5,0,1
900,11,1,0,0.0,26.9,5,0,1
901,11,1,0,0.0,26.9,5,0,1
902,11,1,0,0.0,26.9,5,0,1
903,11,1,0,0.0,26.9,5,0,1
904,11,1,0,0.0,26.9,5,0,1
905,11,1,0,0.0,26.9,5,0,1
906,11,1,0,0.0,26.9,5,0,1
907,11,1,0,1.6,28.5,3,0,1
908,11,1,0,0.0,28.5,5,0,1
909,11,1,0,0.0,28.5,5,0,1
910,11,1,0,15.0,43.5,4,0,1
911,11,1,0,0.0,43.5,5,0,1
912,11,1,0,0.0,0.0,5,0,1
913,11,1,0,0.0,0.0,5,0,1
914,11,1,0,0.4,0.4,3,0,1
915,11,1,0,2.6,3.0,3,0,1
916,11,1,0,14.9,17.9,4,0,1
917,11,1,0,0.0,17.9,5,0,1
918,11,1,0,0.0,17.9,5,0,1
919,11,1,0,0.0,17.9,5,0,1
920,11,1,0,0.0,17.9,5,0,1
921,11,1,0,0.0,17.9,5,0,1
922,11,1,0,9.1,27.0,4,0,1
923,11,1,0,0.0,27.0,5,0,1
924,11,1,0,8.9,35.9,4,0,1
925,11,1,0,0.0,35.9,5,0,1
926,11,1,0,2.7,38.6,3,0,1
927,11,1,0,13.6,52.2,4,0,1
928,11,1,0,0.0,52.2,5,0,1
929,11,1,0,0.0,52.2,5,0,1
930,11,1,0,0.0,52.2,5,0,1
931,11,1,0,0.0,52.2,5,0,1
932,11,1,0,0.0,52.2,5,0,1
933,11,1,0,13.0,65.2,4,0,1
934,11,1,0,0.0,65.2,5,0,1
935,11,1,0,0.0,65.2,5,0,1
936,11,1,0,0.0,65.2,5,0,1
937,11,1,0,0.0,65.2,5,0,1
938,11,1,0,3.5,68.7,3,0,1
939,11,1,0,0.0,68.7,5,0,1
940,11,1,0,0.0,68.7,5,0,1
941,11,1,0,6.9,75.6,3,0,1
942,11,1,0,0.0,75.6,5,0,1
943,11,1,0,0.0,0.0,5,0,1
944,11,1,0,0.0,0.0,5,0,1
945,11,1,0,0.0,0.0,5,0,1
946,11,1,0,0.0,0.0,5,0,1
947,11,1,0,0.0,0.0,5,0,1
948,11,1,0,0.0,0.0,5,0,1
949,11,1,0,15.1,15.1,4,0,2
950,11,1,0,1.1,16.2,3,0,1
951,11,1,0,0.0,16.2,5,0,1
952,11,1,0,45.2,61.4,2,0,0
953,11,1,0,0.0,61.4,5,0,1
954,11,1,0,0.0,61.4,5,0,1
955,11,1,0,0.0,61.4,5,0,1
956,11,1,0,23.8,85.2,4,0,2
957,11,1,0,0.0,85.2,5,0,1
958,11,1,0,0.0,85.2,5,0,1
959,11,1,0,0.0,85.2,5,0,1
960,11,1,0,0.0,85.2,5,0,1
961,11,1,0,6.6,91.8,3,0,1
962,11,1,0,0.0,91.8,5,0,1
963,11,1,0,0.0,91.8,5,0,1
964,11,1,0,0.0,91.8,5,0,1
965,11,1,0,0.0,91.8,5,0,1
966,11,1,0,15.3,107.1,4,0,2
967,11,1,0,0.0,107.1,5,0,1
968,11,1,0,5.4,112.5,3,0,1
969,11,1,0,0.0,112.5,5,0,1
970,11,1,0,0.0,112.5,5,0,1
971,11,1,0,0.0,112.5,5,0,1
972,11,1,0,0.0,112.5,5,0,1
973,11,1,0,4.5,117.0,3,0,1
974,11,1,0,0.0,0.0,5,0,1
975,11,1,0,0.0,0.0,5,0,1
976,11,1,0,9.8,9.8,4,0,1
977,11,1,0,6.2,16.0,3,0,1
978,11,1,0,11.8,27.8,4,0,1
979,11,1,0,0.0,27.8,5,0,1
980,11,1,0,2.7,30.5,3,0,1
981,11,1,0,0.0,30.5,5,0,1
982,11,1,0,0.0,30.5,5,0,1
983,11,1,0,11.7,42.2,4,0,1
984,11,1,0,0.0,42.2,5,0,1
985,11,1,0,0.0,42.2,5,0,1
986,11,1,0,0.0,42.2,5,0,1
987,11,1,0,0.0,42.2,5,0,1
988,11,1,0,1.2,43.4,3,0,1
989,11,1,0,0.0,43.4,5,0,1
990,11,1,0,11.9,55.3,4,0,1
991,11,1,0,1.3,56.6,3,0,1
992,11,1,0,0.0,56.6,5,0,1
993,11,1,0,0.0,56.6,5,0,1
994,11,1,0,0.0,56.6,5,0,1
995,11,1,0,1.4,58.0,3,0,1
996,11,1,0,0.0,58.0,5,0,1
997,11,1,0,6.0,64.0,3,0,1
998,11,1,0,0.0,64.0,5,0,1
999,11,1,0,0.0,64.0,5,0,1
1000,11,1,0,0.0,64.0,5,0,1
1001,11,1,0,0.0,64.0,5,0,1
1002,11,1,0,0.0,64.0,5,0,1
1003,11,1,0,0.0,64.0,5,0,1
1004,11,1,0,0.0,0.0,5,0,1
1005,11,1,0,0.0,0.0,5,0,1
1006,11,1,0,0.0,0.0,5,0,1
1007,11,1,0,0.0,0.0,5,0,1
1008,11,1,0,0.0,0.0,5,0,1
1009,11,1,0,0.0,0.0,5,0,1
1010,11,1,0,0.1,0.1,3,0,1
1011,11,1,0,0.0,0.1,5,0,1
1012,11,1,0,2.6,2.7,3,0,1
1013,11,1,0,0.0,2.7,5,0,1
1014,11,1,0,0.0,2.7,5,0,1
1015,11,1,0,5.8,8.5,3,0,1
1016,11,1,0,0.0,8.5,5,0,1
1017,11,1,0,9.1,17.6,4,0,1
1018,11,1,0,0.0,17.6,5,0,1
1019,11,1,0,0.0,17.6,5,0,1
1020,11,1,0,2.8,20.4,3,0,1
1021,11,1,0,0.0,20.4,5,0,1
1022,11,1,0,0.0,20.4,5,0,1
1023,11,1,0,0.0,20.4,5,0,1
1024,11,1,0,0.0,20.4,5,0,1
1025,11,1,0,0.0,20.4,5,0,1
1026,11,1,0,2.9,23.3,3,0,1
1027,11,1,0,0.6,23.9,3,0,1
1028,11,1,0,0.0,23.9,5,0,1
1029,11,1,0,0.0,23.9,5,0,1
1030,11,1,0,0.0,23.9,5,0,1
1031,11,1,0,1.6,25.5,3,0,1
1032,11,1,0,0.0,25.5,5,0,1
1033,11,1,0,0.6,26.1,3,0,1
1034,11,1,0,5.8,31.9,3,0,1
1035,11,1,0,0.0,0.0,5,0,1
1036,11,1,0,0.0,0.0,5,0,1
1037,11,1,0,0.0,0.0,5,0,1
1038,11,1,0,0.0,0.0,5,0,1
1039,11,1,0,0.0,0.0,5,0,1
1040,11,1,0,0.0,0.0,5,0,1
1041,11,1,0,0.0,0.0,5,0,1
1042,11,1,0,0.0,0.0,5,0,1
1043,11,1,0,0.0,0.0,5,0,1
1044,11,1,0,0.0,0.0,5,0,1
1045,11,1,0,0.0,0.0,5,0,1
1046,11,1,0,0.0,0.0,5,0,1
1047,11,1,0,0.0,0.0,5,0,1
1048,11,1,0,0.0,0.0,5,0,1
1049,11,1,0,0.0,0.0,5,0,1
1050,11,1,0,0.0,0.0,5,0,1
1051,11,1,0,0.0,0.0,5,0,1
1052,11,1,0,0.0,0.0,5,0,1
1053,11,1,0,0.0,0.0,5,0,1
1054,11,1,0,0.0,0.0,5,0,1
1055,11,1,0,0.0,0.0,5,0,1
1056,11,1,0,0.0,0.0,5,0,1
1057,11,1,0,0.0,0.0,5,0,1
1058,11,1,0,0.0,0.0,5,0,1
1059,11,1,0,0.0,0.0,5,0,1
1060,11,1,0,0.0,0.0,5,0,1
1061,11,1,0,0.0,0.0,5,0,1
1062,11,1,0,0.0,0.0,5,0,1
1063,11,1,0,0.0,0.0,5,0,1
1064,11,1,0,0.0,0.0,5,0,1
1065,11,1,0,0.0,0.0,5,0,1
1066,11,1,0,0.0,0.0,5,0,1
1067,11,1,0,0.0,0.0,5,0,1
1068,11,1,0,0.0,0.0,5,0,1
1069,11,1,0,0.0,0.0,5,0,1
1070,11,1,0,0.0,0.0,5,0,1
1071,11,1,0,0.0,0.0,5,0,1
1072,11,1,0,0.0,0.0,5,0,1
1073,11,1,0,0.0,0.0,5,0,1
1074,11,1,0,0.0,0.0,5,0,1
1075,11,1,0,0.0,0.0,5,0,1
1076,11,1,0,0.0,0.0,5,0,1
1077,11,1,0,0.0,0.0,5,0,1
1078,11,1,0,0.0,0.0,5,0,1
1079,11,1,0,0.0,0.0,5,0,1
1080,11,1,0,0.0,0.0,5,0,1
1081,11,1,0,0.0,0.0,5,0,1
1082,11,1,0,0.0,0.0,5,0,1
1083,11,1,0,0.0,0.0,5,0,1
1084,11,1,0,0.0,0.0,5,0,1
1085,11,1,0,0.0,0.0,5,0,1
1086,11,1,0,0.0,0.0,5,0,1
1087,11,1,0,0.0,0.0,5,0,1
1088,11,1,0,0.0,0.0,5,0,1
1089,11,1,0,0.0,0.0,5,0,1
1090,11,1,0,0.0,0.0,5,0,1
1091,11,1,0,0.0,0.0,5,0,1
1092,11,1,0,2.2,2.2,3,0,1
1093,11,1,0,0.0,2.2,5,0,1
1094,11,1,0,0.0,2.2,5,0,1
1095,11,1,0,0.0,2.2,5,0,1
1096,11,1,3,0.0,0.0,5,0,1
1097,11,1,3,0.0,0.0,5,0,1
1098,11,1,3,0.0,0.0,5,0,1
1099,11,1,3,0.0,0.0,5,0,1
1100,11,1,3,0.0,0.0,5,0,1
1101,11,1,3,0.0,0.0,5,0,1
1102,11,1,3,0.0,0.0,5,0,1
1103,11,1,3,0.0,0.0,5,0,1
1104,11,1,3,0.0,0.0,5,0,1
1105,11,1,3,0.0,0.0,5,0,1
1106,11,1,3,0.0,0.0,5,0,1
1107,11,1,3,0.0,0.0,5,0,1
1108,11,1,3,0.0,0.0,5,0,1
1109,11,1,3,0.0,0.0,5,0,1
1110,11,1,3,0.0,0.0,5,0,1
1111,11,1,3,0.0,0.0,5,0,1
1112,11,1,3,0.0,0.0,5,0,1
1113,11,1,3,0.0,0.0,5,0,1
1114,11,1,3,0.0,0.0,5,0,1
1115,11,1,3,0.0,0.0,5,0,1
1116,11,1,3,0.0,0.0,5,0,1
1117,11,1,3,0.0,0.0,5,0,1
1118,11,1,3,0.0,0.0,5,0,1
1119,11,1,3,0.0,0.0,5,0,1
1120,11,1,3,0.0,0.0,5,0,1
1121,11,1,3,0.0,0.0,5,0,1
1122,11,1,3,0.0,0.0,5,0,1
1123,11,1,3,0.0,0.0,5,0,1
1124,11,1,3,0.0,0.0,5,0,1
1125,11,1,3,0.0,0.0,5,0,1
1126,11,1,3,0.0,0.0,5,0,1
1127,11,1,3,0.0,0.0,5,0,1
1128,11,1,3,0.0,0.0,5,0,1
1129,11,1,3,0.0,0.0,5,0,1
1130,11,1,3,0.0,0.0,5,0,1
1131,11,1,3,0.0,0.0,5,0,1
1132,11,1,3,0.0,0.0,5,0,1
1133,11,1,3,0.0,0.0,5,0,1
1134,11,1,3,0.0,0.0,5,0,1
1135,11,1,3,2.2,2.2,3,0,1
1136,11,1,3,2.4,4.6,3,0,1
1137,11,1,3,0.0,4.6,5,0,1
1138,11,1,3,0.0,4.6,5,0,1
1139,11,1,3,0.0,4.6,5,0,1
1140,11,1,3,0.0,4.6,5,0,1
1141,11,1,3,0.0,4.6,5,0,1
1142,11,1,3,0.0,4.6,5,0,1
1143,11,1,3,0.0,4.6,5,0,1
1144,11,1,3,0.0,4.6,5,0,1
1145,11,1,3,0.0,4.6,5,0,1
1146,11,1,3,0.0,4.6,5,0,1
1147,11,1,3,0.0,4.6,5,0,1
1148,11,1,3,0.0,4.6,5,0,1
1149,11,1,3,0.0,4.6,5,0,1
1150,11,1,3,0.0,4.6,5,0,1
1151,11,1,3,0.0,4.6,5,0,1
1152,11,1,3,0.0,4.6,5,0,1
1153,11,1,3,0.0,4.6,5,0,1
1154,11,1,3,0.0,4.6,5,0,1
1155,11,1,3,0.0,0.0,5,0,1
1156,11,1,3,0.0,0.0,5,0,1
1157,11,1,3,0.0,0.0,5,0,1
1158,11,1,3,0.0,0.0,5,0,1
1159,11,1,3,0.0,0.0,5,0,1
1160,11,1,3,0.0,0.0,5,0,1
1161,11,1,3,0.0,0.0,5,0,1
1162,11,1,3,0.0,0.0,5,0,1
1163,11,1,3,0.0,0.0,5,0,1
1164,11,1,3,0.0,0.0,5,0,1
1165,11,1,3,0.0,0.0,5,0,1
1166,11,1,3,0.0,0.0,5,0,1
1167,11,1,3,0.0,0.0,5,0,1
1168,11,1,3,0.0,0.0,5,0,1
1169,11,1,3,0.0,0.0,5,0,1
1170,11,1,3,0.0,0.0,5,0,1
1171,11,1,3,0.0,0.0,5,0,1
1172,11,1,3,0.0,0.0,5,0,1
1173,11,1,3,0.0,0.0,5,0,1
1174,11,1,3,0.0,0.0,5,0,1
1175,11,1,3,0.0,0.0,5,0,1
1176,11,1,3,0.0,0.0,5,0,1
1177,11,1,3,0.0,0.0,5,0,1
1178,11,1,3,0.0,0.0,5,0,1
1179,11,1,3,0.0,0.0,5,0,1
1180,11,1,3,0.0,0.0,5,0,1
1181,11,1,3,10.9,10.9,4,0,1
1182,11,1,3,0.0,10.9,5,0,1
1183,11,1,3,0.0,10.9,5,0,1
1184,11,1,3,0.0,10.9,5,0,1
1185,11,1,3,0.0,10.9,5,0,1
1186,11,1,3,0.0,0.0,5,0,1
1187,11,1,3,0.0,0.0,5,0,1
1188,11,1,3,0.0,0.0,5,0,1
1189,11,1,3,8.8,8.8,4,0,1
1190,11,1,3,0.0,8.8,5,0,1
1191,11,1,3,0.0,8.8,5,0,1
1192,11,1,3,2.5,11.3,3,0,1
1193,11,1,3,0.0,11.3,5,0,1
1194,11,1,3,0.0,11.3,5,0,1
1195,11,1,3,13.2,24.5,4,0,1
1196,11,1,3,0.0,24.5,5,0,1
1197,11,1,3,5.7,30.2,3,0,1
1198,11,1,3,0.0,30.2,5,0,1
1199,11,1,3,1.4,31.6,3,0,1
1200,11,1,3,0.0,31.6,5,0,1
1201,11,1,3,0.0,31.6,5,0,1
1202,11,1,3,0.0,31.6,5,0,1
1203,11,1,3,0.0,31.6,5,0,1
1204,11,1,3,0.0,31.6,5,0,1
1205,11,1,3,0.0,31.6,5,0,1
1206,11,1,3,0.0,31.6,5,0,1
1207,11,1,3,0.0,31.6,5,0,1
1208,11,1,3,0.0,31.6,5,0,1
1209,11,1,3,0.0,31.6,5,0,1
1210,11,1,3,5.7,37.3,3,0,1
1211,11,1,3,0.0,37.3,5,0,1
1212,11,1,3,0.0,37.3,5,0,1
1213,11,1,3,0.0,37.3,5,0,1
1214,11,1,3,0.0,37.3,5,0,1
1215,11,1,3,0.0,37.3,5,0,1
1216,11,1,3,0.0,0.0,5,0,1
1217,11,1,3,0.0,0.0,5,0,1
1218,11,1,3,0.0,0.0,5,0,1
1219,11,1,3,0.0,0.0,5,0,1
1220,11,1,3,0.0,0.0,5,0,1
1221,11,1,3,0.0,0.0,5,0,1
1222,11,1,3,0.0,0.0,5,0,1
1223,11,1,3,0.0,0.0,5,0,1
1224,11,1,3,0.0,0.0,5,0,1
1225,11,1,3,0.0,0.0,5,0,1
1226,11,1,3,0.6,0.6,3,0,1
1227,11,1,3,2.2,2.8,3,0,1
1228,11,1,3,0.0,2.8,5,0,1
1229,11,1,3,0.0,2.8,5,0,1
1230,11,1,3,0.0,2.8,5,0,1
1231,11,1,3,0.5,3.3,3,0,1
1232,11,1,3,5.0,8.3,3,0,1
1233,11,1,3,0.0,8.3,5,0,1
1234,11,1,3,0.0,8.3,5,0,1
1235,11,1,3,1.1,9.4,3,0,1
1236,11,1,3,0.0,9.4,5,0,1
1237,11,1,3,3.1,12.5,3,0,1
1238,11,1,3,0.0,12.5,5,0,1
1239,11,1,3,0.0,12.5,5,0,1
1240,11,1,3,0.0,12.5,5,0,1
1241,11,1,3,0.0,12.5,5,0,1
1242,11,1,3,2.2,14.7,3,0,1
1243,11,1,3,0.0,14.7,5,0,1
1244,11,1,3,0.0,14.7,5,0,1
1245,11,1,3,0.0,14.7,5,0,1
1246,11,1,3,0.0,14.7,5,0,1
1247,11,1,3,17.9,17.9,4,0,2
1248,11,1,3,19.8,37.7,4,0,2
1249,11,1,3,9.8,47.5,4,0,1
1250,11,1,3,27.8,75.3,4,0,2
1251,11,1,3,2.9,78.2,3,0,1
1252,11,1,3,6.1,84.3,3,0,1
1253,11,1,3,6.1,90.4,3,0,1
1254,11,1,3,23.3,113.7,4,0,2
1255,11,1,3,25.7,139.4,4,0,2
1256,11,1,3,27.1,166.5,4,0,2
1257,11,1,3,0.0,166.5,5,0,1
1258,11,1,3,9.3,175.8,4,0,1
1259,11,1,3,9.5,185.3,4,0,1
1260,11,1,3,0.0,185.3,5,0,1
1261,11,1,3,0.9,186.2,3,0,1
1262,11,1,3,3.1,189.3,3,0,1
1263,11,1,3,3.3,192.6,3,0,1
1264,11,1,3,11.1,203.7,4,0,1
1265,11,1,3,4.5,208.2,3,0,1
1266,11,1,3,38.2,246.4,2,0,0
1267,11,1,3,57.2,303.6,2,0,0
1268,11,1,3,4.2,307.8,3,0,1
1269,11,1,3,31.8,339.6,4,0,2
1270,11,1,3,3.1,342.7,3,0,1
1271,11,1,3,7.0,349.7,3,0,1
1272,11,1,3,1.1,350.8,3,0,1
1273,11,1,3,0.0,350.8,5,0,1
1274,11,1,3,21.3,372.1,4,0,2
1275,11,1,3,6.4,378.5,3,0,1
1276,11,1,3,1.7,380.2,3,0,1
1277,11,1,3,101.0,101.0,6,1,0
1278,11,1,3,16.9,117.9,4,0,2
1279,11,1,3,19.6,137.5,4,0,2
1280,11,1,3,15.9,153.4,4,0,2
1281,11,1,3,25.2,178.6,4,0,2
1282,11,1,3,2.7,181.3,3,0,1
1283,11,1,3,16.4,197.7,4,0,2
1284,11,1,3,30.8,228.5,4,0,2
1285,11,1,3,47.3,275.8,2,0,0
1286,11,1,3,4.2,280.0,3,0,1
1287,11,1,3,16.5,296.5,4,0,2
1288,11,1,3,15.4,311.9,4,0,2
1289,11,1,3,21.9,333.8,4,0,2
1290,11,1,3,22.1,355.9,4,0,2
1291,11,1,3,13.0,368.9,4,0,1
1292,11,1,3,4.0,372.9,3,0,1
1293,11,1,3,66.5,439.4,6,1,0
1294,11,1,3,10.2,449.6,4,0,1
1295,11,1,3,1.6,451.2,3,0,1
1296,11,1,3,65.3,516.5,6,1,0
1297,11,1,3,5.8,522.3,3,0,1
1298,11,1,3,9.5,531.8,4,0,1
1299,11,1,3,0.0,531.8,5,0,1
1300,11,1,3,1.4,533.2,3,0,1
1301,11,1,3,11.5,544.7,4,0,1
1302,11,1,3,11.4,556.1,4,0,1
1303,11,1,3,30.0,586.1,4,0,2
1304,11,1,3,4.8,590.9,3,0,1
1305,11,1,3,1.6,592.5,3,0,1
1306,11,1,3,5.5,598.0,3,0,1
1307,11,1,3,9.4,607.4,4,0,1
1308,11,1,3,9.3,9.3,4,0,1
1309,11,1,3,49.1,58.4,2,0,0
1310,11,1,3,4.3,62.7,3,0,1
1311,11,1,3,0.0,62.7,5,0,1
1312,11,1,3,35.7,98.4,2,0,0
1313,11,1,3,15.7,114.1,4,0,2
1314,11,1,3,4.1,118.2,3,0,1
1315,11,1,3,16.9,135.1,4,0,2
1316,11,1,3,14.7,149.8,4,0,1
1317,11,1,3,25.3,175.1,4,0,2
1318,11,1,3,3.1,178.2,3,0,1
1319,11,1,3,21.8,200.0,4,0,2
1320,11,1,3,17.3,217.3,4,0,2
1321,11,1,3,55.6,272.9,2,0,0
1322,11,1,3,33.9,306.8,4,0,2
1323,11,1,3,18.2,325.0,4,0,2
1324,11,1,3,37.9,362.9,2,0,0
1325,11,1,3,21.6,384.5,4,0,2
1326,11,1,3,0.0,384.5,5,0,1
1327,11,1,3,11.6,396.1,4,0,1
1328,11,1,3,0.0,396.1,5,0,1
1329,11,1,3,5.5,401.6,3,0,1
1330,11,1,3,3.6,405.2,3,0,1
1331,11,1,3,68.2,473.4,6,1,0
1332,11,1,3,54.0,527.4,2,0,0
1333,11,1,3,16.9,544.3,4,0,2
1334,11,1,3,4.0,548.3,3,0,1
1335,11,1,3,2.7,551.0,3,0,1
1336,11,1,3,0.0,551.0,5,0,1
1337,11,1,3,0.5,551.5,3,0,1
1338,11,1,3,0.7,552.2,3,0,1
1339,11,1,3,9.0,9.0,4,0,1
1340,11,1,3,20.9,29.9,4,0,2
1341,11,1,3,20.8,50.7,4,0,2
1342,11,1,3,2.0,52.7,3,0,1
1343,11,1,3,23.8,76.5,4,0,2
1344,11,1,3,0.0,76.5,5,0,1
1345,11,1,3,0.0,76.5,5,0,1
1346,11,1,3,33.7,110.2,4,0,2
1347,11,1,3,29.8,140.0,4,0,2
1348,11,1,3,2.7,142.7,3,0,1
1349,11,1,3,18.1,160.8,4,0,2
1350,11,1,3,22.5,183.3,4,0,2
1351,11,1,3,2.4,185.7,3,0,1
1352,11,1,3,8.2,193.9,4,0,1
1353,11,1,3,20.9,214.8,4,0,2
1354,11,1,3,12.0,226.8,4,0,1
1355,11,1,3,28.9,255.7,4,0,2
1356,11,1,3,16.4,272.1,4,0,2
1357,11,1,3,5.9,278.0,3,0,1
1358,11,1,3,39.9,317.9,2,0,0
1359,11,1,3,0.7,318.6,3,0,1
1360,11,1,3,12.1,330.7,4,0,1
1361,11,1,3,2.6,333.3,3,0,1
1362,11,1,3,20.4,353.7,4,0,2
1363,11,1,3,17.6,371.3,4,0,2
1364,11,1,3,6.1,377.4,3,0,1
1365,11,1,3,12.0,389.4,4,0,1
1366,11,1,3,15.2,404.6,4,0,2
1367,11,1,3,10.3,414.9,4,0,1
1368,11,1,3,18.4,433.3,4,0,2
1369,11,1,3,0.0,0.0,5,0,1
1370,11,1,3,5.7,5.7,3,0,1
1371,11,1,3,0.0,5.7,5,0,1
1372,11,1,3,6.4,12.1,3,0,1
1373,11,1,3,2.5,14.6,3,0,1
1374,11,1,3,13.1,27.7,4,0,1
1375,11,1,3,7.8,35.5,4,0,1
1376,11,1,3,0.0,35.5,5,0,1
1377,11,1,3,1.0,36.5,3,0,1
1378,11,1,3,2.8,39.3,3,0,1
1379,11,1,3,10.3,49.6,4,0,1
1380,11,1,3,6.5,56.1,3,0,1
1381,11,1,3,0.2,56.3,3,0,1
1382,11,1,3,0.6,56.9,3,0,1
1383,11,1,3,2.0,58.9,3,0,1
1384,11,1,3,11.0,69.9,4,0,1
1385,11,1,3,0.0,69.9,5,0,1
1386,11,1,3,0.0,69.9,5,0,1
1387,11,1,3,3.2,73.1,3,0,1
1388,11,1,3,0.0,73.1,5,0,1
1389,11,1,3,3.7,76.8,3,0,1
1390,11,1,3,8.0,84.8,4,0,1
1391,11,1,3,0.0,84.8,5,0,1
1392,11,1,3,0.1,84.9,3,0,1
1393,11,1,3,7.0,91.9,3,0,1
1394,11,1,3,0.9,92.8,3,0,1
1395,11,1,3,0.7,93.5,3,0,1
1396,11,1,3,1.2,94.7,3,0,1
1397,11,1,3,2.6,97.3,3,0,1
1398,11,1,3,2.7,100.0,3,0,1
1399,11,1,3,0.0,100.0,5,0,1
1400,11,1,3,0.0,0.0,5,0,1
1401,11,1,3,0.0,0.0,5,0,1
1402,11,1,3,9.6,9.6,4,0,1
1403,11,1,3,0.0,9.6,5,0,1
1404,11,1,3,3.6,13.2,3,0,1
1405,11,1,3,0.0,13.2,5,0,1
1406,11,1,3,0.0,13.2,5,0,1
1407,11,1,3,0.0,13.2,5,0,1
1408,11,1,3,0.0,13.2,5,0,1
1409,11,1,3,0.0,13.2,5,0,1
1410,11,1,3,0.0,13.2,5,0,1
1411,11,1,3,0.0,13.2,5,0,1
1412,11,1,3,3.6,16.8,3,0,1
1413,11,1,3,0.0,16.8,5,0,1
1414,11,1,3,0.0,16.8,5,0,1
1415,11,1,3,0.7,17.5,3,0,1
1416,11,1,3,0.0,17.5,5,0,1
1417,11,1,3,0.0,17.5,5,0,1
1418,11,1,3,0.0,17.5,5,0,1
1419,11,1,3,0.0,17.5,5,0,1
1420,11,1,3,0.0,17.5,5,0,1
1421,11,1,3,0.0,17.5,5,0,1
1422,11,1,3,0.0,17.5,5,0,1
1423,11,1,3,6.7,24.2,3,0,1
1424,11,1,3,2.0,26.2,3,0,1
1425,11,1,3,0.0,26.2,5,0,1
1426,11,1,3,0.0,26.2,5,0,1
1427,11,1,3,0.0,26.2,5,0,1
1428,11,1,3,0.0,26.2,5,0,1
1429,11,1,3,0.0,26.2,5,0,1
1430,11,1,3,0.0,0.0,5,0,1
1431,11,1,3,0.0,0.0,5,0,1
1432,11,1,3,9.2,9.2,4,0,1
1433,11,1,3,0.0,9.2,5,0,1
1434,11,1,3,0.0,9.2,5,0,1
1435,11,1,3,0.0,9.2,5,0,1
1436,11,1,3,0.0,9.2,5,0,1
1437,11,1,3,0.0,9.2,5,0,1
1438,11,1,3,0.0,9.2,5,0,1
1439,11,1,3,0.0,9.2,5,0,1
1440,11,1,3,0.0,9.2,5,0,1
1441,11,1,3,0.0,9.2,5,0,1
1442,11,1,3,0.0,9.2,5,0,1
1443,11,1,3,0.0,9.2,5,0,1
1444,11,1,3,0.0,9.2,5,0,1
1445,11,1,3,4.0,13.2,3,0,1
1446,11,1,3,0.0,13.2,5,0,1
1447,11,1,3,0.0,13.2,5,0,1
1448,11,1,3,0.0,13.2,5,0,1
1449,11,1,3,0.0,13.2,5,0,1
1450,11,1,3,0.0,13.2,5,0,1
1451,11,1,3,0.0,13.2,5,0,1
1452,11,1,3,1.4,14.6,3,0,1
1453,11,1,3,0.0,14.6,5,0,1
1454,11,1,3,0.0,14.6,5,0,1
1455,11,1,3,0.0,14.6,5,0,1
1456,11,1,3,0.0,14.6,5,0,1
1457,11,1,3,3.1,17.7,3,0,1
1458,11,1,3,0.0,17.7,5,0,1
1459,11,1,3,0.0,17.7,5,0,1
1460,11,1,3,0.0,17.7,5,0,1
1461,11,1,1,0.0,0.0,5,0,1
1462,11,1,1,0.0,0.0,5,0,1
1463,11,1,1,0.0,0.0,5,0,1
1464,11,1,1,0.0,0.0,5,0,1
1465,11,1,1,0.0,0.0,5,0,1
1466,11,1,1,0.0,0.0,5,0,1
1467,11,1,1,0.0,0.0,5,0,1
1468,11,1,1,0.0,0.0,5,0,1
1469,11,1,1,0.0,0.0,5,0,1
1470,11,1,1,0.0,0.0,5,0,1
1471,11,1,1,0.0,0.0,5,0,1
1472,11,1,1,0.0,0.0,5,0,1
1473,11,1,1,0.0,0.0,5,0,1
1474,11,1,1,8.8,8.8,4,0,1
1475,11,1,1,0.0,8.8,5,0,1
1476,11,1,1,0.0,8.8,5,0,1
1477,11,1,1,0.0,8.8,5,0,1
1478,11,1,1,0.0,8.8,5,0,1
1479,11,1,1,26.7,35.5,4,0,2
1480,11,1,1,4.4,39.9,3,0,1
1481,11,1,1,6.2,46.1,3,0,1
1482,11,1,1,0.0,46.1,5,0,1
1483,11,1,1,0.8,46.9,3,0,1
1484,11,1,1,0.0,46.9,5,0,1
1485,11,1,1,0.0,46.9,5,0,1
1486,11,1,1,0.0,46.9,5,0,1
1487,11,1,1,0.0,46.9,5,0,1
1488,11,1,1,0.0,46.9,5,0,1
1489,11,1,1,0.0,46.9,5,0,1
1490,11,1,1,0.0,46.9,5,0,1
1491,11,1,1,0.0,46.9,5,0,1
1492,11,1,1,21.5,21.5,4,0,2
1493,11,1,1,24.5,46.0,4,0,2
1494,11,1,1,8.3,54.3,4,0,1
1495,11,1,1,0.0,54.3,5,0,1
1496,11,1,1,0.0,54.3,5,0,1
1497,11,1,1,0.0,54.3,5,0,1
1498,11,1,1,0.0,54.3,5,0,1
1499,11,1,1,0.0,54.3,5,0,1
1500,11,1,1,0.0,54.3,5,0,1
1501,11,1,1,0.0,54.3,5,0,1
1502,11,1,1,0.0,54.3,5,0,1
1503,11,1,1,0.0,54.3,5,0,1
1504,11,1,1,0.0,54.3,5,0,1
1505,11,1,1,0.0,54.3,5,0,1
1506,11,1,1,0.0,54.3,5,0,1
1507,11,1,1,0.0,54.3,5,0,1
1508,11,1,1,0.0,54.3,5,0,1
1509,11,1,1,0.0,54.3,5,0,1
1510,11,1,1,0.0,54.3,5,0,1
1511,11,1,1,0.0,54.3,5,0,1
1512,11,1,1,0.0,54.3,5,0,1
1513,11,1,1,0.0,54.3,5,0,1
1514,11,1,1,0.0,54.3,5,0,1
1515,11,1,1,0.0,54.3,5,0,1
1516,11,1,1,0.0,54.3,5,0,1
1517,11,1,1,0.0,54.3,5,0,1
1518,11,1,1,0.0,54.3,5,0,1
1519,11,1,1,0.0,54.3,5,0,1
1520,11,1,1,21.1,75.4,4,0,2
1521,11,1,1,0.0,0.0,5,0,1
1522,11,1,1,0.0,0.0,5,0,1
1523,11,1,1,2.9,2.9,3,0,1
1524,11,1,1,0.0,2.9,5,0,1
1525,11,1,1,0.0,2.9,5,0,1
1526,11,1,1,0.0,2.9,5,0,1
1527,11,1,1,0.0,2.9,5,0,1
1528,11,1,1,0.0,2.9,5,0,1
1529,11,1,1,0.0,2.9,5,0,1
1530,11,1,1,0.0,2.9,5,0,1
1531,11,1,1,0.0,2.9,5,0,1
1532,11,1,1,0.0,2.9,5,0,1
1533,11,1,1,0.0,2.9,5,0,1
1534,11,1,1,0.0,2.9,5,0,1
1535,11,1,1,0.0,2.9,5,0,1
1536,11,1,1,0.0,2.9,5,0,1
1537,11,1,1,0.0,2.9,5,0,1
1538,11,1,1,0.0,2.9,5,0,1
1539,11,1,1,1.7,4.6,3,0,1
1540,11,1,1,0.0,4.6,5,0,1
1541,11,1,1,0.0,4.6,5,0,1
1542,11,1,1,0.0,4.6,5,0,1
1543,11,1,1,0.0,4.6,5,0,1
1544,11,1,1,0.0,4.6,5,0,1
1545,11,1,1,0.0,4.6,5,0,1
1546,11,1,1,0.0,4.6,5,0,1
1547,11,1,1,0.0,4.6,5,0,1
1548,11,1,1,0.0,4.6,5,0,1
1549,11,1,1,0.0,4.6,5,0,1
1550,11,1,1,0.0,4.6,5,0,1
1551,11,1,1,0.0,4.6,5,0,1
1552,11,1,1,0.0,0.0,5,0,1
1553,11,1,1,0.0,0.0,5,0,1
1554,11,1,1,0.0,0.0,5,0,1
1555,11,1,1,27.8,27.8,4,0,2
1556,11,1,1,0.0,27.8,5,0,1
1557,11,1,1,0.0,27.8,5,0,1
1558,11,1,1,0.0,27.8,5,0,1
1559,11,1,1,0.0,27.8,5,0,1
1560,11,1,1,0.0,27.8,5,0,1
1561,11,1,1,0.0,27.8,5,0,1
1562,11,1,1,0.0,27.8,5,0,1
1563,11,1,1,0.0,27.8,5,0,1
1564,11,1,1,0.0,27.8,5,0,1
1565,11,1,1,0.0,27.8,5,0,1
1566,11,1,1,0.0,27.8,5,0,1
1567,11,1,1,0.0,27.8,5,0,1
1568,11,1,1,0.0,27.8,5,0,1
1569,11,1,1,0.0,27.8,5,0,1
1570,11,1,1,0.0,27.8,5,0,1
1571,11,1,1,0.0,27.8,5,0,1
1572,11,1,1,0.0,27.8,5,0,1
1573,11,1,1,0.0,27.8,5,0,1
1574,11,1,1,0.0,27.8,5,0,1
1575,11,1,1,0.0,27.8,5,0,1
1576,11,1,1,3.6,31.4,3,0,1
1577,11,1,1,0.0,31.4,5,0,1
1578,11,1,1,0.0,31.4,5,0,1
1579,11,1,1,3.1,34.5,3,0,1
1580,11,1,1,7.2,41.7,3,0,1
1581,11,1,1,0.0,41.7,5,0,1
1582,11,1,1,11.7,11.7,4,0,1
1583,11,1,1,0.0,11.7,5,0,1
1584,11,1,1,0.0,11.7,5,0,1
1585,11,1,1,20.1,31.8,4,0,2
1586,11,1,1,0.8,32.6,3,0,1
1587,11,1,1,0.0,32.6,5,0,1
1588,11,1,1,21.9,54.5,4,0,2
1589,11,1,1,11.4,65.9,4,0,1
1590,11,1,1,32.4,98.3,4,0,2
1591,11,1,1,0.0,98.3,5,0,1
1592,11,1,1,0.3,98.6,3,0,1
1593,11,1,1,0.0,98.6,5,0,1
1594,11,1,1,0.0,98.6,5,0,1
1595,11,1,1,11.6,110.2,4,0,1
1596,11,1,1,3.1,113.3,3,0,1
1597,11,1,1,0.0,113.3,5,0,1
1598,11,1,1,0.0,113.3,5,0,1
1599,11,1,1,13.4,126.7,4,0,1
1600,11,1,1,4.5,131.2,3,0,1
1601,11,1,1,2.3,133.5,3,0,1
1602,11,1,1,0.0,133.5,5,0,1
1603,11,1,1,4.0,137.5,3,0,1
1604,11,1,1,0.3,137.8,3,0,1
1605,11,1,1,0.0,137.8,5,0,1
1606,11,1,1,0.0,137.8,5,0,1
1607,11,1,1,6.5,144.3,3,0,1
1608,11,1,1,0.0,144.3,5,0,1
1609,11,1,1,0.0,144.3,5,0,1
1610,11,1,1,0.0,144.3,5,0,1
1611,11,1,1,22.3,166.6,4,0,2
1612,11,1,1,0.0,166.6,5,0,1
1613,11,1,1,59.6,59.6,2,0,0
1614,11,1,1,20.0,79.6,4,0,2
1615,11,1,1,35.6,115.2,2,0,0
1616,11,1,1,46.8,162.0,2,0,0
1617,11,1,1,42.1,204.1,2,0,0
1618,11,1,1,14.2,218.3,4,0,1
1619,11,1,1,11.7,230.0,4,0,1
1620,11,1,1,73.5,303.5,6,1,0
1621,11,1,1,3.2,306.7,3,0,1
1622,11,1,1,13.6,320.3,4,0,1
1623,11,1,1,10.9,331.2,4,0,1
1624,11,1,1,14.4,345.6,4,0,1
1625,11,1,1,89.9,435.5,6,1,0
1626,11,1,1,86.2,521.7,6,1,0
1627,11,1,1,3.6,525.3,3,0,1
1628,11,1,1,83.4,608.7,6,1,0
1629,11,1,1,20.0,628.7,4,0,2
1630,11,1,1,2.8,631.5,3,0,1
1631,11,1,1,41.1,672.6,2,0,0
1632,11,1,1,50.5,723.1,2,0,0
1633,11,1,1,2.0,725.1,3,0,1
1634,11,1,1,23.7,748.8,4,0,2
1635,11,1,1,27.1,775.9,4,0,2
1636,11,1,1,44.0,819.9,2,0,0
1637,11,1,1,8.4,828.3,4,0,1
1638,11,1,1,5.9,834.2,3,0,1
1639,11,1,1,34.7,868.9,4,0,2
1640,11,1,1,3.4,872.3,3,0,1
1641,11,1,1,17.1,889.4,4,0,2
1642,11,1,1,123.9,1013.3,1,2,0
1643,11,1,1,7.5,7.5,4,0,1
1644,11,1,1,12.5,20.0,4,0,1
1645,11,1,1,5.1,25.1,3,0,1
1646,11,1,1,19.3,44.4,4,0,2
1647,11,1,1,32.7,77.1,4,0,2
1648,11,1,1,49.3,126.4,2,0,0
1649,11,1,1,39.2,165.6,2,0,0
1650,11,1,1,13.9,179.5,4,0,1
1651,11,1,1,10.5,190.0,4,0,1
1652,11,1,1,8.6,198.6,4,0,1
1653,11,1,1,8.5,207.1,4,0,1
1654,11,1,1,11.0,218.1,4,0,1
1655,11,1,1,28.8,246.9,4,0,2
1656,11,1,1,0.0,246.9,5,0,1
1657,11,1,1,3.6,250.5,3,0,1
1658,11,1,1,9.0,259.5,4,0,1
1659,11,1,1,108.6,368.1,6,1,0
1660,11,1,1,61.9,430.0,2,0,0
1661,11,1,1,51.6,481.6,2,0,0
1662,11,1,1,4.9,486.5,3,0,1
1663,11,1,1,7.2,493.7,3,0,1
1664,11,1,1,48.2,541.9,2,0,0
1665,11,1,1,6.4,548.3,3,0,1
1666,11,1,1,3.5,551.8,3,0,1
1667,11,1,1,15.4,567.2,4,0,2
1668,11,1,1,19.6,586.8,4,0,2
1669,11,1,1,23.2,610.0,4,0,2
1670,11,1,1,22.2,632.2,4,0,2
1671,11,1,1,5.4,637.6,3,0,1
1672,11,1,1,30.7,668.3,4,0,2
1673,11,1,1,42.0,710.3,2,0,0
1674,11,1,1,21.1,21.1,4,0,2
1675,11,1,1,24.4,45.5,4,0,2
1676,11,1,1,3.7,49.2,3,0,1
1677,11,1,1,3.0,52.2,3,0,1
1678,11,1,1,2.5,54.7,3,0,1
1679,11,1,1,60.1,114.8,2,0,0
1680,11,1,1,132.4,247.2,1,2,0
1681,11,1,1,16.4,263.6,4,0,2
1682,11,1,1,12.0,275.6,4,0,1
1683,11,1,1,0.0,275.6,5,0,1
1684,11,1,1,124.9,400.5,1,2,0
1685,11,1,1,29.4,429.9,4,0,2
1686,11,1,1,10.2,440.1,4,0,1
1687,11,1,1,30.1,470.2,4,0,2
1688,11,1,1,89.3,559.5,6,1,0
1689,11,1,1,6.9,566.4,3,0,1
1690,11,1,1,84.0,650.4,6,1,0
1691,11,1,1,16.9,667.3,4,0,2
1692,11,1,1,54.5,721.8,2,0,0
1693,11,1,1,8.7,730.5,4,0,1
1694,11,1,1,70.1,800.6,6,1,0
1695,11,1,1,5.8,806.4,3,0,1
1696,11,1,1,4.3,810.7,3,0,1
1697,11,1,1,4.6,815.3,3,0,1
1698,11,1,1,26.0,841.3,4,0,2
1699,11,1,1,47.6,888.9,2,0,0
1700,11,1,1,52.1,941.0,2,0,0
1701,11,1,1,7.5,948.5,4,0,1
1702,11,1,1,2.2,950.7,3,0,1
1703,11,1,1,1.1,951.8,3,0,1
1704,11,1,1,65.6,1017.4,6,1,0
1705,11,1,1,20.3,20.3,4,0,2
1706,11,1,1,84.6,104.9,6,1,0
1707,11,1,1,19.8,124.7,4,0,2
1708,11,1,1,4.7,129.4,3,0,1
1709,11,1,1,17.8,147.2,4,0,2
1710,11,1,1,41.5,188.7,2,0,0
1711,11,1,1,2.4,191.1,3,0,1
1712,11,1,1,110.3,301.4,6,1,0
1713,11,1,1,13.8,315.2,4,0,1
1714,11,1,1,7.5,322.7,4,0,1
1715,11,1,1,4.8,327.5,3,0,1
1716,11,1,1,15.4,342.9,4,0,2
1717,11,1,1,0.0,342.9,5,0,1
1718,11,1,1,21.9,364.8,4,0,2
1719,11,1,1,49.7,414.5,2,0,0
1720,11,1,1,89.6,504.1,6,1,0
1721,11,1,1,147.1,651.2,1,2,0
1722,11,1,1,16.5,667.7,4,0,2
1723,11,1,1,38.6,706.3,2,0,0
1724,11,1,1,93.0,799.3,6,1,0
1725,11,1,1,39.1,838.4,2,0,0
1726,11,1,1,0.0,838.4,5,0,1
1727,11,1,1,4.6,843.0,3,0,1
1728,11,1,1,12.3,855.3,4,0,1
1729,11,1,1,66.4,921.7,6,1,0
1730,11,1,1,15.6,937.3,4,0,2
1731,11,1,1,8.6,945.9,4,0,1
1732,11,1,1,6.3,952.2,3,0,1
1733,11,1,1,36.9,989.1,2,0,0
1734,11,1,1,11.2,1000.3,4,0,1
1735,11,1,1,18.1,18.1,4,0,2
1736,11,1,1,3.5,21.6,3,0,1
1737,11,1,1,9.9,31.5,4,0,1
1738,11,1,1,0.7,32.2,3,0,1
1739,11,1,1,17.9,50.1,4,0,2
1740,11,1,1,188.2,238.3,1,2,0
1741,11,1,1,15.8,254.1,4,0,2
1742,11,1,1,6.4,260.5,3,0,1
1743,11,1,1,21.1,281.6,4,0,2
1744,11,1,1,10.4,292.0,4,0,1
1745,11,1,1,2.6,294.6,3,0,1
1746,11,1,1,9.0,303.6,4,0,1
1747,11,1,1,0.1,303.7,3,0,1
1748,11,1,1,2.7,306.4,3,0,1
1749,11,1,1,17.4,323.8,4,0,2
1750,11,1,1,7.8,331.6,4,0,1
1751,11,1,1,1.5,333.1,3,0,1
1752,11,1,1,0.4,333.5,3,0,1
1753,11,1,1,7.6,341.1,4,0,1
1754,11,1,1,24.2,365.3,4,0,2
1755,11,1,1,11.1,376.4,4,0,1
1756,11,1,1,2.8,379.2,3,0,1
1757,11,1,1,25.2,404.4,4,0,2
1758,11,1,1,13.0,417.4,4,0,1
1759,11,1,1,1.6,419.0,3,0,1
1760,11,1,1,0.5,419.5,3,0,1
1761,11,1,1,98.1,517.6,6,1,0
1762,11,1,1,0.5,518.1,3,0,1
1763,11,1,1,28.3,546.4,4,0,2
1764,11,1,1,9.0,555.4,4,0,1
1765,11,1,1,1.9,557.3,3,0,1
1766,11,1,1,0.0,0.0,5,0,1
1767,11,1,1,0.0,0.0,5,0,1
1768,11,1,1,0.0,0.0,5,0,1
1769,11,1,1,2.7,2.7,3,0,1
1770,11,1,1,4.3,7.0,3,0,1
1771,11,1,1,0.0,7.0,5,0,1
1772,11,1,1,0.0,7.0,5,0,1
1773,11,1,1,2.5,9.5,3,0,1
1774,11,1,1,12.6,22.1,4,0,1
1775,11,1,1,0.0,22.1,5,0,1
1776,11,1,1,0.0,22.1,5,0,1
1777,11,1,1,95.9,118.0,6,1,0
1778,11,1,1,0.0,118.0,5,0,1
1779,11,1,1,9.0,127.0,4,0,1
1780,11,1,1,0.0,127.0,5,0,1
1781,11,1,1,0.0,127.0,5,0,1
1782,11,1,1,0.0,127.0,5,0,1
1783,11,1,1,3.4,130.4,3,0,1
1784,11,1,1,29.7,160.1,4,0,2
1785,11,1,1,0.0,160.1,5,0,1
1786,11,1,1,289.2,449.3,0,3,0
1787,11,1,1,0.0,449.3,5,0,1
1788,11,1,1,0.0,449.3,5,0,1
1789,11,1,1,52.7,502.0,2,0,0
1790,11,1,1,7.1,509.1,3,0,1
1791,11,1,1,2.7,511.8,3,0,1
1792,11,1,1,0.0,511.8,5,0,1
1793,11,1,1,37.0,548.8,2,0,0
1794,11,1,1,0.0,548.8,5,0,1
1795,11,1,1,34.8,583.6,4,0,2
1796,11,1,1,0.0,0.0,5,0,1
1797,11,1,1,0.0,0.0,5,0,1
1798,11,1,1,0.0,0.0,5,0,1
1799,11,1,1,0.0,0.0,5,0,1
1800,11,1,1,0.0,0.0,5,0,1
1801,11,1,1,0.0,0.0,5,0,1
1802,11,1,1,0.0,0.0,5,0,1
1803,11,1,1,0.0,0.0,5,0,1
1804,11,1,1,0.0,0.0,5,0,1
1805,11,1,1,0.0,0.0,5,0,1
1806,11,1,1,0.0,0.0,5,0,1
1807,11,1,1,0.0,0.0,5,0,1
1808,11,1,1,0.0,0.0,5,0,1
1809,11,1,1,0.0,0.0,5,0,1
1810,11,1,1,0.0,0.0,5,0,1
1811,11,1,1,0.0,0.0,5,0,1
1812,11,1,1,0.0,0.0,5,0,1
1813,11,1,1,0.0,0.0,5,0,1
1814,11,1,1,0.0,0.0,5,0,1
1815,11,1,1,0.0,0.0,5,0,1
1816,11,1,1,0.0,0.0,5,0,1
1817,11,1,1,0.0,0.0,5,0,1
1818,11,1,1,0.0,0.0,5,0,1
1819,11,1,1,0.0,0.0,5,0,1
1820,11,1,1,0.0,0.0,5,0,1
1821,11,1,1,0.0,0.0,5,0,1
1822,11,1,1,0.0,0.0,5,0,1
1823,11,1,1,0.0,0.0,5,0,1
1824,11,1,1,0.0,0.0,5,0,1
1825,11,1,1,0.0,0.0,5,0,1
1826,11,1,1,5.9,5.9,3,0,1
0,4,1,3,0.0,0.0,5,0,1
1,4,1,3,0.0,0.0,5,0,1
2,4,1,3,0.0,0.0,5,0,1
3,4,1,3,6.6,6.6,3,0,1
4,4,1,3,0.0,6.6,5,0,1
5,4,1,3,0.0,6.6,5,0,1
6,4,1,3,0.0,6.6,5,0,1
7,4,1,3,0.0,6.6,5,0,1
8,4,1,3,0.0,6.6,5,0,1
9,4,1,3,0.0,6.6,5,0,1
10,4,1,3,0.0,6.6,5,0,1
11,4,1,3,0.0,6.6,5,0,1
12,4,1,3,0.0,6.6,5,0,1
13,4,1,3,0.0,6.6,5,0,1
14,4,1,3,0.0,6.6,5,0,1
15,4,1,3,2.3,8.9,3,0,1
16,4,1,3,0.0,8.9,5,0,1
17,4,1,3,0.0,8.9,5,0,1
18,4,1,3,0.0,8.9,5,0,1
19,4,1,3,0.0,8.9,5,0,1
20,4,1,3,0.0,8.9,5,0,1
21,4,1,3,0.0,8.9,5,0,1
22,4,1,3,0.0,8.9,5,0,1
23,4,1,3,0.0,8.9,5,0,1
24,4,1,3,0.0,8.9,5,0,1
25,4,1,3,8.4,17.3,4,0,1
26,4,1,3,0.0,17.3,5,0,1
27,4,1,3,0.0,17.3,5,0,1
28,4,1,3,0.0,17.3,5,0,1
29,4,1,3,0.0,17.3,5,0,1
30,4,1,3,0.0,17.3,5,0,1
31,4,1,3,0.0,0.0,5,0,1
32,4,1,3,0.0,0.0,5,0,1
33,4,1,3,0.0,0.0,5,0,1
34,4,1,3,0.0,0.0,5,0,1
35,4,1,3,0.0,0.0,5,0,1
36,4,1,3,0.0,0.0,5,0,1
37,4,1,3,0.0,0.0,5,0,1
38,4,1,3,0.0,0.0,5,0,1
39,4,1,3,0.0,0.0,5,0,1
40,4,1,3,0.0,0.0,5,0,1
41,4,1,3,0.0,0.0,5,0,1
42,4,1,3,0.0,0.0,5,0,1
43,4,1,3,0.0,0.0,5,0,1
44,4,1,3,0.0,0.0,5,0,1
45,4,1,3,0.0,0.0,5,0,1
46,4,1,3,0.0,0.0,5,0,1
47,4,1,3,0.0,0.0,5,0,1
48,4,1,3,0.0,0.0,5,0,1
49,4,1,3,12.0,12.0,4,0,1
50,4,1,3,0.0,12.0,5,0,1
51,4,1,3,0.0,12.0,5,0,1
52,4,1,3,0.0,12.0,5,0,1
53,4,1,3,0.0,12.0,5,0,1
54,4,1,3,0.0,12.0,5,0,1
55,4,1,3,8.3,20.3,4,0,1
56,4,1,3,0.0,20.3,5,0,1
57,4,1,3,0.0,20.3,5,0,1
58,4,1,3,0.0,20.3,5,0,1
59,4,1,3,0.0,20.3,5,0,1
60,4,1,3,0.0,0.0,5,0,1
61,4,1,3,1.6,1.6,3,0,1
62,4,1,3,0.0,1.6,5,0,1
63,4,1,3,0.0,1.6,5,0,1
64,4,1,3,0.0,1.6,5,0,1
65,4,1,3,0.0,1.6,5,0,1
66,4,1,3,0.0,1.6,5,0,1
67,4,1,3,0.0,1.6,5,0,1
68,4,1,3,0.0,1.6,5,0,1
69,4,1,3,0.0,1.6,5,0,1
70,4,1,3,0.0,1.6,5,0,1
71,4,1,3,0.0,1.6,5,0,1
72,4,1,3,0.0,1.6,5,0,1
73,4,1,3,0.0,1.6,5,0,1
74,4,1,3,0.0,1.6,5,0,1
75,4,1,3,0.0,1.6,5,0,1
76,4,1,3,0.0,1.6,5,0,1
77,4,1,3,0.0,1.6,5,0,1
78,4,1,3,2.4,4.0,3,0,1
79,4,1,3,0.0,4.0,5,0,1
80,4,1,3,0.0,4.0,5,0,1
81,4,1,3,0.0,4.0,5,0,1
82,4,1,3,0.0,4.0,5,0,1
83,4,1,3,0.0,4.0,5,0,1
84,4,1,3,0.0,4.0,5,0,1
85,4,1,3,10.1,14.1,4,0,1
86,4,1,3,0.0,14.1,5,0,1
87,4,1,3,0.0,14.1,5,0,1
88,4,1,3,9.5,23.6,4,0,1
89,4,1,3,0.0,23.6,5,0,1
90,4,1,3,1.1,24.7,3,0,1
91,4,1,3,0.0,0.0,5,0,1
92,4,1,3,0.0,0.0,5,0,1
93,4,1,3,0.0,0.0,5,0,1
94,4,1,3,0.0,0.0,5,0,1
95,4,1,3,0.0,0.0,5,0,1
96,4,1,3,4.1,4.1,3,0,1
97,4,1,3,1.9,6.0,3,0,1
98,4,1,3,0.0,6.0,5,0,1
99,4,1,3,0.0,6.0,5,0,1
100,4,1,3,0.0,6.0,5,0,1
101,4,1,3,3.7,9.7,3,0,1
102,4,1,3,0.0,9.7,5,0,1
103,4,1,3,0.0,9.7,5,0,1
104,4,1,3,0.0,9.7,5,0,1
105,4,1,3,7.1,16.8,3,0,1
106,4,1,3,0.0,16.8,5,0,1
107,4,1,3,0.0,16.8,5,0,1
108,4,1,3,0.0,16.8,5,0,1
109,4,1,3,0.0,16.8,5,0,1
110,4,1,3,3.9,20.7,3,0,1
111,4,1,3,0.0,20.7,5,0,1
112,4,1,3,0.0,20.7,5,0,1
113,4,1,3,0.0,20.7,5,0,1
114,4,1,3,0.0,20.7,5,0,1
115,4,1,3,2.0,22.7,3,0,1
116,4,1,3,5.5,28.2,3,0,1
117,4,1,3,0.0,28.2,5,0,1
118,4,1,3,0.0,28.2,5,0,1
119,4,1,3,0.0,28.2,5,0,1
120,4,1,3,0.0,28.2,5,0,1
121,4,1,3,0.0,0.0,5,0,1
122,4,1,3,2.4,2.4,3,0,1
123,4,1,3,8.6,11.0,4,0,1
124,4,1,3,1.1,12.1,3,0,1
125,4,1,3,2.3,14.4,3,0,1
126,4,1,3,0.0,14.4,5,0,1
127,4,1,3,0.0,14.4,5,0,1
128,4,1,3,0.0,14.4,5,0,1
129,4,1,3,0.0,14.4,5,0,1
130,4,1,3,0.0,14.4,5,0,1
131,4,1,3,0.0,14.4,5,0,1
132,4,1,3,0.0,14.4,5,0,1
133,4,1,3,0.0,14.4,5,0,1
134,4,1,3,0.2,14.6,3,0,1
135,4,1,3,0.0,14.6,5,0,1
136,4,1,3,7.2,21.8,3,0,1
137,4,1,3,0.0,21.8,5,0,1
138,4,1,3,3.0,24.8,3,0,1
139,4,1,3,0.0,24.8,5,0,1
140,4,1,3,0.0,24.8,5,0,1
141,4,1,3,0.0,24.8,5,0,1
142,4,1,3,0.0,24.8,5,0,1
143,4,1,3,0.0,24.8,5,0,1
144,4,1,3,0.0,24.8,5,0,1
145,4,1,3,0.0,24.8,5,0,1
146,4,1,3,0.0,24.8,5,0,1
147,4,1,3,0.0,24.8,5,0,1
148,4,1,3,0.0,24.8,5,0,1
149,4,1,3,0.0,24.8,5,0,1
150,4,1,3,0.0,24.8,5,0,1
151,4,1,3,0.0,24.8,5,0,1
152,4,1,3,29.6,29.6,4,0,2
153,4,1,3,19.3,48.9,4,0,2
154,4,1,3,84.1,133.0,6,1,0
155,4,1,3,34.6,167.6,4,0,2
156,4,1,3,3.3,170.9,3,0,1
157,4,1,3,0.5,171.4,3,0,1
158,4,1,3,0.0,171.4,5,0,1
159,4,1,3,0.1,171.5,3,0,1
160,4,1,3,5.5,177.0,3,0,1
161,4,1,3,2.7,179.7,3,0,1
162,4,1,3,0.0,179.7,5,0,1
163,4,1,3,7.9,187.6,4,0,1
164,4,1,3,12.8,200.4,4,0,1
165,4,1,3,27.0,227.4,4,0,2
166,4,1,3,0.0,227.4,5,0,1
167,4,1,3,38.2,265.6,2,0,0
168,4,1,3,14.8,280.4,4,0,1
169,4,1,3,9.5,289.9,4,0,1
170,4,1,3,0.0,289.9,5,0,1
171,4,1,3,16.5,306.4,4,0,2
172,4,1,3,15.7,322.1,4,0,2
173,4,1,3,34.3,356.4,4,0,2
174,4,1,3,1.7,358.1,3,0,1
175,4,1,3,12.2,370.3,4,0,1
176,4,1,3,0.6,370.9,3,0,1
177,4,1,3,14.1,385.0,4,0,1
178,4,1,3,0.3,385.3,3,0,1
179,4,1,3,0.0,385.3,5,0,1
180,4,1,3,1.1,386.4,3,0,1
181,4,1,3,43.0,429.4,2,0,0
182,4,1,3,7.4,7.4,3,0,1
183,4,1,3,15.2,22.6,4,0,2
184,4,1,3,0.0,22.6,5,0,1
185,4,1,3,9.8,32.4,4,0,1
186,4,1,3,24.1,56.5,4,0,2
187,4,1,3,17.1,73.6,4,0,2
188,4,1,3,0.0,73.6,5,0,1
189,4,1,3,17.7,91.3,4,0,2
190,4,1,3,9.2,100.5,4,0,1
191,4,1,3,12.7,113.2,4,0,1
192,4,1,3,22.9,136.1,4,0,2
193,4,1,3,1.9,138.0,3,0,1
194,4,1,3,8.3,146.3,4,0,1
195,4,1,3,18.4,164.7,4,0,2
196,4,1,3,11.4,176.1,4,0,1
197,4,1,3,16.6,192.7,4,0,2
198,4,1,3,0.0,192.7,5,0,1
199,4,1,3,15.3,208.0,4,0,2
200,4,1,3,11.4,219.4,4,0,1
201,4,1,3,10.6,230.0,4,0,1
202,4,1,3,3.7,233.7,3,0,1
203,4,1,3,18.3,252.0,4,0,2
204,4,1,3,0.0,252.0,5,0,1
205,4,1,3,6.9,258.9,3,0,1
206,4,1,3,78.4,337.3,6,1,0
207,4,1,3,8.7,346.0,4,0,1
208,4,1,3,13.6,359.6,4,0,1
209,4,1,3,15.1,374.7,4,0,2
210,4,1,3,43.7,418.4,2,0,0
211,4,1,3,6.1,424.5,3,0,1
212,4,1,3,7.6,432.1,4,0,1
213,4,1,3,5.5,5.5,3,0,1
214,4,1,3,25.3,30.8,4,0,2
215,4,1,3,9.3,40.1,4,0,1
216,4,1,3,16.1,56.2,4,0,2
217,4,1,3,17.8,74.0,4,0,2
218,4,1,3,0.0,74.0,5,0,1
219,4,1,3,7.8,81.8,4,0,1
220,4,1,3,48.6,130.4,2,0,0
221,4,1,3,19.1,149.5,4,0,2
222,4,1,3,38.3,187.8,2,0,0
223,4,1,3,0.0,187.8,5,0,1
224,4,1,3,108.2,296.0,6,1,0
225,4,1,3,16.0,312.0,4,0,2
226,4,1,3,5.3,317.3,3,0,1
227,4,1,3,1.1,318.4,3,0,1
228,4,1,3,33.1,351.5,4,0,2
229,4,1,3,9.7,361.2,4,0,1
230,4,1,3,18.9,380.1,4,0,2
231,4,1,3,72.1,452.2,6,1,0
232,4,1,3,26.9,479.1,4,0,2
233,4,1,3,12.0,491.1,4,0,1
234,4,1,3,9.3,500.4,4,0,1
235,4,1,3,3.6,504.0,3,0,1
236,4,1,3,5.7,509.7,3,0,1
237,4,1,3,37.7,547.4,2,0,0
238,4,1,3,8.9,556.3,4,0,1
239,4,1,3,24.1,580.4,4,0,2
240,4,1,3,27.1,607.5,4,0,2
241,4,1,3,9.4,616.9,4,0,1
242,4,1,3,23.0,639.9,4,0,2
243,4,1,3,15.4,655.3,4,0,2
244,4,1,3,0.0,0.0,5,0,1
245,4,1,3,0.0,0.0,5,0,1
246,4,1,3,16.1,16.1,4,0,2
247,4,1,3,4.2,20.3,3,0,1
248,4,1,3,1.0,21.3,3,0,1
249,4,1,3,0.0,21.3,5,0,1
250,4,1,3,28.5,49.8,4,0,2
251,4,1,3,34.2,84.0,4,0,2
252,4,1,3,0.5,84.5,3,0,1
253,4,1,3,0.5,85.0,3,0,1
254,4,1,3,29.7,114.7,4,0,2
255,4,1,3,17.3,132.0,4,0,2
256,4,1,3,31.4,163.4,4,0,2
257,4,1,3,22.4,185.8,4,0,2
258,4,1,3,0.0,185.8,5,0,1
259,4,1,3,5.6,191.4,3,0,1
260,4,1,3,28.2,219.6,4,0,2
261,4,1,3,10.5,230.1,4,0,1
262,4,1,3,36.3,266.4,2,0,0
263,4,1,3,0.0,266.4,5,0,1
264,4,1,3,39.4,305.8,2,0,0
265,4,1,3,31.0,336.8,4,0,2
266,4,1,3,0.0,336.8,5,0,1
267,4,1,3,21.3,358.1,4,0,2
268,4,1,3,15.4,373.5,4,0,2
269,4,1,3,36.3,409.8,2,0,0
270,4,1,3,10.0,419.8,4,0,1
271,4,1,3,0.0,419.8,5,0,1
272,4,1,3,3.5,423.3,3,0,1
273,4,1,3,5.0,428.3,3,0,1
274,4,1,3,0.2,0.2,3,0,1
275,4,1,3,23.8,24.0,4,0,2
276,4,1,3,0.0,24.0,5,0,1
277,4,1,3,8.5,32.5,4,0,1
278,4,1,3,0.9,33.4,3,0,1
279,4,1,3,4.9,38.3,3,0,1
280,4,1,3,3.4,41.7,3,0,1
281,4,1,3,2.5,44.2,3,0,1
282,4,1,3,0.0,44.2,5,0,1
283,4,1,3,3.6,47.8,3,0,1
284,4,1,3,1.5,49.3,3,0,1
285,4,1,3,8.8,58.1,4,0,1
286,4,1,3,6.9,65.0,3,0,1
287,4,1,3,0.3,65.3,3,0,1
288,4,1,3,1.0,66.3,3,0,1
289,4,1,3,1.1,67.4,3,0,1
290,4,1,3,7.9,75.3,4,0,1
291,4,1,3,10.6,85.9,4,0,1
292,4,1,3,0.0,85.9,5,0,1
293,4,1,3,0.0,85.9,5,0,1
294,4,1,3,0.0,85.9,5,0,1
295,4,1,3,0.0,85.9,5,0,1
296,4,1,3,30.9,116.8,4,0,2
297,4,1,3,6.0,122.8,3,0,1
298,4,1,3,1.0,123.8,3,0,1
299,4,1,3,15.3,139.1,4,0,2
300,4,1,3,16.6,155.7,4,0,2
301,4,1,3,4.2,159.9,3,0,1
302,4,1,3,0.0,159.9,5,0,1
303,4,1,3,5.1,165.0,3,0,1
304,4,1,3,5.9,170.9,3,0,1
305,4,1,3,0.0,0.0,5,0,1
306,4,1,3,3.5,3.5,3,0,1
307,4,1,3,0.0,3.5,5,0,1
308,4,1,3,0.0,3.5,5,0,1
309,4,1,3,0.0,3.5,5,0,1
310,4,1,3,0.0,3.5,5,0,1
311,4,1,3,0.0,3.5,5,0,1
312,4,1,3,8.6,12.1,4,0,1
313,4,1,3,0.0,12.1,5,0,1
314,4,1,3,0.0,12.1,5,0,1
315,4,1,3,0.0,12.1,5,0,1
316,4,1,3,4.5,16.6,3,0,1
317,4,1,3,15.3,31.9,4,0,2
318,4,1,3,0.0,31.9,5,0,1
319,4,1,3,0.0,31.9,5,0,1
320,4,1,3,2.2,34.1,3,0,1
321,4,1,3,0.0,34.1,5,0,1
322,4,1,3,0.0,34.1,5,0,1
323,4,1,3,0.0,34.1,5,0,1
324,4,1,3,0.0,34.1,5,0,1
325,4,1,3,6.1,40.2,3,0,1
326,4,1,3,0.0,40.2,5,0,1
327,4,1,3,0.0,40.2,5,0,1
328,4,1,3,5.1,45.3,3,0,1
329,4,1,3,4.9,50.2,3,0,1
330,4,1,3,0.0,50.2,5,0,1
331,4,1,3,0.0,50.2,5,0,1
332,4,1,3,6.7,56.9,3,0,1
333,4,1,3,0.0,56.9,5,0,1
334,4,1,3,0.0,56.9,5,0,1
335,4,1,3,0.0,0.0,5,0,1
336,4,1,3,0.0,0.0,5,0,1
337,4,1,3,0.0,0.0,5,0,1
338,4,1,3,0.0,0.0,5,0,1
339,4,1,3,0.0,0.0,5,0,1
340,4,1,3,0.0,0.0,5,0,1
341,4,1,3,0.0,0.0,5,0,1
342,4,1,3,0.0,0.0,5,0,1
343,4,1,3,0.0,0.0,5,0,1
344,4,1,3,0.0,0.0,5,0,1
345,4,1,3,0.0,0.0,5,0,1
346,4,1,3,0.0,0.0,5,0,1
347,4,1,3,0.0,0.0,5,0,1
348,4,1,3,0.0,0.0,5,0,1
349,4,1,3,0.0,0.0,5,0,1
350,4,1,3,8.5,8.5,4,0,1
351,4,1,3,0.0,8.5,5,0,1
352,4,1,3,0.0,8.5,5,0,1
353,4,1,3,0.0,8.5,5,0,1
354,4,1,3,0.0,8.5,5,0,1
355,4,1,3,0.0,8.5,5,0,1
356,4,1,3,0.0,8.5,5,0,1
357,4,1,3,0.0,8.5,5,0,1
358,4,1,3,0.0,8.5,5,0,1
359,4,1,3,0.0,8.5,5,0,1
360,4,1,3,0.0,8.5,5,0,1
361,4,1,3,0.0,8.5,5,0,1
362,4,1,3,0.0,8.5,5,0,1
363,4,1,3,0.0,8.5,5,0,1
364,4,1,3,0.0,8.5,5,0,1
365,4,1,3,0.0,8.5,5,0,1
366,4,1,2,2.4,2.4,3,0,1
367,4,1,2,0.0,2.4,5,0,1
368,4,1,2,0.0,2.4,5,0,1
369,4,1,2,0.0,2.4,5,0,1
370,4,1,2,0.0,2.4,5,0,1
371,4,1,2,0.0,2.4,5,0,1
372,4,1,2,0.0,2.4,5,0,1
373,4,1,2,28.4,30.8,4,0,2
374,4,1,2,0.0,30.8,5,0,1
375,4,1,2,0.0,30.8,5,0,1
376,4,1,2,9.2,40.0,4,0,1
377,4,1,2,0.0,40.0,5,0,1
378,4,1,2,0.0,40.0,5,0,1
379,4,1,2,0.0,40.0,5,0,1
380,4,1,2,0.0,40.0,5,0,1
381,4,1,2,0.0,40.0,5,0,1
382,4,1,2,0.0,40.0,5,0,1
383,4,1,2,0.0,40.0,5,0,1
384,4,1,2,5.0,45.0,3,0,1
385,4,1,2,14.7,59.7,4,0,1
386,4,1,2,0.0,59.7,5,0,1
387,4,1,2,0.0,59.7,5,0,1
388,4,1,2,13.6,73.3,4,0,1
389,4,1,2,0.0,73.3,5,0,1
390,4,1,2,0.0,73.3,5,0,1
391,4,1,2,0.0,73.3,5,0,1
392,4,1,2,0.0,73.3,5,0,1
393,4,1,2,0.0,73.3,5,0,1
394,4,1,2,0.0,73.3,5,0,1
395,4,1,2,0.0,73.3,5,0,1
396,4,1,2,0.0,73.3,5,0,1
397,4,1,2,26.2,26.2,4,0,2
398,4,1,2,0.3,26.5,3,0,1
399,4,1,2,0.0,26.5,5,0,1
400,4,1,2,0.0,26.5,5,0,1
401,4,1,2,0.0,26.5,5,0,1
402,4,1,2,0.0,26.5,5,0,1
403,4,1,2,16.6,43.1,4,0,2
404,4,1,2,0.0,43.1,5,0,1
405,4,1,2,0.0,43.1,5,0,1
406,4,1,2,0.0,43.1,5,0,1
407,4,1,2,0.0,43.1,5,0,1
408,4,1,2,0.0,43.1,5,0,1
409,4,1,2,0.0,43.1,5,0,1
410,4,1,2,0.0,43.1,5,0,1
411,4,1,2,0.0,43.1,5,0,1
412,4,1,2,0.0,43.1,5,0,1
413,4,1,2,0.0,43.1,5,0,1
414,4,1,2,0.0,43.1,5,0,1
415,4,1,2,0.0,43.1,5,0,1
416,4,1,2,14.6,57.7,4,0,1
417,4,1,2,0.0,57.7,5,0,1
418,4,1,2,0.0,57.7,5,0,1
419,4,1,2,0.0,57.7,5,0,1
420,4,1,2,15.4,73.1,4,0,2
421,4,1,2,0.0,73.1,5,0,1
422,4,1,2,5.3,78.4,3,0,1
423,4,1,2,0.0,78.4,5,0,1
424,4,1,2,0.0,78.4,5,0,1
425,4,1,2,0.0,0.0,5,0,1
426,4,1,2,0.0,0.0,5,0,1
427,4,1,2,0.0,0.0,5,0,1
428,4,1,2,0.0,0.0,5,0,1
429,4,1,2,15.9,15.9,4,0,2
430,4,1,2,0.0,15.9,5,0,1
431,4,1,2,0.0,15.9,5,0,1
432,4,1,2,0.0,15.9,5,0,1
433,4,1,2,0.0,15.9,5,0,1
434,4,1,2,0.0,15.9,5,0,1
435,4,1,2,0.0,15.9,5,0,1
436,4,1,2,0.0,15.9,5,0,1
437,4,1,2,0.0,15.9,5,0,1
438,4,1,2,0.0,15.9,5,0,1
439,4,1,2,0.0,15.9,5,0,1
440,4,1,2,0.0,15.9,5,0,1
441,4,1,2,0.0,15.9,5,0,1
442,4,1,2,0.0,15.9,5,0,1
443,4,1,2,2.1,18.0,3,0,1
444,4,1,2,0.8,18.8,3,0,1
445,4,1,2,0.0,18.8,5,0,1
446,4,1,2,0.0,18.8,5,0,1
447,4,1,2,0.0,18.8,5,0,1
448,4,1,2,0.0,18.8,5,0,1
449,4,1,2,0.0,18.8,5,0,1
450,4,1,2,0.0,18.8,5,0,1
451,4,1,2,0.0,18.8,5,0,1
452,4,1,2,0.5,19.3,3,0,1
453,4,1,2,0.0,19.3,5,0,1
454,4,1,2,0.0,19.3,5,0,1
455,4,1,2,0.0,19.3,5,0,1
456,4,1,2,0.0,0.0,5,0,1
457,4,1,2,0.0,0.0,5,0,1
458,4,1,2,0.0,0.0,5,0,1
459,4,1,2,28.0,28.0,4,0,2
460,4,1,2,0.0,28.0,5,0,1
461,4,1,2,0.0,28.0,5,0,1
462,4,1,2,0.0,28.0,5,0,1
463,4,1,2,5.9,33.9,3,0,1
464,4,1,2,0.0,33.9,5,0,1
465,4,1,2,0.0,33.9,5,0,1
466,4,1,2,0.0,33.9,5,0,1
467,4,1,2,0.0,33.9,5,0,1
468,4,1,2,0.0,33.9,5,0,1
469,4,1,2,0.0,33.9,5,0,1
470,4,1,2,0.0,33.9,5,0,1
471,4,1,2,0.0,33.9,5,0,1
472,4,1,2,0.0,33.9,5,0,1
473,4,1,2,19.8,53.7,4,0,2
474,4,1,2,0.0,53.7,5,0,1
475,4,1,2,0.0,53.7,5,0,1
476,4,1,2,0.0,53.7,5,0,1
477,4,1,2,0.0,53.7,5,0,1
478,4,1,2,0.0,53.7,5,0,1
479,4,1,2,0.0,53.7,5,0,1
480,4,1,2,0.0,53.7,5,0,1
481,4,1,2,0.0,53.7,5,0,1
482,4,1,2,10.1,63.8,4,0,1
483,4,1,2,0.0,63.8,5,0,1
484,4,1,2,0.0,63.8,5,0,1
485,4,1,2,0.0,63.8,5,0,1
486,4,1,2,0.0,0.0,5,0,1
487,4,1,2,0.0,0.0,5,0,1
488,4,1,2,7.3,7.3,3,0,1
489,4,1,2,10.4,17.7,4,0,1
490,4,1,2,0.0,17.7,5,0,1
491,4,1,2,6.0,23.7,3,0,1
492,4,1,2,0.0,23.7,5,0,1
493,4,1,2,0.3,24.0,3,0,1
494,4,1,2,0.0,24.0,5,0,1
495,4,1,2,0.0,24.0,5,0,1
496,4,1,2,0.0,24.0,5,0,1
497,4,1,2,9.3,33.3,4,0,1
498,4,1,2,0.0,33.3,5,0,1
499,4,1,2,0.0,33.3,5,0,1
500,4,1,2,0.0,33.3,5,0,1
501,4,1,2,0.0,33.3,5,0,1
502,4,1,2,10.0,43.3,4,0,1
503,4,1,2,6.4,49.7,3,0,1
504,4,1,2,0.0,49.7,5,0,1
505,4,1,2,11.3,61.0,4,0,1
506,4,1,2,0.0,61.0,5,0,1
507,4,1,2,1.0,62.0,3,0,1
508,4,1,2,0.0,62.0,5,0,1
509,4,1,2,0.0,62.0,5,0,1
510,4,1,2,0.0,62.0,5,0,1
511,4,1,2,4.0,66.0,3,0,1
512,4,1,2,0.0,66.0,5,0,1
513,4,1,2,0.0,66.0,5,0,1
514,4,1,2,1.8,67.8,3,0,1
515,4,1,2,0.0,67.8,5,0,1
516,4,1,2,0.0,67.8,5,0,1
517,4,1,2,11.0,11.0,4,0,1
518,4,1,2,25.0,36.0,4,0,2
519,4,1,2,42.5,78.5,2,0,0
520,4,1,2,0.0,78.5,5,0,1
521,4,1,2,2.8,81.3,3,0,1
522,4,1,2,2.4,83.7,3,0,1
523,4,1,2,15.0,98.7,4,0,1
524,4,1,2,26.5,125.2,4,0,2
525,4,1,2,15.2,140.4,4,0,2
526,4,1,2,28.2,168.6,4,0,2
527,4,1,2,7.0,175.6,3,0,1
528,4,1,2,33.2,208.8,4,0,2
529,4,1,2,7.3,216.1,3,0,1
530,4,1,2,80.1,296.2,6,1,0
531,4,1,2,32.6,328.8,4,0,2
532,4,1,2,0.0,328.8,5,0,1
533,4,1,2,2.1,330.9,3,0,1
534,4,1,2,43.3,374.2,2,0,0
535,4,1,2,27.9,402.1,4,0,2
536,4,1,2,48.4,450.5,2,0,0
537,4,1,2,36.8,487.3,2,0,0
538,4,1,2,0.0,487.3,5,0,1
539,4,1,2,52.2,539.5,2,0,0
540,4,1,2,0.5,540.0,3,0,1
541,4,1,2,9.9,549.9,4,0,1
542,4,1,2,7.5,557.4,4,0,1
543,4,1,2,0.0,557.4,5,0,1
544,4,1,2,2.3,559.7,3,0,1
545,4,1,2,3.7,563.4,3,0,1
546,4,1,2,20.5,583.9,4,0,2
547,4,1,2,39.1,39.1,2,0,0
548,4,1,2,1.9,41.0,3,0,1
549,4,1,2,95.2,136.2,6,1,0
550,4,1,2,20.1,156.3,4,0,2
551,4,1,2,26.5,182.8,4,0,2
552,4,1,2,16.0,198.8,4,0,2
553,4,1,2,66.9,265.7,6,1,0
554,4,1,2,34.7,300.4,4,0,2
555,4,1,2,23.8,324.2,4,0,2
556,4,1,2,44.7,368.9,2,0,0
557,4,1,2,12.8,381.7,4,0,1
558,4,1,2,5.1,386.8,3,0,1
559,4,1,2,34.8,421.6,4,0,2
560,4,1,2,24.9,446.5,4,0,2
561,4,1,2,6.7,453.2,3,0,1
562,4,1,2,43.0,496.2,2,0,0
563,4,1,2,25.1,521.3,4,0,2
564,4,1,2,4.9,526.2,3,0,1
565,4,1,2,13.1,539.3,4,0,1
566,4,1,2,3.1,542.4,3,0,1
567,4,1,2,145.8,688.2,1,2,0
568,4,1,2,15.6,703.8,4,0,2
569,4,1,2,30.8,734.6,4,0,2
570,4,1,2,12.5,747.1,4,0,1
571,4,1,2,0.5,747.6,3,0,1
572,4,1,2,4.0,751.6,3,0,1
573,4,1,2,15.0,766.6,4,0,1
574,4,1,2,28.9,795.5,4,0,2
575,4,1,2,15.8,811.3,4,0,2
576,4,1,2,79.6,890.9,6,1,0
577,4,1,2,7.7,898.6,4,0,1
578,4,1,2,0.0,0.0,5,0,1
579,4,1,2,0.0,0.0,5,0,1
580,4,1,2,34.6,34.6,4,0,2
581,4,1,2,12.5,47.1,4,0,1
582,4,1,2,0.0,47.1,5,0,1
583,4,1,2,20.9,68.0,4,0,2
584,4,1,2,36.5,104.5,2,0,0
585,4,1,2,7.9,112.4,4,0,1
586,4,1,2,3.5,115.9,3,0,1
587,4,1,2,23.5,139.4,4,0,2
588,4,1,2,23.6,163.0,4,0,2
589,4,1,2,59.4,222.4,2,0,0
590,4,1,2,22.9,245.3,4,0,2
591,4,1,2,0.0,245.3,5,0,1
592,4,1,2,0.0,245.3,5,0,1
593,4,1,2,32.5,277.8,4,0,2
594,4,1,2,6.8,284.6,3,0,1
595,4,1,2,18.7,303.3,4,0,2
596,4,1,2,25.7,329.0,4,0,2
597,4,1,2,13.0,342.0,4,0,1
598,4,1,2,8.3,350.3,4,0,1
599,4,1,2,8.3,358.6,4,0,1
600,4,1,2,73.9,432.5,6,1,0
601,4,1,2,47.8,480.3,2,0,0
602,4,1,2,66.4,546.7,6,1,0
603,4,1,2,36.7,583.4,2,0,0
604,4,1,2,29.4,612.8,4,0,2
605,4,1,2,3.2,616.0,3,0,1
606,4,1,2,14.4,630.4,4,0,1
607,4,1,2,1.6,632.0,3,0,1
608,4,1,2,0.0,632.0,5,0,1
609,4,1,2,10.3,10.3,4,0,1
610,4,1,2,7.5,17.8,4,0,1
611,4,1,2,3.8,21.6,3,0,1
612,4,1,2,48.9,70.5,2,0,0
613,4,1,2,43.4,113.9,2,0,0
614,4,1,2,15.8,129.7,4,0,2
615,4,1,2,43.9,173.6,2,0,0
616,4,1,2,12.3,185.9,4,0,1
617,4,1,2,2.4,188.3,3,0,1
618,4,1,2,17.1,205.4,4,0,2
619,4,1,2,11.7,217.1,4,0,1
620,4,1,2,14.7,231.8,4,0,1
621,4,1,2,8.5,240.3,4,0,1
622,4,1,2,85.0,325.3,6,1,0
623,4,1,2,4.5,329.8,3,0,1
624,4,1,2,26.9,356.7,4,0,2
625,4,1,2,2.5,359.2,3,0,1
626,4,1,2,2.9,362.1,3,0,1
627,4,1,2,46.3,408.4,2,0,0
628,4,1,2,7.2,415.6,3,0,1
629,4,1,2,16.0,431.6,4,0,2
630,4,1,2,5.6,437.2,3,0,1
631,4,1,2,4.7,441.9,3,0,1
632,4,1,2,0.0,441.9,5,0,1
633,4,1,2,9.6,451.5,4,0,1
634,4,1,2,56.6,508.1,2,0,0
635,4,1,2,3.7,511.8,3,0,1
636,4,1,2,28.3,540.1,4,0,2
637,4,1,2,1.6,541.7,3,0,1
638,4,1,2,5.7,547.4,3,0,1
639,4,1,2,2.6,2.6,3,0,1
640,4,1,2,22.3,24.9,4,0,2
641,4,1,2,19.7,44.6,4,0,2
642,4,1,2,7.0,51.6,3,0,1
643,4,1,2,3.8,55.4,3,0,1
644,4,1,2,8.8,64.2,4,0,1
645,4,1,2,1.1,65.3,3,0,1
646,4,1,2,10.2,75.5,4,0,1
647,4,1,2,2.6,78.1,3,0,1
648,4,1,2,1.6,79.7,3,0,1
649,4,1,2,7.9,87.6,4,0,1
650,4,1,2,4.1,91.7,3,0,1
651,4,1,2,20.8,112.5,4,0,2
652,4,1,2,0.7,113.2,3,0,1
653,4,1,2,1.1,114.3,3,0,1
654,4,1,2,17.2,131.5,4,0,2
655,4,1,2,17.4,148.9,4,0,2
656,4,1,2,28.6,177.5,4,0,2
657,4,1,2,0.0,177.5,5,0,1
658,4,1,2,7.9,185.4,4,0,1
659,4,1,2,1.1,186.5,3,0,1
660,4,1,2,15.8,202.3,4,0,2
661,4,1,2,34.4,236.7,4,0,2
662,4,1,2,4.4,241.1,3,0,1
663,4,1,2,25.7,266.8,4,0,2
664,4,1,2,18.8,285.6,4,0,2
665,4,1,2,2.5,288.1,3,0,1
666,4,1,2,1.5,289.6,3,0,1
667,4,1,2,6.1,295.7,3,0,1
668,4,1,2,10.9,306.6,4,0,1
669,4,1,2,0.0,306.6,5,0,1
670,4,1,2,0.0,0.0,5,0,1
671,4,1,2,2.3,2.3,3,0,1
672,4,1,2,0.0,2.3,5,0,1
673,4,1,2,2.5,4.8,3,0,1
674,4,1,2,0.6,5.4,3,0,1
675,4,1,2,33.7,39.1,4,0,2
676,4,1,2,7.6,46.7,4,0,1
677,4,1,2,0.0,46.7,5,0,1
678,4,1,2,0.0,46.7,5,0,1
679,4,1,2,0.0,46.7,5,0,1
680,4,1,2,0.3,47.0,3,0,1
681,4,1,2,9.4,56.4,4,0,1
682,4,1,2,0.0,56.4,5,0,1
683,4,1,2,0.0,56.4,5,0,1
684,4,1,2,0.0,56.4,5,0,1
685,4,1,2,0.0,56.4,5,0,1
686,4,1,2,0.0,56.4,5,0,1
687,4,1,2,0.0,56.4,5,0,1
688,4,1,2,0.0,56.4,5,0,1
689,4,1,2,0.0,56.4,5,0,1
690,4,1,2,0.0,56.4,5,0,1
691,4,1,2,3.9,60.3,3,0,1
692,4,1,2,0.0,60.3,5,0,1
693,4,1,2,0.0,60.3,5,0,1
694,4,1,2,8.6,68.9,4,0,1
695,4,1,2,15.3,84.2,4,0,2
696,4,1,2,0.0,84.2,5,0,1
697,4,1,2,0.0,84.2,5,0,1
698,4,1,2,0.0,84.2,5,0,1
699,4,1,2,0.0,84.2,5,0,1
700,4,1,2,0.0,0.0,5,0,1
701,4,1,2,0.0,0.0,5,0,1
702,4,1,2,0.0,0.0,5,0,1
703,4,1,2,0.0,0.0,5,0,1
704,4,1,2,0.0,0.0,5,0,1
705,4,1,2,0.0,0.0,5,0,1
706,4,1,2,0.0,0.0,5,0,1
707,4,1,2,0.0,0.0,5,0,1
708,4,1,2,0.0,0.0,5,0,1
709,4,1,2,0.0,0.0,5,0,1
710,4,1,2,0.0,0.0,5,0,1
711,4,1,2,0.0,0.0,5,0,1
712,4,1,2,0.0,0.0,5,0,1
713,4,1,2,0.0,0.0,5,0,1
714,4,1,2,0.0,0.0,5,0,1
715,4,1,2,0.0,0.0,5,0,1
716,4,1,2,0.0,0.0,5,0,1
717,4,1,2,0.0,0.0,5,0,1
718,4,1,2,0.0,0.0,5,0,1
719,4,1,2,0.0,0.0,5,0,1
720,4,1,2,0.0,0.0,5,0,1
721,4,1,2,0.0,0.0,5,0,1
722,4,1,2,0.0,0.0,5,0,1
723,4,1,2,0.0,0.0,5,0,1
724,4,1,2,0.0,0.0,5,0,1
725,4,1,2,0.0,0.0,5,0,1
726,4,1,2,0.0,0.0,5,0,1
727,4,1,2,0.0,0.0,5,0,1
728,4,1,2,0.0,0.0,5,0,1
729,4,1,2,0.0,0.0,5,0,1
730,4,1,2,0.0,0.0,5,0,1
731,4,1,0,0.0,0.0,5,0,1
732,4,1,0,0.0,0.0,5,0,1
733,4,1,0,0.0,0.0,5,0,1
734,4,1,0,0.0,0.0,5,0,1
735,4,1,0,0.0,0.0,5,0,1
736,4,1,0,0.0,0.0,5,0,1
737,4,1,0,0.0,0.0,5,0,1
738,4,1,0,0.0,0.0,5,0,1
739,4,1,0,0.0,0.0,5,0,1
740,4,1,0,0.0,0.0,5,0,1
741,4,1,0,0.0,0.0,5,0,1
742,4,1,0,0.0,0.0,5,0,1
743,4,1,0,0.0,0.0,5,0,1
744,4,1,0,0.0,0.0,5,0,1
745,4,1,0,0.0,0.0,5,0,1
746,4,1,0,0.0,0.0,5,0,1
747,4,1,0,0.0,0.0,5,0,1
748,4,1,0,0.0,0.0,5,0,1
749,4,1,0,0.0,0.0,5,0,1
750,4,1,0,0.0,0.0,5,0,1
751,4,1,0,0.0,0.0,5,0,1
752,4,1,0,0.0,0.0,5,0,1
753,4,1,0,0.0,0.0,5,0,1
754,4,1,0,0.0,0.0,5,0,1
755,4,1,0,0.0,0.0,5,0,1
756,4,1,0,0.0,0.0,5,0,1
757,4,1,0,0.0,0.0,5,0,1
758,4,1,0,0.0,0.0,5,0,1
759,4,1,0,0.0,0.0,5,0,1
760,4,1,0,0.0,0.0,5,0,1
761,4,1,0,0.0,0.0,5,0,1
762,4,1,0,0.0,0.0,5,0,1
763,4,1,0,0.0,0.0,5,0,1
764,4,1,0,0.0,0.0,5,0,1
765,4,1,0,0.0,0.0,5,0,1
766,4,1,0,0.0,0.0,5,0,1
767,4,1,0,0.0,0.0,5,0,1
768,4,1,0,0.0,0.0,5,0,1
769,4,1,0,0.0,0.0,5,0,1
770,4,1,0,0.0,0.0,5,0,1
771,4,1,0,0.0,0.0,5,0,1
772,4,1,0,0.0,0.0,5,0,1
773,4,1,0,0.0,0.0,5,0,1
774,4,1,0,0.0,0.0,5,0,1
775,4,1,0,0.0,0.0,5,0,1
776,4,1,0,0.0,0.0,5,0,1
777,4,1,0,0.0,0.0,5,0,1
778,4,1,0,0.0,0.0,5,0,1
779,4,1,0,0.0,0.0,5,0,1
780,4,1,0,0.0,0.0,5,0,1
781,4,1,0,0.0,0.0,5,0,1
782,4,1,0,0.0,0.0,5,0,1
783,4,1,0,0.0,0.0,5,0,1
784,4,1,0,0.0,0.0,5,0,1
785,4,1,0,0.0,0.0,5,0,1
786,4,1,0,0.0,0.0,5,0,1
787,4,1,0,0.0,0.0,5,0,1
788,4,1,0,0.0,0.0,5,0,1
789,4,1,0,0.0,0.0,5,0,1
790,4,1,0,0.0,0.0,5,0,1
791,4,1,0,0.0,0.0,5,0,1
792,4,1,0,0.0,0.0,5,0,1
793,4,1,0,0.0,0.0,5,0,1
794,4,1,0,0.0,0.0,5,0,1
795,4,1,0,0.0,0.0,5,0,1
796,4,1,0,0.0,0.0,5,0,1
797,4,1,0,1.5,1.5,3,0,1
798,4,1,0,0.0,1.5,5,0,1
799,4,1,0,0.0,1.5,5,0,1
800,4,1,0,0.0,1.5,5,0,1
801,4,1,0,0.0,1.5,5,0,1
802,4,1,0,0.0,1.5,5,0,1
803,4,1,0,0.0,1.5,5,0,1
804,4,1,0,0.0,1.5,5,0,1
805,4,1,0,11.6,13.1,4,0,1
806,4,1,0,0.0,13.1,5,0,1
807,4,1,0,0.0,13.1,5,0,1
808,4,1,0,0.0,13.1,5,0,1
809,4,1,0,0.0,13.1,5,0,1
810,4,1,0,0.0,13.1,5,0,1
811,4,1,0,0.0,13.1,5,0,1
812,4,1,0,0.0,13.1,5,0,1
813,4,1,0,0.0,13.1,5,0,1
814,4,1,0,0.0,13.1,5,0,1
815,4,1,0,0.0,13.1,5,0,1
816,4,1,0,2.7,15.8,3,0,1
817,4,1,0,0.0,15.8,5,0,1
818,4,1,0,0.0,15.8,5,0,1
819,4,1,0,0.0,15.8,5,0,1
820,4,1,0,0.0,15.8,5,0,1
821,4,1,0,0.0,0.0,5,0,1
822,4,1,0,0.0,0.0,5,0,1
823,4,1,0,0.4,0.4,3,0,1
824,4,1,0,0.0,0.4,5,0,1
825,4,1,0,2.2,2.6,3,0,1
826,4,1,0,0.0,2.6,5,0,1
827,4,1,0,0.8,3.4,3,0,1
828,4,1,0,0.0,3.4,5,0,1
829,4,1,0,0.0,3.4,5,0,1
830,4,1,0,0.0,3.4,5,0,1
831,4,1,0,0.0,3.4,5,0,1
832,4,1,0,0.0,3.4,5,0,1
833,4,1,0,0.0,3.4,5,0,1
834,4,1,0,0.0,3.4,5,0,1
835,4,1,0,0.0,3.4,5,0,1
836,4,1,0,5.3,8.7,3,0,1
837,4,1,0,0.0,8.7,5,0,1
838,4,1,0,0.0,8.7,5,0,1
839,4,1,0,0.0,8.7,5,0,1
840,4,1,0,0.0,8.7,5,0,1
841,4,1,0,0.0,8.7,5,0,1
842,4,1,0,0.0,8.7,5,0,1
843,4,1,0,0.0,8.7,5,0,1
844,4,1,0,0.0,8.7,5,0,1
845,4,1,0,0.0,8.7,5,0,1
846,4,1,0,0.0,8.7,5,0,1
847,4,1,0,0.0,8.7,5,0,1
848,4,1,0,0.0,8.7,5,0,1
849,4,1,0,0.0,8.7,5,0,1
850,4,1,0,0.0,8.7,5,0,1
851,4,1,0,0.0,0.0,5,0,1
852,4,1,0,0.0,0.0,5,0,1
853,4,1,0,0.0,0.0,5,0,1
854,4,1,0,0.0,0.0,5,0,1
855,4,1,0,0.0,0.0,5,0,1
856,4,1,0,0.0,0.0,5,0,1
857,4,1,0,0.0,0.0,5,0,1
858,4,1,0,0.0,0.0,5,0,1
859,4,1,0,0.0,0.0,5,0,1
860,4,1,0,0.0,0.0,5,0,1
861,4,1,0,0.0,0.0,5,0,1
862,4,1,0,0.0,0.0,5,0,1
863,4,1,0,0.0,0.0,5,0,1
864,4,1,0,0.0,0.0,5,0,1
865,4,1,0,0.0,0.0,5,0,1
866,4,1,0,0.0,0.0,5,0,1
867,4,1,0,0.0,0.0,5,0,1
868,4,1,0,0.0,0.0,5,0,1
869,4,1,0,0.0,0.0,5,0,1
870,4,1,0,0.0,0.0,5,0,1
871,4,1,0,0.0,0.0,5,0,1
872,4,1,0,0.0,0.0,5,0,1
873,4,1,0,0.0,0.0,5,0,1
874,4,1,0,0.0,0.0,5,0,1
875,4,1,0,0.0,0.0,5,0,1
876,4,1,0,0.0,0.0,5,0,1
877,4,1,0,0.0,0.0,5,0,1
878,4,1,0,0.0,0.0,5,0,1
879,4,1,0,0.0,0.0,5,0,1
880,4,1,0,0.0,0.0,5,0,1
881,4,1,0,0.0,0.0,5,0,1
882,4,1,0,0.0,0.0,5,0,1
883,4,1,0,3.1,3.1,3,0,1
884,4,1,0,0.0,3.1,5,0,1
885,4,1,0,0.0,3.1,5,0,1
886,4,1,0,27.1,30.2,4,0,2
887,4,1,0,0.0,30.2,5,0,1
888,4,1,0,0.0,30.2,5,0,1
889,4,1,0,2.9,33.1,3,0,1
890,4,1,0,0.0,33.1,5,0,1
891,4,1,0,0.0,33.1,5,0,1
892,4,1,0,2.0,35.1,3,0,1
893,4,1,0,0.0,35.1,5,0,1
894,4,1,0,0.0,35.1,5,0,1
895,4,1,0,5.2,40.3,3,0,1
896,4,1,0,0.0,40.3,5,0,1
897,4,1,0,5.4,45.7,3,0,1
898,4,1,0,0.0,45.7,5,0,1
899,4,1,0,0.0,45.7,5,0,1
900,4,1,0,20.7,66.4,4,0,2
901,4,1,0,3.6,70.0,3,0,1
902,4,1,0,13.5,83.5,4,0,1
903,4,1,0,0.1,83.6,3,0,1
904,4,1,0,0.0,83.6,5,0,1
905,4,1,0,29.4,113.0,4,0,2
906,4,1,0,0.0,113.0,5,0,1
907,4,1,0,2.0,115.0,3,0,1
908,4,1,0,0.0,115.0,5,0,1
909,4,1,0,8.0,123.0,4,0,1
910,4,1,0,15.2,138.2,4,0,2
911,4,1,0,0.0,138.2,5,0,1
912,4,1,0,0.0,0.0,5,0,1
913,4,1,0,4.8,4.8,3,0,1
914,4,1,0,151.7,156.5,1,2,0
915,4,1,0,0.0,156.5,5,0,1
916,4,1,0,0.2,156.7,3,0,1
917,4,1,0,0.0,156.7,5,0,1
918,4,1,0,0.0,156.7,5,0,1
919,4,1,0,0.0,156.7,5,0,1
920,4,1,0,0.0,156.7,5,0,1
921,4,1,0,9.8,166.5,4,0,1
922,4,1,0,7.6,174.1,4,0,1
923,4,1,0,0.0,174.1,5,0,1
924,4,1,0,30.8,204.9,4,0,2
925,4,1,0,0.0,204.9,5,0,1
926,4,1,0,0.0,204.9,5,0,1
927,4,1,0,1.2,206.1,3,0,1
928,4,1,0,25.0,231.1,4,0,2
929,4,1,0,0.0,231.1,5,0,1
930,4,1,0,0.0,231.1,5,0,1
931,4,1,0,0.0,231.1,5,0,1
932,4,1,0,0.0,231.1,5,0,1
933,4,1,0,0.0,231.1,5,0,1
934,4,1,0,0.0,231.1,5,0,1
935,4,1,0,7.6,238.7,4,0,1
936,4,1,0,4.8,243.5,3,0,1
937,4,1,0,0.0,243.5,5,0,1
938,4,1,0,1.3,244.8,3,0,1
939,4,1,0,0.0,244.8,5,0,1
940,4,1,0,0.0,244.8,5,0,1
941,4,1,0,15.0,259.8,4,0,1
942,4,1,0,0.0,259.8,5,0,1
943,4,1,0,4.6,4.6,3,0,1
944,4,1,0,0.0,4.6,5,0,1
945,4,1,0,8.6,13.2,4,0,1
946,4,1,0,0.0,13.2,5,0,1
947,4,1,0,9.3,22.5,4,0,1
948,4,1,0,0.0,22.5,5,0,1
949,4,1,0,0.0,22.5,5,0,1
950,4,1,0,0.0,22.5,5,0,1
951,4,1,0,0.6,23.1,3,0,1
952,4,1,0,0.0,23.1,5,0,1
953,4,1,0,0.0,23.1,5,0,1
954,4,1,0,0.0,23.1,5,0,1
955,4,1,0,0.0,23.1,5,0,1
956,4,1,0,0.0,23.1,5,0,1
957,4,1,0,4.1,27.2,3,0,1
958,4,1,0,0.0,27.2,5,0,1
959,4,1,0,10.5,37.7,4,0,1
960,4,1,0,0.0,37.7,5,0,1
961,4,1,0,35.7,73.4,2,0,0
962,4,1,0,1.3,74.7,3,0,1
963,4,1,0,0.0,74.7,5,0,1
964,4,1,0,0.0,74.7,5,0,1
965,4,1,0,0.0,74.7,5,0,1
966,4,1,0,0.0,74.7,5,0,1
967,4,1,0,19.9,94.6,4,0,2
968,4,1,0,0.0,94.6,5,0,1
969,4,1,0,0.0,94.6,5,0,1
970,4,1,0,0.0,94.6,5,0,1
971,4,1,0,0.0,94.6,5,0,1
972,4,1,0,0.0,94.6,5,0,1
973,4,1,0,4.3,98.9,3,0,1
974,4,1,0,0.0,0.0,5,0,1
975,4,1,0,13.9,13.9,4,0,1
976,4,1,0,0.0,13.9,5,0,1
977,4,1,0,11.4,25.3,4,0,1
978,4,1,0,0.0,25.3,5,0,1
979,4,1,0,0.9,26.2,3,0,1
980,4,1,0,0.0,26.2,5,0,1
981,4,1,0,1.3,27.5,3,0,1
982,4,1,0,24.6,52.1,4,0,2
983,4,1,0,0.0,52.1,5,0,1
984,4,1,0,0.0,52.1,5,0,1
985,4,1,0,0.0,52.1,5,0,1
986,4,1,0,0.0,52.1,5,0,1
987,4,1,0,5.4,57.5,3,0,1
988,4,1,0,0.0,57.5,5,0,1
989,4,1,0,16.5,74.0,4,0,2
990,4,1,0,0.0,74.0,5,0,1
991,4,1,0,0.0,74.0,5,0,1
992,4,1,0,0.0,74.0,5,0,1
993,4,1,0,0.0,74.0,5,0,1
994,4,1,0,0.0,74.0,5,0,1
995,4,1,0,2.7,76.7,3,0,1
996,4,1,0,0.0,76.7,5,0,1
997,4,1,0,0.0,76.7,5,0,1
998,4,1,0,0.4,77.1,3,0,1
999,4,1,0,7.3,84.4,3,0,1
1000,4,1,0,19.2,103.6,4,0,2
1001,4,1,0,0.0,103.6,5,0,1
1002,4,1,0,0.0,103.6,5,0,1
1003,4,1,0,0.0,103.6,5,0,1
1004,4,1,0,0.2,0.2,3,0,1
1005,4,1,0,0.0,0.2,5,0,1
1006,4,1,0,0.3,0.5,3,0,1
1007,4,1,0,0.0,0.5,5,0,1
1008,4,1,0,0.0,0.5,5,0,1
1009,4,1,0,0.0,0.5,5,0,1
1010,4,1,0,0.0,0.5,5,0,1
1011,4,1,0,0.0,0.5,5,0,1
1012,4,1,0,1.6,2.1,3,0,1
1013,4,1,0,0.0,2.1,5,0,1
1014,4,1,0,0.0,2.1,5,0,1
1015,4,1,0,1.9,4.0,3,0,1
1016,4,1,0,0.4,4.4,3,0,1
1017,4,1,0,0.0,4.4,5,0,1
1018,4,1,0,0.0,4.4,5,0,1
1019,4,1,0,0.4,4.8,3,0,1
1020,4,1,0,0.0,4.8,5,0,1
1021,4,1,0,0.0,4.8,5,0,1
1022,4,1,0,1.4,6.2,3,0,1
1023,4,1,0,0.0,6.2,5,0,1
1024,4,1,0,9.1,15.3,4,0,1
1025,4,1,0,0.0,15.3,5,0,1
1026,4,1,0,0.0,15.3,5,0,1
1027,4,1,0,0.0,15.3,5,0,1
1028,4,1,0,8.8,24.1,4,0,1
1029,4,1,0,0.0,24.1,5,0,1
1030,4,1,0,0.0,24.1,5,0,1
1031,4,1,0,0.0,24.1,5,0,1
1032,4,1,0,0.0,24.1,5,0,1
1033,4,1,0,3.7,27.8,3,0,1
1034,4,1,0,0.0,27.8,5,0,1
1035,4,1,0,0.0,0.0,5,0,1
1036,4,1,0,1.2,1.2,3,0,1
1037,4,1,0,0.0,1.2,5,0,1
1038,4,1,0,0.0,1.2,5,0,1
1039,4,1,0,0.0,1.2,5,0,1
1040,4,1,0,0.0,1.2,5,0,1
1041,4,1,0,0.0,1.2,5,0,1
1042,4,1,0,0.0,1.2,5,0,1
1043,4,1,0,0.0,1.2,5,0,1
1044,4,1,0,0.0,1.2,5,0,1
1045,4,1,0,0.0,1.2,5,0,1
1046,4,1,0,0.0,1.2,5,0,1
1047,4,1,0,0.0,1.2,5,0,1
1048,4,1,0,0.0,1.2,5,0,1
1049,4,1,0,0.0,1.2,5,0,1
1050,4,1,0,0.0,1.2,5,0,1
1051,4,1,0,0.0,1.2,5,0,1
1052,4,1,0,0.0,1.2,5,0,1
1053,4,1,0,0.0,1.2,5,0,1
1054,4,1,0,0.0,1.2,5,0,1
1055,4,1,0,0.0,1.2,5,0,1
1056,4,1,0,0.0,1.2,5,0,1
1057,4,1,0,0.0,1.2,5,0,1
1058,4,1,0,0.0,1.2,5,0,1
1059,4,1,0,0.0,1.2,5,0,1
1060,4,1,0,0.0,1.2,5,0,1
1061,4,1,0,0.0,1.2,5,0,1
1062,4,1,0,0.0,1.2,5,0,1
1063,4,1,0,0.0,1.2,5,0,1
1064,4,1,0,0.0,1.2,5,0,1
1065,4,1,0,0.0,0.0,5,0,1
1066,4,1,0,0.0,0.0,5,0,1
1067,4,1,0,0.0,0.0,5,0,1
1068,4,1,0,0.0,0.0,5,0,1
1069,4,1,0,0.0,0.0,5,0,1
1070,4,1,0,0.0,0.0,5,0,1
1071,4,1,0,0.0,0.0,5,0,1
1072,4,1,0,0.0,0.0,5,0,1
1073,4,1,0,0.0,0.0,5,0,1
1074,4,1,0,0.0,0.0,5,0,1
1075,4,1,0,0.0,0.0,5,0,1
1076,4,1,0,0.0,0.0,5,0,1
1077,4,1,0,0.0,0.0,5,0,1
1078,4,1,0,0.0,0.0,5,0,1
1079,4,1,0,0.0,0.0,5,0,1
1080,4,1,0,0.0,0.0,5,0,1
1081,4,1,0,0.0,0.0,5,0,1
1082,4,1,0,0.0,0.0,5,0,1
1083,4,1,0,1.1,1.1,3,0,1
1084,4,1,0,0.0,1.1,5,0,1
1085,4,1,0,0.0,1.1,5,0,1
1086,4,1,0,0.0,1.1,5,0,1
1087,4,1,0,0.0,1.1,5,0,1
1088,4,1,0,0.0,1.1,5,0,1
1089,4,1,0,0.0,1.1,5,0,1
1090,4,1,0,0.0,1.1,5,0,1
1091,4,1,0,0.0,1.1,5,0,1
1092,4,1,0,0.0,1.1,5,0,1
1093,4,1,0,0.0,1.1,5,0,1
1094,4,1,0,0.0,1.1,5,0,1
1095,4,1,0,0.0,1.1,5,0,1
1096,4,1,3,0.0,0.0,5,0,1
1097,4,1,3,0.0,0.0,5,0,1
1098,4,1,3,0.0,0.0,5,0,1
1099,4,1,3,0.0,0.0,5,0,1
1100,4,1,3,0.0,0.0,5,0,1
1101,4,1,3,0.0,0.0,5,0,1
1102,4,1,3,0.0,0.0,5,0,1
1103,4,1,3,0.0,0.0,5,0,1
1104,4,1,3,0.0,0.0,5,0,1
1105,4,1,3,0.0,0.0,5,0,1
1106,4,1,3,0.0,0.0,5,0,1
1107,4,1,3,0.0,0.0,5,0,1
1108,4,1,3,0.0,0.0,5,0,1
1109,4,1,3,0.0,0.0,5,0,1
1110,4,1,3,0.0,0.0,5,0,1
1111,4,1,3,0.0,0.0,5,0,1
1112,4,1,3,0.0,0.0,5,0,1
1113,4,1,3,0.0,0.0,5,0,1
1114,4,1,3,0.0,0.0,5,0,1
1115,4,1,3,2.2,2.2,3,0,1
1116,4,1,3,0.0,2.2,5,0,1
1117,4,1,3,0.0,2.2,5,0,1
1118,4,1,3,0.0,2.2,5,0,1
1119,4,1,3,0.0,2.2,5,0,1
1120,4,1,3,0.0,2.2,5,0,1
1121,4,1,3,0.0,2.2,5,0,1
1122,4,1,3,0.0,2.2,5,0,1
1123,4,1,3,0.0,2.2,5,0,1
1124,4,1,3,0.0,2.2,5,0,1
1125,4,1,3,0.0,2.2,5,0,1
1126,4,1,3,0.0,2.2,5,0,1
1127,4,1,3,0.0,0.0,5,0,1
1128,4,1,3,0.0,0.0,5,0,1
1129,4,1,3,0.0,0.0,5,0,1
1130,4,1,3,0.0,0.0,5,0,1
1131,4,1,3,0.0,0.0,5,0,1
1132,4,1,3,0.0,0.0,5,0,1
1133,4,1,3,0.0,0.0,5,0,1
1134,4,1,3,0.0,0.0,5,0,1
1135,4,1,3,0.0,0.0,5,0,1
1136,4,1,3,0.0,0.0,5,0,1
1137,4,1,3,0.0,0.0,5,0,1
1138,4,1,3,0.0,0.0,5,0,1
1139,4,1,3,6.4,6.4,3,0,1
1140,4,1,3,0.0,6.4,5,0,1
1141,4,1,3,0.0,6.4,5,0,1
1142,4,1,3,0.0,6.4,5,0,1
1143,4,1,3,0.0,6.4,5,0,1
1144,4,1,3,0.0,6.4,5,0,1
1145,4,1,3,0.0,6.4,5,0,1
1146,4,1,3,0.0,6.4,5,0,1
1147,4,1,3,0.0,6.4,5,0,1
1148,4,1,3,0.0,6.4,5,0,1
1149,4,1,3,4.5,10.9,3,0,1
1150,4,1,3,0.3,11.2,3,0,1
1151,4,1,3,0.0,11.2,5,0,1
1152,4,1,3,0.0,11.2,5,0,1
1153,4,1,3,0.0,11.2,5,0,1
1154,4,1,3,0.0,11.2,5,0,1
1155,4,1,3,0.0,0.0,5,0,1
1156,4,1,3,0.0,0.0,5,0,1
1157,4,1,3,0.0,0.0,5,0,1
1158,4,1,3,0.0,0.0,5,0,1
1159,4,1,3,0.0,0.0,5,0,1
1160,4,1,3,0.0,0.0,5,0,1
1161,4,1,3,0.0,0.0,5,0,1
1162,4,1,3,0.0,0.0,5,0,1
1163,4,1,3,0.0,0.0,5,0,1
1164,4,1,3,0.0,0.0,5,0,1
1165,4,1,3,0.0,0.0,5,0,1
1166,4,1,3,0.0,0.0,5,0,1
1167,4,1,3,0.0,0.0,5,0,1
1168,4,1,3,0.0,0.0,5,0,1
1169,4,1,3,0.0,0.0,5,0,1
1170,4,1,3,0.0,0.0,5,0,1
1171,4,1,3,0.0,0.0,5,0,1
1172,4,1,3,0.0,0.0,5,0,1
1173,4,1,3,0.0,0.0,5,0,1
1174,4,1,3,0.0,0.0,5,0,1
1175,4,1,3,0.0,0.0,5,0,1
1176,4,1,3,0.0,0.0,5,0,1
1177,4,1,3,0.0,0.0,5,0,1
1178,4,1,3,0.0,0.0,5,0,1
1179,4,1,3,0.0,0.0,5,0,1
1180,4,1,3,0.0,0.0,5,0,1
1181,4,1,3,0.0,0.0,5,0,1
1182,4,1,3,0.0,0.0,5,0,1
1183,4,1,3,0.0,0.0,5,0,1
1184,4,1,3,0.0,0.0,5,0,1
1185,4,1,3,0.0,0.0,5,0,1
1186,4,1,3,5.1,5.1,3,0,1
1187,4,1,3,0.0,5.1,5,0,1
1188,4,1,3,0.0,5.1,5,0,1
1189,4,1,3,0.0,5.1,5,0,1
1190,4,1,3,0.0,5.1,5,0,1
1191,4,1,3,0.0,5.1,5,0,1
1192,4,1,3,0.0,5.1,5,0,1
1193,4,1,3,0.0,5.1,5,0,1
1194,4,1,3,0.0,5.1,5,0,1
1195,4,1,3,0.0,5.1,5,0,1
1196,4,1,3,6.8,11.9,3,0,1
1197,4,1,3,0.0,11.9,5,0,1
1198,4,1,3,0.0,11.9,5,0,1
1199,4,1,3,0.0,11.9,5,0,1
1200,4,1,3,1.7,13.6,3,0,1
1201,4,1,3,0.0,13.6,5,0,1
1202,4,1,3,0.0,13.6,5,0,1
1203,4,1,3,0.0,13.6,5,0,1
1204,4,1,3,0.0,13.6,5,0,1
1205,4,1,3,0.0,13.6,5,0,1
1206,4,1,3,8.0,21.6,4,0,1
1207,4,1,3,0.0,21.6,5,0,1
1208,4,1,3,0.0,21.6,5,0,1
1209,4,1,3,0.0,21.6,5,0,1
1210,4,1,3,0.0,21.6,5,0,1
1211,4,1,3,0.0,21.6,5,0,1
1212,4,1,3,4.5,26.1,3,0,1
1213,4,1,3,0.0,26.1,5,0,1
1214,4,1,3,0.0,26.1,5,0,1
1215,4,1,3,0.0,26.1,5,0,1
1216,4,1,3,6.6,6.6,3,0,1
1217,4,1,3,0.0,6.6,5,0,1
1218,4,1,3,2.2,8.8,3,0,1
1219,4,1,3,0.0,8.8,5,0,1
1220,4,1,3,0.0,8.8,5,0,1
1221,4,1,3,0.0,8.8,5,0,1
1222,4,1,3,0.0,8.8,5,0,1
1223,4,1,3,11.5,20.3,4,0,1
1224,4,1,3,0.7,21.0,3,0,1
1225,4,1,3,7.7,28.7,4,0,1
1226,4,1,3,1.7,30.4,3,0,1
1227,4,1,3,0.0,30.4,5,0,1
1228,4,1,3,12.1,42.5,4,0,1
1229,4,1,3,0.0,42.5,5,0,1
1230,4,1,3,6.9,49.4,3,0,1
1231,4,1,3,0.0,49.4,5,0,1
1232,4,1,3,0.7,50.1,3,0,1
1233,4,1,3,0.0,50.1,5,0,1
1234,4,1,3,0.0,50.1,5,0,1
1235,4,1,3,0.0,50.1,5,0,1
1236,4,1,3,0.0,50.1,5,0,1
1237,4,1,3,5.7,55.8,3,0,1
1238,4,1,3,0.0,55.8,5,0,1
1239,4,1,3,0.0,55.8,5,0,1
1240,4,1,3,22.8,78.6,4,0,2
1241,4,1,3,9.1,87.7,4,0,1
1242,4,1,3,10.0,97.7,4,0,1
1243,4,1,3,0.0,97.7,5,0,1
1244,4,1,3,0.0,97.7,5,0,1
1245,4,1,3,8.4,106.1,4,0,1
1246,4,1,3,0.0,106.1,5,0,1
1247,4,1,3,3.8,3.8,3,0,1
1248,4,1,3,19.8,23.6,4,0,2
1249,4,1,3,13.6,37.2,4,0,1
1250,4,1,3,4.9,42.1,3,0,1
1251,4,1,3,0.0,42.1,5,0,1
1252,4,1,3,21.0,63.1,4,0,2
1253,4,1,3,17.5,80.6,4,0,2
1254,4,1,3,76.6,157.2,6,1,0
1255,4,1,3,23.5,180.7,4,0,2
1256,4,1,3,4.6,185.3,3,0,1
1257,4,1,3,0.0,185.3,5,0,1
1258,4,1,3,5.0,190.3,3,0,1
1259,4,1,3,0.0,190.3,5,0,1
1260,4,1,3,60.5,250.8,2,0,0
1261,4,1,3,22.0,272.8,4,0,2
1262,4,1,3,7.7,280.5,4,0,1
1263,4,1,3,33.6,314.1,4,0,2
1264,4,1,3,55.2,369.3,2,0,0
1265,4,1,3,15.0,384.3,4,0,1
1266,4,1,3,37.9,422.2,2,0,0
1267,4,1,3,3.0,425.2,3,0,1
1268,4,1,3,66.5,491.7,6,1,0
1269,4,1,3,4.9,496.6,3,0,1
1270,4,1,3,42.3,538.9,2,0,0
1271,4,1,3,4.7,543.6,3,0,1
1272,4,1,3,0.0,543.6,5,0,1
1273,4,1,3,3.4,547.0,3,0,1
1274,4,1,3,0.0,547.0,5,0,1
1275,4,1,3,25.0,572.0,4,0,2
1276,4,1,3,0.0,572.0,5,0,1
1277,4,1,3,66.4,66.4,6,1,0
1278,4,1,3,7.4,73.8,3,0,1
1279,4,1,3,132.9,206.7,1,2,0
1280,4,1,3,14.3,221.0,4,0,1
1281,4,1,3,0.7,221.7,3,0,1
1282,4,1,3,0.0,221.7,5,0,1
1283,4,1,3,22.2,243.9,4,0,2
1284,4,1,3,13.9,257.8,4,0,1
1285,4,1,3,27.3,285.1,4,0,2
1286,4,1,3,3.9,289.0,3,0,1
1287,4,1,3,2.5,291.5,3,0,1
1288,4,1,3,1.8,293.3,3,0,1
1289,4,1,3,5.2,298.5,3,0,1
1290,4,1,3,3.0,301.5,3,0,1
1291,4,1,3,58.9,360.4,2,0,0
1292,4,1,3,10.1,370.5,4,0,1
1293,4,1,3,2.2,372.7,3,0,1
1294,4,1,3,13.9,386.6,4,0,1
1295,4,1,3,69.8,456.4,6,1,0
1296,4,1,3,98.5,554.9,6,1,0
1297,4,1,3,19.0,573.9,4,0,2
1298,4,1,3,9.0,582.9,4,0,1
1299,4,1,3,5.1,588.0,3,0,1
1300,4,1,3,3.8,591.8,3,0,1
1301,4,1,3,67.5,659.3,6,1,0
1302,4,1,3,7.8,667.1,4,0,1
1303,4,1,3,0.0,667.1,5,0,1
1304,4,1,3,63.4,730.5,2,0,0
1305,4,1,3,1.0,731.5,3,0,1
1306,4,1,3,37.1,768.6,2,0,0
1307,4,1,3,40.0,808.6,2,0,0
1308,4,1,3,0.3,0.3,3,0,1
1309,4,1,3,19.9,20.2,4,0,2
1310,4,1,3,10.0,30.2,4,0,1
1311,4,1,3,5.4,35.6,3,0,1
1312,4,1,3,14.0,49.6,4,0,1
1313,4,1,3,13.3,62.9,4,0,1
1314,4,1,3,36.8,99.7,2,0,0
1315,4,1,3,38.5,138.2,2,0,0
1316,4,1,3,4.4,142.6,3,0,1
1317,4,1,3,11.6,154.2,4,0,1
1318,4,1,3,2.0,156.2,3,0,1
1319,4,1,3,30.6,186.8,4,0,2
1320,4,1,3,11.7,198.5,4,0,1
1321,4,1,3,61.0,259.5,2,0,0
1322,4,1,3,0.6,260.1,3,0,1
1323,4,1,3,1.9,262.0,3,0,1
1324,4,1,3,0.0,262.0,5,0,1
1325,4,1,3,28.6,290.6,4,0,2
1326,4,1,3,32.5,323.1,4,0,2
1327,4,1,3,1.6,324.7,3,0,1
1328,4,1,3,2.1,326.8,3,0,1
1329,4,1,3,30.7,357.5,4,0,2
1330,4,1,3,12.1,369.6,4,0,1
1331,4,1,3,40.2,409.8,2,0,0
1332,4,1,3,23.2,433.0,4,0,2
1333,4,1,3,12.5,445.5,4,0,1
1334,4,1,3,108.5,554.0,6,1,0
1335,4,1,3,0.9,554.9,3,0,1
1336,4,1,3,8.9,563.8,4,0,1
1337,4,1,3,31.0,594.8,4,0,2
1338,4,1,3,6.4,601.2,3,0,1
1339,4,1,3,1.1,1.1,3,0,1
1340,4,1,3,22.2,23.3,4,0,2
1341,4,1,3,44.1,67.4,2,0,0
1342,4,1,3,15.1,82.5,4,0,2
1343,4,1,3,24.2,106.7,4,0,2
1344,4,1,3,18.2,124.9,4,0,2
1345,4,1,3,53.0,177.9,2,0,0
1346,4,1,3,0.0,177.9,5,0,1
1347,4,1,3,5.3,183.2,3,0,1
1348,4,1,3,11.4,194.6,4,0,1
1349,4,1,3,3.1,197.7,3,0,1
1350,4,1,3,1.2,198.9,3,0,1
1351,4,1,3,3.9,202.8,3,0,1
1352,4,1,3,11.8,214.6,4,0,1
1353,4,1,3,0.0,214.6,5,0,1
1354,4,1,3,16.0,230.6,4,0,2
1355,4,1,3,5.9,236.5,3,0,1
1356,4,1,3,47.4,283.9,2,0,0
1357,4,1,3,0.0,283.9,5,0,1
1358,4,1,3,26.5,310.4,4,0,2
1359,4,1,3,4.9,315.3,3,0,1
1360,4,1,3,18.6,333.9,4,0,2
1361,4,1,3,7.6,341.5,4,0,1
1362,4,1,3,6.2,347.7,3,0,1
1363,4,1,3,13.6,361.3,4,0,1
1364,4,1,3,8.9,370.2,4,0,1
1365,4,1,3,10.1,380.3,4,0,1
1366,4,1,3,31.8,412.1,4,0,2
1367,4,1,3,17.9,430.0,4,0,2
1368,4,1,3,3.8,433.8,3,0,1
1369,4,1,3,1.2,1.2,3,0,1
1370,4,1,3,1.4,2.6,3,0,1
1371,4,1,3,2.7,5.3,3,0,1
1372,4,1,3,2.9,8.2,3,0,1
1373,4,1,3,0.1,8.3,3,0,1
1374,4,1,3,0.0,8.3,5,0,1
1375,4,1,3,9.3,17.6,4,0,1
1376,4,1,3,3.1,20.7,3,0,1
1377,4,1,3,0.0,20.7,5,0,1
1378,4,1,3,8.4,29.1,4,0,1
1379,4,1,3,0.0,29.1,5,0,1
1380,4,1,3,0.0,29.1,5,0,1
1381,4,1,3,0.0,29.1,5,0,1
1382,4,1,3,2.8,31.9,3,0,1
1383,4,1,3,4.7,36.6,3,0,1
1384,4,1,3,2.1,38.7,3,0,1
1385,4,1,3,8.7,47.4,4,0,1
1386,4,1,3,0.0,47.4,5,0,1
1387,4,1,3,0.0,47.4,5,0,1
1388,4,1,3,3.5,50.9,3,0,1
1389,4,1,3,15.4,66.3,4,0,2
1390,4,1,3,0.0,66.3,5,0,1
1391,4,1,3,7.6,73.9,4,0,1
1392,4,1,3,8.7,82.6,4,0,1
1393,4,1,3,4.9,87.5,3,0,1
1394,4,1,3,0.4,87.9,3,0,1
1395,4,1,3,10.1,98.0,4,0,1
1396,4,1,3,6.2,104.2,3,0,1
1397,4,1,3,1.1,105.3,3,0,1
1398,4,1,3,4.7,110.0,3,0,1
1399,4,1,3,8.4,118.4,4,0,1
1400,4,1,3,0.0,0.0,5,0,1
1401,4,1,3,0.0,0.0,5,0,1
1402,4,1,3,1.5,1.5,3,0,1
1403,4,1,3,0.0,1.5,5,0,1
1404,4,1,3,0.0,1.5,5,0,1
1405,4,1,3,11.0,12.5,4,0,1
1406,4,1,3,0.0,12.5,5,0,1
1407,4,1,3,0.0,12.5,5,0,1
1408,4,1,3,19.2,31.7,4,0,2
1409,4,1,3,0.0,31.7,5,0,1
1410,4,1,3,0.0,31.7,5,0,1
1411,4,1,3,0.0,31.7,5,0,1
1412,4,1,3,0.0,31.7,5,0,1
1413,4,1,3,0.0,31.7,5,0,1
1414,4,1,3,0.0,31.7,5,0,1
1415,4,1,3,0.0,31.7,5,0,1
1416,4,1,3,4.8,36.5,3,0,1
1417,4,1,3,0.0,36.5,5,0,1
1418,4,1,3,0.0,36.5,5,0,1
1419,4,1,3,0.0,36.5,5,0,1
1420,4,1,3,0.0,36.5,5,0,1
1421,4,1,3,0.0,36.5,5,0,1
1422,4,1,3,2.2,38.7,3,0,1
1423,4,1,3,0.0,38.7,5,0,1
1424,4,1,3,12.6,51.3,4,0,1
1425,4,1,3,0.0,51.3,5,0,1
1426,4,1,3,0.0,51.3,5,0,1
1427,4,1,3,0.0,51.3,5,0,1
1428,4,1,3,0.0,51.3,5,0,1
1429,4,1,3,0.0,51.3,5,0,1
1430,4,1,3,0.0,0.0,5,0,1
1431,4,1,3,0.0,0.0,5,0,1
1432,4,1,3,0.0,0.0,5,0,1
1433,4,1,3,0.0,0.0,5,0,1
1434,4,1,3,0.0,0.0,5,0,1
1435,4,1,3,0.0,0.0,5,0,1
1436,4,1,3,0.0,0.0,5,0,1
1437,4,1,3,0.0,0.0,5,0,1
1438,4,1,3,0.0,0.0,5,0,1
1439,4,1,3,0.0,0.0,5,0,1
1440,4,1,3,0.0,0.0,5,0,1
1441,4,1,3,0.0,0.0,5,0,1
1442,4,1,3,0.0,0.0,5,0,1
1443,4,1,3,0.0,0.0,5,0,1
1444,4,1,3,1.2,1.2,3,0,1
1445,4,1,3,0.9,2.1,3,0,1
1446,4,1,3,0.0,2.1,5,0,1
1447,4,1,3,0.0,2.1,5,0,1
1448,4,1,3,0.0,2.1,5,0,1
1449,4,1,3,0.0,2.1,5,0,1
1450,4,1,3,0.0,2.1,5,0,1
1451,4,1,3,0.0,2.1,5,0,1
1452,4,1,3,0.0,2.1,5,0,1
1453,4,1,3,0.0,2.1,5,0,1
1454,4,1,3,0.0,2.1,5,0,1
1455,4,1,3,0.0,2.1,5,0,1
1456,4,1,3,0.0,2.1,5,0,1
1457,4,1,3,0.2,2.3,3,0,1
1458,4,1,3,0.0,2.3,5,0,1
1459,4,1,3,0.0,2.3,5,0,1
1460,4,1,3,0.0,2.3,5,0,1
1461,4,1,1,0.0,0.0,5,0,1
1462,4,1,1,0.0,0.0,5,0,1
1463,4,1,1,0.0,0.0,5,0,1
1464,4,1,1,0.0,0.0,5,0,1
1465,4,1,1,0.0,0.0,5,0,1
1466,4,1,1,31.2,31.2,4,0,2
1467,4,1,1,0.0,31.2,5,0,1
1468,4,1,1,0.0,31.2,5,0,1
1469,4,1,1,0.0,31.2,5,0,1
1470,4,1,1,0.0,31.2,5,0,1
1471,4,1,1,0.0,31.2,5,0,1
1472,4,1,1,0.0,31.2,5,0,1
1473,4,1,1,1.1,32.3,3,0,1
1474,4,1,1,0.0,32.3,5,0,1
1475,4,1,1,0.0,32.3,5,0,1
1476,4,1,1,6.8,39.1,3,0,1
1477,4,1,1,0.0,39.1,5,0,1
1478,4,1,1,0.0,39.1,5,0,1
1479,4,1,1,0.0,39.1,5,0,1
1480,4,1,1,0.0,39.1,5,0,1
1481,4,1,1,0.0,39.1,5,0,1
1482,4,1,1,0.0,39.1,5,0,1
1483,4,1,1,0.0,39.1,5,0,1
1484,4,1,1,0.0,39.1,5,0,1
1485,4,1,1,0.0,39.1,5,0,1
1486,4,1,1,0.0,39.1,5,0,1
1487,4,1,1,0.0,39.1,5,0,1
1488,4,1,1,0.0,39.1,5,0,1
1489,4,1,1,0.0,39.1,5,0,1
1490,4,1,1,0.0,39.1,5,0,1
1491,4,1,1,0.0,39.1,5,0,1
1492,4,1,1,2.0,2.0,3,0,1
1493,4,1,1,0.3,2.3,3,0,1
1494,4,1,1,0.0,2.3,5,0,1
1495,4,1,1,0.0,2.3,5,0,1
1496,4,1,1,0.0,2.3,5,0,1
1497,4,1,1,0.0,2.3,5,0,1
1498,4,1,1,0.0,2.3,5,0,1
1499,4,1,1,0.0,2.3,5,0,1
1500,4,1,1,0.0,2.3,5,0,1
1501,4,1,1,0.0,2.3,5,0,1
1502,4,1,1,0.0,2.3,5,0,1
1503,4,1,1,0.0,2.3,5,0,1
1504,4,1,1,0.0,2.3,5,0,1
1505,4,1,1,0.0,2.3,5,0,1
1506,4,1,1,1.5,3.8,3,0,1
1507,4,1,1,0.0,3.8,5,0,1
1508,4,1,1,0.0,3.8,5,0,1
1509,4,1,1,0.0,3.8,5,0,1
1510,4,1,1,0.0,3.8,5,0,1
1511,4,1,1,0.0,3.8,5,0,1
1512,4,1,1,0.0,3.8,5,0,1
1513,4,1,1,0.0,3.8,5,0,1
1514,4,1,1,0.0,3.8,5,0,1
1515,4,1,1,0.0,3.8,5,0,1
1516,4,1,1,0.0,3.8,5,0,1
1517,4,1,1,0.0,3.8,5,0,1
1518,4,1,1,0.0,3.8,5,0,1
1519,4,1,1,12.7,16.5,4,0,1
1520,4,1,1,0.0,16.5,5,0,1
1521,4,1,1,10.5,10.5,4,0,1
1522,4,1,1,0.0,10.5,5,0,1
1523,4,1,1,0.0,10.5,5,0,1
1524,4,1,1,0.0,10.5,5,0,1
1525,4,1,1,0.0,10.5,5,0,1
1526,4,1,1,0.0,10.5,5,0,1
1527,4,1,1,0.0,10.5,5,0,1
1528,4,1,1,0.0,10.5,5,0,1
1529,4,1,1,0.0,10.5,5,0,1
1530,4,1,1,0.0,10.5,5,0,1
1531,4,1,1,0.0,10.5,5,0,1
1532,4,1,1,0.0,10.5,5,0,1
1533,4,1,1,0.0,10.5,5,0,1
1534,4,1,1,0.0,10.5,5,0,1
1535,4,1,1,0.0,10.5,5,0,1
1536,4,1,1,0.0,10.5,5,0,1
1537,4,1,1,0.0,10.5,5,0,1
1538,4,1,1,0.0,10.5,5,0,1
1539,4,1,1,0.5,11.0,3,0,1
1540,4,1,1,0.0,11.0,5,0,1
1541,4,1,1,0.0,11.0,5,0,1
1542,4,1,1,0.0,11.0,5,0,1
1543,4,1,1,0.0,11.0,5,0,1
1544,4,1,1,0.0,11.0,5,0,1
1545,4,1,1,0.0,11.0,5,0,1
1546,4,1,1,0.0,11.0,5,0,1
1547,4,1,1,0.0,11.0,5,0,1
1548,4,1,1,0.0,11.0,5,0,1
1549,4,1,1,0.0,11.0,5,0,1
1550,4,1,1,0.0,11.0,5,0,1
1551,4,1,1,0.0,11.0,5,0,1
1552,4,1,1,12.1,12.1,4,0,1
1553,4,1,1,0.0,12.1,5,0,1
1554,4,1,1,8.2,20.3,4,0,1
1555,4,1,1,2.1,22.4,3,0,1
1556,4,1,1,0.0,22.4,5,0,1
1557,4,1,1,0.0,22.4,5,0,1
1558,4,1,1,0.0,22.4,5,0,1
1559,4,1,1,0.0,22.4,5,0,1
1560,4,1,1,0.0,22.4,5,0,1
1561,4,1,1,0.0,22.4,5,0,1
1562,4,1,1,0.0,22.4,5,0,1
1563,4,1,1,0.0,22.4,5,0,1
1564,4,1,1,0.0,22.4,5,0,1
1565,4,1,1,0.0,22.4,5,0,1
1566,4,1,1,0.0,22.4,5,0,1
1567,4,1,1,0.0,22.4,5,0,1
1568,4,1,1,0.0,22.4,5,0,1
1569,4,1,1,0.0,22.4,5,0,1
1570,4,1,1,5.0,27.4,3,0,1
1571,4,1,1,0.0,27.4,5,0,1
1572,4,1,1,20.3,47.7,4,0,2
1573,4,1,1,0.0,47.7,5,0,1
1574,4,1,1,2.8,50.5,3,0,1
1575,4,1,1,0.0,50.5,5,0,1
1576,4,1,1,0.0,50.5,5,0,1
1577,4,1,1,0.0,50.5,5,0,1
1578,4,1,1,0.0,50.5,5,0,1
1579,4,1,1,0.0,50.5,5,0,1
1580,4,1,1,0.0,50.5,5,0,1
1581,4,1,1,0.0,50.5,5,0,1
1582,4,1,1,12.5,12.5,4,0,1
1583,4,1,1,0.0,12.5,5,0,1
1584,4,1,1,3.1,15.6,3,0,1
1585,4,1,1,16.7,32.3,4,0,2
1586,4,1,1,0.0,32.3,5,0,1
1587,4,1,1,11.5,43.8,4,0,1
1588,4,1,1,0.0,43.8,5,0,1
1589,4,1,1,27.7,71.5,4,0,2
1590,4,1,1,0.0,71.5,5,0,1
1591,4,1,1,0.0,71.5,5,0,1
1592,4,1,1,6.8,78.3,3,0,1
1593,4,1,1,0.0,78.3,5,0,1
1594,4,1,1,23.6,101.9,4,0,2
1595,4,1,1,12.5,114.4,4,0,1
1596,4,1,1,2.2,116.6,3,0,1
1597,4,1,1,0.0,116.6,5,0,1
1598,4,1,1,0.0,116.6,5,0,1
1599,4,1,1,10.0,126.6,4,0,1
1600,4,1,1,0.0,126.6,5,0,1
1601,4,1,1,19.0,145.6,4,0,2
1602,4,1,1,0.0,145.6,5,0,1
1603,4,1,1,10.1,155.7,4,0,1
1604,4,1,1,4.0,159.7,3,0,1
1605,4,1,1,0.0,159.7,5,0,1
1606,4,1,1,2.0,161.7,3,0,1
1607,4,1,1,0.0,161.7,5,0,1
1608,4,1,1,6.0,167.7,3,0,1
1609,4,1,1,0.0,167.7,5,0,1
1610,4,1,1,0.0,167.7,5,0,1
1611,4,1,1,1.7,169.4,3,0,1
1612,4,1,1,0.0,169.4,5,0,1
1613,4,1,1,19.7,19.7,4,0,2
1614,4,1,1,135.5,155.2,1,2,0
1615,4,1,1,19.0,174.2,4,0,2
1616,4,1,1,2.1,176.3,3,0,1
1617,4,1,1,16.4,192.7,4,0,2
1618,4,1,1,52.8,245.5,2,0,0
1619,4,1,1,7.1,252.6,3,0,1
1620,4,1,1,12.2,264.8,4,0,1
1621,4,1,1,82.3,347.1,6,1,0
1622,4,1,1,63.0,410.1,2,0,0
1623,4,1,1,64.6,474.7,6,1,0
1624,4,1,1,42.4,517.1,2,0,0
1625,4,1,1,3.4,520.5,3,0,1
1626,4,1,1,30.7,551.2,4,0,2
1627,4,1,1,125.8,677.0,1,2,0
1628,4,1,1,1.9,678.9,3,0,1
1629,4,1,1,3.8,682.7,3,0,1
1630,4,1,1,29.3,712.0,4,0,2
1631,4,1,1,27.2,739.2,4,0,2
1632,4,1,1,3.7,742.9,3,0,1
1633,4,1,1,64.7,807.6,6,1,0
1634,4,1,1,12.9,820.5,4,0,1
1635,4,1,1,28.2,848.7,4,0,2
1636,4,1,1,0.0,848.7,5,0,1
1637,4,1,1,39.0,887.7,2,0,0
1638,4,1,1,2.2,889.9,3,0,1
1639,4,1,1,35.0,924.9,4,0,2
1640,4,1,1,12.6,937.5,4,0,1
1641,4,1,1,135.2,1072.7,1,2,0
1642,4,1,1,15.3,1088.0,4,0,2
1643,4,1,1,20.5,20.5,4,0,2
1644,4,1,1,89.4,109.9,6,1,0
1645,4,1,1,0.6,110.5,3,0,1
1646,4,1,1,0.0,110.5,5,0,1
1647,4,1,1,52.1,162.6,2,0,0
1648,4,1,1,41.7,204.3,2,0,0
1649,4,1,1,128.1,332.4,1,2,0
1650,4,1,1,35.8,368.2,2,0,0
1651,4,1,1,25.6,393.8,4,0,2
1652,4,1,1,154.2,548.0,1,2,0
1653,4,1,1,106.6,654.6,6,1,0
1654,4,1,1,11.9,666.5,4,0,1
1655,4,1,1,24.5,691.0,4,0,2
1656,4,1,1,55.3,746.3,2,0,0
1657,4,1,1,52.7,799.0,2,0,0
1658,4,1,1,0.0,799.0,5,0,1
1659,4,1,1,215.6,1014.6,0,3,0
1660,4,1,1,141.8,1156.4,1,2,0
1661,4,1,1,3.5,1159.9,3,0,1
1662,4,1,1,39.8,1199.7,2,0,0
1663,4,1,1,39.1,1238.8,2,0,0
1664,4,1,1,51.9,1290.7,2,0,0
1665,4,1,1,0.0,1290.7,5,0,1
1666,4,1,1,6.8,1297.5,3,0,1
1667,4,1,1,39.8,1337.3,2,0,0
1668,4,1,1,0.7,1338.0,3,0,1
1669,4,1,1,133.7,1471.7,1,2,0
1670,4,1,1,22.1,1493.8,4,0,2
1671,4,1,1,12.1,1505.9,4,0,1
1672,4,1,1,142.0,1647.9,1,2,0
1673,4,1,1,13.9,1661.8,4,0,1
1674,4,1,1,173.0,173.0,1,2,0
1675,4,1,1,37.4,210.4,2,0,0
1676,4,1,1,7.5,217.9,4,0,1
1677,4,1,1,0.0,217.9,5,0,1
1678,4,1,1,1.2,219.1,3,0,1
1679,4,1,1,5.7,224.8,3,0,1
1680,4,1,1,10.6,235.4,4,0,1
1681,4,1,1,26.7,262.1,4,0,2
1682,4,1,1,13.4,275.5,4,0,1
1683,4,1,1,66.5,342.0,6,1,0
1684,4,1,1,6.5,348.5,3,0,1
1685,4,1,1,4.3,352.8,3,0,1
1686,4,1,1,18.1,370.9,4,0,2
1687,4,1,1,30.8,401.7,4,0,2
1688,4,1,1,21.1,422.8,4,0,2
1689,4,1,1,47.5,470.3,2,0,0
1690,4,1,1,45.9,516.2,2,0,0
1691,4,1,1,16.6,532.8,4,0,2
1692,4,1,1,11.5,544.3,4,0,1
1693,4,1,1,8.3,552.6,4,0,1
1694,4,1,1,26.3,578.9,4,0,2
1695,4,1,1,24.1,603.0,4,0,2
1696,4,1,1,28.0,631.0,4,0,2
1697,4,1,1,40.6,671.6,2,0,0
1698,4,1,1,10.4,682.0,4,0,1
1699,4,1,1,10.0,692.0,4,0,1
1700,4,1,1,32.4,724.4,4,0,2
1701,4,1,1,11.0,735.4,4,0,1
1702,4,1,1,44.5,779.9,2,0,0
1703,4,1,1,5.3,785.2,3,0,1
1704,4,1,1,64.3,849.5,2,0,0
1705,4,1,1,10.0,10.0,4,0,1
1706,4,1,1,68.9,78.9,6,1,0
1707,4,1,1,0.0,78.9,5,0,1
1708,4,1,1,4.8,83.7,3,0,1
1709,4,1,1,35.4,119.1,4,0,0
1710,4,1,1,45.9,165.0,2,0,0
1711,4,1,1,27.7,192.7,4,0,2
1712,4,1,1,14.6,207.3,4,0,1
1713,4,1,1,2.8,210.1,3,0,1
1714,4,1,1,59.6,269.7,2,0,0
1715,4,1,1,33.4,303.1,4,0,2
1716,4,1,1,3.6,306.7,3,0,1
1717,4,1,1,25.2,331.9,4,0,2
1718,4,1,1,22.1,354.0,4,0,2
1719,4,1,1,134.8,488.8,1,2,0
1720,4,1,1,7.9,496.7,4,0,1
1721,4,1,1,27.2,523.9,4,0,2
1722,4,1,1,0.0,523.9,5,0,1
1723,4,1,1,37.6,561.5,2,0,0
1724,4,1,1,16.0,577.5,4,0,2
1725,4,1,1,10.9,588.4,4,0,1
1726,4,1,1,26.8,615.2,4,0,2
1727,4,1,1,28.9,644.1,4,0,2
1728,4,1,1,64.4,708.5,2,0,0
1729,4,1,1,4.2,712.7,3,0,1
1730,4,1,1,2.6,715.3,3,0,1
1731,4,1,1,0.0,715.3,5,0,1
1732,4,1,1,15.7,731.0,4,0,2
1733,4,1,1,2.9,733.9,3,0,1
1734,4,1,1,27.9,761.8,4,0,2
1735,4,1,1,6.3,6.3,3,0,1
1736,4,1,1,28.8,35.1,4,0,2
1737,4,1,1,9.8,44.9,4,0,1
1738,4,1,1,3.1,48.0,3,0,1
1739,4,1,1,20.1,68.1,4,0,2
1740,4,1,1,1.3,69.4,3,0,1
1741,4,1,1,12.2,81.6,4,0,1
1742,4,1,1,11.9,93.5,4,0,1
1743,4,1,1,0.4,93.9,3,0,1
1744,4,1,1,12.6,106.5,4,0,1
1745,4,1,1,21.8,128.3,4,0,2
1746,4,1,1,1.6,129.9,3,0,1
1747,4,1,1,19.7,149.6,4,0,2
1748,4,1,1,3.0,152.6,3,0,1
1749,4,1,1,8.3,160.9,4,0,1
1750,4,1,1,0.9,161.8,3,0,1
1751,4,1,1,27.8,189.6,4,0,2
1752,4,1,1,8.3,197.9,4,0,1
1753,4,1,1,0.0,197.9,5,0,1
1754,4,1,1,3.6,201.5,3,0,1
1755,4,1,1,8.1,209.6,4,0,1
1756,4,1,1,3.3,212.9,3,0,1
1757,4,1,1,23.0,235.9,4,0,2
1758,4,1,1,10.7,246.6,4,0,1
1759,4,1,1,7.7,254.3,4,0,1
1760,4,1,1,8.9,263.2,4,0,1
1761,4,1,1,15.6,278.8,4,0,2
1762,4,1,1,84.5,363.3,6,1,0
1763,4,1,1,26.3,389.6,4,0,2
1764,4,1,1,7.9,397.5,4,0,1
1765,4,1,1,0.0,397.5,5,0,1
1766,4,1,1,0.0,0.0,5,0,1
1767,4,1,1,0.0,0.0,5,0,1
1768,4,1,1,0.0,0.0,5,0,1
1769,4,1,1,0.0,0.0,5,0,1
1770,4,1,1,54.7,54.7,2,0,0
1771,4,1,1,181.2,235.9,1,2,0
1772,4,1,1,9.2,245.1,4,0,1
1773,4,1,1,0.0,245.1,5,0,1
1774,4,1,1,12.1,257.2,4,0,1
1775,4,1,1,1.9,259.1,3,0,1
1776,4,1,1,0.0,259.1,5,0,1
1777,4,1,1,0.0,259.1,5,0,1
1778,4,1,1,0.0,259.1,5,0,1
1779,4,1,1,0.0,259.1,5,0,1
1780,4,1,1,0.0,259.1,5,0,1
1781,4,1,1,14.9,274.0,4,0,1
1782,4,1,1,0.0,274.0,5,0,1
1783,4,1,1,2.8,276.8,3,0,1
1784,4,1,1,0.0,276.8,5,0,1
1785,4,1,1,1.9,278.7,3,0,1
1786,4,1,1,31.5,310.2,4,0,2
1787,4,1,1,23.3,333.5,4,0,2
1788,4,1,1,9.2,342.7,4,0,1
1789,4,1,1,12.4,355.1,4,0,1
1790,4,1,1,0.0,355.1,5,0,1
1791,4,1,1,0.0,355.1,5,0,1
1792,4,1,1,0.0,355.1,5,0,1
1793,4,1,1,241.6,596.7,0,3,0
1794,4,1,1,0.0,596.7,5,0,1
1795,4,1,1,44.1,640.8,2,0,0
1796,4,1,1,0.0,0.0,5,0,1
1797,4,1,1,0.0,0.0,5,0,1
1798,4,1,1,0.0,0.0,5,0,1
1799,4,1,1,0.0,0.0,5,0,1
1800,4,1,1,0.0,0.0,5,0,1
1801,4,1,1,0.0,0.0,5,0,1
1802,4,1,1,0.0,0.0,5,0,1
1803,4,1,1,11.0,11.0,4,0,1
1804,4,1,1,0.0,11.0,5,0,1
1805,4,1,1,0.0,11.0,5,0,1
1806,4,1,1,0.0,11.0,5,0,1
1807,4,1,1,42.5,53.5,2,0,0
1808,4,1,1,0.0,53.5,5,0,1
1809,4,1,1,0.0,53.5,5,0,1
1810,4,1,1,0.0,53.5,5,0,1
1811,4,1,1,15.9,69.4,4,0,2
1812,4,1,1,0.0,69.4,5,0,1
1813,4,1,1,0.0,69.4,5,0,1
1814,4,1,1,0.0,69.4,5,0,1
1815,4,1,1,0.0,69.4,5,0,1
1816,4,1,1,0.0,69.4,5,0,1
1817,4,1,1,2.6,72.0,3,0,1
1818,4,1,1,0.0,72.0,5,0,1
1819,4,1,1,0.0,72.0,5,0,1
1820,4,1,1,0.0,72.0,5,0,1
1821,4,1,1,0.0,72.0,5,0,1
1822,4,1,1,0.0,72.0,5,0,1
1823,4,1,1,0.0,72.0,5,0,1
1824,4,1,1,0.0,72.0,5,0,1
1825,4,1,1,0.0,72.0,5,0,1
1826,4,1,1,0.0,72.0,5,0,1
0,8,1,3,4.3,4.3,3,0,1
1,8,1,3,0.0,4.3,5,0,1
2,8,1,3,0.0,4.3,5,0,1
3,8,1,3,3.8,8.1,3,0,1
4,8,1,3,0.0,8.1,5,0,1
5,8,1,3,0.0,8.1,5,0,1
6,8,1,3,0.0,8.1,5,0,1
7,8,1,3,0.0,8.1,5,0,1
8,8,1,3,0.0,8.1,5,0,1
9,8,1,3,0.0,8.1,5,0,1
10,8,1,3,0.0,8.1,5,0,1
11,8,1,3,0.0,8.1,5,0,1
12,8,1,3,0.0,8.1,5,0,1
13,8,1,3,0.0,8.1,5,0,1
14,8,1,3,0.0,8.1,5,0,1
15,8,1,3,0.0,8.1,5,0,1
16,8,1,3,0.0,8.1,5,0,1
17,8,1,3,0.0,8.1,5,0,1
18,8,1,3,0.0,8.1,5,0,1
19,8,1,3,5.3,13.4,3,0,1
20,8,1,3,0.0,13.4,5,0,1
21,8,1,3,0.0,13.4,5,0,1
22,8,1,3,0.0,13.4,5,0,1
23,8,1,3,0.0,13.4,5,0,1
24,8,1,3,0.0,13.4,5,0,1
25,8,1,3,0.0,13.4,5,0,1
26,8,1,3,0.0,13.4,5,0,1
27,8,1,3,7.4,20.8,3,0,1
28,8,1,3,0.0,20.8,5,0,1
29,8,1,3,0.0,20.8,5,0,1
30,8,1,3,0.0,20.8,5,0,1
31,8,1,3,0.0,0.0,5,0,1
32,8,1,3,4.5,4.5,3,0,1
33,8,1,3,0.0,4.5,5,0,1
34,8,1,3,0.0,4.5,5,0,1
35,8,1,3,0.0,4.5,5,0,1
36,8,1,3,0.0,4.5,5,0,1
37,8,1,3,0.0,4.5,5,0,1
38,8,1,3,0.0,4.5,5,0,1
39,8,1,3,0.0,4.5,5,0,1
40,8,1,3,0.0,4.5,5,0,1
41,8,1,3,0.0,4.5,5,0,1
42,8,1,3,0.0,4.5,5,0,1
43,8,1,3,0.0,4.5,5,0,1
44,8,1,3,0.0,4.5,5,0,1
45,8,1,3,2.3,6.8,3,0,1
46,8,1,3,0.0,6.8,5,0,1
47,8,1,3,0.0,6.8,5,0,1
48,8,1,3,0.0,6.8,5,0,1
49,8,1,3,0.0,6.8,5,0,1
50,8,1,3,0.0,6.8,5,0,1
51,8,1,3,0.0,6.8,5,0,1
52,8,1,3,0.0,6.8,5,0,1
53,8,1,3,0.0,6.8,5,0,1
54,8,1,3,2.5,9.3,3,0,1
55,8,1,3,3.6,12.9,3,0,1
56,8,1,3,0.0,12.9,5,0,1
57,8,1,3,0.0,12.9,5,0,1
58,8,1,3,0.0,12.9,5,0,1
59,8,1,3,0.0,12.9,5,0,1
60,8,1,3,0.0,0.0,5,0,1
61,8,1,3,0.0,0.0,5,0,1
62,8,1,3,4.7,4.7,3,0,1
63,8,1,3,0.0,4.7,5,0,1
64,8,1,3,0.0,4.7,5,0,1
65,8,1,3,11.4,16.1,4,0,1
66,8,1,3,0.0,16.1,5,0,1
67,8,1,3,0.0,16.1,5,0,1
68,8,1,3,0.0,16.1,5,0,1
69,8,1,3,11.8,27.9,4,0,1
70,8,1,3,0.0,27.9,5,0,1
71,8,1,3,0.0,27.9,5,0,1
72,8,1,3,0.0,27.9,5,0,1
73,8,1,3,0.0,27.9,5,0,1
74,8,1,3,0.0,27.9,5,0,1
75,8,1,3,0.0,27.9,5,0,1
76,8,1,3,0.0,27.9,5,0,1
77,8,1,3,0.0,27.9,5,0,1
78,8,1,3,0.0,27.9,5,0,1
79,8,1,3,0.0,27.9,5,0,1
80,8,1,3,0.0,27.9,5,0,1
81,8,1,3,0.0,27.9,5,0,1
82,8,1,3,0.0,27.9,5,0,1
83,8,1,3,0.0,27.9,5,0,1
84,8,1,3,0.0,27.9,5,0,1
85,8,1,3,2.3,30.2,3,0,1
86,8,1,3,0.0,30.2,5,0,1
87,8,1,3,0.0,30.2,5,0,1
88,8,1,3,0.0,30.2,5,0,1
89,8,1,3,0.0,30.2,5,0,1
90,8,1,3,0.0,30.2,5,0,1
91,8,1,3,0.0,0.0,5,0,1
92,8,1,3,0.0,0.0,5,0,1
93,8,1,3,0.0,0.0,5,0,1
94,8,1,3,0.0,0.0,5,0,1
95,8,1,3,0.0,0.0,5,0,1
96,8,1,3,0.0,0.0,5,0,1
97,8,1,3,0.0,0.0,5,0,1
98,8,1,3,0.0,0.0,5,0,1
99,8,1,3,0.0,0.0,5,0,1
100,8,1,3,0.9,0.9,3,0,1
101,8,1,3,0.0,0.9,5,0,1
102,8,1,3,0.0,0.9,5,0,1
103,8,1,3,0.0,0.9,5,0,1
104,8,1,3,0.7,1.6,3,0,1
105,8,1,3,0.0,1.6,5,0,1
106,8,1,3,0.0,1.6,5,0,1
107,8,1,3,0.0,1.6,5,0,1
108,8,1,3,0.0,1.6,5,0,1
109,8,1,3,3.3,4.9,3,0,1
110,8,1,3,6.3,11.2,3,0,1
111,8,1,3,1.5,12.7,3,0,1
112,8,1,3,0.0,12.7,5,0,1
113,8,1,3,0.0,12.7,5,0,1
114,8,1,3,0.0,12.7,5,0,1
115,8,1,3,0.0,12.7,5,0,1
116,8,1,3,0.0,12.7,5,0,1
117,8,1,3,0.0,12.7,5,0,1
118,8,1,3,0.0,12.7,5,0,1
119,8,1,3,0.0,12.7,5,0,1
120,8,1,3,0.0,12.7,5,0,1
121,8,1,3,0.0,0.0,5,0,1
122,8,1,3,4.6,4.6,3,0,1
123,8,1,3,0.0,4.6,5,0,1
124,8,1,3,0.0,4.6,5,0,1
125,8,1,3,3.2,7.8,3,0,1
126,8,1,3,0.0,7.8,5,0,1
127,8,1,3,0.0,7.8,5,0,1
128,8,1,3,0.0,7.8,5,0,1
129,8,1,3,1.8,9.6,3,0,1
130,8,1,3,0.0,9.6,5,0,1
131,8,1,3,0.0,9.6,5,0,1
132,8,1,3,9.3,18.9,4,0,1
133,8,1,3,0.0,18.9,5,0,1
134,8,1,3,0.0,18.9,5,0,1
135,8,1,3,1.6,20.5,3,0,1
136,8,1,3,0.0,20.5,5,0,1
137,8,1,3,0.0,20.5,5,0,1
138,8,1,3,0.0,20.5,5,0,1
139,8,1,3,0.0,20.5,5,0,1
140,8,1,3,0.0,20.5,5,0,1
141,8,1,3,0.0,20.5,5,0,1
142,8,1,3,0.0,20.5,5,0,1
143,8,1,3,0.0,20.5,5,0,1
144,8,1,3,0.0,20.5,5,0,1
145,8,1,3,8.8,29.3,4,0,1
146,8,1,3,1.0,30.3,3,0,1
147,8,1,3,0.0,30.3,5,0,1
148,8,1,3,1.7,32.0,3,0,1
149,8,1,3,0.0,32.0,5,0,1
150,8,1,3,0.0,32.0,5,0,1
151,8,1,3,0.0,32.0,5,0,1
152,8,1,3,6.8,6.8,3,0,1
153,8,1,3,41.6,48.4,2,0,0
154,8,1,3,7.9,56.3,4,0,1
155,8,1,3,4.3,60.6,3,0,1
156,8,1,3,5.1,65.7,3,0,1
157,8,1,3,49.7,115.4,2,0,0
158,8,1,3,0.4,115.8,3,0,1
159,8,1,3,15.4,131.2,4,0,2
160,8,1,3,3.2,134.4,3,0,1
161,8,1,3,31.2,165.6,4,0,2
162,8,1,3,1.1,166.7,3,0,1
163,8,1,3,5.0,171.7,3,0,1
164,8,1,3,6.1,177.8,3,0,1
165,8,1,3,0.0,177.8,5,0,1
166,8,1,3,25.0,202.8,4,0,2
167,8,1,3,2.3,205.1,3,0,1
168,8,1,3,0.9,206.0,3,0,1
169,8,1,3,32.1,238.1,4,0,2
170,8,1,3,17.1,255.2,4,0,2
171,8,1,3,1.9,257.1,3,0,1
172,8,1,3,3.8,260.9,3,0,1
173,8,1,3,0.0,260.9,5,0,1
174,8,1,3,4.4,265.3,3,0,1
175,8,1,3,6.0,271.3,3,0,1
176,8,1,3,17.2,288.5,4,0,2
177,8,1,3,46.1,334.6,2,0,0
178,8,1,3,9.3,343.9,4,0,1
179,8,1,3,1.6,345.5,3,0,1
180,8,1,3,29.2,374.7,4,0,2
181,8,1,3,10.4,385.1,4,0,1
182,8,1,3,47.1,47.1,2,0,0
183,8,1,3,59.6,106.7,2,0,0
184,8,1,3,1.5,108.2,3,0,1
185,8,1,3,0.0,108.2,5,0,1
186,8,1,3,0.0,108.2,5,0,1
187,8,1,3,1.1,109.3,3,0,1
188,8,1,3,1.9,111.2,3,0,1
189,8,1,3,0.0,111.2,5,0,1
190,8,1,3,3.6,114.8,3,0,1
191,8,1,3,7.8,122.6,4,0,1
192,8,1,3,17.9,140.5,4,0,2
193,8,1,3,10.7,151.2,4,0,1
194,8,1,3,0.3,151.5,3,0,1
195,8,1,3,17.7,169.2,4,0,2
196,8,1,3,107.8,277.0,6,1,0
197,8,1,3,4.4,281.4,3,0,1
198,8,1,3,3.7,285.1,3,0,1
199,8,1,3,67.9,353.0,6,1,0
200,8,1,3,12.3,365.3,4,0,1
201,8,1,3,12.2,377.5,4,0,1
202,8,1,3,7.3,384.8,3,0,1
203,8,1,3,0.0,384.8,5,0,1
204,8,1,3,5.5,390.3,3,0,1
205,8,1,3,2.9,393.2,3,0,1
206,8,1,3,4.1,397.3,3,0,1
207,8,1,3,41.6,438.9,2,0,0
208,8,1,3,32.9,471.8,4,0,2
209,8,1,3,0.2,472.0,3,0,1
210,8,1,3,0.5,472.5,3,0,1
211,8,1,3,10.5,483.0,4,0,1
212,8,1,3,3.8,486.8,3,0,1
213,8,1,3,4.0,4.0,3,0,1
214,8,1,3,7.0,11.0,3,0,1
215,8,1,3,41.4,52.4,2,0,0
216,8,1,3,4.3,56.7,3,0,1
217,8,1,3,1.3,58.0,3,0,1
218,8,1,3,8.1,66.1,4,0,1
219,8,1,3,31.4,97.5,4,0,2
220,8,1,3,38.0,135.5,2,0,0
221,8,1,3,20.5,156.0,4,0,2
222,8,1,3,0.0,156.0,5,0,1
223,8,1,3,0.6,156.6,3,0,1
224,8,1,3,15.8,172.4,4,0,2
225,8,1,3,4.0,176.4,3,0,1
226,8,1,3,3.8,180.2,3,0,1
227,8,1,3,51.3,231.5,2,0,0
228,8,1,3,11.5,243.0,4,0,1
229,8,1,3,3.9,246.9,3,0,1
230,8,1,3,0.0,246.9,5,0,1
231,8,1,3,10.4,257.3,4,0,1
232,8,1,3,0.0,257.3,5,0,1
233,8,1,3,12.8,270.1,4,0,1
234,8,1,3,0.0,270.1,5,0,1
235,8,1,3,0.0,270.1,5,0,1
236,8,1,3,8.7,278.8,4,0,1
237,8,1,3,0.1,278.9,3,0,1
238,8,1,3,14.1,293.0,4,0,1
239,8,1,3,4.5,297.5,3,0,1
240,8,1,3,50.6,348.1,2,0,0
241,8,1,3,15.8,363.9,4,0,2
242,8,1,3,10.0,373.9,4,0,1
243,8,1,3,124.8,498.7,1,2,0
244,8,1,3,52.4,52.4,2,0,0
245,8,1,3,5.3,57.7,3,0,1
246,8,1,3,62.1,119.8,2,0,0
247,8,1,3,0.9,120.7,3,0,1
248,8,1,3,3.0,123.7,3,0,1
249,8,1,3,3.4,127.1,3,0,1
250,8,1,3,12.6,139.7,4,0,1
251,8,1,3,15.7,155.4,4,0,2
252,8,1,3,32.1,187.5,4,0,2
253,8,1,3,9.3,196.8,4,0,1
254,8,1,3,10.4,207.2,4,0,1
255,8,1,3,14.4,221.6,4,0,1
256,8,1,3,0.0,221.6,5,0,1
257,8,1,3,3.5,225.1,3,0,1
258,8,1,3,43.3,268.4,2,0,0
259,8,1,3,5.6,274.0,3,0,1
260,8,1,3,0.0,274.0,5,0,1
261,8,1,3,0.1,274.1,3,0,1
262,8,1,3,25.5,299.6,4,0,2
263,8,1,3,0.9,300.5,3,0,1
264,8,1,3,31.2,331.7,4,0,2
265,8,1,3,0.0,331.7,5,0,1
266,8,1,3,31.8,363.5,4,0,2
267,8,1,3,17.2,380.7,4,0,2
268,8,1,3,0.0,380.7,5,0,1
269,8,1,3,17.3,398.0,4,0,2
270,8,1,3,25.0,423.0,4,0,2
271,8,1,3,29.3,452.3,4,0,2
272,8,1,3,0.4,452.7,3,0,1
273,8,1,3,26.5,479.2,4,0,2
274,8,1,3,1.0,1.0,3,0,1
275,8,1,3,2.4,3.4,3,0,1
276,8,1,3,9.6,13.0,4,0,1
277,8,1,3,0.0,13.0,5,0,1
278,8,1,3,6.2,19.2,3,0,1
279,8,1,3,8.8,28.0,4,0,1
280,8,1,3,0.0,28.0,5,0,1
281,8,1,3,0.3,28.3,3,0,1
282,8,1,3,0.1,28.4,3,0,1
283,8,1,3,1.7,30.1,3,0,1
284,8,1,3,3.9,34.0,3,0,1
285,8,1,3,2.1,36.1,3,0,1
286,8,1,3,3.8,39.9,3,0,1
287,8,1,3,0.0,39.9,5,0,1
288,8,1,3,7.0,46.9,3,0,1
289,8,1,3,1.1,48.0,3,0,1
290,8,1,3,1.7,49.7,3,0,1
291,8,1,3,14.9,64.6,4,0,1
292,8,1,3,0.0,64.6,5,0,1
293,8,1,3,3.1,67.7,3,0,1
294,8,1,3,0.4,68.1,3,0,1
295,8,1,3,19.4,87.5,4,0,2
296,8,1,3,3.2,90.7,3,0,1
297,8,1,3,8.1,98.8,4,0,1
298,8,1,3,1.5,100.3,3,0,1
299,8,1,3,0.0,100.3,5,0,1
300,8,1,3,0.0,100.3,5,0,1
301,8,1,3,0.0,100.3,5,0,1
302,8,1,3,1.3,101.6,3,0,1
303,8,1,3,0.0,101.6,5,0,1
304,8,1,3,0.3,101.9,3,0,1
305,8,1,3,0.0,0.0,5,0,1
306,8,1,3,4.4,4.4,3,0,1
307,8,1,3,0.0,4.4,5,0,1
308,8,1,3,3.9,8.3,3,0,1
309,8,1,3,0.0,8.3,5,0,1
310,8,1,3,8.3,16.6,4,0,1
311,8,1,3,0.0,16.6,5,0,1
312,8,1,3,0.0,16.6,5,0,1
313,8,1,3,0.0,16.6,5,0,1
314,8,1,3,0.0,16.6,5,0,1
315,8,1,3,0.0,16.6,5,0,1
316,8,1,3,0.0,16.6,5,0,1
317,8,1,3,1.9,18.5,3,0,1
318,8,1,3,4.2,22.7,3,0,1
319,8,1,3,0.0,22.7,5,0,1
320,8,1,3,0.0,22.7,5,0,1
321,8,1,3,0.5,23.2,3,0,1
322,8,1,3,0.0,23.2,5,0,1
323,8,1,3,0.0,23.2,5,0,1
324,8,1,3,2.2,25.4,3,0,1
325,8,1,3,5.6,31.0,3,0,1
326,8,1,3,0.0,31.0,5,0,1
327,8,1,3,1.9,32.9,3,0,1
328,8,1,3,0.0,32.9,5,0,1
329,8,1,3,0.0,32.9,5,0,1
330,8,1,3,0.0,32.9,5,0,1
331,8,1,3,0.0,32.9,5,0,1
332,8,1,3,12.1,45.0,4,0,1
333,8,1,3,11.9,56.9,4,0,1
334,8,1,3,0.0,56.9,5,0,1
335,8,1,3,0.0,0.0,5,0,1
336,8,1,3,0.0,0.0,5,0,1
337,8,1,3,0.0,0.0,5,0,1
338,8,1,3,0.0,0.0,5,0,1
339,8,1,3,0.0,0.0,5,0,1
340,8,1,3,7.5,7.5,4,0,1
341,8,1,3,0.0,7.5,5,0,1
342,8,1,3,0.0,7.5,5,0,1
343,8,1,3,2.2,9.7,3,0,1
344,8,1,3,0.0,9.7,5,0,1
345,8,1,3,0.0,9.7,5,0,1
346,8,1,3,0.0,9.7,5,0,1
347,8,1,3,0.0,9.7,5,0,1
348,8,1,3,0.0,9.7,5,0,1
349,8,1,3,0.0,9.7,5,0,1
350,8,1,3,0.0,9.7,5,0,1
351,8,1,3,0.0,9.7,5,0,1
352,8,1,3,1.8,11.5,3,0,1
353,8,1,3,0.0,11.5,5,0,1
354,8,1,3,0.0,11.5,5,0,1
355,8,1,3,0.0,11.5,5,0,1
356,8,1,3,0.0,11.5,5,0,1
357,8,1,3,0.0,11.5,5,0,1
358,8,1,3,0.0,11.5,5,0,1
359,8,1,3,0.0,11.5,5,0,1
360,8,1,3,0.0,11.5,5,0,1
361,8,1,3,0.0,11.5,5,0,1
362,8,1,3,0.0,11.5,5,0,1
363,8,1,3,0.0,11.5,5,0,1
364,8,1,3,6.3,17.8,3,0,1
365,8,1,3,0.0,17.8,5,0,1
366,8,1,2,5.5,5.5,3,0,1
367,8,1,2,0.0,5.5,5,0,1
368,8,1,2,5.7,11.2,3,0,1
369,8,1,2,10.9,22.1,4,0,1
370,8,1,2,0.0,22.1,5,0,1
371,8,1,2,0.0,22.1,5,0,1
372,8,1,2,0.0,22.1,5,0,1
373,8,1,2,0.0,22.1,5,0,1
374,8,1,2,0.0,22.1,5,0,1
375,8,1,2,0.0,22.1,5,0,1
376,8,1,2,8.4,30.5,4,0,1
377,8,1,2,0.0,30.5,5,0,1
378,8,1,2,0.0,30.5,5,0,1
379,8,1,2,0.0,30.5,5,0,1
380,8,1,2,0.0,30.5,5,0,1
381,8,1,2,0.0,30.5,5,0,1
382,8,1,2,0.0,30.5,5,0,1
383,8,1,2,0.0,30.5,5,0,1
384,8,1,2,0.0,30.5,5,0,1
385,8,1,2,0.0,30.5,5,0,1
386,8,1,2,23.0,53.5,4,0,2
387,8,1,2,44.1,97.6,2,0,0
388,8,1,2,0.0,97.6,5,0,1
389,8,1,2,0.0,97.6,5,0,1
390,8,1,2,0.0,97.6,5,0,1
391,8,1,2,0.0,97.6,5,0,1
392,8,1,2,0.0,97.6,5,0,1
393,8,1,2,0.0,97.6,5,0,1
394,8,1,2,0.0,97.6,5,0,1
395,8,1,2,0.0,97.6,5,0,1
396,8,1,2,0.0,97.6,5,0,1
397,8,1,2,0.0,0.0,5,0,1
398,8,1,2,0.0,0.0,5,0,1
399,8,1,2,0.0,0.0,5,0,1
400,8,1,2,7.1,7.1,3,0,1
401,8,1,2,0.0,7.1,5,0,1
402,8,1,2,13.0,20.1,4,0,1
403,8,1,2,0.0,20.1,5,0,1
404,8,1,2,0.0,20.1,5,0,1
405,8,1,2,2.9,23.0,3,0,1
406,8,1,2,5.9,28.9,3,0,1
407,8,1,2,6.5,35.4,3,0,1
408,8,1,2,0.0,35.4,5,0,1
409,8,1,2,0.0,35.4,5,0,1
410,8,1,2,0.0,35.4,5,0,1
411,8,1,2,0.0,35.4,5,0,1
412,8,1,2,0.0,35.4,5,0,1
413,8,1,2,0.0,35.4,5,0,1
414,8,1,2,0.0,35.4,5,0,1
415,8,1,2,0.0,35.4,5,0,1
416,8,1,2,0.0,35.4,5,0,1
417,8,1,2,0.0,35.4,5,0,1
418,8,1,2,0.0,35.4,5,0,1
419,8,1,2,0.0,35.4,5,0,1
420,8,1,2,0.0,35.4,5,0,1
421,8,1,2,0.0,35.4,5,0,1
422,8,1,2,7.8,43.2,4,0,1
423,8,1,2,0.0,43.2,5,0,1
424,8,1,2,0.0,43.2,5,0,1
425,8,1,2,0.0,0.0,5,0,1
426,8,1,2,0.0,0.0,5,0,1
427,8,1,2,0.0,0.0,5,0,1
428,8,1,2,0.0,0.0,5,0,1
429,8,1,2,0.0,0.0,5,0,1
430,8,1,2,0.0,0.0,5,0,1
431,8,1,2,0.0,0.0,5,0,1
432,8,1,2,0.0,0.0,5,0,1
433,8,1,2,0.0,0.0,5,0,1
434,8,1,2,0.0,0.0,5,0,1
435,8,1,2,0.0,0.0,5,0,1
436,8,1,2,0.0,0.0,5,0,1
437,8,1,2,7.2,7.2,3,0,1
438,8,1,2,0.0,7.2,5,0,1
439,8,1,2,0.0,7.2,5,0,1
440,8,1,2,0.0,7.2,5,0,1
441,8,1,2,0.0,7.2,5,0,1
442,8,1,2,0.0,7.2,5,0,1
443,8,1,2,0.0,7.2,5,0,1
444,8,1,2,0.0,7.2,5,0,1
445,8,1,2,0.0,7.2,5,0,1
446,8,1,2,0.0,7.2,5,0,1
447,8,1,2,0.0,7.2,5,0,1
448,8,1,2,0.0,7.2,5,0,1
449,8,1,2,0.0,7.2,5,0,1
450,8,1,2,0.0,7.2,5,0,1
451,8,1,2,0.4,7.6,3,0,1
452,8,1,2,0.0,7.6,5,0,1
453,8,1,2,0.0,7.6,5,0,1
454,8,1,2,0.0,7.6,5,0,1
455,8,1,2,0.0,7.6,5,0,1
456,8,1,2,0.0,0.0,5,0,1
457,8,1,2,18.8,18.8,4,0,2
458,8,1,2,0.0,18.8,5,0,1
459,8,1,2,0.0,18.8,5,0,1
460,8,1,2,0.0,18.8,5,0,1
461,8,1,2,0.0,18.8,5,0,1
462,8,1,2,0.0,18.8,5,0,1
463,8,1,2,43.2,62.0,2,0,0
464,8,1,2,0.0,62.0,5,0,1
465,8,1,2,0.0,62.0,5,0,1
466,8,1,2,0.0,62.0,5,0,1
467,8,1,2,0.0,62.0,5,0,1
468,8,1,2,0.0,62.0,5,0,1
469,8,1,2,0.0,62.0,5,0,1
470,8,1,2,0.0,62.0,5,0,1
471,8,1,2,2.9,64.9,3,0,1
472,8,1,2,0.0,64.9,5,0,1
473,8,1,2,0.0,64.9,5,0,1
474,8,1,2,0.0,64.9,5,0,1
475,8,1,2,1.6,66.5,3,0,1
476,8,1,2,0.0,66.5,5,0,1
477,8,1,2,0.0,66.5,5,0,1
478,8,1,2,0.0,66.5,5,0,1
479,8,1,2,0.0,66.5,5,0,1
480,8,1,2,15.4,81.9,4,0,2
481,8,1,2,0.0,81.9,5,0,1
482,8,1,2,0.0,81.9,5,0,1
483,8,1,2,0.0,81.9,5,0,1
484,8,1,2,0.0,81.9,5,0,1
485,8,1,2,0.0,81.9,5,0,1
486,8,1,2,0.0,0.0,5,0,1
487,8,1,2,0.0,0.0,5,0,1
488,8,1,2,0.1,0.1,3,0,1
489,8,1,2,11.3,11.4,4,0,1
490,8,1,2,3.0,14.4,3,0,1
491,8,1,2,1.2,15.6,3,0,1
492,8,1,2,0.0,15.6,5,0,1
493,8,1,2,0.0,15.6,5,0,1
494,8,1,2,5.8,21.4,3,0,1
495,8,1,2,9.0,30.4,4,0,1
496,8,1,2,0.0,30.4,5,0,1
497,8,1,2,13.2,43.6,4,0,1
498,8,1,2,0.6,44.2,3,0,1
499,8,1,2,0.0,44.2,5,0,1
500,8,1,2,0.0,44.2,5,0,1
501,8,1,2,0.0,44.2,5,0,1
502,8,1,2,0.0,44.2,5,0,1
503,8,1,2,1.6,45.8,3,0,1
504,8,1,2,7.3,53.1,3,0,1
505,8,1,2,0.0,53.1,5,0,1
506,8,1,2,17.8,70.9,4,0,2
507,8,1,2,8.3,79.2,4,0,1
508,8,1,2,3.6,82.8,3,0,1
509,8,1,2,0.0,82.8,5,0,1
510,8,1,2,0.3,83.1,3,0,1
511,8,1,2,6.3,89.4,3,0,1
512,8,1,2,2.6,92.0,3,0,1
513,8,1,2,9.6,101.6,4,0,1
514,8,1,2,10.9,112.5,4,0,1
515,8,1,2,3.2,115.7,3,0,1
516,8,1,2,0.0,115.7,5,0,1
517,8,1,2,25.8,25.8,4,0,2
518,8,1,2,9.4,35.2,4,0,1
519,8,1,2,19.9,55.1,4,0,2
520,8,1,2,57.5,112.6,2,0,0
521,8,1,2,86.6,199.2,6,1,0
522,8,1,2,39.1,238.3,2,0,0
523,8,1,2,0.7,239.0,3,0,1
524,8,1,2,2.5,241.5,3,0,1
525,8,1,2,13.5,255.0,4,0,1
526,8,1,2,0.0,255.0,5,0,1
527,8,1,2,53.2,308.2,2,0,0
528,8,1,2,3.9,312.1,3,0,1
529,8,1,2,6.7,318.8,3,0,1
530,8,1,2,10.2,329.0,4,0,1
531,8,1,2,0.0,329.0,5,0,1
532,8,1,2,97.5,426.5,6,1,0
533,8,1,2,41.1,467.6,2,0,0
534,8,1,2,0.0,467.6,5,0,1
535,8,1,2,0.0,467.6,5,0,1
536,8,1,2,16.7,484.3,4,0,2
537,8,1,2,52.5,536.8,2,0,0
538,8,1,2,16.3,553.1,4,0,2
539,8,1,2,6.6,559.7,3,0,1
540,8,1,2,8.3,568.0,4,0,1
541,8,1,2,3.4,571.4,3,0,1
542,8,1,2,18.7,590.1,4,0,2
543,8,1,2,12.6,602.7,4,0,1
544,8,1,2,36.6,639.3,2,0,0
545,8,1,2,37.0,676.3,2,0,0
546,8,1,2,32.7,709.0,4,0,2
547,8,1,2,7.6,7.6,4,0,1
548,8,1,2,26.4,34.0,4,0,2
549,8,1,2,25.3,59.3,4,0,2
550,8,1,2,4.2,63.5,3,0,1
551,8,1,2,7.0,70.5,3,0,1
552,8,1,2,7.1,77.6,3,0,1
553,8,1,2,11.3,88.9,4,0,1
554,8,1,2,60.5,149.4,2,0,0
555,8,1,2,37.6,187.0,2,0,0
556,8,1,2,1.6,188.6,3,0,1
557,8,1,2,27.2,215.8,4,0,2
558,8,1,2,0.0,215.8,5,0,1
559,8,1,2,9.2,225.0,4,0,1
560,8,1,2,39.5,264.5,2,0,0
561,8,1,2,40.4,304.9,2,0,0
562,8,1,2,10.4,315.3,4,0,1
563,8,1,2,23.6,338.9,4,0,2
564,8,1,2,117.3,456.2,1,2,0
565,8,1,2,60.2,516.4,2,0,0
566,8,1,2,194.9,711.3,1,2,0
567,8,1,2,9.5,720.8,4,0,1
568,8,1,2,25.5,746.3,4,0,2
569,8,1,2,0.0,746.3,5,0,1
570,8,1,2,1.7,748.0,3,0,1
571,8,1,2,19.9,767.9,4,0,2
572,8,1,2,16.9,784.8,4,0,2
573,8,1,2,16.8,801.6,4,0,2
574,8,1,2,63.5,865.1,2,0,0
575,8,1,2,19.5,884.6,4,0,2
576,8,1,2,13.9,898.5,4,0,1
577,8,1,2,31.5,930.0,4,0,2
578,8,1,2,24.8,24.8,4,0,2
579,8,1,2,0.1,24.9,3,0,1
580,8,1,2,15.6,40.5,4,0,2
581,8,1,2,22.4,62.9,4,0,2
582,8,1,2,43.3,106.2,2,0,0
583,8,1,2,0.0,106.2,5,0,1
584,8,1,2,0.0,106.2,5,0,1
585,8,1,2,24.2,130.4,4,0,2
586,8,1,2,4.2,134.6,3,0,1
587,8,1,2,28.0,162.6,4,0,2
588,8,1,2,27.0,189.6,4,0,2
589,8,1,2,11.0,200.6,4,0,1
590,8,1,2,24.5,225.1,4,0,2
591,8,1,2,0.0,225.1,5,0,1
592,8,1,2,26.0,251.1,4,0,2
593,8,1,2,23.5,274.6,4,0,2
594,8,1,2,106.7,381.3,6,1,0
595,8,1,2,152.6,533.9,1,2,0
596,8,1,2,28.2,562.1,4,0,2
597,8,1,2,0.2,562.3,3,0,1
598,8,1,2,15.2,577.5,4,0,2
599,8,1,2,25.0,602.5,4,0,2
600,8,1,2,19.4,621.9,4,0,2
601,8,1,2,10.3,632.2,4,0,1
602,8,1,2,12.0,644.2,4,0,1
603,8,1,2,10.9,655.1,4,0,1
604,8,1,2,0.7,655.8,3,0,1
605,8,1,2,23.9,679.7,4,0,2
606,8,1,2,47.9,727.6,2,0,0
607,8,1,2,6.6,734.2,3,0,1
608,8,1,2,27.5,761.7,4,0,2
609,8,1,2,35.2,35.2,4,0,0
610,8,1,2,0.0,35.2,5,0,1
611,8,1,2,20.0,55.2,4,0,2
612,8,1,2,36.8,92.0,2,0,0
613,8,1,2,14.0,106.0,4,0,1
614,8,1,2,30.9,136.9,4,0,2
615,8,1,2,31.8,168.7,4,0,2
616,8,1,2,56.7,225.4,2,0,0
617,8,1,2,0.0,225.4,5,0,1
618,8,1,2,1.3,226.7,3,0,1
619,8,1,2,4.9,231.6,3,0,1
620,8,1,2,18.0,249.6,4,0,2
621,8,1,2,0.0,249.6,5,0,1
622,8,1,2,80.5,330.1,6,1,0
623,8,1,2,22.7,352.8,4,0,2
624,8,1,2,6.1,358.9,3,0,1
625,8,1,2,1.8,360.7,3,0,1
626,8,1,2,11.6,372.3,4,0,1
627,8,1,2,36.0,408.3,2,0,0
628,8,1,2,20.6,428.9,4,0,2
629,8,1,2,70.6,499.5,6,1,0
630,8,1,2,33.4,532.9,4,0,2
631,8,1,2,61.2,594.1,2,0,0
632,8,1,2,19.6,613.7,4,0,2
633,8,1,2,1.4,615.1,3,0,1
634,8,1,2,2.8,617.9,3,0,1
635,8,1,2,22.7,640.6,4,0,2
636,8,1,2,60.7,701.3,2,0,0
637,8,1,2,4.4,705.7,3,0,1
638,8,1,2,4.5,710.2,3,0,1
639,8,1,2,10.6,10.6,4,0,1
640,8,1,2,2.9,13.5,3,0,1
641,8,1,2,1.8,15.3,3,0,1
642,8,1,2,0.0,15.3,5,0,1
643,8,1,2,7.6,22.9,4,0,1
644,8,1,2,5.2,28.1,3,0,1
645,8,1,2,1.0,29.1,3,0,1
646,8,1,2,3.4,32.5,3,0,1
647,8,1,2,6.5,39.0,3,0,1
648,8,1,2,4.8,43.8,3,0,1
649,8,1,2,1.4,45.2,3,0,1
650,8,1,2,5.2,50.4,3,0,1
651,8,1,2,9.2,59.6,4,0,1
652,8,1,2,4.1,63.7,3,0,1
653,8,1,2,8.6,72.3,4,0,1
654,8,1,2,26.6,98.9,4,0,2
655,8,1,2,10.2,109.1,4,0,1
656,8,1,2,9.9,119.0,4,0,1
657,8,1,2,0.0,119.0,5,0,1
658,8,1,2,13.7,132.7,4,0,1
659,8,1,2,26.4,159.1,4,0,2
660,8,1,2,0.0,159.1,5,0,1
661,8,1,2,0.0,159.1,5,0,1
662,8,1,2,9.1,168.2,4,0,1
663,8,1,2,2.0,170.2,3,0,1
664,8,1,2,3.4,173.6,3,0,1
665,8,1,2,0.5,174.1,3,0,1
666,8,1,2,0.0,174.1,5,0,1
667,8,1,2,0.0,174.1,5,0,1
668,8,1,2,7.6,181.7,4,0,1
669,8,1,2,6.3,188.0,3,0,1
670,8,1,2,0.0,0.0,5,0,1
671,8,1,2,0.0,0.0,5,0,1
672,8,1,2,0.0,0.0,5,0,1
673,8,1,2,0.0,0.0,5,0,1
674,8,1,2,0.0,0.0,5,0,1
675,8,1,2,0.0,0.0,5,0,1
676,8,1,2,12.5,12.5,4,0,1
677,8,1,2,10.3,22.8,4,0,1
678,8,1,2,10.3,33.1,4,0,1
679,8,1,2,0.0,33.1,5,0,1
680,8,1,2,0.0,33.1,5,0,1
681,8,1,2,22.9,56.0,4,0,2
682,8,1,2,0.0,56.0,5,0,1
683,8,1,2,0.0,56.0,5,0,1
684,8,1,2,15.9,71.9,4,0,2
685,8,1,2,0.2,72.1,3,0,1
686,8,1,2,0.0,72.1,5,0,1
687,8,1,2,13.5,85.6,4,0,1
688,8,1,2,0.0,85.6,5,0,1
689,8,1,2,2.5,88.1,3,0,1
690,8,1,2,0.0,88.1,5,0,1
691,8,1,2,0.0,88.1,5,0,1
692,8,1,2,0.0,88.1,5,0,1
693,8,1,2,0.0,88.1,5,0,1
694,8,1,2,10.8,98.9,4,0,1
695,8,1,2,0.0,98.9,5,0,1
696,8,1,2,27.7,126.6,4,0,2
697,8,1,2,0.0,126.6,5,0,1
698,8,1,2,0.0,126.6,5,0,1
699,8,1,2,9.9,136.5,4,0,1
700,8,1,2,9.2,9.2,4,0,1
701,8,1,2,0.0,9.2,5,0,1
702,8,1,2,0.0,9.2,5,0,1
703,8,1,2,0.0,9.2,5,0,1
704,8,1,2,0.0,9.2,5,0,1
705,8,1,2,0.0,9.2,5,0,1
706,8,1,2,0.0,9.2,5,0,1
707,8,1,2,0.0,9.2,5,0,1
708,8,1,2,0.0,9.2,5,0,1
709,8,1,2,5.2,14.4,3,0,1
710,8,1,2,0.0,14.4,5,0,1
711,8,1,2,0.0,14.4,5,0,1
712,8,1,2,0.0,14.4,5,0,1
713,8,1,2,0.0,14.4,5,0,1
714,8,1,2,0.0,14.4,5,0,1
715,8,1,2,0.0,14.4,5,0,1
716,8,1,2,0.0,14.4,5,0,1
717,8,1,2,0.0,14.4,5,0,1
718,8,1,2,0.0,14.4,5,0,1
719,8,1,2,0.0,14.4,5,0,1
720,8,1,2,0.0,14.4,5,0,1
721,8,1,2,0.0,14.4,5,0,1
722,8,1,2,0.0,14.4,5,0,1
723,8,1,2,0.0,14.4,5,0,1
724,8,1,2,0.0,14.4,5,0,1
725,8,1,2,0.0,14.4,5,0,1
726,8,1,2,0.0,14.4,5,0,1
727,8,1,2,0.0,14.4,5,0,1
728,8,1,2,3.9,18.3,3,0,1
729,8,1,2,0.0,18.3,5,0,1
730,8,1,2,0.0,18.3,5,0,1
731,8,1,0,0.0,0.0,5,0,1
732,8,1,0,0.0,0.0,5,0,1
733,8,1,0,0.0,0.0,5,0,1
734,8,1,0,0.0,0.0,5,0,1
735,8,1,0,0.0,0.0,5,0,1
736,8,1,0,0.0,0.0,5,0,1
737,8,1,0,0.0,0.0,5,0,1
738,8,1,0,0.0,0.0,5,0,1
739,8,1,0,0.0,0.0,5,0,1
740,8,1,0,0.0,0.0,5,0,1
741,8,1,0,0.0,0.0,5,0,1
742,8,1,0,0.0,0.0,5,0,1
743,8,1,0,0.0,0.0,5,0,1
744,8,1,0,0.0,0.0,5,0,1
745,8,1,0,0.0,0.0,5,0,1
746,8,1,0,0.0,0.0,5,0,1
747,8,1,0,0.0,0.0,5,0,1
748,8,1,0,0.0,0.0,5,0,1
749,8,1,0,0.0,0.0,5,0,1
750,8,1,0,0.0,0.0,5,0,1
751,8,1,0,0.0,0.0,5,0,1
752,8,1,0,0.0,0.0,5,0,1
753,8,1,0,0.0,0.0,5,0,1
754,8,1,0,0.0,0.0,5,0,1
755,8,1,0,0.0,0.0,5,0,1
756,8,1,0,0.0,0.0,5,0,1
757,8,1,0,0.0,0.0,5,0,1
758,8,1,0,0.0,0.0,5,0,1
759,8,1,0,0.0,0.0,5,0,1
760,8,1,0,0.0,0.0,5,0,1
761,8,1,0,0.0,0.0,5,0,1
762,8,1,0,0.0,0.0,5,0,1
763,8,1,0,0.0,0.0,5,0,1
764,8,1,0,0.0,0.0,5,0,1
765,8,1,0,0.0,0.0,5,0,1
766,8,1,0,0.0,0.0,5,0,1
767,8,1,0,0.0,0.0,5,0,1
768,8,1,0,0.0,0.0,5,0,1
769,8,1,0,0.0,0.0,5,0,1
770,8,1,0,0.0,0.0,5,0,1
771,8,1,0,0.0,0.0,5,0,1
772,8,1,0,0.0,0.0,5,0,1
773,8,1,0,0.0,0.0,5,0,1
774,8,1,0,0.0,0.0,5,0,1
775,8,1,0,0.0,0.0,5,0,1
776,8,1,0,0.0,0.0,5,0,1
777,8,1,0,0.0,0.0,5,0,1
778,8,1,0,0.0,0.0,5,0,1
779,8,1,0,0.0,0.0,5,0,1
780,8,1,0,0.0,0.0,5,0,1
781,8,1,0,0.0,0.0,5,0,1
782,8,1,0,0.0,0.0,5,0,1
783,8,1,0,0.0,0.0,5,0,1
784,8,1,0,0.0,0.0,5,0,1
785,8,1,0,0.0,0.0,5,0,1
786,8,1,0,0.0,0.0,5,0,1
787,8,1,0,0.0,0.0,5,0,1
788,8,1,0,0.0,0.0,5,0,1
789,8,1,0,0.0,0.0,5,0,1
790,8,1,0,0.0,0.0,5,0,1
791,8,1,0,0.0,0.0,5,0,1
792,8,1,0,0.0,0.0,5,0,1
793,8,1,0,0.0,0.0,5,0,1
794,8,1,0,0.0,0.0,5,0,1
795,8,1,0,0.0,0.0,5,0,1
796,8,1,0,0.0,0.0,5,0,1
797,8,1,0,0.0,0.0,5,0,1
798,8,1,0,0.0,0.0,5,0,1
799,8,1,0,0.0,0.0,5,0,1
800,8,1,0,0.0,0.0,5,0,1
801,8,1,0,0.0,0.0,5,0,1
802,8,1,0,0.0,0.0,5,0,1
803,8,1,0,0.0,0.0,5,0,1
804,8,1,0,1.9,1.9,3,0,1
805,8,1,0,0.0,1.9,5,0,1
806,8,1,0,0.0,1.9,5,0,1
807,8,1,0,0.0,1.9,5,0,1
808,8,1,0,0.0,1.9,5,0,1
809,8,1,0,0.0,1.9,5,0,1
810,8,1,0,0.0,1.9,5,0,1
811,8,1,0,0.0,1.9,5,0,1
812,8,1,0,0.0,1.9,5,0,1
813,8,1,0,0.0,1.9,5,0,1
814,8,1,0,0.0,1.9,5,0,1
815,8,1,0,0.0,1.9,5,0,1
816,8,1,0,0.0,1.9,5,0,1
817,8,1,0,0.0,1.9,5,0,1
818,8,1,0,0.0,1.9,5,0,1
819,8,1,0,0.0,1.9,5,0,1
820,8,1,0,0.0,1.9,5,0,1
821,8,1,0,0.0,0.0,5,0,1
822,8,1,0,0.0,0.0,5,0,1
823,8,1,0,0.0,0.0,5,0,1
824,8,1,0,0.0,0.0,5,0,1
825,8,1,0,0.0,0.0,5,0,1
826,8,1,0,0.0,0.0,5,0,1
827,8,1,0,0.0,0.0,5,0,1
828,8,1,0,0.0,0.0,5,0,1
829,8,1,0,0.0,0.0,5,0,1
830,8,1,0,0.0,0.0,5,0,1
831,8,1,0,0.0,0.0,5,0,1
832,8,1,0,0.0,0.0,5,0,1
833,8,1,0,0.0,0.0,5,0,1
834,8,1,0,0.0,0.0,5,0,1
835,8,1,0,0.0,0.0,5,0,1
836,8,1,0,0.0,0.0,5,0,1
837,8,1,0,0.0,0.0,5,0,1
838,8,1,0,0.0,0.0,5,0,1
839,8,1,0,3.2,3.2,3,0,1
840,8,1,0,0.0,3.2,5,0,1
841,8,1,0,0.0,3.2,5,0,1
842,8,1,0,0.0,3.2,5,0,1
843,8,1,0,0.0,3.2,5,0,1
844,8,1,0,0.0,3.2,5,0,1
845,8,1,0,0.0,3.2,5,0,1
846,8,1,0,0.0,3.2,5,0,1
847,8,1,0,0.0,3.2,5,0,1
848,8,1,0,0.0,3.2,5,0,1
849,8,1,0,0.0,3.2,5,0,1
850,8,1,0,0.0,3.2,5,0,1
851,8,1,0,0.0,0.0,5,0,1
852,8,1,0,0.0,0.0,5,0,1
853,8,1,0,1.3,1.3,3,0,1
854,8,1,0,0.0,1.3,5,0,1
855,8,1,0,0.0,1.3,5,0,1
856,8,1,0,0.0,1.3,5,0,1
857,8,1,0,0.0,1.3,5,0,1
858,8,1,0,0.0,1.3,5,0,1
859,8,1,0,0.0,1.3,5,0,1
860,8,1,0,0.0,1.3,5,0,1
861,8,1,0,0.0,1.3,5,0,1
862,8,1,0,0.0,1.3,5,0,1
863,8,1,0,0.0,1.3,5,0,1
864,8,1,0,0.0,1.3,5,0,1
865,8,1,0,0.0,1.3,5,0,1
866,8,1,0,0.0,1.3,5,0,1
867,8,1,0,0.0,1.3,5,0,1
868,8,1,0,0.0,1.3,5,0,1
869,8,1,0,0.0,1.3,5,0,1
870,8,1,0,0.0,1.3,5,0,1
871,8,1,0,0.0,1.3,5,0,1
872,8,1,0,0.0,1.3,5,0,1
873,8,1,0,0.0,1.3,5,0,1
874,8,1,0,1.4,2.7,3,0,1
875,8,1,0,0.0,2.7,5,0,1
876,8,1,0,0.0,2.7,5,0,1
877,8,1,0,0.0,2.7,5,0,1
878,8,1,0,0.0,2.7,5,0,1
879,8,1,0,0.0,2.7,5,0,1
880,8,1,0,3.4,6.1,3,0,1
881,8,1,0,0.0,6.1,5,0,1
882,8,1,0,0.0,0.0,5,0,1
883,8,1,0,0.0,0.0,5,0,1
884,8,1,0,0.0,0.0,5,0,1
885,8,1,0,0.0,0.0,5,0,1
886,8,1,0,0.0,0.0,5,0,1
887,8,1,0,0.0,0.0,5,0,1
888,8,1,0,0.0,0.0,5,0,1
889,8,1,0,0.0,0.0,5,0,1
890,8,1,0,3.9,3.9,3,0,1
891,8,1,0,0.0,3.9,5,0,1
892,8,1,0,2.2,6.1,3,0,1
893,8,1,0,5.7,11.8,3,0,1
894,8,1,0,0.0,11.8,5,0,1
895,8,1,0,0.0,11.8,5,0,1
896,8,1,0,0.0,11.8,5,0,1
897,8,1,0,0.0,11.8,5,0,1
898,8,1,0,0.0,11.8,5,0,1
899,8,1,0,0.0,11.8,5,0,1
900,8,1,0,0.0,11.8,5,0,1
901,8,1,0,0.0,11.8,5,0,1
902,8,1,0,0.0,11.8,5,0,1
903,8,1,0,0.0,11.8,5,0,1
904,8,1,0,0.0,11.8,5,0,1
905,8,1,0,0.0,11.8,5,0,1
906,8,1,0,0.0,11.8,5,0,1
907,8,1,0,1.0,12.8,3,0,1
908,8,1,0,0.0,12.8,5,0,1
909,8,1,0,0.0,12.8,5,0,1
910,8,1,0,0.0,12.8,5,0,1
911,8,1,0,0.0,12.8,5,0,1
912,8,1,0,0.0,0.0,5,0,1
913,8,1,0,6.7,6.7,3,0,1
914,8,1,0,0.0,6.7,5,0,1
915,8,1,0,0.0,6.7,5,0,1
916,8,1,0,0.0,6.7,5,0,1
917,8,1,0,0.0,6.7,5,0,1
918,8,1,0,0.0,6.7,5,0,1
919,8,1,0,0.0,6.7,5,0,1
920,8,1,0,0.0,6.7,5,0,1
921,8,1,0,5.8,12.5,3,0,1
922,8,1,0,0.0,12.5,5,0,1
923,8,1,0,0.0,12.5,5,0,1
924,8,1,0,0.0,12.5,5,0,1
925,8,1,0,2.4,14.9,3,0,1
926,8,1,0,0.0,14.9,5,0,1
927,8,1,0,25.7,40.6,4,0,2
928,8,1,0,1.5,42.1,3,0,1
929,8,1,0,0.0,42.1,5,0,1
930,8,1,0,0.0,42.1,5,0,1
931,8,1,0,0.0,42.1,5,0,1
932,8,1,0,0.0,42.1,5,0,1
933,8,1,0,5.2,47.3,3,0,1
934,8,1,0,0.0,47.3,5,0,1
935,8,1,0,0.0,47.3,5,0,1
936,8,1,0,0.0,47.3,5,0,1
937,8,1,0,0.0,47.3,5,0,1
938,8,1,0,0.0,47.3,5,0,1
939,8,1,0,0.0,47.3,5,0,1
940,8,1,0,2.9,50.2,3,0,1
941,8,1,0,0.2,50.4,3,0,1
942,8,1,0,0.0,50.4,5,0,1
943,8,1,0,0.0,0.0,5,0,1
944,8,1,0,2.0,2.0,3,0,1
945,8,1,0,0.0,2.0,5,0,1
946,8,1,0,4.9,6.9,3,0,1
947,8,1,0,0.0,6.9,5,0,1
948,8,1,0,2.1,9.0,3,0,1
949,8,1,0,12.0,21.0,4,0,1
950,8,1,0,18.5,39.5,4,0,2
951,8,1,0,9.2,48.7,4,0,1
952,8,1,0,0.0,48.7,5,0,1
953,8,1,0,0.0,48.7,5,0,1
954,8,1,0,0.0,48.7,5,0,1
955,8,1,0,0.0,48.7,5,0,1
956,8,1,0,1.6,50.3,3,0,1
957,8,1,0,0.0,50.3,5,0,1
958,8,1,0,0.0,50.3,5,0,1
959,8,1,0,0.0,50.3,5,0,1
960,8,1,0,0.7,51.0,3,0,1
961,8,1,0,0.0,51.0,5,0,1
962,8,1,0,10.8,61.8,4,0,1
963,8,1,0,0.0,61.8,5,0,1
964,8,1,0,0.0,61.8,5,0,1
965,8,1,0,9.3,71.1,4,0,1
966,8,1,0,0.0,71.1,5,0,1
967,8,1,0,0.0,71.1,5,0,1
968,8,1,0,0.0,71.1,5,0,1
969,8,1,0,0.0,71.1,5,0,1
970,8,1,0,0.0,71.1,5,0,1
971,8,1,0,0.0,71.1,5,0,1
972,8,1,0,24.0,95.1,4,0,2
973,8,1,0,0.0,95.1,5,0,1
974,8,1,0,0.0,0.0,5,0,1
975,8,1,0,0.0,0.0,5,0,1
976,8,1,0,0.0,0.0,5,0,1
977,8,1,0,0.0,0.0,5,0,1
978,8,1,0,11.8,11.8,4,0,1
979,8,1,0,0.0,11.8,5,0,1
980,8,1,0,0.0,11.8,5,0,1
981,8,1,0,0.0,11.8,5,0,1
982,8,1,0,11.0,22.8,4,0,1
983,8,1,0,7.9,30.7,4,0,1
984,8,1,0,0.0,30.7,5,0,1
985,8,1,0,0.0,30.7,5,0,1
986,8,1,0,0.0,30.7,5,0,1
987,8,1,0,0.0,30.7,5,0,1
988,8,1,0,0.0,30.7,5,0,1
989,8,1,0,0.0,30.7,5,0,1
990,8,1,0,0.0,30.7,5,0,1
991,8,1,0,8.4,39.1,4,0,1
992,8,1,0,0.0,39.1,5,0,1
993,8,1,0,0.0,39.1,5,0,1
994,8,1,0,2.6,41.7,3,0,1
995,8,1,0,3.7,45.4,3,0,1
996,8,1,0,0.0,45.4,5,0,1
997,8,1,0,3.1,48.5,3,0,1
998,8,1,0,0.8,49.3,3,0,1
999,8,1,0,0.0,49.3,5,0,1
1000,8,1,0,0.0,49.3,5,0,1
1001,8,1,0,11.3,60.6,4,0,1
1002,8,1,0,0.0,60.6,5,0,1
1003,8,1,0,24.6,85.2,4,0,2
1004,8,1,0,0.0,0.0,5,0,1
1005,8,1,0,0.0,0.0,5,0,1
1006,8,1,0,0.0,0.0,5,0,1
1007,8,1,0,0.0,0.0,5,0,1
1008,8,1,0,0.6,0.6,3,0,1
1009,8,1,0,0.0,0.6,5,0,1
1010,8,1,0,0.0,0.6,5,0,1
1011,8,1,0,1.1,1.7,3,0,1
1012,8,1,0,0.0,1.7,5,0,1
1013,8,1,0,0.0,1.7,5,0,1
1014,8,1,0,0.0,1.7,5,0,1
1015,8,1,0,0.0,1.7,5,0,1
1016,8,1,0,0.0,1.7,5,0,1
1017,8,1,0,5.2,6.9,3,0,1
1018,8,1,0,0.0,6.9,5,0,1
1019,8,1,0,3.4,10.3,3,0,1
1020,8,1,0,3.7,14.0,3,0,1
1021,8,1,0,0.1,14.1,3,0,1
1022,8,1,0,0.0,14.1,5,0,1
1023,8,1,0,0.0,14.1,5,0,1
1024,8,1,0,0.0,14.1,5,0,1
1025,8,1,0,0.0,14.1,5,0,1
1026,8,1,0,0.0,14.1,5,0,1
1027,8,1,0,0.0,14.1,5,0,1
1028,8,1,0,0.0,14.1,5,0,1
1029,8,1,0,3.5,17.6,3,0,1
1030,8,1,0,0.0,17.6,5,0,1
1031,8,1,0,0.0,17.6,5,0,1
1032,8,1,0,0.0,17.6,5,0,1
1033,8,1,0,3.1,20.7,3,0,1
1034,8,1,0,0.2,20.9,3,0,1
1035,8,1,0,0.0,0.0,5,0,1
1036,8,1,0,0.0,0.0,5,0,1
1037,8,1,0,2.1,2.1,3,0,1
1038,8,1,0,0.0,2.1,5,0,1
1039,8,1,0,0.0,2.1,5,0,1
1040,8,1,0,0.0,2.1,5,0,1
1041,8,1,0,0.0,2.1,5,0,1
1042,8,1,0,0.8,2.9,3,0,1
1043,8,1,0,0.0,2.9,5,0,1
1044,8,1,0,0.0,2.9,5,0,1
1045,8,1,0,0.0,2.9,5,0,1
1046,8,1,0,6.6,9.5,3,0,1
1047,8,1,0,0.0,9.5,5,0,1
1048,8,1,0,0.0,9.5,5,0,1
1049,8,1,0,0.0,9.5,5,0,1
1050,8,1,0,0.0,9.5,5,0,1
1051,8,1,0,0.0,9.5,5,0,1
1052,8,1,0,0.0,9.5,5,0,1
1053,8,1,0,0.0,9.5,5,0,1
1054,8,1,0,0.0,9.5,5,0,1
1055,8,1,0,0.0,9.5,5,0,1
1056,8,1,0,0.0,9.5,5,0,1
1057,8,1,0,0.0,9.5,5,0,1
1058,8,1,0,0.0,9.5,5,0,1
1059,8,1,0,0.0,9.5,5,0,1
1060,8,1,0,0.0,9.5,5,0,1
1061,8,1,0,0.0,9.5,5,0,1
1062,8,1,0,0.0,9.5,5,0,1
1063,8,1,0,0.0,9.5,5,0,1
1064,8,1,0,2.5,12.0,3,0,1
1065,8,1,0,0.0,0.0,5,0,1
1066,8,1,0,0.0,0.0,5,0,1
1067,8,1,0,0.0,0.0,5,0,1
1068,8,1,0,0.0,0.0,5,0,1
1069,8,1,0,0.0,0.0,5,0,1
1070,8,1,0,0.0,0.0,5,0,1
1071,8,1,0,0.0,0.0,5,0,1
1072,8,1,0,0.0,0.0,5,0,1
1073,8,1,0,0.0,0.0,5,0,1
1074,8,1,0,0.0,0.0,5,0,1
1075,8,1,0,0.0,0.0,5,0,1
1076,8,1,0,0.0,0.0,5,0,1
1077,8,1,0,0.0,0.0,5,0,1
1078,8,1,0,0.0,0.0,5,0,1
1079,8,1,0,0.0,0.0,5,0,1
1080,8,1,0,0.0,0.0,5,0,1
1081,8,1,0,0.0,0.0,5,0,1
1082,8,1,0,0.0,0.0,5,0,1
1083,8,1,0,0.0,0.0,5,0,1
1084,8,1,0,0.0,0.0,5,0,1
1085,8,1,0,0.0,0.0,5,0,1
1086,8,1,0,0.0,0.0,5,0,1
1087,8,1,0,0.0,0.0,5,0,1
1088,8,1,0,0.0,0.0,5,0,1
1089,8,1,0,0.0,0.0,5,0,1
1090,8,1,0,0.0,0.0,5,0,1
1091,8,1,0,0.0,0.0,5,0,1
1092,8,1,0,0.0,0.0,5,0,1
1093,8,1,0,0.0,0.0,5,0,1
1094,8,1,0,0.0,0.0,5,0,1
1095,8,1,0,0.0,0.0,5,0,1
1096,8,1,3,0.0,0.0,5,0,1
1097,8,1,3,0.0,0.0,5,0,1
1098,8,1,3,11.7,11.7,4,0,1
1099,8,1,3,0.0,11.7,5,0,1
1100,8,1,3,0.0,11.7,5,0,1
1101,8,1,3,0.0,11.7,5,0,1
1102,8,1,3,0.0,11.7,5,0,1
1103,8,1,3,0.0,11.7,5,0,1
1104,8,1,3,0.0,11.7,5,0,1
1105,8,1,3,0.0,11.7,5,0,1
1106,8,1,3,0.0,11.7,5,0,1
1107,8,1,3,0.0,11.7,5,0,1
1108,8,1,3,0.0,11.7,5,0,1
1109,8,1,3,0.0,11.7,5,0,1
1110,8,1,3,0.0,11.7,5,0,1
1111,8,1,3,0.0,11.7,5,0,1
1112,8,1,3,0.0,11.7,5,0,1
1113,8,1,3,0.0,11.7,5,0,1
1114,8,1,3,0.0,11.7,5,0,1
1115,8,1,3,0.0,11.7,5,0,1
1116,8,1,3,0.0,11.7,5,0,1
1117,8,1,3,0.0,11.7,5,0,1
1118,8,1,3,0.0,11.7,5,0,1
1119,8,1,3,0.0,11.7,5,0,1
1120,8,1,3,0.0,11.7,5,0,1
1121,8,1,3,0.0,11.7,5,0,1
1122,8,1,3,4.3,16.0,3,0,1
1123,8,1,3,0.0,16.0,5,0,1
1124,8,1,3,0.0,16.0,5,0,1
1125,8,1,3,0.0,16.0,5,0,1
1126,8,1,3,0.0,16.0,5,0,1
1127,8,1,3,0.0,0.0,5,0,1
1128,8,1,3,0.0,0.0,5,0,1
1129,8,1,3,0.0,0.0,5,0,1
1130,8,1,3,0.0,0.0,5,0,1
1131,8,1,3,0.0,0.0,5,0,1
1132,8,1,3,0.0,0.0,5,0,1
1133,8,1,3,0.0,0.0,5,0,1
1134,8,1,3,18.7,18.7,4,0,2
1135,8,1,3,0.0,18.7,5,0,1
1136,8,1,3,0.0,18.7,5,0,1
1137,8,1,3,0.0,18.7,5,0,1
1138,8,1,3,0.0,18.7,5,0,1
1139,8,1,3,0.5,19.2,3,0,1
1140,8,1,3,0.0,19.2,5,0,1
1141,8,1,3,0.0,19.2,5,0,1
1142,8,1,3,0.0,19.2,5,0,1
1143,8,1,3,0.0,19.2,5,0,1
1144,8,1,3,0.0,19.2,5,0,1
1145,8,1,3,0.0,19.2,5,0,1
1146,8,1,3,16.4,35.6,4,0,2
1147,8,1,3,0.0,35.6,5,0,1
1148,8,1,3,0.0,35.6,5,0,1
1149,8,1,3,0.0,35.6,5,0,1
1150,8,1,3,0.0,35.6,5,0,1
1151,8,1,3,0.0,35.6,5,0,1
1152,8,1,3,0.0,35.6,5,0,1
1153,8,1,3,0.0,35.6,5,0,1
1154,8,1,3,0.0,35.6,5,0,1
1155,8,1,3,0.0,0.0,5,0,1
1156,8,1,3,0.0,0.0,5,0,1
1157,8,1,3,0.0,0.0,5,0,1
1158,8,1,3,0.0,0.0,5,0,1
1159,8,1,3,0.0,0.0,5,0,1
1160,8,1,3,0.0,0.0,5,0,1
1161,8,1,3,2.8,2.8,3,0,1
1162,8,1,3,0.0,2.8,5,0,1
1163,8,1,3,0.0,2.8,5,0,1
1164,8,1,3,0.0,2.8,5,0,1
1165,8,1,3,0.0,2.8,5,0,1
1166,8,1,3,0.0,2.8,5,0,1
1167,8,1,3,0.0,2.8,5,0,1
1168,8,1,3,0.0,2.8,5,0,1
1169,8,1,3,0.0,2.8,5,0,1
1170,8,1,3,0.0,2.8,5,0,1
1171,8,1,3,0.0,2.8,5,0,1
1172,8,1,3,0.0,2.8,5,0,1
1173,8,1,3,0.0,2.8,5,0,1
1174,8,1,3,0.0,2.8,5,0,1
1175,8,1,3,0.0,2.8,5,0,1
1176,8,1,3,0.0,2.8,5,0,1
1177,8,1,3,0.0,2.8,5,0,1
1178,8,1,3,19.1,21.9,4,0,2
1179,8,1,3,0.0,21.9,5,0,1
1180,8,1,3,0.0,21.9,5,0,1
1181,8,1,3,0.5,22.4,3,0,1
1182,8,1,3,0.0,22.4,5,0,1
1183,8,1,3,0.0,22.4,5,0,1
1184,8,1,3,0.0,22.4,5,0,1
1185,8,1,3,0.0,22.4,5,0,1
1186,8,1,3,0.0,0.0,5,0,1
1187,8,1,3,0.0,0.0,5,0,1
1188,8,1,3,0.0,0.0,5,0,1
1189,8,1,3,0.0,0.0,5,0,1
1190,8,1,3,0.0,0.0,5,0,1
1191,8,1,3,20.2,20.2,4,0,2
1192,8,1,3,0.0,20.2,5,0,1
1193,8,1,3,0.0,20.2,5,0,1
1194,8,1,3,0.0,20.2,5,0,1
1195,8,1,3,0.0,20.2,5,0,1
1196,8,1,3,3.0,23.2,3,0,1
1197,8,1,3,1.8,25.0,3,0,1
1198,8,1,3,0.0,25.0,5,0,1
1199,8,1,3,0.0,25.0,5,0,1
1200,8,1,3,0.0,25.0,5,0,1
1201,8,1,3,0.0,25.0,5,0,1
1202,8,1,3,0.0,25.0,5,0,1
1203,8,1,3,0.0,25.0,5,0,1
1204,8,1,3,0.0,25.0,5,0,1
1205,8,1,3,1.8,26.8,3,0,1
1206,8,1,3,0.0,26.8,5,0,1
1207,8,1,3,1.6,28.4,3,0,1
1208,8,1,3,0.0,28.4,5,0,1
1209,8,1,3,0.0,28.4,5,0,1
1210,8,1,3,9.2,37.6,4,0,1
1211,8,1,3,0.0,37.6,5,0,1
1212,8,1,3,10.9,48.5,4,0,1
1213,8,1,3,0.0,48.5,5,0,1
1214,8,1,3,5.2,53.7,3,0,1
1215,8,1,3,0.0,53.7,5,0,1
1216,8,1,3,0.0,0.0,5,0,1
1217,8,1,3,0.0,0.0,5,0,1
1218,8,1,3,0.0,0.0,5,0,1
1219,8,1,3,0.2,0.2,3,0,1
1220,8,1,3,0.0,0.2,5,0,1
1221,8,1,3,0.0,0.2,5,0,1
1222,8,1,3,0.0,0.2,5,0,1
1223,8,1,3,0.0,0.2,5,0,1
1224,8,1,3,0.0,0.2,5,0,1
1225,8,1,3,0.0,0.2,5,0,1
1226,8,1,3,0.0,0.2,5,0,1
1227,8,1,3,0.0,0.2,5,0,1
1228,8,1,3,0.0,0.2,5,0,1
1229,8,1,3,0.0,0.2,5,0,1
1230,8,1,3,0.0,0.2,5,0,1
1231,8,1,3,3.8,4.0,3,0,1
1232,8,1,3,0.0,4.0,5,0,1
1233,8,1,3,0.0,4.0,5,0,1
1234,8,1,3,0.0,4.0,5,0,1
1235,8,1,3,0.0,4.0,5,0,1
1236,8,1,3,2.4,6.4,3,0,1
1237,8,1,3,0.0,6.4,5,0,1
1238,8,1,3,0.0,6.4,5,0,1
1239,8,1,3,0.0,6.4,5,0,1
1240,8,1,3,0.0,6.4,5,0,1
1241,8,1,3,11.2,17.6,4,0,1
1242,8,1,3,0.0,17.6,5,0,1
1243,8,1,3,0.0,17.6,5,0,1
1244,8,1,3,0.0,17.6,5,0,1
1245,8,1,3,0.7,18.3,3,0,1
1246,8,1,3,0.0,18.3,5,0,1
1247,8,1,3,43.2,43.2,2,0,0
1248,8,1,3,42.6,85.8,2,0,0
1249,8,1,3,9.1,94.9,4,0,1
1250,8,1,3,14.7,109.6,4,0,1
1251,8,1,3,16.6,126.2,4,0,2
1252,8,1,3,18.1,144.3,4,0,2
1253,8,1,3,23.0,167.3,4,0,2
1254,8,1,3,74.1,241.4,6,1,0
1255,8,1,3,35.7,277.1,2,0,0
1256,8,1,3,22.3,299.4,4,0,2
1257,8,1,3,27.7,327.1,4,0,2
1258,8,1,3,16.9,344.0,4,0,2
1259,8,1,3,3.0,347.0,3,0,1
1260,8,1,3,41.6,388.6,2,0,0
1261,8,1,3,73.2,461.8,6,1,0
1262,8,1,3,0.6,462.4,3,0,1
1263,8,1,3,11.0,473.4,4,0,1
1264,8,1,3,0.0,473.4,5,0,1
1265,8,1,3,1.1,474.5,3,0,1
1266,8,1,3,35.2,509.7,4,0,0
1267,8,1,3,0.0,509.7,5,0,1
1268,8,1,3,12.9,522.6,4,0,1
1269,8,1,3,0.0,522.6,5,0,1
1270,8,1,3,109.0,631.6,6,1,0
1271,8,1,3,3.4,635.0,3,0,1
1272,8,1,3,34.1,669.1,4,0,2
1273,8,1,3,0.0,669.1,5,0,1
1274,8,1,3,10.8,679.9,4,0,1
1275,8,1,3,15.9,695.8,4,0,2
1276,8,1,3,19.1,714.9,4,0,2
1277,8,1,3,3.9,3.9,3,0,1
1278,8,1,3,28.2,32.1,4,0,2
1279,8,1,3,7.8,39.9,4,0,1
1280,8,1,3,18.5,58.4,4,0,2
1281,8,1,3,21.6,80.0,4,0,2
1282,8,1,3,34.3,114.3,4,0,2
1283,8,1,3,43.0,157.3,2,0,0
1284,8,1,3,9.2,166.5,4,0,1
1285,8,1,3,3.7,170.2,3,0,1
1286,8,1,3,17.6,187.8,4,0,2
1287,8,1,3,5.5,193.3,3,0,1
1288,8,1,3,2.3,195.6,3,0,1
1289,8,1,3,27.7,223.3,4,0,2
1290,8,1,3,3.2,226.5,3,0,1
1291,8,1,3,6.4,232.9,3,0,1
1292,8,1,3,0.0,232.9,5,0,1
1293,8,1,3,31.8,264.7,4,0,2
1294,8,1,3,45.9,310.6,2,0,0
1295,8,1,3,18.3,328.9,4,0,2
1296,8,1,3,11.9,340.8,4,0,1
1297,8,1,3,25.4,366.2,4,0,2
1298,8,1,3,2.2,368.4,3,0,1
1299,8,1,3,8.2,376.6,4,0,1
1300,8,1,3,8.1,384.7,4,0,1
1301,8,1,3,0.0,384.7,5,0,1
1302,8,1,3,49.9,434.6,2,0,0
1303,8,1,3,0.0,434.6,5,0,1
1304,8,1,3,7.2,441.8,3,0,1
1305,8,1,3,14.1,455.9,4,0,1
1306,8,1,3,8.0,463.9,4,0,1
1307,8,1,3,5.3,469.2,3,0,1
1308,8,1,3,13.0,13.0,4,0,1
1309,8,1,3,5.2,18.2,3,0,1
1310,8,1,3,6.0,24.2,3,0,1
1311,8,1,3,6.9,31.1,3,0,1
1312,8,1,3,29.7,60.8,4,0,2
1313,8,1,3,6.2,67.0,3,0,1
1314,8,1,3,30.9,97.9,4,0,2
1315,8,1,3,16.3,114.2,4,0,2
1316,8,1,3,19.1,133.3,4,0,2
1317,8,1,3,51.2,184.5,2,0,0
1318,8,1,3,0.0,184.5,5,0,1
1319,8,1,3,7.3,191.8,3,0,1
1320,8,1,3,11.0,202.8,4,0,1
1321,8,1,3,10.3,213.1,4,0,1
1322,8,1,3,44.7,257.8,2,0,0
1323,8,1,3,63.0,320.8,2,0,0
1324,8,1,3,11.0,331.8,4,0,1
1325,8,1,3,31.3,363.1,4,0,2
1326,8,1,3,5.1,368.2,3,0,1
1327,8,1,3,37.9,406.1,2,0,0
1328,8,1,3,0.0,406.1,5,0,1
1329,8,1,3,14.5,420.6,4,0,1
1330,8,1,3,4.7,425.3,3,0,1
1331,8,1,3,12.8,438.1,4,0,1
1332,8,1,3,2.0,440.1,3,0,1
1333,8,1,3,19.9,460.0,4,0,2
1334,8,1,3,7.3,467.3,3,0,1
1335,8,1,3,17.6,484.9,4,0,2
1336,8,1,3,41.6,526.5,2,0,0
1337,8,1,3,0.0,526.5,5,0,1
1338,8,1,3,3.8,530.3,3,0,1
1339,8,1,3,22.0,22.0,4,0,2
1340,8,1,3,10.5,32.5,4,0,1
1341,8,1,3,8.1,40.6,4,0,1
1342,8,1,3,6.0,46.6,3,0,1
1343,8,1,3,1.4,48.0,3,0,1
1344,8,1,3,101.3,149.3,6,1,0
1345,8,1,3,0.0,149.3,5,0,1
1346,8,1,3,4.8,154.1,3,0,1
1347,8,1,3,1.0,155.1,3,0,1
1348,8,1,3,0.0,155.1,5,0,1
1349,8,1,3,17.9,173.0,4,0,2
1350,8,1,3,51.9,224.9,2,0,0
1351,8,1,3,1.7,226.6,3,0,1
1352,8,1,3,63.3,289.9,2,0,0
1353,8,1,3,1.8,291.7,3,0,1
1354,8,1,3,37.7,329.4,2,0,0
1355,8,1,3,11.0,340.4,4,0,1
1356,8,1,3,2.5,342.9,3,0,1
1357,8,1,3,8.4,351.3,4,0,1
1358,8,1,3,0.0,351.3,5,0,1
1359,8,1,3,0.9,352.2,3,0,1
1360,8,1,3,17.1,369.3,4,0,2
1361,8,1,3,18.0,387.3,4,0,2
1362,8,1,3,0.0,387.3,5,0,1
1363,8,1,3,41.1,428.4,2,0,0
1364,8,1,3,2.1,430.5,3,0,1
1365,8,1,3,3.6,434.1,3,0,1
1366,8,1,3,14.5,448.6,4,0,1
1367,8,1,3,9.2,457.8,4,0,1
1368,8,1,3,4.8,462.6,3,0,1
1369,8,1,3,0.0,0.0,5,0,1
1370,8,1,3,2.6,2.6,3,0,1
1371,8,1,3,0.0,2.6,5,0,1
1372,8,1,3,3.5,6.1,3,0,1
1373,8,1,3,3.8,9.9,3,0,1
1374,8,1,3,2.4,12.3,3,0,1
1375,8,1,3,9.4,21.7,4,0,1
1376,8,1,3,15.0,36.7,4,0,1
1377,8,1,3,2.9,39.6,3,0,1
1378,8,1,3,1.2,40.8,3,0,1
1379,8,1,3,1.3,42.1,3,0,1
1380,8,1,3,18.3,60.4,4,0,2
1381,8,1,3,5.7,66.1,3,0,1
1382,8,1,3,1.7,67.8,3,0,1
1383,8,1,3,8.0,75.8,4,0,1
1384,8,1,3,0.0,75.8,5,0,1
1385,8,1,3,3.0,78.8,3,0,1
1386,8,1,3,4.0,82.8,3,0,1
1387,8,1,3,8.7,91.5,4,0,1
1388,8,1,3,0.0,91.5,5,0,1
1389,8,1,3,4.1,95.6,3,0,1
1390,8,1,3,0.0,95.6,5,0,1
1391,8,1,3,0.0,95.6,5,0,1
1392,8,1,3,0.4,96.0,3,0,1
1393,8,1,3,14.8,110.8,4,0,1
1394,8,1,3,14.8,125.6,4,0,1
1395,8,1,3,0.0,125.6,5,0,1
1396,8,1,3,6.6,132.2,3,0,1
1397,8,1,3,0.4,132.6,3,0,1
1398,8,1,3,0.0,132.6,5,0,1
1399,8,1,3,1.1,133.7,3,0,1
1400,8,1,3,0.0,0.0,5,0,1
1401,8,1,3,0.0,0.0,5,0,1
1402,8,1,3,0.0,0.0,5,0,1
1403,8,1,3,0.0,0.0,5,0,1
1404,8,1,3,0.0,0.0,5,0,1
1405,8,1,3,0.0,0.0,5,0,1
1406,8,1,3,0.0,0.0,5,0,1
1407,8,1,3,0.0,0.0,5,0,1
1408,8,1,3,0.0,0.0,5,0,1
1409,8,1,3,10.8,10.8,4,0,1
1410,8,1,3,0.0,10.8,5,0,1
1411,8,1,3,3.2,14.0,3,0,1
1412,8,1,3,0.4,14.4,3,0,1
1413,8,1,3,0.0,14.4,5,0,1
1414,8,1,3,0.0,14.4,5,0,1
1415,8,1,3,0.0,14.4,5,0,1
1416,8,1,3,0.0,14.4,5,0,1
1417,8,1,3,0.0,14.4,5,0,1
1418,8,1,3,0.0,14.4,5,0,1
1419,8,1,3,0.0,14.4,5,0,1
1420,8,1,3,4.4,18.8,3,0,1
1421,8,1,3,0.0,18.8,5,0,1
1422,8,1,3,0.0,18.8,5,0,1
1423,8,1,3,4.0,22.8,3,0,1
1424,8,1,3,0.0,22.8,5,0,1
1425,8,1,3,0.0,22.8,5,0,1
1426,8,1,3,0.0,22.8,5,0,1
1427,8,1,3,1.5,24.3,3,0,1
1428,8,1,3,3.8,28.1,3,0,1
1429,8,1,3,0.0,28.1,5,0,1
1430,8,1,3,0.0,0.0,5,0,1
1431,8,1,3,0.0,0.0,5,0,1
1432,8,1,3,0.0,0.0,5,0,1
1433,8,1,3,0.0,0.0,5,0,1
1434,8,1,3,0.0,0.0,5,0,1
1435,8,1,3,0.0,0.0,5,0,1
1436,8,1,3,0.0,0.0,5,0,1
1437,8,1,3,0.0,0.0,5,0,1
1438,8,1,3,0.0,0.0,5,0,1
1439,8,1,3,0.0,0.0,5,0,1
1440,8,1,3,0.0,0.0,5,0,1
1441,8,1,3,0.0,0.0,5,0,1
1442,8,1,3,0.0,0.0,5,0,1
1443,8,1,3,3.7,3.7,3,0,1
1444,8,1,3,0.0,3.7,5,0,1
1445,8,1,3,0.0,3.7,5,0,1
1446,8,1,3,0.0,3.7,5,0,1
1447,8,1,3,6.2,9.9,3,0,1
1448,8,1,3,0.0,9.9,5,0,1
1449,8,1,3,0.0,9.9,5,0,1
1450,8,1,3,0.0,9.9,5,0,1
1451,8,1,3,0.0,9.9,5,0,1
1452,8,1,3,0.0,9.9,5,0,1
1453,8,1,3,0.0,9.9,5,0,1
1454,8,1,3,0.0,9.9,5,0,1
1455,8,1,3,1.2,11.1,3,0,1
1456,8,1,3,0.0,11.1,5,0,1
1457,8,1,3,0.0,11.1,5,0,1
1458,8,1,3,0.0,11.1,5,0,1
1459,8,1,3,0.0,11.1,5,0,1
1460,8,1,3,0.0,11.1,5,0,1
1461,8,1,1,0.0,0.0,5,0,1
1462,8,1,1,0.0,0.0,5,0,1
1463,8,1,1,0.0,0.0,5,0,1
1464,8,1,1,0.0,0.0,5,0,1
1465,8,1,1,0.0,0.0,5,0,1
1466,8,1,1,0.0,0.0,5,0,1
1467,8,1,1,0.0,0.0,5,0,1
1468,8,1,1,0.0,0.0,5,0,1
1469,8,1,1,0.0,0.0,5,0,1
1470,8,1,1,0.0,0.0,5,0,1
1471,8,1,1,0.0,0.0,5,0,1
1472,8,1,1,0.0,0.0,5,0,1
1473,8,1,1,0.0,0.0,5,0,1
1474,8,1,1,0.0,0.0,5,0,1
1475,8,1,1,0.0,0.0,5,0,1
1476,8,1,1,1.4,1.4,3,0,1
1477,8,1,1,0.0,1.4,5,0,1
1478,8,1,1,0.0,1.4,5,0,1
1479,8,1,1,0.0,1.4,5,0,1
1480,8,1,1,0.0,1.4,5,0,1
1481,8,1,1,0.0,1.4,5,0,1
1482,8,1,1,0.0,1.4,5,0,1
1483,8,1,1,0.0,1.4,5,0,1
1484,8,1,1,11.5,12.9,4,0,1
1485,8,1,1,0.0,12.9,5,0,1
1486,8,1,1,0.0,12.9,5,0,1
1487,8,1,1,14.8,27.7,4,0,1
1488,8,1,1,0.0,27.7,5,0,1
1489,8,1,1,0.0,27.7,5,0,1
1490,8,1,1,0.0,27.7,5,0,1
1491,8,1,1,0.0,27.7,5,0,1
1492,8,1,1,0.0,0.0,5,0,1
1493,8,1,1,0.0,0.0,5,0,1
1494,8,1,1,0.8,0.8,3,0,1
1495,8,1,1,0.0,0.8,5,0,1
1496,8,1,1,0.0,0.8,5,0,1
1497,8,1,1,0.0,0.8,5,0,1
1498,8,1,1,0.0,0.8,5,0,1
1499,8,1,1,0.0,0.8,5,0,1
1500,8,1,1,0.0,0.8,5,0,1
1501,8,1,1,0.0,0.8,5,0,1
1502,8,1,1,0.0,0.8,5,0,1
1503,8,1,1,0.0,0.8,5,0,1
1504,8,1,1,0.0,0.8,5,0,1
1505,8,1,1,0.0,0.8,5,0,1
1506,8,1,1,5.5,6.3,3,0,1
1507,8,1,1,0.0,6.3,5,0,1
1508,8,1,1,0.0,6.3,5,0,1
1509,8,1,1,0.0,6.3,5,0,1
1510,8,1,1,0.0,6.3,5,0,1
1511,8,1,1,0.0,6.3,5,0,1
1512,8,1,1,0.0,6.3,5,0,1
1513,8,1,1,0.0,6.3,5,0,1
1514,8,1,1,0.0,6.3,5,0,1
1515,8,1,1,0.0,6.3,5,0,1
1516,8,1,1,0.0,6.3,5,0,1
1517,8,1,1,0.0,6.3,5,0,1
1518,8,1,1,0.0,6.3,5,0,1
1519,8,1,1,0.0,6.3,5,0,1
1520,8,1,1,6.9,13.2,3,0,1
1521,8,1,1,0.0,0.0,5,0,1
1522,8,1,1,0.0,0.0,5,0,1
1523,8,1,1,0.0,0.0,5,0,1
1524,8,1,1,0.0,0.0,5,0,1
1525,8,1,1,0.0,0.0,5,0,1
1526,8,1,1,0.0,0.0,5,0,1
1527,8,1,1,0.0,0.0,5,0,1
1528,8,1,1,0.0,0.0,5,0,1
1529,8,1,1,0.0,0.0,5,0,1
1530,8,1,1,0.0,0.0,5,0,1
1531,8,1,1,0.0,0.0,5,0,1
1532,8,1,1,0.0,0.0,5,0,1
1533,8,1,1,0.0,0.0,5,0,1
1534,8,1,1,10.1,10.1,4,0,1
1535,8,1,1,0.0,10.1,5,0,1
1536,8,1,1,0.0,10.1,5,0,1
1537,8,1,1,0.0,10.1,5,0,1
1538,8,1,1,0.0,10.1,5,0,1
1539,8,1,1,0.0,10.1,5,0,1
1540,8,1,1,38.0,48.1,2,0,0
1541,8,1,1,0.0,48.1,5,0,1
1542,8,1,1,0.0,48.1,5,0,1
1543,8,1,1,0.0,48.1,5,0,1
1544,8,1,1,0.0,48.1,5,0,1
1545,8,1,1,0.2,48.3,3,0,1
1546,8,1,1,0.0,48.3,5,0,1
1547,8,1,1,0.0,48.3,5,0,1
1548,8,1,1,0.0,48.3,5,0,1
1549,8,1,1,20.8,69.1,4,0,2
1550,8,1,1,0.0,69.1,5,0,1
1551,8,1,1,7.4,76.5,3,0,1
1552,8,1,1,0.0,0.0,5,0,1
1553,8,1,1,0.0,0.0,5,0,1
1554,8,1,1,0.0,0.0,5,0,1
1555,8,1,1,0.0,0.0,5,0,1
1556,8,1,1,0.0,0.0,5,0,1
1557,8,1,1,0.0,0.0,5,0,1
1558,8,1,1,27.2,27.2,4,0,2
1559,8,1,1,0.0,27.2,5,0,1
1560,8,1,1,0.0,27.2,5,0,1
1561,8,1,1,0.0,27.2,5,0,1
1562,8,1,1,7.3,34.5,3,0,1
1563,8,1,1,0.0,34.5,5,0,1
1564,8,1,1,0.0,34.5,5,0,1
1565,8,1,1,0.0,34.5,5,0,1
1566,8,1,1,0.5,35.0,3,0,1
1567,8,1,1,0.0,35.0,5,0,1
1568,8,1,1,0.0,35.0,5,0,1
1569,8,1,1,0.0,35.0,5,0,1
1570,8,1,1,0.0,35.0,5,0,1
1571,8,1,1,0.0,35.0,5,0,1
1572,8,1,1,4.2,39.2,3,0,1
1573,8,1,1,0.0,39.2,5,0,1
1574,8,1,1,0.0,39.2,5,0,1
1575,8,1,1,0.0,39.2,5,0,1
1576,8,1,1,8.7,47.9,4,0,1
1577,8,1,1,0.0,47.9,5,0,1
1578,8,1,1,0.0,47.9,5,0,1
1579,8,1,1,0.0,47.9,5,0,1
1580,8,1,1,0.0,47.9,5,0,1
1581,8,1,1,0.0,47.9,5,0,1
1582,8,1,1,4.7,4.7,3,0,1
1583,8,1,1,4.4,9.1,3,0,1
1584,8,1,1,0.0,9.1,5,0,1
1585,8,1,1,0.0,9.1,5,0,1
1586,8,1,1,0.0,9.1,5,0,1
1587,8,1,1,0.0,9.1,5,0,1
1588,8,1,1,7.0,16.1,3,0,1
1589,8,1,1,0.0,16.1,5,0,1
1590,8,1,1,21.3,37.4,4,0,2
1591,8,1,1,0.0,37.4,5,0,1
1592,8,1,1,0.0,37.4,5,0,1
1593,8,1,1,0.0,37.4,5,0,1
1594,8,1,1,0.0,37.4,5,0,1
1595,8,1,1,0.0,37.4,5,0,1
1596,8,1,1,3.4,40.8,3,0,1
1597,8,1,1,0.0,40.8,5,0,1
1598,8,1,1,0.0,40.8,5,0,1
1599,8,1,1,0.0,40.8,5,0,1
1600,8,1,1,0.0,40.8,5,0,1
1601,8,1,1,1.2,42.0,3,0,1
1602,8,1,1,6.3,48.3,3,0,1
1603,8,1,1,0.0,48.3,5,0,1
1604,8,1,1,0.0,48.3,5,0,1
1605,8,1,1,5.1,53.4,3,0,1
1606,8,1,1,0.0,53.4,5,0,1
1607,8,1,1,0.0,53.4,5,0,1
1608,8,1,1,1.8,55.2,3,0,1
1609,8,1,1,0.0,55.2,5,0,1
1610,8,1,1,0.0,55.2,5,0,1
1611,8,1,1,5.0,60.2,3,0,1
1612,8,1,1,0.0,60.2,5,0,1
1613,8,1,1,19.2,19.2,4,0,2
1614,8,1,1,102.8,122.0,6,1,0
1615,8,1,1,62.7,184.7,2,0,0
1616,8,1,1,36.3,221.0,2,0,0
1617,8,1,1,53.9,274.9,2,0,0
1618,8,1,1,9.9,284.8,4,0,1
1619,8,1,1,22.3,307.1,4,0,2
1620,8,1,1,12.7,319.8,4,0,1
1621,8,1,1,65.6,385.4,6,1,0
1622,8,1,1,0.0,385.4,5,0,1
1623,8,1,1,3.8,389.2,3,0,1
1624,8,1,1,126.4,515.6,1,2,0
1625,8,1,1,5.1,520.7,3,0,1
1626,8,1,1,29.0,549.7,4,0,2
1627,8,1,1,35.4,585.1,4,0,0
1628,8,1,1,31.7,616.8,4,0,2
1629,8,1,1,19.2,636.0,4,0,2
1630,8,1,1,0.7,636.7,3,0,1
1631,8,1,1,3.4,640.1,3,0,1
1632,8,1,1,5.7,645.8,3,0,1
1633,8,1,1,4.1,649.9,3,0,1
1634,8,1,1,33.8,683.7,4,0,2
1635,8,1,1,3.3,687.0,3,0,1
1636,8,1,1,127.5,814.5,1,2,0
1637,8,1,1,44.6,859.1,2,0,0
1638,8,1,1,2.4,861.5,3,0,1
1639,8,1,1,70.9,932.4,6,1,0
1640,8,1,1,37.3,969.7,2,0,0
1641,8,1,1,3.7,973.4,3,0,1
1642,8,1,1,12.1,985.5,4,0,1
1643,8,1,1,19.9,19.9,4,0,2
1644,8,1,1,13.1,33.0,4,0,1
1645,8,1,1,37.5,70.5,2,0,0
1646,8,1,1,0.0,70.5,5,0,1
1647,8,1,1,6.3,76.8,3,0,1
1648,8,1,1,30.3,107.1,4,0,2
1649,8,1,1,0.0,107.1,5,0,1
1650,8,1,1,127.6,234.7,1,2,0
1651,8,1,1,18.3,253.0,4,0,2
1652,8,1,1,76.6,329.6,6,1,0
1653,8,1,1,22.9,352.5,4,0,2
1654,8,1,1,11.4,363.9,4,0,1
1655,8,1,1,17.2,381.1,4,0,2
1656,8,1,1,6.7,387.8,3,0,1
1657,8,1,1,37.8,425.6,2,0,0
1658,8,1,1,0.9,426.5,3,0,1
1659,8,1,1,43.9,470.4,2,0,0
1660,8,1,1,47.8,518.2,2,0,0
1661,8,1,1,2.2,520.4,3,0,1
1662,8,1,1,71.3,591.7,6,1,0
1663,8,1,1,2.2,593.9,3,0,1
1664,8,1,1,38.3,632.2,2,0,0
1665,8,1,1,96.6,728.8,6,1,0
1666,8,1,1,97.2,826.0,6,1,0
1667,8,1,1,52.6,878.6,2,0,0
1668,8,1,1,85.9,964.5,6,1,0
1669,8,1,1,20.6,985.1,4,0,2
1670,8,1,1,0.3,985.4,3,0,1
1671,8,1,1,0.0,985.4,5,0,1
1672,8,1,1,2.9,988.3,3,0,1
1673,8,1,1,10.7,999.0,4,0,1
1674,8,1,1,1.5,1.5,3,0,1
1675,8,1,1,43.2,44.7,2,0,0
1676,8,1,1,53.6,98.3,2,0,0
1677,8,1,1,27.1,125.4,4,0,2
1678,8,1,1,23.5,148.9,4,0,2
1679,8,1,1,28.0,176.9,4,0,2
1680,8,1,1,3.0,179.9,3,0,1
1681,8,1,1,113.2,293.1,6,1,0
1682,8,1,1,1.1,294.2,3,0,1
1683,8,1,1,38.1,332.3,2,0,0
1684,8,1,1,62.2,394.5,2,0,0
1685,8,1,1,25.1,419.6,4,0,2
1686,8,1,1,21.8,441.4,4,0,2
1687,8,1,1,137.7,579.1,1,2,0
1688,8,1,1,63.8,642.9,2,0,0
1689,8,1,1,0.5,643.4,3,0,1
1690,8,1,1,12.4,655.8,4,0,1
1691,8,1,1,38.3,694.1,2,0,0
1692,8,1,1,48.9,743.0,2,0,0
1693,8,1,1,2.8,745.8,3,0,1
1694,8,1,1,2.0,747.8,3,0,1
1695,8,1,1,82.2,830.0,6,1,0
1696,8,1,1,8.1,838.1,4,0,1
1697,8,1,1,26.8,864.9,4,0,2
1698,8,1,1,80.6,945.5,6,1,0
1699,8,1,1,13.9,959.4,4,0,1
1700,8,1,1,65.2,1024.6,6,1,0
1701,8,1,1,77.9,1102.5,6,1,0
1702,8,1,1,19.5,1122.0,4,0,2
1703,8,1,1,29.7,1151.7,4,0,2
1704,8,1,1,0.0,1151.7,5,0,1
1705,8,1,1,58.5,58.5,2,0,0
1706,8,1,1,36.9,95.4,2,0,0
1707,8,1,1,76.4,171.8,6,1,0
1708,8,1,1,5.1,176.9,3,0,1
1709,8,1,1,3.9,180.8,3,0,1
1710,8,1,1,41.6,222.4,2,0,0
1711,8,1,1,9.0,231.4,4,0,1
1712,8,1,1,1.8,233.2,3,0,1
1713,8,1,1,0.1,233.3,3,0,1
1714,8,1,1,9.1,242.4,4,0,1
1715,8,1,1,31.4,273.8,4,0,2
1716,8,1,1,10.0,283.8,4,0,1
1717,8,1,1,22.5,306.3,4,0,2
1718,8,1,1,67.1,373.4,6,1,0
1719,8,1,1,7.9,381.3,4,0,1
1720,8,1,1,32.3,413.6,4,0,2
1721,8,1,1,24.0,437.6,4,0,2
1722,8,1,1,139.1,576.7,1,2,0
1723,8,1,1,23.9,600.6,4,0,2
1724,8,1,1,18.9,619.5,4,0,2
1725,8,1,1,99.9,719.4,6,1,0
1726,8,1,1,12.9,732.3,4,0,1
1727,8,1,1,0.0,732.3,5,0,1
1728,8,1,1,6.0,738.3,3,0,1
1729,8,1,1,37.8,776.1,2,0,0
1730,8,1,1,13.9,790.0,4,0,1
1731,8,1,1,29.6,819.6,4,0,2
1732,8,1,1,3.4,823.0,3,0,1
1733,8,1,1,38.7,861.7,2,0,0
1734,8,1,1,55.9,917.6,2,0,0
1735,8,1,1,3.1,3.1,3,0,1
1736,8,1,1,1.0,4.1,3,0,1
1737,8,1,1,10.0,14.1,4,0,1
1738,8,1,1,8.5,22.6,4,0,1
1739,8,1,1,4.9,27.5,3,0,1
1740,8,1,1,0.0,27.5,5,0,1
1741,8,1,1,1.2,28.7,3,0,1
1742,8,1,1,23.4,52.1,4,0,2
1743,8,1,1,19.8,71.9,4,0,2
1744,8,1,1,16.6,88.5,4,0,2
1745,8,1,1,31.6,120.1,4,0,2
1746,8,1,1,0.8,120.9,3,0,1
1747,8,1,1,38.6,159.5,2,0,0
1748,8,1,1,4.7,164.2,3,0,1
1749,8,1,1,7.3,171.5,3,0,1
1750,8,1,1,23.9,195.4,4,0,2
1751,8,1,1,0.0,195.4,5,0,1
1752,8,1,1,18.5,213.9,4,0,2
1753,8,1,1,9.3,223.2,4,0,1
1754,8,1,1,66.2,289.4,6,1,0
1755,8,1,1,2.6,292.0,3,0,1
1756,8,1,1,1.0,293.0,3,0,1
1757,8,1,1,5.5,298.5,3,0,1
1758,8,1,1,5.4,303.9,3,0,1
1759,8,1,1,14.9,318.8,4,0,1
1760,8,1,1,17.7,336.5,4,0,2
1761,8,1,1,32.5,369.0,4,0,2
1762,8,1,1,38.1,407.1,2,0,0
1763,8,1,1,19.5,426.6,4,0,2
1764,8,1,1,0.3,426.9,3,0,1
1765,8,1,1,12.7,439.6,4,0,1
1766,8,1,1,23.6,23.6,4,0,2
1767,8,1,1,0.0,23.6,5,0,1
1768,8,1,1,2.8,26.4,3,0,1
1769,8,1,1,0.0,26.4,5,0,1
1770,8,1,1,1.2,27.6,3,0,1
1771,8,1,1,15.4,43.0,4,0,2
1772,8,1,1,0.0,43.0,5,0,1
1773,8,1,1,0.0,43.0,5,0,1
1774,8,1,1,4.1,47.1,3,0,1
1775,8,1,1,0.0,47.1,5,0,1
1776,8,1,1,0.0,47.1,5,0,1
1777,8,1,1,8.9,56.0,4,0,1
1778,8,1,1,0.0,56.0,5,0,1
1779,8,1,1,4.7,60.7,3,0,1
1780,8,1,1,2.8,63.5,3,0,1
1781,8,1,1,0.0,63.5,5,0,1
1782,8,1,1,5.7,69.2,3,0,1
1783,8,1,1,14.1,83.3,4,0,1
1784,8,1,1,18.5,101.8,4,0,2
1785,8,1,1,19.9,121.7,4,0,2
1786,8,1,1,0.0,121.7,5,0,1
1787,8,1,1,0.0,121.7,5,0,1
1788,8,1,1,0.0,121.7,5,0,1
1789,8,1,1,0.0,121.7,5,0,1
1790,8,1,1,0.0,121.7,5,0,1
1791,8,1,1,53.2,174.9,2,0,0
1792,8,1,1,0.0,174.9,5,0,1
1793,8,1,1,6.2,181.1,3,0,1
1794,8,1,1,0.0,181.1,5,0,1
1795,8,1,1,7.3,188.4,3,0,1
1796,8,1,1,0.0,0.0,5,0,1
1797,8,1,1,0.0,0.0,5,0,1
1798,8,1,1,0.0,0.0,5,0,1
1799,8,1,1,0.0,0.0,5,0,1
1800,8,1,1,0.0,0.0,5,0,1
1801,8,1,1,5.6,5.6,3,0,1
1802,8,1,1,0.0,5.6,5,0,1
1803,8,1,1,16.0,21.6,4,0,2
1804,8,1,1,1.7,23.3,3,0,1
1805,8,1,1,0.0,23.3,5,0,1
1806,8,1,1,0.0,23.3,5,0,1
1807,8,1,1,0.0,23.3,5,0,1
1808,8,1,1,0.0,23.3,5,0,1
1809,8,1,1,16.6,39.9,4,0,2
1810,8,1,1,0.0,39.9,5,0,1
1811,8,1,1,0.0,39.9,5,0,1
1812,8,1,1,0.0,39.9,5,0,1
1813,8,1,1,0.0,39.9,5,0,1
1814,8,1,1,0.0,39.9,5,0,1
1815,8,1,1,0.0,39.9,5,0,1
1816,8,1,1,0.0,39.9,5,0,1
1817,8,1,1,0.0,39.9,5,0,1
1818,8,1,1,0.0,39.9,5,0,1
1819,8,1,1,0.0,39.9,5,0,1
1820,8,1,1,48.0,87.9,2,0,0
1821,8,1,1,0.0,87.9,5,0,1
1822,8,1,1,0.0,87.9,5,0,1
1823,8,1,1,0.0,87.9,5,0,1
1824,8,1,1,0.0,87.9,5,0,1
1825,8,1,1,0.0,87.9,5,0,1
1826,8,1,1,3.8,91.7,3,0,1
0,6,1,3,0.0,0.0,5,0,1
1,6,1,3,0.0,0.0,5,0,1
2,6,1,3,0.0,0.0,5,0,1
3,6,1,3,0.0,0.0,5,0,1
4,6,1,3,0.0,0.0,5,0,1
5,6,1,3,0.0,0.0,5,0,1
6,6,1,3,0.0,0.0,5,0,1
7,6,1,3,0.0,0.0,5,0,1
8,6,1,3,0.0,0.0,5,0,1
9,6,1,3,0.0,0.0,5,0,1
10,6,1,3,0.0,0.0,5,0,1
11,6,1,3,0.0,0.0,5,0,1
12,6,1,3,6.4,6.4,3,0,1
13,6,1,3,0.0,6.4,5,0,1
14,6,1,3,0.0,6.4,5,0,1
15,6,1,3,0.0,6.4,5,0,1
16,6,1,3,0.0,6.4,5,0,1
17,6,1,3,2.1,8.5,3,0,1
18,6,1,3,0.0,8.5,5,0,1
19,6,1,3,0.0,8.5,5,0,1
20,6,1,3,0.0,8.5,5,0,1
21,6,1,3,0.0,8.5,5,0,1
22,6,1,3,0.0,8.5,5,0,1
23,6,1,3,0.0,8.5,5,0,1
24,6,1,3,0.0,8.5,5,0,1
25,6,1,3,0.0,8.5,5,0,1
26,6,1,3,0.0,8.5,5,0,1
27,6,1,3,0.0,8.5,5,0,1
28,6,1,3,0.0,8.5,5,0,1
29,6,1,3,0.0,8.5,5,0,1
30,6,1,3,2.2,10.7,3,0,1
31,6,1,3,0.0,0.0,5,0,1
32,6,1,3,0.0,0.0,5,0,1
33,6,1,3,0.0,0.0,5,0,1
34,6,1,3,0.0,0.0,5,0,1
35,6,1,3,0.0,0.0,5,0,1
36,6,1,3,0.0,0.0,5,0,1
37,6,1,3,0.0,0.0,5,0,1
38,6,1,3,0.0,0.0,5,0,1
39,6,1,3,0.0,0.0,5,0,1
40,6,1,3,0.0,0.0,5,0,1
41,6,1,3,0.0,0.0,5,0,1
42,6,1,3,0.0,0.0,5,0,1
43,6,1,3,0.0,0.0,5,0,1
44,6,1,3,0.0,0.0,5,0,1
45,6,1,3,0.0,0.0,5,0,1
46,6,1,3,0.0,0.0,5,0,1
47,6,1,3,2.0,2.0,3,0,1
48,6,1,3,0.0,2.0,5,0,1
49,6,1,3,0.0,2.0,5,0,1
50,6,1,3,0.0,2.0,5,0,1
51,6,1,3,0.0,2.0,5,0,1
52,6,1,3,0.0,2.0,5,0,1
53,6,1,3,0.0,2.0,5,0,1
54,6,1,3,0.0,2.0,5,0,1
55,6,1,3,0.0,2.0,5,0,1
56,6,1,3,0.0,2.0,5,0,1
57,6,1,3,0.0,2.0,5,0,1
58,6,1,3,0.0,2.0,5,0,1
59,6,1,3,0.0,2.0,5,0,1
60,6,1,3,0.0,0.0,5,0,1
61,6,1,3,0.0,0.0,5,0,1
62,6,1,3,0.0,0.0,5,0,1
63,6,1,3,0.0,0.0,5,0,1
64,6,1,3,0.0,0.0,5,0,1
65,6,1,3,0.0,0.0,5,0,1
66,6,1,3,0.0,0.0,5,0,1
67,6,1,3,0.0,0.0,5,0,1
68,6,1,3,0.0,0.0,5,0,1
69,6,1,3,0.0,0.0,5,0,1
70,6,1,3,0.0,0.0,5,0,1
71,6,1,3,0.0,0.0,5,0,1
72,6,1,3,0.0,0.0,5,0,1
73,6,1,3,0.0,0.0,5,0,1
74,6,1,3,0.0,0.0,5,0,1
75,6,1,3,0.0,0.0,5,0,1
76,6,1,3,0.0,0.0,5,0,1
77,6,1,3,0.0,0.0,5,0,1
78,6,1,3,0.0,0.0,5,0,1
79,6,1,3,0.0,0.0,5,0,1
80,6,1,3,5.5,5.5,3,0,1
81,6,1,3,0.0,5.5,5,0,1
82,6,1,3,0.0,5.5,5,0,1
83,6,1,3,0.0,5.5,5,0,1
84,6,1,3,0.0,5.5,5,0,1
85,6,1,3,0.0,5.5,5,0,1
86,6,1,3,0.0,5.5,5,0,1
87,6,1,3,0.0,5.5,5,0,1
88,6,1,3,0.0,5.5,5,0,1
89,6,1,3,0.0,5.5,5,0,1
90,6,1,3,1.5,7.0,3,0,1
91,6,1,3,0.0,0.0,5,0,1
92,6,1,3,0.0,0.0,5,0,1
93,6,1,3,10.2,10.2,4,0,1
94,6,1,3,0.0,10.2,5,0,1
95,6,1,3,0.0,10.2,5,0,1
96,6,1,3,0.0,10.2,5,0,1
97,6,1,3,0.0,10.2,5,0,1
98,6,1,3,0.0,10.2,5,0,1
99,6,1,3,0.0,10.2,5,0,1
100,6,1,3,2.6,12.8,3,0,1
101,6,1,3,0.0,12.8,5,0,1
102,6,1,3,0.0,12.8,5,0,1
103,6,1,3,1.1,13.9,3,0,1
104,6,1,3,0.0,13.9,5,0,1
105,6,1,3,0.0,13.9,5,0,1
106,6,1,3,0.0,13.9,5,0,1
107,6,1,3,0.0,13.9,5,0,1
108,6,1,3,0.0,13.9,5,0,1
109,6,1,3,0.0,13.9,5,0,1
110,6,1,3,0.0,13.9,5,0,1
111,6,1,3,2.0,15.9,3,0,1
112,6,1,3,0.0,15.9,5,0,1
113,6,1,3,0.0,15.9,5,0,1
114,6,1,3,0.0,15.9,5,0,1
115,6,1,3,0.0,15.9,5,0,1
116,6,1,3,0.0,15.9,5,0,1
117,6,1,3,0.0,15.9,5,0,1
118,6,1,3,0.0,15.9,5,0,1
119,6,1,3,3.9,19.8,3,0,1
120,6,1,3,0.0,19.8,5,0,1
121,6,1,3,0.0,0.0,5,0,1
122,6,1,3,0.0,0.0,5,0,1
123,6,1,3,0.0,0.0,5,0,1
124,6,1,3,0.0,0.0,5,0,1
125,6,1,3,0.0,0.0,5,0,1
126,6,1,3,0.0,0.0,5,0,1
127,6,1,3,3.0,3.0,3,0,1
128,6,1,3,0.0,3.0,5,0,1
129,6,1,3,0.0,3.0,5,0,1
130,6,1,3,0.0,3.0,5,0,1
131,6,1,3,12.4,15.4,4,0,1
132,6,1,3,0.0,15.4,5,0,1
133,6,1,3,3.3,18.7,3,0,1
134,6,1,3,0.0,18.7,5,0,1
135,6,1,3,0.0,18.7,5,0,1
136,6,1,3,6.1,24.8,3,0,1
137,6,1,3,4.5,29.3,3,0,1
138,6,1,3,3.0,32.3,3,0,1
139,6,1,3,0.0,32.3,5,0,1
140,6,1,3,0.0,32.3,5,0,1
141,6,1,3,3.6,35.9,3,0,1
142,6,1,3,0.0,35.9,5,0,1
143,6,1,3,0.0,35.9,5,0,1
144,6,1,3,0.0,35.9,5,0,1
145,6,1,3,0.0,35.9,5,0,1
146,6,1,3,12.8,48.7,4,0,1
147,6,1,3,0.0,48.7,5,0,1
148,6,1,3,0.0,48.7,5,0,1
149,6,1,3,0.0,48.7,5,0,1
150,6,1,3,5.4,54.1,3,0,1
151,6,1,3,7.7,61.8,4,0,1
152,6,1,3,0.9,0.9,3,0,1
153,6,1,3,0.0,0.9,5,0,1
154,6,1,3,0.0,0.9,5,0,1
155,6,1,3,3.4,4.3,3,0,1
156,6,1,3,1.0,5.3,3,0,1
157,6,1,3,5.8,11.1,3,0,1
158,6,1,3,40.1,51.2,2,0,0
159,6,1,3,0.0,51.2,5,0,1
160,6,1,3,59.7,110.9,2,0,0
161,6,1,3,22.0,132.9,4,0,2
162,6,1,3,21.1,154.0,4,0,2
163,6,1,3,35.6,189.6,2,0,0
164,6,1,3,11.7,201.3,4,0,1
165,6,1,3,26.5,227.8,4,0,2
166,6,1,3,0.0,227.8,5,0,1
167,6,1,3,14.0,241.8,4,0,1
168,6,1,3,95.1,336.9,6,1,0
169,6,1,3,9.9,346.8,4,0,1
170,6,1,3,0.0,346.8,5,0,1
171,6,1,3,4.3,351.1,3,0,1
172,6,1,3,1.5,352.6,3,0,1
173,6,1,3,1.6,354.2,3,0,1
174,6,1,3,4.7,358.9,3,0,1
175,6,1,3,0.0,358.9,5,0,1
176,6,1,3,15.9,374.8,4,0,2
177,6,1,3,4.5,379.3,3,0,1
178,6,1,3,5.4,384.7,3,0,1
179,6,1,3,2.4,387.1,3,0,1
180,6,1,3,9.1,396.2,4,0,1
181,6,1,3,14.8,411.0,4,0,1
182,6,1,3,0.5,0.5,3,0,1
183,6,1,3,0.0,0.5,5,0,1
184,6,1,3,37.0,37.5,2,0,0
185,6,1,3,4.5,42.0,3,0,1
186,6,1,3,0.0,42.0,5,0,1
187,6,1,3,11.6,53.6,4,0,1
188,6,1,3,26.1,79.7,4,0,2
189,6,1,3,16.3,96.0,4,0,2
190,6,1,3,12.9,108.9,4,0,1
191,6,1,3,2.3,111.2,3,0,1
192,6,1,3,13.4,124.6,4,0,1
193,6,1,3,3.0,127.6,3,0,1
194,6,1,3,13.2,140.8,4,0,1
195,6,1,3,8.5,149.3,4,0,1
196,6,1,3,11.0,160.3,4,0,1
197,6,1,3,67.5,227.8,6,1,0
198,6,1,3,44.0,271.8,2,0,0
199,6,1,3,37.2,309.0,2,0,0
200,6,1,3,10.9,319.9,4,0,1
201,6,1,3,0.0,319.9,5,0,1
202,6,1,3,21.4,341.3,4,0,2
203,6,1,3,33.0,374.3,4,0,2
204,6,1,3,2.2,376.5,3,0,1
205,6,1,3,33.4,409.9,4,0,2
206,6,1,3,9.3,419.2,4,0,1
207,6,1,3,7.4,426.6,3,0,1
208,6,1,3,7.4,434.0,3,0,1
209,6,1,3,5.9,439.9,3,0,1
210,6,1,3,16.2,456.1,4,0,2
211,6,1,3,18.4,474.5,4,0,2
212,6,1,3,4.0,478.5,3,0,1
213,6,1,3,26.9,26.9,4,0,2
214,6,1,3,0.0,26.9,5,0,1
215,6,1,3,4.8,31.7,3,0,1
216,6,1,3,1.1,32.8,3,0,1
217,6,1,3,19.3,52.1,4,0,2
218,6,1,3,0.7,52.8,3,0,1
219,6,1,3,10.6,63.4,4,0,1
220,6,1,3,20.3,83.7,4,0,2
221,6,1,3,22.3,106.0,4,0,2
222,6,1,3,29.9,135.9,4,0,2
223,6,1,3,21.2,157.1,4,0,2
224,6,1,3,32.9,190.0,4,0,2
225,6,1,3,6.1,196.1,3,0,1
226,6,1,3,5.9,202.0,3,0,1
227,6,1,3,11.8,213.8,4,0,1
228,6,1,3,35.7,249.5,2,0,0
229,6,1,3,3.1,252.6,3,0,1
230,6,1,3,12.6,265.2,4,0,1
231,6,1,3,21.6,286.8,4,0,2
232,6,1,3,58.2,345.0,2,0,0
233,6,1,3,7.3,352.3,3,0,1
234,6,1,3,28.7,381.0,4,0,2
235,6,1,3,7.2,388.2,3,0,1
236,6,1,3,11.5,399.7,4,0,1
237,6,1,3,3.5,403.2,3,0,1
238,6,1,3,13.8,417.0,4,0,1
239,6,1,3,3.6,420.6,3,0,1
240,6,1,3,49.4,470.0,2,0,0
241,6,1,3,0.0,470.0,5,0,1
242,6,1,3,35.6,505.6,2,0,0
243,6,1,3,28.4,534.0,4,0,2
244,6,1,3,39.5,39.5,2,0,0
245,6,1,3,0.0,39.5,5,0,1
246,6,1,3,18.2,57.7,4,0,2
247,6,1,3,12.8,70.5,4,0,1
248,6,1,3,7.2,77.7,3,0,1
249,6,1,3,31.5,109.2,4,0,2
250,6,1,3,0.0,109.2,5,0,1
251,6,1,3,14.4,123.6,4,0,1
252,6,1,3,25.7,149.3,4,0,2
253,6,1,3,0.0,149.3,5,0,1
254,6,1,3,9.7,159.0,4,0,1
255,6,1,3,100.3,259.3,6,1,0
256,6,1,3,29.5,288.8,4,0,2
257,6,1,3,10.0,298.8,4,0,1
258,6,1,3,4.1,302.9,3,0,1
259,6,1,3,37.3,340.2,2,0,0
260,6,1,3,0.0,340.2,5,0,1
261,6,1,3,36.8,377.0,2,0,0
262,6,1,3,9.5,386.5,4,0,1
263,6,1,3,5.5,392.0,3,0,1
264,6,1,3,8.4,400.4,4,0,1
265,6,1,3,2.1,402.5,3,0,1
266,6,1,3,5.0,407.5,3,0,1
267,6,1,3,0.0,407.5,5,0,1
268,6,1,3,10.4,417.9,4,0,1
269,6,1,3,0.0,417.9,5,0,1
270,6,1,3,4.6,422.5,3,0,1
271,6,1,3,29.1,451.6,4,0,2
272,6,1,3,0.0,451.6,5,0,1
273,6,1,3,30.9,482.5,4,0,2
274,6,1,3,13.1,13.1,4,0,1
275,6,1,3,0.0,13.1,5,0,1
276,6,1,3,0.2,13.3,3,0,1
277,6,1,3,6.4,19.7,3,0,1
278,6,1,3,1.4,21.1,3,0,1
279,6,1,3,15.8,36.9,4,0,2
280,6,1,3,0.0,36.9,5,0,1
281,6,1,3,4.6,41.5,3,0,1
282,6,1,3,0.2,41.7,3,0,1
283,6,1,3,0.0,41.7,5,0,1
284,6,1,3,0.2,41.9,3,0,1
285,6,1,3,17.5,59.4,4,0,2
286,6,1,3,3.2,62.6,3,0,1
287,6,1,3,1.1,63.7,3,0,1
288,6,1,3,7.2,70.9,3,0,1
289,6,1,3,22.8,93.7,4,0,2
290,6,1,3,0.0,93.7,5,0,1
291,6,1,3,13.6,107.3,4,0,1
292,6,1,3,3.6,110.9,3,0,1
293,6,1,3,0.0,110.9,5,0,1
294,6,1,3,1.5,112.4,3,0,1
295,6,1,3,4.1,116.5,3,0,1
296,6,1,3,0.0,116.5,5,0,1
297,6,1,3,0.8,117.3,3,0,1
298,6,1,3,13.5,130.8,4,0,1
299,6,1,3,0.0,130.8,5,0,1
300,6,1,3,5.1,135.9,3,0,1
301,6,1,3,1.4,137.3,3,0,1
302,6,1,3,13.8,151.1,4,0,1
303,6,1,3,0.0,151.1,5,0,1
304,6,1,3,5.7,156.8,3,0,1
305,6,1,3,7.1,7.1,3,0,1
306,6,1,3,0.5,7.6,3,0,1
307,6,1,3,6.5,14.1,3,0,1
308,6,1,3,3.1,17.2,3,0,1
309,6,1,3,4.0,21.2,3,0,1
310,6,1,3,4.9,26.1,3,0,1
311,6,1,3,5.6,31.7,3,0,1
312,6,1,3,2.6,34.3,3,0,1
313,6,1,3,15.8,50.1,4,0,2
314,6,1,3,0.7,50.8,3,0,1
315,6,1,3,0.0,50.8,5,0,1
316,6,1,3,0.0,50.8,5,0,1
317,6,1,3,0.0,50.8,5,0,1
318,6,1,3,0.0,50.8,5,0,1
319,6,1,3,0.0,50.8,5,0,1
320,6,1,3,16.6,67.4,4,0,2
321,6,1,3,0.0,67.4,5,0,1
322,6,1,3,8.2,75.6,4,0,1
323,6,1,3,0.0,75.6,5,0,1
324,6,1,3,0.0,75.6,5,0,1
325,6,1,3,0.0,75.6,5,0,1
326,6,1,3,0.0,75.6,5,0,1
327,6,1,3,0.0,75.6,5,0,1
328,6,1,3,3.2,78.8,3,0,1
329,6,1,3,20.7,99.5,4,0,2
330,6,1,3,0.0,99.5,5,0,1
331,6,1,3,0.0,99.5,5,0,1
332,6,1,3,0.0,99.5,5,0,1
333,6,1,3,0.0,99.5,5,0,1
334,6,1,3,0.0,99.5,5,0,1
335,6,1,3,0.0,0.0,5,0,1
336,6,1,3,0.0,0.0,5,0,1
337,6,1,3,0.0,0.0,5,0,1
338,6,1,3,0.0,0.0,5,0,1
339,6,1,3,0.0,0.0,5,0,1
340,6,1,3,0.0,0.0,5,0,1
341,6,1,3,0.0,0.0,5,0,1
342,6,1,3,0.0,0.0,5,0,1
343,6,1,3,0.0,0.0,5,0,1
344,6,1,3,0.0,0.0,5,0,1
345,6,1,3,0.0,0.0,5,0,1
346,6,1,3,0.0,0.0,5,0,1
347,6,1,3,0.0,0.0,5,0,1
348,6,1,3,0.0,0.0,5,0,1
349,6,1,3,0.0,0.0,5,0,1
350,6,1,3,0.0,0.0,5,0,1
351,6,1,3,0.0,0.0,5,0,1
352,6,1,3,0.0,0.0,5,0,1
353,6,1,3,0.0,0.0,5,0,1
354,6,1,3,0.0,0.0,5,0,1
355,6,1,3,0.0,0.0,5,0,1
356,6,1,3,0.0,0.0,5,0,1
357,6,1,3,0.0,0.0,5,0,1
358,6,1,3,0.0,0.0,5,0,1
359,6,1,3,0.0,0.0,5,0,1
360,6,1,3,0.0,0.0,5,0,1
361,6,1,3,0.0,0.0,5,0,1
362,6,1,3,0.0,0.0,5,0,1
363,6,1,3,0.0,0.0,5,0,1
364,6,1,3,0.0,0.0,5,0,1
365,6,1,3,0.0,0.0,5,0,1
366,6,1,2,0.0,0.0,5,0,1
367,6,1,2,0.0,0.0,5,0,1
368,6,1,2,0.0,0.0,5,0,1
369,6,1,2,0.0,0.0,5,0,1
370,6,1,2,0.0,0.0,5,0,1
371,6,1,2,0.0,0.0,5,0,1
372,6,1,2,0.0,0.0,5,0,1
373,6,1,2,0.0,0.0,5,0,1
374,6,1,2,0.0,0.0,5,0,1
375,6,1,2,0.0,0.0,5,0,1
376,6,1,2,0.0,0.0,5,0,1
377,6,1,2,0.0,0.0,5,0,1
378,6,1,2,0.0,0.0,5,0,1
379,6,1,2,0.0,0.0,5,0,1
380,6,1,2,0.0,0.0,5,0,1
381,6,1,2,0.0,0.0,5,0,1
382,6,1,2,0.0,0.0,5,0,1
383,6,1,2,0.0,0.0,5,0,1
384,6,1,2,0.0,0.0,5,0,1
385,6,1,2,0.0,0.0,5,0,1
386,6,1,2,0.0,0.0,5,0,1
387,6,1,2,0.0,0.0,5,0,1
388,6,1,2,0.0,0.0,5,0,1
389,6,1,2,0.0,0.0,5,0,1
390,6,1,2,0.0,0.0,5,0,1
391,6,1,2,0.0,0.0,5,0,1
392,6,1,2,0.0,0.0,5,0,1
393,6,1,2,1.1,1.1,3,0,1
394,6,1,2,0.0,1.1,5,0,1
395,6,1,2,0.0,1.1,5,0,1
396,6,1,2,0.0,1.1,5,0,1
397,6,1,2,0.0,0.0,5,0,1
398,6,1,2,0.0,0.0,5,0,1
399,6,1,2,4.1,4.1,3,0,1
400,6,1,2,0.0,4.1,5,0,1
401,6,1,2,0.0,4.1,5,0,1
402,6,1,2,0.0,4.1,5,0,1
403,6,1,2,0.0,4.1,5,0,1
404,6,1,2,0.0,4.1,5,0,1
405,6,1,2,0.0,4.1,5,0,1
406,6,1,2,0.0,4.1,5,0,1
407,6,1,2,0.0,4.1,5,0,1
408,6,1,2,0.0,4.1,5,0,1
409,6,1,2,0.0,4.1,5,0,1
410,6,1,2,0.0,4.1,5,0,1
411,6,1,2,0.0,4.1,5,0,1
412,6,1,2,0.0,4.1,5,0,1
413,6,1,2,0.0,4.1,5,0,1
414,6,1,2,0.0,4.1,5,0,1
415,6,1,2,0.0,4.1,5,0,1
416,6,1,2,4.5,8.6,3,0,1
417,6,1,2,0.0,8.6,5,0,1
418,6,1,2,0.0,8.6,5,0,1
419,6,1,2,8.3,16.9,4,0,1
420,6,1,2,0.0,16.9,5,0,1
421,6,1,2,0.0,16.9,5,0,1
422,6,1,2,0.0,16.9,5,0,1
423,6,1,2,0.0,16.9,5,0,1
424,6,1,2,0.0,16.9,5,0,1
425,6,1,2,0.0,0.0,5,0,1
426,6,1,2,8.4,8.4,4,0,1
427,6,1,2,0.0,8.4,5,0,1
428,6,1,2,0.0,8.4,5,0,1
429,6,1,2,1.3,9.7,3,0,1
430,6,1,2,0.0,9.7,5,0,1
431,6,1,2,0.0,9.7,5,0,1
432,6,1,2,0.0,9.7,5,0,1
433,6,1,2,0.0,9.7,5,0,1
434,6,1,2,0.0,9.7,5,0,1
435,6,1,2,0.0,9.7,5,0,1
436,6,1,2,0.0,9.7,5,0,1
437,6,1,2,0.0,9.7,5,0,1
438,6,1,2,0.0,9.7,5,0,1
439,6,1,2,0.0,9.7,5,0,1
440,6,1,2,0.0,9.7,5,0,1
441,6,1,2,0.0,9.7,5,0,1
442,6,1,2,0.0,9.7,5,0,1
443,6,1,2,0.0,9.7,5,0,1
444,6,1,2,0.0,9.7,5,0,1
445,6,1,2,0.0,9.7,5,0,1
446,6,1,2,0.0,9.7,5,0,1
447,6,1,2,0.0,9.7,5,0,1
448,6,1,2,8.9,18.6,4,0,1
449,6,1,2,0.0,18.6,5,0,1
450,6,1,2,0.0,18.6,5,0,1
451,6,1,2,0.0,18.6,5,0,1
452,6,1,2,0.0,18.6,5,0,1
453,6,1,2,0.0,18.6,5,0,1
454,6,1,2,0.0,18.6,5,0,1
455,6,1,2,0.0,18.6,5,0,1
456,6,1,2,0.0,0.0,5,0,1
457,6,1,2,0.0,0.0,5,0,1
458,6,1,2,0.0,0.0,5,0,1
459,6,1,2,31.6,31.6,4,0,2
460,6,1,2,0.0,31.6,5,0,1
461,6,1,2,0.0,31.6,5,0,1
462,6,1,2,0.0,31.6,5,0,1
463,6,1,2,0.0,31.6,5,0,1
464,6,1,2,8.7,40.3,4,0,1
465,6,1,2,0.0,40.3,5,0,1
466,6,1,2,0.0,40.3,5,0,1
467,6,1,2,0.0,40.3,5,0,1
468,6,1,2,0.0,40.3,5,0,1
469,6,1,2,0.0,40.3,5,0,1
470,6,1,2,0.0,40.3,5,0,1
471,6,1,2,17.3,57.6,4,0,2
472,6,1,2,0.0,57.6,5,0,1
473,6,1,2,0.0,57.6,5,0,1
474,6,1,2,0.0,57.6,5,0,1
475,6,1,2,0.0,57.6,5,0,1
476,6,1,2,0.0,57.6,5,0,1
477,6,1,2,0.0,57.6,5,0,1
478,6,1,2,0.0,57.6,5,0,1
479,6,1,2,0.0,57.6,5,0,1
480,6,1,2,0.0,57.6,5,0,1
481,6,1,2,0.0,57.6,5,0,1
482,6,1,2,0.0,57.6,5,0,1
483,6,1,2,0.0,57.6,5,0,1
484,6,1,2,0.0,57.6,5,0,1
485,6,1,2,0.0,57.6,5,0,1
486,6,1,2,2.3,2.3,3,0,1
487,6,1,2,0.0,2.3,5,0,1
488,6,1,2,0.0,2.3,5,0,1
489,6,1,2,0.0,2.3,5,0,1
490,6,1,2,7.4,9.7,3,0,1
491,6,1,2,18.9,28.6,4,0,2
492,6,1,2,26.9,55.5,4,0,2
493,6,1,2,0.0,55.5,5,0,1
494,6,1,2,0.0,55.5,5,0,1
495,6,1,2,0.0,55.5,5,0,1
496,6,1,2,3.2,58.7,3,0,1
497,6,1,2,0.0,58.7,5,0,1
498,6,1,2,0.0,58.7,5,0,1
499,6,1,2,0.0,58.7,5,0,1
500,6,1,2,4.3,63.0,3,0,1
501,6,1,2,0.0,63.0,5,0,1
502,6,1,2,0.0,63.0,5,0,1
503,6,1,2,0.0,63.0,5,0,1
504,6,1,2,8.8,71.8,4,0,1
505,6,1,2,0.0,71.8,5,0,1
506,6,1,2,0.0,71.8,5,0,1
507,6,1,2,0.0,71.8,5,0,1
508,6,1,2,3.2,75.0,3,0,1
509,6,1,2,0.0,75.0,5,0,1
510,6,1,2,0.0,75.0,5,0,1
511,6,1,2,0.0,75.0,5,0,1
512,6,1,2,0.0,75.0,5,0,1
513,6,1,2,0.4,75.4,3,0,1
514,6,1,2,3.8,79.2,3,0,1
515,6,1,2,0.0,79.2,5,0,1
516,6,1,2,0.0,79.2,5,0,1
517,6,1,2,42.7,42.7,2,0,0
518,6,1,2,13.3,56.0,4,0,1
519,6,1,2,13.1,69.1,4,0,1
520,6,1,2,22.7,91.8,4,0,2
521,6,1,2,19.6,111.4,4,0,2
522,6,1,2,21.5,132.9,4,0,2
523,6,1,2,3.0,135.9,3,0,1
524,6,1,2,0.0,135.9,5,0,1
525,6,1,2,0.0,135.9,5,0,1
526,6,1,2,16.0,151.9,4,0,2
527,6,1,2,58.0,209.9,2,0,0
528,6,1,2,46.0,255.9,2,0,0
529,6,1,2,3.4,259.3,3,0,1
530,6,1,2,25.4,284.7,4,0,2
531,6,1,2,31.0,315.7,4,0,2
532,6,1,2,2.3,318.0,3,0,1
533,6,1,2,40.6,358.6,2,0,0
534,6,1,2,21.5,380.1,4,0,2
535,6,1,2,7.7,387.8,4,0,1
536,6,1,2,71.4,459.2,6,1,0
537,6,1,2,8.6,467.8,4,0,1
538,6,1,2,5.7,473.5,3,0,1
539,6,1,2,0.2,473.7,3,0,1
540,6,1,2,1.1,474.8,3,0,1
541,6,1,2,12.0,486.8,4,0,1
542,6,1,2,14.2,501.0,4,0,1
543,6,1,2,25.8,526.8,4,0,2
544,6,1,2,14.0,540.8,4,0,1
545,6,1,2,17.9,558.7,4,0,2
546,6,1,2,21.1,579.8,4,0,2
547,6,1,2,0.0,0.0,5,0,1
548,6,1,2,9.6,9.6,4,0,1
549,6,1,2,142.9,152.5,1,2,0
550,6,1,2,10.9,163.4,4,0,1
551,6,1,2,42.1,205.5,2,0,0
552,6,1,2,23.8,229.3,4,0,2
553,6,1,2,176.7,406.0,1,2,0
554,6,1,2,33.7,439.7,4,0,2
555,6,1,2,0.0,439.7,5,0,1
556,6,1,2,20.6,460.3,4,0,2
557,6,1,2,39.4,499.7,2,0,0
558,6,1,2,111.9,611.6,6,1,0
559,6,1,2,29.2,640.8,4,0,2
560,6,1,2,0.0,640.8,5,0,1
561,6,1,2,6.4,647.2,3,0,1
562,6,1,2,9.7,656.9,4,0,1
563,6,1,2,11.4,668.3,4,0,1
564,6,1,2,15.0,683.3,4,0,1
565,6,1,2,36.8,720.1,2,0,0
566,6,1,2,26.9,747.0,4,0,2
567,6,1,2,14.2,761.2,4,0,1
568,6,1,2,35.9,797.1,2,0,0
569,6,1,2,4.3,801.4,3,0,1
570,6,1,2,22.4,823.8,4,0,2
571,6,1,2,7.1,830.9,3,0,1
572,6,1,2,40.2,871.1,2,0,0
573,6,1,2,16.7,887.8,4,0,2
574,6,1,2,44.0,931.8,2,0,0
575,6,1,2,17.0,948.8,4,0,2
576,6,1,2,26.0,974.8,4,0,2
577,6,1,2,1.9,976.7,3,0,1
578,6,1,2,0.0,0.0,5,0,1
579,6,1,2,0.0,0.0,5,0,1
580,6,1,2,30.0,30.0,4,0,2
581,6,1,2,4.1,34.1,3,0,1
582,6,1,2,20.1,54.2,4,0,2
583,6,1,2,3.6,57.8,3,0,1
584,6,1,2,14.7,72.5,4,0,1
585,6,1,2,14.7,87.2,4,0,1
586,6,1,2,0.0,87.2,5,0,1
587,6,1,2,11.7,98.9,4,0,1
588,6,1,2,48.9,147.8,2,0,0
589,6,1,2,2.7,150.5,3,0,1
590,6,1,2,0.0,150.5,5,0,1
591,6,1,2,2.9,153.4,3,0,1
592,6,1,2,0.2,153.6,3,0,1
593,6,1,2,4.5,158.1,3,0,1
594,6,1,2,6.2,164.3,3,0,1
595,6,1,2,165.1,329.4,1,2,0
596,6,1,2,4.7,334.1,3,0,1
597,6,1,2,69.4,403.5,6,1,0
598,6,1,2,11.0,414.5,4,0,1
599,6,1,2,26.8,441.3,4,0,2
600,6,1,2,12.5,453.8,4,0,1
601,6,1,2,60.5,514.3,2,0,0
602,6,1,2,0.0,514.3,5,0,1
603,6,1,2,35.6,549.9,2,0,0
604,6,1,2,3.5,553.4,3,0,1
605,6,1,2,6.5,559.9,3,0,1
606,6,1,2,43.6,603.5,2,0,0
607,6,1,2,2.1,605.6,3,0,1
608,6,1,2,20.0,625.6,4,0,2
609,6,1,2,36.7,36.7,2,0,0
610,6,1,2,15.3,52.0,4,0,2
611,6,1,2,3.6,55.6,3,0,1
612,6,1,2,38.6,94.2,2,0,0
613,6,1,2,53.9,148.1,2,0,0
614,6,1,2,48.1,196.2,2,0,0
615,6,1,2,27.0,223.2,4,0,2
616,6,1,2,0.6,223.8,3,0,1
617,6,1,2,0.0,223.8,5,0,1
618,6,1,2,43.7,267.5,2,0,0
619,6,1,2,56.0,323.5,2,0,0
620,6,1,2,0.0,323.5,5,0,1
621,6,1,2,25.6,349.1,4,0,2
622,6,1,2,35.7,384.8,2,0,0
623,6,1,2,9.6,394.4,4,0,1
624,6,1,2,64.0,458.4,2,0,0
625,6,1,2,7.7,466.1,4,0,1
626,6,1,2,5.7,471.8,3,0,1
627,6,1,2,7.9,479.7,4,0,1
628,6,1,2,1.8,481.5,3,0,1
629,6,1,2,54.6,536.1,2,0,0
630,6,1,2,0.0,536.1,5,0,1
631,6,1,2,16.9,553.0,4,0,2
632,6,1,2,17.6,570.6,4,0,2
633,6,1,2,112.2,682.8,6,1,0
634,6,1,2,79.7,762.5,6,1,0
635,6,1,2,24.0,786.5,4,0,2
636,6,1,2,32.1,818.6,4,0,2
637,6,1,2,7.8,826.4,4,0,1
638,6,1,2,45.9,872.3,2,0,0
639,6,1,2,0.0,0.0,5,0,1
640,6,1,2,15.4,15.4,4,0,2
641,6,1,2,0.0,15.4,5,0,1
642,6,1,2,16.6,32.0,4,0,2
643,6,1,2,1.2,33.2,3,0,1
644,6,1,2,2.8,36.0,3,0,1
645,6,1,2,12.4,48.4,4,0,1
646,6,1,2,5.9,54.3,3,0,1
647,6,1,2,9.0,63.3,4,0,1
648,6,1,2,0.8,64.1,3,0,1
649,6,1,2,0.0,64.1,5,0,1
650,6,1,2,0.2,64.3,3,0,1
651,6,1,2,0.0,64.3,5,0,1
652,6,1,2,1.1,65.4,3,0,1
653,6,1,2,0.1,65.5,3,0,1
654,6,1,2,8.3,73.8,4,0,1
655,6,1,2,11.2,85.0,4,0,1
656,6,1,2,7.2,92.2,3,0,1
657,6,1,2,3.5,95.7,3,0,1
658,6,1,2,13.0,108.7,4,0,1
659,6,1,2,6.7,115.4,3,0,1
660,6,1,2,5.6,121.0,3,0,1
661,6,1,2,21.1,142.1,4,0,2
662,6,1,2,17.8,159.9,4,0,2
663,6,1,2,7.2,167.1,3,0,1
664,6,1,2,13.8,180.9,4,0,1
665,6,1,2,0.0,180.9,5,0,1
666,6,1,2,1.3,182.2,3,0,1
667,6,1,2,6.8,189.0,3,0,1
668,6,1,2,0.0,189.0,5,0,1
669,6,1,2,6.2,195.2,3,0,1
670,6,1,2,0.0,0.0,5,0,1
671,6,1,2,0.0,0.0,5,0,1
672,6,1,2,0.0,0.0,5,0,1
673,6,1,2,0.0,0.0,5,0,1
674,6,1,2,0.0,0.0,5,0,1
675,6,1,2,0.0,0.0,5,0,1
676,6,1,2,0.5,0.5,3,0,1
677,6,1,2,0.0,0.5,5,0,1
678,6,1,2,2.1,2.6,3,0,1
679,6,1,2,7.1,9.7,3,0,1
680,6,1,2,0.0,9.7,5,0,1
681,6,1,2,9.0,18.7,4,0,1
682,6,1,2,0.0,18.7,5,0,1
683,6,1,2,0.0,18.7,5,0,1
684,6,1,2,0.0,18.7,5,0,1
685,6,1,2,0.0,18.7,5,0,1
686,6,1,2,0.0,18.7,5,0,1
687,6,1,2,6.5,25.2,3,0,1
688,6,1,2,0.0,25.2,5,0,1
689,6,1,2,0.0,25.2,5,0,1
690,6,1,2,26.7,51.9,4,0,2
691,6,1,2,3.2,55.1,3,0,1
692,6,1,2,0.0,55.1,5,0,1
693,6,1,2,0.0,55.1,5,0,1
694,6,1,2,45.3,100.4,2,0,0
695,6,1,2,38.3,138.7,2,0,0
696,6,1,2,3.2,141.9,3,0,1
697,6,1,2,0.0,141.9,5,0,1
698,6,1,2,0.0,141.9,5,0,1
699,6,1,2,0.0,141.9,5,0,1
700,6,1,2,0.0,0.0,5,0,1
701,6,1,2,3.4,3.4,3,0,1
702,6,1,2,0.0,3.4,5,0,1
703,6,1,2,23.3,26.7,4,0,2
704,6,1,2,4.1,30.8,3,0,1
705,6,1,2,0.0,30.8,5,0,1
706,6,1,2,0.0,30.8,5,0,1
707,6,1,2,10.1,40.9,4,0,1
708,6,1,2,0.0,40.9,5,0,1
709,6,1,2,0.0,40.9,5,0,1
710,6,1,2,12.3,53.2,4,0,1
711,6,1,2,0.0,53.2,5,0,1
712,6,1,2,0.0,53.2,5,0,1
713,6,1,2,0.0,53.2,5,0,1
714,6,1,2,0.0,53.2,5,0,1
715,6,1,2,0.0,53.2,5,0,1
716,6,1,2,0.0,53.2,5,0,1
717,6,1,2,0.0,53.2,5,0,1
718,6,1,2,0.0,53.2,5,0,1
719,6,1,2,0.0,53.2,5,0,1
720,6,1,2,0.0,53.2,5,0,1
721,6,1,2,0.0,53.2,5,0,1
722,6,1,2,5.4,58.6,3,0,1
723,6,1,2,0.0,58.6,5,0,1
724,6,1,2,0.0,58.6,5,0,1
725,6,1,2,0.0,58.6,5,0,1
726,6,1,2,0.0,58.6,5,0,1
727,6,1,2,0.0,58.6,5,0,1
728,6,1,2,0.0,58.6,5,0,1
729,6,1,2,0.0,58.6,5,0,1
730,6,1,2,0.0,58.6,5,0,1
731,6,1,0,0.0,0.0,5,0,1
732,6,1,0,0.0,0.0,5,0,1
733,6,1,0,0.0,0.0,5,0,1
734,6,1,0,0.0,0.0,5,0,1
735,6,1,0,0.0,0.0,5,0,1
736,6,1,0,0.0,0.0,5,0,1
737,6,1,0,0.0,0.0,5,0,1
738,6,1,0,0.0,0.0,5,0,1
739,6,1,0,0.0,0.0,5,0,1
740,6,1,0,0.0,0.0,5,0,1
741,6,1,0,0.0,0.0,5,0,1
742,6,1,0,0.0,0.0,5,0,1
743,6,1,0,0.0,0.0,5,0,1
744,6,1,0,0.0,0.0,5,0,1
745,6,1,0,0.0,0.0,5,0,1
746,6,1,0,0.0,0.0,5,0,1
747,6,1,0,0.0,0.0,5,0,1
748,6,1,0,0.0,0.0,5,0,1
749,6,1,0,0.0,0.0,5,0,1
750,6,1,0,0.0,0.0,5,0,1
751,6,1,0,0.0,0.0,5,0,1
752,6,1,0,11.9,11.9,4,0,1
753,6,1,0,0.0,11.9,5,0,1
754,6,1,0,0.0,11.9,5,0,1
755,6,1,0,0.0,11.9,5,0,1
756,6,1,0,0.0,11.9,5,0,1
757,6,1,0,0.0,11.9,5,0,1
758,6,1,0,0.0,11.9,5,0,1
759,6,1,0,0.0,11.9,5,0,1
760,6,1,0,0.0,11.9,5,0,1
761,6,1,0,0.0,11.9,5,0,1
762,6,1,0,0.0,0.0,5,0,1
763,6,1,0,0.0,0.0,5,0,1
764,6,1,0,0.0,0.0,5,0,1
765,6,1,0,0.0,0.0,5,0,1
766,6,1,0,0.0,0.0,5,0,1
767,6,1,0,0.0,0.0,5,0,1
768,6,1,0,0.0,0.0,5,0,1
769,6,1,0,0.0,0.0,5,0,1
770,6,1,0,0.0,0.0,5,0,1
771,6,1,0,0.0,0.0,5,0,1
772,6,1,0,0.0,0.0,5,0,1
773,6,1,0,0.0,0.0,5,0,1
774,6,1,0,0.0,0.0,5,0,1
775,6,1,0,0.0,0.0,5,0,1
776,6,1,0,0.0,0.0,5,0,1
777,6,1,0,0.0,0.0,5,0,1
778,6,1,0,0.0,0.0,5,0,1
779,6,1,0,0.0,0.0,5,0,1
780,6,1,0,0.0,0.0,5,0,1
781,6,1,0,0.0,0.0,5,0,1
782,6,1,0,0.0,0.0,5,0,1
783,6,1,0,0.0,0.0,5,0,1
784,6,1,0,0.0,0.0,5,0,1
785,6,1,0,0.0,0.0,5,0,1
786,6,1,0,0.0,0.0,5,0,1
787,6,1,0,0.0,0.0,5,0,1
788,6,1,0,0.0,0.0,5,0,1
789,6,1,0,0.0,0.0,5,0,1
790,6,1,0,0.0,0.0,5,0,1
791,6,1,0,0.0,0.0,5,0,1
792,6,1,0,0.0,0.0,5,0,1
793,6,1,0,0.0,0.0,5,0,1
794,6,1,0,0.0,0.0,5,0,1
795,6,1,0,0.0,0.0,5,0,1
796,6,1,0,0.0,0.0,5,0,1
797,6,1,0,0.0,0.0,5,0,1
798,6,1,0,0.0,0.0,5,0,1
799,6,1,0,0.0,0.0,5,0,1
800,6,1,0,0.0,0.0,5,0,1
801,6,1,0,0.0,0.0,5,0,1
802,6,1,0,0.0,0.0,5,0,1
803,6,1,0,0.0,0.0,5,0,1
804,6,1,0,0.0,0.0,5,0,1
805,6,1,0,0.0,0.0,5,0,1
806,6,1,0,0.0,0.0,5,0,1
807,6,1,0,0.0,0.0,5,0,1
808,6,1,0,0.0,0.0,5,0,1
809,6,1,0,0.0,0.0,5,0,1
810,6,1,0,0.0,0.0,5,0,1
811,6,1,0,0.0,0.0,5,0,1
812,6,1,0,0.0,0.0,5,0,1
813,6,1,0,0.0,0.0,5,0,1
814,6,1,0,0.0,0.0,5,0,1
815,6,1,0,0.0,0.0,5,0,1
816,6,1,0,0.0,0.0,5,0,1
817,6,1,0,0.0,0.0,5,0,1
818,6,1,0,0.0,0.0,5,0,1
819,6,1,0,0.0,0.0,5,0,1
820,6,1,0,0.0,0.0,5,0,1
821,6,1,0,0.0,0.0,5,0,1
822,6,1,0,0.0,0.0,5,0,1
823,6,1,0,0.0,0.0,5,0,1
824,6,1,0,0.0,0.0,5,0,1
825,6,1,0,5.6,5.6,3,0,1
826,6,1,0,0.0,5.6,5,0,1
827,6,1,0,0.0,5.6,5,0,1
828,6,1,0,0.0,5.6,5,0,1
829,6,1,0,0.0,5.6,5,0,1
830,6,1,0,0.0,5.6,5,0,1
831,6,1,0,0.0,5.6,5,0,1
832,6,1,0,0.0,5.6,5,0,1
833,6,1,0,0.0,5.6,5,0,1
834,6,1,0,0.0,5.6,5,0,1
835,6,1,0,0.0,5.6,5,0,1
836,6,1,0,0.0,5.6,5,0,1
837,6,1,0,0.0,5.6,5,0,1
838,6,1,0,0.0,5.6,5,0,1
839,6,1,0,0.0,5.6,5,0,1
840,6,1,0,6.3,11.9,3,0,1
841,6,1,0,0.0,11.9,5,0,1
842,6,1,0,0.0,11.9,5,0,1
843,6,1,0,0.0,11.9,5,0,1
844,6,1,0,0.0,11.9,5,0,1
845,6,1,0,0.0,11.9,5,0,1
846,6,1,0,0.0,11.9,5,0,1
847,6,1,0,0.0,11.9,5,0,1
848,6,1,0,0.1,12.0,3,0,1
849,6,1,0,0.0,12.0,5,0,1
850,6,1,0,0.0,12.0,5,0,1
851,6,1,0,0.0,0.0,5,0,1
852,6,1,0,2.4,2.4,3,0,1
853,6,1,0,3.3,5.7,3,0,1
854,6,1,0,0.0,5.7,5,0,1
855,6,1,0,0.0,5.7,5,0,1
856,6,1,0,0.0,5.7,5,0,1
857,6,1,0,0.0,5.7,5,0,1
858,6,1,0,0.0,5.7,5,0,1
859,6,1,0,0.0,5.7,5,0,1
860,6,1,0,0.0,5.7,5,0,1
861,6,1,0,0.0,5.7,5,0,1
862,6,1,0,0.9,6.6,3,0,1
863,6,1,0,0.0,6.6,5,0,1
864,6,1,0,0.9,7.5,3,0,1
865,6,1,0,0.0,7.5,5,0,1
866,6,1,0,0.0,7.5,5,0,1
867,6,1,0,0.0,7.5,5,0,1
868,6,1,0,0.0,7.5,5,0,1
869,6,1,0,0.1,7.6,3,0,1
870,6,1,0,0.0,7.6,5,0,1
871,6,1,0,0.0,7.6,5,0,1
872,6,1,0,0.9,8.5,3,0,1
873,6,1,0,0.0,8.5,5,0,1
874,6,1,0,0.0,8.5,5,0,1
875,6,1,0,0.0,8.5,5,0,1
876,6,1,0,0.0,8.5,5,0,1
877,6,1,0,0.0,8.5,5,0,1
878,6,1,0,0.0,8.5,5,0,1
879,6,1,0,0.0,8.5,5,0,1
880,6,1,0,0.0,8.5,5,0,1
881,6,1,0,0.0,8.5,5,0,1
882,6,1,0,0.0,0.0,5,0,1
883,6,1,0,0.0,0.0,5,0,1
884,6,1,0,1.2,1.2,3,0,1
885,6,1,0,3.6,4.8,3,0,1
886,6,1,0,45.1,49.9,2,0,0
887,6,1,0,0.0,49.9,5,0,1
888,6,1,0,21.0,70.9,4,0,2
889,6,1,0,0.0,70.9,5,0,1
890,6,1,0,1.8,72.7,3,0,1
891,6,1,0,0.0,72.7,5,0,1
892,6,1,0,0.0,72.7,5,0,1
893,6,1,0,0.1,72.8,3,0,1
894,6,1,0,0.0,72.8,5,0,1
895,6,1,0,0.0,72.8,5,0,1
896,6,1,0,0.0,72.8,5,0,1
897,6,1,0,6.8,79.6,3,0,1
898,6,1,0,0.0,79.6,5,0,1
899,6,1,0,0.0,79.6,5,0,1
900,6,1,0,0.0,79.6,5,0,1
901,6,1,0,0.0,79.6,5,0,1
902,6,1,0,0.0,79.6,5,0,1
903,6,1,0,0.0,79.6,5,0,1
904,6,1,0,0.0,79.6,5,0,1
905,6,1,0,0.0,79.6,5,0,1
906,6,1,0,0.0,79.6,5,0,1
907,6,1,0,0.0,79.6,5,0,1
908,6,1,0,0.0,79.6,5,0,1
909,6,1,0,26.6,106.2,4,0,2
910,6,1,0,0.0,106.2,5,0,1
911,6,1,0,0.0,106.2,5,0,1
912,6,1,0,0.0,0.0,5,0,1
913,6,1,0,10.9,10.9,4,0,1
914,6,1,0,0.0,10.9,5,0,1
915,6,1,0,0.0,10.9,5,0,1
916,6,1,0,0.0,10.9,5,0,1
917,6,1,0,0.0,10.9,5,0,1
918,6,1,0,0.0,10.9,5,0,1
919,6,1,0,0.0,10.9,5,0,1
920,6,1,0,0.0,10.9,5,0,1
921,6,1,0,0.0,10.9,5,0,1
922,6,1,0,0.0,10.9,5,0,1
923,6,1,0,0.0,10.9,5,0,1
924,6,1,0,9.2,20.1,4,0,1
925,6,1,0,0.0,20.1,5,0,1
926,6,1,0,0.0,20.1,5,0,1
927,6,1,0,0.0,20.1,5,0,1
928,6,1,0,0.0,20.1,5,0,1
929,6,1,0,4.4,24.5,3,0,1
930,6,1,0,0.0,24.5,5,0,1
931,6,1,0,0.0,24.5,5,0,1
932,6,1,0,8.7,33.2,4,0,1
933,6,1,0,12.9,46.1,4,0,1
934,6,1,0,15.7,61.8,4,0,2
935,6,1,0,8.2,70.0,4,0,1
936,6,1,0,0.0,70.0,5,0,1
937,6,1,0,19.9,89.9,4,0,2
938,6,1,0,0.0,89.9,5,0,1
939,6,1,0,0.0,89.9,5,0,1
940,6,1,0,0.0,89.9,5,0,1
941,6,1,0,0.0,89.9,5,0,1
942,6,1,0,0.0,89.9,5,0,1
943,6,1,0,0.0,0.0,5,0,1
944,6,1,0,0.0,0.0,5,0,1
945,6,1,0,0.0,0.0,5,0,1
946,6,1,0,10.0,10.0,4,0,1
947,6,1,0,5.7,15.7,3,0,1
948,6,1,0,0.0,15.7,5,0,1
949,6,1,0,3.7,19.4,3,0,1
950,6,1,0,0.0,19.4,5,0,1
951,6,1,0,17.4,36.8,4,0,2
952,6,1,0,4.2,41.0,3,0,1
953,6,1,0,0.0,41.0,5,0,1
954,6,1,0,0.0,41.0,5,0,1
955,6,1,0,8.3,49.3,4,0,1
956,6,1,0,0.0,49.3,5,0,1
957,6,1,0,26.1,75.4,4,0,2
958,6,1,0,0.0,75.4,5,0,1
959,6,1,0,0.0,75.4,5,0,1
960,6,1,0,0.0,75.4,5,0,1
961,6,1,0,1.3,76.7,3,0,1
962,6,1,0,0.0,76.7,5,0,1
963,6,1,0,3.9,80.6,3,0,1
964,6,1,0,0.6,81.2,3,0,1
965,6,1,0,0.0,81.2,5,0,1
966,6,1,0,0.0,81.2,5,0,1
967,6,1,0,0.0,81.2,5,0,1
968,6,1,0,11.7,92.9,4,0,1
969,6,1,0,5.7,98.6,3,0,1
970,6,1,0,0.0,98.6,5,0,1
971,6,1,0,8.0,106.6,4,0,1
972,6,1,0,0.0,106.6,5,0,1
973,6,1,0,0.8,107.4,3,0,1
974,6,1,0,0.0,0.0,5,0,1
975,6,1,0,0.0,0.0,5,0,1
976,6,1,0,3.7,3.7,3,0,1
977,6,1,0,0.0,3.7,5,0,1
978,6,1,0,0.0,3.7,5,0,1
979,6,1,0,0.0,3.7,5,0,1
980,6,1,0,0.0,3.7,5,0,1
981,6,1,0,0.0,3.7,5,0,1
982,6,1,0,2.7,6.4,3,0,1
983,6,1,0,2.3,8.7,3,0,1
984,6,1,0,0.0,8.7,5,0,1
985,6,1,0,0.0,8.7,5,0,1
986,6,1,0,0.0,8.7,5,0,1
987,6,1,0,0.0,8.7,5,0,1
988,6,1,0,4.1,12.8,3,0,1
989,6,1,0,0.0,12.8,5,0,1
990,6,1,0,0.0,12.8,5,0,1
991,6,1,0,7.3,20.1,3,0,1
992,6,1,0,0.0,20.1,5,0,1
993,6,1,0,0.9,21.0,3,0,1
994,6,1,0,10.5,31.5,4,0,1
995,6,1,0,2.3,33.8,3,0,1
996,6,1,0,9.9,43.7,4,0,1
997,6,1,0,0.1,43.8,3,0,1
998,6,1,0,0.7,44.5,3,0,1
999,6,1,0,8.0,52.5,4,0,1
1000,6,1,0,0.0,52.5,5,0,1
1001,6,1,0,0.0,52.5,5,0,1
1002,6,1,0,0.0,52.5,5,0,1
1003,6,1,0,0.0,52.5,5,0,1
1004,6,1,0,2.7,2.7,3,0,1
1005,6,1,0,0.0,2.7,5,0,1
1006,6,1,0,0.0,2.7,5,0,1
1007,6,1,0,0.0,2.7,5,0,1
1008,6,1,0,0.0,2.7,5,0,1
1009,6,1,0,0.0,2.7,5,0,1
1010,6,1,0,0.0,2.7,5,0,1
1011,6,1,0,0.0,2.7,5,0,1
1012,6,1,0,2.3,5.0,3,0,1
1013,6,1,0,0.0,5.0,5,0,1
1014,6,1,0,3.3,8.3,3,0,1
1015,6,1,0,0.0,8.3,5,0,1
1016,6,1,0,1.1,9.4,3,0,1
1017,6,1,0,0.0,9.4,5,0,1
1018,6,1,0,0.0,9.4,5,0,1
1019,6,1,0,0.0,9.4,5,0,1
1020,6,1,0,0.0,9.4,5,0,1
1021,6,1,0,0.0,9.4,5,0,1
1022,6,1,0,2.3,11.7,3,0,1
1023,6,1,0,0.0,11.7,5,0,1
1024,6,1,0,0.7,12.4,3,0,1
1025,6,1,0,0.0,12.4,5,0,1
1026,6,1,0,5.9,18.3,3,0,1
1027,6,1,0,0.0,18.3,5,0,1
1028,6,1,0,1.9,20.2,3,0,1
1029,6,1,0,0.0,20.2,5,0,1
1030,6,1,0,0.0,20.2,5,0,1
1031,6,1,0,3.1,23.3,3,0,1
1032,6,1,0,0.0,23.3,5,0,1
1033,6,1,0,0.0,23.3,5,0,1
1034,6,1,0,0.0,23.3,5,0,1
1035,6,1,0,0.0,0.0,5,0,1
1036,6,1,0,0.0,0.0,5,0,1
1037,6,1,0,0.0,0.0,5,0,1
1038,6,1,0,0.0,0.0,5,0,1
1039,6,1,0,0.0,0.0,5,0,1
1040,6,1,0,0.0,0.0,5,0,1
1041,6,1,0,0.0,0.0,5,0,1
1042,6,1,0,0.0,0.0,5,0,1
1043,6,1,0,0.0,0.0,5,0,1
1044,6,1,0,0.0,0.0,5,0,1
1045,6,1,0,0.0,0.0,5,0,1
1046,6,1,0,0.0,0.0,5,0,1
1047,6,1,0,0.0,0.0,5,0,1
1048,6,1,0,0.0,0.0,5,0,1
1049,6,1,0,0.0,0.0,5,0,1
1050,6,1,0,0.0,0.0,5,0,1
1051,6,1,0,0.0,0.0,5,0,1
1052,6,1,0,0.0,0.0,5,0,1
1053,6,1,0,0.0,0.0,5,0,1
1054,6,1,0,0.0,0.0,5,0,1
1055,6,1,0,0.0,0.0,5,0,1
1056,6,1,0,0.0,0.0,5,0,1
1057,6,1,0,0.0,0.0,5,0,1
1058,6,1,0,0.0,0.0,5,0,1
1059,6,1,0,0.0,0.0,5,0,1
1060,6,1,0,0.0,0.0,5,0,1
1061,6,1,0,0.0,0.0,5,0,1
1062,6,1,0,0.0,0.0,5,0,1
1063,6,1,0,0.0,0.0,5,0,1
1064,6,1,0,0.0,0.0,5,0,1
1065,6,1,0,0.0,0.0,5,0,1
1066,6,1,0,0.0,0.0,5,0,1
1067,6,1,0,0.0,0.0,5,0,1
1068,6,1,0,0.0,0.0,5,0,1
1069,6,1,0,0.0,0.0,5,0,1
1070,6,1,0,0.0,0.0,5,0,1
1071,6,1,0,0.0,0.0,5,0,1
1072,6,1,0,0.0,0.0,5,0,1
1073,6,1,0,0.0,0.0,5,0,1
1074,6,1,0,0.0,0.0,5,0,1
1075,6,1,0,0.0,0.0,5,0,1
1076,6,1,0,0.0,0.0,5,0,1
1077,6,1,0,0.0,0.0,5,0,1
1078,6,1,0,0.0,0.0,5,0,1
1079,6,1,0,0.0,0.0,5,0,1
1080,6,1,0,0.0,0.0,5,0,1
1081,6,1,0,0.0,0.0,5,0,1
1082,6,1,0,0.0,0.0,5,0,1
1083,6,1,0,0.0,0.0,5,0,1
1084,6,1,0,0.0,0.0,5,0,1
1085,6,1,0,0.0,0.0,5,0,1
1086,6,1,0,0.0,0.0,5,0,1
1087,6,1,0,0.0,0.0,5,0,1
1088,6,1,0,0.0,0.0,5,0,1
1089,6,1,0,0.0,0.0,5,0,1
1090,6,1,0,0.0,0.0,5,0,1
1091,6,1,0,0.0,0.0,5,0,1
1092,6,1,0,0.0,0.0,5,0,1
1093,6,1,0,0.0,0.0,5,0,1
1094,6,1,0,0.0,0.0,5,0,1
1095,6,1,0,0.0,0.0,5,0,1
1096,6,1,3,0.0,0.0,5,0,1
1097,6,1,3,0.0,0.0,5,0,1
1098,6,1,3,0.0,0.0,5,0,1
1099,6,1,3,0.0,0.0,5,0,1
1100,6,1,3,0.0,0.0,5,0,1
1101,6,1,3,0.0,0.0,5,0,1
1102,6,1,3,0.0,0.0,5,0,1
1103,6,1,3,0.0,0.0,5,0,1
1104,6,1,3,0.0,0.0,5,0,1
1105,6,1,3,0.0,0.0,5,0,1
1106,6,1,3,0.0,0.0,5,0,1
1107,6,1,3,0.0,0.0,5,0,1
1108,6,1,3,0.0,0.0,5,0,1
1109,6,1,3,0.0,0.0,5,0,1
1110,6,1,3,0.0,0.0,5,0,1
1111,6,1,3,0.0,0.0,5,0,1
1112,6,1,3,0.0,0.0,5,0,1
1113,6,1,3,0.0,0.0,5,0,1
1114,6,1,3,0.0,0.0,5,0,1
1115,6,1,3,0.0,0.0,5,0,1
1116,6,1,3,3.4,3.4,3,0,1
1117,6,1,3,0.0,3.4,5,0,1
1118,6,1,3,0.0,3.4,5,0,1
1119,6,1,3,0.0,3.4,5,0,1
1120,6,1,3,0.0,3.4,5,0,1
1121,6,1,3,0.0,3.4,5,0,1
1122,6,1,3,0.0,3.4,5,0,1
1123,6,1,3,0.0,3.4,5,0,1
1124,6,1,3,0.0,3.4,5,0,1
1125,6,1,3,0.0,3.4,5,0,1
1126,6,1,3,0.0,3.4,5,0,1
1127,6,1,3,0.0,0.0,5,0,1
1128,6,1,3,0.0,0.0,5,0,1
1129,6,1,3,0.0,0.0,5,0,1
1130,6,1,3,0.0,0.0,5,0,1
1131,6,1,3,0.0,0.0,5,0,1
1132,6,1,3,0.0,0.0,5,0,1
1133,6,1,3,0.0,0.0,5,0,1
1134,6,1,3,0.0,0.0,5,0,1
1135,6,1,3,0.0,0.0,5,0,1
1136,6,1,3,0.0,0.0,5,0,1
1137,6,1,3,0.0,0.0,5,0,1
1138,6,1,3,0.0,0.0,5,0,1
1139,6,1,3,0.0,0.0,5,0,1
1140,6,1,3,0.0,0.0,5,0,1
1141,6,1,3,0.0,0.0,5,0,1
1142,6,1,3,0.0,0.0,5,0,1
1143,6,1,3,0.0,0.0,5,0,1
1144,6,1,3,0.0,0.0,5,0,1
1145,6,1,3,0.0,0.0,5,0,1
1146,6,1,3,0.0,0.0,5,0,1
1147,6,1,3,0.0,0.0,5,0,1
1148,6,1,3,0.0,0.0,5,0,1
1149,6,1,3,0.0,0.0,5,0,1
1150,6,1,3,0.0,0.0,5,0,1
1151,6,1,3,0.0,0.0,5,0,1
1152,6,1,3,0.0,0.0,5,0,1
1153,6,1,3,0.0,0.0,5,0,1
1154,6,1,3,0.0,0.0,5,0,1
1155,6,1,3,5.7,5.7,3,0,1
1156,6,1,3,0.0,5.7,5,0,1
1157,6,1,3,0.0,5.7,5,0,1
1158,6,1,3,3.6,9.3,3,0,1
1159,6,1,3,0.0,9.3,5,0,1
1160,6,1,3,0.0,9.3,5,0,1
1161,6,1,3,0.0,9.3,5,0,1
1162,6,1,3,0.0,9.3,5,0,1
1163,6,1,3,0.0,9.3,5,0,1
1164,6,1,3,0.0,9.3,5,0,1
1165,6,1,3,0.0,9.3,5,0,1
1166,6,1,3,0.0,9.3,5,0,1
1167,6,1,3,0.0,9.3,5,0,1
1168,6,1,3,0.0,9.3,5,0,1
1169,6,1,3,0.0,9.3,5,0,1
1170,6,1,3,0.0,9.3,5,0,1
1171,6,1,3,0.0,9.3,5,0,1
1172,6,1,3,0.0,9.3,5,0,1
1173,6,1,3,3.8,13.1,3,0,1
1174,6,1,3,0.0,13.1,5,0,1
1175,6,1,3,0.0,13.1,5,0,1
1176,6,1,3,0.0,13.1,5,0,1
1177,6,1,3,2.9,16.0,3,0,1
1178,6,1,3,0.0,16.0,5,0,1
1179,6,1,3,0.0,16.0,5,0,1
1180,6,1,3,0.0,16.0,5,0,1
1181,6,1,3,0.0,16.0,5,0,1
1182,6,1,3,0.0,16.0,5,0,1
1183,6,1,3,0.0,16.0,5,0,1
1184,6,1,3,0.0,16.0,5,0,1
1185,6,1,3,0.0,16.0,5,0,1
1186,6,1,3,0.0,0.0,5,0,1
1187,6,1,3,0.0,0.0,5,0,1
1188,6,1,3,0.0,0.0,5,0,1
1189,6,1,3,0.0,0.0,5,0,1
1190,6,1,3,0.0,0.0,5,0,1
1191,6,1,3,1.7,1.7,3,0,1
1192,6,1,3,0.0,1.7,5,0,1
1193,6,1,3,0.2,1.9,3,0,1
1194,6,1,3,0.0,1.9,5,0,1
1195,6,1,3,0.0,1.9,5,0,1
1196,6,1,3,0.0,1.9,5,0,1
1197,6,1,3,0.0,1.9,5,0,1
1198,6,1,3,0.0,1.9,5,0,1
1199,6,1,3,0.0,1.9,5,0,1
1200,6,1,3,1.1,3.0,3,0,1
1201,6,1,3,10.7,13.7,4,0,1
1202,6,1,3,0.0,13.7,5,0,1
1203,6,1,3,0.0,13.7,5,0,1
1204,6,1,3,0.0,13.7,5,0,1
1205,6,1,3,10.2,23.9,4,0,1
1206,6,1,3,0.0,23.9,5,0,1
1207,6,1,3,5.9,29.8,3,0,1
1208,6,1,3,3.4,33.2,3,0,1
1209,6,1,3,0.0,33.2,5,0,1
1210,6,1,3,0.0,33.2,5,0,1
1211,6,1,3,0.0,33.2,5,0,1
1212,6,1,3,5.6,38.8,3,0,1
1213,6,1,3,0.0,38.8,5,0,1
1214,6,1,3,0.0,38.8,5,0,1
1215,6,1,3,0.0,38.8,5,0,1
1216,6,1,3,7.1,7.1,3,0,1
1217,6,1,3,0.0,7.1,5,0,1
1218,6,1,3,0.0,7.1,5,0,1
1219,6,1,3,0.0,7.1,5,0,1
1220,6,1,3,8.1,15.2,4,0,1
1221,6,1,3,0.0,15.2,5,0,1
1222,6,1,3,1.0,16.2,3,0,1
1223,6,1,3,9.1,25.3,4,0,1
1224,6,1,3,0.0,25.3,5,0,1
1225,6,1,3,2.7,28.0,3,0,1
1226,6,1,3,2.5,30.5,3,0,1
1227,6,1,3,0.0,30.5,5,0,1
1228,6,1,3,0.0,30.5,5,0,1
1229,6,1,3,13.2,43.7,4,0,1
1230,6,1,3,0.0,43.7,5,0,1
1231,6,1,3,0.0,43.7,5,0,1
1232,6,1,3,0.0,43.7,5,0,1
1233,6,1,3,3.1,46.8,3,0,1
1234,6,1,3,0.0,46.8,5,0,1
1235,6,1,3,0.0,46.8,5,0,1
1236,6,1,3,0.0,46.8,5,0,1
1237,6,1,3,0.0,46.8,5,0,1
1238,6,1,3,0.0,46.8,5,0,1
1239,6,1,3,5.8,52.6,3,0,1
1240,6,1,3,0.0,52.6,5,0,1
1241,6,1,3,0.0,52.6,5,0,1
1242,6,1,3,0.0,52.6,5,0,1
1243,6,1,3,0.0,52.6,5,0,1
1244,6,1,3,0.0,52.6,5,0,1
1245,6,1,3,8.7,61.3,4,0,1
1246,6,1,3,0.0,61.3,5,0,1
1247,6,1,3,57.1,57.1,2,0,0
1248,6,1,3,0.7,57.8,3,0,1
1249,6,1,3,0.0,57.8,5,0,1
1250,6,1,3,15.4,73.2,4,0,2
1251,6,1,3,13.9,87.1,4,0,1
1252,6,1,3,25.5,112.6,4,0,2
1253,6,1,3,32.4,145.0,4,0,2
1254,6,1,3,87.6,232.6,6,1,0
1255,6,1,3,40.3,272.9,2,0,0
1256,6,1,3,32.3,305.2,4,0,2
1257,6,1,3,18.2,323.4,4,0,2
1258,6,1,3,20.4,343.8,4,0,2
1259,6,1,3,3.5,347.3,3,0,1
1260,6,1,3,19.8,367.1,4,0,2
1261,6,1,3,18.0,385.1,4,0,2
1262,6,1,3,65.7,450.8,6,1,0
1263,6,1,3,0.0,450.8,5,0,1
1264,6,1,3,45.4,496.2,2,0,0
1265,6,1,3,1.0,497.2,3,0,1
1266,6,1,3,30.0,527.2,4,0,2
1267,6,1,3,6.0,533.2,3,0,1
1268,6,1,3,7.8,541.0,4,0,1
1269,6,1,3,29.4,570.4,4,0,2
1270,6,1,3,6.5,576.9,3,0,1
1271,6,1,3,31.3,608.2,4,0,2
1272,6,1,3,12.2,620.4,4,0,1
1273,6,1,3,0.0,620.4,5,0,1
1274,6,1,3,109.1,729.5,6,1,0
1275,6,1,3,2.7,732.2,3,0,1
1276,6,1,3,0.0,732.2,5,0,1
1277,6,1,3,22.2,22.2,4,0,2
1278,6,1,3,2.8,25.0,3,0,1
1279,6,1,3,9.8,34.8,4,0,1
1280,6,1,3,10.1,44.9,4,0,1
1281,6,1,3,39.6,84.5,2,0,0
1282,6,1,3,14.3,98.8,4,0,1
1283,6,1,3,0.0,98.8,5,0,1
1284,6,1,3,26.5,125.3,4,0,2
1285,6,1,3,6.2,131.5,3,0,1
1286,6,1,3,0.0,131.5,5,0,1
1287,6,1,3,20.8,152.3,4,0,2
1288,6,1,3,9.7,162.0,4,0,1
1289,6,1,3,32.9,194.9,4,0,2
1290,6,1,3,11.8,206.7,4,0,1
1291,6,1,3,0.0,206.7,5,0,1
1292,6,1,3,9.7,216.4,4,0,1
1293,6,1,3,24.0,240.4,4,0,2
1294,6,1,3,25.1,265.5,4,0,2
1295,6,1,3,17.4,282.9,4,0,2
1296,6,1,3,10.0,292.9,4,0,1
1297,6,1,3,5.8,298.7,3,0,1
1298,6,1,3,8.2,306.9,4,0,1
1299,6,1,3,16.4,323.3,4,0,2
1300,6,1,3,0.0,323.3,5,0,1
1301,6,1,3,2.2,325.5,3,0,1
1302,6,1,3,32.5,358.0,4,0,2
1303,6,1,3,54.4,412.4,2,0,0
1304,6,1,3,0.0,412.4,5,0,1
1305,6,1,3,0.0,412.4,5,0,1
1306,6,1,3,0.0,412.4,5,0,1
1307,6,1,3,20.1,432.5,4,0,2
1308,6,1,3,72.5,72.5,6,1,0
1309,6,1,3,0.0,72.5,5,0,1
1310,6,1,3,15.0,87.5,4,0,1
1311,6,1,3,33.1,120.6,4,0,2
1312,6,1,3,0.0,120.6,5,0,1
1313,6,1,3,1.3,121.9,3,0,1
1314,6,1,3,9.6,131.5,4,0,1
1315,6,1,3,18.3,149.8,4,0,2
1316,6,1,3,0.0,149.8,5,0,1
1317,6,1,3,21.3,171.1,4,0,2
1318,6,1,3,0.0,171.1,5,0,1
1319,6,1,3,20.1,191.2,4,0,2
1320,6,1,3,48.8,240.0,2,0,0
1321,6,1,3,13.6,253.6,4,0,1
1322,6,1,3,16.0,269.6,4,0,2
1323,6,1,3,14.2,283.8,4,0,1
1324,6,1,3,32.2,316.0,4,0,2
1325,6,1,3,0.0,316.0,5,0,1
1326,6,1,3,0.0,316.0,5,0,1
1327,6,1,3,6.6,322.6,3,0,1
1328,6,1,3,7.2,329.8,3,0,1
1329,6,1,3,28.2,358.0,4,0,2
1330,6,1,3,40.1,398.1,2,0,0
1331,6,1,3,0.0,398.1,5,0,1
1332,6,1,3,0.0,398.1,5,0,1
1333,6,1,3,85.0,483.1,6,1,0
1334,6,1,3,36.0,519.1,2,0,0
1335,6,1,3,0.7,519.8,3,0,1
1336,6,1,3,0.7,520.5,3,0,1
1337,6,1,3,15.3,535.8,4,0,2
1338,6,1,3,25.4,561.2,4,0,2
1339,6,1,3,13.8,13.8,4,0,1
1340,6,1,3,10.6,24.4,4,0,1
1341,6,1,3,17.1,41.5,4,0,2
1342,6,1,3,0.0,41.5,5,0,1
1343,6,1,3,5.2,46.7,3,0,1
1344,6,1,3,11.0,57.7,4,0,1
1345,6,1,3,0.0,57.7,5,0,1
1346,6,1,3,5.7,63.4,3,0,1
1347,6,1,3,2.7,66.1,3,0,1
1348,6,1,3,3.5,69.6,3,0,1
1349,6,1,3,41.1,110.7,2,0,0
1350,6,1,3,12.2,122.9,4,0,1
1351,6,1,3,6.7,129.6,3,0,1
1352,6,1,3,72.8,202.4,6,1,0
1353,6,1,3,14.1,216.5,4,0,1
1354,6,1,3,49.9,266.4,2,0,0
1355,6,1,3,0.0,266.4,5,0,1
1356,6,1,3,17.6,284.0,4,0,2
1357,6,1,3,14.8,298.8,4,0,1
1358,6,1,3,0.0,298.8,5,0,1
1359,6,1,3,31.7,330.5,4,0,2
1360,6,1,3,0.0,330.5,5,0,1
1361,6,1,3,43.1,373.6,2,0,0
1362,6,1,3,7.1,380.7,3,0,1
1363,6,1,3,17.7,398.4,4,0,2
1364,6,1,3,7.0,405.4,3,0,1
1365,6,1,3,31.2,436.6,4,0,2
1366,6,1,3,54.2,490.8,2,0,0
1367,6,1,3,3.3,494.1,3,0,1
1368,6,1,3,13.9,508.0,4,0,1
1369,6,1,3,5.1,5.1,3,0,1
1370,6,1,3,3.8,8.9,3,0,1
1371,6,1,3,0.0,8.9,5,0,1
1372,6,1,3,0.0,8.9,5,0,1
1373,6,1,3,3.4,12.3,3,0,1
1374,6,1,3,9.6,21.9,4,0,1
1375,6,1,3,0.0,21.9,5,0,1
1376,6,1,3,5.0,26.9,3,0,1
1377,6,1,3,1.9,28.8,3,0,1
1378,6,1,3,0.7,29.5,3,0,1
1379,6,1,3,14.6,44.1,4,0,1
1380,6,1,3,2.4,46.5,3,0,1
1381,6,1,3,2.6,49.1,3,0,1
1382,6,1,3,0.8,49.9,3,0,1
1383,6,1,3,0.6,50.5,3,0,1
1384,6,1,3,2.5,53.0,3,0,1
1385,6,1,3,2.6,55.6,3,0,1
1386,6,1,3,10.5,66.1,4,0,1
1387,6,1,3,6.3,72.4,3,0,1
1388,6,1,3,7.3,79.7,3,0,1
1389,6,1,3,3.8,83.5,3,0,1
1390,6,1,3,0.8,84.3,3,0,1
1391,6,1,3,4.6,88.9,3,0,1
1392,6,1,3,1.0,89.9,3,0,1
1393,6,1,3,2.4,92.3,3,0,1
1394,6,1,3,15.4,107.7,4,0,2
1395,6,1,3,1.4,109.1,3,0,1
1396,6,1,3,8.4,117.5,4,0,1
1397,6,1,3,5.1,122.6,3,0,1
1398,6,1,3,0.8,123.4,3,0,1
1399,6,1,3,0.0,123.4,5,0,1
1400,6,1,3,0.8,0.8,3,0,1
1401,6,1,3,13.1,13.9,4,0,1
1402,6,1,3,0.0,13.9,5,0,1
1403,6,1,3,0.0,13.9,5,0,1
1404,6,1,3,4.7,18.6,3,0,1
1405,6,1,3,0.0,18.6,5,0,1
1406,6,1,3,0.0,18.6,5,0,1
1407,6,1,3,17.5,36.1,4,0,2
1408,6,1,3,0.0,36.1,5,0,1
1409,6,1,3,0.0,36.1,5,0,1
1410,6,1,3,0.0,36.1,5,0,1
1411,6,1,3,9.1,45.2,4,0,1
1412,6,1,3,0.0,45.2,5,0,1
1413,6,1,3,0.0,45.2,5,0,1
1414,6,1,3,0.4,45.6,3,0,1
1415,6,1,3,2.4,48.0,3,0,1
1416,6,1,3,4.1,52.1,3,0,1
1417,6,1,3,0.0,52.1,5,0,1
1418,6,1,3,0.0,52.1,5,0,1
1419,6,1,3,0.0,52.1,5,0,1
1420,6,1,3,0.0,52.1,5,0,1
1421,6,1,3,0.0,52.1,5,0,1
1422,6,1,3,0.7,52.8,3,0,1
1423,6,1,3,0.0,52.8,5,0,1
1424,6,1,3,0.0,52.8,5,0,1
1425,6,1,3,0.0,52.8,5,0,1
1426,6,1,3,10.5,63.3,4,0,1
1427,6,1,3,0.0,63.3,5,0,1
1428,6,1,3,4.4,67.7,3,0,1
1429,6,1,3,0.0,67.7,5,0,1
1430,6,1,3,9.3,9.3,4,0,1
1431,6,1,3,0.0,9.3,5,0,1
1432,6,1,3,0.0,9.3,5,0,1
1433,6,1,3,0.7,10.0,3,0,1
1434,6,1,3,0.0,10.0,5,0,1
1435,6,1,3,0.0,10.0,5,0,1
1436,6,1,3,0.0,10.0,5,0,1
1437,6,1,3,0.0,10.0,5,0,1
1438,6,1,3,0.0,10.0,5,0,1
1439,6,1,3,0.0,10.0,5,0,1
1440,6,1,3,0.0,10.0,5,0,1
1441,6,1,3,0.0,10.0,5,0,1
1442,6,1,3,0.0,10.0,5,0,1
1443,6,1,3,0.0,10.0,5,0,1
1444,6,1,3,0.0,10.0,5,0,1
1445,6,1,3,0.0,10.0,5,0,1
1446,6,1,3,0.0,10.0,5,0,1
1447,6,1,3,0.0,10.0,5,0,1
1448,6,1,3,0.0,10.0,5,0,1
1449,6,1,3,0.0,10.0,5,0,1
1450,6,1,3,0.0,10.0,5,0,1
1451,6,1,3,0.0,10.0,5,0,1
1452,6,1,3,0.0,10.0,5,0,1
1453,6,1,3,0.0,10.0,5,0,1
1454,6,1,3,0.0,10.0,5,0,1
1455,6,1,3,7.0,17.0,3,0,1
1456,6,1,3,0.0,17.0,5,0,1
1457,6,1,3,0.0,17.0,5,0,1
1458,6,1,3,0.0,17.0,5,0,1
1459,6,1,3,0.0,17.0,5,0,1
1460,6,1,3,0.0,17.0,5,0,1
1461,6,1,1,0.0,0.0,5,0,1
1462,6,1,1,0.0,0.0,5,0,1
1463,6,1,1,10.7,10.7,4,0,1
1464,6,1,1,0.0,10.7,5,0,1
1465,6,1,1,0.0,10.7,5,0,1
1466,6,1,1,0.0,10.7,5,0,1
1467,6,1,1,0.0,10.7,5,0,1
1468,6,1,1,43.1,53.8,2,0,0
1469,6,1,1,0.0,53.8,5,0,1
1470,6,1,1,0.0,53.8,5,0,1
1471,6,1,1,0.0,53.8,5,0,1
1472,6,1,1,30.3,84.1,4,0,2
1473,6,1,1,3.5,87.6,3,0,1
1474,6,1,1,0.0,87.6,5,0,1
1475,6,1,1,0.0,87.6,5,0,1
1476,6,1,1,0.0,87.6,5,0,1
1477,6,1,1,0.0,87.6,5,0,1
1478,6,1,1,0.0,87.6,5,0,1
1479,6,1,1,5.6,93.2,3,0,1
1480,6,1,1,0.0,93.2,5,0,1
1481,6,1,1,0.0,93.2,5,0,1
1482,6,1,1,0.0,93.2,5,0,1
1483,6,1,1,11.9,105.1,4,0,1
1484,6,1,1,0.0,105.1,5,0,1
1485,6,1,1,7.5,112.6,4,0,1
1486,6,1,1,0.0,112.6,5,0,1
1487,6,1,1,0.0,112.6,5,0,1
1488,6,1,1,0.0,112.6,5,0,1
1489,6,1,1,0.0,112.6,5,0,1
1490,6,1,1,0.0,112.6,5,0,1
1491,6,1,1,0.0,112.6,5,0,1
1492,6,1,1,0.0,0.0,5,0,1
1493,6,1,1,0.0,0.0,5,0,1
1494,6,1,1,0.0,0.0,5,0,1
1495,6,1,1,0.0,0.0,5,0,1
1496,6,1,1,16.3,16.3,4,0,2
1497,6,1,1,0.0,16.3,5,0,1
1498,6,1,1,0.0,16.3,5,0,1
1499,6,1,1,0.0,16.3,5,0,1
1500,6,1,1,0.0,16.3,5,0,1
1501,6,1,1,0.0,16.3,5,0,1
1502,6,1,1,33.7,50.0,4,0,2
1503,6,1,1,0.0,50.0,5,0,1
1504,6,1,1,0.0,50.0,5,0,1
1505,6,1,1,0.0,50.0,5,0,1
1506,6,1,1,0.0,50.0,5,0,1
1507,6,1,1,0.0,50.0,5,0,1
1508,6,1,1,13.9,63.9,4,0,1
1509,6,1,1,2.1,66.0,3,0,1
1510,6,1,1,0.0,66.0,5,0,1
1511,6,1,1,9.2,75.2,4,0,1
1512,6,1,1,0.0,75.2,5,0,1
1513,6,1,1,0.0,75.2,5,0,1
1514,6,1,1,16.8,92.0,4,0,2
1515,6,1,1,3.2,95.2,3,0,1
1516,6,1,1,3.9,99.1,3,0,1
1517,6,1,1,0.0,99.1,5,0,1
1518,6,1,1,0.0,99.1,5,0,1
1519,6,1,1,18.2,117.3,4,0,2
1520,6,1,1,0.0,117.3,5,0,1
1521,6,1,1,0.0,0.0,5,0,1
1522,6,1,1,0.0,0.0,5,0,1
1523,6,1,1,0.0,0.0,5,0,1
1524,6,1,1,0.0,0.0,5,0,1
1525,6,1,1,0.0,0.0,5,0,1
1526,6,1,1,0.0,0.0,5,0,1
1527,6,1,1,0.7,0.7,3,0,1
1528,6,1,1,0.0,0.7,5,0,1
1529,6,1,1,0.0,0.7,5,0,1
1530,6,1,1,0.0,0.7,5,0,1
1531,6,1,1,0.0,0.7,5,0,1
1532,6,1,1,0.0,0.7,5,0,1
1533,6,1,1,0.0,0.7,5,0,1
1534,6,1,1,0.0,0.7,5,0,1
1535,6,1,1,0.0,0.7,5,0,1
1536,6,1,1,0.0,0.7,5,0,1
1537,6,1,1,0.0,0.7,5,0,1
1538,6,1,1,0.0,0.7,5,0,1
1539,6,1,1,0.0,0.7,5,0,1
1540,6,1,1,0.0,0.7,5,0,1
1541,6,1,1,0.0,0.7,5,0,1
1542,6,1,1,25.0,25.7,4,0,2
1543,6,1,1,0.0,25.7,5,0,1
1544,6,1,1,0.0,25.7,5,0,1
1545,6,1,1,0.0,25.7,5,0,1
1546,6,1,1,0.0,25.7,5,0,1
1547,6,1,1,0.0,25.7,5,0,1
1548,6,1,1,0.2,25.9,3,0,1
1549,6,1,1,0.0,25.9,5,0,1
1550,6,1,1,0.0,25.9,5,0,1
1551,6,1,1,0.0,25.9,5,0,1
1552,6,1,1,0.0,0.0,5,0,1
1553,6,1,1,0.0,0.0,5,0,1
1554,6,1,1,14.1,14.1,4,0,1
1555,6,1,1,0.0,14.1,5,0,1
1556,6,1,1,0.0,14.1,5,0,1
1557,6,1,1,3.3,17.4,3,0,1
1558,6,1,1,0.0,17.4,5,0,1
1559,6,1,1,16.3,33.7,4,0,2
1560,6,1,1,0.0,33.7,5,0,1
1561,6,1,1,0.0,33.7,5,0,1
1562,6,1,1,0.0,33.7,5,0,1
1563,6,1,1,0.0,33.7,5,0,1
1564,6,1,1,12.4,46.1,4,0,1
1565,6,1,1,6.4,52.5,3,0,1
1566,6,1,1,0.0,52.5,5,0,1
1567,6,1,1,0.0,52.5,5,0,1
1568,6,1,1,13.3,65.8,4,0,1
1569,6,1,1,20.5,86.3,4,0,2
1570,6,1,1,0.0,86.3,5,0,1
1571,6,1,1,0.0,86.3,5,0,1
1572,6,1,1,0.0,86.3,5,0,1
1573,6,1,1,1.0,87.3,3,0,1
1574,6,1,1,0.0,87.3,5,0,1
1575,6,1,1,0.0,87.3,5,0,1
1576,6,1,1,0.0,87.3,5,0,1
1577,6,1,1,0.0,87.3,5,0,1
1578,6,1,1,0.0,87.3,5,0,1
1579,6,1,1,7.7,95.0,4,0,1
1580,6,1,1,3.4,98.4,3,0,1
1581,6,1,1,12.9,111.3,4,0,1
1582,6,1,1,3.1,3.1,3,0,1
1583,6,1,1,0.0,3.1,5,0,1
1584,6,1,1,15.2,18.3,4,0,2
1585,6,1,1,2.0,20.3,3,0,1
1586,6,1,1,6.8,27.1,3,0,1
1587,6,1,1,0.0,27.1,5,0,1
1588,6,1,1,0.0,27.1,5,0,1
1589,6,1,1,18.9,46.0,4,0,2
1590,6,1,1,0.0,46.0,5,0,1
1591,6,1,1,0.0,46.0,5,0,1
1592,6,1,1,0.0,46.0,5,0,1
1593,6,1,1,0.0,46.0,5,0,1
1594,6,1,1,0.1,46.1,3,0,1
1595,6,1,1,0.0,46.1,5,0,1
1596,6,1,1,16.7,62.8,4,0,2
1597,6,1,1,0.0,62.8,5,0,1
1598,6,1,1,0.0,62.8,5,0,1
1599,6,1,1,0.0,62.8,5,0,1
1600,6,1,1,1.1,63.9,3,0,1
1601,6,1,1,0.0,63.9,5,0,1
1602,6,1,1,10.0,73.9,4,0,1
1603,6,1,1,0.0,73.9,5,0,1
1604,6,1,1,0.4,74.3,3,0,1
1605,6,1,1,0.0,74.3,5,0,1
1606,6,1,1,1.8,76.1,3,0,1
1607,6,1,1,0.2,76.3,3,0,1
1608,6,1,1,2.3,78.6,3,0,1
1609,6,1,1,0.0,78.6,5,0,1
1610,6,1,1,22.1,100.7,4,0,2
1611,6,1,1,0.0,100.7,5,0,1
1612,6,1,1,6.1,106.8,3,0,1
1613,6,1,1,12.1,12.1,4,0,1
1614,6,1,1,107.4,119.5,6,1,0
1615,6,1,1,0.0,119.5,5,0,1
1616,6,1,1,20.3,139.8,4,0,2
1617,6,1,1,24.6,164.4,4,0,2
1618,6,1,1,1.9,166.3,3,0,1
1619,6,1,1,57.6,223.9,2,0,0
1620,6,1,1,3.8,227.7,3,0,1
1621,6,1,1,13.8,241.5,4,0,1
1622,6,1,1,1.7,243.2,3,0,1
1623,6,1,1,9.6,252.8,4,0,1
1624,6,1,1,41.1,293.9,2,0,0
1625,6,1,1,18.1,312.0,4,0,2
1626,6,1,1,96.1,408.1,6,1,0
1627,6,1,1,2.8,410.9,3,0,1
1628,6,1,1,7.5,418.4,4,0,1
1629,6,1,1,20.6,439.0,4,0,2
1630,6,1,1,27.1,466.1,4,0,2
1631,6,1,1,54.0,520.1,2,0,0
1632,6,1,1,24.9,545.0,4,0,2
1633,6,1,1,0.8,545.8,3,0,1
1634,6,1,1,34.4,580.2,4,0,2
1635,6,1,1,13.0,593.2,4,0,1
1636,6,1,1,50.6,643.8,2,0,0
1637,6,1,1,1.4,645.2,3,0,1
1638,6,1,1,0.0,645.2,5,0,1
1639,6,1,1,17.3,662.5,4,0,2
1640,6,1,1,72.1,734.6,6,1,0
1641,6,1,1,70.7,805.3,6,1,0
1642,6,1,1,19.9,825.2,4,0,2
1643,6,1,1,2.6,2.6,3,0,1
1644,6,1,1,27.8,30.4,4,0,2
1645,6,1,1,3.9,34.3,3,0,1
1646,6,1,1,7.9,42.2,4,0,1
1647,6,1,1,23.3,65.5,4,0,2
1648,6,1,1,58.5,124.0,2,0,0
1649,6,1,1,57.7,181.7,2,0,0
1650,6,1,1,5.4,187.1,3,0,1
1651,6,1,1,0.4,187.5,3,0,1
1652,6,1,1,25.4,212.9,4,0,2
1653,6,1,1,3.3,216.2,3,0,1
1654,6,1,1,29.2,245.4,4,0,2
1655,6,1,1,80.7,326.1,6,1,0
1656,6,1,1,111.6,437.7,6,1,0
1657,6,1,1,1.3,439.0,3,0,1
1658,6,1,1,0.0,439.0,5,0,1
1659,6,1,1,16.3,455.3,4,0,2
1660,6,1,1,5.4,460.7,3,0,1
1661,6,1,1,0.0,460.7,5,0,1
1662,6,1,1,21.8,482.5,4,0,2
1663,6,1,1,92.3,574.8,6,1,0
1664,6,1,1,62.3,637.1,2,0,0
1665,6,1,1,19.5,656.6,4,0,2
1666,6,1,1,100.5,757.1,6,1,0
1667,6,1,1,28.2,785.3,4,0,2
1668,6,1,1,29.0,814.3,4,0,2
1669,6,1,1,48.0,862.3,2,0,0
1670,6,1,1,40.6,902.9,2,0,0
1671,6,1,1,70.9,973.8,6,1,0
1672,6,1,1,3.6,977.4,3,0,1
1673,6,1,1,4.9,982.3,3,0,1
1674,6,1,1,6.4,6.4,3,0,1
1675,6,1,1,0.5,6.9,3,0,1
1676,6,1,1,58.2,65.1,2,0,0
1677,6,1,1,28.2,93.3,4,0,2
1678,6,1,1,2.8,96.1,3,0,1
1679,6,1,1,57.6,153.7,2,0,0
1680,6,1,1,51.5,205.2,2,0,0
1681,6,1,1,153.8,359.0,1,2,0
1682,6,1,1,10.0,369.0,4,0,1
1683,6,1,1,25.4,394.4,4,0,2
1684,6,1,1,26.5,420.9,4,0,2
1685,6,1,1,105.3,526.2,6,1,0
1686,6,1,1,0.0,526.2,5,0,1
1687,6,1,1,82.1,608.3,6,1,0
1688,6,1,1,43.1,651.4,2,0,0
1689,6,1,1,75.6,727.0,6,1,0
1690,6,1,1,61.5,788.5,2,0,0
1691,6,1,1,44.3,832.8,2,0,0
1692,6,1,1,49.9,882.7,2,0,0
1693,6,1,1,3.2,885.9,3,0,1
1694,6,1,1,33.3,919.2,4,0,2
1695,6,1,1,1.1,920.3,3,0,1
1696,6,1,1,50.0,970.3,2,0,0
1697,6,1,1,24.5,994.8,4,0,2
1698,6,1,1,37.6,1032.4,2,0,0
1699,6,1,1,56.4,1088.8,2,0,0
1700,6,1,1,48.8,1137.6,2,0,0
1701,6,1,1,25.7,1163.3,4,0,2
1702,6,1,1,32.1,1195.4,4,0,2
1703,6,1,1,0.7,1196.1,3,0,1
1704,6,1,1,86.4,1282.5,6,1,0
1705,6,1,1,27.9,27.9,4,0,2
1706,6,1,1,40.3,68.2,2,0,0
1707,6,1,1,43.0,111.2,2,0,0
1708,6,1,1,13.3,124.5,4,0,1
1709,6,1,1,29.2,153.7,4,0,2
1710,6,1,1,11.9,165.6,4,0,1
1711,6,1,1,36.6,202.2,2,0,0
1712,6,1,1,83.8,286.0,6,1,0
1713,6,1,1,1.0,287.0,3,0,1
1714,6,1,1,126.4,413.4,1,2,0
1715,6,1,1,3.0,416.4,3,0,1
1716,6,1,1,78.8,495.2,6,1,0
1717,6,1,1,68.3,563.5,6,1,0
1718,6,1,1,0.5,564.0,3,0,1
1719,6,1,1,36.7,600.7,2,0,0
1720,6,1,1,19.3,620.0,4,0,2
1721,6,1,1,8.3,628.3,4,0,1
1722,6,1,1,3.9,632.2,3,0,1
1723,6,1,1,57.5,689.7,2,0,0
1724,6,1,1,63.4,753.1,2,0,0
1725,6,1,1,41.8,794.9,2,0,0
1726,6,1,1,44.7,839.6,2,0,0
1727,6,1,1,65.6,905.2,6,1,0
1728,6,1,1,25.0,930.2,4,0,2
1729,6,1,1,12.6,942.8,4,0,1
1730,6,1,1,11.7,954.5,4,0,1
1731,6,1,1,119.3,1073.8,1,2,0
1732,6,1,1,14.4,1088.2,4,0,1
1733,6,1,1,18.0,1106.2,4,0,2
1734,6,1,1,13.9,1120.1,4,0,1
1735,6,1,1,4.1,4.1,3,0,1
1736,6,1,1,1.9,6.0,3,0,1
1737,6,1,1,2.8,8.8,3,0,1
1738,6,1,1,20.9,29.7,4,0,2
1739,6,1,1,13.8,43.5,4,0,1
1740,6,1,1,3.2,46.7,3,0,1
1741,6,1,1,13.8,60.5,4,0,1
1742,6,1,1,1.7,62.2,3,0,1
1743,6,1,1,31.8,94.0,4,0,2
1744,6,1,1,6.1,100.1,3,0,1
1745,6,1,1,0.0,100.1,5,0,1
1746,6,1,1,0.4,100.5,3,0,1
1747,6,1,1,4.5,105.0,3,0,1
1748,6,1,1,11.7,116.7,4,0,1
1749,6,1,1,4.4,121.1,3,0,1
1750,6,1,1,10.1,131.2,4,0,1
1751,6,1,1,17.2,148.4,4,0,2
1752,6,1,1,8.6,157.0,4,0,1
1753,6,1,1,11.4,168.4,4,0,1
1754,6,1,1,3.8,172.2,3,0,1
1755,6,1,1,22.9,195.1,4,0,2
1756,6,1,1,14.4,209.5,4,0,1
1757,6,1,1,0.0,209.5,5,0,1
1758,6,1,1,6.5,216.0,3,0,1
1759,6,1,1,45.6,261.6,2,0,0
1760,6,1,1,15.3,276.9,4,0,2
1761,6,1,1,1.8,278.7,3,0,1
1762,6,1,1,8.5,287.2,4,0,1
1763,6,1,1,6.1,293.3,3,0,1
1764,6,1,1,2.5,295.8,3,0,1
1765,6,1,1,5.5,301.3,3,0,1
1766,6,1,1,0.0,0.0,5,0,1
1767,6,1,1,265.3,265.3,0,3,0
1768,6,1,1,0.0,265.3,5,0,1
1769,6,1,1,6.0,271.3,3,0,1
1770,6,1,1,5.6,276.9,3,0,1
1771,6,1,1,0.0,276.9,5,0,1
1772,6,1,1,0.0,276.9,5,0,1
1773,6,1,1,0.0,276.9,5,0,1
1774,6,1,1,0.0,276.9,5,0,1
1775,6,1,1,0.0,276.9,5,0,1
1776,6,1,1,9.9,286.8,4,0,1
1777,6,1,1,0.0,286.8,5,0,1
1778,6,1,1,7.5,294.3,4,0,1
1779,6,1,1,1.2,295.5,3,0,1
1780,6,1,1,0.0,295.5,5,0,1
1781,6,1,1,0.0,295.5,5,0,1
1782,6,1,1,0.0,295.5,5,0,1
1783,6,1,1,4.7,300.2,3,0,1
1784,6,1,1,0.0,300.2,5,0,1
1785,6,1,1,322.7,622.9,0,3,0
1786,6,1,1,178.4,801.3,1,2,0
1787,6,1,1,0.0,801.3,5,0,1
1788,6,1,1,17.2,818.5,4,0,2
1789,6,1,1,0.0,818.5,5,0,1
1790,6,1,1,20.3,838.8,4,0,2
1791,6,1,1,4.7,843.5,3,0,1
1792,6,1,1,0.0,843.5,5,0,1
1793,6,1,1,0.0,843.5,5,0,1
1794,6,1,1,0.0,843.5,5,0,1
1795,6,1,1,9.8,853.3,4,0,1
1796,6,1,1,6.0,6.0,3,0,1
1797,6,1,1,0.0,6.0,5,0,1
1798,6,1,1,0.0,6.0,5,0,1
1799,6,1,1,0.0,6.0,5,0,1
1800,6,1,1,18.0,24.0,4,0,2
1801,6,1,1,0.0,24.0,5,0,1
1802,6,1,1,17.8,41.8,4,0,2
1803,6,1,1,0.0,41.8,5,0,1
1804,6,1,1,0.0,41.8,5,0,1
1805,6,1,1,0.0,41.8,5,0,1
1806,6,1,1,0.0,41.8,5,0,1
1807,6,1,1,0.0,41.8,5,0,1
1808,6,1,1,0.0,41.8,5,0,1
1809,6,1,1,0.0,41.8,5,0,1
1810,6,1,1,50.7,92.5,2,0,0
1811,6,1,1,0.0,92.5,5,0,1
1812,6,1,1,0.0,92.5,5,0,1
1813,6,1,1,0.0,92.5,5,0,1
1814,6,1,1,0.0,92.5,5,0,1
1815,6,1,1,0.0,92.5,5,0,1
1816,6,1,1,0.0,92.5,5,0,1
1817,6,1,1,0.0,92.5,5,0,1
1818,6,1,1,6.9,99.4,3,0,1
1819,6,1,1,0.0,99.4,5,0,1
1820,6,1,1,0.0,99.4,5,0,1
1821,6,1,1,0.0,99.4,5,0,1
1822,6,1,1,0.0,99.4,5,0,1
1823,6,1,1,0.0,99.4,5,0,1
1824,6,1,1,0.0,99.4,5,0,1
1825,6,1,1,0.0,99.4,5,0,1
1826,6,1,1,11.3,110.7,4,0,1
