Date,District,State,Year_Type,Daily_Rainfall_mm,Cumulative_Monthly_mm,Rainfall_Category,Flood_Alert,Waterlogging_Risk
0,10,0,3,0.0,0.0,5,0.0,1
1,10,0,3,0.0,0.0,5,0.0,1
2,10,0,3,0.0,0.0,5,0.0,1
3,10,0,3,0.0,0.0,5,0.0,1
4,10,0,3,0.0,0.0,5,0.0,1
5,10,0,3,0.0,0.0,5,0.0,1
6,10,0,3,0.0,0.0,5,0.0,1
7,10,0,3,0.0,0.0,5,0.0,1
8,10,0,3,0.0015042117930204,0.000300878565411,3,0.0,1
9,10,0,3,0.0,0.000300878565411,5,0.0,1
10,10,0,3,0.0,0.000300878565411,5,0.0,1
11,10,0,3,0.0,0.000300878565411,5,0.0,1
12,10,0,3,0.0,0.000300878565411,5,0.0,1
13,10,0,3,0.0267749699157641,0.0056565170297268,4,0.0,1
14,10,0,3,0.0,0.0056565170297268,5,0.0,1
15,10,0,3,0.0,0.0056565170297268,5,0.0,1
16,10,0,3,0.0,0.0056565170297268,5,0.0,1
17,10,0,3,0.0,0.0056565170297268,5,0.0,1
18,10,0,3,0.0,0.0056565170297268,5,0.0,1
19,10,0,3,0.0,0.0056565170297268,5,0.0,1
20,10,0,3,0.0,0.0056565170297268,5,0.0,1
21,10,0,3,0.0,0.0056565170297268,5,0.0,1
22,10,0,3,0.0,0.0056565170297268,5,0.0,1
23,10,0,3,0.0,0.0056565170297268,5,0.0,1
24,10,0,3,0.0,0.0056565170297268,5,0.0,1
25,10,0,3,0.0460288808664259,0.0148634011313034,4,0.0,2
26,10,0,3,0.0,0.0148634011313034,5,0.0,1
27,10,0,3,0.0,0.0148634011313034,5,0.0,1
28,10,0,3,0.0,0.0148634011313034,5,0.0,1
29,10,0,3,0.0,0.0148634011313034,5,0.0,1
30,10,0,3,0.0,0.0148634011313034,5,0.0,1
31,10,0,3,0.0,0.0,5,0.0,1
32,10,0,3,0.0,0.0,5,0.0,1
33,10,0,3,0.0,0.0,5,0.0,1
34,10,0,3,0.0,0.0,5,0.0,1
35,10,0,3,0.0171480144404332,0.0034300156456854,3,0.0,1
36,10,0,3,0.0114320096269554,0.005716692742809,3,0.0,1
37,10,0,3,0.0,0.005716692742809,5,0.0,1
38,10,0,3,0.0,0.005716692742809,5,0.0,1
39,10,0,3,0.0,0.005716692742809,5,0.0,1
40,10,0,3,0.0,0.005716692742809,5,0.0,1
41,10,0,3,0.0,0.005716692742809,5,0.0,1
42,10,0,3,0.0,0.005716692742809,5,0.0,1
43,10,0,3,0.0,0.005716692742809,5,0.0,1
44,10,0,3,0.0,0.005716692742809,5,0.0,1
45,10,0,3,0.0631768953068592,0.018353592490071,4,0.0,2
46,10,0,3,0.0,0.018353592490071,5,0.0,1
47,10,0,3,0.0291817087845968,0.0241906366590444,4,0.0,1
48,10,0,3,0.0,0.0241906366590444,5,0.0,1
49,10,0,3,0.0,0.0241906366590444,5,0.0,1
50,10,0,3,0.0,0.0241906366590444,5,0.0,1
51,10,0,3,0.0,0.0241906366590444,5,0.0,1
52,10,0,3,0.0,0.0241906366590444,5,0.0,1
53,10,0,3,0.0,0.0241906366590444,5,0.0,1
54,10,0,3,0.0,0.0241906366590444,5,0.0,1
55,10,0,3,0.0,0.0241906366590444,5,0.0,1
56,10,0,3,0.0,0.0241906366590444,5,0.0,1
57,10,0,3,0.0,0.0241906366590444,5,0.0,1
58,10,0,3,0.0156438026474127,0.0273197737393188,3,0.0,1
59,10,0,3,0.0,0.0273197737393188,5,0.0,1
60,10,0,3,0.0,0.0,5,0.0,1
61,10,0,3,0.0,0.0,5,0.0,1
62,10,0,3,0.0,0.0,5,0.0,1
63,10,0,3,0.0,0.0,5,0.0,1
64,10,0,3,0.0,0.0,5,0.0,1
65,10,0,3,0.0,0.0,5,0.0,1
66,10,0,3,0.0394103489771359,0.0078830184137682,4,0.0,1
67,10,0,3,0.0,0.0078830184137682,5,0.0,1
68,10,0,3,0.0,0.0078830184137682,5,0.0,1
69,10,0,3,0.0,0.0078830184137682,5,0.0,1
70,10,0,3,0.0,0.0078830184137682,5,0.0,1
71,10,0,3,0.0,0.0078830184137682,5,0.0,1
72,10,0,3,0.0,0.0078830184137682,5,0.0,1
73,10,0,3,0.0,0.0078830184137682,5,0.0,1
74,10,0,3,0.0,0.0078830184137682,5,0.0,1
75,10,0,3,0.0,0.0078830184137682,5,0.0,1
76,10,0,3,0.0,0.0078830184137682,5,0.0,1
77,10,0,3,0.0,0.0078830184137682,5,0.0,1
78,10,0,3,0.0,0.0078830184137682,5,0.0,1
79,10,0,3,0.0,0.0078830184137682,5,0.0,1
80,10,0,3,0.0,0.0078830184137682,5,0.0,1
81,10,0,3,0.0,0.0078830184137682,5,0.0,1
82,10,0,3,0.0,0.0078830184137682,5,0.0,1
83,10,0,3,0.0,0.0078830184137682,5,0.0,1
84,10,0,3,0.0,0.0078830184137682,5,0.0,1
85,10,0,3,0.0,0.0078830184137682,5,0.0,1
86,10,0,3,0.0,0.0078830184137682,5,0.0,1
87,10,0,3,0.0,0.0078830184137682,5,0.0,1
88,10,0,3,0.0,0.0078830184137682,5,0.0,1
89,10,0,3,0.0,0.0078830184137682,5,0.0,1
90,10,0,3,0.0,0.0078830184137682,5,0.0,1
91,10,0,3,0.0,0.0,5,0.0,1
92,10,0,3,0.0069193742478941,0.0013840414008906,3,0.0,1
93,10,0,3,0.0,0.0013840414008906,5,0.0,1
94,10,0,3,0.0,0.0013840414008906,5,0.0,1
95,10,0,3,0.0,0.0013840414008906,5,0.0,1
96,10,0,3,0.0,0.0013840414008906,5,0.0,1
97,10,0,3,0.0,0.0013840414008906,5,0.0,1
98,10,0,3,0.0,0.0013840414008906,5,0.0,1
99,10,0,3,0.0216606498194945,0.005716692742809,3,0.0,1
100,10,0,3,0.0,0.005716692742809,5,0.0,1
101,10,0,3,0.0,0.005716692742809,5,0.0,1
102,10,0,3,0.0,0.005716692742809,5,0.0,1
103,10,0,3,0.0,0.005716692742809,5,0.0,1
104,10,0,3,0.0042117930204572,0.0065591527259598,3,0.0,1
105,10,0,3,0.0,0.0065591527259598,5,0.0,1
106,10,0,3,0.0493381468110709,0.0164279696714406,4,0.0,2
107,10,0,3,0.0,0.0164279696714406,5,0.0,1
108,10,0,3,0.0,0.0164279696714406,5,0.0,1
109,10,0,3,0.0,0.0164279696714406,5,0.0,1
110,10,0,3,0.03309265944645,0.0230472981104826,4,0.0,1
111,10,0,3,0.0,0.0230472981104826,5,0.0,1
112,10,0,3,0.0,0.0230472981104826,5,0.0,1
113,10,0,3,0.0,0.0230472981104826,5,0.0,1
114,10,0,3,0.0,0.0230472981104826,5,0.0,1
115,10,0,3,0.0,0.0230472981104826,5,0.0,1
116,10,0,3,0.0,0.0230472981104826,5,0.0,1
117,10,0,3,0.0,0.0230472981104826,5,0.0,1
118,10,0,3,0.0,0.0230472981104826,5,0.0,1
119,10,0,3,0.0,0.0230472981104826,5,0.0,1
120,10,0,3,0.0,0.0230472981104826,5,0.0,1
121,10,0,3,0.0505415162454873,0.0101095197978096,4,0.0,2
122,10,0,3,0.0006016847172081,0.010229871223974,3,0.0,1
123,10,0,3,0.003309265944645,0.0108918040678782,3,0.0,1
124,10,0,3,0.0,0.0108918040678782,5,0.0,1
125,10,0,3,0.0,0.0108918040678782,5,0.0,1
126,10,0,3,0.0,0.0108918040678782,5,0.0,1
127,10,0,3,0.0,0.0108918040678782,5,0.0,1
128,10,0,3,0.0,0.0108918040678782,5,0.0,1
129,10,0,3,0.0,0.0108918040678782,5,0.0,1
130,10,0,3,0.0,0.0108918040678782,5,0.0,1
131,10,0,3,0.0111311672683513,0.0131183054519196,3,0.0,1
132,10,0,3,0.0,0.0131183054519196,5,0.0,1
133,10,0,3,0.0472322503008423,0.022565892405825,4,0.0,2
134,10,0,3,0.0,0.022565892405825,5,0.0,1
135,10,0,3,0.0,0.022565892405825,5,0.0,1
136,10,0,3,0.0,0.022565892405825,5,0.0,1
137,10,0,3,0.0,0.022565892405825,5,0.0,1
138,10,0,3,0.0,0.022565892405825,5,0.0,1
139,10,0,3,0.0,0.022565892405825,5,0.0,1
140,10,0,3,0.0,0.022565892405825,5,0.0,1
141,10,0,3,0.0,0.022565892405825,5,0.0,1
142,10,0,3,0.0361010830324909,0.029786977975689,4,0.0,1
143,10,0,3,0.0,0.029786977975689,5,0.0,1
144,10,0,3,0.0,0.029786977975689,5,0.0,1
145,10,0,3,0.0,0.029786977975689,5,0.0,1
146,10,0,3,0.0171480144404332,0.0332169936213744,3,0.0,1
147,10,0,3,0.0,0.0332169936213744,5,0.0,1
148,10,0,3,0.0,0.0332169936213744,5,0.0,1
149,10,0,3,0.0,0.0332169936213744,5,0.0,1
150,10,0,3,0.0120336943441636,0.0356240221446624,3,0.0,1
151,10,0,3,0.0,0.0356240221446624,5,0.0,1
152,10,0,3,0.1191335740072202,0.0238295823805512,2,0.0,0
153,10,0,3,0.0944645006016847,0.042724756288362,4,0.0,2
154,10,0,3,0.0228640192539109,0.0472981104826092,4,0.0,1
155,10,0,3,0.0234657039711191,0.0519918161030208,4,0.0,1
156,10,0,3,0.0950661853188929,0.071007341436996,4,0.0,2
157,10,0,3,0.0950661853188929,0.0900228667709712,4,0.0,2
158,10,0,3,0.0,0.0900228667709712,5,0.0,1
159,10,0,3,0.1774969915764139,0.1255265374894692,2,0.0,0
160,10,0,3,0.0,0.1255265374894692,5,0.0,1
161,10,0,3,0.0270758122743682,0.1309423516668672,4,0.0,1
162,10,0,3,0.0634777376654633,0.1436394271272114,4,0.0,2
163,10,0,3,0.0839350180505415,0.1604284510771452,4,0.0,2
164,10,0,3,0.0490373044524669,0.1702370923095438,4,0.0,2
165,10,0,3,0.0102286401925391,0.1722830665543386,3,0.0,1
166,10,0,3,0.177797833935018,0.2078469129859188,2,0.0,0
167,10,0,3,0.1747894103489771,0.2428090022866771,2,0.0,0
168,10,0,3,0.0309867629362214,0.2490071007341437,4,0.0,1
169,10,0,3,0.0965703971119133,0.2683235046335299,4,0.0,2
170,10,0,3,0.0905535499398315,0.2864363942712721,4,0.0,2
171,10,0,3,0.0210589651022864,0.2906486941870261,3,0.0,1
172,10,0,3,0.0484356197352587,0.3003369839932603,4,0.0,2
173,10,0,3,0.1173285198555956,0.3238055120953183,2,0.0,0
174,10,0,3,0.0,0.3238055120953183,5,0.0,1
175,10,0,3,0.0273766546329723,0.3292815019857985,4,0.0,1
176,10,0,3,0.0547533092659446,0.3402334817667589,4,0.0,2
177,10,0,3,0.0,0.3402334817667589,5,0.0,1
178,10,0,3,0.0267749699157641,0.3455891202310747,4,0.0,1
179,10,0,3,0.3080625752105896,0.4072090504272476,6,0.3333333333333333,0
180,10,0,3,0.095367027677497,0.4262847514743049,4,0.0,2
181,10,0,3,0.0743080625752106,0.4411481526056083,4,0.0,2
182,10,0,3,0.0123345367027677,0.0024672042363702,3,0.0,1
183,10,0,3,0.0902527075812274,0.0205199181610302,4,0.0,2
184,10,0,3,0.1161251504211793,0.0437477434107594,2,0.0,0
185,10,0,3,0.0454271961492178,0.0528342760861716,4,0.0,2
186,10,0,3,0.0643802647412755,0.0657118786857624,4,0.0,2
187,10,0,3,0.0,0.0657118786857624,5,0.0,1
188,10,0,3,0.0779181708784596,0.0812973883740522,4,0.0,2
189,10,0,3,0.0222623345367027,0.085750391142135,3,0.0,1
190,10,0,3,0.003309265944645,0.0864123239860392,3,0.0,1
191,10,0,3,0.105294825511432,0.1074738235648092,4,0.0,2
192,10,0,3,0.0722021660649819,0.1219159947045372,4,0.0,2
193,10,0,3,0.1275571600481347,0.14743049705139,2,0.0,0
194,10,0,3,0.0294825511432009,0.1533277169334456,4,0.0,1
195,10,0,3,0.0887484957882069,0.1710795522926946,4,0.0,2
196,10,0,3,0.0351985559566787,0.178120110723312,4,0.0,1
197,10,0,3,0.0469314079422382,0.1875075219641352,4,0.0,2
198,10,0,3,0.2388688327316486,0.2352870381514021,6,0.3333333333333333,0
199,10,0,3,0.0276774969915764,0.2408232037549645,4,0.0,1
200,10,0,3,0.0225631768953068,0.2453363822361295,4,0.0,1
201,10,0,3,0.1600481347773766,0.2773498615958599,2,0.0,0
202,10,0,3,0.0439229843561973,0.2861355157058611,4,0.0,1
203,10,0,3,0.0697954271961492,0.3000962811409315,4,0.0,2
204,10,0,3,0.0,0.3000962811409315,5,0.0,1
205,10,0,3,0.0514440433212996,0.3103863280779876,4,0.0,2
206,10,0,3,0.000300842358604,0.3104465037910699,3,0.0,1
207,10,0,3,0.2099879663056558,0.3524491515224455,6,0.3333333333333333,0
208,10,0,3,0.0063176895306859,0.3537128414971717,3,0.0,1
209,10,0,3,0.1952466907340553,0.3927668792875196,6,0.3333333333333333,0
210,10,0,3,0.0174488567990373,0.3962570706462871,3,0.0,1
211,10,0,3,0.121841155234657,0.4206282344445781,2,0.0,0
212,10,0,3,0.0773164861612515,0.4360933927067036,4,0.0,2
213,10,0,3,0.0694945848375451,0.0139005897219882,4,0.0,2
214,10,0,3,0.0385078219013237,0.0216030809965098,4,0.0,1
215,10,0,3,0.1528279181708784,0.0521723432422674,2,0.0,0
216,10,0,3,0.089049338146811,0.0699843543145986,4,0.0,2
217,10,0,3,0.0114320096269554,0.0722710314117222,3,0.0,1
218,10,0,3,0.0273766546329723,0.0777470213022024,4,0.0,1
219,10,0,3,0.009927797833935,0.079732819833915,3,0.0,1
220,10,0,3,0.0655836341756919,0.0928511252858346,4,0.0,2
221,10,0,3,0.0424187725631768,0.1013359008304248,4,0.0,1
222,10,0,3,0.1425992779783393,0.1298591888313876,2,0.0,0
223,10,0,3,0.0087244283995186,0.1316042845107714,3,0.0,1
224,10,0,3,0.0493381468110709,0.1414731014562522,4,0.0,2
225,10,0,3,0.0,0.1414731014562522,5,0.0,1
226,10,0,3,0.0,0.1414731014562522,5,0.0,1
227,10,0,3,0.0030084235860409,0.1420748585870742,3,0.0,1
228,10,0,3,0.003309265944645,0.1427367914309784,3,0.0,1
229,10,0,3,0.0333935018050541,0.1494162955831026,4,0.0,1
230,10,0,3,0.0108303249097472,0.1515826212540618,3,0.0,1
231,10,0,3,0.0412154031287605,0.1598266939463232,4,0.0,1
232,10,0,3,0.1654632972322503,0.1929233361415332,2,0.0,0
233,10,0,3,0.0391095066185318,0.2007461788422193,4,0.0,1
234,10,0,3,0.0517448856799037,0.2110964014923577,4,0.0,2
235,10,0,3,0.0,0.2110964014923577,5,0.0,1
236,10,0,3,0.0,0.2110964014923577,5,0.0,1
237,10,0,3,0.0189530685920577,0.2148874714165363,3,0.0,1
238,10,0,3,0.1043922984356197,0.2357684438560597,4,0.0,2
239,10,0,3,0.0291817087845968,0.2416054880250331,4,0.0,1
240,10,0,3,0.0830324909747292,0.2582139848357203,4,0.0,2
241,10,0,3,0.0318892900120336,0.2645926104224335,4,0.0,1
242,10,0,3,0.0063176895306859,0.2658563003971597,3,0.0,1
243,10,0,3,0.2075812274368231,0.3073775424238777,6,0.3333333333333333,0
244,10,0,3,0.0153429602888086,0.0030689613671922,3,0.0,1
245,10,0,3,0.0249699157641395,0.0080635455530148,4,0.0,1
246,10,0,3,0.003610108303249,0.0087856541100012,3,0.0,1
247,10,0,3,0.0168471720818291,0.0121554940426044,3,0.0,1
248,10,0,3,0.1991576413959085,0.0519918161030208,6,0.3333333333333333,0
249,10,0,3,0.0120336943441636,0.0543988446263088,3,0.0,1
250,10,0,3,0.0439229843561973,0.06318449873631,4,0.0,1
251,10,0,3,0.1293622141997593,0.089060055361656,2,0.0,0
252,10,0,3,0.0081227436823104,0.0906847996148754,3,0.0,1
253,10,0,3,0.1380866425992779,0.1183054519196052,2,0.0,0
254,10,0,3,0.0081227436823104,0.1199301961728246,3,0.0,1
255,10,0,3,0.0138387484957882,0.1226982789746058,3,0.0,1
256,10,0,3,0.0291817087845968,0.1285353231435792,4,0.0,1
257,10,0,3,0.0075210589651022,0.1300397159706342,3,0.0,1
258,10,0,3,0.0770156438026474,0.1454446985196774,4,0.0,2
259,10,0,3,0.0553549939831528,0.1565170297268022,4,0.0,2
260,10,0,3,0.03971119133574,0.1644602238536526,4,0.0,1
261,10,0,3,0.0764139590854392,0.1797448549765314,4,0.0,2
262,10,0,3,0.0090252707581227,0.1815501263689974,3,0.0,1
263,10,0,3,0.0225631768953068,0.1860633048501624,4,0.0,1
264,10,0,3,0.0135379061371841,0.1887712119388614,3,0.0,1
265,10,0,3,0.0063176895306859,0.1900349019135876,3,0.0,1
266,10,0,3,0.0415162454873646,0.1983391503189313,4,0.0,1
267,10,0,3,0.0069193742478941,0.1997231917198218,3,0.0,1
268,10,0,3,0.0412154031287605,0.2079672644120833,4,0.0,1
269,10,0,3,0.0460288808664259,0.2171741485136598,4,0.0,2
270,10,0,3,0.036401925391095,0.224455409796606,4,0.0,1
271,10,0,3,0.0093261131167268,0.2263208569021543,3,0.0,1
272,10,0,3,0.0351985559566787,0.2333614153327717,4,0.0,1
273,10,0,3,0.0610709987966305,0.2455770850884583,4,0.0,2
274,10,0,3,0.0,0.0,5,0.0,1
275,10,0,3,0.0177496991576413,0.0035503670718498,3,0.0,1
276,10,0,3,0.049638989169675,0.0134793597304128,4,0.0,2
277,10,0,3,0.0,0.0134793597304128,5,0.0,1
278,10,0,3,0.0523465703971119,0.0239499338067156,4,0.0,2
279,10,0,3,0.0234657039711191,0.0286436394271272,4,0.0,1
280,10,0,3,0.0,0.0286436394271272,5,0.0,1
281,10,0,3,0.0457280385078219,0.0377903478156216,4,0.0,2
282,10,0,3,0.0,0.0377903478156216,5,0.0,1
283,10,0,3,0.0096269554753309,0.039715970634252,3,0.0,1
284,10,0,3,0.0249699157641395,0.0447105548200746,4,0.0,1
285,10,0,3,0.0385078219013237,0.0524130460945962,4,0.0,1
286,10,0,3,0.0180505415162454,0.0560235888795282,3,0.0,1
287,10,0,3,0.0,0.0560235888795282,5,0.0,1
288,10,0,3,0.0024067388688327,0.0565049945841858,3,0.0,1
289,10,0,3,0.0,0.0565049945841858,5,0.0,1
290,10,0,3,0.0291817087845968,0.0623420387531592,4,0.0,1
291,10,0,3,0.0021058965102286,0.0627632687447346,3,0.0,1
292,10,0,3,0.0090252707581227,0.0645685401372006,3,0.0,1
293,10,0,3,0.0,0.0645685401372006,5,0.0,1
294,10,0,3,0.0451263537906137,0.0735948970995306,4,0.0,1
295,10,0,3,0.0012033694344163,0.0738355999518594,3,0.0,1
296,10,0,3,0.0096269554753309,0.0757612227704898,3,0.0,1
297,10,0,3,0.0183513838748495,0.079431941268504,3,0.0,1
298,10,0,3,0.0174488567990373,0.0829221326272716,3,0.0,1
299,10,0,3,0.0102286401925391,0.0849681068720664,3,0.0,1
300,10,0,3,0.0,0.0849681068720664,5,0.0,1
301,10,0,3,0.0042117930204572,0.0858105668552172,3,0.0,1
302,10,0,3,0.0012033694344163,0.086051269707546,3,0.0,1
303,10,0,3,0.0015042117930204,0.086352148272957,3,0.0,1
304,10,0,3,0.0153429602888086,0.0894211096401492,3,0.0,1
305,10,0,3,0.0,0.0,5,0.0,1
306,10,0,3,0.0,0.0,5,0.0,1
307,10,0,3,0.0,0.0,5,0.0,1
308,10,0,3,0.0,0.0,5,0.0,1
309,10,0,3,0.0117328519855595,0.0023468528102058,3,0.0,1
310,10,0,3,0.0,0.0023468528102058,5,0.0,1
311,10,0,3,0.0,0.0023468528102058,5,0.0,1
312,10,0,3,0.0,0.0023468528102058,5,0.0,1
313,10,0,3,0.0123345367027677,0.004814057046576,3,0.0,1
314,10,0,3,0.0,0.004814057046576,5,0.0,1
315,10,0,3,0.0135379061371841,0.007521964135275,3,0.0,1
316,10,0,3,0.0,0.007521964135275,5,0.0,1
317,10,0,3,0.0,0.007521964135275,5,0.0,1
318,10,0,3,0.003309265944645,0.0081838969791792,3,0.0,1
319,10,0,3,0.0,0.0081838969791792,5,0.0,1
320,10,0,3,0.0,0.0081838969791792,5,0.0,1
321,10,0,3,0.0,0.0081838969791792,5,0.0,1
322,10,0,3,0.0348977135980746,0.0151642796967144,4,0.0,1
323,10,0,3,0.0,0.0151642796967144,5,0.0,1
324,10,0,3,0.0,0.0151642796967144,5,0.0,1
325,10,0,3,0.0,0.0151642796967144,5,0.0,1
326,10,0,3,0.0,0.0151642796967144,5,0.0,1
327,10,0,3,0.0,0.0151642796967144,5,0.0,1
328,10,0,3,0.0,0.0151642796967144,5,0.0,1
329,10,0,3,0.0006016847172081,0.0152846311228788,3,0.0,1
330,10,0,3,0.0,0.0152846311228788,5,0.0,1
331,10,0,3,0.0,0.0152846311228788,5,0.0,1
332,10,0,3,0.0,0.0152846311228788,5,0.0,1
333,10,0,3,0.0039109506618531,0.0160669153929474,3,0.0,1
334,10,0,3,0.000300842358604,0.0161270911060296,3,0.0,1
335,10,0,3,0.0,0.0,5,0.0,1
336,10,0,3,0.0,0.0,5,0.0,1
337,10,0,3,0.0,0.0,5,0.0,1
338,10,0,3,0.0,0.0,5,0.0,1
339,10,0,3,0.0,0.0,5,0.0,1
340,10,0,3,0.0,0.0,5,0.0,1
341,10,0,3,0.0,0.0,5,0.0,1
342,10,0,3,0.0,0.0,5,0.0,1
343,10,0,3,0.0,0.0,5,0.0,1
344,10,0,3,0.0,0.0,5,0.0,1
345,10,0,3,0.0,0.0,5,0.0,1
346,10,0,3,0.0,0.0,5,0.0,1
347,10,0,3,0.0,0.0,5,0.0,1
348,10,0,3,0.0,0.0,5,0.0,1
349,10,0,3,0.0,0.0,5,0.0,1
350,10,0,3,0.0,0.0,5,0.0,1
351,10,0,3,0.0,0.0,5,0.0,1
352,10,0,3,0.0,0.0,5,0.0,1
353,10,0,3,0.0,0.0,5,0.0,1
354,10,0,3,0.0,0.0,5,0.0,1
355,10,0,3,0.0,0.0,5,0.0,1
356,10,0,3,0.0,0.0,5,0.0,1
357,10,0,3,0.0024067388688327,0.0004814057046576,3,0.0,1
358,10,0,3,0.0,0.0004814057046576,5,0.0,1
359,10,0,3,0.0117328519855595,0.0028282585148634,3,0.0,1
360,10,0,3,0.0,0.0028282585148634,5,0.0,1
361,10,0,3,0.0,0.0028282585148634,5,0.0,1
362,10,0,3,0.0,0.0028282585148634,5,0.0,1
363,10,0,3,0.0045126353790613,0.0037308942110964,3,0.0,1
364,10,0,3,0.0716004813477737,0.01805271392466,4,0.0,2
365,10,0,3,0.0,0.01805271392466,5,0.0,1
366,10,0,2,0.0012033694344163,0.0002407028523288,3,0.0,1
367,10,0,2,0.0,0.0002407028523288,5,0.0,1
368,10,0,2,0.0,0.0002407028523288,5,0.0,1
369,10,0,2,0.0,0.0002407028523288,5,0.0,1
370,10,0,2,0.0,0.0002407028523288,5,0.0,1
371,10,0,2,0.0,0.0002407028523288,5,0.0,1
372,10,0,2,0.0,0.0002407028523288,5,0.0,1
373,10,0,2,0.0,0.0002407028523288,5,0.0,1
374,10,0,2,0.0,0.0002407028523288,5,0.0,1
375,10,0,2,0.0,0.0002407028523288,5,0.0,1
376,10,0,2,0.0,0.0002407028523288,5,0.0,1
377,10,0,2,0.0,0.0002407028523288,5,0.0,1
378,10,0,2,0.0,0.0002407028523288,5,0.0,1
379,10,0,2,0.0,0.0002407028523288,5,0.0,1
380,10,0,2,0.0,0.0002407028523288,5,0.0,1
381,10,0,2,0.0090252707581227,0.0020459742447948,3,0.0,1
382,10,0,2,0.0,0.0020459742447948,5,0.0,1
383,10,0,2,0.0,0.0020459742447948,5,0.0,1
384,10,0,2,0.0,0.0020459742447948,5,0.0,1
385,10,0,2,0.0,0.0020459742447948,5,0.0,1
386,10,0,2,0.0,0.0020459742447948,5,0.0,1
387,10,0,2,0.0,0.0020459742447948,5,0.0,1
388,10,0,2,0.0385078219013237,0.0097484655193164,4,0.0,1
389,10,0,2,0.0168471720818291,0.0131183054519196,3,0.0,1
390,10,0,2,0.0,0.0131183054519196,5,0.0,1
391,10,0,2,0.0,0.0131183054519196,5,0.0,1
392,10,0,2,0.0,0.0131183054519196,5,0.0,1
393,10,0,2,0.0406137184115523,0.0212420267180166,4,0.0,1
394,10,0,2,0.0,0.0212420267180166,5,0.0,1
395,10,0,2,0.0,0.0212420267180166,5,0.0,1
396,10,0,2,0.0,0.0212420267180166,5,0.0,1
397,10,0,2,0.0,0.0,5,0.0,1
398,10,0,2,0.0,0.0,5,0.0,1
399,10,0,2,0.0,0.0,5,0.0,1
400,10,0,2,0.0,0.0,5,0.0,1
401,10,0,2,0.0785198555956678,0.0157058611144542,4,0.0,2
402,10,0,2,0.0,0.0157058611144542,5,0.0,1
403,10,0,2,0.0,0.0157058611144542,5,0.0,1
404,10,0,2,0.0,0.0157058611144542,5,0.0,1
405,10,0,2,0.0,0.0157058611144542,5,0.0,1
406,10,0,2,0.0,0.0157058611144542,5,0.0,1
407,10,0,2,0.0,0.0157058611144542,5,0.0,1
408,10,0,2,0.0,0.0157058611144542,5,0.0,1
409,10,0,2,0.0,0.0157058611144542,5,0.0,1
410,10,0,2,0.0,0.0157058611144542,5,0.0,1
411,10,0,2,0.0,0.0157058611144542,5,0.0,1
412,10,0,2,0.0,0.0157058611144542,5,0.0,1
413,10,0,2,0.0,0.0157058611144542,5,0.0,1
414,10,0,2,0.0,0.0157058611144542,5,0.0,1
415,10,0,2,0.0,0.0157058611144542,5,0.0,1
416,10,0,2,0.0,0.0157058611144542,5,0.0,1
417,10,0,2,0.0,0.0157058611144542,5,0.0,1
418,10,0,2,0.0,0.0157058611144542,5,0.0,1
419,10,0,2,0.0,0.0157058611144542,5,0.0,1
420,10,0,2,0.0,0.0157058611144542,5,0.0,1
421,10,0,2,0.0225631768953068,0.0202190395956192,4,0.0,1
422,10,0,2,0.0279783393501805,0.0258153809122638,4,0.0,1
423,10,0,2,0.0,0.0258153809122638,5,0.0,1
424,10,0,2,0.0,0.0258153809122638,5,0.0,1
425,10,0,2,0.0,0.0,5,0.0,1
426,10,0,2,0.0,0.0,5,0.0,1
427,10,0,2,0.0,0.0,5,0.0,1
428,10,0,2,0.0,0.0,5,0.0,1
429,10,0,2,0.0,0.0,5,0.0,1
430,10,0,2,0.0,0.0,5,0.0,1
431,10,0,2,0.0,0.0,5,0.0,1
432,10,0,2,0.0,0.0,5,0.0,1
433,10,0,2,0.0391095066185318,0.007822842700686,4,0.0,1
434,10,0,2,0.0,0.007822842700686,5,0.0,1
435,10,0,2,0.0,0.007822842700686,5,0.0,1
436,10,0,2,0.0,0.007822842700686,5,0.0,1
437,10,0,2,0.0,0.007822842700686,5,0.0,1
438,10,0,2,0.0,0.007822842700686,5,0.0,1
439,10,0,2,0.0,0.007822842700686,5,0.0,1
440,10,0,2,0.0,0.007822842700686,5,0.0,1
441,10,0,2,0.0,0.007822842700686,5,0.0,1
442,10,0,2,0.0,0.007822842700686,5,0.0,1
443,10,0,2,0.0,0.007822842700686,5,0.0,1
444,10,0,2,0.0,0.007822842700686,5,0.0,1
445,10,0,2,0.0,0.007822842700686,5,0.0,1
446,10,0,2,0.0,0.007822842700686,5,0.0,1
447,10,0,2,0.0,0.007822842700686,5,0.0,1
448,10,0,2,0.0,0.007822842700686,5,0.0,1
449,10,0,2,0.0,0.007822842700686,5,0.0,1
450,10,0,2,0.0,0.007822842700686,5,0.0,1
451,10,0,2,0.0,0.007822842700686,5,0.0,1
452,10,0,2,0.0,0.007822842700686,5,0.0,1
453,10,0,2,0.0,0.007822842700686,5,0.0,1
454,10,0,2,0.0,0.007822842700686,5,0.0,1
455,10,0,2,0.0,0.007822842700686,5,0.0,1
456,10,0,2,0.0,0.0,5,0.0,1
457,10,0,2,0.0,0.0,5,0.0,1
458,10,0,2,0.0,0.0,5,0.0,1
459,10,0,2,0.0,0.0,5,0.0,1
460,10,0,2,0.0168471720818291,0.0033698399326032,3,0.0,1
461,10,0,2,0.0,0.0033698399326032,5,0.0,1
462,10,0,2,0.0,0.0033698399326032,5,0.0,1
463,10,0,2,0.0228640192539109,0.0079431941268504,4,0.0,1
464,10,0,2,0.0,0.0079431941268504,5,0.0,1
465,10,0,2,0.0,0.0079431941268504,5,0.0,1
466,10,0,2,0.0,0.0079431941268504,5,0.0,1
467,10,0,2,0.0,0.0079431941268504,5,0.0,1
468,10,0,2,0.0,0.0079431941268504,5,0.0,1
469,10,0,2,0.0075210589651022,0.0094475869539054,3,0.0,1
470,10,0,2,0.0,0.0094475869539054,5,0.0,1
471,10,0,2,0.0,0.0094475869539054,5,0.0,1
472,10,0,2,0.0,0.0094475869539054,5,0.0,1
473,10,0,2,0.0,0.0094475869539054,5,0.0,1
474,10,0,2,0.0,0.0094475869539054,5,0.0,1
475,10,0,2,0.0,0.0094475869539054,5,0.0,1
476,10,0,2,0.0126353790613718,0.0119749669033578,3,0.0,1
477,10,0,2,0.0,0.0119749669033578,5,0.0,1
478,10,0,2,0.0,0.0119749669033578,5,0.0,1
479,10,0,2,0.0361010830324909,0.0191960524732218,4,0.0,1
480,10,0,2,0.0,0.0191960524732218,5,0.0,1
481,10,0,2,0.0120336943441636,0.0216030809965098,3,0.0,1
482,10,0,2,0.0009025270758122,0.0217836081357564,3,0.0,1
483,10,0,2,0.0,0.0217836081357564,5,0.0,1
484,10,0,2,0.000300842358604,0.0218437838488386,3,0.0,1
485,10,0,2,0.0,0.0218437838488386,5,0.0,1
486,10,0,2,0.0159446450060168,0.0031893127933566,3,0.0,1
487,10,0,2,0.0030084235860409,0.0037910699241786,3,0.0,1
488,10,0,2,0.0,0.0037910699241786,5,0.0,1
489,10,0,2,0.0,0.0037910699241786,5,0.0,1
490,10,0,2,0.0,0.0037910699241786,5,0.0,1
491,10,0,2,0.0,0.0037910699241786,5,0.0,1
492,10,0,2,0.0009025270758122,0.0039715970634252,3,0.0,1
493,10,0,2,0.0,0.0039715970634252,5,0.0,1
494,10,0,2,0.0,0.0039715970634252,5,0.0,1
495,10,0,2,0.0,0.0039715970634252,5,0.0,1
496,10,0,2,0.01323706377858,0.006619328439042,3,0.0,1
497,10,0,2,0.0,0.006619328439042,5,0.0,1
498,10,0,2,0.0,0.006619328439042,5,0.0,1
499,10,0,2,0.0015042117930204,0.006920207004453,3,0.0,1
500,10,0,2,0.0,0.006920207004453,5,0.0,1
501,10,0,2,0.0361010830324909,0.014141292574317,4,0.0,1
502,10,0,2,0.0,0.014141292574317,5,0.0,1
503,10,0,2,0.0006016847172081,0.0142616440004814,3,0.0,1
504,10,0,2,0.0,0.0142616440004814,5,0.0,1
505,10,0,2,0.0228640192539109,0.0188349981947286,4,0.0,1
506,10,0,2,0.0,0.0188349981947286,5,0.0,1
507,10,0,2,0.0,0.0188349981947286,5,0.0,1
508,10,0,2,0.0,0.0188349981947286,5,0.0,1
509,10,0,2,0.0,0.0188349981947286,5,0.0,1
510,10,0,2,0.0,0.0188349981947286,5,0.0,1
511,10,0,2,0.052647412755716,0.0293657479841136,4,0.0,2
512,10,0,2,0.0012033694344163,0.0296064508364424,3,0.0,1
513,10,0,2,0.0,0.0296064508364424,5,0.0,1
514,10,0,2,0.0021058965102286,0.0300276808280178,3,0.0,1
515,10,0,2,0.0,0.0300276808280178,5,0.0,1
516,10,0,2,0.0577617328519855,0.0415814177398002,4,0.0,2
517,10,0,2,0.1299638989169675,0.0259959080515104,2,0.0,0
518,10,0,2,0.2241275571600481,0.0708268142977494,6,0.3333333333333333,0
519,10,0,2,0.0228640192539109,0.0754001684919966,4,0.0,1
520,10,0,2,0.2409747292418772,0.1236009146708388,6,0.3333333333333333,0
521,10,0,2,0.0321901323706377,0.1300397159706342,4,0.0,1
522,10,0,2,0.0291817087845968,0.1358767601396076,4,0.0,1
523,10,0,2,0.0207581227436823,0.1400288843422794,3,0.0,1
524,10,0,2,0.0358002406738868,0.1471897941990612,4,0.0,1
525,10,0,2,0.1010830324909747,0.1674088337946804,4,0.0,2
526,10,0,2,0.0075210589651022,0.1689132266217354,3,0.0,1
527,10,0,2,0.0,0.1689132266217354,5,0.0,1
528,10,0,2,0.0225631768953068,0.1734264051029004,4,0.0,1
529,10,0,2,0.092358604091456,0.1919003490191358,4,0.0,2
530,10,0,2,0.0773164861612515,0.2073655072812613,4,0.0,2
531,10,0,2,0.1558363417569193,0.2385365266578408,2,0.0,0
532,10,0,2,0.1116125150421179,0.2608617162113371,2,0.0,0
533,10,0,2,0.0550541516245487,0.2718738717053797,4,0.0,2
534,10,0,2,0.0556558363417569,0.2830063786255867,4,0.0,2
535,10,0,2,0.0048134777376654,0.2839691900349019,3,0.0,1
536,10,0,2,0.1200361010830324,0.3079792995546997,2,0.0,0
537,10,0,2,0.0,0.3079792995546997,5,0.0,1
538,10,0,2,0.0195547533092659,0.3118907209050426,3,0.0,1
539,10,0,2,0.0084235860409145,0.3135756408713443,3,0.0,1
540,10,0,2,0.1377858002406738,0.3411361174629919,2,0.0,0
541,10,0,2,0.0039109506618531,0.3419184017330605,3,0.0,1
542,10,0,2,0.0833333333333333,0.3585870742568299,4,0.0,2
543,10,0,2,0.016546329723225,0.3618967384763509,3,0.0,1
544,10,0,2,0.0246690734055354,0.3668311469490913,4,0.0,1
545,10,0,2,0.0276774969915764,0.3723673125526537,4,0.0,1
546,10,0,2,0.0354993983152827,0.3794680466963533,4,0.0,1
547,10,0,2,0.049638989169675,0.009928992658563,4,0.0,2
548,10,0,2,0.0,0.009928992658563,5,0.0,1
549,10,0,2,0.0156438026474127,0.0130581297388374,3,0.0,1
550,10,0,2,0.0881468110709988,0.030689613671922,4,0.0,2
551,10,0,2,0.0,0.030689613671922,5,0.0,1
552,10,0,2,0.1365824308062575,0.0580093874112408,2,0.0,0
553,10,0,2,0.0911552346570397,0.0762426284751474,4,0.0,2
554,10,0,2,0.0342960288808664,0.0831026597665182,4,0.0,1
555,10,0,2,0.1450060168471721,0.1121073534721386,2,0.0,0
556,10,0,2,0.0583634175691937,0.1237814418100854,4,0.0,2
557,10,0,2,0.1110108303249097,0.1459862799374172,2,0.0,0
558,10,0,2,0.0595667870036101,0.1579010711276928,4,0.0,2
559,10,0,2,0.0138387484957882,0.160669153929474,3,0.0,1
560,10,0,2,0.1007821901323706,0.180828017812011,4,0.0,2
561,10,0,2,0.0285800240673886,0.18654471055482,4,0.0,1
562,10,0,2,0.0697954271961492,0.2005054759898904,4,0.0,2
563,10,0,2,0.0986762936221419,0.220243109880852,4,0.0,2
564,10,0,2,0.0604693140794223,0.2323384282103743,4,0.0,2
565,10,0,2,0.1702767749699157,0.2663978818148995,2,0.0,0
566,10,0,2,0.0279783393501805,0.2719942231315441,4,0.0,1
567,10,0,2,0.0237665463297232,0.2767481044650379,4,0.0,1
568,10,0,2,0.0195547533092659,0.2806595258153809,3,0.0,1
569,10,0,2,0.0439229843561973,0.2894451799253821,4,0.0,1
570,10,0,2,0.1107099879663056,0.3115898423396316,2,0.0,0
571,10,0,2,0.0300842358604091,0.3176074136478516,4,0.0,1
572,10,0,2,0.0162454873646209,0.3208569021542905,3,0.0,1
573,10,0,2,0.0424187725631768,0.3293416776988807,4,0.0,1
574,10,0,2,0.1603489771359807,0.3614153327716933,2,0.0,0
575,10,0,2,0.0060168471720818,0.3626188470333373,3,0.0,1
576,10,0,2,0.0637785800240673,0.3753760982067637,4,0.0,2
577,10,0,2,0.0773164861612515,0.3908412564688891,4,0.0,2
578,10,0,2,0.029783393501805,0.0059573955951378,4,0.0,1
579,10,0,2,0.0105294825511432,0.0080635455530148,3,0.0,1
580,10,0,2,0.1404933814681107,0.0361656035624022,2,0.0,0
581,10,0,2,0.0986762936221419,0.0559032374533638,4,0.0,2
582,10,0,2,0.0520457280385078,0.0663136358165844,4,0.0,2
583,10,0,2,0.0228640192539109,0.0708869900108316,4,0.0,1
584,10,0,2,0.01323706377858,0.0735347213864484,3,0.0,1
585,10,0,2,0.0764139590854392,0.0888193525093272,4,0.0,2
586,10,0,2,0.0102286401925391,0.090865326754122,3,0.0,1
587,10,0,2,0.0391095066185318,0.098688169454808,4,0.0,1
588,10,0,2,0.0189530685920577,0.1024792393789866,3,0.0,1
589,10,0,2,0.0782190132370637,0.1181249247803586,4,0.0,2
590,10,0,2,0.0267749699157641,0.1234805632446744,4,0.0,1
591,10,0,2,0.1474127557160048,0.1529666626549524,2,0.0,0
592,10,0,2,0.0300842358604091,0.1589842339631724,4,0.0,1
593,10,0,2,0.0306859205776173,0.1651221566975568,4,0.0,1
594,10,0,2,0.0926594464500601,0.1836562763268744,4,0.0,2
595,10,0,2,0.0938628158844765,0.2024310988085208,4,0.0,2
596,10,0,2,0.0547533092659446,0.2133830785894813,4,0.0,2
597,10,0,2,0.0505415162454873,0.2234925983872908,4,0.0,2
598,10,0,2,0.0180505415162454,0.2271031411722228,3,0.0,1
599,10,0,2,0.0622743682310469,0.2395595137802383,4,0.0,2
600,10,0,2,0.105294825511432,0.2606210133590083,4,0.0,2
601,10,0,2,0.0493381468110709,0.2704898303044891,4,0.0,2
602,10,0,2,0.0186522262334536,0.2742207245155855,3,0.0,1
603,10,0,2,0.0141395908543922,0.2770489830304489,3,0.0,1
604,10,0,2,0.0,0.2770489830304489,5,0.0,1
605,10,0,2,0.0342960288808664,0.2839090143218197,4,0.0,1
606,10,0,2,0.0324909747292418,0.2904079913346973,4,0.0,1
607,10,0,2,0.8065583634175693,0.4517390781080756,0,1.0,0
608,10,0,2,0.0,0.4517390781080756,5,0.0,1
609,10,0,2,0.0111311672683513,0.0022265013840414,3,0.0,1
610,10,0,2,0.0225631768953068,0.0067396798652064,4,0.0,1
611,10,0,2,0.0427196149217809,0.0152846311228788,4,0.0,1
612,10,0,2,0.0722021660649819,0.0297268022626068,4,0.0,2
613,10,0,2,0.0021058965102286,0.0301480322541822,3,0.0,1
614,10,0,2,0.0454271961492178,0.0392345649295944,4,0.0,2
615,10,0,2,0.0,0.0392345649295944,5,0.0,1
616,10,0,2,0.157942238267148,0.0708268142977494,2,0.0,0
617,10,0,2,0.0439229843561973,0.0796124684077506,4,0.0,1
618,10,0,2,0.2638387484957882,0.13238656878084,6,0.3333333333333333,0
619,10,0,2,0.0333935018050541,0.1390660729329642,4,0.0,1
620,10,0,2,0.0,0.1390660729329642,5,0.0,1
621,10,0,2,0.0667870036101083,0.1524250812372126,4,0.0,2
622,10,0,2,0.0517448856799037,0.162775303887351,4,0.0,2
623,10,0,2,0.0875451263537906,0.1802864363942712,4,0.0,2
624,10,0,2,0.0012033694344163,0.1805271392466,3,0.0,1
625,10,0,2,0.0105294825511432,0.182633289204477,3,0.0,1
626,10,0,2,0.0225631768953068,0.187146467685642,4,0.0,1
627,10,0,2,0.0634777376654633,0.1998435431459863,4,0.0,2
628,10,0,2,0.0436221419975932,0.2085690215429053,4,0.0,1
629,10,0,2,0.2689530685920578,0.2623661090383921,6,0.3333333333333333,0
630,10,0,2,0.0120336943441636,0.2647731375616801,3,0.0,1
631,10,0,2,0.000300842358604,0.2648333132747623,3,0.0,1
632,10,0,2,0.065884476534296,0.2780117944397641,4,0.0,2
633,10,0,2,0.0737063778580024,0.2927548441449031,4,0.0,2
634,10,0,2,0.0081227436823104,0.2943795883981225,3,0.0,1
635,10,0,2,0.0469314079422382,0.3037669996389457,4,0.0,2
636,10,0,2,0.1149217809867629,0.3267541220363461,2,0.0,0
637,10,0,2,0.0279783393501805,0.3323504633529907,4,0.0,1
638,10,0,2,0.0,0.3323504633529907,5,0.0,1
639,10,0,2,0.0508423586040914,0.0101696955108918,4,0.0,2
640,10,0,2,0.0,0.0101696955108918,5,0.0,1
641,10,0,2,0.0138387484957882,0.012937778312673,3,0.0,1
642,10,0,2,0.0042117930204572,0.0137802382958238,3,0.0,1
643,10,0,2,0.01985559566787,0.017751835359249,3,0.0,1
644,10,0,2,0.0342960288808664,0.0246118666506198,4,0.0,1
645,10,0,2,0.0144404332129963,0.0275003008785654,3,0.0,1
646,10,0,2,0.0,0.0275003008785654,5,0.0,1
647,10,0,2,0.0309867629362214,0.033698399326032,4,0.0,1
648,10,0,2,0.0159446450060168,0.0368877121193886,3,0.0,1
649,10,0,2,0.0171480144404332,0.040317727765074,3,0.0,1
650,10,0,2,0.0123345367027677,0.0427849320014442,3,0.0,1
651,10,0,2,0.0012033694344163,0.043025634853773,3,0.0,1
652,10,0,2,0.0616726835138387,0.055361656035624,4,0.0,2
653,10,0,2,0.0,0.055361656035624,5,0.0,1
654,10,0,2,0.00661853188929,0.0566855217234324,3,0.0,1
655,10,0,2,0.0120336943441636,0.0590925502467204,3,0.0,1
656,10,0,2,0.0069193742478941,0.060476591647611,3,0.0,1
657,10,0,2,0.0484356197352587,0.0701648814538452,4,0.0,2
658,10,0,2,0.003610108303249,0.0708869900108316,3,0.0,1
659,10,0,2,0.0105294825511432,0.0729931399687086,3,0.0,1
660,10,0,2,0.0469314079422382,0.0823805512095318,4,0.0,2
661,10,0,2,0.0153429602888086,0.085449512576724,3,0.0,1
662,10,0,2,0.0111311672683513,0.0876760139607654,3,0.0,1
663,10,0,2,0.0,0.0876760139607654,5,0.0,1
664,10,0,2,0.003309265944645,0.0883379468046696,3,0.0,1
665,10,0,2,0.0120336943441636,0.0907449753279576,3,0.0,1
666,10,0,2,0.0117328519855595,0.0930918281381634,3,0.0,1
667,10,0,2,0.0,0.0930918281381634,5,0.0,1
668,10,0,2,0.0348977135980746,0.1000722108556986,4,0.0,1
669,10,0,2,0.0051143200962695,0.101095197978096,3,0.0,1
670,10,0,2,0.000300842358604,6.017571308220002e-05,3,0.0,1
671,10,0,2,0.0,6.017571308220002e-05,5,0.0,1
672,10,0,2,0.0,6.017571308220002e-05,5,0.0,1
673,10,0,2,0.0300842358604091,0.0060777470213022,4,0.0,1
674,10,0,2,0.0,0.0060777470213022,5,0.0,1
675,10,0,2,0.0,0.0060777470213022,5,0.0,1
676,10,0,2,0.0505415162454873,0.0161872668191118,4,0.0,2
677,10,0,2,0.0102286401925391,0.0182332410639066,3,0.0,1
678,10,0,2,0.0,0.0182332410639066,5,0.0,1
679,10,0,2,0.0,0.0182332410639066,5,0.0,1
680,10,0,2,0.0367027677496991,0.025574678059935,4,0.0,1
681,10,0,2,0.0,0.025574678059935,5,0.0,1
682,10,0,2,0.0,0.025574678059935,5,0.0,1
683,10,0,2,0.0,0.025574678059935,5,0.0,1
684,10,0,2,0.0,0.025574678059935,5,0.0,1
685,10,0,2,0.0,0.025574678059935,5,0.0,1
686,10,0,2,0.0,0.025574678059935,5,0.0,1
687,10,0,2,0.0,0.025574678059935,5,0.0,1
688,10,0,2,0.0,0.025574678059935,5,0.0,1
689,10,0,2,0.0484356197352587,0.0352629678661692,4,0.0,2
690,10,0,2,0.0219614921780986,0.0396557949211698,3,0.0,1
691,10,0,2,0.0,0.0396557949211698,5,0.0,1
692,10,0,2,0.0189530685920577,0.0434468648453484,3,0.0,1
693,10,0,2,0.0,0.0434468648453484,5,0.0,1
694,10,0,2,0.04632972322503,0.0527139246600072,4,0.0,2
695,10,0,2,0.0,0.0527139246600072,5,0.0,1
696,10,0,2,0.0,0.0527139246600072,5,0.0,1
697,10,0,2,0.0,0.0527139246600072,5,0.0,1
698,10,0,2,0.0,0.0527139246600072,5,0.0,1
699,10,0,2,0.0,0.0527139246600072,5,0.0,1
700,10,0,2,0.0,0.0,5,0.0,1
701,10,0,2,0.0,0.0,5,0.0,1
702,10,0,2,0.0,0.0,5,0.0,1
703,10,0,2,0.0,0.0,5,0.0,1
704,10,0,2,0.0,0.0,5,0.0,1
705,10,0,2,0.0,0.0,5,0.0,1
706,10,0,2,0.0,0.0,5,0.0,1
707,10,0,2,0.0,0.0,5,0.0,1
708,10,0,2,0.0,0.0,5,0.0,1
709,10,0,2,0.0,0.0,5,0.0,1
710,10,0,2,0.0,0.0,5,0.0,1
711,10,0,2,0.0,0.0,5,0.0,1
712,10,0,2,0.0,0.0,5,0.0,1
713,10,0,2,0.0027075812274368,0.0005415814177398,3,0.0,1
714,10,0,2,0.0400120336943441,0.0085449512576724,4,0.0,1
715,10,0,2,0.0,0.0085449512576724,5,0.0,1
716,10,0,2,0.0,0.0085449512576724,5,0.0,1
717,10,0,2,0.0,0.0085449512576724,5,0.0,1
718,10,0,2,0.0,0.0085449512576724,5,0.0,1
719,10,0,2,0.0,0.0085449512576724,5,0.0,1
720,10,0,2,0.0,0.0085449512576724,5,0.0,1
721,10,0,2,0.0,0.0085449512576724,5,0.0,1
722,10,0,2,0.0,0.0085449512576724,5,0.0,1
723,10,0,2,0.0,0.0085449512576724,5,0.0,1
724,10,0,2,0.0,0.0085449512576724,5,0.0,1
725,10,0,2,0.0,0.0085449512576724,5,0.0,1
726,10,0,2,0.0,0.0085449512576724,5,0.0,1
727,10,0,2,0.0,0.0085449512576724,5,0.0,1
728,10,0,2,0.0,0.0085449512576724,5,0.0,1
729,10,0,2,0.0,0.0085449512576724,5,0.0,1
730,10,0,2,0.009927797833935,0.010530749789385,3,0.0,1
731,10,0,0,0.0,0.0,5,0.0,1
732,10,0,0,0.0,0.0,5,0.0,1
733,10,0,0,0.0,0.0,5,0.0,1
734,10,0,0,0.0,0.0,5,0.0,1
735,10,0,0,0.0,0.0,5,0.0,1
736,10,0,0,0.0,0.0,5,0.0,1
737,10,0,0,0.0,0.0,5,0.0,1
738,10,0,0,0.0,0.0,5,0.0,1
739,10,0,0,0.0,0.0,5,0.0,1
740,10,0,0,0.0,0.0,5,0.0,1
741,10,0,0,0.0,0.0,5,0.0,1
742,10,0,0,0.0,0.0,5,0.0,1
743,10,0,0,0.0,0.0,5,0.0,1
744,10,0,0,0.0,0.0,5,0.0,1
745,10,0,0,0.0,0.0,5,0.0,1
746,10,0,0,0.0,0.0,5,0.0,1
747,10,0,0,0.0,0.0,5,0.0,1
748,10,0,0,0.0,0.0,5,0.0,1
749,10,0,0,0.0,0.0,5,0.0,1
750,10,0,0,0.0,0.0,5,0.0,1
751,10,0,0,0.0,0.0,5,0.0,1
752,10,0,0,0.0234657039711191,0.0046937056204116,4,0.0,1
753,10,0,0,0.0,0.0046937056204116,5,0.0,1
754,10,0,0,0.0,0.0046937056204116,5,0.0,1
755,10,0,0,0.0,0.0046937056204116,5,0.0,1
756,10,0,0,0.0,0.0046937056204116,5,0.0,1
757,10,0,0,0.0,0.0046937056204116,5,0.0,1
758,10,0,0,0.0,0.0046937056204116,5,0.0,1
759,10,0,0,0.0,0.0046937056204116,5,0.0,1
760,10,0,0,0.0,0.0046937056204116,5,0.0,1
761,10,0,0,0.0,0.0046937056204116,5,0.0,1
762,10,0,0,0.0,0.0,5,0.0,1
763,10,0,0,0.0,0.0,5,0.0,1
764,10,0,0,0.0,0.0,5,0.0,1
765,10,0,0,0.0,0.0,5,0.0,1
766,10,0,0,0.0,0.0,5,0.0,1
767,10,0,0,0.0,0.0,5,0.0,1
768,10,0,0,0.0,0.0,5,0.0,1
769,10,0,0,0.0,0.0,5,0.0,1
770,10,0,0,0.0,0.0,5,0.0,1
771,10,0,0,0.0,0.0,5,0.0,1
772,10,0,0,0.0,0.0,5,0.0,1
773,10,0,0,0.0,0.0,5,0.0,1
774,10,0,0,0.0,0.0,5,0.0,1
775,10,0,0,0.0,0.0,5,0.0,1
776,10,0,0,0.0,0.0,5,0.0,1
777,10,0,0,0.0,0.0,5,0.0,1
778,10,0,0,0.0,0.0,5,0.0,1
779,10,0,0,0.0,0.0,5,0.0,1
780,10,0,0,0.0,0.0,5,0.0,1
781,10,0,0,0.0,0.0,5,0.0,1
782,10,0,0,0.0,0.0,5,0.0,1
783,10,0,0,0.0,0.0,5,0.0,1
784,10,0,0,0.0,0.0,5,0.0,1
785,10,0,0,0.0,0.0,5,0.0,1
786,10,0,0,0.0,0.0,5,0.0,1
787,10,0,0,0.0,0.0,5,0.0,1
788,10,0,0,0.0,0.0,5,0.0,1
789,10,0,0,0.0,0.0,5,0.0,1
790,10,0,0,0.0,0.0,5,0.0,1
791,10,0,0,0.0,0.0,5,0.0,1
792,10,0,0,0.0,0.0,5,0.0,1
793,10,0,0,0.0,0.0,5,0.0,1
794,10,0,0,0.0,0.0,5,0.0,1
795,10,0,0,0.0,0.0,5,0.0,1
796,10,0,0,0.0,0.0,5,0.0,1
797,10,0,0,0.0,0.0,5,0.0,1
798,10,0,0,0.0,0.0,5,0.0,1
799,10,0,0,0.0063176895306859,0.0012636899747262,3,0.0,1
800,10,0,0,0.0,0.0012636899747262,5,0.0,1
801,10,0,0,0.0,0.0012636899747262,5,0.0,1
802,10,0,0,0.0,0.0012636899747262,5,0.0,1
803,10,0,0,0.0,0.0012636899747262,5,0.0,1
804,10,0,0,0.0,0.0012636899747262,5,0.0,1
805,10,0,0,0.0,0.0012636899747262,5,0.0,1
806,10,0,0,0.0,0.0012636899747262,5,0.0,1
807,10,0,0,0.0,0.0012636899747262,5,0.0,1
808,10,0,0,0.0,0.0012636899747262,5,0.0,1
809,10,0,0,0.0,0.0012636899747262,5,0.0,1
810,10,0,0,0.0,0.0012636899747262,5,0.0,1
811,10,0,0,0.0,0.0012636899747262,5,0.0,1
812,10,0,0,0.0,0.0012636899747262,5,0.0,1
813,10,0,0,0.0,0.0012636899747262,5,0.0,1
814,10,0,0,0.0,0.0012636899747262,5,0.0,1
815,10,0,0,0.0,0.0012636899747262,5,0.0,1
816,10,0,0,0.0,0.0012636899747262,5,0.0,1
817,10,0,0,0.0,0.0012636899747262,5,0.0,1
818,10,0,0,0.0,0.0012636899747262,5,0.0,1
819,10,0,0,0.0,0.0012636899747262,5,0.0,1
820,10,0,0,0.0,0.0012636899747262,5,0.0,1
821,10,0,0,0.0,0.0,5,0.0,1
822,10,0,0,0.0,0.0,5,0.0,1
823,10,0,0,0.0,0.0,5,0.0,1
824,10,0,0,0.0,0.0,5,0.0,1
825,10,0,0,0.0,0.0,5,0.0,1
826,10,0,0,0.0,0.0,5,0.0,1
827,10,0,0,0.0,0.0,5,0.0,1
828,10,0,0,0.0,0.0,5,0.0,1
829,10,0,0,0.003610108303249,0.0007221085569864,3,0.0,1
830,10,0,0,0.0,0.0007221085569864,5,0.0,1
831,10,0,0,0.0,0.0007221085569864,5,0.0,1
832,10,0,0,0.0,0.0007221085569864,5,0.0,1
833,10,0,0,0.0,0.0007221085569864,5,0.0,1
834,10,0,0,0.0,0.0007221085569864,5,0.0,1
835,10,0,0,0.0,0.0007221085569864,5,0.0,1
836,10,0,0,0.0,0.0007221085569864,5,0.0,1
837,10,0,0,0.0,0.0007221085569864,5,0.0,1
838,10,0,0,0.0,0.0007221085569864,5,0.0,1
839,10,0,0,0.0,0.0007221085569864,5,0.0,1
840,10,0,0,0.0,0.0007221085569864,5,0.0,1
841,10,0,0,0.0,0.0007221085569864,5,0.0,1
842,10,0,0,0.0,0.0007221085569864,5,0.0,1
843,10,0,0,0.0174488567990373,0.004212299915754,3,0.0,1
844,10,0,0,0.0,0.004212299915754,5,0.0,1
845,10,0,0,0.0,0.004212299915754,5,0.0,1
846,10,0,0,0.0,0.004212299915754,5,0.0,1
847,10,0,0,0.0,0.004212299915754,5,0.0,1
848,10,0,0,0.0,0.004212299915754,5,0.0,1
849,10,0,0,0.0,0.004212299915754,5,0.0,1
850,10,0,0,0.0,0.004212299915754,5,0.0,1
851,10,0,0,0.0072202166064981,0.0014442171139728,3,0.0,1
852,10,0,0,0.0,0.0014442171139728,5,0.0,1
853,10,0,0,0.0,0.0014442171139728,5,0.0,1
854,10,0,0,0.0,0.0014442171139728,5,0.0,1
855,10,0,0,0.0,0.0014442171139728,5,0.0,1
856,10,0,0,0.0,0.0014442171139728,5,0.0,1
857,10,0,0,0.0,0.0014442171139728,5,0.0,1
858,10,0,0,0.0,0.0014442171139728,5,0.0,1
859,10,0,0,0.0,0.0014442171139728,5,0.0,1
860,10,0,0,0.0,0.0014442171139728,5,0.0,1
861,10,0,0,0.0,0.0014442171139728,5,0.0,1
862,10,0,0,0.0,0.0014442171139728,5,0.0,1
863,10,0,0,0.0,0.0014442171139728,5,0.0,1
864,10,0,0,0.0,0.0014442171139728,5,0.0,1
865,10,0,0,0.0,0.0014442171139728,5,0.0,1
866,10,0,0,0.0,0.0014442171139728,5,0.0,1
867,10,0,0,0.0,0.0014442171139728,5,0.0,1
868,10,0,0,0.0225631768953068,0.0059573955951378,4,0.0,1
869,10,0,0,0.0,0.0059573955951378,5,0.0,1
870,10,0,0,0.0162454873646209,0.0092068841015766,3,0.0,1
871,10,0,0,0.0,0.0092068841015766,5,0.0,1
872,10,0,0,0.0,0.0092068841015766,5,0.0,1
873,10,0,0,0.0,0.0092068841015766,5,0.0,1
874,10,0,0,0.0,0.0092068841015766,5,0.0,1
875,10,0,0,0.0,0.0092068841015766,5,0.0,1
876,10,0,0,0.0,0.0092068841015766,5,0.0,1
877,10,0,0,0.0,0.0092068841015766,5,0.0,1
878,10,0,0,0.0,0.0092068841015766,5,0.0,1
879,10,0,0,0.0,0.0092068841015766,5,0.0,1
880,10,0,0,0.0,0.0092068841015766,5,0.0,1
881,10,0,0,0.0,0.0092068841015766,5,0.0,1
882,10,0,0,0.0,0.0,5,0.0,1
883,10,0,0,0.0,0.0,5,0.0,1
884,10,0,0,0.0237665463297232,0.0047538813334938,4,0.0,1
885,10,0,0,0.0,0.0047538813334938,5,0.0,1
886,10,0,0,0.0030084235860409,0.0053556384643158,3,0.0,1
887,10,0,0,0.0,0.0053556384643158,5,0.0,1
888,10,0,0,0.0093261131167268,0.007221085569864,3,0.0,1
889,10,0,0,0.0,0.007221085569864,5,0.0,1
890,10,0,0,0.0,0.007221085569864,5,0.0,1
891,10,0,0,0.0156438026474127,0.0103502226501384,3,0.0,1
892,10,0,0,0.04632972322503,0.0196172824647972,4,0.0,2
893,10,0,0,0.0123345367027677,0.0220844867011674,3,0.0,1
894,10,0,0,0.0039109506618531,0.022866770971236,3,0.0,1
895,10,0,0,0.0108303249097472,0.0250330966421952,3,0.0,1
896,10,0,0,0.0,0.0250330966421952,5,0.0,1
897,10,0,0,0.0,0.0250330966421952,5,0.0,1
898,10,0,0,0.0,0.0250330966421952,5,0.0,1
899,10,0,0,0.0270758122743682,0.0304489108195932,4,0.0,1
900,10,0,0,0.0,0.0304489108195932,5,0.0,1
901,10,0,0,0.0,0.0304489108195932,5,0.0,1
902,10,0,0,0.0324909747292418,0.0369478878324708,4,0.0,1
903,10,0,0,0.0,0.0369478878324708,5,0.0,1
904,10,0,0,0.0,0.0369478878324708,5,0.0,1
905,10,0,0,0.0,0.0369478878324708,5,0.0,1
906,10,0,0,0.0,0.0369478878324708,5,0.0,1
907,10,0,0,0.03309265944645,0.0435672162715128,4,0.0,1
908,10,0,0,0.0078219013237063,0.04513178481165,3,0.0,1
909,10,0,0,0.0027075812274368,0.0456733662293898,3,0.0,1
910,10,0,0,0.0,0.0456733662293898,5,0.0,1
911,10,0,0,0.0,0.0456733662293898,5,0.0,1
912,10,0,0,0.0,0.0,5,0.0,1
913,10,0,0,0.0,0.0,5,0.0,1
914,10,0,0,0.0,0.0,5,0.0,1
915,10,0,0,0.0069193742478941,0.0013840414008906,3,0.0,1
916,10,0,0,0.0,0.0013840414008906,5,0.0,1
917,10,0,0,0.0,0.0013840414008906,5,0.0,1
918,10,0,0,0.0,0.0013840414008906,5,0.0,1
919,10,0,0,0.4190734055354994,0.0852088097243952,1,0.6666666666666666,0
920,10,0,0,0.0,0.0852088097243952,5,0.0,1
921,10,0,0,0.0,0.0852088097243952,5,0.0,1
922,10,0,0,0.0,0.0852088097243952,5,0.0,1
923,10,0,0,0.0,0.0852088097243952,5,0.0,1
924,10,0,0,0.0,0.0852088097243952,5,0.0,1
925,10,0,0,0.0087244283995186,0.086953905403779,3,0.0,1
926,10,0,0,0.0,0.086953905403779,5,0.0,1
927,10,0,0,0.0,0.086953905403779,5,0.0,1
928,10,0,0,0.0,0.086953905403779,5,0.0,1
929,10,0,0,0.0523465703971119,0.0974244794800818,4,0.0,2
930,10,0,0,0.0,0.0974244794800818,5,0.0,1
931,10,0,0,0.0,0.0974244794800818,5,0.0,1
932,10,0,0,0.0,0.0974244794800818,5,0.0,1
933,10,0,0,0.0,0.0974244794800818,5,0.0,1
934,10,0,0,0.0,0.0974244794800818,5,0.0,1
935,10,0,0,0.0,0.0974244794800818,5,0.0,1
936,10,0,0,0.0574608904933814,0.108918040678782,4,0.0,2
937,10,0,0,0.0,0.108918040678782,5,0.0,1
938,10,0,0,0.0382069795427196,0.1165603562402214,4,0.0,1
939,10,0,0,0.0,0.1165603562402214,5,0.0,1
940,10,0,0,0.0,0.1165603562402214,5,0.0,1
941,10,0,0,0.0,0.1165603562402214,5,0.0,1
942,10,0,0,0.0,0.1165603562402214,5,0.0,1
943,10,0,0,0.0006016847172081,0.0001203514261644,3,0.0,1
944,10,0,0,0.0354993983152827,0.007221085569864,4,0.0,1
945,10,0,0,0.0,0.007221085569864,5,0.0,1
946,10,0,0,0.0,0.007221085569864,5,0.0,1
947,10,0,0,0.0,0.007221085569864,5,0.0,1
948,10,0,0,0.0063176895306859,0.0084847755445902,3,0.0,1
949,10,0,0,0.0,0.0084847755445902,5,0.0,1
950,10,0,0,0.0,0.0084847755445902,5,0.0,1
951,10,0,0,0.0,0.0084847755445902,5,0.0,1
952,10,0,0,0.0114320096269554,0.0107714526417138,3,0.0,1
953,10,0,0,0.0,0.0107714526417138,5,0.0,1
954,10,0,0,0.0219614921780986,0.0151642796967144,3,0.0,1
955,10,0,0,0.0,0.0151642796967144,5,0.0,1
956,10,0,0,0.0063176895306859,0.0164279696714406,3,0.0,1
957,10,0,0,0.0324909747292418,0.0229269466843182,4,0.0,1
958,10,0,0,0.0,0.0229269466843182,5,0.0,1
959,10,0,0,0.0,0.0229269466843182,5,0.0,1
960,10,0,0,0.0,0.0229269466843182,5,0.0,1
961,10,0,0,0.0276774969915764,0.0284631122878806,4,0.0,1
962,10,0,0,0.0,0.0284631122878806,5,0.0,1
963,10,0,0,0.0,0.0284631122878806,5,0.0,1
964,10,0,0,0.0,0.0284631122878806,5,0.0,1
965,10,0,0,0.0,0.0284631122878806,5,0.0,1
966,10,0,0,0.0,0.0284631122878806,5,0.0,1
967,10,0,0,0.0,0.0284631122878806,5,0.0,1
968,10,0,0,0.0986762936221419,0.0482007461788422,4,0.0,2
969,10,0,0,0.0,0.0482007461788422,5,0.0,1
970,10,0,0,0.000300842358604,0.0482609218919244,3,0.0,1
971,10,0,0,0.0,0.0482609218919244,5,0.0,1
972,10,0,0,0.0162454873646209,0.0515104103983632,3,0.0,1
973,10,0,0,0.0147412755716004,0.054459020339391,3,0.0,1
974,10,0,0,0.0,0.0,5,0.0,1
975,10,0,0,0.0749097472924187,0.0149837525574678,4,0.0,2
976,10,0,0,0.0,0.0149837525574678,5,0.0,1
977,10,0,0,0.0,0.0149837525574678,5,0.0,1
978,10,0,0,0.0,0.0149837525574678,5,0.0,1
979,10,0,0,0.0,0.0149837525574678,5,0.0,1
980,10,0,0,0.0,0.0149837525574678,5,0.0,1
981,10,0,0,0.0,0.0149837525574678,5,0.0,1
982,10,0,0,0.0030084235860409,0.0155855096882898,3,0.0,1
983,10,0,0,0.0195547533092659,0.0194969310386328,3,0.0,1
984,10,0,0,0.0,0.0194969310386328,5,0.0,1
985,10,0,0,0.0,0.0194969310386328,5,0.0,1
986,10,0,0,0.0,0.0194969310386328,5,0.0,1
987,10,0,0,0.0,0.0194969310386328,5,0.0,1
988,10,0,0,0.0,0.0194969310386328,5,0.0,1
989,10,0,0,0.0354993983152827,0.0265976651823324,4,0.0,1
990,10,0,0,0.0601684717208182,0.0386328077987724,4,0.0,2
991,10,0,0,0.0285800240673886,0.0443495005415814,4,0.0,1
992,10,0,0,0.0162454873646209,0.0475989890480202,3,0.0,1
993,10,0,0,0.0445246690734055,0.0565049945841858,4,0.0,1
994,10,0,0,0.0,0.0565049945841858,5,0.0,1
995,10,0,0,0.0,0.0565049945841858,5,0.0,1
996,10,0,0,0.0466305655836341,0.0658322301119268,4,0.0,2
997,10,0,0,0.0,0.0658322301119268,5,0.0,1
998,10,0,0,0.0,0.0658322301119268,5,0.0,1
999,10,0,0,0.0321901323706377,0.0722710314117222,4,0.0,1
1000,10,0,0,0.03971119133574,0.0802142255385726,4,0.0,1
1001,10,0,0,0.0,0.0802142255385726,5,0.0,1
1002,10,0,0,0.0812274368231047,0.0964616680707666,4,0.0,2
1003,10,0,0,0.0,0.0964616680707666,5,0.0,1
1004,10,0,0,0.0,0.0,5,0.0,1
1005,10,0,0,0.0,0.0,5,0.0,1
1006,10,0,0,0.0,0.0,5,0.0,1
1007,10,0,0,0.0090252707581227,0.001805271392466,3,0.0,1
1008,10,0,0,0.0,0.001805271392466,5,0.0,1
1009,10,0,0,0.0,0.001805271392466,5,0.0,1
1010,10,0,0,0.0015042117930204,0.002106149957877,3,0.0,1
1011,10,0,0,0.0,0.002106149957877,5,0.0,1
1012,10,0,0,0.0,0.002106149957877,5,0.0,1
1013,10,0,0,0.003309265944645,0.0027680828017812,3,0.0,1
1014,10,0,0,0.0090252707581227,0.0045733541942472,3,0.0,1
1015,10,0,0,0.0,0.0045733541942472,5,0.0,1
1016,10,0,0,0.0,0.0045733541942472,5,0.0,1
1017,10,0,0,0.0,0.0045733541942472,5,0.0,1
1018,10,0,0,0.0111311672683513,0.0067998555782886,3,0.0,1
1019,10,0,0,0.0,0.0067998555782886,5,0.0,1
1020,10,0,0,0.0021058965102286,0.007221085569864,3,0.0,1
1021,10,0,0,0.0,0.007221085569864,5,0.0,1
1022,10,0,0,0.0,0.007221085569864,5,0.0,1
1023,10,0,0,0.0024067388688327,0.0077024912745216,3,0.0,1
1024,10,0,0,0.0,0.0077024912745216,5,0.0,1
1025,10,0,0,0.0006016847172081,0.007822842700686,3,0.0,1
1026,10,0,0,0.0030084235860409,0.008424599831508,3,0.0,1
1027,10,0,0,0.0159446450060168,0.0116139126248646,3,0.0,1
1028,10,0,0,0.0,0.0116139126248646,5,0.0,1
1029,10,0,0,0.0168471720818291,0.0149837525574678,3,0.0,1
1030,10,0,0,0.0,0.0149837525574678,5,0.0,1
1031,10,0,0,0.0,0.0149837525574678,5,0.0,1
1032,10,0,0,0.0,0.0149837525574678,5,0.0,1
1033,10,0,0,0.0,0.0149837525574678,5,0.0,1
1034,10,0,0,0.0,0.0149837525574678,5,0.0,1
1035,10,0,0,0.0,0.0,5,0.0,1
1036,10,0,0,0.0,0.0,5,0.0,1
1037,10,0,0,0.0045126353790613,0.000902635696233,3,0.0,1
1038,10,0,0,0.0018050541516245,0.0012636899747262,3,0.0,1
1039,10,0,0,0.0,0.0012636899747262,5,0.0,1
1040,10,0,0,0.0,0.0012636899747262,5,0.0,1
1041,10,0,0,0.0,0.0012636899747262,5,0.0,1
1042,10,0,0,0.0186522262334536,0.0049945841858226,3,0.0,1
1043,10,0,0,0.0075210589651022,0.0064989770128776,3,0.0,1
1044,10,0,0,0.0,0.0064989770128776,5,0.0,1
1045,10,0,0,0.0,0.0064989770128776,5,0.0,1
1046,10,0,0,0.0,0.0064989770128776,5,0.0,1
1047,10,0,0,0.0,0.0064989770128776,5,0.0,1
1048,10,0,0,0.0,0.0064989770128776,5,0.0,1
1049,10,0,0,0.0093261131167268,0.0083644241184258,3,0.0,1
1050,10,0,0,0.0,0.0083644241184258,5,0.0,1
1051,10,0,0,0.0,0.0083644241184258,5,0.0,1
1052,10,0,0,0.0,0.0083644241184258,5,0.0,1
1053,10,0,0,0.0177496991576413,0.0119147911902756,3,0.0,1
1054,10,0,0,0.0,0.0119147911902756,5,0.0,1
1055,10,0,0,0.0126353790613718,0.014442171139728,3,0.0,1
1056,10,0,0,0.0,0.014442171139728,5,0.0,1
1057,10,0,0,0.0,0.014442171139728,5,0.0,1
1058,10,0,0,0.0,0.014442171139728,5,0.0,1
1059,10,0,0,0.0,0.014442171139728,5,0.0,1
1060,10,0,0,0.0,0.014442171139728,5,0.0,1
1061,10,0,0,0.0,0.014442171139728,5,0.0,1
1062,10,0,0,0.0,0.014442171139728,5,0.0,1
1063,10,0,0,0.0,0.014442171139728,5,0.0,1
1064,10,0,0,0.0,0.014442171139728,5,0.0,1
1065,10,0,0,0.0,0.0,5,0.0,1
1066,10,0,0,0.0,0.0,5,0.0,1
1067,10,0,0,0.0,0.0,5,0.0,1
1068,10,0,0,0.0,0.0,5,0.0,1
1069,10,0,0,0.0,0.0,5,0.0,1
1070,10,0,0,0.0,0.0,5,0.0,1
1071,10,0,0,0.0,0.0,5,0.0,1
1072,10,0,0,0.0,0.0,5,0.0,1
1073,10,0,0,0.0,0.0,5,0.0,1
1074,10,0,0,0.0,0.0,5,0.0,1
1075,10,0,0,0.0,0.0,5,0.0,1
1076,10,0,0,0.0,0.0,5,0.0,1
1077,10,0,0,0.0,0.0,5,0.0,1
1078,10,0,0,0.0,0.0,5,0.0,1
1079,10,0,0,0.0,0.0,5,0.0,1
1080,10,0,0,0.0,0.0,5,0.0,1
1081,10,0,0,0.0,0.0,5,0.0,1
1082,10,0,0,0.0,0.0,5,0.0,1
1083,10,0,0,0.0,0.0,5,0.0,1
1084,10,0,0,0.0,0.0,5,0.0,1
1085,10,0,0,0.0,0.0,5,0.0,1
1086,10,0,0,0.0,0.0,5,0.0,1
1087,10,0,0,0.0,0.0,5,0.0,1
1088,10,0,0,0.0,0.0,5,0.0,1
1089,10,0,0,0.0,0.0,5,0.0,1
1090,10,0,0,0.0,0.0,5,0.0,1
1091,10,0,0,0.0,0.0,5,0.0,1
1092,10,0,0,0.0,0.0,5,0.0,1
1093,10,0,0,0.0,0.0,5,0.0,1
1094,10,0,0,0.0,0.0,5,0.0,1
1095,10,0,0,0.0,0.0,5,0.0,1
1096,10,0,3,0.0,0.0,5,0.0,1
1097,10,0,3,0.0051143200962695,0.0010229871223974,3,0.0,1
1098,10,0,3,0.0,0.0010229871223974,5,0.0,1
1099,10,0,3,0.0222623345367027,0.0054759898904802,3,0.0,1
1100,10,0,3,0.0,0.0054759898904802,5,0.0,1
1101,10,0,3,0.0,0.0054759898904802,5,0.0,1
1102,10,0,3,0.0,0.0054759898904802,5,0.0,1
1103,10,0,3,0.0,0.0054759898904802,5,0.0,1
1104,10,0,3,0.0,0.0054759898904802,5,0.0,1
1105,10,0,3,0.0,0.0054759898904802,5,0.0,1
1106,10,0,3,0.0,0.0054759898904802,5,0.0,1
1107,10,0,3,0.0,0.0054759898904802,5,0.0,1
1108,10,0,3,0.0,0.0054759898904802,5,0.0,1
1109,10,0,3,0.0,0.0054759898904802,5,0.0,1
1110,10,0,3,0.0009025270758122,0.0056565170297268,3,0.0,1
1111,10,0,3,0.0,0.0056565170297268,5,0.0,1
1112,10,0,3,0.0,0.0056565170297268,5,0.0,1
1113,10,0,3,0.0,0.0056565170297268,5,0.0,1
1114,10,0,3,0.0,0.0056565170297268,5,0.0,1
1115,10,0,3,0.0,0.0056565170297268,5,0.0,1
1116,10,0,3,0.0,0.0056565170297268,5,0.0,1
1117,10,0,3,0.0,0.0056565170297268,5,0.0,1
1118,10,0,3,0.0,0.0056565170297268,5,0.0,1
1119,10,0,3,0.0,0.0056565170297268,5,0.0,1
1120,10,0,3,0.0,0.0056565170297268,5,0.0,1
1121,10,0,3,0.0,0.0056565170297268,5,0.0,1
1122,10,0,3,0.0,0.0056565170297268,5,0.0,1
1123,10,0,3,0.0,0.0056565170297268,5,0.0,1
1124,10,0,3,0.0,0.0056565170297268,5,0.0,1
1125,10,0,3,0.0,0.0056565170297268,5,0.0,1
1126,10,0,3,0.0,0.0056565170297268,5,0.0,1
1127,10,0,3,0.0,0.0,5,0.0,1
1128,10,0,3,0.0012033694344163,0.0002407028523288,3,0.0,1
1129,10,0,3,0.0,0.0002407028523288,5,0.0,1
1130,10,0,3,0.0,0.0002407028523288,5,0.0,1
1131,10,0,3,0.0,0.0002407028523288,5,0.0,1
1132,10,0,3,0.0,0.0002407028523288,5,0.0,1
1133,10,0,3,0.0,0.0002407028523288,5,0.0,1
1134,10,0,3,0.0,0.0002407028523288,5,0.0,1
1135,10,0,3,0.0,0.0002407028523288,5,0.0,1
1136,10,0,3,0.0,0.0002407028523288,5,0.0,1
1137,10,0,3,0.0,0.0002407028523288,5,0.0,1
1138,10,0,3,0.0,0.0002407028523288,5,0.0,1
1139,10,0,3,0.0,0.0002407028523288,5,0.0,1
1140,10,0,3,0.0,0.0002407028523288,5,0.0,1
1141,10,0,3,0.0,0.0002407028523288,5,0.0,1
1142,10,0,3,0.0,0.0002407028523288,5,0.0,1
1143,10,0,3,0.0,0.0002407028523288,5,0.0,1
1144,10,0,3,0.0,0.0002407028523288,5,0.0,1
1145,10,0,3,0.0,0.0002407028523288,5,0.0,1
1146,10,0,3,0.0,0.0002407028523288,5,0.0,1
1147,10,0,3,0.0,0.0002407028523288,5,0.0,1
1148,10,0,3,0.0,0.0002407028523288,5,0.0,1
1149,10,0,3,0.0,0.0002407028523288,5,0.0,1
1150,10,0,3,0.0,0.0002407028523288,5,0.0,1
1151,10,0,3,0.0,0.0002407028523288,5,0.0,1
1152,10,0,3,0.0,0.0002407028523288,5,0.0,1
1153,10,0,3,0.0,0.0002407028523288,5,0.0,1
1154,10,0,3,0.0,0.0002407028523288,5,0.0,1
1155,10,0,3,0.0,0.0,5,0.0,1
1156,10,0,3,0.0,0.0,5,0.0,1
1157,10,0,3,0.0,0.0,5,0.0,1
1158,10,0,3,0.0,0.0,5,0.0,1
1159,10,0,3,0.0,0.0,5,0.0,1
1160,10,0,3,0.0,0.0,5,0.0,1
1161,10,0,3,0.0,0.0,5,0.0,1
1162,10,0,3,0.0,0.0,5,0.0,1
1163,10,0,3,0.0,0.0,5,0.0,1
1164,10,0,3,0.0,0.0,5,0.0,1
1165,10,0,3,0.0,0.0,5,0.0,1
1166,10,0,3,0.0,0.0,5,0.0,1
1167,10,0,3,0.0252707581227436,0.0050547598989048,4,0.0,1
1168,10,0,3,0.0,0.0050547598989048,5,0.0,1
1169,10,0,3,0.0,0.0050547598989048,5,0.0,1
1170,10,0,3,0.0,0.0050547598989048,5,0.0,1
1171,10,0,3,0.0,0.0050547598989048,5,0.0,1
1172,10,0,3,0.0,0.0050547598989048,5,0.0,1
1173,10,0,3,0.0,0.0050547598989048,5,0.0,1
1174,10,0,3,0.0,0.0050547598989048,5,0.0,1
1175,10,0,3,0.0,0.0050547598989048,5,0.0,1
1176,10,0,3,0.0,0.0050547598989048,5,0.0,1
1177,10,0,3,0.0,0.0050547598989048,5,0.0,1
1178,10,0,3,0.0,0.0050547598989048,5,0.0,1
1179,10,0,3,0.0,0.0050547598989048,5,0.0,1
1180,10,0,3,0.0,0.0050547598989048,5,0.0,1
1181,10,0,3,0.0,0.0050547598989048,5,0.0,1
1182,10,0,3,0.0,0.0050547598989048,5,0.0,1
1183,10,0,3,0.0,0.0050547598989048,5,0.0,1
1184,10,0,3,0.0,0.0050547598989048,5,0.0,1
1185,10,0,3,0.0,0.0050547598989048,5,0.0,1
1186,10,0,3,0.0009025270758122,0.0001805271392466,3,0.0,1
1187,10,0,3,0.0,0.0001805271392466,5,0.0,1
1188,10,0,3,0.0,0.0001805271392466,5,0.0,1
1189,10,0,3,0.0,0.0001805271392466,5,0.0,1
1190,10,0,3,0.0,0.0001805271392466,5,0.0,1
1191,10,0,3,0.0,0.0001805271392466,5,0.0,1
1192,10,0,3,0.0,0.0001805271392466,5,0.0,1
1193,10,0,3,0.0,0.0001805271392466,5,0.0,1
1194,10,0,3,0.003309265944645,0.0008424599831508,3,0.0,1
1195,10,0,3,0.0,0.0008424599831508,5,0.0,1
1196,10,0,3,0.0,0.0008424599831508,5,0.0,1
1197,10,0,3,0.0,0.0008424599831508,5,0.0,1
1198,10,0,3,0.0,0.0008424599831508,5,0.0,1
1199,10,0,3,0.0,0.0008424599831508,5,0.0,1
1200,10,0,3,0.0,0.0008424599831508,5,0.0,1
1201,10,0,3,0.0,0.0008424599831508,5,0.0,1
1202,10,0,3,0.0,0.0008424599831508,5,0.0,1
1203,10,0,3,0.0,0.0008424599831508,5,0.0,1
1204,10,0,3,0.0,0.0008424599831508,5,0.0,1
1205,10,0,3,0.0072202166064981,0.0022866770971236,3,0.0,1
1206,10,0,3,0.0,0.0022866770971236,5,0.0,1
1207,10,0,3,0.0,0.0022866770971236,5,0.0,1
1208,10,0,3,0.0,0.0022866770971236,5,0.0,1
1209,10,0,3,0.0,0.0022866770971236,5,0.0,1
1210,10,0,3,0.0,0.0022866770971236,5,0.0,1
1211,10,0,3,0.0,0.0022866770971236,5,0.0,1
1212,10,0,3,0.0,0.0022866770971236,5,0.0,1
1213,10,0,3,0.0457280385078219,0.011433385485618,4,0.0,2
1214,10,0,3,0.0,0.011433385485618,5,0.0,1
1215,10,0,3,0.0,0.011433385485618,5,0.0,1
1216,10,0,3,0.0021058965102286,0.0004212299915754,3,0.0,1
1217,10,0,3,0.0,0.0004212299915754,5,0.0,1
1218,10,0,3,0.0,0.0004212299915754,5,0.0,1
1219,10,0,3,0.0,0.0004212299915754,5,0.0,1
1220,10,0,3,0.0177496991576413,0.0039715970634252,3,0.0,1
1221,10,0,3,0.0021058965102286,0.0043928270550006,3,0.0,1
1222,10,0,3,0.0,0.0043928270550006,5,0.0,1
1223,10,0,3,0.0,0.0043928270550006,5,0.0,1
1224,10,0,3,0.0,0.0043928270550006,5,0.0,1
1225,10,0,3,0.0,0.0043928270550006,5,0.0,1
1226,10,0,3,0.0,0.0043928270550006,5,0.0,1
1227,10,0,3,0.0484356197352587,0.0140811168612348,4,0.0,2
1228,10,0,3,0.0,0.0140811168612348,5,0.0,1
1229,10,0,3,0.0,0.0140811168612348,5,0.0,1
1230,10,0,3,0.0012033694344163,0.0143218197135636,3,0.0,1
1231,10,0,3,0.0,0.0143218197135636,5,0.0,1
1232,10,0,3,0.0,0.0143218197135636,5,0.0,1
1233,10,0,3,0.0,0.0143218197135636,5,0.0,1
1234,10,0,3,0.0,0.0143218197135636,5,0.0,1
1235,10,0,3,0.0,0.0143218197135636,5,0.0,1
1236,10,0,3,0.0012033694344163,0.0145625225658924,3,0.0,1
1237,10,0,3,0.0,0.0145625225658924,5,0.0,1
1238,10,0,3,0.0180505415162454,0.0181730653508244,3,0.0,1
1239,10,0,3,0.0129362214199759,0.020760621013359,3,0.0,1
1240,10,0,3,0.0,0.020760621013359,5,0.0,1
1241,10,0,3,0.0,0.020760621013359,5,0.0,1
1242,10,0,3,0.0,0.020760621013359,5,0.0,1
1243,10,0,3,0.0,0.020760621013359,5,0.0,1
1244,10,0,3,0.0102286401925391,0.0228065952581538,3,0.0,1
1245,10,0,3,0.0,0.0228065952581538,5,0.0,1
1246,10,0,3,0.0048134777376654,0.023769406667469,3,0.0,1
1247,10,0,3,0.1134175691937424,0.0226862438319894,2,0.0,0
1248,10,0,3,0.0655836341756919,0.035804549283909,4,0.0,2
1249,10,0,3,0.0,0.035804549283909,5,0.0,1
1250,10,0,3,0.0063176895306859,0.0370682392586352,3,0.0,1
1251,10,0,3,0.0,0.0370682392586352,5,0.0,1
1252,10,0,3,0.0177496991576413,0.040618606330485,3,0.0,1
1253,10,0,3,0.0,0.040618606330485,5,0.0,1
1254,10,0,3,0.0105294825511432,0.042724756288362,3,0.0,1
1255,10,0,3,0.0700962695547533,0.0567456974365146,4,0.0,2
1256,10,0,3,0.0376052948255114,0.0642676615717896,4,0.0,1
1257,10,0,3,0.0,0.0642676615717896,5,0.0,1
1258,10,0,3,0.0135379061371841,0.0669755686604886,3,0.0,1
1259,10,0,3,0.0141395908543922,0.069803827175352,3,0.0,1
1260,10,0,3,0.0,0.069803827175352,5,0.0,1
1261,10,0,3,0.0361010830324909,0.077024912745216,4,0.0,1
1262,10,0,3,0.0240673886883273,0.081838969791792,4,0.0,1
1263,10,0,3,0.0,0.081838969791792,5,0.0,1
1264,10,0,3,0.1826113116726835,0.1183656276326874,2,0.0,0
1265,10,0,3,0.0821299638989169,0.134793597304128,4,0.0,2
1266,10,0,3,0.052647412755716,0.145324347093513,4,0.0,2
1267,10,0,3,0.0484356197352587,0.1550126368997472,4,0.0,2
1268,10,0,3,0.0081227436823104,0.1566373811529666,3,0.0,1
1269,10,0,3,0.0,0.1566373811529666,5,0.0,1
1270,10,0,3,0.0382069795427196,0.164279696714406,4,0.0,1
1271,10,0,3,0.0183513838748495,0.1679504152124202,3,0.0,1
1272,10,0,3,0.043020457280385,0.1765555421831748,4,0.0,1
1273,10,0,3,0.0373044524669073,0.1840173306053676,4,0.0,1
1274,10,0,3,0.1416967509025271,0.2123600914670838,2,0.0,0
1275,10,0,3,0.0354993983152827,0.2194608256107834,4,0.0,1
1276,10,0,3,0.1236462093862816,0.2441930436875677,2,0.0,0
1277,10,0,3,0.0,0.0,5,0.0,1
1278,10,0,3,0.0129362214199759,0.0025875556625346,3,0.0,1
1279,10,0,3,0.0,0.0025875556625346,5,0.0,1
1280,10,0,3,0.01323706377858,0.0052352870381514,3,0.0,1
1281,10,0,3,0.0529482551143201,0.0158262125406186,4,0.0,2
1282,10,0,3,0.0273766546329723,0.0213022024310988,4,0.0,1
1283,10,0,3,0.1756919374247894,0.0564448188711036,2,0.0,0
1284,10,0,3,0.0457280385078219,0.065591527259598,4,0.0,2
1285,10,0,3,0.0394103489771359,0.0734745456733662,4,0.0,1
1286,10,0,3,0.0069193742478941,0.0748585870742568,3,0.0,1
1287,10,0,3,0.0015042117930204,0.0751594656396678,3,0.0,1
1288,10,0,3,0.1191335740072202,0.098989048020219,2,0.0,0
1289,10,0,3,0.0574608904933814,0.1104826092189192,4,0.0,2
1290,10,0,3,0.0060168471720818,0.1116861234805632,3,0.0,1
1291,10,0,3,0.01985559566787,0.1156577205439884,3,0.0,1
1292,10,0,3,0.098977135980746,0.1354555301480322,4,0.0,2
1293,10,0,3,0.0042117930204572,0.136297990131183,3,0.0,1
1294,10,0,3,0.0126353790613718,0.1388253700806354,3,0.0,1
1295,10,0,3,0.0830324909747292,0.1554338668913226,4,0.0,2
1296,10,0,3,0.0,0.1554338668913226,5,0.0,1
1297,10,0,3,0.0598676293622141,0.1674088337946804,4,0.0,2
1298,10,0,3,0.000300842358604,0.1674690095077626,3,0.0,1
1299,10,0,3,0.0,0.1674690095077626,5,0.0,1
1300,10,0,3,0.0839350180505415,0.1842580334576964,4,0.0,2
1301,10,0,3,0.0,0.1842580334576964,5,0.0,1
1302,10,0,3,0.0,0.1842580334576964,5,0.0,1
1303,10,0,3,0.0,0.1842580334576964,5,0.0,1
1304,10,0,3,0.0234657039711191,0.188951739078108,4,0.0,1
1305,10,0,3,0.0454271961492178,0.1980382717535203,4,0.0,2
1306,10,0,3,0.0333935018050541,0.2047177759056444,4,0.0,1
1307,10,0,3,0.029783393501805,0.2106751715007823,4,0.0,1
1308,10,0,3,0.0120336943441636,0.002407028523288,3,0.0,1
1309,10,0,3,0.0084235860409145,0.0040919484895896,3,0.0,1
1310,10,0,3,0.2223225030084236,0.0485618004573354,6,0.3333333333333333,0
1311,10,0,3,0.0,0.0485618004573354,5,0.0,1
1312,10,0,3,0.0,0.0485618004573354,5,0.0,1
1313,10,0,3,0.0,0.0485618004573354,5,0.0,1
1314,10,0,3,0.0,0.0485618004573354,5,0.0,1
1315,10,0,3,0.0821299638989169,0.064989770128776,4,0.0,2
1316,10,0,3,0.0,0.064989770128776,5,0.0,1
1317,10,0,3,0.0902527075812274,0.083042484053436,4,0.0,2
1318,10,0,3,0.2524067388688327,0.1335299073294018,6,0.3333333333333333,0
1319,10,0,3,0.0210589651022864,0.1377422072451558,3,0.0,1
1320,10,0,3,0.0117328519855595,0.1400890600553616,3,0.0,1
1321,10,0,3,0.0529482551143201,0.1506799855578288,4,0.0,2
1322,10,0,3,0.0315884476534296,0.1569984354314598,4,0.0,1
1323,10,0,3,0.0204572803850782,0.1610903839210494,3,0.0,1
1324,10,0,3,0.0351985559566787,0.1681309423516668,4,0.0,1
1325,10,0,3,0.0806257521058965,0.1842580334576964,4,0.0,2
1326,10,0,3,0.0,0.1842580334576964,5,0.0,1
1327,10,0,3,0.0,0.1842580334576964,5,0.0,1
1328,10,0,3,0.0424187725631768,0.1927428090022866,4,0.0,1
1329,10,0,3,0.0,0.1927428090022866,5,0.0,1
1330,10,0,3,0.0,0.1927428090022866,5,0.0,1
1331,10,0,3,0.079121540312876,0.2085690215429053,4,0.0,2
1332,10,0,3,0.1359807460890493,0.2357684438560597,2,0.0,0
1333,10,0,3,0.0842358604091456,0.2526176435190757,4,0.0,2
1334,10,0,3,0.0454271961492178,0.2617041761944879,4,0.0,2
1335,10,0,3,0.0,0.2617041761944879,5,0.0,1
1336,10,0,3,0.0544524669073405,0.2725959802623661,4,0.0,2
1337,10,0,3,0.3450661853188929,0.3416175231676495,6,0.3333333333333333,0
1338,10,0,3,0.0057160048134777,0.3427608617162113,3,0.0,1
1339,10,0,3,0.0084235860409145,0.0016849199663016,3,0.0,1
1340,10,0,3,0.003610108303249,0.002407028523288,3,0.0,1
1341,10,0,3,0.0039109506618531,0.0031893127933566,3,0.0,1
1342,10,0,3,0.0072202166064981,0.0046335299073294,3,0.0,1
1343,10,0,3,0.0,0.0046335299073294,5,0.0,1
1344,10,0,3,0.0246690734055354,0.0095679383800698,4,0.0,1
1345,10,0,3,0.0424187725631768,0.01805271392466,4,0.0,1
1346,10,0,3,0.0,0.01805271392466,5,0.0,1
1347,10,0,3,0.0734055354993983,0.0327355879167168,4,0.0,2
1348,10,0,3,0.0180505415162454,0.0363461307016488,3,0.0,1
1349,10,0,3,0.1898315282791817,0.074317005656517,2,0.0,0
1350,10,0,3,0.111913357400722,0.0967023709230954,2,0.0,0
1351,10,0,3,0.0613718411552346,0.1089782163918642,4,0.0,2
1352,10,0,3,0.0213598074608904,0.1132506920207004,3,0.0,1
1353,10,0,3,0.0788206979542719,0.1290167288482368,4,0.0,2
1354,10,0,3,0.0,0.1290167288482368,5,0.0,1
1355,10,0,3,0.0409145607701564,0.137200625827416,4,0.0,1
1356,10,0,3,0.1732851985559567,0.1718618365627632,2,0.0,0
1357,10,0,3,0.1028880866425993,0.1924419304368756,4,0.0,2
1358,10,0,3,0.0108303249097472,0.1946082561078348,3,0.0,1
1359,10,0,3,0.0153429602888086,0.197677217475027,3,0.0,1
1360,10,0,3,0.0,0.197677217475027,5,0.0,1
1361,10,0,3,0.0348977135980746,0.2046576001925623,4,0.0,1
1362,10,0,3,0.1074007220216606,0.2261403297629076,2,0.0,0
1363,10,0,3,0.0,0.2261403297629076,5,0.0,1
1364,10,0,3,0.0,0.2261403297629076,5,0.0,1
1365,10,0,3,0.2536101083032491,0.2768684558912023,6,0.3333333333333333,0
1366,10,0,3,0.0156438026474127,0.2799975929714767,3,0.0,1
1367,10,0,3,0.1188327316486161,0.3037669996389457,2,0.0,0
1368,10,0,3,0.0,0.3037669996389457,5,0.0,1
1369,10,0,3,0.0027075812274368,0.0005415814177398,3,0.0,1
1370,10,0,3,0.0090252707581227,0.0023468528102058,3,0.0,1
1371,10,0,3,0.0201564380264741,0.0063786255867132,3,0.0,1
1372,10,0,3,0.0288808664259927,0.0121554940426044,4,0.0,1
1373,10,0,3,0.0021058965102286,0.0125767240341798,3,0.0,1
1374,10,0,3,0.0,0.0125767240341798,5,0.0,1
1375,10,0,3,0.0,0.0125767240341798,5,0.0,1
1376,10,0,3,0.0117328519855595,0.0149235768443856,3,0.0,1
1377,10,0,3,0.0039109506618531,0.0157058611144542,3,0.0,1
1378,10,0,3,0.0213598074608904,0.0199783367432904,3,0.0,1
1379,10,0,3,0.0502406738868832,0.0300276808280178,4,0.0,2
1380,10,0,3,0.0,0.0300276808280178,5,0.0,1
1381,10,0,3,0.0,0.0300276808280178,5,0.0,1
1382,10,0,3,0.0279783393501805,0.0356240221446624,4,0.0,1
1383,10,0,3,0.0,0.0356240221446624,5,0.0,1
1384,10,0,3,0.0261732851985559,0.0408593091828138,4,0.0,1
1385,10,0,3,0.0060168471720818,0.0420628234444578,3,0.0,1
1386,10,0,3,0.0105294825511432,0.0441689734023348,3,0.0,1
1387,10,0,3,0.0021058965102286,0.0445902033939102,3,0.0,1
1388,10,0,3,0.0,0.0445902033939102,5,0.0,1
1389,10,0,3,0.0006016847172081,0.0447105548200746,3,0.0,1
1390,10,0,3,0.0270758122743682,0.0501263689974726,4,0.0,1
1391,10,0,3,0.0342960288808664,0.0569864002888434,4,0.0,1
1392,10,0,3,0.0222623345367027,0.0614394030569262,3,0.0,1
1393,10,0,3,0.0159446450060168,0.0646287158502828,3,0.0,1
1394,10,0,3,0.0394103489771359,0.072511734264051,4,0.0,1
1395,10,0,3,0.0105294825511432,0.074617884221928,3,0.0,1
1396,10,0,3,0.03971119133574,0.0825610783487784,4,0.0,1
1397,10,0,3,0.0105294825511432,0.0846672283066554,3,0.0,1
1398,10,0,3,0.0060168471720818,0.0858707425682994,3,0.0,1
1399,10,0,3,0.0505415162454873,0.095980262366109,4,0.0,2
1400,10,0,3,0.0057160048134777,0.0011433385485618,3,0.0,1
1401,10,0,3,0.0,0.0011433385485618,5,0.0,1
1402,10,0,3,0.0,0.0011433385485618,5,0.0,1
1403,10,0,3,0.0,0.0011433385485618,5,0.0,1
1404,10,0,3,0.0,0.0011433385485618,5,0.0,1
1405,10,0,3,0.0030084235860409,0.0017450956793838,3,0.0,1
1406,10,0,3,0.0117328519855595,0.0040919484895896,3,0.0,1
1407,10,0,3,0.0,0.0040919484895896,5,0.0,1
1408,10,0,3,0.0,0.0040919484895896,5,0.0,1
1409,10,0,3,0.0096269554753309,0.00601757130822,3,0.0,1
1410,10,0,3,0.0,0.00601757130822,5,0.0,1
1411,10,0,3,0.0,0.00601757130822,5,0.0,1
1412,10,0,3,0.0,0.00601757130822,5,0.0,1
1413,10,0,3,0.0,0.00601757130822,5,0.0,1
1414,10,0,3,0.0,0.00601757130822,5,0.0,1
1415,10,0,3,0.0,0.00601757130822,5,0.0,1
1416,10,0,3,0.0,0.00601757130822,5,0.0,1
1417,10,0,3,0.0,0.00601757130822,5,0.0,1
1418,10,0,3,0.0,0.00601757130822,5,0.0,1
1419,10,0,3,0.0,0.00601757130822,5,0.0,1
1420,10,0,3,0.0,0.00601757130822,5,0.0,1
1421,10,0,3,0.0,0.00601757130822,5,0.0,1
1422,10,0,3,0.0,0.00601757130822,5,0.0,1
1423,10,0,3,0.0147412755716004,0.0089661812492478,3,0.0,1
1424,10,0,3,0.0,0.0089661812492478,5,0.0,1
1425,10,0,3,0.0,0.0089661812492478,5,0.0,1
1426,10,0,3,0.0336943441636582,0.0157058611144542,4,0.0,1
1427,10,0,3,0.0,0.0157058611144542,5,0.0,1
1428,10,0,3,0.0,0.0157058611144542,5,0.0,1
1429,10,0,3,0.0348977135980746,0.0226862438319894,4,0.0,1
1430,10,0,3,0.0,0.0,5,0.0,1
1431,10,0,3,0.0,0.0,5,0.0,1
1432,10,0,3,0.0,0.0,5,0.0,1
1433,10,0,3,0.003309265944645,0.0006619328439042,3,0.0,1
1434,10,0,3,0.0,0.0006619328439042,5,0.0,1
1435,10,0,3,0.0,0.0006619328439042,5,0.0,1
1436,10,0,3,0.0,0.0006619328439042,5,0.0,1
1437,10,0,3,0.0,0.0006619328439042,5,0.0,1
1438,10,0,3,0.0,0.0006619328439042,5,0.0,1
1439,10,0,3,0.0,0.0006619328439042,5,0.0,1
1440,10,0,3,0.0,0.0006619328439042,5,0.0,1
1441,10,0,3,0.0,0.0006619328439042,5,0.0,1
1442,10,0,3,0.0,0.0006619328439042,5,0.0,1
1443,10,0,3,0.0,0.0006619328439042,5,0.0,1
1444,10,0,3,0.0,0.0006619328439042,5,0.0,1
1445,10,0,3,0.0,0.0006619328439042,5,0.0,1
1446,10,0,3,0.0,0.0006619328439042,5,0.0,1
1447,10,0,3,0.0,0.0006619328439042,5,0.0,1
1448,10,0,3,0.0,0.0006619328439042,5,0.0,1
1449,10,0,3,0.0042117930204572,0.001504392827055,3,0.0,1
1450,10,0,3,0.0,0.001504392827055,5,0.0,1
1451,10,0,3,0.0,0.001504392827055,5,0.0,1
1452,10,0,3,0.0,0.001504392827055,5,0.0,1
1453,10,0,3,0.0096269554753309,0.0034300156456854,3,0.0,1
1454,10,0,3,0.0192539109506618,0.0072812612829462,3,0.0,1
1455,10,0,3,0.0,0.0072812612829462,5,0.0,1
1456,10,0,3,0.0,0.0072812612829462,5,0.0,1
1457,10,0,3,0.0,0.0072812612829462,5,0.0,1
1458,10,0,3,0.0027075812274368,0.007822842700686,3,0.0,1
1459,10,0,3,0.0,0.007822842700686,5,0.0,1
1460,10,0,3,0.0,0.007822842700686,5,0.0,1
1461,10,0,1,0.0,0.0,5,0.0,1
1462,10,0,1,0.0,0.0,5,0.0,1
1463,10,0,1,0.0,0.0,5,0.0,1
1464,10,0,1,0.0,0.0,5,0.0,1
1465,10,0,1,0.0,0.0,5,0.0,1
1466,10,0,1,0.0045126353790613,0.000902635696233,3,0.0,1
1467,10,0,1,0.0,0.000902635696233,5,0.0,1
1468,10,0,1,0.0,0.000902635696233,5,0.0,1
1469,10,0,1,0.0,0.000902635696233,5,0.0,1
1470,10,0,1,0.0,0.000902635696233,5,0.0,1
1471,10,0,1,0.0,0.000902635696233,5,0.0,1
1472,10,0,1,0.0,0.000902635696233,5,0.0,1
1473,10,0,1,0.0,0.000902635696233,5,0.0,1
1474,10,0,1,0.0,0.000902635696233,5,0.0,1
1475,10,0,1,0.0,0.000902635696233,5,0.0,1
1476,10,0,1,0.0,0.000902635696233,5,0.0,1
1477,10,0,1,0.0,0.000902635696233,5,0.0,1
1478,10,0,1,0.0,0.000902635696233,5,0.0,1
1479,10,0,1,0.0,0.000902635696233,5,0.0,1
1480,10,0,1,0.0,0.000902635696233,5,0.0,1
1481,10,0,1,0.0171480144404332,0.0043326513419184,3,0.0,1
1482,10,0,1,0.0,0.0043326513419184,5,0.0,1
1483,10,0,1,0.0,0.0043326513419184,5,0.0,1
1484,10,0,1,0.0,0.0043326513419184,5,0.0,1
1485,10,0,1,0.0222623345367027,0.0087856541100012,3,0.0,1
1486,10,0,1,0.0,0.0087856541100012,5,0.0,1
1487,10,0,1,0.0,0.0087856541100012,5,0.0,1
1488,10,0,1,0.0,0.0087856541100012,5,0.0,1
1489,10,0,1,0.0514440433212996,0.0190757010470574,4,0.0,2
1490,10,0,1,0.0,0.0190757010470574,5,0.0,1
1491,10,0,1,0.0,0.0190757010470574,5,0.0,1
1492,10,0,1,0.0,0.0,5,0.0,1
1493,10,0,1,0.0,0.0,5,0.0,1
1494,10,0,1,0.0,0.0,5,0.0,1
1495,10,0,1,0.0,0.0,5,0.0,1
1496,10,0,1,0.0,0.0,5,0.0,1
1497,10,0,1,0.0252707581227436,0.0050547598989048,4,0.0,1
1498,10,0,1,0.0,0.0050547598989048,5,0.0,1
1499,10,0,1,0.0,0.0050547598989048,5,0.0,1
1500,10,0,1,0.0,0.0050547598989048,5,0.0,1
1501,10,0,1,0.128459687123947,0.0307497893850042,2,0.0,0
1502,10,0,1,0.0,0.0307497893850042,5,0.0,1
1503,10,0,1,0.0,0.0307497893850042,5,0.0,1
1504,10,0,1,0.0,0.0307497893850042,5,0.0,1
1505,10,0,1,0.0451263537906137,0.0397761463473342,4,0.0,1
1506,10,0,1,0.0,0.0397761463473342,5,0.0,1
1507,10,0,1,0.0,0.0397761463473342,5,0.0,1
1508,10,0,1,0.0,0.0397761463473342,5,0.0,1
1509,10,0,1,0.0,0.0397761463473342,5,0.0,1
1510,10,0,1,0.0,0.0397761463473342,5,0.0,1
1511,10,0,1,0.0,0.0397761463473342,5,0.0,1
1512,10,0,1,0.0,0.0397761463473342,5,0.0,1
1513,10,0,1,0.0,0.0397761463473342,5,0.0,1
1514,10,0,1,0.0,0.0397761463473342,5,0.0,1
1515,10,0,1,0.0,0.0397761463473342,5,0.0,1
1516,10,0,1,0.0,0.0397761463473342,5,0.0,1
1517,10,0,1,0.0,0.0397761463473342,5,0.0,1
1518,10,0,1,0.0,0.0397761463473342,5,0.0,1
1519,10,0,1,0.0,0.0397761463473342,5,0.0,1
1520,10,0,1,0.0,0.0397761463473342,5,0.0,1
1521,10,0,1,0.0,0.0,5,0.0,1
1522,10,0,1,0.0,0.0,5,0.0,1
1523,10,0,1,0.0,0.0,5,0.0,1
1524,10,0,1,0.0,0.0,5,0.0,1
1525,10,0,1,0.0,0.0,5,0.0,1
1526,10,0,1,0.0129362214199759,0.0025875556625346,3,0.0,1
1527,10,0,1,0.0012033694344163,0.0028282585148634,3,0.0,1
1528,10,0,1,0.0,0.0028282585148634,5,0.0,1
1529,10,0,1,0.0216606498194945,0.0071609098567818,3,0.0,1
1530,10,0,1,0.0,0.0071609098567818,5,0.0,1
1531,10,0,1,0.0,0.0071609098567818,5,0.0,1
1532,10,0,1,0.0,0.0071609098567818,5,0.0,1
1533,10,0,1,0.0,0.0071609098567818,5,0.0,1
1534,10,0,1,0.0,0.0071609098567818,5,0.0,1
1535,10,0,1,0.0243682310469314,0.01203514261644,4,0.0,1
1536,10,0,1,0.0,0.01203514261644,5,0.0,1
1537,10,0,1,0.0556558363417569,0.023167649536647,4,0.0,2
1538,10,0,1,0.0192539109506618,0.0270188951739078,3,0.0,1
1539,10,0,1,0.0,0.0270188951739078,5,0.0,1
1540,10,0,1,0.0,0.0270188951739078,5,0.0,1
1541,10,0,1,0.0,0.0270188951739078,5,0.0,1
1542,10,0,1,0.0,0.0270188951739078,5,0.0,1
1543,10,0,1,0.0,0.0270188951739078,5,0.0,1
1544,10,0,1,0.0,0.0270188951739078,5,0.0,1
1545,10,0,1,0.0,0.0270188951739078,5,0.0,1
1546,10,0,1,0.0,0.0270188951739078,5,0.0,1
1547,10,0,1,0.0391095066185318,0.0348417378745938,4,0.0,1
1548,10,0,1,0.0,0.0348417378745938,5,0.0,1
1549,10,0,1,0.0,0.0348417378745938,5,0.0,1
1550,10,0,1,0.0,0.0348417378745938,5,0.0,1
1551,10,0,1,0.0,0.0348417378745938,5,0.0,1
1552,10,0,1,0.0,0.0,5,0.0,1
1553,10,0,1,0.0,0.0,5,0.0,1
1554,10,0,1,0.0,0.0,5,0.0,1
1555,10,0,1,0.0,0.0,5,0.0,1
1556,10,0,1,0.0,0.0,5,0.0,1
1557,10,0,1,0.0,0.0,5,0.0,1
1558,10,0,1,0.0,0.0,5,0.0,1
1559,10,0,1,0.0,0.0,5,0.0,1
1560,10,0,1,0.0,0.0,5,0.0,1
1561,10,0,1,0.0,0.0,5,0.0,1
1562,10,0,1,0.0,0.0,5,0.0,1
1563,10,0,1,0.0,0.0,5,0.0,1
1564,10,0,1,0.0908543922984356,0.0181730653508244,4,0.0,2
1565,10,0,1,0.0,0.0181730653508244,5,0.0,1
1566,10,0,1,0.0,0.0181730653508244,5,0.0,1
1567,10,0,1,0.0078219013237063,0.0197376338909616,3,0.0,1
1568,10,0,1,0.0,0.0197376338909616,5,0.0,1
1569,10,0,1,0.0,0.0197376338909616,5,0.0,1
1570,10,0,1,0.0,0.0197376338909616,5,0.0,1
1571,10,0,1,0.0,0.0197376338909616,5,0.0,1
1572,10,0,1,0.0,0.0197376338909616,5,0.0,1
1573,10,0,1,0.0,0.0197376338909616,5,0.0,1
1574,10,0,1,0.0,0.0197376338909616,5,0.0,1
1575,10,0,1,0.0,0.0197376338909616,5,0.0,1
1576,10,0,1,0.0,0.0197376338909616,5,0.0,1
1577,10,0,1,0.0,0.0197376338909616,5,0.0,1
1578,10,0,1,0.0646811070998796,0.0326754122036346,4,0.0,2
1579,10,0,1,0.0,0.0326754122036346,5,0.0,1
1580,10,0,1,0.0,0.0326754122036346,5,0.0,1
1581,10,0,1,0.0,0.0326754122036346,5,0.0,1
1582,10,0,1,0.0261732851985559,0.0052352870381514,4,0.0,1
1583,10,0,1,0.0,0.0052352870381514,5,0.0,1
1584,10,0,1,0.0,0.0052352870381514,5,0.0,1
1585,10,0,1,0.0,0.0052352870381514,5,0.0,1
1586,10,0,1,0.0,0.0052352870381514,5,0.0,1
1587,10,0,1,0.0126353790613718,0.0077626669876038,3,0.0,1
1588,10,0,1,0.0529482551143201,0.018353592490071,4,0.0,2
1589,10,0,1,0.0,0.018353592490071,5,0.0,1
1590,10,0,1,0.1814079422382671,0.0546395474786376,2,0.0,0
1591,10,0,1,0.0051143200962695,0.055662534601035,3,0.0,1
1592,10,0,1,0.0,0.055662534601035,5,0.0,1
1593,10,0,1,0.0018050541516245,0.0560235888795282,3,0.0,1
1594,10,0,1,0.0,0.0560235888795282,5,0.0,1
1595,10,0,1,0.0,0.0560235888795282,5,0.0,1
1596,10,0,1,0.0093261131167268,0.0578890359850764,3,0.0,1
1597,10,0,1,0.0,0.0578890359850764,5,0.0,1
1598,10,0,1,0.089049338146811,0.0757010470574076,4,0.0,2
1599,10,0,1,0.0553549939831528,0.0867733782645324,4,0.0,2
1600,10,0,1,0.0475330926594464,0.09628114093152,4,0.0,2
1601,10,0,1,0.0087244283995186,0.0980262366109038,3,0.0,1
1602,10,0,1,0.0,0.0980262366109038,5,0.0,1
1603,10,0,1,0.0126353790613718,0.1005536165603562,3,0.0,1
1604,10,0,1,0.0869434416365824,0.117944397641112,4,0.0,2
1605,10,0,1,0.0345968712394705,0.124864604645565,4,0.0,1
1606,10,0,1,0.0123345367027677,0.1273318088819352,3,0.0,1
1607,10,0,1,0.0285800240673886,0.1330485016247442,4,0.0,1
1608,10,0,1,0.0327918170878459,0.139607654350704,4,0.0,1
1609,10,0,1,0.0,0.139607654350704,5,0.0,1
1610,10,0,1,0.0081227436823104,0.1412323986039234,3,0.0,1
1611,10,0,1,0.003610108303249,0.1419545071609098,3,0.0,1
1612,10,0,1,0.0,0.1419545071609098,5,0.0,1
1613,10,0,1,0.0424187725631768,0.0084847755445902,4,0.0,1
1614,10,0,1,0.0219614921780986,0.0128776025995908,3,0.0,1
1615,10,0,1,0.0171480144404332,0.0163076182452762,3,0.0,1
1616,10,0,1,0.1808062575210589,0.0524732218076784,2,0.0,0
1617,10,0,1,0.1468110709987966,0.081838969791792,2,0.0,0
1618,10,0,1,0.02647412755716,0.0871344325430256,4,0.0,1
1619,10,0,1,0.0300842358604091,0.0931520038512456,4,0.0,1
1620,10,0,1,0.3261131167268352,0.1583824768323504,6,0.3333333333333333,0
1621,10,0,1,0.2460890493381468,0.20760621013359,6,0.3333333333333333,0
1622,10,0,1,0.2590252707581227,0.2594174990973643,6,0.3333333333333333,0
1623,10,0,1,0.3038507821901324,0.3201949693103863,6,0.3333333333333333,0
1624,10,0,1,0.0472322503008423,0.3296425562642917,4,0.0,2
1625,10,0,1,0.0421179302045728,0.3380671560957997,4,0.0,1
1626,10,0,1,0.1925391095066185,0.3765796124684077,2,0.0,0
1627,10,0,1,0.0830324909747292,0.3931881092790949,4,0.0,2
1628,10,0,1,0.2460890493381468,0.4424118425803346,6,0.3333333333333333,0
1629,10,0,1,0.0556558363417569,0.4535443495005416,4,0.0,2
1630,10,0,1,0.0117328519855595,0.4558912023107473,3,0.0,1
1631,10,0,1,0.2758724428399519,0.5110723312071248,6,0.3333333333333333,0
1632,10,0,1,0.03309265944645,0.5176916596461668,4,0.0,1
1633,10,0,1,0.0703971119133574,0.5317727765074016,4,0.0,2
1634,10,0,1,0.0478339350180505,0.5413407148874714,4,0.0,2
1635,10,0,1,0.0195547533092659,0.5452521362378144,3,0.0,1
1636,10,0,1,0.0577617328519855,0.5568058731495967,4,0.0,2
1637,10,0,1,0.0147412755716004,0.5597544830906246,3,0.0,1
1638,10,0,1,0.3577015643802648,0.6313034059453604,1,0.6666666666666666,0
1639,10,0,1,0.1344765342960289,0.6582019496931039,2,0.0,0
1640,10,0,1,0.0424187725631768,0.6666867252376941,4,0.0,1
1641,10,0,1,0.009927797833935,0.6686725237694067,3,0.0,1
1642,10,0,1,0.0300842358604091,0.6746900950776267,4,0.0,1
1643,10,0,1,0.0060168471720818,0.001203514261644,3,0.0,1
1644,10,0,1,0.2818892900120337,0.0575881574196654,6,0.3333333333333333,0
1645,10,0,1,0.0914560770156438,0.0758815741966542,4,0.0,2
1646,10,0,1,0.1104091456077015,0.0979660608978216,2,0.0,0
1647,10,0,1,0.266546329723225,0.1512817426886508,6,0.3333333333333333,0
1648,10,0,1,0.0782190132370637,0.1669274280900228,4,0.0,2
1649,10,0,1,0.1561371841155234,0.1981586231796847,2,0.0,0
1650,10,0,1,0.0682912154031287,0.211818510049344,4,0.0,2
1651,10,0,1,0.0162454873646209,0.2150679985557828,3,0.0,1
1652,10,0,1,0.03309265944645,0.2216873269948248,4,0.0,1
1653,10,0,1,0.5664861612515043,0.3349981947286075,1,0.6666666666666666,0
1654,10,0,1,0.0063176895306859,0.3362618847033337,3,0.0,1
1655,10,0,1,0.2605294825511431,0.3883740522325189,6,0.3333333333333333,0
1656,10,0,1,0.075812274368231,0.4035383319292334,4,0.0,2
1657,10,0,1,0.167870036101083,0.4371163798291009,2,0.0,0
1658,10,0,1,0.1212394705174488,0.4613671922012275,2,0.0,0
1659,10,0,1,0.092358604091456,0.479841136117463,4,0.0,2
1660,10,0,1,0.1621540312876053,0.5122758454687688,2,0.0,0
1661,10,0,1,0.0586642599277978,0.5240101095197978,4,0.0,2
1662,10,0,1,0.0177496991576413,0.5275604765916476,3,0.0,1
1663,10,0,1,0.0764139590854392,0.5428451077145264,4,0.0,2
1664,10,0,1,0.187725631768953,0.5803947526778193,2,0.0,0
1665,10,0,1,0.2295427196149218,0.6263088217595378,6,0.3333333333333333,0
1666,10,0,1,0.0168471720818291,0.629678661692141,3,0.0,1
1667,10,0,1,0.1802045728038507,0.6657239138283788,2,0.0,0
1668,10,0,1,0.0649819494584837,0.6787218678541341,4,0.0,2
1669,10,0,1,0.7785800240673888,0.8344566133108677,0,1.0,0
1670,10,0,1,0.1759927797833935,0.8696594054639547,2,0.0,0
1671,10,0,1,0.0147412755716004,0.8726080154049825,3,0.0,1
1672,10,0,1,0.0971720818291215,0.8920447707305332,4,0.0,2
1673,10,0,1,0.2608303249097473,0.9442171139728004,6,0.3333333333333333,0
1674,10,0,1,0.0875451263537906,0.0175111325069202,4,0.0,2
1675,10,0,1,0.0,0.0175111325069202,5,0.0,1
1676,10,0,1,0.0610709987966305,0.0297268022626068,4,0.0,2
1677,10,0,1,0.0887484957882069,0.0474786376218558,4,0.0,2
1678,10,0,1,0.0177496991576413,0.0510290046937056,3,0.0,1
1679,10,0,1,0.0,0.0510290046937056,5,0.0,1
1680,10,0,1,0.2009626955475331,0.0912263810326152,6,0.3333333333333333,0
1681,10,0,1,0.0189530685920577,0.0950174509567938,3,0.0,1
1682,10,0,1,0.2283393501805054,0.1406908171861836,6,0.3333333333333333,0
1683,10,0,1,0.2217208182912154,0.185040317727765,6,0.3333333333333333,0
1684,10,0,1,0.4323104693140794,0.2715128174268865,1,0.6666666666666666,0
1685,10,0,1,0.1407942238267148,0.2996750511493561,2,0.0,0
1686,10,0,1,0.1413959085439229,0.3279576362979901,2,0.0,0
1687,10,0,1,0.4166666666666667,0.4113009989168371,1,0.6666666666666666,0
1688,10,0,1,0.0541516245487364,0.4221326272716331,4,0.0,2
1689,10,0,1,0.0932611311672683,0.4407870983271151,4,0.0,2
1690,10,0,1,0.0,0.4407870983271151,5,0.0,1
1691,10,0,1,0.1928399518652226,0.4793597304128054,2,0.0,0
1692,10,0,1,0.1489169675090252,0.5091467083884944,2,0.0,0
1693,10,0,1,0.0809265944645006,0.5253339752076062,4,0.0,2
1694,10,0,1,0.0616726835138387,0.5376699963894572,4,0.0,2
1695,10,0,1,0.0770156438026474,0.5530749789385004,4,0.0,2
1696,10,0,1,0.2593261131167269,0.6049464436153568,6,0.3333333333333333,0
1697,10,0,1,0.0403128760529482,0.6130099891683717,4,0.0,1
1698,10,0,1,0.0105294825511432,0.6151161391262486,3,0.0,1
1699,10,0,1,0.1967509025270758,0.6544710554820073,6,0.3333333333333333,0
1700,10,0,1,0.0063176895306859,0.6557347454567337,3,0.0,1
1701,10,0,1,0.0839350180505415,0.6725237694066674,4,0.0,2
1702,10,0,1,0.190734055354994,0.7106751715007823,2,0.0,0
1703,10,0,1,0.0685920577617328,0.7243952340835238,4,0.0,2
1704,10,0,1,0.5776173285198556,0.8399326032013479,1,0.6666666666666666,0
1705,10,0,1,0.1603489771359807,0.0320736550728126,2,0.0,0
1706,10,0,1,0.2259326113116726,0.0772656155975448,6,0.3333333333333333,0
1707,10,0,1,0.1949458483754512,0.1162594776748104,6,0.3333333333333333,0
1708,10,0,1,0.1413959085439229,0.1445420628234444,2,0.0,0
1709,10,0,1,0.0237665463297232,0.1492959441569382,4,0.0,1
1710,10,0,1,0.0120336943441636,0.1517029726802262,3,0.0,1
1711,10,0,1,0.0234657039711191,0.1563966783006378,4,0.0,1
1712,10,0,1,0.2490974729241877,0.2062221687326994,6,0.3333333333333333,0
1713,10,0,1,0.0042117930204572,0.2070646287158503,3,0.0,1
1714,10,0,1,0.0785198555956678,0.2227704898303044,4,0.0,2
1715,10,0,1,0.095667870036101,0.2419063665904441,4,0.0,2
1716,10,0,1,0.0571600481347773,0.2533397520760621,4,0.0,2
1717,10,0,1,0.4660048134777377,0.3465519316403899,1,0.6666666666666666,0
1718,10,0,1,0.4395306859205776,0.4344686484534841,1,0.6666666666666666,0
1719,10,0,1,0.0655836341756919,0.4475869539054037,4,0.0,2
1720,10,0,1,0.0911552346570397,0.4658201949693104,4,0.0,2
1721,10,0,1,0.0508423586040914,0.4759898904802022,4,0.0,2
1722,10,0,1,0.0,0.4759898904802022,5,0.0,1
1723,10,0,1,0.1594464500601684,0.5078830184137682,2,0.0,0
1724,10,0,1,0.0276774969915764,0.5134191840173307,4,0.0,1
1725,10,0,1,0.2244283995186522,0.5583102659766518,6,0.3333333333333333,0
1726,10,0,1,0.2277376654632972,0.6038632807798773,6,0.3333333333333333,0
1727,10,0,1,0.0884476534296028,0.6215549404260441,4,0.0,2
1728,10,0,1,0.0875451263537906,0.6390660729329642,4,0.0,2
1729,10,0,1,0.0324909747292418,0.6455650499458419,4,0.0,1
1730,10,0,1,0.144705174488568,0.6745095679383801,2,0.0,0
1731,10,0,1,0.0348977135980746,0.6814899506559152,4,0.0,1
1732,10,0,1,0.111913357400722,0.7038753159224936,2,0.0,0
1733,10,0,1,0.0186522262334536,0.7076062101335902,3,0.0,1
1734,10,0,1,0.1413959085439229,0.7358887952822242,2,0.0,0
1735,10,0,1,0.0947653429602888,0.018955349620893,4,0.0,2
1736,10,0,1,0.0911552346570397,0.0371885906847996,4,0.0,2
1737,10,0,1,0.121841155234657,0.0615597544830906,2,0.0,0
1738,10,0,1,0.0213598074608904,0.0658322301119268,3,0.0,1
1739,10,0,1,0.0102286401925391,0.0678782043567216,3,0.0,1
1740,10,0,1,0.0288808664259927,0.0736550728126128,4,0.0,1
1741,10,0,1,0.0731046931407942,0.0882777710915874,4,0.0,2
1742,10,0,1,0.0057160048134777,0.0894211096401492,3,0.0,1
1743,10,0,1,0.0803249097472924,0.1054880250330966,4,0.0,2
1744,10,0,1,0.0180505415162454,0.1090985678180286,3,0.0,1
1745,10,0,1,0.0719013237063778,0.1234805632446744,4,0.0,2
1746,10,0,1,0.0111311672683513,0.1257070646287158,3,0.0,1
1747,10,0,1,0.0228640192539109,0.130280418822963,4,0.0,1
1748,10,0,1,0.0117328519855595,0.1326272716331688,3,0.0,1
1749,10,0,1,0.0875451263537906,0.150138404140089,4,0.0,2
1750,10,0,1,0.0156438026474127,0.1532675412203634,3,0.0,1
1751,10,0,1,0.0150421179302045,0.1562763268744734,3,0.0,1
1752,10,0,1,0.0740072202166065,0.1710795522926946,4,0.0,2
1753,10,0,1,0.000300842358604,0.1711397280057768,3,0.0,1
1754,10,0,1,0.0646811070998796,0.1840775063184498,4,0.0,2
1755,10,0,1,0.0433212996389891,0.1927428090022866,4,0.0,1
1756,10,0,1,0.0676895306859205,0.2062823444457817,4,0.0,2
1757,10,0,1,0.0,0.2062823444457817,5,0.0,1
1758,10,0,1,0.1122141997593261,0.2287278854254423,2,0.0,0
1759,10,0,1,0.1702767749699157,0.2627873390299675,2,0.0,0
1760,10,0,1,0.0045126353790613,0.2636899747262005,3,0.0,1
1761,10,0,1,0.0288808664259927,0.2694668431820917,4,0.0,1
1762,10,0,1,0.0009025270758122,0.2696473703213383,3,0.0,1
1763,10,0,1,0.0072202166064981,0.2710915874353111,3,0.0,1
1764,10,0,1,0.000300842358604,0.2711517631483933,3,0.0,1
1765,10,0,1,0.0168471720818291,0.2745216030809965,3,0.0,1
1766,10,0,1,0.0,0.0,5,0.0,1
1767,10,0,1,0.0532490974729241,0.0106511012155494,4,0.0,2
1768,10,0,1,0.0,0.0106511012155494,5,0.0,1
1769,10,0,1,0.947352587244284,0.2001444217113973,0,1.0,0
1770,10,0,1,0.0294825511432009,0.2060416415934528,4,0.0,1
1771,10,0,1,0.0728038507821901,0.2206041641593453,4,0.0,2
1772,10,0,1,0.0,0.2206041641593453,5,0.0,1
1773,10,0,1,0.0,0.2206041641593453,5,0.0,1
1774,10,0,1,0.0749097472924187,0.2355879167168131,4,0.0,2
1775,10,0,1,0.0,0.2355879167168131,5,0.0,1
1776,10,0,1,0.0815282791817088,0.2518955349620893,4,0.0,2
1777,10,0,1,0.0601684717208182,0.2639306775785293,4,0.0,2
1778,10,0,1,0.0,0.2639306775785293,5,0.0,1
1779,10,0,1,0.0,0.2639306775785293,5,0.0,1
1780,10,0,1,0.0,0.2639306775785293,5,0.0,1
1781,10,0,1,0.0514440433212996,0.2742207245155855,4,0.0,2
1782,10,0,1,0.0,0.2742207245155855,5,0.0,1
1783,10,0,1,0.0,0.2742207245155855,5,0.0,1
1784,10,0,1,0.0,0.2742207245155855,5,0.0,1
1785,10,0,1,0.0,0.2742207245155855,5,0.0,1
1786,10,0,1,0.016546329723225,0.2775303887351065,3,0.0,1
1787,10,0,1,0.0,0.2775303887351065,5,0.0,1
1788,10,0,1,0.0,0.2775303887351065,5,0.0,1
1789,10,0,1,0.0285800240673886,0.2832470814779155,4,0.0,1
1790,10,0,1,0.0,0.2832470814779155,5,0.0,1
1791,10,0,1,0.0,0.2832470814779155,5,0.0,1
1792,10,0,1,0.0027075812274368,0.2837886628956553,3,0.0,1
1793,10,0,1,0.0168471720818291,0.2871585028282585,3,0.0,1
1794,10,0,1,0.0,0.2871585028282585,5,0.0,1
1795,10,0,1,0.023164861612515,0.2917920327355879,4,0.0,1
1796,10,0,1,0.0,0.0,5,0.0,1
1797,10,0,1,0.0,0.0,5,0.0,1
1798,10,0,1,0.0,0.0,5,0.0,1
1799,10,0,1,0.0,0.0,5,0.0,1
1800,10,0,1,0.0,0.0,5,0.0,1
1801,10,0,1,0.0,0.0,5,0.0,1
1802,10,0,1,0.0,0.0,5,0.0,1
1803,10,0,1,0.0,0.0,5,0.0,1
1804,10,0,1,0.0,0.0,5,0.0,1
1805,10,0,1,0.0,0.0,5,0.0,1
1806,10,0,1,0.0,0.0,5,0.0,1
1807,10,0,1,0.0,0.0,5,0.0,1
1808,10,0,1,0.0,0.0,5,0.0,1
1809,10,0,1,0.0,0.0,5,0.0,1
1810,10,0,1,0.0,0.0,5,0.0,1
1811,10,0,1,0.0,0.0,5,0.0,1
1812,10,0,1,0.0688929001203369,0.0137802382958238,4,0.0,2
1813,10,0,1,0.0,0.0137802382958238,5,0.0,1
1814,10,0,1,0.0,0.0137802382958238,5,0.0,1
1815,10,0,1,0.0,0.0137802382958238,5,0.0,1
1816,10,0,1,0.0,0.0137802382958238,5,0.0,1
1817,10,0,1,0.0,0.0137802382958238,5,0.0,1
1818,10,0,1,0.0415162454873646,0.0220844867011674,4,0.0,1
1819,10,0,1,0.0075210589651022,0.0235888795282224,3,0.0,1
1820,10,0,1,0.0,0.0235888795282224,5,0.0,1
1821,10,0,1,0.0,0.0235888795282224,5,0.0,1
1822,10,0,1,0.0,0.0235888795282224,5,0.0,1
1823,10,0,1,0.0,0.0235888795282224,5,0.0,1
1824,10,0,1,0.0024067388688327,0.02407028523288,3,0.0,1
1825,10,0,1,0.0,0.02407028523288,5,0.0,1
1826,10,0,1,0.0,0.02407028523288,5,0.0,1
0,0,0,3,0.0,0.0,5,0.0,1
1,0,0,3,0.0,0.0,5,0.0,1
2,0,0,3,0.0,0.0,5,0.0,1
3,0,0,3,0.0,0.0,5,0.0,1
4,0,0,3,0.0,0.0,5,0.0,1
5,0,0,3,0.0,0.0,5,0.0,1
6,0,0,3,0.0,0.0,5,0.0,1
7,0,0,3,0.0,0.0,5,0.0,1
8,0,0,3,0.0,0.0,5,0.0,1
9,0,0,3,0.0,0.0,5,0.0,1
10,0,0,3,0.0,0.0,5,0.0,1
11,0,0,3,0.0,0.0,5,0.0,1
12,0,0,3,0.0,0.0,5,0.0,1
13,0,0,3,0.0,0.0,5,0.0,1
14,0,0,3,0.0,0.0,5,0.0,1
15,0,0,3,0.0,0.0,5,0.0,1
16,0,0,3,0.0,0.0,5,0.0,1
17,0,0,3,0.0,0.0,5,0.0,1
18,0,0,3,0.0,0.0,5,0.0,1
19,0,0,3,0.0,0.0,5,0.0,1
20,0,0,3,0.0,0.0,5,0.0,1
21,0,0,3,0.0,0.0,5,0.0,1
22,0,0,3,0.0,0.0,5,0.0,1
23,0,0,3,0.0,0.0,5,0.0,1
24,0,0,3,0.0,0.0,5,0.0,1
25,0,0,3,0.0,0.0,5,0.0,1
26,0,0,3,0.0,0.0,5,0.0,1
27,0,0,3,0.0,0.0,5,0.0,1
28,0,0,3,0.0,0.0,5,0.0,1
29,0,0,3,0.0063176895306859,0.0012636899747262,3,0.0,1
30,0,0,3,0.0,0.0012636899747262,5,0.0,1
31,0,0,3,0.0,0.0,5,0.0,1
32,0,0,3,0.0,0.0,5,0.0,1
33,0,0,3,0.0,0.0,5,0.0,1
34,0,0,3,0.0,0.0,5,0.0,1
35,0,0,3,0.0,0.0,5,0.0,1
36,0,0,3,0.0,0.0,5,0.0,1
37,0,0,3,0.0,0.0,5,0.0,1
38,0,0,3,0.0,0.0,5,0.0,1
39,0,0,3,0.0,0.0,5,0.0,1
40,0,0,3,0.0,0.0,5,0.0,1
41,0,0,3,0.0,0.0,5,0.0,1
42,0,0,3,0.0,0.0,5,0.0,1
43,0,0,3,0.0,0.0,5,0.0,1
44,0,0,3,0.0,0.0,5,0.0,1
45,0,0,3,0.0117328519855595,0.0023468528102058,3,0.0,1
46,0,0,3,0.0,0.0023468528102058,5,0.0,1
47,0,0,3,0.0,0.0023468528102058,5,0.0,1
48,0,0,3,0.0,0.0023468528102058,5,0.0,1
49,0,0,3,0.0,0.0023468528102058,5,0.0,1
50,0,0,3,0.0,0.0023468528102058,5,0.0,1
51,0,0,3,0.0,0.0023468528102058,5,0.0,1
52,0,0,3,0.0,0.0023468528102058,5,0.0,1
53,0,0,3,0.0,0.0023468528102058,5,0.0,1
54,0,0,3,0.0,0.0023468528102058,5,0.0,1
55,0,0,3,0.0114320096269554,0.0046335299073294,3,0.0,1
56,0,0,3,0.0,0.0046335299073294,5,0.0,1
57,0,0,3,0.0,0.0046335299073294,5,0.0,1
58,0,0,3,0.0,0.0046335299073294,5,0.0,1
59,0,0,3,0.0,0.0046335299073294,5,0.0,1
60,0,0,3,0.0,0.0,5,0.0,1
61,0,0,3,0.0,0.0,5,0.0,1
62,0,0,3,0.0,0.0,5,0.0,1
63,0,0,3,0.0228640192539109,0.0045733541942472,4,0.0,1
64,0,0,3,0.0162454873646209,0.007822842700686,3,0.0,1
65,0,0,3,0.0,0.007822842700686,5,0.0,1
66,0,0,3,0.0,0.007822842700686,5,0.0,1
67,0,0,3,0.0,0.007822842700686,5,0.0,1
68,0,0,3,0.0,0.007822842700686,5,0.0,1
69,0,0,3,0.0,0.007822842700686,5,0.0,1
70,0,0,3,0.0,0.007822842700686,5,0.0,1
71,0,0,3,0.0,0.007822842700686,5,0.0,1
72,0,0,3,0.0,0.007822842700686,5,0.0,1
73,0,0,3,0.0,0.007822842700686,5,0.0,1
74,0,0,3,0.0,0.007822842700686,5,0.0,1
75,0,0,3,0.0,0.007822842700686,5,0.0,1
76,0,0,3,0.0,0.007822842700686,5,0.0,1
77,0,0,3,0.0,0.007822842700686,5,0.0,1
78,0,0,3,0.0,0.007822842700686,5,0.0,1
79,0,0,3,0.0,0.007822842700686,5,0.0,1
80,0,0,3,0.0,0.007822842700686,5,0.0,1
81,0,0,3,0.0,0.007822842700686,5,0.0,1
82,0,0,3,0.0075210589651022,0.009327235527741,3,0.0,1
83,0,0,3,0.0,0.009327235527741,5,0.0,1
84,0,0,3,0.0,0.009327235527741,5,0.0,1
85,0,0,3,0.0,0.009327235527741,5,0.0,1
86,0,0,3,0.0,0.009327235527741,5,0.0,1
87,0,0,3,0.0,0.009327235527741,5,0.0,1
88,0,0,3,0.0,0.009327235527741,5,0.0,1
89,0,0,3,0.0,0.009327235527741,5,0.0,1
90,0,0,3,0.0,0.009327235527741,5,0.0,1
91,0,0,3,0.0,0.0,5,0.0,1
92,0,0,3,0.0,0.0,5,0.0,1
93,0,0,3,0.0,0.0,5,0.0,1
94,0,0,3,0.0,0.0,5,0.0,1
95,0,0,3,0.0,0.0,5,0.0,1
96,0,0,3,0.0,0.0,5,0.0,1
97,0,0,3,0.0,0.0,5,0.0,1
98,0,0,3,0.0,0.0,5,0.0,1
99,0,0,3,0.0,0.0,5,0.0,1
100,0,0,3,0.0,0.0,5,0.0,1
101,0,0,3,0.0045126353790613,0.000902635696233,3,0.0,1
102,0,0,3,0.0222623345367027,0.0053556384643158,3,0.0,1
103,0,0,3,0.0,0.0053556384643158,5,0.0,1
104,0,0,3,0.0,0.0053556384643158,5,0.0,1
105,0,0,3,0.0586642599277978,0.0170899025153448,4,0.0,2
106,0,0,3,0.0,0.0170899025153448,5,0.0,1
107,0,0,3,0.0,0.0170899025153448,5,0.0,1
108,0,0,3,0.0,0.0170899025153448,5,0.0,1
109,0,0,3,0.0,0.0170899025153448,5,0.0,1
110,0,0,3,0.0640794223826714,0.0299073294018534,4,0.0,2
111,0,0,3,0.0,0.0299073294018534,5,0.0,1
112,0,0,3,0.0,0.0299073294018534,5,0.0,1
113,0,0,3,0.0,0.0299073294018534,5,0.0,1
114,0,0,3,0.0120336943441636,0.0323143579251414,3,0.0,1
115,0,0,3,0.0,0.0323143579251414,5,0.0,1
116,0,0,3,0.0,0.0323143579251414,5,0.0,1
117,0,0,3,0.0018050541516245,0.0326754122036346,3,0.0,1
118,0,0,3,0.0,0.0326754122036346,5,0.0,1
119,0,0,3,0.0,0.0326754122036346,5,0.0,1
120,0,0,3,0.0,0.0326754122036346,5,0.0,1
121,0,0,3,0.0,0.0,5,0.0,1
122,0,0,3,0.0,0.0,5,0.0,1
123,0,0,3,0.0,0.0,5,0.0,1
124,0,0,3,0.0105294825511432,0.002106149957877,3,0.0,1
125,0,0,3,0.003309265944645,0.0027680828017812,3,0.0,1
126,0,0,3,0.0,0.0027680828017812,5,0.0,1
127,0,0,3,0.0147412755716004,0.005716692742809,3,0.0,1
128,0,0,3,0.0,0.005716692742809,5,0.0,1
129,0,0,3,0.0445246690734055,0.0146226982789746,4,0.0,1
130,0,0,3,0.0454271961492178,0.0237092309543868,4,0.0,2
131,0,0,3,0.0418170878459687,0.0320736550728126,4,0.0,1
132,0,0,3,0.0,0.0320736550728126,5,0.0,1
133,0,0,3,0.0,0.0320736550728126,5,0.0,1
134,0,0,3,0.0,0.0320736550728126,5,0.0,1
135,0,0,3,0.0,0.0320736550728126,5,0.0,1
136,0,0,3,0.0,0.0320736550728126,5,0.0,1
137,0,0,3,0.0,0.0320736550728126,5,0.0,1
138,0,0,3,0.0,0.0320736550728126,5,0.0,1
139,0,0,3,0.0,0.0320736550728126,5,0.0,1
140,0,0,3,0.000300842358604,0.0321338307858948,3,0.0,1
141,0,0,3,0.0,0.0321338307858948,5,0.0,1
142,0,0,3,0.0,0.0321338307858948,5,0.0,1
143,0,0,3,0.0370036101083032,0.0395354434950054,4,0.0,1
144,0,0,3,0.0,0.0395354434950054,5,0.0,1
145,0,0,3,0.0,0.0395354434950054,5,0.0,1
146,0,0,3,0.0,0.0395354434950054,5,0.0,1
147,0,0,3,0.0,0.0395354434950054,5,0.0,1
148,0,0,3,0.0,0.0395354434950054,5,0.0,1
149,0,0,3,0.0,0.0395354434950054,5,0.0,1
150,0,0,3,0.0,0.0395354434950054,5,0.0,1
151,0,0,3,0.0027075812274368,0.0400770249127452,3,0.0,1
152,0,0,3,0.009927797833935,0.0019857985317126,3,0.0,1
153,0,0,3,0.3613116726835138,0.0742568299434348,1,0.6666666666666666,0
154,0,0,3,0.0361010830324909,0.0814779155132988,4,0.0,1
155,0,0,3,0.0117328519855595,0.0838247683235046,3,0.0,1
156,0,0,3,0.02647412755716,0.0891202310747382,4,0.0,1
157,0,0,3,0.0276774969915764,0.0946563966783006,4,0.0,1
158,0,0,3,0.0406137184115523,0.1027801179443976,4,0.0,1
159,0,0,3,0.0120336943441636,0.1051871464676856,3,0.0,1
160,0,0,3,0.0153429602888086,0.1082561078348778,3,0.0,1
161,0,0,3,0.0655836341756919,0.1213744132867974,4,0.0,2
162,0,0,3,0.0854392298435619,0.1384643158021422,4,0.0,2
163,0,0,3,0.0162454873646209,0.141713804308581,3,0.0,1
164,0,0,3,0.0,0.141713804308581,5,0.0,1
165,0,0,3,0.0345968712394705,0.148634011313034,4,0.0,1
166,0,0,3,0.0,0.148634011313034,5,0.0,1
167,0,0,3,0.0285800240673886,0.154350704055843,4,0.0,1
168,0,0,3,0.0078219013237063,0.1559152725959802,3,0.0,1
169,0,0,3,0.1377858002406738,0.1834757491876278,2,0.0,0
170,0,0,3,0.0589651022864019,0.195270188951739,4,0.0,2
171,0,0,3,0.0,0.195270188951739,5,0.0,1
172,0,0,3,0.0255716004813477,0.200385124563726,4,0.0,1
173,0,0,3,0.0072202166064981,0.2018293416776988,3,0.0,1
174,0,0,3,0.0,0.2018293416776988,5,0.0,1
175,0,0,3,0.0427196149217809,0.2103742929353713,4,0.0,1
176,0,0,3,0.0,0.2103742929353713,5,0.0,1
177,0,0,3,0.0045126353790613,0.2112769286316043,3,0.0,1
178,0,0,3,0.0670878459687124,0.2246961126489348,4,0.0,2
179,0,0,3,0.016546329723225,0.2280057768684558,3,0.0,1
180,0,0,3,0.0664861612515042,0.2413046094596221,4,0.0,2
181,0,0,3,0.0228640192539109,0.2458779636538693,4,0.0,1
182,0,0,3,0.0042117930204572,0.0008424599831508,3,0.0,1
183,0,0,3,0.1913357400722021,0.03911421350343,2,0.0,0
184,0,0,3,0.0,0.03911421350343,5,0.0,1
185,0,0,3,0.0550541516245487,0.0501263689974726,4,0.0,2
186,0,0,3,0.0117328519855595,0.0524732218076784,3,0.0,1
187,0,0,3,0.0547533092659446,0.0634252015886388,4,0.0,2
188,0,0,3,0.0309867629362214,0.0696233000361054,4,0.0,1
189,0,0,3,0.0144404332129963,0.072511734264051,3,0.0,1
190,0,0,3,0.0087244283995186,0.0742568299434348,3,0.0,1
191,0,0,3,0.0285800240673886,0.0799735226862438,4,0.0,1
192,0,0,3,0.0568592057761732,0.0913467324587796,4,0.0,2
193,0,0,3,0.0,0.0913467324587796,5,0.0,1
194,0,0,3,0.0153429602888086,0.0944156938259718,3,0.0,1
195,0,0,3,0.00661853188929,0.0957395595137802,3,0.0,1
196,0,0,3,0.0294825511432009,0.1016367793958358,4,0.0,1
197,0,0,3,0.0418170878459687,0.1100012035142616,4,0.0,1
198,0,0,3,0.0306859205776173,0.116139126248646,4,0.0,1
199,0,0,3,0.0048134777376654,0.1171019376579612,3,0.0,1
200,0,0,3,0.02647412755716,0.1223974004091948,4,0.0,1
201,0,0,3,0.0472322503008423,0.1318449873631002,4,0.0,2
202,0,0,3,0.0610709987966305,0.1440606571187868,4,0.0,2
203,0,0,3,0.0788206979542719,0.1598266939463232,4,0.0,2
204,0,0,3,0.0111311672683513,0.1620531953303646,3,0.0,1
205,0,0,3,0.0327918170878459,0.1686123480563244,4,0.0,1
206,0,0,3,0.1540312876052948,0.1994223131544108,2,0.0,0
207,0,0,3,0.0535499398315282,0.2101335900830424,4,0.0,2
208,0,0,3,0.0,0.2101335900830424,5,0.0,1
209,0,0,3,0.0141395908543922,0.2129618485979058,3,0.0,1
210,0,0,3,0.0225631768953068,0.2174750270790708,4,0.0,1
211,0,0,3,0.0,0.2174750270790708,5,0.0,1
212,0,0,3,0.0261732851985559,0.2227103141172223,4,0.0,1
213,0,0,3,0.0508423586040914,0.0101696955108918,4,0.0,2
214,0,0,3,0.0048134777376654,0.011132506920207,3,0.0,1
215,0,0,3,0.0042117930204572,0.0119749669033578,3,0.0,1
216,0,0,3,0.0,0.0119749669033578,5,0.0,1
217,0,0,3,0.0,0.0119749669033578,5,0.0,1
218,0,0,3,0.1477135980746089,0.041521242026718,2,0.0,0
219,0,0,3,0.1016847172081829,0.0618606330485016,4,0.0,2
220,0,0,3,0.2506016847172082,0.1119870020459742,6,0.3333333333333333,0
221,0,0,3,0.0722021660649819,0.1264291731857022,4,0.0,2
222,0,0,3,0.0069193742478941,0.1278132145865928,3,0.0,1
223,0,0,3,0.0,0.1278132145865928,5,0.0,1
224,0,0,3,0.0574608904933814,0.139306775785293,4,0.0,2
225,0,0,3,0.0285800240673886,0.145023468528102,4,0.0,1
226,0,0,3,0.0,0.145023468528102,5,0.0,1
227,0,0,3,0.1531287605294825,0.1756529064869418,2,0.0,0
228,0,0,3,0.1639590854392298,0.2084486701167408,2,0.0,0
229,0,0,3,0.0243682310469314,0.213322902876399,4,0.0,1
230,0,0,3,0.0,0.213322902876399,5,0.0,1
231,0,0,3,0.0794223826714801,0.2292092911300998,4,0.0,2
232,0,0,3,0.0069193742478941,0.2305933325309904,3,0.0,1
233,0,0,3,0.0,0.2305933325309904,5,0.0,1
234,0,0,3,0.1245487364620938,0.2555060777470213,2,0.0,0
235,0,0,3,0.0,0.2555060777470213,5,0.0,1
236,0,0,3,0.0030084235860409,0.2561078348778433,3,0.0,1
237,0,0,3,0.0719013237063778,0.2704898303044891,4,0.0,2
238,0,0,3,0.0021058965102286,0.2709110602960645,3,0.0,1
239,0,0,3,0.0186522262334536,0.2746419545071609,3,0.0,1
240,0,0,3,0.0451263537906137,0.2836683114694909,4,0.0,1
241,0,0,3,0.0261732851985559,0.2889035985076423,4,0.0,1
242,0,0,3,0.029783393501805,0.2948609941027801,4,0.0,1
243,0,0,3,0.0015042117930204,0.2951618726681911,3,0.0,1
244,0,0,3,0.0,0.0,5,0.0,1
245,0,0,3,0.0469314079422382,0.0093874112408232,4,0.0,2
246,0,0,3,0.0968712394705174,0.0287639908532916,4,0.0,2
247,0,0,3,0.029783393501805,0.0347213864484294,4,0.0,1
248,0,0,3,0.0719013237063778,0.0491033818750752,4,0.0,2
249,0,0,3,0.0075210589651022,0.0506077747021302,3,0.0,1
250,0,0,3,0.0667870036101083,0.0639667830063786,4,0.0,2
251,0,0,3,0.0039109506618531,0.0647490672764472,3,0.0,1
252,0,0,3,0.0532490974729241,0.0754001684919966,4,0.0,2
253,0,0,3,0.0195547533092659,0.0793115898423396,3,0.0,1
254,0,0,3,0.0270758122743682,0.0847274040197376,4,0.0,1
255,0,0,3,0.0306859205776173,0.090865326754122,4,0.0,1
256,0,0,3,0.0084235860409145,0.0925502467204236,3,0.0,1
257,0,0,3,0.0851383874849578,0.1095799735226862,4,0.0,2
258,0,0,3,0.1080024067388688,0.131183054519196,2,0.0,0
259,0,0,3,0.0,0.131183054519196,5,0.0,1
260,0,0,3,0.00661853188929,0.1325069202070044,3,0.0,1
261,0,0,3,0.0394103489771359,0.1403899386207726,4,0.0,1
262,0,0,3,0.0,0.1403899386207726,5,0.0,1
263,0,0,3,0.0376052948255114,0.1479119027560476,4,0.0,1
264,0,0,3,0.0057160048134777,0.1490552413046094,3,0.0,1
265,0,0,3,0.0195547533092659,0.1529666626549524,3,0.0,1
266,0,0,3,0.0,0.1529666626549524,5,0.0,1
267,0,0,3,0.0171480144404332,0.1563966783006378,3,0.0,1
268,0,0,3,0.0045126353790613,0.1572993139968708,3,0.0,1
269,0,0,3,0.0207581227436823,0.1614514381995426,3,0.0,1
270,0,0,3,0.0102286401925391,0.1634974124443374,3,0.0,1
271,0,0,3,0.0069193742478941,0.164881453845228,3,0.0,1
272,0,0,3,0.0,0.164881453845228,5,0.0,1
273,0,0,3,0.0466305655836341,0.174208689372969,4,0.0,2
274,0,0,3,0.0243682310469314,0.0048742327596582,4,0.0,1
275,0,0,3,0.0288808664259927,0.0106511012155494,4,0.0,1
276,0,0,3,0.0505415162454873,0.020760621013359,4,0.0,2
277,0,0,3,0.0081227436823104,0.0223853652665784,3,0.0,1
278,0,0,3,0.0177496991576413,0.0259357323384282,3,0.0,1
279,0,0,3,0.0291817087845968,0.0317727765074016,4,0.0,1
280,0,0,3,0.0024067388688327,0.0322541822120592,3,0.0,1
281,0,0,3,0.0195547533092659,0.0361656035624022,3,0.0,1
282,0,0,3,0.0342960288808664,0.043025634853773,4,0.0,1
283,0,0,3,0.0021058965102286,0.0434468648453484,3,0.0,1
284,0,0,3,0.0616726835138387,0.0557828860271994,4,0.0,2
285,0,0,3,0.0,0.0557828860271994,5,0.0,1
286,0,0,3,0.0,0.0557828860271994,5,0.0,1
287,0,0,3,0.0234657039711191,0.060476591647611,4,0.0,1
288,0,0,3,0.0318892900120336,0.0668552172343242,4,0.0,1
289,0,0,3,0.0207581227436823,0.071007341436996,3,0.0,1
290,0,0,3,0.0054151624548736,0.0720905042724756,3,0.0,1
291,0,0,3,0.0436221419975932,0.0808159826693946,4,0.0,1
292,0,0,3,0.003610108303249,0.081538091226381,3,0.0,1
293,0,0,3,0.0078219013237063,0.0831026597665182,3,0.0,1
294,0,0,3,0.0207581227436823,0.08725478396919,3,0.0,1
295,0,0,3,0.0,0.08725478396919,5,0.0,1
296,0,0,3,0.0282791817087845,0.0929113009989168,4,0.0,1
297,0,0,3,0.0,0.0929113009989168,5,0.0,1
298,0,0,3,0.0009025270758122,0.0930918281381634,3,0.0,1
299,0,0,3,0.0240673886883273,0.0979058851847394,4,0.0,1
300,0,0,3,0.0057160048134777,0.0990492237333012,3,0.0,1
301,0,0,3,0.0030084235860409,0.0996509808641232,3,0.0,1
302,0,0,3,0.0,0.0996509808641232,5,0.0,1
303,0,0,3,0.0,0.0996509808641232,5,0.0,1
304,0,0,3,0.0045126353790613,0.1005536165603562,3,0.0,1
305,0,0,3,0.0,0.0,5,0.0,1
306,0,0,3,0.00661853188929,0.0013238656878084,3,0.0,1
307,0,0,3,0.0,0.0013238656878084,5,0.0,1
308,0,0,3,0.0,0.0013238656878084,5,0.0,1
309,0,0,3,0.0,0.0013238656878084,5,0.0,1
310,0,0,3,0.0358002406738868,0.0084847755445902,4,0.0,1
311,0,0,3,0.0385078219013237,0.0161872668191118,4,0.0,1
312,0,0,3,0.0,0.0161872668191118,5,0.0,1
313,0,0,3,0.0,0.0161872668191118,5,0.0,1
314,0,0,3,0.0,0.0161872668191118,5,0.0,1
315,0,0,3,0.0009025270758122,0.0163677939583584,3,0.0,1
316,0,0,3,0.0,0.0163677939583584,5,0.0,1
317,0,0,3,0.003309265944645,0.0170297268022626,3,0.0,1
318,0,0,3,0.0060168471720818,0.0182332410639066,3,0.0,1
319,0,0,3,0.0168471720818291,0.0216030809965098,3,0.0,1
320,0,0,3,0.0,0.0216030809965098,5,0.0,1
321,0,0,3,0.0,0.0216030809965098,5,0.0,1
322,0,0,3,0.0,0.0216030809965098,5,0.0,1
323,0,0,3,0.0,0.0216030809965098,5,0.0,1
324,0,0,3,0.0147412755716004,0.0245516909375376,3,0.0,1
325,0,0,3,0.0,0.0245516909375376,5,0.0,1
326,0,0,3,0.0,0.0245516909375376,5,0.0,1
327,0,0,3,0.0168471720818291,0.0279215308701408,3,0.0,1
328,0,0,3,0.0,0.0279215308701408,5,0.0,1
329,0,0,3,0.0072202166064981,0.0293657479841136,3,0.0,1
330,0,0,3,0.0246690734055354,0.034300156456854,4,0.0,1
331,0,0,3,0.0,0.034300156456854,5,0.0,1
332,0,0,3,0.0189530685920577,0.0380912263810326,3,0.0,1
333,0,0,3,0.0,0.0380912263810326,5,0.0,1
334,0,0,3,0.0,0.0380912263810326,5,0.0,1
335,0,0,3,0.0,0.0,5,0.0,1
336,0,0,3,0.0,0.0,5,0.0,1
337,0,0,3,0.0,0.0,5,0.0,1
338,0,0,3,0.0,0.0,5,0.0,1
339,0,0,3,0.0,0.0,5,0.0,1
340,0,0,3,0.0,0.0,5,0.0,1
341,0,0,3,0.0,0.0,5,0.0,1
342,0,0,3,0.0,0.0,5,0.0,1
343,0,0,3,0.0,0.0,5,0.0,1
344,0,0,3,0.0,0.0,5,0.0,1
345,0,0,3,0.0,0.0,5,0.0,1
346,0,0,3,0.0,0.0,5,0.0,1
347,0,0,3,0.0,0.0,5,0.0,1
348,0,0,3,0.0216606498194945,0.0043326513419184,3,0.0,1
349,0,0,3,0.0,0.0043326513419184,5,0.0,1
350,0,0,3,0.0,0.0043326513419184,5,0.0,1
351,0,0,3,0.0060168471720818,0.0055361656035624,3,0.0,1
352,0,0,3,0.0,0.0055361656035624,5,0.0,1
353,0,0,3,0.0,0.0055361656035624,5,0.0,1
354,0,0,3,0.0,0.0055361656035624,5,0.0,1
355,0,0,3,0.0,0.0055361656035624,5,0.0,1
356,0,0,3,0.0,0.0055361656035624,5,0.0,1
357,0,0,3,0.0,0.0055361656035624,5,0.0,1
358,0,0,3,0.016546329723225,0.0088458298230834,3,0.0,1
359,0,0,3,0.0,0.0088458298230834,5,0.0,1
360,0,0,3,0.0,0.0088458298230834,5,0.0,1
361,0,0,3,0.0,0.0088458298230834,5,0.0,1
362,0,0,3,0.0,0.0088458298230834,5,0.0,1
363,0,0,3,0.0,0.0088458298230834,5,0.0,1
364,0,0,3,0.0,0.0088458298230834,5,0.0,1
365,0,0,3,0.0,0.0088458298230834,5,0.0,1
366,0,0,2,0.0,0.0,5,0.0,1
367,0,0,2,0.0,0.0,5,0.0,1
368,0,0,2,0.0,0.0,5,0.0,1
369,0,0,2,0.0,0.0,5,0.0,1
370,0,0,2,0.0,0.0,5,0.0,1
371,0,0,2,0.0,0.0,5,0.0,1
372,0,0,2,0.0,0.0,5,0.0,1
373,0,0,2,0.0,0.0,5,0.0,1
374,0,0,2,0.0,0.0,5,0.0,1
375,0,0,2,0.0,0.0,5,0.0,1
376,0,0,2,0.0,0.0,5,0.0,1
377,0,0,2,0.0171480144404332,0.0034300156456854,3,0.0,1
378,0,0,2,0.0,0.0034300156456854,5,0.0,1
379,0,0,2,0.0,0.0034300156456854,5,0.0,1
380,0,0,2,0.0,0.0034300156456854,5,0.0,1
381,0,0,2,0.0,0.0034300156456854,5,0.0,1
382,0,0,2,0.0,0.0034300156456854,5,0.0,1
383,0,0,2,0.0,0.0034300156456854,5,0.0,1
384,0,0,2,0.0,0.0034300156456854,5,0.0,1
385,0,0,2,0.0,0.0034300156456854,5,0.0,1
386,0,0,2,0.0,0.0034300156456854,5,0.0,1
387,0,0,2,0.0,0.0034300156456854,5,0.0,1
388,0,0,2,0.0,0.0034300156456854,5,0.0,1
389,0,0,2,0.0,0.0034300156456854,5,0.0,1
390,0,0,2,0.0072202166064981,0.0048742327596582,3,0.0,1
391,0,0,2,0.0,0.0048742327596582,5,0.0,1
392,0,0,2,0.0,0.0048742327596582,5,0.0,1
393,0,0,2,0.0,0.0048742327596582,5,0.0,1
394,0,0,2,0.0,0.0048742327596582,5,0.0,1
395,0,0,2,0.0,0.0048742327596582,5,0.0,1
396,0,0,2,0.0,0.0048742327596582,5,0.0,1
397,0,0,2,0.0,0.0,5,0.0,1
398,0,0,2,0.0,0.0,5,0.0,1
399,0,0,2,0.0,0.0,5,0.0,1
400,0,0,2,0.0,0.0,5,0.0,1
401,0,0,2,0.0,0.0,5,0.0,1
402,0,0,2,0.0,0.0,5,0.0,1
403,0,0,2,0.0,0.0,5,0.0,1
404,0,0,2,0.0,0.0,5,0.0,1
405,0,0,2,0.0,0.0,5,0.0,1
406,0,0,2,0.0,0.0,5,0.0,1
407,0,0,2,0.0,0.0,5,0.0,1
408,0,0,2,0.0,0.0,5,0.0,1
409,0,0,2,0.0,0.0,5,0.0,1
410,0,0,2,0.0,0.0,5,0.0,1
411,0,0,2,0.036401925391095,0.0072812612829462,4,0.0,1
412,0,0,2,0.0,0.0072812612829462,5,0.0,1
413,0,0,2,0.0,0.0072812612829462,5,0.0,1
414,0,0,2,0.0,0.0072812612829462,5,0.0,1
415,0,0,2,0.0,0.0072812612829462,5,0.0,1
416,0,0,2,0.0,0.0072812612829462,5,0.0,1
417,0,0,2,0.0,0.0072812612829462,5,0.0,1
418,0,0,2,0.0,0.0072812612829462,5,0.0,1
419,0,0,2,0.0,0.0072812612829462,5,0.0,1
420,0,0,2,0.0,0.0072812612829462,5,0.0,1
421,0,0,2,0.0,0.0072812612829462,5,0.0,1
422,0,0,2,0.0,0.0072812612829462,5,0.0,1
423,0,0,2,0.0,0.0072812612829462,5,0.0,1
424,0,0,2,0.0,0.0072812612829462,5,0.0,1
425,0,0,2,0.0,0.0,5,0.0,1
426,0,0,2,0.0,0.0,5,0.0,1
427,0,0,2,0.0,0.0,5,0.0,1
428,0,0,2,0.0,0.0,5,0.0,1
429,0,0,2,0.0,0.0,5,0.0,1
430,0,0,2,0.0,0.0,5,0.0,1
431,0,0,2,0.0,0.0,5,0.0,1
432,0,0,2,0.0153429602888086,0.0030689613671922,3,0.0,1
433,0,0,2,0.0,0.0030689613671922,5,0.0,1
434,0,0,2,0.0,0.0030689613671922,5,0.0,1
435,0,0,2,0.0,0.0030689613671922,5,0.0,1
436,0,0,2,0.0,0.0030689613671922,5,0.0,1
437,0,0,2,0.0,0.0030689613671922,5,0.0,1
438,0,0,2,0.0,0.0030689613671922,5,0.0,1
439,0,0,2,0.0,0.0030689613671922,5,0.0,1
440,0,0,2,0.0,0.0030689613671922,5,0.0,1
441,0,0,2,0.0,0.0030689613671922,5,0.0,1
442,0,0,2,0.0,0.0030689613671922,5,0.0,1
443,0,0,2,0.0421179302045728,0.0114935611987002,4,0.0,1
444,0,0,2,0.0,0.0114935611987002,5,0.0,1
445,0,0,2,0.0,0.0114935611987002,5,0.0,1
446,0,0,2,0.0,0.0114935611987002,5,0.0,1
447,0,0,2,0.0,0.0114935611987002,5,0.0,1
448,0,0,2,0.0,0.0114935611987002,5,0.0,1
449,0,0,2,0.009927797833935,0.0134793597304128,3,0.0,1
450,0,0,2,0.0502406738868832,0.0235287038151402,4,0.0,2
451,0,0,2,0.0,0.0235287038151402,5,0.0,1
452,0,0,2,0.0,0.0235287038151402,5,0.0,1
453,0,0,2,0.0,0.0235287038151402,5,0.0,1
454,0,0,2,0.0,0.0235287038151402,5,0.0,1
455,0,0,2,0.0,0.0235287038151402,5,0.0,1
456,0,0,2,0.0,0.0,5,0.0,1
457,0,0,2,0.0249699157641395,0.0049945841858226,4,0.0,1
458,0,0,2,0.0,0.0049945841858226,5,0.0,1
459,0,0,2,0.0,0.0049945841858226,5,0.0,1
460,0,0,2,0.0,0.0049945841858226,5,0.0,1
461,0,0,2,0.0,0.0049945841858226,5,0.0,1
462,0,0,2,0.0,0.0049945841858226,5,0.0,1
463,0,0,2,0.0,0.0049945841858226,5,0.0,1
464,0,0,2,0.0,0.0049945841858226,5,0.0,1
465,0,0,2,0.0186522262334536,0.008725478396919,3,0.0,1
466,0,0,2,0.0,0.008725478396919,5,0.0,1
467,0,0,2,0.0,0.008725478396919,5,0.0,1
468,0,0,2,0.0114320096269554,0.0110121554940426,3,0.0,1
469,0,0,2,0.0345968712394705,0.0179323624984956,4,0.0,1
470,0,0,2,0.0,0.0179323624984956,5,0.0,1
471,0,0,2,0.0833333333333333,0.034601035022265,4,0.0,2
472,0,0,2,0.0,0.034601035022265,5,0.0,1
473,0,0,2,0.0,0.034601035022265,5,0.0,1
474,0,0,2,0.0,0.034601035022265,5,0.0,1
475,0,0,2,0.0,0.034601035022265,5,0.0,1
476,0,0,2,0.0,0.034601035022265,5,0.0,1
477,0,0,2,0.0,0.034601035022265,5,0.0,1
478,0,0,2,0.0,0.034601035022265,5,0.0,1
479,0,0,2,0.0192539109506618,0.0384522806595258,3,0.0,1
480,0,0,2,0.0,0.0384522806595258,5,0.0,1
481,0,0,2,0.0,0.0384522806595258,5,0.0,1
482,0,0,2,0.0,0.0384522806595258,5,0.0,1
483,0,0,2,0.0,0.0384522806595258,5,0.0,1
484,0,0,2,0.0,0.0384522806595258,5,0.0,1
485,0,0,2,0.0,0.0384522806595258,5,0.0,1
486,0,0,2,0.0,0.0,5,0.0,1
487,0,0,2,0.0,0.0,5,0.0,1
488,0,0,2,0.0,0.0,5,0.0,1
489,0,0,2,0.0069193742478941,0.0013840414008906,3,0.0,1
490,0,0,2,0.0192539109506618,0.0052352870381514,3,0.0,1
491,0,0,2,0.0,0.0052352870381514,5,0.0,1
492,0,0,2,0.0,0.0052352870381514,5,0.0,1
493,0,0,2,0.0,0.0052352870381514,5,0.0,1
494,0,0,2,0.0,0.0052352870381514,5,0.0,1
495,0,0,2,0.0487364620938628,0.0149837525574678,4,0.0,2
496,0,0,2,0.0009025270758122,0.0151642796967144,3,0.0,1
497,0,0,2,0.0,0.0151642796967144,5,0.0,1
498,0,0,2,0.0,0.0151642796967144,5,0.0,1
499,0,0,2,0.0,0.0151642796967144,5,0.0,1
500,0,0,2,0.0,0.0151642796967144,5,0.0,1
501,0,0,2,0.0,0.0151642796967144,5,0.0,1
502,0,0,2,0.0,0.0151642796967144,5,0.0,1
503,0,0,2,0.0,0.0151642796967144,5,0.0,1
504,0,0,2,0.0240673886883273,0.0199783367432904,4,0.0,1
505,0,0,2,0.0114320096269554,0.022265013840414,3,0.0,1
506,0,0,2,0.0090252707581227,0.02407028523288,3,0.0,1
507,0,0,2,0.0,0.02407028523288,5,0.0,1
508,0,0,2,0.0412154031287605,0.0323143579251414,4,0.0,1
509,0,0,2,0.0123345367027677,0.0347815621615116,3,0.0,1
510,0,0,2,0.0,0.0347815621615116,5,0.0,1
511,0,0,2,0.1095066185318893,0.0566855217234324,2,0.0,0
512,0,0,2,0.0571600481347773,0.0681189072090504,4,0.0,2
513,0,0,2,0.0219614921780986,0.072511734264051,3,0.0,1
514,0,0,2,0.0012033694344163,0.0727524371163798,3,0.0,1
515,0,0,2,0.0054151624548736,0.0738355999518594,3,0.0,1
516,0,0,2,0.0,0.0738355999518594,5,0.0,1
517,0,0,2,0.0030084235860409,0.000601757130822,3,0.0,1
518,0,0,2,0.0306859205776173,0.0067396798652064,4,0.0,1
519,0,0,2,0.2223225030084236,0.0512095318329522,6,0.3333333333333333,0
520,0,0,2,0.0622743682310469,0.0636659044409676,4,0.0,2
521,0,0,2,0.0,0.0636659044409676,5,0.0,1
522,0,0,2,0.0150421179302045,0.0666746900950776,3,0.0,1
523,0,0,2,0.0619735258724428,0.0790708869900108,4,0.0,2
524,0,0,2,0.0090252707581227,0.0808761583824768,3,0.0,1
525,0,0,2,0.0439229843561973,0.089661812492478,4,0.0,1
526,0,0,2,0.0267749699157641,0.0950174509567938,4,0.0,1
527,0,0,2,0.0276774969915764,0.1005536165603562,4,0.0,1
528,0,0,2,0.0532490974729241,0.1112047177759056,4,0.0,2
529,0,0,2,0.0027075812274368,0.1117462991936454,3,0.0,1
530,0,0,2,0.1049939831528279,0.1327476230593332,4,0.0,2
531,0,0,2,0.3733453670276775,0.2074256829943434,1,0.6666666666666666,0
532,0,0,2,0.01323706377858,0.2100734143699603,3,0.0,1
533,0,0,2,0.0006016847172081,0.2101937657961247,3,0.0,1
534,0,0,2,0.0770156438026474,0.2255987483451678,4,0.0,2
535,0,0,2,0.0406137184115523,0.2337224696112648,4,0.0,1
536,0,0,2,0.0712996389891696,0.2479841136117463,4,0.0,2
537,0,0,2,0.0288808664259927,0.2537609820676375,4,0.0,1
538,0,0,2,0.023164861612515,0.2583945119749669,4,0.0,1
539,0,0,2,0.0764139590854392,0.2736791430978457,4,0.0,2
540,0,0,2,0.0583634175691937,0.2853532314357925,4,0.0,2
541,0,0,2,0.0234657039711191,0.2900469370562041,4,0.0,1
542,0,0,2,0.0243682310469314,0.2949211698158623,4,0.0,1
543,0,0,2,0.0,0.2949211698158623,5,0.0,1
544,0,0,2,0.0096269554753309,0.2968467926344927,3,0.0,1
545,0,0,2,0.0920577617328519,0.3152605608376459,4,0.0,2
546,0,0,2,0.0,0.3152605608376459,5,0.0,1
547,0,0,2,0.0069193742478941,0.0013840414008906,3,0.0,1
548,0,0,2,0.0147412755716004,0.0043326513419184,3,0.0,1
549,0,0,2,0.0288808664259927,0.0101095197978096,4,0.0,1
550,0,0,2,0.1335740072202166,0.0368275364063064,2,0.0,0
551,0,0,2,0.072503008423586,0.0513298832591166,4,0.0,2
552,0,0,2,0.128459687123947,0.077024912745216,2,0.0,0
553,0,0,2,0.0472322503008423,0.0864724996991214,4,0.0,2
554,0,0,2,0.0195547533092659,0.0903839210494644,3,0.0,1
555,0,0,2,0.0827316486161251,0.1069322421470694,4,0.0,2
556,0,0,2,0.1931407942238267,0.1455650499458418,2,0.0,0
557,0,0,2,0.0797232250300842,0.1615116139126248,4,0.0,2
558,0,0,2,0.0785198555956678,0.177217475027079,4,0.0,2
559,0,0,2,0.0060168471720818,0.178420989288723,3,0.0,1
560,0,0,2,0.0,0.178420989288723,5,0.0,1
561,0,0,2,0.0977737665463297,0.197978096040438,4,0.0,2
562,0,0,2,0.0,0.197978096040438,5,0.0,1
563,0,0,2,0.0018050541516245,0.1983391503189313,3,0.0,1
564,0,0,2,0.0682912154031287,0.2119990371885906,4,0.0,2
565,0,0,2,0.0108303249097472,0.2141653628595498,3,0.0,1
566,0,0,2,0.1326714801444043,0.2407028523288001,2,0.0,0
567,0,0,2,0.0249699157641395,0.2456974365146227,4,0.0,1
568,0,0,2,0.0583634175691937,0.2573715248525695,4,0.0,2
569,0,0,2,0.0893501805054151,0.2752437116379829,4,0.0,2
570,0,0,2,0.1762936221419976,0.3105066795041521,2,0.0,0
571,0,0,2,0.0018050541516245,0.3108677337826453,3,0.0,1
572,0,0,2,0.1952466907340553,0.3499217715729931,6,0.3333333333333333,0
573,0,0,2,0.0403128760529482,0.3579853171260079,4,0.0,1
574,0,0,2,0.0102286401925391,0.3600312913708027,3,0.0,1
575,0,0,2,0.0024067388688327,0.3605126970754603,3,0.0,1
576,0,0,2,0.0078219013237063,0.3620772656155975,3,0.0,1
577,0,0,2,0.0270758122743682,0.3674930797929955,4,0.0,1
578,0,0,2,0.0367027677496991,0.0073414369960284,4,0.0,1
579,0,0,2,0.2518050541516246,0.0577085088458298,6,0.3333333333333333,0
580,0,0,2,0.0761131167268351,0.0729329642556264,4,0.0,2
581,0,0,2,0.1197352587244283,0.096882898062342,2,0.0,0
582,0,0,2,0.6383874849578821,0.2245757612227704,0,1.0,0
583,0,0,2,0.0860409145607701,0.2417860151642797,4,0.0,2
584,0,0,2,0.0279783393501805,0.2473823564809243,4,0.0,1
585,0,0,2,0.01985559566787,0.2513539535443495,3,0.0,1
586,0,0,2,0.0129362214199759,0.2539415092068841,3,0.0,1
587,0,0,2,0.0454271961492178,0.2630280418822963,4,0.0,2
588,0,0,2,0.0,0.2630280418822963,5,0.0,1
589,0,0,2,0.023164861612515,0.2676615717896257,4,0.0,1
590,0,0,2,0.0517448856799037,0.2780117944397641,4,0.0,2
591,0,0,2,0.0379061371841155,0.2855939342881213,4,0.0,1
592,0,0,2,0.0,0.2855939342881213,5,0.0,1
593,0,0,2,0.1793020457280385,0.3214586592851125,2,0.0,0
594,0,0,2,0.0863417569193742,0.3387290889397039,4,0.0,2
595,0,0,2,0.0135379061371841,0.3414369960284029,3,0.0,1
596,0,0,2,0.1302647412755715,0.3674930797929955,2,0.0,0
597,0,0,2,0.1979542719614921,0.4070886990010831,6,0.3333333333333333,0
598,0,0,2,0.0845367027677497,0.4239980743771813,4,0.0,2
599,0,0,2,0.0797232250300842,0.4399446383439643,4,0.0,2
600,0,0,2,0.0045126353790613,0.4408472740401973,3,0.0,1
601,0,0,2,0.0105294825511432,0.4429534239980743,3,0.0,1
602,0,0,2,0.2277376654632972,0.4885064388012997,6,0.3333333333333333,0
603,0,0,2,0.0237665463297232,0.4932603201347936,4,0.0,1
604,0,0,2,0.0006016847172081,0.493380671560958,3,0.0,1
605,0,0,2,0.0318892900120336,0.4997592971476712,4,0.0,1
606,0,0,2,0.0291817087845968,0.5055963413166447,4,0.0,1
607,0,0,2,0.0737063778580024,0.5203393910217836,4,0.0,2
608,0,0,2,0.1200361010830324,0.5443495005415814,2,0.0,0
609,0,0,2,0.0685920577617328,0.0137200625827416,4,0.0,2
610,0,0,2,0.1158243080625752,0.0368877121193886,2,0.0,0
611,0,0,2,0.0252707581227436,0.0419424720182934,4,0.0,1
612,0,0,2,0.1531287605294825,0.0725719099771332,2,0.0,0
613,0,0,2,0.0670878459687124,0.0859910939944638,4,0.0,2
614,0,0,2,0.0508423586040914,0.0961607895053556,4,0.0,2
615,0,0,2,0.0123345367027677,0.0986279937417258,3,0.0,1
616,0,0,2,0.0,0.0986279937417258,5,0.0,1
617,0,0,2,0.1314681107099879,0.1249247803586472,2,0.0,0
618,0,0,2,0.1070998796630565,0.1463473342159104,2,0.0,0
619,0,0,2,0.1191335740072202,0.1701769165964616,2,0.0,0
620,0,0,2,0.0,0.1701769165964616,5,0.0,1
621,0,0,2,0.0544524669073405,0.1810687206643398,4,0.0,2
622,0,0,2,0.1067990373044524,0.2024310988085208,2,0.0,0
623,0,0,2,0.0195547533092659,0.2063425201588638,3,0.0,1
624,0,0,2,0.0018050541516245,0.206703574437357,3,0.0,1
625,0,0,2,0.0324909747292418,0.2132025514502346,4,0.0,1
626,0,0,2,0.0105294825511432,0.2153087014081116,3,0.0,1
627,0,0,2,0.003309265944645,0.2159706342520158,3,0.0,1
628,0,0,2,0.0021058965102286,0.2163918642435913,3,0.0,1
629,0,0,2,0.1182310469314079,0.2400409194848958,2,0.0,0
630,0,0,2,0.03309265944645,0.2466602479239378,4,0.0,1
631,0,0,2,0.144705174488568,0.2756047659164761,2,0.0,0
632,0,0,2,0.1061973525872442,0.2968467926344927,4,0.0,0
633,0,0,2,0.0117328519855595,0.2991936454446985,3,0.0,1
634,0,0,2,0.0228640192539109,0.3037669996389457,4,0.0,1
635,0,0,2,0.0294825511432009,0.3096642195210013,4,0.0,1
636,0,0,2,0.0746089049338146,0.3245877963653869,4,0.0,2
637,0,0,2,0.0246690734055354,0.3295222048381273,4,0.0,1
638,0,0,2,0.0454271961492178,0.3386087375135395,4,0.0,2
639,0,0,2,0.0111311672683513,0.0022265013840414,3,0.0,1
640,0,0,2,0.0,0.0022265013840414,5,0.0,1
641,0,0,2,0.1371841155234657,0.0296666265495246,2,0.0,0
642,0,0,2,0.0192539109506618,0.0335178721867854,3,0.0,1
643,0,0,2,0.0282791817087845,0.0391743892165122,4,0.0,1
644,0,0,2,0.0141395908543922,0.0420026477313756,3,0.0,1
645,0,0,2,0.0183513838748495,0.0456733662293898,3,0.0,1
646,0,0,2,0.0006016847172081,0.0457937176555542,3,0.0,1
647,0,0,2,0.0162454873646209,0.049043206161993,3,0.0,1
648,0,0,2,0.01985559566787,0.0530148032254182,3,0.0,1
649,0,0,2,0.1302647412755715,0.0790708869900108,2,0.0,0
650,0,0,2,0.0123345367027677,0.081538091226381,3,0.0,1
651,0,0,2,0.0030084235860409,0.082139848357203,3,0.0,1
652,0,0,2,0.0291817087845968,0.0879768925261764,4,0.0,1
653,0,0,2,0.0156438026474127,0.0911060296064508,3,0.0,1
654,0,0,2,0.02647412755716,0.0964014923576844,4,0.0,1
655,0,0,2,0.0291817087845968,0.1022385365266578,4,0.0,1
656,0,0,2,0.0466305655836341,0.1115657720543988,4,0.0,2
657,0,0,2,0.0869434416365824,0.1289565531351546,4,0.0,2
658,0,0,2,0.0090252707581227,0.1307618245276206,3,0.0,1
659,0,0,2,0.0764139590854392,0.1460464556504994,4,0.0,2
660,0,0,2,0.0,0.1460464556504994,5,0.0,1
661,0,0,2,0.0069193742478941,0.14743049705139,3,0.0,1
662,0,0,2,0.0478339350180505,0.1569984354314598,4,0.0,2
663,0,0,2,0.0075210589651022,0.1585028282585148,3,0.0,1
664,0,0,2,0.0634777376654633,0.171199903718859,4,0.0,2
665,0,0,2,0.1131167268351383,0.1938259718377663,2,0.0,0
666,0,0,2,0.0529482551143201,0.2044168973402334,4,0.0,2
667,0,0,2,0.0821299638989169,0.220844867011674,4,0.0,2
668,0,0,2,0.0027075812274368,0.2213864484294138,3,0.0,1
669,0,0,2,0.0270758122743682,0.2268022626068118,4,0.0,1
670,0,0,2,0.0,0.0,5,0.0,1
671,0,0,2,0.0171480144404332,0.0034300156456854,3,0.0,1
672,0,0,2,0.0,0.0034300156456854,5,0.0,1
673,0,0,2,0.0,0.0034300156456854,5,0.0,1
674,0,0,2,0.0,0.0034300156456854,5,0.0,1
675,0,0,2,0.003309265944645,0.0040919484895896,3,0.0,1
676,0,0,2,0.0,0.0040919484895896,5,0.0,1
677,0,0,2,0.0123345367027677,0.0065591527259598,3,0.0,1
678,0,0,2,0.0069193742478941,0.0079431941268504,3,0.0,1
679,0,0,2,0.0,0.0079431941268504,5,0.0,1
680,0,0,2,0.0,0.0079431941268504,5,0.0,1
681,0,0,2,0.0,0.0079431941268504,5,0.0,1
682,0,0,2,0.0,0.0079431941268504,5,0.0,1
683,0,0,2,0.0219614921780986,0.012336021181851,3,0.0,1
684,0,0,2,0.0,0.012336021181851,5,0.0,1
685,0,0,2,0.0,0.012336021181851,5,0.0,1
686,0,0,2,0.0,0.012336021181851,5,0.0,1
687,0,0,2,0.0,0.012336021181851,5,0.0,1
688,0,0,2,0.0,0.012336021181851,5,0.0,1
689,0,0,2,0.0379061371841155,0.0199181610302082,4,0.0,1
690,0,0,2,0.0,0.0199181610302082,5,0.0,1
691,0,0,2,0.0,0.0199181610302082,5,0.0,1
692,0,0,2,0.0,0.0199181610302082,5,0.0,1
693,0,0,2,0.0120336943441636,0.0223251895534962,3,0.0,1
694,0,0,2,0.0,0.0223251895534962,5,0.0,1
695,0,0,2,0.0,0.0223251895534962,5,0.0,1
696,0,0,2,0.0,0.0223251895534962,5,0.0,1
697,0,0,2,0.0,0.0223251895534962,5,0.0,1
698,0,0,2,0.0655836341756919,0.0354434950054158,4,0.0,2
699,0,0,2,0.0,0.0354434950054158,5,0.0,1
700,0,0,2,0.0,0.0,5,0.0,1
701,0,0,2,0.0,0.0,5,0.0,1
702,0,0,2,0.0,0.0,5,0.0,1
703,0,0,2,0.0,0.0,5,0.0,1
704,0,0,2,0.0,0.0,5,0.0,1
705,0,0,2,0.0,0.0,5,0.0,1
706,0,0,2,0.0,0.0,5,0.0,1
707,0,0,2,0.0,0.0,5,0.0,1
708,0,0,2,0.0,0.0,5,0.0,1
709,0,0,2,0.0,0.0,5,0.0,1
710,0,0,2,0.0,0.0,5,0.0,1
711,0,0,2,0.0,0.0,5,0.0,1
712,0,0,2,0.0,0.0,5,0.0,1
713,0,0,2,0.0162454873646209,0.0032494885064388,3,0.0,1
714,0,0,2,0.0186522262334536,0.0069803827175352,3,0.0,1
715,0,0,2,0.0,0.0069803827175352,5,0.0,1
716,0,0,2,0.0,0.0069803827175352,5,0.0,1
717,0,0,2,0.0,0.0069803827175352,5,0.0,1
718,0,0,2,0.0,0.0069803827175352,5,0.0,1
719,0,0,2,0.0,0.0069803827175352,5,0.0,1
720,0,0,2,0.0,0.0069803827175352,5,0.0,1
721,0,0,2,0.0,0.0069803827175352,5,0.0,1
722,0,0,2,0.0,0.0069803827175352,5,0.0,1
723,0,0,2,0.0,0.0069803827175352,5,0.0,1
724,0,0,2,0.0,0.0069803827175352,5,0.0,1
725,0,0,2,0.0,0.0069803827175352,5,0.0,1
726,0,0,2,0.0,0.0069803827175352,5,0.0,1
727,0,0,2,0.0117328519855595,0.009327235527741,3,0.0,1
728,0,0,2,0.0,0.009327235527741,5,0.0,1
729,0,0,2,0.0,0.009327235527741,5,0.0,1
730,0,0,2,0.0,0.009327235527741,5,0.0,1
731,0,0,0,0.0,0.0,5,0.0,1
732,0,0,0,0.0,0.0,5,0.0,1
733,0,0,0,0.0,0.0,5,0.0,1
734,0,0,0,0.0,0.0,5,0.0,1
735,0,0,0,0.0,0.0,5,0.0,1
736,0,0,0,0.0,0.0,5,0.0,1
737,0,0,0,0.0,0.0,5,0.0,1
738,0,0,0,0.0,0.0,5,0.0,1
739,0,0,0,0.0,0.0,5,0.0,1
740,0,0,0,0.0,0.0,5,0.0,1
741,0,0,0,0.0,0.0,5,0.0,1
742,0,0,0,0.0,0.0,5,0.0,1
743,0,0,0,0.0,0.0,5,0.0,1
744,0,0,0,0.0,0.0,5,0.0,1
745,0,0,0,0.0,0.0,5,0.0,1
746,0,0,0,0.0,0.0,5,0.0,1
747,0,0,0,0.0,0.0,5,0.0,1
748,0,0,0,0.0,0.0,5,0.0,1
749,0,0,0,0.0,0.0,5,0.0,1
750,0,0,0,0.0,0.0,5,0.0,1
751,0,0,0,0.0,0.0,5,0.0,1
752,0,0,0,0.0,0.0,5,0.0,1
753,0,0,0,0.0,0.0,5,0.0,1
754,0,0,0,0.0385078219013237,0.0077024912745216,4,0.0,1
755,0,0,0,0.0,0.0077024912745216,5,0.0,1
756,0,0,0,0.0,0.0077024912745216,5,0.0,1
757,0,0,0,0.0,0.0077024912745216,5,0.0,1
758,0,0,0,0.0,0.0077024912745216,5,0.0,1
759,0,0,0,0.0,0.0077024912745216,5,0.0,1
760,0,0,0,0.0,0.0077024912745216,5,0.0,1
761,0,0,0,0.0,0.0077024912745216,5,0.0,1
762,0,0,0,0.0,0.0,5,0.0,1
763,0,0,0,0.0,0.0,5,0.0,1
764,0,0,0,0.0,0.0,5,0.0,1
765,0,0,0,0.0,0.0,5,0.0,1
766,0,0,0,0.0,0.0,5,0.0,1
767,0,0,0,0.0,0.0,5,0.0,1
768,0,0,0,0.0009025270758122,0.0001805271392466,3,0.0,1
769,0,0,0,0.0,0.0001805271392466,5,0.0,1
770,0,0,0,0.0,0.0001805271392466,5,0.0,1
771,0,0,0,0.0,0.0001805271392466,5,0.0,1
772,0,0,0,0.0,0.0001805271392466,5,0.0,1
773,0,0,0,0.0,0.0001805271392466,5,0.0,1
774,0,0,0,0.0,0.0001805271392466,5,0.0,1
775,0,0,0,0.0,0.0001805271392466,5,0.0,1
776,0,0,0,0.0,0.0001805271392466,5,0.0,1
777,0,0,0,0.0,0.0001805271392466,5,0.0,1
778,0,0,0,0.0,0.0001805271392466,5,0.0,1
779,0,0,0,0.0,0.0001805271392466,5,0.0,1
780,0,0,0,0.0,0.0001805271392466,5,0.0,1
781,0,0,0,0.0,0.0001805271392466,5,0.0,1
782,0,0,0,0.0,0.0001805271392466,5,0.0,1
783,0,0,0,0.0,0.0001805271392466,5,0.0,1
784,0,0,0,0.0,0.0001805271392466,5,0.0,1
785,0,0,0,0.0,0.0001805271392466,5,0.0,1
786,0,0,0,0.000300842358604,0.0002407028523288,3,0.0,1
787,0,0,0,0.0,0.0002407028523288,5,0.0,1
788,0,0,0,0.0,0.0002407028523288,5,0.0,1
789,0,0,0,0.0,0.0002407028523288,5,0.0,1
790,0,0,0,0.0123345367027677,0.0024672042363702,3,0.0,1
791,0,0,0,0.0,0.0024672042363702,5,0.0,1
792,0,0,0,0.0,0.0024672042363702,5,0.0,1
793,0,0,0,0.0,0.0024672042363702,5,0.0,1
794,0,0,0,0.0,0.0024672042363702,5,0.0,1
795,0,0,0,0.0,0.0024672042363702,5,0.0,1
796,0,0,0,0.0,0.0024672042363702,5,0.0,1
797,0,0,0,0.0,0.0024672042363702,5,0.0,1
798,0,0,0,0.0,0.0024672042363702,5,0.0,1
799,0,0,0,0.0,0.0024672042363702,5,0.0,1
800,0,0,0,0.0,0.0024672042363702,5,0.0,1
801,0,0,0,0.0,0.0024672042363702,5,0.0,1
802,0,0,0,0.0,0.0024672042363702,5,0.0,1
803,0,0,0,0.0,0.0024672042363702,5,0.0,1
804,0,0,0,0.0,0.0024672042363702,5,0.0,1
805,0,0,0,0.0162454873646209,0.005716692742809,3,0.0,1
806,0,0,0,0.0,0.005716692742809,5,0.0,1
807,0,0,0,0.0,0.005716692742809,5,0.0,1
808,0,0,0,0.0,0.005716692742809,5,0.0,1
809,0,0,0,0.0,0.005716692742809,5,0.0,1
810,0,0,0,0.0,0.005716692742809,5,0.0,1
811,0,0,0,0.0,0.005716692742809,5,0.0,1
812,0,0,0,0.0,0.005716692742809,5,0.0,1
813,0,0,0,0.0,0.005716692742809,5,0.0,1
814,0,0,0,0.0,0.005716692742809,5,0.0,1
815,0,0,0,0.0,0.005716692742809,5,0.0,1
816,0,0,0,0.0,0.005716692742809,5,0.0,1
817,0,0,0,0.0,0.005716692742809,5,0.0,1
818,0,0,0,0.0,0.005716692742809,5,0.0,1
819,0,0,0,0.0,0.005716692742809,5,0.0,1
820,0,0,0,0.0027075812274368,0.0062582741605488,3,0.0,1
821,0,0,0,0.0,0.0,5,0.0,1
822,0,0,0,0.0,0.0,5,0.0,1
823,0,0,0,0.0,0.0,5,0.0,1
824,0,0,0,0.0,0.0,5,0.0,1
825,0,0,0,0.0,0.0,5,0.0,1
826,0,0,0,0.0,0.0,5,0.0,1
827,0,0,0,0.0,0.0,5,0.0,1
828,0,0,0,0.0111311672683513,0.0022265013840414,3,0.0,1
829,0,0,0,0.0,0.0022265013840414,5,0.0,1
830,0,0,0,0.0,0.0022265013840414,5,0.0,1
831,0,0,0,0.0,0.0022265013840414,5,0.0,1
832,0,0,0,0.0,0.0022265013840414,5,0.0,1
833,0,0,0,0.0,0.0022265013840414,5,0.0,1
834,0,0,0,0.0,0.0022265013840414,5,0.0,1
835,0,0,0,0.0,0.0022265013840414,5,0.0,1
836,0,0,0,0.0,0.0022265013840414,5,0.0,1
837,0,0,0,0.0,0.0022265013840414,5,0.0,1
838,0,0,0,0.0,0.0022265013840414,5,0.0,1
839,0,0,0,0.0,0.0022265013840414,5,0.0,1
840,0,0,0,0.0,0.0022265013840414,5,0.0,1
841,0,0,0,0.0,0.0022265013840414,5,0.0,1
842,0,0,0,0.0,0.0022265013840414,5,0.0,1
843,0,0,0,0.0,0.0022265013840414,5,0.0,1
844,0,0,0,0.0,0.0022265013840414,5,0.0,1
845,0,0,0,0.0,0.0022265013840414,5,0.0,1
846,0,0,0,0.0,0.0022265013840414,5,0.0,1
847,0,0,0,0.0,0.0022265013840414,5,0.0,1
848,0,0,0,0.0,0.0022265013840414,5,0.0,1
849,0,0,0,0.0,0.0022265013840414,5,0.0,1
850,0,0,0,0.0,0.0022265013840414,5,0.0,1
851,0,0,0,0.0,0.0,5,0.0,1
852,0,0,0,0.003610108303249,0.0007221085569864,3,0.0,1
853,0,0,0,0.0129362214199759,0.003309664219521,3,0.0,1
854,0,0,0,0.0,0.003309664219521,5,0.0,1
855,0,0,0,0.0,0.003309664219521,5,0.0,1
856,0,0,0,0.0,0.003309664219521,5,0.0,1
857,0,0,0,0.0,0.003309664219521,5,0.0,1
858,0,0,0,0.0,0.003309664219521,5,0.0,1
859,0,0,0,0.0,0.003309664219521,5,0.0,1
860,0,0,0,0.0,0.003309664219521,5,0.0,1
861,0,0,0,0.0,0.003309664219521,5,0.0,1
862,0,0,0,0.0,0.003309664219521,5,0.0,1
863,0,0,0,0.0,0.003309664219521,5,0.0,1
864,0,0,0,0.0,0.003309664219521,5,0.0,1
865,0,0,0,0.0,0.003309664219521,5,0.0,1
866,0,0,0,0.0201564380264741,0.0073414369960284,3,0.0,1
867,0,0,0,0.0090252707581227,0.0091467083884944,3,0.0,1
868,0,0,0,0.0,0.0091467083884944,5,0.0,1
869,0,0,0,0.0,0.0091467083884944,5,0.0,1
870,0,0,0,0.0027075812274368,0.0096882898062342,3,0.0,1
871,0,0,0,0.0048134777376654,0.0106511012155494,3,0.0,1
872,0,0,0,0.0,0.0106511012155494,5,0.0,1
873,0,0,0,0.0,0.0106511012155494,5,0.0,1
874,0,0,0,0.0,0.0106511012155494,5,0.0,1
875,0,0,0,0.0,0.0106511012155494,5,0.0,1
876,0,0,0,0.0,0.0106511012155494,5,0.0,1
877,0,0,0,0.0,0.0106511012155494,5,0.0,1
878,0,0,0,0.0,0.0106511012155494,5,0.0,1
879,0,0,0,0.0,0.0106511012155494,5,0.0,1
880,0,0,0,0.0,0.0106511012155494,5,0.0,1
881,0,0,0,0.0,0.0106511012155494,5,0.0,1
882,0,0,0,0.0,0.0,5,0.0,1
883,0,0,0,0.0024067388688327,0.0004814057046576,3,0.0,1
884,0,0,0,0.0024067388688327,0.0009628114093152,3,0.0,1
885,0,0,0,0.0009025270758122,0.0011433385485618,3,0.0,1
886,0,0,0,0.0,0.0011433385485618,5,0.0,1
887,0,0,0,0.0,0.0011433385485618,5,0.0,1
888,0,0,0,0.0093261131167268,0.00300878565411,3,0.0,1
889,0,0,0,0.0,0.00300878565411,5,0.0,1
890,0,0,0,0.0045126353790613,0.003911421350343,3,0.0,1
891,0,0,0,0.0042117930204572,0.0047538813334938,3,0.0,1
892,0,0,0,0.0,0.0047538813334938,5,0.0,1
893,0,0,0,0.0,0.0047538813334938,5,0.0,1
894,0,0,0,0.0072202166064981,0.0061980984474666,3,0.0,1
895,0,0,0,0.0,0.0061980984474666,5,0.0,1
896,0,0,0,0.0,0.0061980984474666,5,0.0,1
897,0,0,0,0.0,0.0061980984474666,5,0.0,1
898,0,0,0,0.0,0.0061980984474666,5,0.0,1
899,0,0,0,0.0348977135980746,0.0131784811650018,4,0.0,1
900,0,0,0,0.0,0.0131784811650018,5,0.0,1
901,0,0,0,0.0,0.0131784811650018,5,0.0,1
902,0,0,0,0.0,0.0131784811650018,5,0.0,1
903,0,0,0,0.0168471720818291,0.016548321097605,3,0.0,1
904,0,0,0,0.0451263537906137,0.025574678059935,4,0.0,1
905,0,0,0,0.0,0.025574678059935,5,0.0,1
906,0,0,0,0.0,0.025574678059935,5,0.0,1
907,0,0,0,0.0460288808664259,0.0347815621615116,4,0.0,2
908,0,0,0,0.0,0.0347815621615116,5,0.0,1
909,0,0,0,0.0306859205776173,0.040919484895896,4,0.0,1
910,0,0,0,0.0403128760529482,0.0489830304489108,4,0.0,1
911,0,0,0,0.0,0.0489830304489108,5,0.0,1
912,0,0,0,0.0,0.0,5,0.0,1
913,0,0,0,0.0,0.0,5,0.0,1
914,0,0,0,0.0,0.0,5,0.0,1
915,0,0,0,0.0,0.0,5,0.0,1
916,0,0,0,0.0,0.0,5,0.0,1
917,0,0,0,0.0,0.0,5,0.0,1
918,0,0,0,0.0,0.0,5,0.0,1
919,0,0,0,0.0,0.0,5,0.0,1
920,0,0,0,0.0093261131167268,0.0018654471055482,3,0.0,1
921,0,0,0,0.0487364620938628,0.0116139126248646,4,0.0,2
922,0,0,0,0.0,0.0116139126248646,5,0.0,1
923,0,0,0,0.0042117930204572,0.0124563726080154,3,0.0,1
924,0,0,0,0.023164861612515,0.0170899025153448,4,0.0,1
925,0,0,0,0.0,0.0170899025153448,5,0.0,1
926,0,0,0,0.0,0.0170899025153448,5,0.0,1
927,0,0,0,0.0,0.0170899025153448,5,0.0,1
928,0,0,0,0.0,0.0170899025153448,5,0.0,1
929,0,0,0,0.0,0.0170899025153448,5,0.0,1
930,0,0,0,0.0,0.0170899025153448,5,0.0,1
931,0,0,0,0.0,0.0170899025153448,5,0.0,1
932,0,0,0,0.0,0.0170899025153448,5,0.0,1
933,0,0,0,0.0,0.0170899025153448,5,0.0,1
934,0,0,0,0.0246690734055354,0.0220243109880852,4,0.0,1
935,0,0,0,0.0,0.0220243109880852,5,0.0,1
936,0,0,0,0.00661853188929,0.0233481766758936,3,0.0,1
937,0,0,0,0.0,0.0233481766758936,5,0.0,1
938,0,0,0,0.0042117930204572,0.0241906366590444,3,0.0,1
939,0,0,0,0.009927797833935,0.026176435190757,3,0.0,1
940,0,0,0,0.0,0.026176435190757,5,0.0,1
941,0,0,0,0.0252707581227436,0.0312311950896618,4,0.0,1
942,0,0,0,0.0,0.0312311950896618,5,0.0,1
943,0,0,0,0.0048134777376654,0.0009628114093152,3,0.0,1
944,0,0,0,0.0117328519855595,0.003309664219521,3,0.0,1
945,0,0,0,0.0,0.003309664219521,5,0.0,1
946,0,0,0,0.0,0.003309664219521,5,0.0,1
947,0,0,0,0.0246690734055354,0.0082440726922614,4,0.0,1
948,0,0,0,0.0,0.0082440726922614,5,0.0,1
949,0,0,0,0.0,0.0082440726922614,5,0.0,1
950,0,0,0,0.0379061371841155,0.0158262125406186,4,0.0,1
951,0,0,0,0.0,0.0158262125406186,5,0.0,1
952,0,0,0,0.0,0.0158262125406186,5,0.0,1
953,0,0,0,0.0,0.0158262125406186,5,0.0,1
954,0,0,0,0.0,0.0158262125406186,5,0.0,1
955,0,0,0,0.0,0.0158262125406186,5,0.0,1
956,0,0,0,0.0,0.0158262125406186,5,0.0,1
957,0,0,0,0.0123345367027677,0.0182934167769888,3,0.0,1
958,0,0,0,0.0,0.0182934167769888,5,0.0,1
959,0,0,0,0.0045126353790613,0.0191960524732218,3,0.0,1
960,0,0,0,0.0,0.0191960524732218,5,0.0,1
961,0,0,0,0.0,0.0191960524732218,5,0.0,1
962,0,0,0,0.0,0.0191960524732218,5,0.0,1
963,0,0,0,0.0676895306859205,0.0327355879167168,4,0.0,2
964,0,0,0,0.0108303249097472,0.034901913587676,3,0.0,1
965,0,0,0,0.0,0.034901913587676,5,0.0,1
966,0,0,0,0.0,0.034901913587676,5,0.0,1
967,0,0,0,0.0,0.034901913587676,5,0.0,1
968,0,0,0,0.5649819494584838,0.1479119027560476,1,0.6666666666666666,0
969,0,0,0,0.0054151624548736,0.1489950655915272,3,0.0,1
970,0,0,0,0.003610108303249,0.1497171741485136,3,0.0,1
971,0,0,0,0.0,0.1497171741485136,5,0.0,1
972,0,0,0,0.0565583634175691,0.1610302082079672,4,0.0,2
973,0,0,0,0.0,0.1610302082079672,5,0.0,1
974,0,0,0,0.0,0.0,5,0.0,1
975,0,0,0,0.0015042117930204,0.000300878565411,3,0.0,1
976,0,0,0,0.0,0.000300878565411,5,0.0,1
977,0,0,0,0.0048134777376654,0.0012636899747262,3,0.0,1
978,0,0,0,0.0,0.0012636899747262,5,0.0,1
979,0,0,0,0.0,0.0012636899747262,5,0.0,1
980,0,0,0,0.0204572803850782,0.0053556384643158,3,0.0,1
981,0,0,0,0.0,0.0053556384643158,5,0.0,1
982,0,0,0,0.0,0.0053556384643158,5,0.0,1
983,0,0,0,0.0177496991576413,0.0089060055361656,3,0.0,1
984,0,0,0,0.0628760529482551,0.0214827295703454,4,0.0,2
985,0,0,0,0.0,0.0214827295703454,5,0.0,1
986,0,0,0,0.0,0.0214827295703454,5,0.0,1
987,0,0,0,0.0,0.0214827295703454,5,0.0,1
988,0,0,0,0.0,0.0214827295703454,5,0.0,1
989,0,0,0,0.0,0.0214827295703454,5,0.0,1
990,0,0,0,0.0,0.0214827295703454,5,0.0,1
991,0,0,0,0.0159446450060168,0.024672042363702,3,0.0,1
992,0,0,0,0.0,0.024672042363702,5,0.0,1
993,0,0,0,0.0,0.024672042363702,5,0.0,1
994,0,0,0,0.0,0.024672042363702,5,0.0,1
995,0,0,0,0.0,0.024672042363702,5,0.0,1
996,0,0,0,0.0,0.024672042363702,5,0.0,1
997,0,0,0,0.0,0.024672042363702,5,0.0,1
998,0,0,0,0.0,0.024672042363702,5,0.0,1
999,0,0,0,0.0,0.024672042363702,5,0.0,1
1000,0,0,0,0.0,0.024672042363702,5,0.0,1
1001,0,0,0,0.0,0.024672042363702,5,0.0,1
1002,0,0,0,0.0,0.024672042363702,5,0.0,1
1003,0,0,0,0.0,0.024672042363702,5,0.0,1
1004,0,0,0,0.0,0.0,5,0.0,1
1005,0,0,0,0.0,0.0,5,0.0,1
1006,0,0,0,0.0,0.0,5,0.0,1
1007,0,0,0,0.0,0.0,5,0.0,1
1008,0,0,0,0.0,0.0,5,0.0,1
1009,0,0,0,0.0,0.0,5,0.0,1
1010,0,0,0,0.0,0.0,5,0.0,1
1011,0,0,0,0.0051143200962695,0.0010229871223974,3,0.0,1
1012,0,0,0,0.0,0.0010229871223974,5,0.0,1
1013,0,0,0,0.0015042117930204,0.0013238656878084,3,0.0,1
1014,0,0,0,0.0,0.0013238656878084,5,0.0,1
1015,0,0,0,0.0,0.0013238656878084,5,0.0,1
1016,0,0,0,0.0,0.0013238656878084,5,0.0,1
1017,0,0,0,0.0,0.0013238656878084,5,0.0,1
1018,0,0,0,0.0039109506618531,0.002106149957877,3,0.0,1
1019,0,0,0,0.0,0.002106149957877,5,0.0,1
1020,0,0,0,0.0021058965102286,0.0025273799494524,3,0.0,1
1021,0,0,0,0.0,0.0025273799494524,5,0.0,1
1022,0,0,0,0.0009025270758122,0.002707907088699,3,0.0,1
1023,0,0,0,0.0,0.002707907088699,5,0.0,1
1024,0,0,0,0.0045126353790613,0.003610542784932,3,0.0,1
1025,0,0,0,0.0,0.003610542784932,5,0.0,1
1026,0,0,0,0.0,0.003610542784932,5,0.0,1
1027,0,0,0,0.0,0.003610542784932,5,0.0,1
1028,0,0,0,0.0090252707581227,0.005415814177398,3,0.0,1
1029,0,0,0,0.0240673886883273,0.010229871223974,4,0.0,1
1030,0,0,0,0.0,0.010229871223974,5,0.0,1
1031,0,0,0,0.0009025270758122,0.0104103983632206,3,0.0,1
1032,0,0,0,0.0,0.0104103983632206,5,0.0,1
1033,0,0,0,0.0,0.0104103983632206,5,0.0,1
1034,0,0,0,0.0018050541516245,0.0107714526417138,3,0.0,1
1035,0,0,0,0.0,0.0,5,0.0,1
1036,0,0,0,0.0,0.0,5,0.0,1
1037,0,0,0,0.0,0.0,5,0.0,1
1038,0,0,0,0.0,0.0,5,0.0,1
1039,0,0,0,0.0,0.0,5,0.0,1
1040,0,0,0,0.0,0.0,5,0.0,1
1041,0,0,0,0.0,0.0,5,0.0,1
1042,0,0,0,0.0,0.0,5,0.0,1
1043,0,0,0,0.0,0.0,5,0.0,1
1044,0,0,0,0.0,0.0,5,0.0,1
1045,0,0,0,0.0,0.0,5,0.0,1
1046,0,0,0,0.0,0.0,5,0.0,1
1047,0,0,0,0.0,0.0,5,0.0,1
1048,0,0,0,0.0,0.0,5,0.0,1
1049,0,0,0,0.0,0.0,5,0.0,1
1050,0,0,0,0.0,0.0,5,0.0,1
1051,0,0,0,0.000300842358604,6.017571308220002e-05,3,0.0,1
1052,0,0,0,0.0,6.017571308220002e-05,5,0.0,1
1053,0,0,0,0.0,6.017571308220002e-05,5,0.0,1
1054,0,0,0,0.0,6.017571308220002e-05,5,0.0,1
1055,0,0,0,0.0,6.017571308220002e-05,5,0.0,1
1056,0,0,0,0.0,6.017571308220002e-05,5,0.0,1
1057,0,0,0,0.0,6.017571308220002e-05,5,0.0,1
1058,0,0,0,0.0,6.017571308220002e-05,5,0.0,1
1059,0,0,0,0.0,6.017571308220002e-05,5,0.0,1
1060,0,0,0,0.0,6.017571308220002e-05,5,0.0,1
1061,0,0,0,0.0,6.017571308220002e-05,5,0.0,1
1062,0,0,0,0.0045126353790613,0.0009628114093152,3,0.0,1
1063,0,0,0,0.0120336943441636,0.0033698399326032,3,0.0,1
1064,0,0,0,0.0,0.0033698399326032,5,0.0,1
1065,0,0,0,0.0,0.0,5,0.0,1
1066,0,0,0,0.0,0.0,5,0.0,1
1067,0,0,0,0.0186522262334536,0.0037308942110964,3,0.0,1
1068,0,0,0,0.0,0.0037308942110964,5,0.0,1
1069,0,0,0,0.0,0.0037308942110964,5,0.0,1
1070,0,0,0,0.0,0.0037308942110964,5,0.0,1
1071,0,0,0,0.0,0.0037308942110964,5,0.0,1
1072,0,0,0,0.0,0.0037308942110964,5,0.0,1
1073,0,0,0,0.0,0.0037308942110964,5,0.0,1
1074,0,0,0,0.0,0.0037308942110964,5,0.0,1
1075,0,0,0,0.0,0.0037308942110964,5,0.0,1
1076,0,0,0,0.0,0.0037308942110964,5,0.0,1
1077,0,0,0,0.0,0.0037308942110964,5,0.0,1
1078,0,0,0,0.0,0.0037308942110964,5,0.0,1
1079,0,0,0,0.0,0.0037308942110964,5,0.0,1
1080,0,0,0,0.0,0.0037308942110964,5,0.0,1
1081,0,0,0,0.0,0.0037308942110964,5,0.0,1
1082,0,0,0,0.0,0.0037308942110964,5,0.0,1
1083,0,0,0,0.0,0.0037308942110964,5,0.0,1
1084,0,0,0,0.0,0.0037308942110964,5,0.0,1
1085,0,0,0,0.0,0.0037308942110964,5,0.0,1
1086,0,0,0,0.0,0.0037308942110964,5,0.0,1
1087,0,0,0,0.0,0.0037308942110964,5,0.0,1
1088,0,0,0,0.0,0.0037308942110964,5,0.0,1
1089,0,0,0,0.0,0.0037308942110964,5,0.0,1
1090,0,0,0,0.0,0.0037308942110964,5,0.0,1
1091,0,0,0,0.0,0.0037308942110964,5,0.0,1
1092,0,0,0,0.0,0.0037308942110964,5,0.0,1
1093,0,0,0,0.0,0.0037308942110964,5,0.0,1
1094,0,0,0,0.0,0.0037308942110964,5,0.0,1
1095,0,0,0,0.0,0.0037308942110964,5,0.0,1
1096,0,0,3,0.0,0.0,5,0.0,1
1097,0,0,3,0.0,0.0,5,0.0,1
1098,0,0,3,0.0,0.0,5,0.0,1
1099,0,0,3,0.0,0.0,5,0.0,1
1100,0,0,3,0.0,0.0,5,0.0,1
1101,0,0,3,0.0,0.0,5,0.0,1
1102,0,0,3,0.0,0.0,5,0.0,1
1103,0,0,3,0.0,0.0,5,0.0,1
1104,0,0,3,0.0,0.0,5,0.0,1
1105,0,0,3,0.0,0.0,5,0.0,1
1106,0,0,3,0.0,0.0,5,0.0,1
1107,0,0,3,0.0,0.0,5,0.0,1
1108,0,0,3,0.0,0.0,5,0.0,1
1109,0,0,3,0.0,0.0,5,0.0,1
1110,0,0,3,0.0,0.0,5,0.0,1
1111,0,0,3,0.0,0.0,5,0.0,1
1112,0,0,3,0.003309265944645,0.0006619328439042,3,0.0,1
1113,0,0,3,0.0,0.0006619328439042,5,0.0,1
1114,0,0,3,0.0,0.0006619328439042,5,0.0,1
1115,0,0,3,0.0,0.0006619328439042,5,0.0,1
1116,0,0,3,0.0,0.0006619328439042,5,0.0,1
1117,0,0,3,0.0,0.0006619328439042,5,0.0,1
1118,0,0,3,0.0,0.0006619328439042,5,0.0,1
1119,0,0,3,0.0,0.0006619328439042,5,0.0,1
1120,0,0,3,0.0,0.0006619328439042,5,0.0,1
1121,0,0,3,0.0,0.0006619328439042,5,0.0,1
1122,0,0,3,0.0,0.0006619328439042,5,0.0,1
1123,0,0,3,0.0,0.0006619328439042,5,0.0,1
1124,0,0,3,0.0,0.0006619328439042,5,0.0,1
1125,0,0,3,0.0,0.0006619328439042,5,0.0,1
1126,0,0,3,0.0,0.0006619328439042,5,0.0,1
1127,0,0,3,0.0096269554753309,0.0019256228186304,3,0.0,1
1128,0,0,3,0.0,0.0019256228186304,5,0.0,1
1129,0,0,3,0.0,0.0019256228186304,5,0.0,1
1130,0,0,3,0.0,0.0019256228186304,5,0.0,1
1131,0,0,3,0.0,0.0019256228186304,5,0.0,1
1132,0,0,3,0.0,0.0019256228186304,5,0.0,1
1133,0,0,3,0.0,0.0019256228186304,5,0.0,1
1134,0,0,3,0.0,0.0019256228186304,5,0.0,1
1135,0,0,3,0.0204572803850782,0.00601757130822,3,0.0,1
1136,0,0,3,0.0,0.00601757130822,5,0.0,1
1137,0,0,3,0.0,0.00601757130822,5,0.0,1
1138,0,0,3,0.0,0.00601757130822,5,0.0,1
1139,0,0,3,0.0,0.00601757130822,5,0.0,1
1140,0,0,3,0.0,0.00601757130822,5,0.0,1
1141,0,0,3,0.0,0.00601757130822,5,0.0,1
1142,0,0,3,0.0,0.00601757130822,5,0.0,1
1143,0,0,3,0.0,0.00601757130822,5,0.0,1
1144,0,0,3,0.0505415162454873,0.0161270911060296,4,0.0,2
1145,0,0,3,0.0,0.0161270911060296,5,0.0,1
1146,0,0,3,0.0,0.0161270911060296,5,0.0,1
1147,0,0,3,0.0,0.0161270911060296,5,0.0,1
1148,0,0,3,0.0,0.0161270911060296,5,0.0,1
1149,0,0,3,0.0,0.0161270911060296,5,0.0,1
1150,0,0,3,0.0,0.0161270911060296,5,0.0,1
1151,0,0,3,0.0,0.0161270911060296,5,0.0,1
1152,0,0,3,0.0,0.0161270911060296,5,0.0,1
1153,0,0,3,0.0,0.0161270911060296,5,0.0,1
1154,0,0,3,0.0,0.0161270911060296,5,0.0,1
1155,0,0,3,0.0240673886883273,0.004814057046576,4,0.0,1
1156,0,0,3,0.0,0.004814057046576,5,0.0,1
1157,0,0,3,0.0,0.004814057046576,5,0.0,1
1158,0,0,3,0.0,0.004814057046576,5,0.0,1
1159,0,0,3,0.0,0.004814057046576,5,0.0,1
1160,0,0,3,0.0,0.004814057046576,5,0.0,1
1161,0,0,3,0.0,0.004814057046576,5,0.0,1
1162,0,0,3,0.0,0.004814057046576,5,0.0,1
1163,0,0,3,0.0,0.004814057046576,5,0.0,1
1164,0,0,3,0.0,0.004814057046576,5,0.0,1
1165,0,0,3,0.0,0.004814057046576,5,0.0,1
1166,0,0,3,0.0,0.004814057046576,5,0.0,1
1167,0,0,3,0.0,0.004814057046576,5,0.0,1
1168,0,0,3,0.0,0.004814057046576,5,0.0,1
1169,0,0,3,0.0,0.004814057046576,5,0.0,1
1170,0,0,3,0.0,0.004814057046576,5,0.0,1
1171,0,0,3,0.0,0.004814057046576,5,0.0,1
1172,0,0,3,0.0,0.004814057046576,5,0.0,1
1173,0,0,3,0.0,0.004814057046576,5,0.0,1
1174,0,0,3,0.0,0.004814057046576,5,0.0,1
1175,0,0,3,0.0,0.004814057046576,5,0.0,1
1176,0,0,3,0.0,0.004814057046576,5,0.0,1
1177,0,0,3,0.0,0.004814057046576,5,0.0,1
1178,0,0,3,0.0,0.004814057046576,5,0.0,1
1179,0,0,3,0.0,0.004814057046576,5,0.0,1
1180,0,0,3,0.0,0.004814057046576,5,0.0,1
1181,0,0,3,0.0,0.004814057046576,5,0.0,1
1182,0,0,3,0.0,0.004814057046576,5,0.0,1
1183,0,0,3,0.0,0.004814057046576,5,0.0,1
1184,0,0,3,0.0,0.004814057046576,5,0.0,1
1185,0,0,3,0.0,0.004814057046576,5,0.0,1
1186,0,0,3,0.0039109506618531,0.0007822842700686,3,0.0,1
1187,0,0,3,0.0,0.0007822842700686,5,0.0,1
1188,0,0,3,0.0,0.0007822842700686,5,0.0,1
1189,0,0,3,0.0,0.0007822842700686,5,0.0,1
1190,0,0,3,0.0,0.0007822842700686,5,0.0,1
1191,0,0,3,0.0,0.0007822842700686,5,0.0,1
1192,0,0,3,0.0,0.0007822842700686,5,0.0,1
1193,0,0,3,0.0376052948255114,0.0083042484053436,4,0.0,1
1194,0,0,3,0.0,0.0083042484053436,5,0.0,1
1195,0,0,3,0.0,0.0083042484053436,5,0.0,1
1196,0,0,3,0.0,0.0083042484053436,5,0.0,1
1197,0,0,3,0.0,0.0083042484053436,5,0.0,1
1198,0,0,3,0.0,0.0083042484053436,5,0.0,1
1199,0,0,3,0.0,0.0083042484053436,5,0.0,1
1200,0,0,3,0.0,0.0083042484053436,5,0.0,1
1201,0,0,3,0.0,0.0083042484053436,5,0.0,1
1202,0,0,3,0.0048134777376654,0.0092670598146588,3,0.0,1
1203,0,0,3,0.0,0.0092670598146588,5,0.0,1
1204,0,0,3,0.0,0.0092670598146588,5,0.0,1
1205,0,0,3,0.0,0.0092670598146588,5,0.0,1
1206,0,0,3,0.0,0.0092670598146588,5,0.0,1
1207,0,0,3,0.0,0.0092670598146588,5,0.0,1
1208,0,0,3,0.0,0.0092670598146588,5,0.0,1
1209,0,0,3,0.0,0.0092670598146588,5,0.0,1
1210,0,0,3,0.0,0.0092670598146588,5,0.0,1
1211,0,0,3,0.0,0.0092670598146588,5,0.0,1
1212,0,0,3,0.0,0.0092670598146588,5,0.0,1
1213,0,0,3,0.0,0.0092670598146588,5,0.0,1
1214,0,0,3,0.0,0.0092670598146588,5,0.0,1
1215,0,0,3,0.0,0.0092670598146588,5,0.0,1
1216,0,0,3,0.0,0.0,5,0.0,1
1217,0,0,3,0.0,0.0,5,0.0,1
1218,0,0,3,0.0,0.0,5,0.0,1
1219,0,0,3,0.0186522262334536,0.0037308942110964,3,0.0,1
1220,0,0,3,0.0,0.0037308942110964,5,0.0,1
1221,0,0,3,0.0,0.0037308942110964,5,0.0,1
1222,0,0,3,0.0171480144404332,0.0071609098567818,3,0.0,1
1223,0,0,3,0.0,0.0071609098567818,5,0.0,1
1224,0,0,3,0.0,0.0071609098567818,5,0.0,1
1225,0,0,3,0.0,0.0071609098567818,5,0.0,1
1226,0,0,3,0.0,0.0071609098567818,5,0.0,1
1227,0,0,3,0.0,0.0071609098567818,5,0.0,1
1228,0,0,3,0.0,0.0071609098567818,5,0.0,1
1229,0,0,3,0.0,0.0071609098567818,5,0.0,1
1230,0,0,3,0.0057160048134777,0.0083042484053436,3,0.0,1
1231,0,0,3,0.0,0.0083042484053436,5,0.0,1
1232,0,0,3,0.0228640192539109,0.0128776025995908,4,0.0,1
1233,0,0,3,0.023164861612515,0.0175111325069202,4,0.0,1
1234,0,0,3,0.0,0.0175111325069202,5,0.0,1
1235,0,0,3,0.0,0.0175111325069202,5,0.0,1
1236,0,0,3,0.0,0.0175111325069202,5,0.0,1
1237,0,0,3,0.0,0.0175111325069202,5,0.0,1
1238,0,0,3,0.0312876052948255,0.023769406667469,4,0.0,1
1239,0,0,3,0.0321901323706377,0.0302082079672644,4,0.0,1
1240,0,0,3,0.0,0.0302082079672644,5,0.0,1
1241,0,0,3,0.0,0.0302082079672644,5,0.0,1
1242,0,0,3,0.0,0.0302082079672644,5,0.0,1
1243,0,0,3,0.0,0.0302082079672644,5,0.0,1
1244,0,0,3,0.0111311672683513,0.0324347093513058,3,0.0,1
1245,0,0,3,0.0174488567990373,0.0359249007100734,3,0.0,1
1246,0,0,3,0.0,0.0359249007100734,5,0.0,1
1247,0,0,3,0.0550541516245487,0.0110121554940426,4,0.0,2
1248,0,0,3,0.0,0.0110121554940426,5,0.0,1
1249,0,0,3,0.0006016847172081,0.011132506920207,3,0.0,1
1250,0,0,3,0.0,0.011132506920207,5,0.0,1
1251,0,0,3,0.0706979542719614,0.025273799494524,4,0.0,2
1252,0,0,3,0.0072202166064981,0.0267180166084968,3,0.0,1
1253,0,0,3,0.0,0.0267180166084968,5,0.0,1
1254,0,0,3,0.0018050541516245,0.02707907088699,3,0.0,1
1255,0,0,3,0.0478339350180505,0.0366470092670598,4,0.0,2
1256,0,0,3,0.0697954271961492,0.0506077747021302,4,0.0,2
1257,0,0,3,0.0,0.0506077747021302,5,0.0,1
1258,0,0,3,0.0069193742478941,0.0519918161030208,3,0.0,1
1259,0,0,3,0.1549338146811071,0.0829823083403538,2,0.0,0
1260,0,0,3,0.0451263537906137,0.0920086653026838,4,0.0,1
1261,0,0,3,0.0255716004813477,0.0971236009146708,4,0.0,1
1262,0,0,3,0.0045126353790613,0.0980262366109038,3,0.0,1
1263,0,0,3,0.1338748495788207,0.1248044289324828,2,0.0,0
1264,0,0,3,0.0,0.1248044289324828,5,0.0,1
1265,0,0,3,0.1275571600481347,0.1503189312793356,2,0.0,0
1266,0,0,3,0.1501203369434416,0.1803466121073534,2,0.0,0
1267,0,0,3,0.0,0.1803466121073534,5,0.0,1
1268,0,0,3,0.0027075812274368,0.1808881935250932,3,0.0,1
1269,0,0,3,0.0,0.1808881935250932,5,0.0,1
1270,0,0,3,0.0,0.1808881935250932,5,0.0,1
1271,0,0,3,0.0,0.1808881935250932,5,0.0,1
1272,0,0,3,0.0186522262334536,0.1846190877361896,3,0.0,1
1273,0,0,3,0.1146209386281588,0.2075460344205078,2,0.0,0
1274,0,0,3,0.0875451263537906,0.225057166927428,4,0.0,2
1275,0,0,3,0.0920577617328519,0.2434709351305813,4,0.0,2
1276,0,0,3,0.0222623345367027,0.2479239378986641,3,0.0,1
1277,0,0,3,0.0719013237063778,0.0143819954266458,4,0.0,2
1278,0,0,3,0.003610108303249,0.0151041039836322,3,0.0,1
1279,0,0,3,0.0935619735258724,0.0338187507521964,4,0.0,2
1280,0,0,3,0.0117328519855595,0.0361656035624022,3,0.0,1
1281,0,0,3,0.0830324909747292,0.0527741003730894,4,0.0,2
1282,0,0,3,0.0,0.0527741003730894,5,0.0,1
1283,0,0,3,0.0285800240673886,0.0584907931158984,4,0.0,1
1284,0,0,3,0.1061973525872442,0.079732819833915,4,0.0,0
1285,0,0,3,0.0409145607701564,0.0879167168130942,4,0.0,1
1286,0,0,3,0.0788206979542719,0.1036827536406306,4,0.0,2
1287,0,0,3,0.0021058965102286,0.104103983632206,3,0.0,1
1288,0,0,3,0.0060168471720818,0.10530749789385,3,0.0,1
1289,0,0,3,0.0243682310469314,0.1101817306535082,4,0.0,1
1290,0,0,3,0.1022864019253911,0.1306414731014562,4,0.0,2
1291,0,0,3,0.0126353790613718,0.1331688530509086,3,0.0,1
1292,0,0,3,0.0114320096269554,0.1354555301480322,3,0.0,1
1293,0,0,3,0.0773164861612515,0.1509206884101576,4,0.0,2
1294,0,0,3,0.0,0.1509206884101576,5,0.0,1
1295,0,0,3,0.1853188929001203,0.1879889276687928,2,0.0,0
1296,0,0,3,0.0,0.1879889276687928,5,0.0,1
1297,0,0,3,0.0315884476534296,0.1943073775424238,4,0.0,1
1298,0,0,3,0.0493381468110709,0.2041761944879047,4,0.0,2
1299,0,0,3,0.0276774969915764,0.209712360091467,4,0.0,1
1300,0,0,3,0.0845367027677497,0.2266217354675653,4,0.0,2
1301,0,0,3,0.0514440433212996,0.2369117824046215,4,0.0,2
1302,0,0,3,0.0117328519855595,0.2392586352148273,3,0.0,1
1303,0,0,3,0.1058965102286402,0.2604404862197617,4,0.0,0
1304,0,0,3,0.0439229843561973,0.2692261403297629,4,0.0,1
1305,0,0,3,0.0442238267148014,0.2780719701528463,4,0.0,1
1306,0,0,3,0.0556558363417569,0.2892044770730533,4,0.0,2
1307,0,0,3,0.0258724428399518,0.2943795883981225,4,0.0,1
1308,0,0,3,0.1862214199759326,0.0372487663978818,2,0.0,0
1309,0,0,3,0.0159446450060168,0.0404380791912384,3,0.0,1
1310,0,0,3,0.0255716004813477,0.0455530148032254,4,0.0,1
1311,0,0,3,0.0893501805054151,0.0634252015886388,4,0.0,2
1312,0,0,3,0.0114320096269554,0.0657118786857624,3,0.0,1
1313,0,0,3,0.0,0.0657118786857624,5,0.0,1
1314,0,0,3,0.016546329723225,0.0690215429052834,3,0.0,1
1315,0,0,3,0.0096269554753309,0.0709471657239138,3,0.0,1
1316,0,0,3,0.0598676293622141,0.0829221326272716,4,0.0,2
1317,0,0,3,0.0072202166064981,0.0843663497412444,3,0.0,1
1318,0,0,3,0.0676895306859205,0.0979058851847394,4,0.0,2
1319,0,0,3,0.0,0.0979058851847394,5,0.0,1
1320,0,0,3,0.085740072202166,0.1150559634131664,4,0.0,2
1321,0,0,3,0.0012033694344163,0.1152966662654952,3,0.0,1
1322,0,0,3,0.0706979542719614,0.1294379588398122,4,0.0,2
1323,0,0,3,0.0060168471720818,0.1306414731014562,3,0.0,1
1324,0,0,3,0.04632972322503,0.139908532916115,4,0.0,2
1325,0,0,3,0.0072202166064981,0.1413527500300878,3,0.0,1
1326,0,0,3,0.0,0.1413527500300878,5,0.0,1
1327,0,0,3,0.0216606498194945,0.1456854013720062,3,0.0,1
1328,0,0,3,0.0141395908543922,0.1485136598868696,3,0.0,1
1329,0,0,3,0.0054151624548736,0.1495968227223492,3,0.0,1
1330,0,0,3,0.0,0.1495968227223492,5,0.0,1
1331,0,0,3,0.1347773766546329,0.1765555421831748,2,0.0,0
1332,0,0,3,0.1134175691937424,0.1992417860151643,2,0.0,0
1333,0,0,3,0.0,0.1992417860151643,5,0.0,1
1334,0,0,3,0.0162454873646209,0.202491274521603,3,0.0,1
1335,0,0,3,0.0703971119133574,0.2165723913828378,4,0.0,2
1336,0,0,3,0.0060168471720818,0.2177759056444818,3,0.0,1
1337,0,0,3,0.0348977135980746,0.224756288362017,4,0.0,1
1338,0,0,3,0.0367027677496991,0.2320977253580455,4,0.0,1
1339,0,0,3,0.0,0.0,5,0.0,1
1340,0,0,3,0.0291817087845968,0.0058370441689734,4,0.0,1
1341,0,0,3,0.0,0.0058370441689734,5,0.0,1
1342,0,0,3,0.095667870036101,0.024972920929113,4,0.0,2
1343,0,0,3,0.1552346570397112,0.0560235888795282,2,0.0,0
1344,0,0,3,0.0815282791817088,0.0723312071248044,4,0.0,2
1345,0,0,3,0.0060168471720818,0.0735347213864484,3,0.0,1
1346,0,0,3,0.0700962695547533,0.087555662534601,4,0.0,2
1347,0,0,3,0.1344765342960289,0.1144542062823444,2,0.0,0
1348,0,0,3,0.000300842358604,0.1145143819954266,3,0.0,1
1349,0,0,3,0.0697954271961492,0.128475147430497,4,0.0,2
1350,0,0,3,0.0475330926594464,0.1379829100974846,4,0.0,2
1351,0,0,3,0.0144404332129963,0.1408713443254302,3,0.0,1
1352,0,0,3,0.0018050541516245,0.1412323986039234,3,0.0,1
1353,0,0,3,0.0749097472924187,0.1562161511613912,4,0.0,2
1354,0,0,3,0.0177496991576413,0.159766518233241,3,0.0,1
1355,0,0,3,0.0,0.159766518233241,5,0.0,1
1356,0,0,3,0.0475330926594464,0.1692742809002286,4,0.0,2
1357,0,0,3,0.1046931407942238,0.1902154290528342,4,0.0,2
1358,0,0,3,0.0412154031287605,0.1984595017450957,4,0.0,1
1359,0,0,3,0.0640794223826714,0.2112769286316043,4,0.0,2
1360,0,0,3,0.0,0.2112769286316043,5,0.0,1
1361,0,0,3,0.0562575210589651,0.2225297869779756,4,0.0,2
1362,0,0,3,0.0288808664259927,0.2283066554338668,4,0.0,1
1363,0,0,3,0.0267749699157641,0.2336622938981827,4,0.0,1
1364,0,0,3,0.0,0.2336622938981827,5,0.0,1
1365,0,0,3,0.0944645006016847,0.2525574678059935,4,0.0,2
1366,0,0,3,0.0,0.2525574678059935,5,0.0,1
1367,0,0,3,0.0607701564380264,0.2647129618485979,4,0.0,2
1368,0,0,3,0.0075210589651022,0.2662173546756529,3,0.0,1
1369,0,0,3,0.0111311672683513,0.0022265013840414,3,0.0,1
1370,0,0,3,0.003309265944645,0.0028884342279456,3,0.0,1
1371,0,0,3,0.0225631768953068,0.0074016127091106,4,0.0,1
1372,0,0,3,0.0180505415162454,0.0110121554940426,3,0.0,1
1373,0,0,3,0.0493381468110709,0.0208809724395234,4,0.0,2
1374,0,0,3,0.062575210589651,0.033397520760621,4,0.0,2
1375,0,0,3,0.0,0.033397520760621,5,0.0,1
1376,0,0,3,0.0409145607701564,0.0415814177398002,4,0.0,1
1377,0,0,3,0.0105294825511432,0.0436875676976772,3,0.0,1
1378,0,0,3,0.003309265944645,0.0443495005415814,3,0.0,1
1379,0,0,3,0.0009025270758122,0.044530027680828,3,0.0,1
1380,0,0,3,0.0,0.044530027680828,5,0.0,1
1381,0,0,3,0.0324909747292418,0.0510290046937056,4,0.0,1
1382,0,0,3,0.0060168471720818,0.0522325189553496,3,0.0,1
1383,0,0,3,0.0267749699157641,0.0575881574196654,4,0.0,1
1384,0,0,3,0.0240673886883273,0.0624022144662414,4,0.0,1
1385,0,0,3,0.0015042117930204,0.0627030930316524,3,0.0,1
1386,0,0,3,0.0060168471720818,0.0639066072932964,3,0.0,1
1387,0,0,3,0.0063176895306859,0.0651702972680226,3,0.0,1
1388,0,0,3,0.0126353790613718,0.067697677217475,3,0.0,1
1389,0,0,3,0.0321901323706377,0.0741364785172704,4,0.0,1
1390,0,0,3,0.0024067388688327,0.074617884221928,3,0.0,1
1391,0,0,3,0.0,0.074617884221928,5,0.0,1
1392,0,0,3,0.0048134777376654,0.0755806956312432,3,0.0,1
1393,0,0,3,0.0,0.0755806956312432,5,0.0,1
1394,0,0,3,0.0123345367027677,0.0780478998676134,3,0.0,1
1395,0,0,3,0.0,0.0780478998676134,5,0.0,1
1396,0,0,3,0.0006016847172081,0.0781682512937778,3,0.0,1
1397,0,0,3,0.0054151624548736,0.0792514141292574,3,0.0,1
1398,0,0,3,0.0478339350180505,0.0888193525093272,4,0.0,2
1399,0,0,3,0.0261732851985559,0.0940546395474786,4,0.0,1
1400,0,0,3,0.0,0.0,5,0.0,1
1401,0,0,3,0.0,0.0,5,0.0,1
1402,0,0,3,0.0,0.0,5,0.0,1
1403,0,0,3,0.0,0.0,5,0.0,1
1404,0,0,3,0.0,0.0,5,0.0,1
1405,0,0,3,0.0078219013237063,0.0015645685401372,3,0.0,1
1406,0,0,3,0.0,0.0015645685401372,5,0.0,1
1407,0,0,3,0.0382069795427196,0.0092068841015766,4,0.0,1
1408,0,0,3,0.0,0.0092068841015766,5,0.0,1
1409,0,0,3,0.0102286401925391,0.0112528583463714,3,0.0,1
1410,0,0,3,0.0012033694344163,0.0114935611987002,3,0.0,1
1411,0,0,3,0.0,0.0114935611987002,5,0.0,1
1412,0,0,3,0.003610108303249,0.0122156697556866,3,0.0,1
1413,0,0,3,0.0,0.0122156697556866,5,0.0,1
1414,0,0,3,0.0,0.0122156697556866,5,0.0,1
1415,0,0,3,0.0063176895306859,0.0134793597304128,3,0.0,1
1416,0,0,3,0.0574608904933814,0.024972920929113,4,0.0,2
1417,0,0,3,0.0,0.024972920929113,5,0.0,1
1418,0,0,3,0.0,0.024972920929113,5,0.0,1
1419,0,0,3,0.0,0.024972920929113,5,0.0,1
1420,0,0,3,0.0,0.024972920929113,5,0.0,1
1421,0,0,3,0.0072202166064981,0.0264171380430858,3,0.0,1
1422,0,0,3,0.0273766546329723,0.031893127933566,4,0.0,1
1423,0,0,3,0.0,0.031893127933566,5,0.0,1
1424,0,0,3,0.0,0.031893127933566,5,0.0,1
1425,0,0,3,0.0,0.031893127933566,5,0.0,1
1426,0,0,3,0.0,0.031893127933566,5,0.0,1
1427,0,0,3,0.0,0.031893127933566,5,0.0,1
1428,0,0,3,0.0,0.031893127933566,5,0.0,1
1429,0,0,3,0.0,0.031893127933566,5,0.0,1
1430,0,0,3,0.0,0.0,5,0.0,1
1431,0,0,3,0.0,0.0,5,0.0,1
1432,0,0,3,0.0234657039711191,0.0046937056204116,4,0.0,1
1433,0,0,3,0.0,0.0046937056204116,5,0.0,1
1434,0,0,3,0.0,0.0046937056204116,5,0.0,1
1435,0,0,3,0.0,0.0046937056204116,5,0.0,1
1436,0,0,3,0.0,0.0046937056204116,5,0.0,1
1437,0,0,3,0.0,0.0046937056204116,5,0.0,1
1438,0,0,3,0.0,0.0046937056204116,5,0.0,1
1439,0,0,3,0.0,0.0046937056204116,5,0.0,1
1440,0,0,3,0.0,0.0046937056204116,5,0.0,1
1441,0,0,3,0.0,0.0046937056204116,5,0.0,1
1442,0,0,3,0.0,0.0046937056204116,5,0.0,1
1443,0,0,3,0.0,0.0046937056204116,5,0.0,1
1444,0,0,3,0.0,0.0046937056204116,5,0.0,1
1445,0,0,3,0.0,0.0046937056204116,5,0.0,1
1446,0,0,3,0.0,0.0046937056204116,5,0.0,1
1447,0,0,3,0.0,0.0046937056204116,5,0.0,1
1448,0,0,3,0.0,0.0046937056204116,5,0.0,1
1449,0,0,3,0.0,0.0046937056204116,5,0.0,1
1450,0,0,3,0.0,0.0046937056204116,5,0.0,1
1451,0,0,3,0.0,0.0046937056204116,5,0.0,1
1452,0,0,3,0.0,0.0046937056204116,5,0.0,1
1453,0,0,3,0.0,0.0046937056204116,5,0.0,1
1454,0,0,3,0.0,0.0046937056204116,5,0.0,1
1455,0,0,3,0.0,0.0046937056204116,5,0.0,1
1456,0,0,3,0.0,0.0046937056204116,5,0.0,1
1457,0,0,3,0.0,0.0046937056204116,5,0.0,1
1458,0,0,3,0.0,0.0046937056204116,5,0.0,1
1459,0,0,3,0.0,0.0046937056204116,5,0.0,1
1460,0,0,3,0.0,0.0046937056204116,5,0.0,1
1461,0,0,1,0.0,0.0,5,0.0,1
1462,0,0,1,0.0348977135980746,0.0069803827175352,4,0.0,1
1463,0,0,1,0.0,0.0069803827175352,5,0.0,1
1464,0,0,1,0.0,0.0069803827175352,5,0.0,1
1465,0,0,1,0.0,0.0069803827175352,5,0.0,1
1466,0,0,1,0.0177496991576413,0.010530749789385,3,0.0,1
1467,0,0,1,0.0,0.010530749789385,5,0.0,1
1468,0,0,1,0.0,0.010530749789385,5,0.0,1
1469,0,0,1,0.0,0.010530749789385,5,0.0,1
1470,0,0,1,0.0,0.010530749789385,5,0.0,1
1471,0,0,1,0.0,0.010530749789385,5,0.0,1
1472,0,0,1,0.0,0.010530749789385,5,0.0,1
1473,0,0,1,0.0,0.010530749789385,5,0.0,1
1474,0,0,1,0.0,0.010530749789385,5,0.0,1
1475,0,0,1,0.049638989169675,0.020459742447948,4,0.0,2
1476,0,0,1,0.0,0.020459742447948,5,0.0,1
1477,0,0,1,0.0,0.020459742447948,5,0.0,1
1478,0,0,1,0.0,0.020459742447948,5,0.0,1
1479,0,0,1,0.0,0.020459742447948,5,0.0,1
1480,0,0,1,0.0767148014440433,0.035804549283909,4,0.0,2
1481,0,0,1,0.0,0.035804549283909,5,0.0,1
1482,0,0,1,0.0,0.035804549283909,5,0.0,1
1483,0,0,1,0.0291817087845968,0.0416415934528824,4,0.0,1
1484,0,0,1,0.0,0.0416415934528824,5,0.0,1
1485,0,0,1,0.0,0.0416415934528824,5,0.0,1
1486,0,0,1,0.0797232250300842,0.0575881574196654,4,0.0,2
1487,0,0,1,0.0,0.0575881574196654,5,0.0,1
1488,0,0,1,0.0448255114320096,0.0665543386689132,4,0.0,1
1489,0,0,1,0.0,0.0665543386689132,5,0.0,1
1490,0,0,1,0.0,0.0665543386689132,5,0.0,1
1491,0,0,1,0.0,0.0665543386689132,5,0.0,1
1492,0,0,1,0.0,0.0,5,0.0,1
1493,0,0,1,0.0,0.0,5,0.0,1
1494,0,0,1,0.0,0.0,5,0.0,1
1495,0,0,1,0.0,0.0,5,0.0,1
1496,0,0,1,0.0,0.0,5,0.0,1
1497,0,0,1,0.0,0.0,5,0.0,1
1498,0,0,1,0.0,0.0,5,0.0,1
1499,0,0,1,0.0,0.0,5,0.0,1
1500,0,0,1,0.0688929001203369,0.0137802382958238,4,0.0,2
1501,0,0,1,0.0,0.0137802382958238,5,0.0,1
1502,0,0,1,0.0348977135980746,0.020760621013359,4,0.0,1
1503,0,0,1,0.0,0.020760621013359,5,0.0,1
1504,0,0,1,0.0,0.020760621013359,5,0.0,1
1505,0,0,1,0.0,0.020760621013359,5,0.0,1
1506,0,0,1,0.0,0.020760621013359,5,0.0,1
1507,0,0,1,0.0,0.020760621013359,5,0.0,1
1508,0,0,1,0.0,0.020760621013359,5,0.0,1
1509,0,0,1,0.0,0.020760621013359,5,0.0,1
1510,0,0,1,0.0,0.020760621013359,5,0.0,1
1511,0,0,1,0.0493381468110709,0.0306294379588398,4,0.0,2
1512,0,0,1,0.0,0.0306294379588398,5,0.0,1
1513,0,0,1,0.0,0.0306294379588398,5,0.0,1
1514,0,0,1,0.0,0.0306294379588398,5,0.0,1
1515,0,0,1,0.0454271961492178,0.039715970634252,4,0.0,2
1516,0,0,1,0.0448255114320096,0.0486821518834998,4,0.0,1
1517,0,0,1,0.0,0.0486821518834998,5,0.0,1
1518,0,0,1,0.0,0.0486821518834998,5,0.0,1
1519,0,0,1,0.0,0.0486821518834998,5,0.0,1
1520,0,0,1,0.0,0.0486821518834998,5,0.0,1
1521,0,0,1,0.0,0.0,5,0.0,1
1522,0,0,1,0.0,0.0,5,0.0,1
1523,0,0,1,0.0,0.0,5,0.0,1
1524,0,0,1,0.0,0.0,5,0.0,1
1525,0,0,1,0.0,0.0,5,0.0,1
1526,0,0,1,0.0,0.0,5,0.0,1
1527,0,0,1,0.0,0.0,5,0.0,1
1528,0,0,1,0.0,0.0,5,0.0,1
1529,0,0,1,0.0,0.0,5,0.0,1
1530,0,0,1,0.0,0.0,5,0.0,1
1531,0,0,1,0.0,0.0,5,0.0,1
1532,0,0,1,0.0,0.0,5,0.0,1
1533,0,0,1,0.082430806257521,0.0164881453845228,4,0.0,2
1534,0,0,1,0.0,0.0164881453845228,5,0.0,1
1535,0,0,1,0.0,0.0164881453845228,5,0.0,1
1536,0,0,1,0.0,0.0164881453845228,5,0.0,1
1537,0,0,1,0.0,0.0164881453845228,5,0.0,1
1538,0,0,1,0.0,0.0164881453845228,5,0.0,1
1539,0,0,1,0.0,0.0164881453845228,5,0.0,1
1540,0,0,1,0.0,0.0164881453845228,5,0.0,1
1541,0,0,1,0.0,0.0164881453845228,5,0.0,1
1542,0,0,1,0.0267749699157641,0.0218437838488386,4,0.0,1
1543,0,0,1,0.0,0.0218437838488386,5,0.0,1
1544,0,0,1,0.0,0.0218437838488386,5,0.0,1
1545,0,0,1,0.0,0.0218437838488386,5,0.0,1
1546,0,0,1,0.0,0.0218437838488386,5,0.0,1
1547,0,0,1,0.00661853188929,0.023167649536647,3,0.0,1
1548,0,0,1,0.0508423586040914,0.0333373450475388,4,0.0,2
1549,0,0,1,0.0,0.0333373450475388,5,0.0,1
1550,0,0,1,0.0,0.0333373450475388,5,0.0,1
1551,0,0,1,0.0279783393501805,0.0389336863641834,4,0.0,1
1552,0,0,1,0.0,0.0,5,0.0,1
1553,0,0,1,0.0,0.0,5,0.0,1
1554,0,0,1,0.0,0.0,5,0.0,1
1555,0,0,1,0.0,0.0,5,0.0,1
1556,0,0,1,0.0,0.0,5,0.0,1
1557,0,0,1,0.0,0.0,5,0.0,1
1558,0,0,1,0.0,0.0,5,0.0,1
1559,0,0,1,0.0,0.0,5,0.0,1
1560,0,0,1,0.0,0.0,5,0.0,1
1561,0,0,1,0.0,0.0,5,0.0,1
1562,0,0,1,0.0,0.0,5,0.0,1
1563,0,0,1,0.1134175691937424,0.0226862438319894,2,0.0,0
1564,0,0,1,0.0,0.0226862438319894,5,0.0,1
1565,0,0,1,0.0171480144404332,0.0261162594776748,3,0.0,1
1566,0,0,1,0.0703971119133574,0.0401973763389096,4,0.0,2
1567,0,0,1,0.0279783393501805,0.0457937176555542,4,0.0,1
1568,0,0,1,0.0367027677496991,0.0531351546515826,4,0.0,1
1569,0,0,1,0.0,0.0531351546515826,5,0.0,1
1570,0,0,1,0.0,0.0531351546515826,5,0.0,1
1571,0,0,1,0.0,0.0531351546515826,5,0.0,1
1572,0,0,1,0.0,0.0531351546515826,5,0.0,1
1573,0,0,1,0.0,0.0531351546515826,5,0.0,1
1574,0,0,1,0.0,0.0531351546515826,5,0.0,1
1575,0,0,1,0.0,0.0531351546515826,5,0.0,1
1576,0,0,1,0.0054151624548736,0.0542183174870622,3,0.0,1
1577,0,0,1,0.0,0.0542183174870622,5,0.0,1
1578,0,0,1,0.0361010830324909,0.0614394030569262,4,0.0,1
1579,0,0,1,0.0,0.0614394030569262,5,0.0,1
1580,0,0,1,0.0,0.0614394030569262,5,0.0,1
1581,0,0,1,0.0,0.0614394030569262,5,0.0,1
1582,0,0,1,0.0,0.0,5,0.0,1
1583,0,0,1,0.0358002406738868,0.0071609098567818,4,0.0,1
1584,0,0,1,0.0093261131167268,0.00902635696233,3,0.0,1
1585,0,0,1,0.0,0.00902635696233,5,0.0,1
1586,0,0,1,0.0,0.00902635696233,5,0.0,1
1587,0,0,1,0.003610108303249,0.0097484655193164,3,0.0,1
1588,0,0,1,0.0273766546329723,0.0152244554097966,4,0.0,1
1589,0,0,1,0.0126353790613718,0.017751835359249,3,0.0,1
1590,0,0,1,0.0018050541516245,0.0181128896377422,3,0.0,1
1591,0,0,1,0.0,0.0181128896377422,5,0.0,1
1592,0,0,1,0.0,0.0181128896377422,5,0.0,1
1593,0,0,1,0.0,0.0181128896377422,5,0.0,1
1594,0,0,1,0.0054151624548736,0.0191960524732218,3,0.0,1
1595,0,0,1,0.0324909747292418,0.0256950294860994,4,0.0,1
1596,0,0,1,0.0,0.0256950294860994,5,0.0,1
1597,0,0,1,0.0189530685920577,0.029486099410278,3,0.0,1
1598,0,0,1,0.0057160048134777,0.0306294379588398,3,0.0,1
1599,0,0,1,0.0,0.0306294379588398,5,0.0,1
1600,0,0,1,0.0129362214199759,0.0332169936213744,3,0.0,1
1601,0,0,1,0.0,0.0332169936213744,5,0.0,1
1602,0,0,1,0.0006016847172081,0.0333373450475388,3,0.0,1
1603,0,0,1,0.0749097472924187,0.0483210976050066,4,0.0,2
1604,0,0,1,0.0,0.0483210976050066,5,0.0,1
1605,0,0,1,0.0,0.0483210976050066,5,0.0,1
1606,0,0,1,0.0400120336943441,0.0563244674449392,4,0.0,1
1607,0,0,1,0.0111311672683513,0.0585509688289806,3,0.0,1
1608,0,0,1,0.0,0.0585509688289806,5,0.0,1
1609,0,0,1,0.0,0.0585509688289806,5,0.0,1
1610,0,0,1,0.0517448856799037,0.068901191479119,4,0.0,2
1611,0,0,1,0.0,0.068901191479119,5,0.0,1
1612,0,0,1,0.0039109506618531,0.0696834757491876,3,0.0,1
1613,0,0,1,0.1991576413959085,0.0398363220604164,6,0.3333333333333333,0
1614,0,0,1,0.1519253910950662,0.0702250571669274,2,0.0,0
1615,0,0,1,0.391696750902527,0.1485738355999518,1,0.6666666666666666,0
1616,0,0,1,0.1606498194945848,0.1807076663858466,2,0.0,0
1617,0,0,1,0.0628760529482551,0.1932843904200264,4,0.0,2
1618,0,0,1,0.0306859205776173,0.1994223131544108,4,0.0,1
1619,0,0,1,0.1170276774969915,0.2228306655433866,2,0.0,0
1620,0,0,1,0.0042117930204572,0.2236731255265374,3,0.0,1
1621,0,0,1,0.0803249097472924,0.2397400409194848,4,0.0,2
1622,0,0,1,0.0839350180505415,0.2565290648694187,4,0.0,2
1623,0,0,1,0.0866425992779783,0.2738596702370923,4,0.0,2
1624,0,0,1,0.2587244283995186,0.3256107834877843,6,0.3333333333333333,0
1625,0,0,1,0.0731046931407942,0.3402334817667589,4,0.0,2
1626,0,0,1,0.098977135980746,0.3600312913708027,4,0.0,2
1627,0,0,1,0.0183513838748495,0.3637020098688169,3,0.0,1
1628,0,0,1,0.0523465703971119,0.3741725839451197,4,0.0,2
1629,0,0,1,0.1245487364620938,0.3990853291611506,2,0.0,0
1630,0,0,1,0.0213598074608904,0.4033578047899867,3,0.0,1
1631,0,0,1,0.1663658243080625,0.4366349741244433,2,0.0,0
1632,0,0,1,0.2418772563176895,0.4850162474425322,6,0.3333333333333333,0
1633,0,0,1,0.1254512635379061,0.5101095197978096,2,0.0,0
1634,0,0,1,0.0276774969915764,0.515645685401372,4,0.0,1
1635,0,0,1,0.1729843561973525,0.550246720423637,2,0.0,0
1636,0,0,1,0.1116125150421179,0.5725719099771333,2,0.0,0
1637,0,0,1,0.1570397111913357,0.6039836322060417,2,0.0,0
1638,0,0,1,0.2719614921780987,0.6583824768323504,6,0.3333333333333333,0
1639,0,0,1,0.0589651022864019,0.6701769165964617,4,0.0,2
1640,0,0,1,0.1510228640192539,0.7003851245637261,2,0.0,0
1641,0,0,1,0.0141395908543922,0.7032133830785894,3,0.0,1
1642,0,0,1,0.3555956678700361,0.7743410759417498,1,0.6666666666666666,0
1643,0,0,1,0.0075210589651022,0.001504392827055,3,0.0,1
1644,0,0,1,0.0057160048134777,0.0026477313756168,3,0.0,1
1645,0,0,1,0.2436823104693141,0.0513900589721988,6,0.3333333333333333,0
1646,0,0,1,0.0869434416365824,0.0687808400529546,4,0.0,2
1647,0,0,1,0.0060168471720818,0.0699843543145986,3,0.0,1
1648,0,0,1,0.0881468110709988,0.0876158382476832,4,0.0,2
1649,0,0,1,0.0373044524669073,0.095077626669876,4,0.0,1
1650,0,0,1,0.0006016847172081,0.0951979780960404,3,0.0,1
1651,0,0,1,0.0911552346570397,0.113431219159947,4,0.0,2
1652,0,0,1,0.0472322503008423,0.1228788061138524,4,0.0,2
1653,0,0,1,0.1958483754512635,0.1620531953303646,6,0.3333333333333333,0
1654,0,0,1,0.0421179302045728,0.1704777951618726,4,0.0,1
1655,0,0,1,0.1239470517448857,0.195270188951739,2,0.0,0
1656,0,0,1,0.0144404332129963,0.1981586231796847,3,0.0,1
1657,0,0,1,0.4133574007220217,0.2808400529546275,1,0.6666666666666666,0
1658,0,0,1,0.0084235860409145,0.2825249729209291,3,0.0,1
1659,0,0,1,0.0478339350180505,0.2920929113009989,4,0.0,2
1660,0,0,1,0.0084235860409145,0.2937778312673005,3,0.0,1
1661,0,0,1,0.1257521058965102,0.3189312793356601,2,0.0,0
1662,0,0,1,0.0,0.3189312793356601,5,0.0,1
1663,0,0,1,0.2948255114320096,0.3779034781562161,6,0.3333333333333333,0
1664,0,0,1,0.0315884476534296,0.3842219280298471,4,0.0,1
1665,0,0,1,0.2975330926594465,0.4437357082681429,6,0.3333333333333333,0
1666,0,0,1,0.0,0.4437357082681429,5,0.0,1
1667,0,0,1,0.0054151624548736,0.4448188711036226,3,0.0,1
1668,0,0,1,0.0541516245487364,0.4556504994584186,4,0.0,2
1669,0,0,1,0.1095066185318893,0.4775544590203394,2,0.0,0
1670,0,0,1,0.0177496991576413,0.4811048260921892,3,0.0,1
1671,0,0,1,0.0090252707581227,0.4829100974846552,3,0.0,1
1672,0,0,1,0.0,0.4829100974846552,5,0.0,1
1673,0,0,1,0.0712996389891696,0.4971717414851366,4,0.0,2
1674,0,0,1,0.0785198555956678,0.0157058611144542,4,0.0,2
1675,0,0,1,0.0610709987966305,0.0279215308701408,4,0.0,2
1676,0,0,1,0.0093261131167268,0.029786977975689,3,0.0,1
1677,0,0,1,0.0171480144404332,0.0332169936213744,3,0.0,1
1678,0,0,1,0.0731046931407942,0.047839691900349,4,0.0,2
1679,0,0,1,0.0731046931407942,0.0624623901793236,4,0.0,2
1680,0,0,1,0.2262334536702767,0.107714526417138,6,0.3333333333333333,0
1681,0,0,1,0.125150421179302,0.1327476230593332,2,0.0,0
1682,0,0,1,0.0709987966305655,0.1469490913467324,4,0.0,2
1683,0,0,1,0.0472322503008423,0.1563966783006378,4,0.0,2
1684,0,0,1,0.1116125150421179,0.178721867854134,2,0.0,0
1685,0,0,1,0.0,0.178721867854134,5,0.0,1
1686,0,0,1,0.0454271961492178,0.1878084005295462,4,0.0,2
1687,0,0,1,0.2015643802647412,0.2281261282946203,6,0.3333333333333333,0
1688,0,0,1,0.0493381468110709,0.2379949452401011,4,0.0,2
1689,0,0,1,0.0174488567990373,0.2414851365988687,3,0.0,1
1690,0,0,1,0.0661853188929001,0.2547237934769527,4,0.0,2
1691,0,0,1,0.0,0.2547237934769527,5,0.0,1
1692,0,0,1,0.0237665463297232,0.2594776748104465,4,0.0,1
1693,0,0,1,0.1666666666666666,0.2928150198579853,2,0.0,0
1694,0,0,1,0.0,0.2928150198579853,5,0.0,1
1695,0,0,1,0.2187123947051745,0.3365627632687447,6,0.3333333333333333,0
1696,0,0,1,0.1543321299638989,0.3674329040799133,2,0.0,0
1697,0,0,1,0.0361010830324909,0.3746539896497773,4,0.0,1
1698,0,0,1,0.0448255114320096,0.3836201708990251,4,0.0,1
1699,0,0,1,0.0370036101083032,0.3910217836081357,4,0.0,1
1700,0,0,1,0.0415162454873646,0.3993260320134794,4,0.0,1
1701,0,0,1,0.3444645006016847,0.4682272234925984,6,0.3333333333333333,0
1702,0,0,1,0.3408543922984356,0.536406306414731,6,0.3333333333333333,0
1703,0,0,1,0.0457280385078219,0.5455530148032254,4,0.0,2
1704,0,0,1,0.0294825511432009,0.551450234685281,4,0.0,1
1705,0,0,1,0.1913357400722021,0.0382717535202792,2,0.0,0
1706,0,0,1,0.220517448856799,0.0823805512095318,6,0.3333333333333333,0
1707,0,0,1,0.1200361010830324,0.1063906607293296,2,0.0,0
1708,0,0,1,0.1916365824308062,0.144722589962691,2,0.0,0
1709,0,0,1,0.0358002406738868,0.1518834998194728,4,0.0,1
1710,0,0,1,0.0682912154031287,0.1655433866891322,4,0.0,2
1711,0,0,1,0.3038507821901324,0.2263208569021543,6,0.3333333333333333,0
1712,0,0,1,0.089049338146811,0.2441328679744855,4,0.0,2
1713,0,0,1,0.0860409145607701,0.2613431219159947,4,0.0,2
1714,0,0,1,0.0421179302045728,0.2697677217475027,4,0.0,1
1715,0,0,1,0.1540312876052948,0.3005776868455891,2,0.0,0
1716,0,0,1,0.1726835138387485,0.3351185461547719,2,0.0,0
1717,0,0,1,0.0243682310469314,0.3399927789144301,4,0.0,1
1718,0,0,1,0.0,0.3399927789144301,5,0.0,1
1719,0,0,1,0.0351985559566787,0.3470333373450475,4,0.0,1
1720,0,0,1,0.0556558363417569,0.3581658442652545,4,0.0,2
1721,0,0,1,0.0646811070998796,0.3711036225779275,4,0.0,2
1722,0,0,1,0.2590252707581227,0.4229149115417017,6,0.3333333333333333,0
1723,0,0,1,0.0980746089049338,0.4425321940064989,4,0.0,2
1724,0,0,1,0.0932611311672683,0.4611866650619809,4,0.0,2
1725,0,0,1,0.1486161251504212,0.4909134673245877,2,0.0,0
1726,0,0,1,0.0478339350180505,0.5004814057046576,4,0.0,2
1727,0,0,1,0.0478339350180505,0.5100493440847274,4,0.0,2
1728,0,0,1,0.0024067388688327,0.510530749789385,3,0.0,1
1729,0,0,1,0.0048134777376654,0.5114935611987002,3,0.0,1
1730,0,0,1,0.0,0.5114935611987002,5,0.0,1
1731,0,0,1,0.0,0.5114935611987002,5,0.0,1
1732,0,0,1,0.0300842358604091,0.5175111325069202,4,0.0,1
1733,0,0,1,0.1380866425992779,0.54513178481165,2,0.0,0
1734,0,0,1,0.0258724428399518,0.5503068961367192,4,0.0,1
1735,0,0,1,0.03309265944645,0.006619328439042,4,0.0,1
1736,0,0,1,0.0114320096269554,0.0089060055361656,3,0.0,1
1737,0,0,1,0.0388086642599278,0.0166686725237694,4,0.0,1
1738,0,0,1,0.0027075812274368,0.0172102539415092,3,0.0,1
1739,0,0,1,0.0246690734055354,0.0221446624142496,4,0.0,1
1740,0,0,1,0.0544524669073405,0.0330364664821278,4,0.0,2
1741,0,0,1,0.0303850782190132,0.03911421350343,4,0.0,1
1742,0,0,1,0.0367027677496991,0.0464556504994584,4,0.0,1
1743,0,0,1,0.03971119133574,0.0543988446263088,4,0.0,1
1744,0,0,1,0.0508423586040914,0.0645685401372006,4,0.0,2
1745,0,0,1,0.0285800240673886,0.0702852328800096,4,0.0,1
1746,0,0,1,0.0060168471720818,0.0714887471416536,3,0.0,1
1747,0,0,1,0.0535499398315282,0.0822000240702852,4,0.0,2
1748,0,0,1,0.1077015643802647,0.1037429293537128,2,0.0,0
1749,0,0,1,0.0728038507821901,0.1183054519196052,4,0.0,2
1750,0,0,1,0.0270758122743682,0.1237212660970032,4,0.0,1
1751,0,0,1,0.0911552346570397,0.1419545071609098,4,0.0,2
1752,0,0,1,0.0,0.1419545071609098,5,0.0,1
1753,0,0,1,0.0,0.1419545071609098,5,0.0,1
1754,0,0,1,0.0069193742478941,0.1433385485618004,3,0.0,1
1755,0,0,1,0.0273766546329723,0.1488145384522806,4,0.0,1
1756,0,0,1,0.0749097472924187,0.1637982910097484,4,0.0,2
1757,0,0,1,0.0177496991576413,0.1673486580815982,3,0.0,1
1758,0,0,1,0.1474127557160048,0.1968347574918763,2,0.0,0
1759,0,0,1,0.0321901323706377,0.2032735587916717,4,0.0,1
1760,0,0,1,0.0156438026474127,0.206402695871946,3,0.0,1
1761,0,0,1,0.0045126353790613,0.207305331568179,3,0.0,1
1762,0,0,1,0.0141395908543922,0.2101335900830424,3,0.0,1
1763,0,0,1,0.0135379061371841,0.2128414971717414,3,0.0,1
1764,0,0,1,0.0270758122743682,0.2182573113491394,4,0.0,1
1765,0,0,1,0.0270758122743682,0.2236731255265374,4,0.0,1
1766,0,0,1,0.0171480144404332,0.0034300156456854,3,0.0,1
1767,0,0,1,0.0830324909747292,0.0200385124563726,4,0.0,2
1768,0,0,1,0.0,0.0200385124563726,5,0.0,1
1769,0,0,1,0.6889290012033694,0.1578408954146106,0,1.0,0
1770,0,0,1,0.0,0.1578408954146106,5,0.0,1
1771,0,0,1,0.0,0.1578408954146106,5,0.0,1
1772,0,0,1,0.000300842358604,0.1579010711276928,3,0.0,1
1773,0,0,1,0.0,0.1579010711276928,5,0.0,1
1774,0,0,1,0.0156438026474127,0.1610302082079672,3,0.0,1
1775,0,0,1,0.0574608904933814,0.1725237694066674,4,0.0,2
1776,0,0,1,0.0,0.1725237694066674,5,0.0,1
1777,0,0,1,0.0,0.1725237694066674,5,0.0,1
1778,0,0,1,0.0087244283995186,0.1742688650860512,3,0.0,1
1779,0,0,1,0.0,0.1742688650860512,5,0.0,1
1780,0,0,1,0.0523465703971119,0.184739439162354,4,0.0,2
1781,0,0,1,0.0,0.184739439162354,5,0.0,1
1782,0,0,1,0.0,0.184739439162354,5,0.0,1
1783,0,0,1,0.0,0.184739439162354,5,0.0,1
1784,0,0,1,0.0541516245487364,0.19557106751715,4,0.0,2
1785,0,0,1,0.0,0.19557106751715,5,0.0,1
1786,0,0,1,1.0,0.3955951378023829,0,1.0,0
1787,0,0,1,0.0,0.3955951378023829,5,0.0,1
1788,0,0,1,0.0556558363417569,0.4067276447225899,4,0.0,2
1789,0,0,1,0.0273766546329723,0.4122036346130701,4,0.0,1
1790,0,0,1,0.670878459687124,0.5463954747863762,0,1.0,0
1791,0,0,1,0.0,0.5463954747863762,5,0.0,1
1792,0,0,1,0.0045126353790613,0.5472981104826092,3,0.0,1
1793,0,0,1,0.0,0.5472981104826092,5,0.0,1
1794,0,0,1,0.0,0.5472981104826092,5,0.0,1
1795,0,0,1,0.0,0.5472981104826092,5,0.0,1
1796,0,0,1,0.0,0.0,5,0.0,1
1797,0,0,1,0.0,0.0,5,0.0,1
1798,0,0,1,0.0,0.0,5,0.0,1
1799,0,0,1,0.0,0.0,5,0.0,1
1800,0,0,1,0.0,0.0,5,0.0,1
1801,0,0,1,0.0,0.0,5,0.0,1
1802,0,0,1,0.0,0.0,5,0.0,1
1803,0,0,1,0.059265944645006,0.0118546154771934,4,0.0,2
1804,0,0,1,0.0,0.0118546154771934,5,0.0,1
1805,0,0,1,0.0,0.0118546154771934,5,0.0,1
1806,0,0,1,0.0,0.0118546154771934,5,0.0,1
1807,0,0,1,0.0,0.0118546154771934,5,0.0,1
1808,0,0,1,0.0,0.0118546154771934,5,0.0,1
1809,0,0,1,0.0,0.0118546154771934,5,0.0,1
1810,0,0,1,0.0,0.0118546154771934,5,0.0,1
1811,0,0,1,0.0,0.0118546154771934,5,0.0,1
1812,0,0,1,0.0015042117930204,0.0121554940426044,3,0.0,1
1813,0,0,1,0.0,0.0121554940426044,5,0.0,1
1814,0,0,1,0.0,0.0121554940426044,5,0.0,1
1815,0,0,1,0.0,0.0121554940426044,5,0.0,1
1816,0,0,1,0.0,0.0121554940426044,5,0.0,1
1817,0,0,1,0.0,0.0121554940426044,5,0.0,1
1818,0,0,1,0.0,0.0121554940426044,5,0.0,1
1819,0,0,1,0.0,0.0121554940426044,5,0.0,1
1820,0,0,1,0.0,0.0121554940426044,5,0.0,1
1821,0,0,1,0.1010830324909747,0.0323745336382236,4,0.0,2
1822,0,0,1,0.0,0.0323745336382236,5,0.0,1
1823,0,0,1,0.0,0.0323745336382236,5,0.0,1
1824,0,0,1,0.0,0.0323745336382236,5,0.0,1
1825,0,0,1,0.0,0.0323745336382236,5,0.0,1
1826,0,0,1,0.0,0.0323745336382236,5,0.0,1
0,1,0,3,0.0,0.0,5,0.0,1
1,1,0,3,0.0,0.0,5,0.0,1
2,1,0,3,0.0,0.0,5,0.0,1
3,1,0,3,0.0,0.0,5,0.0,1
4,1,0,3,0.0,0.0,5,0.0,1
5,1,0,3,0.0,0.0,5,0.0,1
6,1,0,3,0.0,0.0,5,0.0,1
7,1,0,3,0.003610108303249,0.0007221085569864,3,0.0,1
8,1,0,3,0.0,0.0007221085569864,5,0.0,1
9,1,0,3,0.0300842358604091,0.0067396798652064,4,0.0,1
10,1,0,3,0.0,0.0067396798652064,5,0.0,1
11,1,0,3,0.03309265944645,0.0133590083042484,4,0.0,1
12,1,0,3,0.003309265944645,0.0140209411481526,3,0.0,1
13,1,0,3,0.0,0.0140209411481526,5,0.0,1
14,1,0,3,0.0,0.0140209411481526,5,0.0,1
15,1,0,3,0.0012033694344163,0.0142616440004814,3,0.0,1
16,1,0,3,0.0,0.0142616440004814,5,0.0,1
17,1,0,3,0.0,0.0142616440004814,5,0.0,1
18,1,0,3,0.0,0.0142616440004814,5,0.0,1
19,1,0,3,0.0,0.0142616440004814,5,0.0,1
20,1,0,3,0.0,0.0142616440004814,5,0.0,1
21,1,0,3,0.0,0.0142616440004814,5,0.0,1
22,1,0,3,0.0,0.0142616440004814,5,0.0,1
23,1,0,3,0.0,0.0142616440004814,5,0.0,1
24,1,0,3,0.0,0.0142616440004814,5,0.0,1
25,1,0,3,0.0,0.0142616440004814,5,0.0,1
26,1,0,3,0.0,0.0142616440004814,5,0.0,1
27,1,0,3,0.0,0.0142616440004814,5,0.0,1
28,1,0,3,0.0,0.0142616440004814,5,0.0,1
29,1,0,3,0.0,0.0142616440004814,5,0.0,1
30,1,0,3,0.0210589651022864,0.0184739439162354,3,0.0,1
31,1,0,3,0.0,0.0,5,0.0,1
32,1,0,3,0.0,0.0,5,0.0,1
33,1,0,3,0.0,0.0,5,0.0,1
34,1,0,3,0.0,0.0,5,0.0,1
35,1,0,3,0.0,0.0,5,0.0,1
36,1,0,3,0.0,0.0,5,0.0,1
37,1,0,3,0.0,0.0,5,0.0,1
38,1,0,3,0.0,0.0,5,0.0,1
39,1,0,3,0.0,0.0,5,0.0,1
40,1,0,3,0.0075210589651022,0.001504392827055,3,0.0,1
41,1,0,3,0.0312876052948255,0.0077626669876038,4,0.0,1
42,1,0,3,0.0,0.0077626669876038,5,0.0,1
43,1,0,3,0.0,0.0077626669876038,5,0.0,1
44,1,0,3,0.0,0.0077626669876038,5,0.0,1
45,1,0,3,0.0,0.0077626669876038,5,0.0,1
46,1,0,3,0.0,0.0077626669876038,5,0.0,1
47,1,0,3,0.0,0.0077626669876038,5,0.0,1
48,1,0,3,0.0,0.0077626669876038,5,0.0,1
49,1,0,3,0.0,0.0077626669876038,5,0.0,1
50,1,0,3,0.0,0.0077626669876038,5,0.0,1
51,1,0,3,0.0048134777376654,0.008725478396919,3,0.0,1
52,1,0,3,0.0123345367027677,0.0111926826332892,3,0.0,1
53,1,0,3,0.0,0.0111926826332892,5,0.0,1
54,1,0,3,0.0,0.0111926826332892,5,0.0,1
55,1,0,3,0.0,0.0111926826332892,5,0.0,1
56,1,0,3,0.0054151624548736,0.0122758454687688,3,0.0,1
57,1,0,3,0.0,0.0122758454687688,5,0.0,1
58,1,0,3,0.0,0.0122758454687688,5,0.0,1
59,1,0,3,0.0,0.0122758454687688,5,0.0,1
60,1,0,3,0.0,0.0,5,0.0,1
61,1,0,3,0.0,0.0,5,0.0,1
62,1,0,3,0.0,0.0,5,0.0,1
63,1,0,3,0.0,0.0,5,0.0,1
64,1,0,3,0.0,0.0,5,0.0,1
65,1,0,3,0.0,0.0,5,0.0,1
66,1,0,3,0.0,0.0,5,0.0,1
67,1,0,3,0.0,0.0,5,0.0,1
68,1,0,3,0.0,0.0,5,0.0,1
69,1,0,3,0.0,0.0,5,0.0,1
70,1,0,3,0.0,0.0,5,0.0,1
71,1,0,3,0.0,0.0,5,0.0,1
72,1,0,3,0.0,0.0,5,0.0,1
73,1,0,3,0.0,0.0,5,0.0,1
74,1,0,3,0.0,0.0,5,0.0,1
75,1,0,3,0.0,0.0,5,0.0,1
76,1,0,3,0.0,0.0,5,0.0,1
77,1,0,3,0.0,0.0,5,0.0,1
78,1,0,3,0.0,0.0,5,0.0,1
79,1,0,3,0.0,0.0,5,0.0,1
80,1,0,3,0.0,0.0,5,0.0,1
81,1,0,3,0.0,0.0,5,0.0,1
82,1,0,3,0.0,0.0,5,0.0,1
83,1,0,3,0.0,0.0,5,0.0,1
84,1,0,3,0.0,0.0,5,0.0,1
85,1,0,3,0.0,0.0,5,0.0,1
86,1,0,3,0.0,0.0,5,0.0,1
87,1,0,3,0.0,0.0,5,0.0,1
88,1,0,3,0.0,0.0,5,0.0,1
89,1,0,3,0.0,0.0,5,0.0,1
90,1,0,3,0.0,0.0,5,0.0,1
91,1,0,3,0.0,0.0,5,0.0,1
92,1,0,3,0.0,0.0,5,0.0,1
93,1,0,3,0.0240673886883273,0.004814057046576,4,0.0,1
94,1,0,3,0.0,0.004814057046576,5,0.0,1
95,1,0,3,0.0,0.004814057046576,5,0.0,1
96,1,0,3,0.0,0.004814057046576,5,0.0,1
97,1,0,3,0.0,0.004814057046576,5,0.0,1
98,1,0,3,0.0487364620938628,0.0145625225658924,4,0.0,2
99,1,0,3,0.0,0.0145625225658924,5,0.0,1
100,1,0,3,0.0,0.0145625225658924,5,0.0,1
101,1,0,3,0.0,0.0145625225658924,5,0.0,1
102,1,0,3,0.0,0.0145625225658924,5,0.0,1
103,1,0,3,0.0,0.0145625225658924,5,0.0,1
104,1,0,3,0.0,0.0145625225658924,5,0.0,1
105,1,0,3,0.003309265944645,0.0152244554097966,3,0.0,1
106,1,0,3,0.0,0.0152244554097966,5,0.0,1
107,1,0,3,0.0027075812274368,0.0157660368275364,3,0.0,1
108,1,0,3,0.0,0.0157660368275364,5,0.0,1
109,1,0,3,0.0009025270758122,0.015946563966783,3,0.0,1
110,1,0,3,0.0,0.015946563966783,5,0.0,1
111,1,0,3,0.0,0.015946563966783,5,0.0,1
112,1,0,3,0.0,0.015946563966783,5,0.0,1
113,1,0,3,0.0,0.015946563966783,5,0.0,1
114,1,0,3,0.0,0.015946563966783,5,0.0,1
115,1,0,3,0.0,0.015946563966783,5,0.0,1
116,1,0,3,0.0,0.015946563966783,5,0.0,1
117,1,0,3,0.0108303249097472,0.0181128896377422,3,0.0,1
118,1,0,3,0.0321901323706377,0.0245516909375376,4,0.0,1
119,1,0,3,0.0,0.0245516909375376,5,0.0,1
120,1,0,3,0.0,0.0245516909375376,5,0.0,1
121,1,0,3,0.009927797833935,0.0019857985317126,3,0.0,1
122,1,0,3,0.0,0.0019857985317126,5,0.0,1
123,1,0,3,0.0,0.0019857985317126,5,0.0,1
124,1,0,3,0.0,0.0019857985317126,5,0.0,1
125,1,0,3,0.0,0.0019857985317126,5,0.0,1
126,1,0,3,0.0,0.0019857985317126,5,0.0,1
127,1,0,3,0.0,0.0019857985317126,5,0.0,1
128,1,0,3,0.0,0.0019857985317126,5,0.0,1
129,1,0,3,0.0051143200962695,0.00300878565411,3,0.0,1
130,1,0,3,0.0,0.00300878565411,5,0.0,1
131,1,0,3,0.0015042117930204,0.003309664219521,3,0.0,1
132,1,0,3,0.0096269554753309,0.0052352870381514,3,0.0,1
133,1,0,3,0.003610108303249,0.0059573955951378,3,0.0,1
134,1,0,3,0.0,0.0059573955951378,5,0.0,1
135,1,0,3,0.0,0.0059573955951378,5,0.0,1
136,1,0,3,0.0394103489771359,0.013840414008906,4,0.0,1
137,1,0,3,0.0123345367027677,0.0163076182452762,3,0.0,1
138,1,0,3,0.0,0.0163076182452762,5,0.0,1
139,1,0,3,0.0,0.0163076182452762,5,0.0,1
140,1,0,3,0.0216606498194945,0.0206402695871946,3,0.0,1
141,1,0,3,0.0156438026474127,0.023769406667469,3,0.0,1
142,1,0,3,0.0,0.023769406667469,5,0.0,1
143,1,0,3,0.0,0.023769406667469,5,0.0,1
144,1,0,3,0.0,0.023769406667469,5,0.0,1
145,1,0,3,0.0,0.023769406667469,5,0.0,1
146,1,0,3,0.0072202166064981,0.0252136237814418,3,0.0,1
147,1,0,3,0.0,0.0252136237814418,5,0.0,1
148,1,0,3,0.0,0.0252136237814418,5,0.0,1
149,1,0,3,0.0,0.0252136237814418,5,0.0,1
150,1,0,3,0.0,0.0252136237814418,5,0.0,1
151,1,0,3,0.0,0.0252136237814418,5,0.0,1
152,1,0,3,0.0436221419975932,0.008725478396919,4,0.0,1
153,1,0,3,0.029783393501805,0.0146828739920568,4,0.0,1
154,1,0,3,0.0,0.0146828739920568,5,0.0,1
155,1,0,3,0.0090252707581227,0.0164881453845228,3,0.0,1
156,1,0,3,0.0087244283995186,0.0182332410639066,3,0.0,1
157,1,0,3,0.0009025270758122,0.0184137682031532,3,0.0,1
158,1,0,3,0.0075210589651022,0.0199181610302082,3,0.0,1
159,1,0,3,0.1001805054151624,0.0399566734865808,4,0.0,2
160,1,0,3,0.0270758122743682,0.0453724876639788,4,0.0,1
161,1,0,3,0.1028880866425993,0.0659525815380912,4,0.0,2
162,1,0,3,0.0607701564380264,0.0781080755806956,4,0.0,2
163,1,0,3,0.0258724428399518,0.0832831869057648,4,0.0,1
164,1,0,3,0.0358002406738868,0.0904440967625466,4,0.0,1
165,1,0,3,0.1308664259927797,0.1166205319533036,2,0.0,0
166,1,0,3,0.2280385078219013,0.1622337224696112,6,0.3333333333333333,0
167,1,0,3,0.1320697954271961,0.188650860512697,2,0.0,0
168,1,0,3,0.0583634175691937,0.2003249488506438,4,0.0,2
169,1,0,3,0.0770156438026474,0.215729931399687,4,0.0,2
170,1,0,3,0.0294825511432009,0.2216271512817426,4,0.0,1
171,1,0,3,0.0803249097472924,0.2376940666746901,4,0.0,2
172,1,0,3,0.0,0.2376940666746901,5,0.0,1
173,1,0,3,0.098977135980746,0.2574918762787339,4,0.0,2
174,1,0,3,0.0583634175691937,0.2691659646166807,4,0.0,2
175,1,0,3,0.0607701564380264,0.2813214586592851,4,0.0,2
176,1,0,3,0.1380866425992779,0.3089421109640149,2,0.0,0
177,1,0,3,0.0309867629362214,0.3151402094114815,4,0.0,1
178,1,0,3,0.0373044524669073,0.3226019978336743,4,0.0,1
179,1,0,3,0.121841155234657,0.3469731616319653,2,0.0,0
180,1,0,3,0.0385078219013237,0.3546756529064869,4,0.0,1
181,1,0,3,0.0719013237063778,0.3690576483331327,4,0.0,2
182,1,0,3,0.01985559566787,0.0039715970634252,3,0.0,1
183,1,0,3,0.0210589651022864,0.0081838969791792,3,0.0,1
184,1,0,3,0.1311672683513838,0.0344205078830184,2,0.0,0
185,1,0,3,0.1347773766546329,0.061379227343844,2,0.0,0
186,1,0,3,0.1474127557160048,0.090865326754122,2,0.0,0
187,1,0,3,0.1149217809867629,0.1138524491515224,2,0.0,0
188,1,0,3,0.0045126353790613,0.1147550848477554,3,0.0,1
189,1,0,3,0.0,0.1147550848477554,5,0.0,1
190,1,0,3,0.0,0.1147550848477554,5,0.0,1
191,1,0,3,0.0685920577617328,0.128475147430497,4,0.0,2
192,1,0,3,0.1771961492178098,0.1639186424359128,2,0.0,0
193,1,0,3,0.0,0.1639186424359128,5,0.0,1
194,1,0,3,0.0258724428399518,0.169093753760982,4,0.0,1
195,1,0,3,0.03309265944645,0.175713082200024,4,0.0,1
196,1,0,3,0.0078219013237063,0.1772776507401612,3,0.0,1
197,1,0,3,0.0255716004813477,0.1823925863521482,4,0.0,1
198,1,0,3,0.0502406738868832,0.1924419304368756,4,0.0,2
199,1,0,3,0.1588447653429603,0.2242147069442773,2,0.0,0
200,1,0,3,0.0412154031287605,0.2324587796365387,4,0.0,1
201,1,0,3,0.0619735258724428,0.2448549765314718,4,0.0,2
202,1,0,3,0.043020457280385,0.2534601035022265,4,0.0,1
203,1,0,3,0.0171480144404332,0.2568901191479119,3,0.0,1
204,1,0,3,0.0273766546329723,0.2623661090383921,4,0.0,1
205,1,0,3,0.0141395908543922,0.2651943675532555,3,0.0,1
206,1,0,3,0.0201564380264741,0.2692261403297629,3,0.0,1
207,1,0,3,0.0051143200962695,0.2702491274521603,3,0.0,1
208,1,0,3,0.1248495788206979,0.2952220483812733,2,0.0,0
209,1,0,3,0.0520457280385078,0.3056324467444939,4,0.0,2
210,1,0,3,0.0162454873646209,0.3088819352509327,3,0.0,1
211,1,0,3,0.0213598074608904,0.3131544108797689,3,0.0,1
212,1,0,3,0.0770156438026474,0.3285593934288121,4,0.0,2
213,1,0,3,0.0294825511432009,0.0058972198820556,4,0.0,1
214,1,0,3,0.0782190132370637,0.0215429052834276,4,0.0,2
215,1,0,3,0.0679903730445246,0.0351426164400048,4,0.0,2
216,1,0,3,0.1004813477737665,0.0552413046094596,4,0.0,2
217,1,0,3,0.0108303249097472,0.0574076302804188,3,0.0,1
218,1,0,3,0.2033694344163658,0.098086412323986,6,0.3333333333333333,0
219,1,0,3,0.0150421179302045,0.101095197978096,3,0.0,1
220,1,0,3,0.0,0.101095197978096,5,0.0,1
221,1,0,3,0.0851383874849578,0.1181249247803586,4,0.0,2
222,1,0,3,0.0400120336943441,0.1261282946202912,4,0.0,1
223,1,0,3,0.0,0.1261282946202912,5,0.0,1
224,1,0,3,0.0427196149217809,0.1346732458779636,4,0.0,1
225,1,0,3,0.105294825511432,0.1557347454567336,4,0.0,2
226,1,0,3,0.0466305655836341,0.1650619809844746,4,0.0,2
227,1,0,3,0.0484356197352587,0.1747502707907088,4,0.0,2
228,1,0,3,0.0394103489771359,0.182633289204477,4,0.0,1
229,1,0,3,0.0153429602888086,0.1857022505716692,3,0.0,1
230,1,0,3,0.0303850782190132,0.1917799975929714,4,0.0,1
231,1,0,3,0.1305655836341757,0.2178962570706463,2,0.0,0
232,1,0,3,0.0388086642599278,0.22565892405825,4,0.0,1
233,1,0,3,0.0,0.22565892405825,5,0.0,1
234,1,0,3,0.1233453670276775,0.2503309664219521,2,0.0,0
235,1,0,3,0.0373044524669073,0.2577927548441449,4,0.0,1
236,1,0,3,0.0971720818291215,0.2772295101696955,4,0.0,2
237,1,0,3,0.0,0.2772295101696955,5,0.0,1
238,1,0,3,0.0225631768953068,0.2817426886508605,4,0.0,1
239,1,0,3,0.0950661853188929,0.3007582139848357,4,0.0,2
240,1,0,3,0.0354993983152827,0.3078589481285353,4,0.0,1
241,1,0,3,0.0006016847172081,0.3079792995546997,3,0.0,1
242,1,0,3,0.0228640192539109,0.3125526537489469,4,0.0,1
243,1,0,3,0.0312876052948255,0.3188109279094956,4,0.0,1
244,1,0,3,0.0454271961492178,0.0090865326754122,4,0.0,2
245,1,0,3,0.2021660649819494,0.0495246118666506,6,0.3333333333333333,0
246,1,0,3,0.0228640192539109,0.0540979660608978,4,0.0,1
247,1,0,3,0.0517448856799037,0.0644481887110362,4,0.0,2
248,1,0,3,0.0421179302045728,0.0728727885425442,4,0.0,1
249,1,0,3,0.0583634175691937,0.084546876880491,4,0.0,2
250,1,0,3,0.0,0.084546876880491,5,0.0,1
251,1,0,3,0.1266546329723225,0.1098808520880972,2,0.0,0
252,1,0,3,0.0505415162454873,0.1199903718859068,4,0.0,2
253,1,0,3,0.0995788206979542,0.139908532916115,4,0.0,2
254,1,0,3,0.0367027677496991,0.1472499699121434,4,0.0,1
255,1,0,3,0.0556558363417569,0.1583824768323504,4,0.0,2
256,1,0,3,0.0021058965102286,0.1588037068239258,3,0.0,1
257,1,0,3,0.0412154031287605,0.1670477795161872,4,0.0,1
258,1,0,3,0.1212394705174488,0.1912985918883138,2,0.0,0
259,1,0,3,0.1113116726835138,0.2135636057287278,2,0.0,0
260,1,0,3,0.0367027677496991,0.2209050427247563,4,0.0,1
261,1,0,3,0.0207581227436823,0.225057166927428,3,0.0,1
262,1,0,3,0.0180505415162454,0.22866770971236,3,0.0,1
263,1,0,3,0.0433212996389891,0.2373330123961968,4,0.0,1
264,1,0,3,0.0201564380264741,0.2413647851727043,3,0.0,1
265,1,0,3,0.00661853188929,0.2426886508605127,3,0.0,1
266,1,0,3,0.0679903730445246,0.2562883620170899,4,0.0,2
267,1,0,3,0.0150421179302045,0.2592971476711999,3,0.0,1
268,1,0,3,0.0105294825511432,0.2614032976290769,3,0.0,1
269,1,0,3,0.0,0.2614032976290769,5,0.0,1
270,1,0,3,0.0770156438026474,0.2768082801781201,4,0.0,2
271,1,0,3,0.049638989169675,0.2867372728366831,4,0.0,2
272,1,0,3,0.0108303249097472,0.2889035985076423,3,0.0,1
273,1,0,3,0.0156438026474127,0.2920327355879167,3,0.0,1
274,1,0,3,0.0342960288808664,0.0068600312913708,4,0.0,1
275,1,0,3,0.02647412755716,0.0121554940426044,4,0.0,1
276,1,0,3,0.0162454873646209,0.0154049825490432,3,0.0,1
277,1,0,3,0.01323706377858,0.01805271392466,3,0.0,1
278,1,0,3,0.000300842358604,0.0181128896377422,3,0.0,1
279,1,0,3,0.0144404332129963,0.0210013238656878,3,0.0,1
280,1,0,3,0.0051143200962695,0.0220243109880852,3,0.0,1
281,1,0,3,0.0237665463297232,0.026778192321579,4,0.0,1
282,1,0,3,0.0,0.026778192321579,5,0.0,1
283,1,0,3,0.0171480144404332,0.0302082079672644,3,0.0,1
284,1,0,3,0.0108303249097472,0.0323745336382236,3,0.0,1
285,1,0,3,0.0027075812274368,0.0329161150559634,3,0.0,1
286,1,0,3,0.003610108303249,0.0336382236129498,3,0.0,1
287,1,0,3,0.0,0.0336382236129498,5,0.0,1
288,1,0,3,0.0024067388688327,0.0341196293176074,3,0.0,1
289,1,0,3,0.0,0.0341196293176074,5,0.0,1
290,1,0,3,0.0156438026474127,0.0372487663978818,3,0.0,1
291,1,0,3,0.0042117930204572,0.0380912263810326,3,0.0,1
292,1,0,3,0.0457280385078219,0.047237934769527,4,0.0,2
293,1,0,3,0.0063176895306859,0.0485016247442532,3,0.0,1
294,1,0,3,0.0219614921780986,0.0528944517992538,3,0.0,1
295,1,0,3,0.0006016847172081,0.0530148032254182,3,0.0,1
296,1,0,3,0.0141395908543922,0.0558430617402816,3,0.0,1
297,1,0,3,0.0147412755716004,0.0587916716813094,3,0.0,1
298,1,0,3,0.0300842358604091,0.0648092429895294,4,0.0,1
299,1,0,3,0.0150421179302045,0.0678180286436394,3,0.0,1
300,1,0,3,0.0514440433212996,0.0781080755806956,4,0.0,2
301,1,0,3,0.0189530685920577,0.0818991455048742,3,0.0,1
302,1,0,3,0.0027075812274368,0.082440726922614,3,0.0,1
303,1,0,3,0.023164861612515,0.0870742568299434,4,0.0,1
304,1,0,3,0.0168471720818291,0.0904440967625466,3,0.0,1
305,1,0,3,0.0,0.0,5,0.0,1
306,1,0,3,0.0144404332129963,0.0028884342279456,3,0.0,1
307,1,0,3,0.0,0.0028884342279456,5,0.0,1
308,1,0,3,0.0,0.0028884342279456,5,0.0,1
309,1,0,3,0.0,0.0028884342279456,5,0.0,1
310,1,0,3,0.0,0.0028884342279456,5,0.0,1
311,1,0,3,0.0,0.0028884342279456,5,0.0,1
312,1,0,3,0.0,0.0028884342279456,5,0.0,1
313,1,0,3,0.0,0.0028884342279456,5,0.0,1
314,1,0,3,0.0,0.0028884342279456,5,0.0,1
315,1,0,3,0.0,0.0028884342279456,5,0.0,1
316,1,0,3,0.0,0.0028884342279456,5,0.0,1
317,1,0,3,0.0,0.0028884342279456,5,0.0,1
318,1,0,3,0.0,0.0028884342279456,5,0.0,1
319,1,0,3,0.0,0.0028884342279456,5,0.0,1
320,1,0,3,0.0,0.0028884342279456,5,0.0,1
321,1,0,3,0.0,0.0028884342279456,5,0.0,1
322,1,0,3,0.0,0.0028884342279456,5,0.0,1
323,1,0,3,0.0,0.0028884342279456,5,0.0,1
324,1,0,3,0.0,0.0028884342279456,5,0.0,1
325,1,0,3,0.0123345367027677,0.0053556384643158,3,0.0,1
326,1,0,3,0.0,0.0053556384643158,5,0.0,1
327,1,0,3,0.0,0.0053556384643158,5,0.0,1
328,1,0,3,0.0,0.0053556384643158,5,0.0,1
329,1,0,3,0.0081227436823104,0.0069803827175352,3,0.0,1
330,1,0,3,0.0111311672683513,0.0092068841015766,3,0.0,1
331,1,0,3,0.0108303249097472,0.0113732097725358,3,0.0,1
332,1,0,3,0.0168471720818291,0.014743049705139,3,0.0,1
333,1,0,3,0.0,0.014743049705139,5,0.0,1
334,1,0,3,0.0,0.014743049705139,5,0.0,1
335,1,0,3,0.0,0.0,5,0.0,1
336,1,0,3,0.0,0.0,5,0.0,1
337,1,0,3,0.0421179302045728,0.008424599831508,4,0.0,1
338,1,0,3,0.0,0.008424599831508,5,0.0,1
339,1,0,3,0.0,0.008424599831508,5,0.0,1
340,1,0,3,0.0,0.008424599831508,5,0.0,1
341,1,0,3,0.0,0.008424599831508,5,0.0,1
342,1,0,3,0.0,0.008424599831508,5,0.0,1
343,1,0,3,0.0,0.008424599831508,5,0.0,1
344,1,0,3,0.0,0.008424599831508,5,0.0,1
345,1,0,3,0.0,0.008424599831508,5,0.0,1
346,1,0,3,0.0006016847172081,0.0085449512576724,3,0.0,1
347,1,0,3,0.0,0.0085449512576724,5,0.0,1
348,1,0,3,0.0210589651022864,0.0127572511734264,3,0.0,1
349,1,0,3,0.0,0.0127572511734264,5,0.0,1
350,1,0,3,0.0,0.0127572511734264,5,0.0,1
351,1,0,3,0.0,0.0127572511734264,5,0.0,1
352,1,0,3,0.0,0.0127572511734264,5,0.0,1
353,1,0,3,0.0373044524669073,0.0202190395956192,4,0.0,1
354,1,0,3,0.0,0.0202190395956192,5,0.0,1
355,1,0,3,0.0,0.0202190395956192,5,0.0,1
356,1,0,3,0.0075210589651022,0.0217234324226742,3,0.0,1
357,1,0,3,0.0,0.0217234324226742,5,0.0,1
358,1,0,3,0.0075210589651022,0.0232278252497292,3,0.0,1
359,1,0,3,0.0,0.0232278252497292,5,0.0,1
360,1,0,3,0.0,0.0232278252497292,5,0.0,1
361,1,0,3,0.0,0.0232278252497292,5,0.0,1
362,1,0,3,0.0,0.0232278252497292,5,0.0,1
363,1,0,3,0.0183513838748495,0.0268985437477434,3,0.0,1
364,1,0,3,0.0,0.0268985437477434,5,0.0,1
365,1,0,3,0.0,0.0268985437477434,5,0.0,1
366,1,0,2,0.0,0.0,5,0.0,1
367,1,0,2,0.0,0.0,5,0.0,1
368,1,0,2,0.0,0.0,5,0.0,1
369,1,0,2,0.0,0.0,5,0.0,1
370,1,0,2,0.0,0.0,5,0.0,1
371,1,0,2,0.0042117930204572,0.0008424599831508,3,0.0,1
372,1,0,2,0.0,0.0008424599831508,5,0.0,1
373,1,0,2,0.0,0.0008424599831508,5,0.0,1
374,1,0,2,0.0,0.0008424599831508,5,0.0,1
375,1,0,2,0.0,0.0008424599831508,5,0.0,1
376,1,0,2,0.0,0.0008424599831508,5,0.0,1
377,1,0,2,0.0,0.0008424599831508,5,0.0,1
378,1,0,2,0.0,0.0008424599831508,5,0.0,1
379,1,0,2,0.0,0.0008424599831508,5,0.0,1
380,1,0,2,0.0,0.0008424599831508,5,0.0,1
381,1,0,2,0.0162454873646209,0.0040919484895896,3,0.0,1
382,1,0,2,0.0361010830324909,0.0113130340594536,4,0.0,1
383,1,0,2,0.0,0.0113130340594536,5,0.0,1
384,1,0,2,0.0,0.0113130340594536,5,0.0,1
385,1,0,2,0.01323706377858,0.0139607654350704,3,0.0,1
386,1,0,2,0.0,0.0139607654350704,5,0.0,1
387,1,0,2,0.0,0.0139607654350704,5,0.0,1
388,1,0,2,0.0,0.0139607654350704,5,0.0,1
389,1,0,2,0.0,0.0139607654350704,5,0.0,1
390,1,0,2,0.0210589651022864,0.0181730653508244,3,0.0,1
391,1,0,2,0.0,0.0181730653508244,5,0.0,1
392,1,0,2,0.0,0.0181730653508244,5,0.0,1
393,1,0,2,0.0,0.0181730653508244,5,0.0,1
394,1,0,2,0.0,0.0181730653508244,5,0.0,1
395,1,0,2,0.0,0.0181730653508244,5,0.0,1
396,1,0,2,0.0,0.0181730653508244,5,0.0,1
397,1,0,2,0.0,0.0,5,0.0,1
398,1,0,2,0.0,0.0,5,0.0,1
399,1,0,2,0.0,0.0,5,0.0,1
400,1,0,2,0.0,0.0,5,0.0,1
401,1,0,2,0.0,0.0,5,0.0,1
402,1,0,2,0.0,0.0,5,0.0,1
403,1,0,2,0.0,0.0,5,0.0,1
404,1,0,2,0.0,0.0,5,0.0,1
405,1,0,2,0.0,0.0,5,0.0,1
406,1,0,2,0.0,0.0,5,0.0,1
407,1,0,2,0.0,0.0,5,0.0,1
408,1,0,2,0.0,0.0,5,0.0,1
409,1,0,2,0.0,0.0,5,0.0,1
410,1,0,2,0.0,0.0,5,0.0,1
411,1,0,2,0.0,0.0,5,0.0,1
412,1,0,2,0.0502406738868832,0.0100493440847274,4,0.0,2
413,1,0,2,0.0,0.0100493440847274,5,0.0,1
414,1,0,2,0.0,0.0100493440847274,5,0.0,1
415,1,0,2,0.0,0.0100493440847274,5,0.0,1
416,1,0,2,0.0,0.0100493440847274,5,0.0,1
417,1,0,2,0.0,0.0100493440847274,5,0.0,1
418,1,0,2,0.0,0.0100493440847274,5,0.0,1
419,1,0,2,0.0,0.0100493440847274,5,0.0,1
420,1,0,2,0.0421179302045728,0.0184739439162354,4,0.0,1
421,1,0,2,0.0,0.0184739439162354,5,0.0,1
422,1,0,2,0.0,0.0184739439162354,5,0.0,1
423,1,0,2,0.0,0.0184739439162354,5,0.0,1
424,1,0,2,0.0,0.0184739439162354,5,0.0,1
425,1,0,2,0.0,0.0,5,0.0,1
426,1,0,2,0.0030084235860409,0.000601757130822,3,0.0,1
427,1,0,2,0.0,0.000601757130822,5,0.0,1
428,1,0,2,0.0,0.000601757130822,5,0.0,1
429,1,0,2,0.0,0.000601757130822,5,0.0,1
430,1,0,2,0.0,0.000601757130822,5,0.0,1
431,1,0,2,0.0,0.000601757130822,5,0.0,1
432,1,0,2,0.0,0.000601757130822,5,0.0,1
433,1,0,2,0.0,0.000601757130822,5,0.0,1
434,1,0,2,0.0,0.000601757130822,5,0.0,1
435,1,0,2,0.0,0.000601757130822,5,0.0,1
436,1,0,2,0.0,0.000601757130822,5,0.0,1
437,1,0,2,0.01323706377858,0.0032494885064388,3,0.0,1
438,1,0,2,0.0,0.0032494885064388,5,0.0,1
439,1,0,2,0.0,0.0032494885064388,5,0.0,1
440,1,0,2,0.0,0.0032494885064388,5,0.0,1
441,1,0,2,0.0,0.0032494885064388,5,0.0,1
442,1,0,2,0.0081227436823104,0.0048742327596582,3,0.0,1
443,1,0,2,0.0,0.0048742327596582,5,0.0,1
444,1,0,2,0.0,0.0048742327596582,5,0.0,1
445,1,0,2,0.0,0.0048742327596582,5,0.0,1
446,1,0,2,0.0,0.0048742327596582,5,0.0,1
447,1,0,2,0.0,0.0048742327596582,5,0.0,1
448,1,0,2,0.0,0.0048742327596582,5,0.0,1
449,1,0,2,0.0,0.0048742327596582,5,0.0,1
450,1,0,2,0.0,0.0048742327596582,5,0.0,1
451,1,0,2,0.0,0.0048742327596582,5,0.0,1
452,1,0,2,0.0,0.0048742327596582,5,0.0,1
453,1,0,2,0.0,0.0048742327596582,5,0.0,1
454,1,0,2,0.0,0.0048742327596582,5,0.0,1
455,1,0,2,0.0,0.0048742327596582,5,0.0,1
456,1,0,2,0.0117328519855595,0.0023468528102058,3,0.0,1
457,1,0,2,0.0,0.0023468528102058,5,0.0,1
458,1,0,2,0.0,0.0023468528102058,5,0.0,1
459,1,0,2,0.00661853188929,0.0036707184980142,3,0.0,1
460,1,0,2,0.0,0.0036707184980142,5,0.0,1
461,1,0,2,0.0204572803850782,0.0077626669876038,3,0.0,1
462,1,0,2,0.0,0.0077626669876038,5,0.0,1
463,1,0,2,0.0,0.0077626669876038,5,0.0,1
464,1,0,2,0.0,0.0077626669876038,5,0.0,1
465,1,0,2,0.0,0.0077626669876038,5,0.0,1
466,1,0,2,0.0,0.0077626669876038,5,0.0,1
467,1,0,2,0.0,0.0077626669876038,5,0.0,1
468,1,0,2,0.0,0.0077626669876038,5,0.0,1
469,1,0,2,0.00661853188929,0.0090865326754122,3,0.0,1
470,1,0,2,0.0,0.0090865326754122,5,0.0,1
471,1,0,2,0.0,0.0090865326754122,5,0.0,1
472,1,0,2,0.0,0.0090865326754122,5,0.0,1
473,1,0,2,0.0,0.0090865326754122,5,0.0,1
474,1,0,2,0.0240673886883273,0.0139005897219882,4,0.0,1
475,1,0,2,0.0,0.0139005897219882,5,0.0,1
476,1,0,2,0.0,0.0139005897219882,5,0.0,1
477,1,0,2,0.0,0.0139005897219882,5,0.0,1
478,1,0,2,0.0,0.0139005897219882,5,0.0,1
479,1,0,2,0.0288808664259927,0.0196774581778794,4,0.0,1
480,1,0,2,0.0,0.0196774581778794,5,0.0,1
481,1,0,2,0.0,0.0196774581778794,5,0.0,1
482,1,0,2,0.0,0.0196774581778794,5,0.0,1
483,1,0,2,0.0,0.0196774581778794,5,0.0,1
484,1,0,2,0.0,0.0196774581778794,5,0.0,1
485,1,0,2,0.0,0.0196774581778794,5,0.0,1
486,1,0,2,0.0219614921780986,0.0043928270550006,3,0.0,1
487,1,0,2,0.0225631768953068,0.0089060055361656,4,0.0,1
488,1,0,2,0.0,0.0089060055361656,5,0.0,1
489,1,0,2,0.0249699157641395,0.0139005897219882,4,0.0,1
490,1,0,2,0.0457280385078219,0.0230472981104826,4,0.0,2
491,1,0,2,0.0,0.0230472981104826,5,0.0,1
492,1,0,2,0.0,0.0230472981104826,5,0.0,1
493,1,0,2,0.0291817087845968,0.028884342279456,4,0.0,1
494,1,0,2,0.0210589651022864,0.03309664219521,3,0.0,1
495,1,0,2,0.0,0.03309664219521,5,0.0,1
496,1,0,2,0.0,0.03309664219521,5,0.0,1
497,1,0,2,0.0048134777376654,0.0340594536045252,3,0.0,1
498,1,0,2,0.0,0.0340594536045252,5,0.0,1
499,1,0,2,0.0,0.0340594536045252,5,0.0,1
500,1,0,2,0.0400120336943441,0.0420628234444578,4,0.0,1
501,1,0,2,0.0021058965102286,0.0424840534360332,3,0.0,1
502,1,0,2,0.0,0.0424840534360332,5,0.0,1
503,1,0,2,0.0018050541516245,0.0428451077145264,3,0.0,1
504,1,0,2,0.0222623345367027,0.0472981104826092,3,0.0,1
505,1,0,2,0.0,0.0472981104826092,5,0.0,1
506,1,0,2,0.0,0.0472981104826092,5,0.0,1
507,1,0,2,0.0,0.0472981104826092,5,0.0,1
508,1,0,2,0.0,0.0472981104826092,5,0.0,1
509,1,0,2,0.0141395908543922,0.0501263689974726,3,0.0,1
510,1,0,2,0.0,0.0501263689974726,5,0.0,1
511,1,0,2,0.0,0.0501263689974726,5,0.0,1
512,1,0,2,0.0,0.0501263689974726,5,0.0,1
513,1,0,2,0.0,0.0501263689974726,5,0.0,1
514,1,0,2,0.0015042117930204,0.0504272475628836,3,0.0,1
515,1,0,2,0.0300842358604091,0.0564448188711036,4,0.0,1
516,1,0,2,0.0,0.0564448188711036,5,0.0,1
517,1,0,2,0.0318892900120336,0.0063786255867132,4,0.0,1
518,1,0,2,0.0487364620938628,0.0161270911060296,4,0.0,2
519,1,0,2,0.0460288808664259,0.0253339752076062,4,0.0,2
520,1,0,2,0.0159446450060168,0.0285232880009628,3,0.0,1
521,1,0,2,0.0863417569193742,0.0457937176555542,4,0.0,2
522,1,0,2,0.0,0.0457937176555542,5,0.0,1
523,1,0,2,0.1149217809867629,0.0687808400529546,2,0.0,0
524,1,0,2,0.0556558363417569,0.0799133469731616,4,0.0,2
525,1,0,2,0.0081227436823104,0.081538091226381,3,0.0,1
526,1,0,2,0.0342960288808664,0.0883981225177518,4,0.0,1
527,1,0,2,0.207280385078219,0.1298591888313876,6,0.3333333333333333,0
528,1,0,2,0.0361010830324909,0.1370802744012516,4,0.0,1
529,1,0,2,0.0,0.1370802744012516,5,0.0,1
530,1,0,2,0.0279783393501805,0.1426766157178962,4,0.0,1
531,1,0,2,0.0610709987966305,0.1548922854735828,4,0.0,2
532,1,0,2,0.000300842358604,0.154952461186665,3,0.0,1
533,1,0,2,0.0613718411552346,0.1672283066554338,4,0.0,2
534,1,0,2,0.01985559566787,0.171199903718859,3,0.0,1
535,1,0,2,0.0294825511432009,0.1770971236009146,4,0.0,1
536,1,0,2,0.0,0.1770971236009146,5,0.0,1
537,1,0,2,0.0634777376654633,0.1897941990612588,4,0.0,2
538,1,0,2,0.0932611311672683,0.2084486701167408,4,0.0,2
539,1,0,2,0.0156438026474127,0.2115778071970153,3,0.0,1
540,1,0,2,0.1077015643802647,0.2331207124804428,2,0.0,0
541,1,0,2,0.0640794223826714,0.2459381393669515,4,0.0,2
542,1,0,2,0.0051143200962695,0.2469611264893488,3,0.0,1
543,1,0,2,0.0147412755716004,0.2499097364303767,3,0.0,1
544,1,0,2,0.1311672683513838,0.2761463473342159,2,0.0,0
545,1,0,2,0.01323706377858,0.2787940787098327,3,0.0,1
546,1,0,2,0.0752105896510228,0.2938380069803827,4,0.0,2
547,1,0,2,0.0207581227436823,0.0041521242026718,3,0.0,1
548,1,0,2,0.0252707581227436,0.0092068841015766,4,0.0,1
549,1,0,2,0.28309265944645,0.0658322301119268,6,0.3333333333333333,0
550,1,0,2,0.0586642599277978,0.0775664941629558,4,0.0,2
551,1,0,2,0.0102286401925391,0.0796124684077506,3,0.0,1
552,1,0,2,0.0980746089049338,0.0992297508725478,4,0.0,2
553,1,0,2,0.2163056558363418,0.1424960885786496,6,0.3333333333333333,0
554,1,0,2,0.0361010830324909,0.1497171741485136,4,0.0,1
555,1,0,2,0.2981347773766546,0.2093513058129738,6,0.3333333333333333,0
556,1,0,2,0.0339951865222623,0.2161511613912624,4,0.0,1
557,1,0,2,0.0947653429602888,0.2351065110121555,4,0.0,2
558,1,0,2,0.1787003610108303,0.2708508845829823,2,0.0,0
559,1,0,2,0.0743080625752106,0.2857142857142857,4,0.0,2
560,1,0,2,0.0261732851985559,0.2909495727524371,4,0.0,1
561,1,0,2,0.0009025270758122,0.2911300998916837,3,0.0,1
562,1,0,2,0.1576413959085439,0.3226621735467565,2,0.0,0
563,1,0,2,0.1209386281588447,0.3468528102058009,2,0.0,0
564,1,0,2,0.0,0.3468528102058009,5,0.0,1
565,1,0,2,0.0755114320096269,0.3619569141894331,4,0.0,2
566,1,0,2,0.0312876052948255,0.3682151883499819,4,0.0,1
567,1,0,2,0.157942238267148,0.3998074377181369,2,0.0,0
568,1,0,2,0.2518050541516246,0.4501745095679383,6,0.3333333333333333,0
569,1,0,2,0.2289410348977135,0.4959682272234926,6,0.3333333333333333,0
570,1,0,2,0.1272563176895307,0.5214225538572632,2,0.0,0
571,1,0,2,0.0081227436823104,0.5230472981104827,3,0.0,1
572,1,0,2,0.0024067388688327,0.5235287038151402,3,0.0,1
573,1,0,2,0.0111311672683513,0.5257552051991816,3,0.0,1
574,1,0,2,0.1425992779783393,0.5542784932001444,2,0.0,0
575,1,0,2,0.0261732851985559,0.5595137802382958,4,0.0,1
576,1,0,2,0.0418170878459687,0.5678782043567216,4,0.0,1
577,1,0,2,0.0424187725631768,0.5763629799013118,4,0.0,1
578,1,0,2,0.0574608904933814,0.0114935611987002,4,0.0,2
579,1,0,2,0.0,0.0114935611987002,5,0.0,1
580,1,0,2,0.0072202166064981,0.012937778312673,3,0.0,1
581,1,0,2,0.0,0.012937778312673,5,0.0,1
582,1,0,2,0.043020457280385,0.0215429052834276,4,0.0,1
583,1,0,2,0.0439229843561973,0.0303285593934288,4,0.0,1
584,1,0,2,0.0622743682310469,0.0427849320014442,4,0.0,2
585,1,0,2,0.0084235860409145,0.0444698519677458,3,0.0,1
586,1,0,2,0.2737665463297232,0.0992297508725478,6,0.3333333333333333,0
587,1,0,2,0.0018050541516245,0.099590805151041,3,0.0,1
588,1,0,2,0.055956678700361,0.1107834877843302,4,0.0,2
589,1,0,2,0.0520457280385078,0.1211938861475508,4,0.0,2
590,1,0,2,0.0929602888086642,0.1397881814899506,4,0.0,2
591,1,0,2,0.0060168471720818,0.1409916957515946,3,0.0,1
592,1,0,2,0.138387484957882,0.1686725237694066,2,0.0,0
593,1,0,2,0.0234657039711191,0.1733662293898182,4,0.0,1
594,1,0,2,0.2151022864019253,0.2163918642435913,6,0.3333333333333333,0
595,1,0,2,0.0171480144404332,0.2198218798892766,3,0.0,1
596,1,0,2,0.1868231046931408,0.2571909977133229,2,0.0,0
597,1,0,2,0.0234657039711191,0.2618847033337345,4,0.0,1
598,1,0,2,0.0153429602888086,0.2649536647009267,3,0.0,1
599,1,0,2,0.0168471720818291,0.2683235046335299,3,0.0,1
600,1,0,2,0.0737063778580024,0.2830665543386689,4,0.0,2
601,1,0,2,0.0192539109506618,0.2869177999759297,3,0.0,1
602,1,0,2,0.0511432009626955,0.2971476711999037,4,0.0,2
603,1,0,2,0.1501203369434416,0.3271753520279215,2,0.0,0
604,1,0,2,0.1558363417569193,0.3583463714045011,2,0.0,0
605,1,0,2,0.0664861612515042,0.3716452039956673,4,0.0,2
606,1,0,2,0.043020457280385,0.3802503309664219,4,0.0,1
607,1,0,2,0.0538507821901323,0.3910217836081357,4,0.0,2
608,1,0,2,0.0081227436823104,0.3926465278613551,3,0.0,1
609,1,0,2,0.0,0.0,5,0.0,1
610,1,0,2,0.1633574007220216,0.0326754122036346,2,0.0,0
611,1,0,2,0.043020457280385,0.0412805391743892,4,0.0,1
612,1,0,2,0.0270758122743682,0.0466963533517872,4,0.0,1
613,1,0,2,0.0809265944645006,0.062883620170899,4,0.0,2
614,1,0,2,0.0,0.062883620170899,5,0.0,1
615,1,0,2,0.0072202166064981,0.0643278372848718,3,0.0,1
616,1,0,2,0.000300842358604,0.064388012997954,3,0.0,1
617,1,0,2,0.1422984356197352,0.0928511252858346,2,0.0,0
618,1,0,2,0.0186522262334536,0.096582019496931,3,0.0,1
619,1,0,2,0.0126353790613718,0.0991093994463834,3,0.0,1
620,1,0,2,0.04632972322503,0.1083764592610422,4,0.0,2
621,1,0,2,0.055956678700361,0.1195691418943314,4,0.0,2
622,1,0,2,0.0403128760529482,0.1276326874473462,4,0.0,1
623,1,0,2,0.0087244283995186,0.12937778312673,3,0.0,1
624,1,0,2,0.0415162454873646,0.1376820315320736,4,0.0,1
625,1,0,2,0.0,0.1376820315320736,5,0.0,1
626,1,0,2,0.0968712394705174,0.157058611144542,4,0.0,2
627,1,0,2,0.0030084235860409,0.157660368275364,3,0.0,1
628,1,0,2,0.0839350180505415,0.1744493922252978,4,0.0,2
629,1,0,2,0.1001805054151624,0.1944879046816704,4,0.0,2
630,1,0,2,0.0,0.1944879046816704,5,0.0,1
631,1,0,2,0.0664861612515042,0.2077867372728367,4,0.0,2
632,1,0,2,0.0755114320096269,0.2228908412564688,4,0.0,2
633,1,0,2,0.0361010830324909,0.2301119268263328,4,0.0,1
634,1,0,2,0.0,0.2301119268263328,5,0.0,1
635,1,0,2,0.0,0.2301119268263328,5,0.0,1
636,1,0,2,0.0571600481347773,0.2415453123119508,4,0.0,2
637,1,0,2,0.0571600481347773,0.2529786977975689,4,0.0,2
638,1,0,2,0.0168471720818291,0.2563485377301721,3,0.0,1
639,1,0,2,0.0135379061371841,0.002707907088699,3,0.0,1
640,1,0,2,0.0090252707581227,0.004513178481165,3,0.0,1
641,1,0,2,0.0,0.004513178481165,5,0.0,1
642,1,0,2,0.0108303249097472,0.0066795041521242,3,0.0,1
643,1,0,2,0.0,0.0066795041521242,5,0.0,1
644,1,0,2,0.1061973525872442,0.0279215308701408,4,0.0,0
645,1,0,2,0.01985559566787,0.031893127933566,3,0.0,1
646,1,0,2,0.0,0.031893127933566,5,0.0,1
647,1,0,2,0.0848375451263537,0.0488626790227464,4,0.0,2
648,1,0,2,0.0156438026474127,0.0519918161030208,3,0.0,1
649,1,0,2,0.0267749699157641,0.0573474545673366,4,0.0,1
650,1,0,2,0.0589651022864019,0.0691418943314478,4,0.0,2
651,1,0,2,0.0138387484957882,0.071909977133229,3,0.0,1
652,1,0,2,0.0030084235860409,0.072511734264051,3,0.0,1
653,1,0,2,0.0225631768953068,0.077024912745216,4,0.0,1
654,1,0,2,0.0415162454873646,0.0853291611505596,4,0.0,1
655,1,0,2,0.0,0.0853291611505596,5,0.0,1
656,1,0,2,0.0288808664259927,0.0911060296064508,4,0.0,1
657,1,0,2,0.0,0.0911060296064508,5,0.0,1
658,1,0,2,0.003610108303249,0.0918281381634372,3,0.0,1
659,1,0,2,0.0779181708784596,0.107413647851727,4,0.0,2
660,1,0,2,0.0063176895306859,0.1086773378264532,3,0.0,1
661,1,0,2,0.0096269554753309,0.1106029606450836,3,0.0,1
662,1,0,2,0.016546329723225,0.1139126248646046,3,0.0,1
663,1,0,2,0.0,0.1139126248646046,5,0.0,1
664,1,0,2,0.0120336943441636,0.1163196533878926,3,0.0,1
665,1,0,2,0.0126353790613718,0.118847033337345,3,0.0,1
666,1,0,2,0.0779181708784596,0.1344325430256348,4,0.0,2
667,1,0,2,0.0144404332129963,0.1373209772535804,3,0.0,1
668,1,0,2,0.0640794223826714,0.150138404140089,4,0.0,2
669,1,0,2,0.0219614921780986,0.1545312311950896,3,0.0,1
670,1,0,2,0.0,0.0,5,0.0,1
671,1,0,2,0.0,0.0,5,0.0,1
672,1,0,2,0.016546329723225,0.003309664219521,3,0.0,1
673,1,0,2,0.0228640192539109,0.0078830184137682,4,0.0,1
674,1,0,2,0.0,0.0078830184137682,5,0.0,1
675,1,0,2,0.0,0.0078830184137682,5,0.0,1
676,1,0,2,0.0,0.0078830184137682,5,0.0,1
677,1,0,2,0.0159446450060168,0.0110723312071248,3,0.0,1
678,1,0,2,0.0063176895306859,0.012336021181851,3,0.0,1
679,1,0,2,0.0,0.012336021181851,5,0.0,1
680,1,0,2,0.0,0.012336021181851,5,0.0,1
681,1,0,2,0.0,0.012336021181851,5,0.0,1
682,1,0,2,0.0836341756919374,0.0290648694187026,4,0.0,2
683,1,0,2,0.0586642599277978,0.0407991334697316,4,0.0,2
684,1,0,2,0.0,0.0407991334697316,5,0.0,1
685,1,0,2,0.0,0.0407991334697316,5,0.0,1
686,1,0,2,0.0,0.0407991334697316,5,0.0,1
687,1,0,2,0.0,0.0407991334697316,5,0.0,1
688,1,0,2,0.0,0.0407991334697316,5,0.0,1
689,1,0,2,0.0875451263537906,0.0583102659766518,4,0.0,2
690,1,0,2,0.0,0.0583102659766518,5,0.0,1
691,1,0,2,0.0,0.0583102659766518,5,0.0,1
692,1,0,2,0.0,0.0583102659766518,5,0.0,1
693,1,0,2,0.0,0.0583102659766518,5,0.0,1
694,1,0,2,0.0024067388688327,0.0587916716813094,3,0.0,1
695,1,0,2,0.0,0.0587916716813094,5,0.0,1
696,1,0,2,0.0195547533092659,0.0627030930316524,3,0.0,1
697,1,0,2,0.0,0.0627030930316524,5,0.0,1
698,1,0,2,0.0,0.0627030930316524,5,0.0,1
699,1,0,2,0.0,0.0627030930316524,5,0.0,1
700,1,0,2,0.0,0.0,5,0.0,1
701,1,0,2,0.0015042117930204,0.000300878565411,3,0.0,1
702,1,0,2,0.0,0.000300878565411,5,0.0,1
703,1,0,2,0.0,0.000300878565411,5,0.0,1
704,1,0,2,0.0,0.000300878565411,5,0.0,1
705,1,0,2,0.0,0.000300878565411,5,0.0,1
706,1,0,2,0.0,0.000300878565411,5,0.0,1
707,1,0,2,0.0,0.000300878565411,5,0.0,1
708,1,0,2,0.0,0.000300878565411,5,0.0,1
709,1,0,2,0.0,0.000300878565411,5,0.0,1
710,1,0,2,0.0,0.000300878565411,5,0.0,1
711,1,0,2,0.0,0.000300878565411,5,0.0,1
712,1,0,2,0.0078219013237063,0.0018654471055482,3,0.0,1
713,1,0,2,0.0,0.0018654471055482,5,0.0,1
714,1,0,2,0.0,0.0018654471055482,5,0.0,1
715,1,0,2,0.0,0.0018654471055482,5,0.0,1
716,1,0,2,0.0015042117930204,0.0021663256709592,3,0.0,1
717,1,0,2,0.0,0.0021663256709592,5,0.0,1
718,1,0,2,0.0,0.0021663256709592,5,0.0,1
719,1,0,2,0.0,0.0021663256709592,5,0.0,1
720,1,0,2,0.0,0.0021663256709592,5,0.0,1
721,1,0,2,0.0126353790613718,0.0046937056204116,3,0.0,1
722,1,0,2,0.0,0.0046937056204116,5,0.0,1
723,1,0,2,0.0,0.0046937056204116,5,0.0,1
724,1,0,2,0.0,0.0046937056204116,5,0.0,1
725,1,0,2,0.0,0.0046937056204116,5,0.0,1
726,1,0,2,0.0,0.0046937056204116,5,0.0,1
727,1,0,2,0.0,0.0046937056204116,5,0.0,1
728,1,0,2,0.0,0.0046937056204116,5,0.0,1
729,1,0,2,0.0,0.0046937056204116,5,0.0,1
730,1,0,2,0.0,0.0046937056204116,5,0.0,1
731,1,0,0,0.0,0.0,5,0.0,1
732,1,0,0,0.0,0.0,5,0.0,1
733,1,0,0,0.0,0.0,5,0.0,1
734,1,0,0,0.0,0.0,5,0.0,1
735,1,0,0,0.0,0.0,5,0.0,1
736,1,0,0,0.0,0.0,5,0.0,1
737,1,0,0,0.0,0.0,5,0.0,1
738,1,0,0,0.0,0.0,5,0.0,1
739,1,0,0,0.0,0.0,5,0.0,1
740,1,0,0,0.0,0.0,5,0.0,1
741,1,0,0,0.0,0.0,5,0.0,1
742,1,0,0,0.0,0.0,5,0.0,1
743,1,0,0,0.0,0.0,5,0.0,1
744,1,0,0,0.0,0.0,5,0.0,1
745,1,0,0,0.0,0.0,5,0.0,1
746,1,0,0,0.0,0.0,5,0.0,1
747,1,0,0,0.0,0.0,5,0.0,1
748,1,0,0,0.0,0.0,5,0.0,1
749,1,0,0,0.0,0.0,5,0.0,1
750,1,0,0,0.0,0.0,5,0.0,1
751,1,0,0,0.0,0.0,5,0.0,1
752,1,0,0,0.0,0.0,5,0.0,1
753,1,0,0,0.0,0.0,5,0.0,1
754,1,0,0,0.0,0.0,5,0.0,1
755,1,0,0,0.0,0.0,5,0.0,1
756,1,0,0,0.0,0.0,5,0.0,1
757,1,0,0,0.0,0.0,5,0.0,1
758,1,0,0,0.0,0.0,5,0.0,1
759,1,0,0,0.0,0.0,5,0.0,1
760,1,0,0,0.0,0.0,5,0.0,1
761,1,0,0,0.0,0.0,5,0.0,1
762,1,0,0,0.0,0.0,5,0.0,1
763,1,0,0,0.0,0.0,5,0.0,1
764,1,0,0,0.0,0.0,5,0.0,1
765,1,0,0,0.0,0.0,5,0.0,1
766,1,0,0,0.0,0.0,5,0.0,1
767,1,0,0,0.0,0.0,5,0.0,1
768,1,0,0,0.0,0.0,5,0.0,1
769,1,0,0,0.0,0.0,5,0.0,1
770,1,0,0,0.000300842358604,6.017571308220002e-05,3,0.0,1
771,1,0,0,0.0,6.017571308220002e-05,5,0.0,1
772,1,0,0,0.0,6.017571308220002e-05,5,0.0,1
773,1,0,0,0.0,6.017571308220002e-05,5,0.0,1
774,1,0,0,0.0,6.017571308220002e-05,5,0.0,1
775,1,0,0,0.0,6.017571308220002e-05,5,0.0,1
776,1,0,0,0.0,6.017571308220002e-05,5,0.0,1
777,1,0,0,0.0,6.017571308220002e-05,5,0.0,1
778,1,0,0,0.0,6.017571308220002e-05,5,0.0,1
779,1,0,0,0.0,6.017571308220002e-05,5,0.0,1
780,1,0,0,0.0,6.017571308220002e-05,5,0.0,1
781,1,0,0,0.0,6.017571308220002e-05,5,0.0,1
782,1,0,0,0.0,6.017571308220002e-05,5,0.0,1
783,1,0,0,0.0,6.017571308220002e-05,5,0.0,1
784,1,0,0,0.0,6.017571308220002e-05,5,0.0,1
785,1,0,0,0.0,6.017571308220002e-05,5,0.0,1
786,1,0,0,0.0,6.017571308220002e-05,5,0.0,1
787,1,0,0,0.0,6.017571308220002e-05,5,0.0,1
788,1,0,0,0.0,6.017571308220002e-05,5,0.0,1
789,1,0,0,0.0,6.017571308220002e-05,5,0.0,1
790,1,0,0,0.0,0.0,5,0.0,1
791,1,0,0,0.0,0.0,5,0.0,1
792,1,0,0,0.0,0.0,5,0.0,1
793,1,0,0,0.0,0.0,5,0.0,1
794,1,0,0,0.0,0.0,5,0.0,1
795,1,0,0,0.0,0.0,5,0.0,1
796,1,0,0,0.0,0.0,5,0.0,1
797,1,0,0,0.0,0.0,5,0.0,1
798,1,0,0,0.0,0.0,5,0.0,1
799,1,0,0,0.0,0.0,5,0.0,1
800,1,0,0,0.0,0.0,5,0.0,1
801,1,0,0,0.0,0.0,5,0.0,1
802,1,0,0,0.0,0.0,5,0.0,1
803,1,0,0,0.0,0.0,5,0.0,1
804,1,0,0,0.0,0.0,5,0.0,1
805,1,0,0,0.0,0.0,5,0.0,1
806,1,0,0,0.0,0.0,5,0.0,1
807,1,0,0,0.0,0.0,5,0.0,1
808,1,0,0,0.0,0.0,5,0.0,1
809,1,0,0,0.0,0.0,5,0.0,1
810,1,0,0,0.0,0.0,5,0.0,1
811,1,0,0,0.0,0.0,5,0.0,1
812,1,0,0,0.0,0.0,5,0.0,1
813,1,0,0,0.0,0.0,5,0.0,1
814,1,0,0,0.0,0.0,5,0.0,1
815,1,0,0,0.0,0.0,5,0.0,1
816,1,0,0,0.0,0.0,5,0.0,1
817,1,0,0,0.0,0.0,5,0.0,1
818,1,0,0,0.0,0.0,5,0.0,1
819,1,0,0,0.0,0.0,5,0.0,1
820,1,0,0,0.0,0.0,5,0.0,1
821,1,0,0,0.0,0.0,5,0.0,1
822,1,0,0,0.0,0.0,5,0.0,1
823,1,0,0,0.0027075812274368,0.0005415814177398,3,0.0,1
824,1,0,0,0.0,0.0005415814177398,5,0.0,1
825,1,0,0,0.0,0.0005415814177398,5,0.0,1
826,1,0,0,0.0,0.0005415814177398,5,0.0,1
827,1,0,0,0.0138387484957882,0.003309664219521,3,0.0,1
828,1,0,0,0.0,0.003309664219521,5,0.0,1
829,1,0,0,0.0,0.003309664219521,5,0.0,1
830,1,0,0,0.0,0.003309664219521,5,0.0,1
831,1,0,0,0.0,0.003309664219521,5,0.0,1
832,1,0,0,0.023164861612515,0.0079431941268504,4,0.0,1
833,1,0,0,0.0024067388688327,0.008424599831508,3,0.0,1
834,1,0,0,0.0,0.008424599831508,5,0.0,1
835,1,0,0,0.0,0.008424599831508,5,0.0,1
836,1,0,0,0.0,0.008424599831508,5,0.0,1
837,1,0,0,0.0,0.008424599831508,5,0.0,1
838,1,0,0,0.0,0.008424599831508,5,0.0,1
839,1,0,0,0.0,0.008424599831508,5,0.0,1
840,1,0,0,0.0,0.008424599831508,5,0.0,1
841,1,0,0,0.0,0.008424599831508,5,0.0,1
842,1,0,0,0.0,0.008424599831508,5,0.0,1
843,1,0,0,0.0,0.008424599831508,5,0.0,1
844,1,0,0,0.0,0.008424599831508,5,0.0,1
845,1,0,0,0.0,0.008424599831508,5,0.0,1
846,1,0,0,0.0,0.008424599831508,5,0.0,1
847,1,0,0,0.0129362214199759,0.0110121554940426,3,0.0,1
848,1,0,0,0.0,0.0110121554940426,5,0.0,1
849,1,0,0,0.0,0.0110121554940426,5,0.0,1
850,1,0,0,0.0,0.0110121554940426,5,0.0,1
851,1,0,0,0.0093261131167268,0.0018654471055482,3,0.0,1
852,1,0,0,0.0012033694344163,0.002106149957877,3,0.0,1
853,1,0,0,0.0,0.002106149957877,5,0.0,1
854,1,0,0,0.0,0.002106149957877,5,0.0,1
855,1,0,0,0.0,0.002106149957877,5,0.0,1
856,1,0,0,0.0,0.002106149957877,5,0.0,1
857,1,0,0,0.0,0.002106149957877,5,0.0,1
858,1,0,0,0.0,0.002106149957877,5,0.0,1
859,1,0,0,0.0,0.002106149957877,5,0.0,1
860,1,0,0,0.0,0.002106149957877,5,0.0,1
861,1,0,0,0.0,0.002106149957877,5,0.0,1
862,1,0,0,0.0114320096269554,0.0043928270550006,3,0.0,1
863,1,0,0,0.0,0.0043928270550006,5,0.0,1
864,1,0,0,0.0,0.0043928270550006,5,0.0,1
865,1,0,0,0.0069193742478941,0.0057768684558912,3,0.0,1
866,1,0,0,0.0,0.0057768684558912,5,0.0,1
867,1,0,0,0.0,0.0057768684558912,5,0.0,1
868,1,0,0,0.0,0.0057768684558912,5,0.0,1
869,1,0,0,0.0,0.0057768684558912,5,0.0,1
870,1,0,0,0.0,0.0057768684558912,5,0.0,1
871,1,0,0,0.0,0.0057768684558912,5,0.0,1
872,1,0,0,0.0288808664259927,0.0115537369117824,4,0.0,1
873,1,0,0,0.0,0.0115537369117824,5,0.0,1
874,1,0,0,0.0186522262334536,0.0152846311228788,3,0.0,1
875,1,0,0,0.0,0.0152846311228788,5,0.0,1
876,1,0,0,0.0,0.0152846311228788,5,0.0,1
877,1,0,0,0.0,0.0152846311228788,5,0.0,1
878,1,0,0,0.0162454873646209,0.0185341196293176,3,0.0,1
879,1,0,0,0.0024067388688327,0.0190155253339752,3,0.0,1
880,1,0,0,0.0,0.0190155253339752,5,0.0,1
881,1,0,0,0.0,0.0190155253339752,5,0.0,1
882,1,0,0,0.0,0.0,5,0.0,1
883,1,0,0,0.0544524669073405,0.0108918040678782,4,0.0,2
884,1,0,0,0.0270758122743682,0.0163076182452762,4,0.0,1
885,1,0,0,0.0,0.0163076182452762,5,0.0,1
886,1,0,0,0.0,0.0163076182452762,5,0.0,1
887,1,0,0,0.0,0.0163076182452762,5,0.0,1
888,1,0,0,0.0216606498194945,0.0206402695871946,3,0.0,1
889,1,0,0,0.0261732851985559,0.025875556625346,4,0.0,1
890,1,0,0,0.0,0.025875556625346,5,0.0,1
891,1,0,0,0.0,0.025875556625346,5,0.0,1
892,1,0,0,0.0,0.025875556625346,5,0.0,1
893,1,0,0,0.0,0.025875556625346,5,0.0,1
894,1,0,0,0.0,0.025875556625346,5,0.0,1
895,1,0,0,0.0,0.025875556625346,5,0.0,1
896,1,0,0,0.0009025270758122,0.0260560837645926,3,0.0,1
897,1,0,0,0.0,0.0260560837645926,5,0.0,1
898,1,0,0,0.036401925391095,0.0333373450475388,4,0.0,1
899,1,0,0,0.0,0.0333373450475388,5,0.0,1
900,1,0,0,0.0,0.0333373450475388,5,0.0,1
901,1,0,0,0.0,0.0333373450475388,5,0.0,1
902,1,0,0,0.0060168471720818,0.0345408593091828,3,0.0,1
903,1,0,0,0.0,0.0345408593091828,5,0.0,1
904,1,0,0,0.0,0.0345408593091828,5,0.0,1
905,1,0,0,0.0021058965102286,0.0349620893007582,3,0.0,1
906,1,0,0,0.0069193742478941,0.0363461307016488,3,0.0,1
907,1,0,0,0.0069193742478941,0.0377301721025394,3,0.0,1
908,1,0,0,0.0249699157641395,0.042724756288362,4,0.0,1
909,1,0,0,0.0,0.042724756288362,5,0.0,1
910,1,0,0,0.0,0.042724756288362,5,0.0,1
911,1,0,0,0.0120336943441636,0.04513178481165,3,0.0,1
912,1,0,0,0.3922984356197352,0.0784691298591888,1,0.6666666666666666,0
913,1,0,0,0.0,0.0784691298591888,5,0.0,1
914,1,0,0,0.0673886883273164,0.0919484895896016,4,0.0,2
915,1,0,0,0.0,0.0919484895896016,5,0.0,1
916,1,0,0,0.0,0.0919484895896016,5,0.0,1
917,1,0,0,0.0,0.0919484895896016,5,0.0,1
918,1,0,0,0.0,0.0919484895896016,5,0.0,1
919,1,0,0,0.0,0.0919484895896016,5,0.0,1
920,1,0,0,0.0141395908543922,0.094776748104465,3,0.0,1
921,1,0,0,0.0,0.094776748104465,5,0.0,1
922,1,0,0,0.5568592057761733,0.2061619930196173,1,0.6666666666666666,0
923,1,0,0,0.0992779783393501,0.2260199783367433,4,0.0,2
924,1,0,0,0.0075210589651022,0.2275243711637983,3,0.0,1
925,1,0,0,0.0210589651022864,0.2317366710795523,3,0.0,1
926,1,0,0,0.0,0.2317366710795523,5,0.0,1
927,1,0,0,0.0,0.2317366710795523,5,0.0,1
928,1,0,0,0.0,0.2317366710795523,5,0.0,1
929,1,0,0,0.0,0.2317366710795523,5,0.0,1
930,1,0,0,0.0063176895306859,0.2330003610542785,3,0.0,1
931,1,0,0,0.0192539109506618,0.2368516066915393,3,0.0,1
932,1,0,0,0.0,0.2368516066915393,5,0.0,1
933,1,0,0,0.0,0.2368516066915393,5,0.0,1
934,1,0,0,0.0,0.2368516066915393,5,0.0,1
935,1,0,0,0.016546329723225,0.2401612709110603,3,0.0,1
936,1,0,0,0.0,0.2401612709110603,5,0.0,1
937,1,0,0,0.0,0.2401612709110603,5,0.0,1
938,1,0,0,0.0,0.2401612709110603,5,0.0,1
939,1,0,0,0.0024067388688327,0.2406426766157178,3,0.0,1
940,1,0,0,0.5761131167268352,0.3558791671681309,1,0.6666666666666666,0
941,1,0,0,0.0,0.3558791671681309,5,0.0,1
942,1,0,0,0.0,0.3558791671681309,5,0.0,1
943,1,0,0,0.0,0.0,5,0.0,1
944,1,0,0,0.0,0.0,5,0.0,1
945,1,0,0,0.0583634175691937,0.0116740883379468,4,0.0,2
946,1,0,0,0.0,0.0116740883379468,5,0.0,1
947,1,0,0,0.0,0.0116740883379468,5,0.0,1
948,1,0,0,0.0,0.0116740883379468,5,0.0,1
949,1,0,0,0.003309265944645,0.012336021181851,3,0.0,1
950,1,0,0,0.0,0.012336021181851,5,0.0,1
951,1,0,0,0.009927797833935,0.0143218197135636,3,0.0,1
952,1,0,0,0.0,0.0143218197135636,5,0.0,1
953,1,0,0,0.0,0.0143218197135636,5,0.0,1
954,1,0,0,0.0391095066185318,0.0221446624142496,4,0.0,1
955,1,0,0,0.0,0.0221446624142496,5,0.0,1
956,1,0,0,0.0,0.0221446624142496,5,0.0,1
957,1,0,0,0.0836341756919374,0.0388735106511012,4,0.0,2
958,1,0,0,0.0060168471720818,0.0400770249127452,3,0.0,1
959,1,0,0,0.0,0.0400770249127452,5,0.0,1
960,1,0,0,0.0,0.0400770249127452,5,0.0,1
961,1,0,0,0.0,0.0400770249127452,5,0.0,1
962,1,0,0,0.0,0.0400770249127452,5,0.0,1
963,1,0,0,0.0,0.0400770249127452,5,0.0,1
964,1,0,0,0.0,0.0400770249127452,5,0.0,1
965,1,0,0,0.0391095066185318,0.0478998676134312,4,0.0,1
966,1,0,0,0.0261732851985559,0.0531351546515826,4,0.0,1
967,1,0,0,0.0,0.0531351546515826,5,0.0,1
968,1,0,0,0.0,0.0531351546515826,5,0.0,1
969,1,0,0,0.0,0.0531351546515826,5,0.0,1
970,1,0,0,0.0048134777376654,0.0540979660608978,3,0.0,1
971,1,0,0,0.0,0.0540979660608978,5,0.0,1
972,1,0,0,0.0243682310469314,0.058972198820556,4,0.0,1
973,1,0,0,0.0,0.058972198820556,5,0.0,1
974,1,0,0,0.0,0.0,5,0.0,1
975,1,0,0,0.0,0.0,5,0.0,1
976,1,0,0,0.0,0.0,5,0.0,1
977,1,0,0,0.0,0.0,5,0.0,1
978,1,0,0,0.0,0.0,5,0.0,1
979,1,0,0,0.0267749699157641,0.0053556384643158,4,0.0,1
980,1,0,0,0.0,0.0053556384643158,5,0.0,1
981,1,0,0,0.0,0.0053556384643158,5,0.0,1
982,1,0,0,0.0105294825511432,0.0074617884221928,3,0.0,1
983,1,0,0,0.0,0.0074617884221928,5,0.0,1
984,1,0,0,0.0093261131167268,0.009327235527741,3,0.0,1
985,1,0,0,0.0144404332129963,0.0122156697556866,3,0.0,1
986,1,0,0,0.0201564380264741,0.016247442532194,3,0.0,1
987,1,0,0,0.0,0.016247442532194,5,0.0,1
988,1,0,0,0.0114320096269554,0.0185341196293176,3,0.0,1
989,1,0,0,0.0159446450060168,0.0217234324226742,3,0.0,1
990,1,0,0,0.0,0.0217234324226742,5,0.0,1
991,1,0,0,0.0,0.0217234324226742,5,0.0,1
992,1,0,0,0.0,0.0217234324226742,5,0.0,1
993,1,0,0,0.0102286401925391,0.023769406667469,3,0.0,1
994,1,0,0,0.0,0.023769406667469,5,0.0,1
995,1,0,0,0.0303850782190132,0.0298471536887712,4,0.0,1
996,1,0,0,0.0144404332129963,0.0327355879167168,3,0.0,1
997,1,0,0,0.0,0.0327355879167168,5,0.0,1
998,1,0,0,0.0601684717208182,0.0447707305331568,4,0.0,2
999,1,0,0,0.0,0.0447707305331568,5,0.0,1
1000,1,0,0,0.0,0.0447707305331568,5,0.0,1
1001,1,0,0,0.0,0.0447707305331568,5,0.0,1
1002,1,0,0,0.0628760529482551,0.0573474545673366,4,0.0,2
1003,1,0,0,0.0162454873646209,0.0605969430737754,3,0.0,1
1004,1,0,0,0.0,0.0,5,0.0,1
1005,1,0,0,0.0,0.0,5,0.0,1
1006,1,0,0,0.0186522262334536,0.0037308942110964,3,0.0,1
1007,1,0,0,0.0192539109506618,0.0075821398483572,3,0.0,1
1008,1,0,0,0.0,0.0075821398483572,5,0.0,1
1009,1,0,0,0.0,0.0075821398483572,5,0.0,1
1010,1,0,0,0.0126353790613718,0.0101095197978096,3,0.0,1
1011,1,0,0,0.0,0.0101095197978096,5,0.0,1
1012,1,0,0,0.0,0.0101095197978096,5,0.0,1
1013,1,0,0,0.0,0.0101095197978096,5,0.0,1
1014,1,0,0,0.0,0.0101095197978096,5,0.0,1
1015,1,0,0,0.0093261131167268,0.0119749669033578,3,0.0,1
1016,1,0,0,0.0,0.0119749669033578,5,0.0,1
1017,1,0,0,0.0219614921780986,0.0163677939583584,3,0.0,1
1018,1,0,0,0.0,0.0163677939583584,5,0.0,1
1019,1,0,0,0.0,0.0163677939583584,5,0.0,1
1020,1,0,0,0.0138387484957882,0.0191358767601396,3,0.0,1
1021,1,0,0,0.0,0.0191358767601396,5,0.0,1
1022,1,0,0,0.0,0.0191358767601396,5,0.0,1
1023,1,0,0,0.0,0.0191358767601396,5,0.0,1
1024,1,0,0,0.0042117930204572,0.0199783367432904,3,0.0,1
1025,1,0,0,0.0,0.0199783367432904,5,0.0,1
1026,1,0,0,0.0,0.0199783367432904,5,0.0,1
1027,1,0,0,0.0,0.0199783367432904,5,0.0,1
1028,1,0,0,0.0,0.0199783367432904,5,0.0,1
1029,1,0,0,0.0,0.0199783367432904,5,0.0,1
1030,1,0,0,0.0,0.0199783367432904,5,0.0,1
1031,1,0,0,0.0,0.0199783367432904,5,0.0,1
1032,1,0,0,0.0,0.0199783367432904,5,0.0,1
1033,1,0,0,0.0,0.0199783367432904,5,0.0,1
1034,1,0,0,0.0,0.0199783367432904,5,0.0,1
1035,1,0,0,0.0,0.0,5,0.0,1
1036,1,0,0,0.0051143200962695,0.0010229871223974,3,0.0,1
1037,1,0,0,0.0,0.0010229871223974,5,0.0,1
1038,1,0,0,0.0,0.0010229871223974,5,0.0,1
1039,1,0,0,0.0,0.0010229871223974,5,0.0,1
1040,1,0,0,0.0,0.0010229871223974,5,0.0,1
1041,1,0,0,0.0,0.0010229871223974,5,0.0,1
1042,1,0,0,0.0,0.0010229871223974,5,0.0,1
1043,1,0,0,0.0,0.0010229871223974,5,0.0,1
1044,1,0,0,0.0,0.0010229871223974,5,0.0,1
1045,1,0,0,0.0,0.0010229871223974,5,0.0,1
1046,1,0,0,0.0,0.0010229871223974,5,0.0,1
1047,1,0,0,0.0,0.0010229871223974,5,0.0,1
1048,1,0,0,0.0,0.0010229871223974,5,0.0,1
1049,1,0,0,0.0,0.0010229871223974,5,0.0,1
1050,1,0,0,0.0,0.0010229871223974,5,0.0,1
1051,1,0,0,0.0,0.0010229871223974,5,0.0,1
1052,1,0,0,0.0,0.0010229871223974,5,0.0,1
1053,1,0,0,0.0,0.0010229871223974,5,0.0,1
1054,1,0,0,0.0,0.0010229871223974,5,0.0,1
1055,1,0,0,0.0,0.0010229871223974,5,0.0,1
1056,1,0,0,0.003610108303249,0.0017450956793838,3,0.0,1
1057,1,0,0,0.0,0.0017450956793838,5,0.0,1
1058,1,0,0,0.0,0.0017450956793838,5,0.0,1
1059,1,0,0,0.0,0.0017450956793838,5,0.0,1
1060,1,0,0,0.0015042117930204,0.0020459742447948,3,0.0,1
1061,1,0,0,0.0060168471720818,0.0032494885064388,3,0.0,1
1062,1,0,0,0.0,0.0032494885064388,5,0.0,1
1063,1,0,0,0.0,0.0032494885064388,5,0.0,1
1064,1,0,0,0.0,0.0032494885064388,5,0.0,1
1065,1,0,0,0.0,0.0,5,0.0,1
1066,1,0,0,0.0,0.0,5,0.0,1
1067,1,0,0,0.0,0.0,5,0.0,1
1068,1,0,0,0.0,0.0,5,0.0,1
1069,1,0,0,0.0,0.0,5,0.0,1
1070,1,0,0,0.0,0.0,5,0.0,1
1071,1,0,0,0.0,0.0,5,0.0,1
1072,1,0,0,0.0,0.0,5,0.0,1
1073,1,0,0,0.0,0.0,5,0.0,1
1074,1,0,0,0.0,0.0,5,0.0,1
1075,1,0,0,0.0,0.0,5,0.0,1
1076,1,0,0,0.0,0.0,5,0.0,1
1077,1,0,0,0.0,0.0,5,0.0,1
1078,1,0,0,0.0,0.0,5,0.0,1
1079,1,0,0,0.0,0.0,5,0.0,1
1080,1,0,0,0.0,0.0,5,0.0,1
1081,1,0,0,0.0,0.0,5,0.0,1
1082,1,0,0,0.0,0.0,5,0.0,1
1083,1,0,0,0.0,0.0,5,0.0,1
1084,1,0,0,0.0,0.0,5,0.0,1
1085,1,0,0,0.0,0.0,5,0.0,1
1086,1,0,0,0.0,0.0,5,0.0,1
1087,1,0,0,0.0,0.0,5,0.0,1
1088,1,0,0,0.0,0.0,5,0.0,1
1089,1,0,0,0.0,0.0,5,0.0,1
1090,1,0,0,0.0,0.0,5,0.0,1
1091,1,0,0,0.0,0.0,5,0.0,1
1092,1,0,0,0.0,0.0,5,0.0,1
1093,1,0,0,0.0,0.0,5,0.0,1
1094,1,0,0,0.0,0.0,5,0.0,1
1095,1,0,0,0.0,0.0,5,0.0,1
1096,1,0,3,0.0,0.0,5,0.0,1
1097,1,0,3,0.0,0.0,5,0.0,1
1098,1,0,3,0.0,0.0,5,0.0,1
1099,1,0,3,0.0,0.0,5,0.0,1
1100,1,0,3,0.0,0.0,5,0.0,1
1101,1,0,3,0.0,0.0,5,0.0,1
1102,1,0,3,0.0,0.0,5,0.0,1
1103,1,0,3,0.0,0.0,5,0.0,1
1104,1,0,3,0.0,0.0,5,0.0,1
1105,1,0,3,0.0018050541516245,0.0003610542784932,3,0.0,1
1106,1,0,3,0.0,0.0003610542784932,5,0.0,1
1107,1,0,3,0.0,0.0003610542784932,5,0.0,1
1108,1,0,3,0.0,0.0003610542784932,5,0.0,1
1109,1,0,3,0.0,0.0003610542784932,5,0.0,1
1110,1,0,3,0.0,0.0003610542784932,5,0.0,1
1111,1,0,3,0.0,0.0003610542784932,5,0.0,1
1112,1,0,3,0.0,0.0003610542784932,5,0.0,1
1113,1,0,3,0.0012033694344163,0.000601757130822,3,0.0,1
1114,1,0,3,0.0,0.000601757130822,5,0.0,1
1115,1,0,3,0.0,0.000601757130822,5,0.0,1
1116,1,0,3,0.0,0.000601757130822,5,0.0,1
1117,1,0,3,0.0,0.000601757130822,5,0.0,1
1118,1,0,3,0.0,0.000601757130822,5,0.0,1
1119,1,0,3,0.0,0.000601757130822,5,0.0,1
1120,1,0,3,0.0,0.000601757130822,5,0.0,1
1121,1,0,3,0.0,0.000601757130822,5,0.0,1
1122,1,0,3,0.0,0.000601757130822,5,0.0,1
1123,1,0,3,0.0,0.000601757130822,5,0.0,1
1124,1,0,3,0.0,0.000601757130822,5,0.0,1
1125,1,0,3,0.0,0.000601757130822,5,0.0,1
1126,1,0,3,0.0,0.000601757130822,5,0.0,1
1127,1,0,3,0.0,0.0,5,0.0,1
1128,1,0,3,0.0006016847172081,0.0001203514261644,3,0.0,1
1129,1,0,3,0.0,0.0001203514261644,5,0.0,1
1130,1,0,3,0.0487364620938628,0.0098688169454808,4,0.0,2
1131,1,0,3,0.0,0.0098688169454808,5,0.0,1
1132,1,0,3,0.0,0.0098688169454808,5,0.0,1
1133,1,0,3,0.0318892900120336,0.016247442532194,4,0.0,1
1134,1,0,3,0.0,0.016247442532194,5,0.0,1
1135,1,0,3,0.0,0.016247442532194,5,0.0,1
1136,1,0,3,0.0,0.016247442532194,5,0.0,1
1137,1,0,3,0.0,0.016247442532194,5,0.0,1
1138,1,0,3,0.0,0.016247442532194,5,0.0,1
1139,1,0,3,0.0,0.016247442532194,5,0.0,1
1140,1,0,3,0.0,0.016247442532194,5,0.0,1
1141,1,0,3,0.0,0.016247442532194,5,0.0,1
1142,1,0,3,0.0,0.016247442532194,5,0.0,1
1143,1,0,3,0.0,0.016247442532194,5,0.0,1
1144,1,0,3,0.0,0.016247442532194,5,0.0,1
1145,1,0,3,0.0,0.016247442532194,5,0.0,1
1146,1,0,3,0.0,0.016247442532194,5,0.0,1
1147,1,0,3,0.0,0.016247442532194,5,0.0,1
1148,1,0,3,0.0,0.016247442532194,5,0.0,1
1149,1,0,3,0.0045126353790613,0.017150078228427,3,0.0,1
1150,1,0,3,0.0,0.017150078228427,5,0.0,1
1151,1,0,3,0.0,0.017150078228427,5,0.0,1
1152,1,0,3,0.0,0.017150078228427,5,0.0,1
1153,1,0,3,0.0,0.017150078228427,5,0.0,1
1154,1,0,3,0.0,0.017150078228427,5,0.0,1
1155,1,0,3,0.0,0.0,5,0.0,1
1156,1,0,3,0.0,0.0,5,0.0,1
1157,1,0,3,0.0,0.0,5,0.0,1
1158,1,0,3,0.0,0.0,5,0.0,1
1159,1,0,3,0.0,0.0,5,0.0,1
1160,1,0,3,0.0,0.0,5,0.0,1
1161,1,0,3,0.0,0.0,5,0.0,1
1162,1,0,3,0.0,0.0,5,0.0,1
1163,1,0,3,0.0,0.0,5,0.0,1
1164,1,0,3,0.0,0.0,5,0.0,1
1165,1,0,3,0.0,0.0,5,0.0,1
1166,1,0,3,0.0,0.0,5,0.0,1
1167,1,0,3,0.0,0.0,5,0.0,1
1168,1,0,3,0.0,0.0,5,0.0,1
1169,1,0,3,0.03309265944645,0.006619328439042,4,0.0,1
1170,1,0,3,0.0,0.006619328439042,5,0.0,1
1171,1,0,3,0.0,0.006619328439042,5,0.0,1
1172,1,0,3,0.0,0.006619328439042,5,0.0,1
1173,1,0,3,0.0,0.006619328439042,5,0.0,1
1174,1,0,3,0.0,0.006619328439042,5,0.0,1
1175,1,0,3,0.0,0.006619328439042,5,0.0,1
1176,1,0,3,0.0,0.006619328439042,5,0.0,1
1177,1,0,3,0.0,0.006619328439042,5,0.0,1
1178,1,0,3,0.0,0.006619328439042,5,0.0,1
1179,1,0,3,0.0,0.006619328439042,5,0.0,1
1180,1,0,3,0.0,0.006619328439042,5,0.0,1
1181,1,0,3,0.0,0.006619328439042,5,0.0,1
1182,1,0,3,0.0,0.006619328439042,5,0.0,1
1183,1,0,3,0.0,0.006619328439042,5,0.0,1
1184,1,0,3,0.0,0.006619328439042,5,0.0,1
1185,1,0,3,0.0,0.006619328439042,5,0.0,1
1186,1,0,3,0.0,0.0,5,0.0,1
1187,1,0,3,0.0,0.0,5,0.0,1
1188,1,0,3,0.0,0.0,5,0.0,1
1189,1,0,3,0.0,0.0,5,0.0,1
1190,1,0,3,0.0,0.0,5,0.0,1
1191,1,0,3,0.0,0.0,5,0.0,1
1192,1,0,3,0.0024067388688327,0.0004814057046576,3,0.0,1
1193,1,0,3,0.0,0.0004814057046576,5,0.0,1
1194,1,0,3,0.0,0.0004814057046576,5,0.0,1
1195,1,0,3,0.0,0.0004814057046576,5,0.0,1
1196,1,0,3,0.0,0.0004814057046576,5,0.0,1
1197,1,0,3,0.0,0.0004814057046576,5,0.0,1
1198,1,0,3,0.0,0.0004814057046576,5,0.0,1
1199,1,0,3,0.0,0.0004814057046576,5,0.0,1
1200,1,0,3,0.0,0.0004814057046576,5,0.0,1
1201,1,0,3,0.0,0.0004814057046576,5,0.0,1
1202,1,0,3,0.0303850782190132,0.0065591527259598,4,0.0,1
1203,1,0,3,0.0,0.0065591527259598,5,0.0,1
1204,1,0,3,0.0,0.0065591527259598,5,0.0,1
1205,1,0,3,0.0,0.0065591527259598,5,0.0,1
1206,1,0,3,0.0,0.0065591527259598,5,0.0,1
1207,1,0,3,0.0249699157641395,0.0115537369117824,4,0.0,1
1208,1,0,3,0.0,0.0115537369117824,5,0.0,1
1209,1,0,3,0.0,0.0115537369117824,5,0.0,1
1210,1,0,3,0.0,0.0115537369117824,5,0.0,1
1211,1,0,3,0.0,0.0115537369117824,5,0.0,1
1212,1,0,3,0.0,0.0115537369117824,5,0.0,1
1213,1,0,3,0.0,0.0115537369117824,5,0.0,1
1214,1,0,3,0.0,0.0115537369117824,5,0.0,1
1215,1,0,3,0.00661853188929,0.0128776025995908,3,0.0,1
1216,1,0,3,0.016546329723225,0.003309664219521,3,0.0,1
1217,1,0,3,0.000300842358604,0.0033698399326032,3,0.0,1
1218,1,0,3,0.0081227436823104,0.0049945841858226,3,0.0,1
1219,1,0,3,0.0,0.0049945841858226,5,0.0,1
1220,1,0,3,0.0,0.0049945841858226,5,0.0,1
1221,1,0,3,0.0,0.0049945841858226,5,0.0,1
1222,1,0,3,0.0,0.0049945841858226,5,0.0,1
1223,1,0,3,0.0,0.0049945841858226,5,0.0,1
1224,1,0,3,0.0282791817087845,0.0106511012155494,4,0.0,1
1225,1,0,3,0.0,0.0106511012155494,5,0.0,1
1226,1,0,3,0.0,0.0106511012155494,5,0.0,1
1227,1,0,3,0.0183513838748495,0.0143218197135636,3,0.0,1
1228,1,0,3,0.0,0.0143218197135636,5,0.0,1
1229,1,0,3,0.000300842358604,0.0143819954266458,3,0.0,1
1230,1,0,3,0.0,0.0143819954266458,5,0.0,1
1231,1,0,3,0.0,0.0143819954266458,5,0.0,1
1232,1,0,3,0.0294825511432009,0.0202792153087014,4,0.0,1
1233,1,0,3,0.0,0.0202792153087014,5,0.0,1
1234,1,0,3,0.0,0.0202792153087014,5,0.0,1
1235,1,0,3,0.0,0.0202792153087014,5,0.0,1
1236,1,0,3,0.0,0.0202792153087014,5,0.0,1
1237,1,0,3,0.0,0.0202792153087014,5,0.0,1
1238,1,0,3,0.0622743682310469,0.0327355879167168,4,0.0,2
1239,1,0,3,0.0,0.0327355879167168,5,0.0,1
1240,1,0,3,0.0,0.0327355879167168,5,0.0,1
1241,1,0,3,0.0,0.0327355879167168,5,0.0,1
1242,1,0,3,0.0,0.0327355879167168,5,0.0,1
1243,1,0,3,0.0015042117930204,0.0330364664821278,3,0.0,1
1244,1,0,3,0.0006016847172081,0.0331568179082922,3,0.0,1
1245,1,0,3,0.0,0.0331568179082922,5,0.0,1
1246,1,0,3,0.01985559566787,0.0371284149717174,3,0.0,1
1247,1,0,3,0.0406137184115523,0.008123721266097,4,0.0,1
1248,1,0,3,0.0246690734055354,0.0130581297388374,4,0.0,1
1249,1,0,3,0.0971720818291215,0.032494885064388,4,0.0,2
1250,1,0,3,0.2506016847172082,0.0826212540618606,6,0.3333333333333333,0
1251,1,0,3,0.0027075812274368,0.0831628354796004,3,0.0,1
1252,1,0,3,0.0980746089049338,0.1027801179443976,4,0.0,2
1253,1,0,3,0.0315884476534296,0.1090985678180286,4,0.0,1
1254,1,0,3,0.0180505415162454,0.1127091106029606,3,0.0,1
1255,1,0,3,0.0012033694344163,0.1129498134552894,3,0.0,1
1256,1,0,3,0.0,0.1129498134552894,5,0.0,1
1257,1,0,3,0.0,0.1129498134552894,5,0.0,1
1258,1,0,3,0.0240673886883273,0.1177638705018654,4,0.0,1
1259,1,0,3,0.0153429602888086,0.1208328318690576,3,0.0,1
1260,1,0,3,0.0631768953068592,0.1334697316163196,4,0.0,2
1261,1,0,3,0.0117328519855595,0.1358165844265254,3,0.0,1
1262,1,0,3,0.0252707581227436,0.1408713443254302,4,0.0,1
1263,1,0,3,0.02647412755716,0.1461668070766638,4,0.0,1
1264,1,0,3,0.0472322503008423,0.1556143940305692,4,0.0,2
1265,1,0,3,0.1558363417569193,0.1867854134071488,2,0.0,0
1266,1,0,3,0.1564380264741275,0.2180767842098928,2,0.0,0
1267,1,0,3,0.0090252707581227,0.2198820556023588,3,0.0,1
1268,1,0,3,0.003610108303249,0.2206041641593453,3,0.0,1
1269,1,0,3,0.0370036101083032,0.2280057768684558,4,0.0,1
1270,1,0,3,0.0,0.2280057768684558,5,0.0,1
1271,1,0,3,0.0,0.2280057768684558,5,0.0,1
1272,1,0,3,0.0276774969915764,0.2335419424720183,4,0.0,1
1273,1,0,3,0.0460288808664259,0.2427488265735948,4,0.0,2
1274,1,0,3,0.0183513838748495,0.2464195450716091,3,0.0,1
1275,1,0,3,0.0222623345367027,0.2508725478396919,3,0.0,1
1276,1,0,3,0.0192539109506618,0.2547237934769527,3,0.0,1
1277,1,0,3,0.0418170878459687,0.0083644241184258,4,0.0,1
1278,1,0,3,0.0,0.0083644241184258,5,0.0,1
1279,1,0,3,0.0679903730445246,0.021964135275003,4,0.0,2
1280,1,0,3,0.1486161251504212,0.0516909375376098,2,0.0,0
1281,1,0,3,0.0084235860409145,0.0533758575039114,3,0.0,1
1282,1,0,3,0.0514440433212996,0.0636659044409676,4,0.0,2
1283,1,0,3,0.0282791817087845,0.0693224214706944,4,0.0,1
1284,1,0,3,0.0216606498194945,0.0736550728126128,3,0.0,1
1285,1,0,3,0.0664861612515042,0.086953905403779,4,0.0,2
1286,1,0,3,0.0288808664259927,0.0927307738596702,4,0.0,1
1287,1,0,3,0.04632972322503,0.101997833674329,4,0.0,2
1288,1,0,3,0.5267749699157641,0.2073655072812613,1,0.6666666666666666,0
1289,1,0,3,0.0027075812274368,0.207907088699001,3,0.0,1
1290,1,0,3,0.0809265944645006,0.2240943555181128,4,0.0,2
1291,1,0,3,0.2259326113116726,0.2692863160428451,6,0.3333333333333333,0
1292,1,0,3,0.0216606498194945,0.2736189673847635,3,0.0,1
1293,1,0,3,0.003309265944645,0.2742809002286677,3,0.0,1
1294,1,0,3,0.0,0.2742809002286677,5,0.0,1
1295,1,0,3,0.1407942238267148,0.3024431339511373,2,0.0,0
1296,1,0,3,0.1395908543922984,0.3303646648212781,2,0.0,0
1297,1,0,3,0.0006016847172081,0.3304850162474425,3,0.0,1
1298,1,0,3,0.0,0.3304850162474425,5,0.0,1
1299,1,0,3,0.1224428399518652,0.3549765314718979,2,0.0,0
1300,1,0,3,0.0830324909747292,0.3715850282825851,4,0.0,2
1301,1,0,3,0.0,0.3715850282825851,5,0.0,1
1302,1,0,3,0.0,0.3715850282825851,5,0.0,1
1303,1,0,3,0.1206377858002406,0.3957154892285474,2,0.0,0
1304,1,0,3,0.003610108303249,0.3964375977855337,3,0.0,1
1305,1,0,3,0.0348977135980746,0.4034179805030689,4,0.0,1
1306,1,0,3,0.0021058965102286,0.4038392104946444,3,0.0,1
1307,1,0,3,0.023164861612515,0.4084727404019737,4,0.0,1
1308,1,0,3,0.0,0.0,5,0.0,1
1309,1,0,3,0.0108303249097472,0.0021663256709592,3,0.0,1
1310,1,0,3,0.0294825511432009,0.0080635455530148,4,0.0,1
1311,1,0,3,0.2662454873646209,0.0613190516307618,6,0.3333333333333333,0
1312,1,0,3,0.0451263537906137,0.0703454085930918,4,0.0,1
1313,1,0,3,0.1266546329723225,0.095679383800698,2,0.0,0
1314,1,0,3,0.0,0.095679383800698,5,0.0,1
1315,1,0,3,0.0207581227436823,0.0998315080033698,3,0.0,1
1316,1,0,3,0.0,0.0998315080033698,5,0.0,1
1317,1,0,3,0.0688929001203369,0.1136117462991936,4,0.0,2
1318,1,0,3,0.0021058965102286,0.114032976290769,3,0.0,1
1319,1,0,3,0.0,0.114032976290769,5,0.0,1
1320,1,0,3,0.0523465703971119,0.1245035503670718,4,0.0,2
1321,1,0,3,0.3426594464500602,0.1930436875676976,6,0.3333333333333333,0
1322,1,0,3,0.0,0.1930436875676976,5,0.0,1
1323,1,0,3,0.0246690734055354,0.197978096040438,4,0.0,1
1324,1,0,3,0.0622743682310469,0.2104344686484534,4,0.0,2
1325,1,0,3,0.069193742478941,0.2242748826573594,4,0.0,2
1326,1,0,3,0.0,0.2242748826573594,5,0.0,1
1327,1,0,3,0.0448255114320096,0.2332410639066073,4,0.0,1
1328,1,0,3,0.0027075812274368,0.2337826453243471,3,0.0,1
1329,1,0,3,0.01985559566787,0.2377542423877723,3,0.0,1
1330,1,0,3,0.0318892900120336,0.2441328679744855,4,0.0,1
1331,1,0,3,0.0,0.2441328679744855,5,0.0,1
1332,1,0,3,0.0728038507821901,0.2586953905403779,4,0.0,2
1333,1,0,3,0.1125150421179302,0.2812011072331207,2,0.0,0
1334,1,0,3,0.1182310469314079,0.3048501624744253,2,0.0,0
1335,1,0,3,0.0,0.3048501624744253,5,0.0,1
1336,1,0,3,0.0376052948255114,0.3123721266097003,4,0.0,1
1337,1,0,3,0.0385078219013237,0.3200746178842219,4,0.0,1
1338,1,0,3,0.0,0.3200746178842219,5,0.0,1
1339,1,0,3,0.0553549939831528,0.0110723312071248,4,0.0,2
1340,1,0,3,0.0147412755716004,0.0140209411481526,3,0.0,1
1341,1,0,3,0.0502406738868832,0.02407028523288,4,0.0,2
1342,1,0,3,0.0,0.02407028523288,5,0.0,1
1343,1,0,3,0.0,0.02407028523288,5,0.0,1
1344,1,0,3,0.0,0.02407028523288,5,0.0,1
1345,1,0,3,0.0015042117930204,0.024371163798291,3,0.0,1
1346,1,0,3,0.023164861612515,0.0290046937056204,4,0.0,1
1347,1,0,3,0.0676895306859205,0.0425442291491154,4,0.0,2
1348,1,0,3,0.1098074608904933,0.0645083644241184,2,0.0,0
1349,1,0,3,0.0333935018050541,0.0711878685762426,4,0.0,1
1350,1,0,3,0.0,0.0711878685762426,5,0.0,1
1351,1,0,3,0.1302647412755715,0.0972439523408352,2,0.0,0
1352,1,0,3,0.0,0.0972439523408352,5,0.0,1
1353,1,0,3,0.0896510228640192,0.1151763148393308,4,0.0,2
1354,1,0,3,0.0339951865222623,0.1219761704176194,4,0.0,1
1355,1,0,3,0.0,0.1219761704176194,5,0.0,1
1356,1,0,3,0.2472924187725632,0.1714406065711878,6,0.3333333333333333,0
1357,1,0,3,0.0183513838748495,0.175111325069202,3,0.0,1
1358,1,0,3,0.0210589651022864,0.179323624984956,3,0.0,1
1359,1,0,3,0.0556558363417569,0.190456131905163,4,0.0,2
1360,1,0,3,0.0,0.190456131905163,5,0.0,1
1361,1,0,3,0.0255716004813477,0.19557106751715,4,0.0,1
1362,1,0,3,0.0063176895306859,0.1968347574918763,3,0.0,1
1363,1,0,3,0.135078219013237,0.223853652665784,2,0.0,0
1364,1,0,3,0.0324909747292418,0.2303526296786616,4,0.0,1
1365,1,0,3,0.0,0.2303526296786616,5,0.0,1
1366,1,0,3,0.0,0.2303526296786616,5,0.0,1
1367,1,0,3,0.0634777376654633,0.2430497051390058,4,0.0,2
1368,1,0,3,0.0249699157641395,0.2480442893248285,4,0.0,1
1369,1,0,3,0.0,0.0,5,0.0,1
1370,1,0,3,0.0192539109506618,0.0038512456372608,3,0.0,1
1371,1,0,3,0.0009025270758122,0.0040317727765074,3,0.0,1
1372,1,0,3,0.0063176895306859,0.0052954627512336,3,0.0,1
1373,1,0,3,0.0027075812274368,0.0058370441689734,3,0.0,1
1374,1,0,3,0.0,0.0058370441689734,5,0.0,1
1375,1,0,3,0.0105294825511432,0.0079431941268504,3,0.0,1
1376,1,0,3,0.0,0.0079431941268504,5,0.0,1
1377,1,0,3,0.0063176895306859,0.0092068841015766,3,0.0,1
1378,1,0,3,0.0,0.0092068841015766,5,0.0,1
1379,1,0,3,0.0021058965102286,0.009628114093152,3,0.0,1
1380,1,0,3,0.0240673886883273,0.014442171139728,4,0.0,1
1381,1,0,3,0.0276774969915764,0.0199783367432904,4,0.0,1
1382,1,0,3,0.0060168471720818,0.0211818510049344,3,0.0,1
1383,1,0,3,0.0207581227436823,0.0253339752076062,3,0.0,1
1384,1,0,3,0.0018050541516245,0.0256950294860994,3,0.0,1
1385,1,0,3,0.0150421179302045,0.0287038151402094,3,0.0,1
1386,1,0,3,0.0,0.0287038151402094,5,0.0,1
1387,1,0,3,0.0192539109506618,0.0325550607774702,3,0.0,1
1388,1,0,3,0.0,0.0325550607774702,5,0.0,1
1389,1,0,3,0.0030084235860409,0.0331568179082922,3,0.0,1
1390,1,0,3,0.0511432009626955,0.0433866891322662,4,0.0,2
1391,1,0,3,0.0168471720818291,0.0467565290648694,3,0.0,1
1392,1,0,3,0.0,0.0467565290648694,5,0.0,1
1393,1,0,3,0.0,0.0467565290648694,5,0.0,1
1394,1,0,3,0.0315884476534296,0.0530749789385004,4,0.0,1
1395,1,0,3,0.0045126353790613,0.0539776146347334,3,0.0,1
1396,1,0,3,0.0048134777376654,0.0549404260440486,3,0.0,1
1397,1,0,3,0.0150421179302045,0.0579492116981586,3,0.0,1
1398,1,0,3,0.0,0.0579492116981586,5,0.0,1
1399,1,0,3,0.0252707581227436,0.0630039715970634,4,0.0,1
1400,1,0,3,0.0,0.0,5,0.0,1
1401,1,0,3,0.0,0.0,5,0.0,1
1402,1,0,3,0.0,0.0,5,0.0,1
1403,1,0,3,0.0,0.0,5,0.0,1
1404,1,0,3,0.0,0.0,5,0.0,1
1405,1,0,3,0.0,0.0,5,0.0,1
1406,1,0,3,0.0009025270758122,0.0001805271392466,3,0.0,1
1407,1,0,3,0.0517448856799037,0.010530749789385,4,0.0,2
1408,1,0,3,0.0,0.010530749789385,5,0.0,1
1409,1,0,3,0.0024067388688327,0.0110121554940426,3,0.0,1
1410,1,0,3,0.0,0.0110121554940426,5,0.0,1
1411,1,0,3,0.0,0.0110121554940426,5,0.0,1
1412,1,0,3,0.0,0.0110121554940426,5,0.0,1
1413,1,0,3,0.0,0.0110121554940426,5,0.0,1
1414,1,0,3,0.0,0.0110121554940426,5,0.0,1
1415,1,0,3,0.0057160048134777,0.0121554940426044,3,0.0,1
1416,1,0,3,0.0,0.0121554940426044,5,0.0,1
1417,1,0,3,0.0105294825511432,0.0142616440004814,3,0.0,1
1418,1,0,3,0.0,0.0142616440004814,5,0.0,1
1419,1,0,3,0.0039109506618531,0.01504392827055,3,0.0,1
1420,1,0,3,0.0,0.01504392827055,5,0.0,1
1421,1,0,3,0.0,0.01504392827055,5,0.0,1
1422,1,0,3,0.0,0.01504392827055,5,0.0,1
1423,1,0,3,0.0090252707581227,0.016849199663016,3,0.0,1
1424,1,0,3,0.0,0.016849199663016,5,0.0,1
1425,1,0,3,0.0,0.016849199663016,5,0.0,1
1426,1,0,3,0.0,0.016849199663016,5,0.0,1
1427,1,0,3,0.0,0.016849199663016,5,0.0,1
1428,1,0,3,0.0,0.016849199663016,5,0.0,1
1429,1,0,3,0.0,0.016849199663016,5,0.0,1
1430,1,0,3,0.0685920577617328,0.0137200625827416,4,0.0,2
1431,1,0,3,0.0072202166064981,0.0151642796967144,3,0.0,1
1432,1,0,3,0.0,0.0151642796967144,5,0.0,1
1433,1,0,3,0.0,0.0151642796967144,5,0.0,1
1434,1,0,3,0.0,0.0151642796967144,5,0.0,1
1435,1,0,3,0.0,0.0151642796967144,5,0.0,1
1436,1,0,3,0.0,0.0151642796967144,5,0.0,1
1437,1,0,3,0.0,0.0151642796967144,5,0.0,1
1438,1,0,3,0.0,0.0151642796967144,5,0.0,1
1439,1,0,3,0.0,0.0151642796967144,5,0.0,1
1440,1,0,3,0.0,0.0151642796967144,5,0.0,1
1441,1,0,3,0.0,0.0151642796967144,5,0.0,1
1442,1,0,3,0.0,0.0151642796967144,5,0.0,1
1443,1,0,3,0.0,0.0151642796967144,5,0.0,1
1444,1,0,3,0.0,0.0151642796967144,5,0.0,1
1445,1,0,3,0.0,0.0151642796967144,5,0.0,1
1446,1,0,3,0.0,0.0151642796967144,5,0.0,1
1447,1,0,3,0.0108303249097472,0.0173306053676736,3,0.0,1
1448,1,0,3,0.0,0.0173306053676736,5,0.0,1
1449,1,0,3,0.0,0.0173306053676736,5,0.0,1
1450,1,0,3,0.0,0.0173306053676736,5,0.0,1
1451,1,0,3,0.0,0.0173306053676736,5,0.0,1
1452,1,0,3,0.0,0.0173306053676736,5,0.0,1
1453,1,0,3,0.0,0.0173306053676736,5,0.0,1
1454,1,0,3,0.0,0.0173306053676736,5,0.0,1
1455,1,0,3,0.0,0.0173306053676736,5,0.0,1
1456,1,0,3,0.0,0.0173306053676736,5,0.0,1
1457,1,0,3,0.0,0.0173306053676736,5,0.0,1
1458,1,0,3,0.0,0.0173306053676736,5,0.0,1
1459,1,0,3,0.0,0.0173306053676736,5,0.0,1
1460,1,0,3,0.0,0.0173306053676736,5,0.0,1
1461,1,0,1,0.0192539109506618,0.0038512456372608,3,0.0,1
1462,1,0,1,0.0,0.0038512456372608,5,0.0,1
1463,1,0,1,0.0,0.0038512456372608,5,0.0,1
1464,1,0,1,0.0171480144404332,0.0072812612829462,3,0.0,1
1465,1,0,1,0.0,0.0072812612829462,5,0.0,1
1466,1,0,1,0.0,0.0072812612829462,5,0.0,1
1467,1,0,1,0.0,0.0072812612829462,5,0.0,1
1468,1,0,1,0.0258724428399518,0.0124563726080154,4,0.0,1
1469,1,0,1,0.0,0.0124563726080154,5,0.0,1
1470,1,0,1,0.0,0.0124563726080154,5,0.0,1
1471,1,0,1,0.0,0.0124563726080154,5,0.0,1
1472,1,0,1,0.0,0.0124563726080154,5,0.0,1
1473,1,0,1,0.0060168471720818,0.0136598868696594,3,0.0,1
1474,1,0,1,0.0,0.0136598868696594,5,0.0,1
1475,1,0,1,0.0,0.0136598868696594,5,0.0,1
1476,1,0,1,0.0,0.0136598868696594,5,0.0,1
1477,1,0,1,0.0,0.0136598868696594,5,0.0,1
1478,1,0,1,0.0,0.0136598868696594,5,0.0,1
1479,1,0,1,0.0,0.0136598868696594,5,0.0,1
1480,1,0,1,0.0270758122743682,0.0190757010470574,4,0.0,1
1481,1,0,1,0.0,0.0190757010470574,5,0.0,1
1482,1,0,1,0.0,0.0190757010470574,5,0.0,1
1483,1,0,1,0.0,0.0190757010470574,5,0.0,1
1484,1,0,1,0.0,0.0190757010470574,5,0.0,1
1485,1,0,1,0.0,0.0190757010470574,5,0.0,1
1486,1,0,1,0.0,0.0190757010470574,5,0.0,1
1487,1,0,1,0.0,0.0190757010470574,5,0.0,1
1488,1,0,1,0.0,0.0190757010470574,5,0.0,1
1489,1,0,1,0.0,0.0190757010470574,5,0.0,1
1490,1,0,1,0.0171480144404332,0.0225057166927428,3,0.0,1
1491,1,0,1,0.0,0.0225057166927428,5,0.0,1
1492,1,0,1,0.0,0.0,5,0.0,1
1493,1,0,1,0.01323706377858,0.0026477313756168,3,0.0,1
1494,1,0,1,0.0,0.0026477313756168,5,0.0,1
1495,1,0,1,0.0,0.0026477313756168,5,0.0,1
1496,1,0,1,0.0,0.0026477313756168,5,0.0,1
1497,1,0,1,0.02647412755716,0.0079431941268504,4,0.0,1
1498,1,0,1,0.0075210589651022,0.0094475869539054,3,0.0,1
1499,1,0,1,0.0,0.0094475869539054,5,0.0,1
1500,1,0,1,0.0,0.0094475869539054,5,0.0,1
1501,1,0,1,0.0,0.0094475869539054,5,0.0,1
1502,1,0,1,0.0,0.0094475869539054,5,0.0,1
1503,1,0,1,0.0,0.0094475869539054,5,0.0,1
1504,1,0,1,0.0,0.0094475869539054,5,0.0,1
1505,1,0,1,0.0327918170878459,0.0160067396798652,4,0.0,1
1506,1,0,1,0.0,0.0160067396798652,5,0.0,1
1507,1,0,1,0.0,0.0160067396798652,5,0.0,1
1508,1,0,1,0.0,0.0160067396798652,5,0.0,1
1509,1,0,1,0.0,0.0160067396798652,5,0.0,1
1510,1,0,1,0.0,0.0160067396798652,5,0.0,1
1511,1,0,1,0.1104091456077015,0.0380912263810326,2,0.0,0
1512,1,0,1,0.0,0.0380912263810326,5,0.0,1
1513,1,0,1,0.0072202166064981,0.0395354434950054,3,0.0,1
1514,1,0,1,0.0,0.0395354434950054,5,0.0,1
1515,1,0,1,0.0,0.0395354434950054,5,0.0,1
1516,1,0,1,0.0201564380264741,0.0435672162715128,3,0.0,1
1517,1,0,1,0.0,0.0435672162715128,5,0.0,1
1518,1,0,1,0.0,0.0435672162715128,5,0.0,1
1519,1,0,1,0.0,0.0435672162715128,5,0.0,1
1520,1,0,1,0.0,0.0435672162715128,5,0.0,1
1521,1,0,1,0.0,0.0,5,0.0,1
1522,1,0,1,0.0,0.0,5,0.0,1
1523,1,0,1,0.0,0.0,5,0.0,1
1524,1,0,1,0.0,0.0,5,0.0,1
1525,1,0,1,0.00661853188929,0.0013238656878084,3,0.0,1
1526,1,0,1,0.0,0.0013238656878084,5,0.0,1
1527,1,0,1,0.0499398315282791,0.0113130340594536,4,0.0,2
1528,1,0,1,0.0306859205776173,0.017450956793838,4,0.0,1
1529,1,0,1,0.0,0.017450956793838,5,0.0,1
1530,1,0,1,0.0,0.017450956793838,5,0.0,1
1531,1,0,1,0.0,0.017450956793838,5,0.0,1
1532,1,0,1,0.0,0.017450956793838,5,0.0,1
1533,1,0,1,0.0,0.017450956793838,5,0.0,1
1534,1,0,1,0.0,0.017450956793838,5,0.0,1
1535,1,0,1,0.0,0.017450956793838,5,0.0,1
1536,1,0,1,0.0,0.017450956793838,5,0.0,1
1537,1,0,1,0.0,0.017450956793838,5,0.0,1
1538,1,0,1,0.0,0.017450956793838,5,0.0,1
1539,1,0,1,0.0,0.017450956793838,5,0.0,1
1540,1,0,1,0.0,0.017450956793838,5,0.0,1
1541,1,0,1,0.0,0.017450956793838,5,0.0,1
1542,1,0,1,0.0,0.017450956793838,5,0.0,1
1543,1,0,1,0.0,0.017450956793838,5,0.0,1
1544,1,0,1,0.0,0.017450956793838,5,0.0,1
1545,1,0,1,0.0,0.017450956793838,5,0.0,1
1546,1,0,1,0.0,0.017450956793838,5,0.0,1
1547,1,0,1,0.0,0.017450956793838,5,0.0,1
1548,1,0,1,0.0,0.017450956793838,5,0.0,1
1549,1,0,1,0.0,0.017450956793838,5,0.0,1
1550,1,0,1,0.0809265944645006,0.0336382236129498,4,0.0,2
1551,1,0,1,0.0,0.0336382236129498,5,0.0,1
1552,1,0,1,0.0,0.0,5,0.0,1
1553,1,0,1,0.0,0.0,5,0.0,1
1554,1,0,1,0.0,0.0,5,0.0,1
1555,1,0,1,0.0,0.0,5,0.0,1
1556,1,0,1,0.0027075812274368,0.0005415814177398,3,0.0,1
1557,1,0,1,0.0,0.0005415814177398,5,0.0,1
1558,1,0,1,0.0,0.0005415814177398,5,0.0,1
1559,1,0,1,0.0,0.0005415814177398,5,0.0,1
1560,1,0,1,0.0,0.0005415814177398,5,0.0,1
1561,1,0,1,0.0027075812274368,0.0010831628354796,3,0.0,1
1562,1,0,1,0.0,0.0010831628354796,5,0.0,1
1563,1,0,1,0.0,0.0010831628354796,5,0.0,1
1564,1,0,1,0.0333935018050541,0.0077626669876038,4,0.0,1
1565,1,0,1,0.0252707581227436,0.0128174268865086,4,0.0,1
1566,1,0,1,0.003309265944645,0.0134793597304128,3,0.0,1
1567,1,0,1,0.0,0.0134793597304128,5,0.0,1
1568,1,0,1,0.0,0.0134793597304128,5,0.0,1
1569,1,0,1,0.0,0.0134793597304128,5,0.0,1
1570,1,0,1,0.0,0.0134793597304128,5,0.0,1
1571,1,0,1,0.0,0.0134793597304128,5,0.0,1
1572,1,0,1,0.0,0.0134793597304128,5,0.0,1
1573,1,0,1,0.0,0.0134793597304128,5,0.0,1
1574,1,0,1,0.0,0.0134793597304128,5,0.0,1
1575,1,0,1,0.0120336943441636,0.0158863882537008,3,0.0,1
1576,1,0,1,0.0,0.0158863882537008,5,0.0,1
1577,1,0,1,0.0,0.0158863882537008,5,0.0,1
1578,1,0,1,0.0,0.0158863882537008,5,0.0,1
1579,1,0,1,0.0,0.0158863882537008,5,0.0,1
1580,1,0,1,0.0,0.0158863882537008,5,0.0,1
1581,1,0,1,0.0,0.0158863882537008,5,0.0,1
1582,1,0,1,0.0394103489771359,0.0078830184137682,4,0.0,1
1583,1,0,1,0.0,0.0078830184137682,5,0.0,1
1584,1,0,1,0.0,0.0078830184137682,5,0.0,1
1585,1,0,1,0.0,0.0078830184137682,5,0.0,1
1586,1,0,1,0.0,0.0078830184137682,5,0.0,1
1587,1,0,1,0.0327918170878459,0.014442171139728,4,0.0,1
1588,1,0,1,0.0207581227436823,0.0185942953423998,3,0.0,1
1589,1,0,1,0.016546329723225,0.0219039595619208,3,0.0,1
1590,1,0,1,0.0327918170878459,0.0284631122878806,4,0.0,1
1591,1,0,1,0.1438026474127557,0.0572271031411722,2,0.0,0
1592,1,0,1,0.0105294825511432,0.0593332530990492,3,0.0,1
1593,1,0,1,0.0234657039711191,0.0640269587194608,4,0.0,1
1594,1,0,1,0.0529482551143201,0.074617884221928,4,0.0,2
1595,1,0,1,0.0,0.074617884221928,5,0.0,1
1596,1,0,1,0.0018050541516245,0.0749789385004212,3,0.0,1
1597,1,0,1,0.0,0.0749789385004212,5,0.0,1
1598,1,0,1,0.0,0.0749789385004212,5,0.0,1
1599,1,0,1,0.0,0.0749789385004212,5,0.0,1
1600,1,0,1,0.0,0.0749789385004212,5,0.0,1
1601,1,0,1,0.0072202166064981,0.076423155614394,3,0.0,1
1602,1,0,1,0.0135379061371841,0.079131062703093,3,0.0,1
1603,1,0,1,0.0054151624548736,0.0802142255385726,3,0.0,1
1604,1,0,1,0.0,0.0802142255385726,5,0.0,1
1605,1,0,1,0.0,0.0802142255385726,5,0.0,1
1606,1,0,1,0.0,0.0802142255385726,5,0.0,1
1607,1,0,1,0.0,0.0802142255385726,5,0.0,1
1608,1,0,1,0.0144404332129963,0.0831026597665182,3,0.0,1
1609,1,0,1,0.0,0.0831026597665182,5,0.0,1
1610,1,0,1,0.0,0.0831026597665182,5,0.0,1
1611,1,0,1,0.0243682310469314,0.0879768925261764,4,0.0,1
1612,1,0,1,0.072503008423586,0.1024792393789866,4,0.0,2
1613,1,0,1,0.0171480144404332,0.0034300156456854,3,0.0,1
1614,1,0,1,0.0634777376654633,0.0161270911060296,4,0.0,2
1615,1,0,1,0.1759927797833935,0.0513298832591166,2,0.0,0
1616,1,0,1,0.1242478941034897,0.0761824527620652,2,0.0,0
1617,1,0,1,0.0,0.0761824527620652,5,0.0,1
1618,1,0,1,0.305956678700361,0.1373811529666626,6,0.3333333333333333,0
1619,1,0,1,0.1353790613718411,0.1644602238536526,2,0.0,0
1620,1,0,1,0.0785198555956678,0.1801660849681068,4,0.0,2
1621,1,0,1,0.0466305655836341,0.1894933204958478,4,0.0,2
1622,1,0,1,0.095667870036101,0.2086291972559874,4,0.0,2
1623,1,0,1,0.1326714801444043,0.2351666867252377,2,0.0,0
1624,1,0,1,0.0821299638989169,0.2515946563966783,4,0.0,2
1625,1,0,1,0.1591456077015643,0.2834276086171621,2,0.0,0
1626,1,0,1,0.0415162454873646,0.2917318570225057,4,0.0,1
1627,1,0,1,0.0108303249097472,0.2938981826934649,3,0.0,1
1628,1,0,1,0.2605294825511431,0.3460103502226501,6,0.3333333333333333,0
1629,1,0,1,0.0285800240673886,0.3517270429654591,4,0.0,1
1630,1,0,1,0.0914560770156438,0.3700204597424479,4,0.0,2
1631,1,0,1,0.0622743682310469,0.3824768323504633,4,0.0,2
1632,1,0,1,0.3992178098676293,0.4623300036105428,1,0.6666666666666666,0
1633,1,0,1,0.0342960288808664,0.4691900349019136,4,0.0,1
1634,1,0,1,0.0571600481347773,0.4806234203875316,4,0.0,2
1635,1,0,1,0.0174488567990373,0.4841136117462992,3,0.0,1
1636,1,0,1,0.0782190132370637,0.4997592971476712,4,0.0,2
1637,1,0,1,0.0342960288808664,0.506619328439042,4,0.0,1
1638,1,0,1,0.0072202166064981,0.5080635455530148,3,0.0,1
1639,1,0,1,0.0577617328519855,0.5196172824647972,4,0.0,2
1640,1,0,1,0.0342960288808664,0.526477313756168,4,0.0,1
1641,1,0,1,0.1835138387484958,0.56318449873631,2,0.0,0
1642,1,0,1,0.0604693140794223,0.5752798170658322,4,0.0,2
1643,1,0,1,0.0562575210589651,0.0112528583463714,4,0.0,2
1644,1,0,1,0.0556558363417569,0.0223853652665784,4,0.0,2
1645,1,0,1,0.1892298435619735,0.0602358887952822,2,0.0,0
1646,1,0,1,0.0342960288808664,0.067095920086653,4,0.0,1
1647,1,0,1,0.1720818291215403,0.1015164279696714,2,0.0,0
1648,1,0,1,0.2797833935018051,0.1574798411361174,6,0.3333333333333333,0
1649,1,0,1,0.345367027677497,0.226561559754483,6,0.3333333333333333,0
1650,1,0,1,0.0222623345367027,0.2310145625225658,3,0.0,1
1651,1,0,1,0.1564380264741275,0.2623059333253099,2,0.0,0
1652,1,0,1,0.1597472924187725,0.2942592369719581,2,0.0,0
1653,1,0,1,0.0616726835138387,0.3065952581538091,4,0.0,2
1654,1,0,1,0.0,0.3065952581538091,5,0.0,1
1655,1,0,1,0.0866425992779783,0.3239258635214826,4,0.0,2
1656,1,0,1,0.1398916967509025,0.3519075701047057,2,0.0,0
1657,1,0,1,0.181107099879663,0.3881333493801901,2,0.0,0
1658,1,0,1,0.0604693140794223,0.4002286677097124,4,0.0,2
1659,1,0,1,0.0502406738868832,0.4102780117944397,4,0.0,2
1660,1,0,1,0.0439229843561973,0.4190636659044409,4,0.0,1
1661,1,0,1,0.0,0.4190636659044409,5,0.0,1
1662,1,0,1,0.312575210589651,0.4815862317968467,6,0.3333333333333333,0
1663,1,0,1,0.0574608904933814,0.493079792995547,4,0.0,2
1664,1,0,1,0.0210589651022864,0.497292092911301,3,0.0,1
1665,1,0,1,0.0767148014440433,0.512636899747262,4,0.0,2
1666,1,0,1,0.0,0.512636899747262,5,0.0,1
1667,1,0,1,0.0306859205776173,0.5187748224816464,4,0.0,1
1668,1,0,1,0.0111311672683513,0.5210013238656878,3,0.0,1
1669,1,0,1,0.0673886883273164,0.5344806835961007,4,0.0,2
1670,1,0,1,0.0201564380264741,0.538512456372608,3,0.0,1
1671,1,0,1,0.5842358604091455,0.6553736911782404,1,0.6666666666666666,0
1672,1,0,1,0.0015042117930204,0.6556745697436513,3,0.0,1
1673,1,0,1,0.1155234657039711,0.6787820435672163,2,0.0,0
1674,1,0,1,0.2412755716004813,0.0482609218919244,6,0.3333333333333333,0
1675,1,0,1,0.0060168471720818,0.0494644361535684,3,0.0,1
1676,1,0,1,0.0240673886883273,0.0542784932001444,4,0.0,1
1677,1,0,1,0.131768953068592,0.080635455530148,2,0.0,0
1678,1,0,1,0.1501203369434416,0.1106631363581658,2,0.0,0
1679,1,0,1,0.1522262334536702,0.141112047177759,2,0.0,0
1680,1,0,1,0.1046931407942238,0.1620531953303646,4,0.0,2
1681,1,0,1,0.0523465703971119,0.1725237694066674,4,0.0,2
1682,1,0,1,0.059265944645006,0.1843783848838608,4,0.0,2
1683,1,0,1,0.0917569193742479,0.2027319773739318,4,0.0,2
1684,1,0,1,0.3760529482551143,0.2779516187266819,1,0.6666666666666666,0
1685,1,0,1,0.1074007220216606,0.2994343482970273,2,0.0,0
1686,1,0,1,0.2117930204572804,0.3417980503068961,6,0.3333333333333333,0
1687,1,0,1,0.0914560770156438,0.3600914670838849,4,0.0,2
1688,1,0,1,0.0529482551143201,0.3706823925863521,4,0.0,2
1689,1,0,1,0.1242478941034897,0.3955349620893007,2,0.0,0
1690,1,0,1,0.0460288808664259,0.4047418461908774,4,0.0,2
1691,1,0,1,0.0009025270758122,0.4049223733301239,3,0.0,1
1692,1,0,1,0.0258724428399518,0.4100974846551931,4,0.0,1
1693,1,0,1,0.003610108303249,0.4108195932121796,3,0.0,1
1694,1,0,1,0.0358002406738868,0.4179805030689614,4,0.0,1
1695,1,0,1,0.0676895306859205,0.4315200385124563,4,0.0,2
1696,1,0,1,0.0746089049338146,0.4464436153568419,4,0.0,2
1697,1,0,1,0.2653429602888086,0.4995185942953424,6,0.3333333333333333,0
1698,1,0,1,0.0216606498194945,0.5038512456372608,3,0.0,1
1699,1,0,1,0.1410950661853189,0.5320736550728127,2,0.0,0
1700,1,0,1,0.135078219013237,0.5590925502467204,2,0.0,0
1701,1,0,1,0.1558363417569193,0.5902635696233,2,0.0,0
1702,1,0,1,0.0219614921780986,0.5946563966783006,3,0.0,1
1703,1,0,1,0.0785198555956678,0.6103622577927548,4,0.0,2
1704,1,0,1,0.0090252707581227,0.6121675291852208,3,0.0,1
1705,1,0,1,0.0499398315282791,0.0099891683716452,4,0.0,2
1706,1,0,1,0.2779783393501805,0.065591527259598,6,0.3333333333333333,0
1707,1,0,1,0.2250300842358604,0.1106029606450836,6,0.3333333333333333,0
1708,1,0,1,0.0087244283995186,0.1123480563244674,3,0.0,1
1709,1,0,1,0.0009025270758122,0.112528583463714,3,0.0,1
1710,1,0,1,0.0376052948255114,0.120050547598989,4,0.0,1
1711,1,0,1,0.1040914560770156,0.1408713443254302,4,0.0,2
1712,1,0,1,0.0276774969915764,0.1464075099289926,4,0.0,1
1713,1,0,1,0.0333935018050541,0.1530870140811168,4,0.0,1
1714,1,0,1,0.069193742478941,0.1669274280900228,4,0.0,2
1715,1,0,1,0.0541516245487364,0.1777590564448188,4,0.0,2
1716,1,0,1,0.0385078219013237,0.1854615477193404,4,0.0,1
1717,1,0,1,0.0965703971119133,0.2047779516187267,4,0.0,2
1718,1,0,1,0.1122141997593261,0.2272234925983873,2,0.0,0
1719,1,0,1,0.1498194945848375,0.2571909977133229,2,0.0,0
1720,1,0,1,0.3101684717208183,0.3192321579010711,6,0.3333333333333333,0
1721,1,0,1,0.1248495788206979,0.3442050788301841,2,0.0,0
1722,1,0,1,0.1233453670276775,0.3688771211938861,2,0.0,0
1723,1,0,1,0.0306859205776173,0.3750150439282705,4,0.0,1
1724,1,0,1,0.0279783393501805,0.3806113852449151,4,0.0,1
1725,1,0,1,0.0057160048134777,0.3817547237934769,3,0.0,1
1726,1,0,1,0.0159446450060168,0.3849440365868335,3,0.0,1
1727,1,0,1,0.5078219013237064,0.4865206402695872,1,0.6666666666666666,0
1728,1,0,1,0.1074007220216606,0.5080033698399327,2,0.0,0
1729,1,0,1,0.0027075812274368,0.5085449512576724,3,0.0,1
1730,1,0,1,0.174488567990373,0.5434468648453484,2,0.0,0
1731,1,0,1,0.1976534296028881,0.5829823083403538,6,0.3333333333333333,0
1732,1,0,1,0.0258724428399518,0.588157419665423,4,0.0,1
1733,1,0,1,0.0318892900120336,0.5945360452521362,4,0.0,1
1734,1,0,1,0.0090252707581227,0.5963413166446022,3,0.0,1
1735,1,0,1,0.0926594464500601,0.0185341196293176,4,0.0,2
1736,1,0,1,0.003610108303249,0.019256228186304,3,0.0,1
1737,1,0,1,0.0117328519855595,0.0216030809965098,3,0.0,1
1738,1,0,1,0.0628760529482551,0.0341798050306896,4,0.0,2
1739,1,0,1,0.0153429602888086,0.0372487663978818,3,0.0,1
1740,1,0,1,0.0087244283995186,0.0389938620772656,3,0.0,1
1741,1,0,1,0.0102286401925391,0.0410398363220604,3,0.0,1
1742,1,0,1,0.0042117930204572,0.0418822963052112,3,0.0,1
1743,1,0,1,0.0027075812274368,0.042423877722951,3,0.0,1
1744,1,0,1,0.0243682310469314,0.0472981104826092,4,0.0,1
1745,1,0,1,0.0370036101083032,0.0546997231917198,4,0.0,1
1746,1,0,1,0.0631768953068592,0.0673366229389818,4,0.0,2
1747,1,0,1,0.003309265944645,0.067998555782886,3,0.0,1
1748,1,0,1,0.0860409145607701,0.0852088097243952,4,0.0,2
1749,1,0,1,0.0312876052948255,0.091467083884944,4,0.0,1
1750,1,0,1,0.0030084235860409,0.092068841015766,3,0.0,1
1751,1,0,1,0.009927797833935,0.0940546395474786,3,0.0,1
1752,1,0,1,0.036401925391095,0.1013359008304248,4,0.0,1
1753,1,0,1,0.0087244283995186,0.1030809965098086,3,0.0,1
1754,1,0,1,0.0216606498194945,0.107413647851727,3,0.0,1
1755,1,0,1,0.0809265944645006,0.1236009146708388,4,0.0,2
1756,1,0,1,0.016546329723225,0.1269105788903598,3,0.0,1
1757,1,0,1,0.01323706377858,0.1295583102659766,3,0.0,1
1758,1,0,1,0.0090252707581227,0.1313635816584426,3,0.0,1
1759,1,0,1,0.0,0.1313635816584426,5,0.0,1
1760,1,0,1,0.00661853188929,0.132687447346251,3,0.0,1
1761,1,0,1,0.0180505415162454,0.136297990131183,3,0.0,1
1762,1,0,1,0.0676895306859205,0.149837525574678,4,0.0,2
1763,1,0,1,0.1070998796630565,0.1712600794319412,2,0.0,0
1764,1,0,1,0.0024067388688327,0.1717414851365988,3,0.0,1
1765,1,0,1,0.151624548736462,0.2020700445300277,2,0.0,0
1766,1,0,1,0.0370036101083032,0.0074016127091106,4,0.0,1
1767,1,0,1,0.0006016847172081,0.007521964135275,3,0.0,1
1768,1,0,1,0.0,0.007521964135275,5,0.0,1
1769,1,0,1,0.0,0.007521964135275,5,0.0,1
1770,1,0,1,0.0,0.007521964135275,5,0.0,1
1771,1,0,1,0.0087244283995186,0.0092670598146588,3,0.0,1
1772,1,0,1,0.0598676293622141,0.0212420267180166,4,0.0,2
1773,1,0,1,0.0276774969915764,0.026778192321579,4,0.0,1
1774,1,0,1,0.0,0.026778192321579,5,0.0,1
1775,1,0,1,0.0,0.026778192321579,5,0.0,1
1776,1,0,1,0.0,0.026778192321579,5,0.0,1
1777,1,0,1,0.0,0.026778192321579,5,0.0,1
1778,1,0,1,0.0,0.026778192321579,5,0.0,1
1779,1,0,1,0.0,0.026778192321579,5,0.0,1
1780,1,0,1,0.0439229843561973,0.0355638464315802,4,0.0,1
1781,1,0,1,0.0,0.0355638464315802,5,0.0,1
1782,1,0,1,0.0,0.0355638464315802,5,0.0,1
1783,1,0,1,0.0180505415162454,0.0391743892165122,3,0.0,1
1784,1,0,1,0.01323706377858,0.041822120592129,3,0.0,1
1785,1,0,1,0.000300842358604,0.0418822963052112,3,0.0,1
1786,1,0,1,0.0,0.0418822963052112,5,0.0,1
1787,1,0,1,0.0,0.0418822963052112,5,0.0,1
1788,1,0,1,0.0,0.0418822963052112,5,0.0,1
1789,1,0,1,0.0084235860409145,0.0435672162715128,3,0.0,1
1790,1,0,1,0.0,0.0435672162715128,5,0.0,1
1791,1,0,1,0.0577617328519855,0.0551209531832952,4,0.0,2
1792,1,0,1,0.0,0.0551209531832952,5,0.0,1
1793,1,0,1,0.0,0.0551209531832952,5,0.0,1
1794,1,0,1,0.0159446450060168,0.0583102659766518,3,0.0,1
1795,1,0,1,0.0,0.0583102659766518,5,0.0,1
1796,1,0,1,0.0,0.0,5,0.0,1
1797,1,0,1,0.0,0.0,5,0.0,1
1798,1,0,1,0.0,0.0,5,0.0,1
1799,1,0,1,0.0,0.0,5,0.0,1
1800,1,0,1,0.0,0.0,5,0.0,1
1801,1,0,1,0.0,0.0,5,0.0,1
1802,1,0,1,0.0,0.0,5,0.0,1
1803,1,0,1,0.0,0.0,5,0.0,1
1804,1,0,1,0.0,0.0,5,0.0,1
1805,1,0,1,0.0,0.0,5,0.0,1
1806,1,0,1,0.0,0.0,5,0.0,1
1807,1,0,1,0.0,0.0,5,0.0,1
1808,1,0,1,0.0,0.0,5,0.0,1
1809,1,0,1,0.0,0.0,5,0.0,1
1810,1,0,1,0.0,0.0,5,0.0,1
1811,1,0,1,0.0,0.0,5,0.0,1
1812,1,0,1,0.0,0.0,5,0.0,1
1813,1,0,1,0.0,0.0,5,0.0,1
1814,1,0,1,0.0,0.0,5,0.0,1
1815,1,0,1,0.0,0.0,5,0.0,1
1816,1,0,1,0.0,0.0,5,0.0,1
1817,1,0,1,0.0,0.0,5,0.0,1
1818,1,0,1,0.0,0.0,5,0.0,1
1819,1,0,1,0.0,0.0,5,0.0,1
1820,1,0,1,0.0,0.0,5,0.0,1
1821,1,0,1,0.0,0.0,5,0.0,1
1822,1,0,1,0.0,0.0,5,0.0,1
1823,1,0,1,0.052647412755716,0.010530749789385,4,0.0,2
1824,1,0,1,0.0,0.010530749789385,5,0.0,1
1825,1,0,1,0.0,0.010530749789385,5,0.0,1
1826,1,0,1,0.0,0.010530749789385,5,0.0,1
0,7,0,3,0.0,0.0,5,0.0,1
1,7,0,3,0.0,0.0,5,0.0,1
2,7,0,3,0.0,0.0,5,0.0,1
3,7,0,3,0.0,0.0,5,0.0,1
4,7,0,3,0.0,0.0,5,0.0,1
5,7,0,3,0.0,0.0,5,0.0,1
6,7,0,3,0.0,0.0,5,0.0,1
7,7,0,3,0.0,0.0,5,0.0,1
8,7,0,3,0.0,0.0,5,0.0,1
9,7,0,3,0.0,0.0,5,0.0,1
10,7,0,3,0.0,0.0,5,0.0,1
11,7,0,3,0.0,0.0,5,0.0,1
12,7,0,3,0.0,0.0,5,0.0,1
13,7,0,3,0.0,0.0,5,0.0,1
14,7,0,3,0.0,0.0,5,0.0,1
15,7,0,3,0.0,0.0,5,0.0,1
16,7,0,3,0.0,0.0,5,0.0,1
17,7,0,3,0.0,0.0,5,0.0,1
18,7,0,3,0.0,0.0,5,0.0,1
19,7,0,3,0.0,0.0,5,0.0,1
20,7,0,3,0.0021058965102286,0.0004212299915754,3,0.0,1
21,7,0,3,0.0,0.0004212299915754,5,0.0,1
22,7,0,3,0.0,0.0004212299915754,5,0.0,1
23,7,0,3,0.0,0.0004212299915754,5,0.0,1
24,7,0,3,0.0,0.0004212299915754,5,0.0,1
25,7,0,3,0.0,0.0004212299915754,5,0.0,1
26,7,0,3,0.0,0.0004212299915754,5,0.0,1
27,7,0,3,0.0,0.0004212299915754,5,0.0,1
28,7,0,3,0.0,0.0004212299915754,5,0.0,1
29,7,0,3,0.0,0.0004212299915754,5,0.0,1
30,7,0,3,0.0,0.0004212299915754,5,0.0,1
31,7,0,3,0.0,0.0,5,0.0,1
32,7,0,3,0.0,0.0,5,0.0,1
33,7,0,3,0.0,0.0,5,0.0,1
34,7,0,3,0.0,0.0,5,0.0,1
35,7,0,3,0.0,0.0,5,0.0,1
36,7,0,3,0.0,0.0,5,0.0,1
37,7,0,3,0.0,0.0,5,0.0,1
38,7,0,3,0.0,0.0,5,0.0,1
39,7,0,3,0.0,0.0,5,0.0,1
40,7,0,3,0.0,0.0,5,0.0,1
41,7,0,3,0.00661853188929,0.0013238656878084,3,0.0,1
42,7,0,3,0.0,0.0013238656878084,5,0.0,1
43,7,0,3,0.0,0.0013238656878084,5,0.0,1
44,7,0,3,0.0,0.0013238656878084,5,0.0,1
45,7,0,3,0.0,0.0013238656878084,5,0.0,1
46,7,0,3,0.0,0.0013238656878084,5,0.0,1
47,7,0,3,0.0,0.0013238656878084,5,0.0,1
48,7,0,3,0.0,0.0013238656878084,5,0.0,1
49,7,0,3,0.0,0.0013238656878084,5,0.0,1
50,7,0,3,0.0,0.0013238656878084,5,0.0,1
51,7,0,3,0.0,0.0013238656878084,5,0.0,1
52,7,0,3,0.0,0.0013238656878084,5,0.0,1
53,7,0,3,0.0,0.0013238656878084,5,0.0,1
54,7,0,3,0.0,0.0013238656878084,5,0.0,1
55,7,0,3,0.0,0.0013238656878084,5,0.0,1
56,7,0,3,0.0,0.0013238656878084,5,0.0,1
57,7,0,3,0.0,0.0013238656878084,5,0.0,1
58,7,0,3,0.0,0.0013238656878084,5,0.0,1
59,7,0,3,0.0,0.0013238656878084,5,0.0,1
60,7,0,3,0.0,0.0,5,0.0,1
61,7,0,3,0.0,0.0,5,0.0,1
62,7,0,3,0.0108303249097472,0.0021663256709592,3,0.0,1
63,7,0,3,0.0,0.0021663256709592,5,0.0,1
64,7,0,3,0.0,0.0021663256709592,5,0.0,1
65,7,0,3,0.0,0.0021663256709592,5,0.0,1
66,7,0,3,0.0,0.0021663256709592,5,0.0,1
67,7,0,3,0.0,0.0021663256709592,5,0.0,1
68,7,0,3,0.0,0.0021663256709592,5,0.0,1
69,7,0,3,0.0,0.0021663256709592,5,0.0,1
70,7,0,3,0.0,0.0021663256709592,5,0.0,1
71,7,0,3,0.0,0.0021663256709592,5,0.0,1
72,7,0,3,0.0,0.0021663256709592,5,0.0,1
73,7,0,3,0.0,0.0021663256709592,5,0.0,1
74,7,0,3,0.0,0.0021663256709592,5,0.0,1
75,7,0,3,0.0,0.0021663256709592,5,0.0,1
76,7,0,3,0.0,0.0021663256709592,5,0.0,1
77,7,0,3,0.0,0.0021663256709592,5,0.0,1
78,7,0,3,0.0,0.0021663256709592,5,0.0,1
79,7,0,3,0.0,0.0021663256709592,5,0.0,1
80,7,0,3,0.0,0.0021663256709592,5,0.0,1
81,7,0,3,0.0,0.0021663256709592,5,0.0,1
82,7,0,3,0.0,0.0021663256709592,5,0.0,1
83,7,0,3,0.0,0.0021663256709592,5,0.0,1
84,7,0,3,0.0,0.0021663256709592,5,0.0,1
85,7,0,3,0.0,0.0021663256709592,5,0.0,1
86,7,0,3,0.0,0.0021663256709592,5,0.0,1
87,7,0,3,0.0213598074608904,0.0064388012997954,3,0.0,1
88,7,0,3,0.0,0.0064388012997954,5,0.0,1
89,7,0,3,0.0,0.0064388012997954,5,0.0,1
90,7,0,3,0.0,0.0064388012997954,5,0.0,1
91,7,0,3,0.0,0.0,5,0.0,1
92,7,0,3,0.0,0.0,5,0.0,1
93,7,0,3,0.0120336943441636,0.002407028523288,3,0.0,1
94,7,0,3,0.0,0.002407028523288,5,0.0,1
95,7,0,3,0.0,0.002407028523288,5,0.0,1
96,7,0,3,0.0,0.002407028523288,5,0.0,1
97,7,0,3,0.0,0.002407028523288,5,0.0,1
98,7,0,3,0.0,0.002407028523288,5,0.0,1
99,7,0,3,0.0,0.002407028523288,5,0.0,1
100,7,0,3,0.0,0.002407028523288,5,0.0,1
101,7,0,3,0.0,0.002407028523288,5,0.0,1
102,7,0,3,0.0,0.002407028523288,5,0.0,1
103,7,0,3,0.0018050541516245,0.0027680828017812,3,0.0,1
104,7,0,3,0.0,0.0027680828017812,5,0.0,1
105,7,0,3,0.0105294825511432,0.0048742327596582,3,0.0,1
106,7,0,3,0.0,0.0048742327596582,5,0.0,1
107,7,0,3,0.0,0.0048742327596582,5,0.0,1
108,7,0,3,0.0,0.0048742327596582,5,0.0,1
109,7,0,3,0.0,0.0048742327596582,5,0.0,1
110,7,0,3,0.0,0.0048742327596582,5,0.0,1
111,7,0,3,0.0,0.0048742327596582,5,0.0,1
112,7,0,3,0.0,0.0048742327596582,5,0.0,1
113,7,0,3,0.0,0.0048742327596582,5,0.0,1
114,7,0,3,0.0,0.0048742327596582,5,0.0,1
115,7,0,3,0.0,0.0048742327596582,5,0.0,1
116,7,0,3,0.0,0.0048742327596582,5,0.0,1
117,7,0,3,0.0,0.0048742327596582,5,0.0,1
118,7,0,3,0.0174488567990373,0.0083644241184258,3,0.0,1
119,7,0,3,0.0,0.0083644241184258,5,0.0,1
120,7,0,3,0.0,0.0083644241184258,5,0.0,1
121,7,0,3,0.0,0.0,5,0.0,1
122,7,0,3,0.0,0.0,5,0.0,1
123,7,0,3,0.0021058965102286,0.0004212299915754,3,0.0,1
124,7,0,3,0.0018050541516245,0.0007822842700686,3,0.0,1
125,7,0,3,0.0,0.0007822842700686,5,0.0,1
126,7,0,3,0.0,0.0007822842700686,5,0.0,1
127,7,0,3,0.0117328519855595,0.0031291370802744,3,0.0,1
128,7,0,3,0.0,0.0031291370802744,5,0.0,1
129,7,0,3,0.0,0.0031291370802744,5,0.0,1
130,7,0,3,0.0,0.0031291370802744,5,0.0,1
131,7,0,3,0.0,0.0031291370802744,5,0.0,1
132,7,0,3,0.0,0.0031291370802744,5,0.0,1
133,7,0,3,0.0,0.0031291370802744,5,0.0,1
134,7,0,3,0.0,0.0031291370802744,5,0.0,1
135,7,0,3,0.0,0.0031291370802744,5,0.0,1
136,7,0,3,0.023164861612515,0.0077626669876038,4,0.0,1
137,7,0,3,0.0348977135980746,0.014743049705139,4,0.0,1
138,7,0,3,0.0,0.014743049705139,5,0.0,1
139,7,0,3,0.0030084235860409,0.015344806835961,3,0.0,1
140,7,0,3,0.0,0.015344806835961,5,0.0,1
141,7,0,3,0.0282791817087845,0.0210013238656878,4,0.0,1
142,7,0,3,0.0,0.0210013238656878,5,0.0,1
143,7,0,3,0.0,0.0210013238656878,5,0.0,1
144,7,0,3,0.1016847172081829,0.0413407148874714,4,0.0,2
145,7,0,3,0.0,0.0413407148874714,5,0.0,1
146,7,0,3,0.0,0.0413407148874714,5,0.0,1
147,7,0,3,0.0,0.0413407148874714,5,0.0,1
148,7,0,3,0.0,0.0413407148874714,5,0.0,1
149,7,0,3,0.0150421179302045,0.0443495005415814,3,0.0,1
150,7,0,3,0.0361010830324909,0.0515705861114454,4,0.0,1
151,7,0,3,0.000300842358604,0.0516307618245276,3,0.0,1
152,7,0,3,0.0424187725631768,0.0084847755445902,4,0.0,1
153,7,0,3,0.0,0.0084847755445902,5,0.0,1
154,7,0,3,0.0418170878459687,0.016849199663016,4,0.0,1
155,7,0,3,0.0,0.016849199663016,5,0.0,1
156,7,0,3,0.0418170878459687,0.0252136237814418,4,0.0,1
157,7,0,3,0.0024067388688327,0.0256950294860994,3,0.0,1
158,7,0,3,0.0009025270758122,0.025875556625346,3,0.0,1
159,7,0,3,0.0024067388688327,0.0263569623300036,3,0.0,1
160,7,0,3,0.0538507821901323,0.0371284149717174,4,0.0,2
161,7,0,3,0.0,0.0371284149717174,5,0.0,1
162,7,0,3,0.03309265944645,0.0437477434107594,4,0.0,1
163,7,0,3,0.2481949458483754,0.0933927067035744,6,0.3333333333333333,0
164,7,0,3,0.0048134777376654,0.0943555181128896,3,0.0,1
165,7,0,3,0.0,0.0943555181128896,5,0.0,1
166,7,0,3,0.0,0.0943555181128896,5,0.0,1
167,7,0,3,0.0042117930204572,0.0951979780960404,3,0.0,1
168,7,0,3,0.0321901323706377,0.1016367793958358,4,0.0,1
169,7,0,3,0.0649819494584837,0.114634733421591,4,0.0,2
170,7,0,3,0.154632972322503,0.1455650499458418,2,0.0,0
171,7,0,3,0.0502406738868832,0.1556143940305692,4,0.0,2
172,7,0,3,0.0896510228640192,0.1735467565290648,4,0.0,2
173,7,0,3,0.0,0.1735467565290648,5,0.0,1
174,7,0,3,0.0054151624548736,0.1746299193645444,3,0.0,1
175,7,0,3,0.0358002406738868,0.1817908292213262,4,0.0,1
176,7,0,3,0.0,0.1817908292213262,5,0.0,1
177,7,0,3,0.1227436823104693,0.2063425201588638,2,0.0,0
178,7,0,3,0.0,0.2063425201588638,5,0.0,1
179,7,0,3,0.0081227436823104,0.2079672644120833,3,0.0,1
180,7,0,3,0.0120336943441636,0.2103742929353713,3,0.0,1
181,7,0,3,0.0451263537906137,0.2194006498977013,4,0.0,1
182,7,0,3,0.0358002406738868,0.0071609098567818,4,0.0,1
183,7,0,3,0.0706979542719614,0.0213022024310988,4,0.0,2
184,7,0,3,0.0309867629362214,0.0275003008785654,4,0.0,1
185,7,0,3,0.3182912154031287,0.091166205319533,6,0.3333333333333333,0
186,7,0,3,0.0,0.091166205319533,5,0.0,1
187,7,0,3,0.0237665463297232,0.0959200866530268,4,0.0,1
188,7,0,3,0.1016847172081829,0.1162594776748104,4,0.0,2
189,7,0,3,0.0237665463297232,0.1210133590083042,4,0.0,1
190,7,0,3,0.1675691937424789,0.1545312311950896,2,0.0,0
191,7,0,3,0.0442238267148014,0.163377061018173,4,0.0,1
192,7,0,3,0.003309265944645,0.1640389938620772,3,0.0,1
193,7,0,3,0.1564380264741275,0.1953303646648213,2,0.0,0
194,7,0,3,0.0030084235860409,0.1959321217956433,3,0.0,1
195,7,0,3,0.0162454873646209,0.199181610302082,3,0.0,1
196,7,0,3,0.0,0.199181610302082,5,0.0,1
197,7,0,3,0.0012033694344163,0.1994223131544108,3,0.0,1
198,7,0,3,0.0219614921780986,0.2038151402094114,3,0.0,1
199,7,0,3,0.0024067388688327,0.204296545914069,3,0.0,1
200,7,0,3,0.0770156438026474,0.2197015284631123,4,0.0,2
201,7,0,3,0.0,0.2197015284631123,5,0.0,1
202,7,0,3,0.082430806257521,0.2361896738476351,4,0.0,2
203,7,0,3,0.1001805054151624,0.2562281863040077,4,0.0,2
204,7,0,3,0.0,0.2562281863040077,5,0.0,1
205,7,0,3,0.01985559566787,0.2601997833674329,3,0.0,1
206,7,0,3,0.0018050541516245,0.2605608376459261,3,0.0,1
207,7,0,3,0.0087244283995186,0.2623059333253099,3,0.0,1
208,7,0,3,0.0833333333333333,0.2789746058490793,4,0.0,2
209,7,0,3,0.0120336943441636,0.2813816343723673,3,0.0,1
210,7,0,3,0.0006016847172081,0.2815019857985317,3,0.0,1
211,7,0,3,0.0586642599277978,0.2932362498495607,4,0.0,2
212,7,0,3,0.0394103489771359,0.3011192682633289,4,0.0,1
213,7,0,3,0.0815282791817088,0.0163076182452762,4,0.0,2
214,7,0,3,0.1438026474127557,0.0450716090985678,2,0.0,0
215,7,0,3,0.0986762936221419,0.0648092429895294,4,0.0,2
216,7,0,3,0.0,0.0648092429895294,5,0.0,1
217,7,0,3,0.0382069795427196,0.0724515585509688,4,0.0,1
218,7,0,3,0.0255716004813477,0.0775664941629558,4,0.0,1
219,7,0,3,0.095667870036101,0.0967023709230954,4,0.0,2
220,7,0,3,0.0,0.0967023709230954,5,0.0,1
221,7,0,3,0.0400120336943441,0.104705740763028,4,0.0,1
222,7,0,3,0.0502406738868832,0.1147550848477554,4,0.0,2
223,7,0,3,0.0406137184115523,0.1228788061138524,4,0.0,1
224,7,0,3,0.072503008423586,0.1373811529666626,4,0.0,2
225,7,0,3,0.0887484957882069,0.1551329883259116,4,0.0,2
226,7,0,3,0.0547533092659446,0.166084968106872,4,0.0,2
227,7,0,3,0.0986762936221419,0.1858226019978336,4,0.0,2
228,7,0,3,0.0,0.1858226019978336,5,0.0,1
229,7,0,3,0.0,0.1858226019978336,5,0.0,1
230,7,0,3,0.0722021660649819,0.2002647731375617,4,0.0,2
231,7,0,3,0.0,0.2002647731375617,5,0.0,1
232,7,0,3,0.0,0.2002647731375617,5,0.0,1
233,7,0,3,0.0018050541516245,0.2006258274160548,3,0.0,1
234,7,0,3,0.0258724428399518,0.205800938741124,4,0.0,1
235,7,0,3,0.0,0.205800938741124,5,0.0,1
236,7,0,3,0.029783393501805,0.2117583343362618,4,0.0,1
237,7,0,3,0.0354993983152827,0.2188590684799614,4,0.0,1
238,7,0,3,0.0,0.2188590684799614,5,0.0,1
239,7,0,3,0.023164861612515,0.2234925983872908,4,0.0,1
240,7,0,3,0.0042117930204572,0.2243350583704416,3,0.0,1
241,7,0,3,0.0261732851985559,0.229570345408593,4,0.0,1
242,7,0,3,0.1510228640192539,0.2597785533758575,2,0.0,0
243,7,0,3,0.0273766546329723,0.2652545432663377,4,0.0,1
244,7,0,3,0.1305655836341757,0.0261162594776748,2,0.0,0
245,7,0,3,0.1140192539109506,0.0489228547358286,2,0.0,0
246,7,0,3,0.0024067388688327,0.0494042604404862,3,0.0,1
247,7,0,3,0.0971720818291215,0.0688410157660368,4,0.0,2
248,7,0,3,0.0,0.0688410157660368,5,0.0,1
249,7,0,3,0.003309265944645,0.069502948609941,3,0.0,1
250,7,0,3,0.089049338146811,0.0873149596822722,4,0.0,2
251,7,0,3,0.0150421179302045,0.0903237453363822,3,0.0,1
252,7,0,3,0.1308664259927797,0.1165001805271392,2,0.0,0
253,7,0,3,0.0078219013237063,0.1180647490672764,3,0.0,1
254,7,0,3,0.0586642599277978,0.1297990131183054,4,0.0,2
255,7,0,3,0.0427196149217809,0.1383439643759778,4,0.0,1
256,7,0,3,0.0863417569193742,0.1556143940305692,4,0.0,2
257,7,0,3,0.0069193742478941,0.1569984354314598,3,0.0,1
258,7,0,3,0.0553549939831528,0.1680707666385846,4,0.0,2
259,7,0,3,0.0339951865222623,0.1748706222168732,4,0.0,1
260,7,0,3,0.0048134777376654,0.1758334336261884,3,0.0,1
261,7,0,3,0.0619735258724428,0.1882296305211216,4,0.0,2
262,7,0,3,0.1308664259927797,0.2144060657118786,2,0.0,0
263,7,0,3,0.0682912154031287,0.228065952581538,4,0.0,2
264,7,0,3,0.0192539109506618,0.2319171982187988,3,0.0,1
265,7,0,3,0.0,0.2319171982187988,5,0.0,1
266,7,0,3,0.02647412755716,0.2372126609700325,4,0.0,1
267,7,0,3,0.0243682310469314,0.2420868937296907,4,0.0,1
268,7,0,3,0.1037906137184115,0.2628475147430497,4,0.0,2
269,7,0,3,0.0282791817087845,0.2685040317727765,4,0.0,1
270,7,0,3,0.01985559566787,0.2724756288362017,3,0.0,1
271,7,0,3,0.0,0.2724756288362017,5,0.0,1
272,7,0,3,0.0412154031287605,0.2807197015284631,4,0.0,1
273,7,0,3,0.0,0.2807197015284631,5,0.0,1
274,7,0,3,0.0228640192539109,0.0045733541942472,4,0.0,1
275,7,0,3,0.0,0.0045733541942472,5,0.0,1
276,7,0,3,0.0090252707581227,0.0063786255867132,3,0.0,1
277,7,0,3,0.0108303249097472,0.0085449512576724,3,0.0,1
278,7,0,3,0.0114320096269554,0.010831628354796,3,0.0,1
279,7,0,3,0.0114320096269554,0.0131183054519196,3,0.0,1
280,7,0,3,0.0153429602888086,0.0161872668191118,3,0.0,1
281,7,0,3,0.0090252707581227,0.0179925382115778,3,0.0,1
282,7,0,3,0.0,0.0179925382115778,5,0.0,1
283,7,0,3,0.01323706377858,0.0206402695871946,3,0.0,1
284,7,0,3,0.0030084235860409,0.0212420267180166,3,0.0,1
285,7,0,3,0.0096269554753309,0.023167649536647,3,0.0,1
286,7,0,3,0.0117328519855595,0.0255145023468528,3,0.0,1
287,7,0,3,0.0294825511432009,0.0314117222289084,4,0.0,1
288,7,0,3,0.0,0.0314117222289084,5,0.0,1
289,7,0,3,0.0,0.0314117222289084,5,0.0,1
290,7,0,3,0.0448255114320096,0.0403779034781562,4,0.0,1
291,7,0,3,0.0105294825511432,0.0424840534360332,3,0.0,1
292,7,0,3,0.0,0.0424840534360332,5,0.0,1
293,7,0,3,0.0135379061371841,0.0451919605247322,3,0.0,1
294,7,0,3,0.0021058965102286,0.0456131905163076,3,0.0,1
295,7,0,3,0.0150421179302045,0.0486219761704176,3,0.0,1
296,7,0,3,0.0021058965102286,0.049043206161993,3,0.0,1
297,7,0,3,0.0,0.049043206161993,5,0.0,1
298,7,0,3,0.0123345367027677,0.0515104103983632,3,0.0,1
299,7,0,3,0.0087244283995186,0.053255506077747,3,0.0,1
300,7,0,3,0.0,0.053255506077747,5,0.0,1
301,7,0,3,0.0,0.053255506077747,5,0.0,1
302,7,0,3,0.000300842358604,0.0533156817908292,3,0.0,1
303,7,0,3,0.029783393501805,0.059273077385967,4,0.0,1
304,7,0,3,0.0,0.059273077385967,5,0.0,1
305,7,0,3,0.0,0.0,5,0.0,1
306,7,0,3,0.0,0.0,5,0.0,1
307,7,0,3,0.0499398315282791,0.0099891683716452,4,0.0,2
308,7,0,3,0.0084235860409145,0.0116740883379468,3,0.0,1
309,7,0,3,0.0,0.0116740883379468,5,0.0,1
310,7,0,3,0.0,0.0116740883379468,5,0.0,1
311,7,0,3,0.0,0.0116740883379468,5,0.0,1
312,7,0,3,0.0,0.0116740883379468,5,0.0,1
313,7,0,3,0.0505415162454873,0.0217836081357564,4,0.0,2
314,7,0,3,0.0009025270758122,0.021964135275003,3,0.0,1
315,7,0,3,0.0030084235860409,0.022565892405825,3,0.0,1
316,7,0,3,0.0,0.022565892405825,5,0.0,1
317,7,0,3,0.0012033694344163,0.0228065952581538,3,0.0,1
318,7,0,3,0.0216606498194945,0.0271392466000722,3,0.0,1
319,7,0,3,0.0,0.0271392466000722,5,0.0,1
320,7,0,3,0.0,0.0271392466000722,5,0.0,1
321,7,0,3,0.0,0.0271392466000722,5,0.0,1
322,7,0,3,0.0,0.0271392466000722,5,0.0,1
323,7,0,3,0.0,0.0271392466000722,5,0.0,1
324,7,0,3,0.0,0.0271392466000722,5,0.0,1
325,7,0,3,0.0,0.0271392466000722,5,0.0,1
326,7,0,3,0.0,0.0271392466000722,5,0.0,1
327,7,0,3,0.0,0.0271392466000722,5,0.0,1
328,7,0,3,0.0,0.0271392466000722,5,0.0,1
329,7,0,3,0.0120336943441636,0.0295462751233602,3,0.0,1
330,7,0,3,0.0,0.0295462751233602,5,0.0,1
331,7,0,3,0.0051143200962695,0.0305692622457576,3,0.0,1
332,7,0,3,0.0,0.0305692622457576,5,0.0,1
333,7,0,3,0.0,0.0305692622457576,5,0.0,1
334,7,0,3,0.0,0.0305692622457576,5,0.0,1
335,7,0,3,0.0,0.0,5,0.0,1
336,7,0,3,0.0,0.0,5,0.0,1
337,7,0,3,0.0,0.0,5,0.0,1
338,7,0,3,0.0,0.0,5,0.0,1
339,7,0,3,0.0,0.0,5,0.0,1
340,7,0,3,0.0,0.0,5,0.0,1
341,7,0,3,0.0,0.0,5,0.0,1
342,7,0,3,0.0,0.0,5,0.0,1
343,7,0,3,0.0,0.0,5,0.0,1
344,7,0,3,0.0,0.0,5,0.0,1
345,7,0,3,0.0,0.0,5,0.0,1
346,7,0,3,0.0,0.0,5,0.0,1
347,7,0,3,0.0,0.0,5,0.0,1
348,7,0,3,0.0,0.0,5,0.0,1
349,7,0,3,0.0,0.0,5,0.0,1
350,7,0,3,0.0,0.0,5,0.0,1
351,7,0,3,0.0,0.0,5,0.0,1
352,7,0,3,0.0,0.0,5,0.0,1
353,7,0,3,0.0,0.0,5,0.0,1
354,7,0,3,0.0,0.0,5,0.0,1
355,7,0,3,0.0,0.0,5,0.0,1
356,7,0,3,0.0186522262334536,0.0037308942110964,3,0.0,1
357,7,0,3,0.0,0.0037308942110964,5,0.0,1
358,7,0,3,0.0,0.0037308942110964,5,0.0,1
359,7,0,3,0.0,0.0037308942110964,5,0.0,1
360,7,0,3,0.0,0.0037308942110964,5,0.0,1
361,7,0,3,0.0,0.0037308942110964,5,0.0,1
362,7,0,3,0.0,0.0037308942110964,5,0.0,1
363,7,0,3,0.0,0.0037308942110964,5,0.0,1
364,7,0,3,0.0,0.0037308942110964,5,0.0,1
365,7,0,3,0.0,0.0037308942110964,5,0.0,1
366,7,0,2,0.0,0.0,5,0.0,1
367,7,0,2,0.0,0.0,5,0.0,1
368,7,0,2,0.0,0.0,5,0.0,1
369,7,0,2,0.0,0.0,5,0.0,1
370,7,0,2,0.0,0.0,5,0.0,1
371,7,0,2,0.0,0.0,5,0.0,1
372,7,0,2,0.0,0.0,5,0.0,1
373,7,0,2,0.0,0.0,5,0.0,1
374,7,0,2,0.0,0.0,5,0.0,1
375,7,0,2,0.0,0.0,5,0.0,1
376,7,0,2,0.0,0.0,5,0.0,1
377,7,0,2,0.0,0.0,5,0.0,1
378,7,0,2,0.0,0.0,5,0.0,1
379,7,0,2,0.0,0.0,5,0.0,1
380,7,0,2,0.0,0.0,5,0.0,1
381,7,0,2,0.0,0.0,5,0.0,1
382,7,0,2,0.0,0.0,5,0.0,1
383,7,0,2,0.0,0.0,5,0.0,1
384,7,0,2,0.0,0.0,5,0.0,1
385,7,0,2,0.0,0.0,5,0.0,1
386,7,0,2,0.0,0.0,5,0.0,1
387,7,0,2,0.0,0.0,5,0.0,1
388,7,0,2,0.0,0.0,5,0.0,1
389,7,0,2,0.0,0.0,5,0.0,1
390,7,0,2,0.0,0.0,5,0.0,1
391,7,0,2,0.0,0.0,5,0.0,1
392,7,0,2,0.036401925391095,0.0072812612829462,4,0.0,1
393,7,0,2,0.0,0.0072812612829462,5,0.0,1
394,7,0,2,0.0,0.0072812612829462,5,0.0,1
395,7,0,2,0.0,0.0072812612829462,5,0.0,1
396,7,0,2,0.0,0.0072812612829462,5,0.0,1
397,7,0,2,0.0,0.0,5,0.0,1
398,7,0,2,0.0,0.0,5,0.0,1
399,7,0,2,0.0,0.0,5,0.0,1
400,7,0,2,0.0,0.0,5,0.0,1
401,7,0,2,0.0,0.0,5,0.0,1
402,7,0,2,0.0,0.0,5,0.0,1
403,7,0,2,0.0108303249097472,0.0021663256709592,3,0.0,1
404,7,0,2,0.0057160048134777,0.003309664219521,3,0.0,1
405,7,0,2,0.0,0.003309664219521,5,0.0,1
406,7,0,2,0.0,0.003309664219521,5,0.0,1
407,7,0,2,0.0,0.003309664219521,5,0.0,1
408,7,0,2,0.0,0.003309664219521,5,0.0,1
409,7,0,2,0.0,0.003309664219521,5,0.0,1
410,7,0,2,0.0,0.003309664219521,5,0.0,1
411,7,0,2,0.0,0.003309664219521,5,0.0,1
412,7,0,2,0.0,0.003309664219521,5,0.0,1
413,7,0,2,0.0,0.003309664219521,5,0.0,1
414,7,0,2,0.0,0.003309664219521,5,0.0,1
415,7,0,2,0.0,0.003309664219521,5,0.0,1
416,7,0,2,0.0,0.003309664219521,5,0.0,1
417,7,0,2,0.0,0.003309664219521,5,0.0,1
418,7,0,2,0.0,0.003309664219521,5,0.0,1
419,7,0,2,0.0,0.003309664219521,5,0.0,1
420,7,0,2,0.0,0.003309664219521,5,0.0,1
421,7,0,2,0.0,0.003309664219521,5,0.0,1
422,7,0,2,0.0,0.003309664219521,5,0.0,1
423,7,0,2,0.0,0.003309664219521,5,0.0,1
424,7,0,2,0.0,0.003309664219521,5,0.0,1
425,7,0,2,0.0,0.0,5,0.0,1
426,7,0,2,0.0,0.0,5,0.0,1
427,7,0,2,0.0,0.0,5,0.0,1
428,7,0,2,0.0,0.0,5,0.0,1
429,7,0,2,0.003610108303249,0.0007221085569864,3,0.0,1
430,7,0,2,0.0,0.0007221085569864,5,0.0,1
431,7,0,2,0.0,0.0007221085569864,5,0.0,1
432,7,0,2,0.0,0.0007221085569864,5,0.0,1
433,7,0,2,0.0,0.0007221085569864,5,0.0,1
434,7,0,2,0.0,0.0007221085569864,5,0.0,1
435,7,0,2,0.0,0.0007221085569864,5,0.0,1
436,7,0,2,0.0,0.0007221085569864,5,0.0,1
437,7,0,2,0.0,0.0007221085569864,5,0.0,1
438,7,0,2,0.0,0.0007221085569864,5,0.0,1
439,7,0,2,0.0,0.0007221085569864,5,0.0,1
440,7,0,2,0.0,0.0007221085569864,5,0.0,1
441,7,0,2,0.0,0.0007221085569864,5,0.0,1
442,7,0,2,0.0,0.0007221085569864,5,0.0,1
443,7,0,2,0.0,0.0007221085569864,5,0.0,1
444,7,0,2,0.0,0.0007221085569864,5,0.0,1
445,7,0,2,0.0093261131167268,0.0025875556625346,3,0.0,1
446,7,0,2,0.0,0.0025875556625346,5,0.0,1
447,7,0,2,0.0,0.0025875556625346,5,0.0,1
448,7,0,2,0.0,0.0025875556625346,5,0.0,1
449,7,0,2,0.0,0.0025875556625346,5,0.0,1
450,7,0,2,0.0,0.0025875556625346,5,0.0,1
451,7,0,2,0.0,0.0025875556625346,5,0.0,1
452,7,0,2,0.0,0.0025875556625346,5,0.0,1
453,7,0,2,0.0,0.0025875556625346,5,0.0,1
454,7,0,2,0.0,0.0025875556625346,5,0.0,1
455,7,0,2,0.029783393501805,0.0085449512576724,4,0.0,1
456,7,0,2,0.0,0.0,5,0.0,1
457,7,0,2,0.0,0.0,5,0.0,1
458,7,0,2,0.0,0.0,5,0.0,1
459,7,0,2,0.0,0.0,5,0.0,1
460,7,0,2,0.0,0.0,5,0.0,1
461,7,0,2,0.0,0.0,5,0.0,1
462,7,0,2,0.0,0.0,5,0.0,1
463,7,0,2,0.0,0.0,5,0.0,1
464,7,0,2,0.0324909747292418,0.0064989770128776,4,0.0,1
465,7,0,2,0.0,0.0064989770128776,5,0.0,1
466,7,0,2,0.0,0.0064989770128776,5,0.0,1
467,7,0,2,0.0,0.0064989770128776,5,0.0,1
468,7,0,2,0.0,0.0064989770128776,5,0.0,1
469,7,0,2,0.0,0.0064989770128776,5,0.0,1
470,7,0,2,0.0,0.0064989770128776,5,0.0,1
471,7,0,2,0.0,0.0064989770128776,5,0.0,1
472,7,0,2,0.0,0.0064989770128776,5,0.0,1
473,7,0,2,0.0,0.0064989770128776,5,0.0,1
474,7,0,2,0.0,0.0064989770128776,5,0.0,1
475,7,0,2,0.0,0.0064989770128776,5,0.0,1
476,7,0,2,0.0024067388688327,0.0069803827175352,3,0.0,1
477,7,0,2,0.0,0.0069803827175352,5,0.0,1
478,7,0,2,0.0,0.0069803827175352,5,0.0,1
479,7,0,2,0.0,0.0069803827175352,5,0.0,1
480,7,0,2,0.0,0.0069803827175352,5,0.0,1
481,7,0,2,0.0,0.0069803827175352,5,0.0,1
482,7,0,2,0.0213598074608904,0.0112528583463714,3,0.0,1
483,7,0,2,0.0126353790613718,0.0137802382958238,3,0.0,1
484,7,0,2,0.0,0.0137802382958238,5,0.0,1
485,7,0,2,0.0706979542719614,0.0279215308701408,4,0.0,2
486,7,0,2,0.0138387484957882,0.0027680828017812,3,0.0,1
487,7,0,2,0.0,0.0027680828017812,5,0.0,1
488,7,0,2,0.0,0.0027680828017812,5,0.0,1
489,7,0,2,0.0171480144404332,0.0061980984474666,3,0.0,1
490,7,0,2,0.0141395908543922,0.00902635696233,3,0.0,1
491,7,0,2,0.0679903730445246,0.0226260681189072,4,0.0,2
492,7,0,2,0.0,0.0226260681189072,5,0.0,1
493,7,0,2,0.0767148014440433,0.0379708749548682,4,0.0,2
494,7,0,2,0.0,0.0379708749548682,5,0.0,1
495,7,0,2,0.0060168471720818,0.0391743892165122,3,0.0,1
496,7,0,2,0.0,0.0391743892165122,5,0.0,1
497,7,0,2,0.0,0.0391743892165122,5,0.0,1
498,7,0,2,0.0,0.0391743892165122,5,0.0,1
499,7,0,2,0.0652827918170878,0.0522325189553496,4,0.0,2
500,7,0,2,0.003309265944645,0.0528944517992538,3,0.0,1
501,7,0,2,0.0,0.0528944517992538,5,0.0,1
502,7,0,2,0.0,0.0528944517992538,5,0.0,1
503,7,0,2,0.0,0.0528944517992538,5,0.0,1
504,7,0,2,0.0,0.0528944517992538,5,0.0,1
505,7,0,2,0.0,0.0528944517992538,5,0.0,1
506,7,0,2,0.0,0.0528944517992538,5,0.0,1
507,7,0,2,0.0009025270758122,0.0530749789385004,3,0.0,1
508,7,0,2,0.0466305655836341,0.0624022144662414,4,0.0,2
509,7,0,2,0.0,0.0624022144662414,5,0.0,1
510,7,0,2,0.0610709987966305,0.074617884221928,4,0.0,2
511,7,0,2,0.00661853188929,0.0759417499097364,3,0.0,1
512,7,0,2,0.0,0.0759417499097364,5,0.0,1
513,7,0,2,0.0174488567990373,0.079431941268504,3,0.0,1
514,7,0,2,0.0,0.079431941268504,5,0.0,1
515,7,0,2,0.0481347773766546,0.089060055361656,4,0.0,2
516,7,0,2,0.0,0.089060055361656,5,0.0,1
517,7,0,2,0.0054151624548736,0.0010831628354796,3,0.0,1
518,7,0,2,0.0339951865222623,0.0078830184137682,4,0.0,1
519,7,0,2,0.01323706377858,0.010530749789385,3,0.0,1
520,7,0,2,0.0309867629362214,0.0167288482368516,4,0.0,1
521,7,0,2,0.0282791817087845,0.0223853652665784,4,0.0,1
522,7,0,2,0.0090252707581227,0.0241906366590444,3,0.0,1
523,7,0,2,0.0,0.0241906366590444,5,0.0,1
524,7,0,2,0.1227436823104693,0.048742327596582,2,0.0,0
525,7,0,2,0.1429001203369434,0.077325791310627,2,0.0,0
526,7,0,2,0.1549338146811071,0.10831628354796,2,0.0,0
527,7,0,2,0.0532490974729241,0.1189673847635094,4,0.0,2
528,7,0,2,0.0123345367027677,0.1214345889998796,3,0.0,1
529,7,0,2,0.0162454873646209,0.1246840775063184,3,0.0,1
530,7,0,2,0.1239470517448857,0.1494764712961848,2,0.0,0
531,7,0,2,0.0728038507821901,0.1640389938620772,4,0.0,2
532,7,0,2,0.0048134777376654,0.1650018052713924,3,0.0,1
533,7,0,2,0.0968712394705174,0.1843783848838608,4,0.0,2
534,7,0,2,0.0147412755716004,0.1873269948248886,3,0.0,1
535,7,0,2,0.1780986762936221,0.222951016969551,2,0.0,0
536,7,0,2,0.0,0.222951016969551,5,0.0,1
537,7,0,2,0.0312876052948255,0.2292092911300998,4,0.0,1
538,7,0,2,0.0803249097472924,0.2452762065230473,4,0.0,2
539,7,0,2,0.0309867629362214,0.2514743049705139,4,0.0,1
540,7,0,2,0.0324909747292418,0.2579732819833915,4,0.0,1
541,7,0,2,0.0291817087845968,0.2638103261523649,4,0.0,1
542,7,0,2,0.1320697954271961,0.2902274641954507,2,0.0,0
543,7,0,2,0.0935619735258724,0.3089421109640149,4,0.0,2
544,7,0,2,0.0207581227436823,0.3130942351666866,3,0.0,1
545,7,0,2,0.0511432009626955,0.3233241063906606,4,0.0,2
546,7,0,2,0.0126353790613718,0.3258514863401131,3,0.0,1
547,7,0,2,0.0670878459687124,0.0134191840173306,4,0.0,2
548,7,0,2,0.0270758122743682,0.0188349981947286,4,0.0,1
549,7,0,2,0.1380866425992779,0.0464556504994584,2,0.0,0
550,7,0,2,0.0096269554753309,0.0483812733180888,3,0.0,1
551,7,0,2,0.0216606498194945,0.0527139246600072,3,0.0,1
552,7,0,2,0.0162454873646209,0.055963413166446,3,0.0,1
553,7,0,2,0.0800240673886883,0.0719701528463112,4,0.0,2
554,7,0,2,0.0,0.0719701528463112,5,0.0,1
555,7,0,2,0.0,0.0719701528463112,5,0.0,1
556,7,0,2,0.1293622141997593,0.0978457094716572,2,0.0,0
557,7,0,2,0.0373044524669073,0.10530749789385,4,0.0,1
558,7,0,2,0.2530084235860409,0.1559152725959802,6,0.3333333333333333,0
559,7,0,2,0.3291215403128761,0.221747502707907,6,0.3333333333333333,0
560,7,0,2,0.0773164861612515,0.2372126609700325,4,0.0,2
561,7,0,2,0.000300842358604,0.2372728366831147,3,0.0,1
562,7,0,2,0.0688929001203369,0.2510530749789385,4,0.0,2
563,7,0,2,0.1621540312876053,0.2834877843302443,2,0.0,0
564,7,0,2,0.1609506618531889,0.3156817908292213,2,0.0,0
565,7,0,2,0.3161853188929001,0.3789264652786135,6,0.3333333333333333,0
566,7,0,2,0.0394103489771359,0.3868094836923817,4,0.0,1
567,7,0,2,0.1107099879663056,0.4089541461066314,2,0.0,0
568,7,0,2,0.0977737665463297,0.4285112528583463,4,0.0,2
569,7,0,2,0.1137184115523465,0.4512576724034179,2,0.0,0
570,7,0,2,0.1209386281588447,0.4754483090624624,2,0.0,0
571,7,0,2,0.0024067388688327,0.47592971476712,3,0.0,1
572,7,0,2,0.0622743682310469,0.4883860873751354,4,0.0,2
573,7,0,2,0.4250902527075813,0.573414369960284,1,0.6666666666666666,0
574,7,0,2,0.0,0.573414369960284,5,0.0,1
575,7,0,2,0.1278580024067388,0.598989048020219,2,0.0,0
576,7,0,2,0.089049338146811,0.6168010590925502,4,0.0,2
577,7,0,2,0.0673886883273164,0.630280418822963,4,0.0,2
578,7,0,2,0.00661853188929,0.0013238656878084,3,0.0,1
579,7,0,2,0.055956678700361,0.0125165483210976,4,0.0,2
580,7,0,2,0.0556558363417569,0.0236490552413046,4,0.0,2
581,7,0,2,0.0743080625752106,0.038512456372608,4,0.0,2
582,7,0,2,0.0577617328519855,0.0500661932843904,4,0.0,2
583,7,0,2,0.0,0.0500661932843904,5,0.0,1
584,7,0,2,0.0700962695547533,0.064087134432543,4,0.0,2
585,7,0,2,0.0,0.064087134432543,5,0.0,1
586,7,0,2,0.0114320096269554,0.0663738115296666,3,0.0,1
587,7,0,2,0.0,0.0663738115296666,5,0.0,1
588,7,0,2,0.0108303249097472,0.0685401372006258,3,0.0,1
589,7,0,2,0.0553549939831528,0.0796124684077506,4,0.0,2
590,7,0,2,0.0589651022864019,0.0914069081718618,4,0.0,2
591,7,0,2,0.0577617328519855,0.1029606450836442,4,0.0,2
592,7,0,2,0.0358002406738868,0.110121554940426,4,0.0,1
593,7,0,2,0.0240673886883273,0.114935611987002,4,0.0,1
594,7,0,2,0.1083032490974729,0.136598868696594,2,0.0,0
595,7,0,2,0.3351383874849579,0.2036346130701648,6,0.3333333333333333,0
596,7,0,2,0.0270758122743682,0.2090504272475628,4,0.0,1
597,7,0,2,0.0309867629362214,0.2152485256950294,4,0.0,1
598,7,0,2,0.1335740072202166,0.2419665423035263,2,0.0,0
599,7,0,2,0.1799037304452466,0.2779516187266819,2,0.0,0
600,7,0,2,0.4061371841155234,0.3591888313876519,1,0.6666666666666666,0
601,7,0,2,0.0439229843561973,0.3679744854976531,4,0.0,1
602,7,0,2,0.1528279181708784,0.3985437477434107,2,0.0,0
603,7,0,2,0.0391095066185318,0.4063665904440967,4,0.0,1
604,7,0,2,0.0204572803850782,0.4104585389336864,3,0.0,1
605,7,0,2,0.0586642599277978,0.4221928029847154,4,0.0,2
606,7,0,2,0.0282791817087845,0.4278493200144421,4,0.0,1
607,7,0,2,0.003309265944645,0.4285112528583463,3,0.0,1
608,7,0,2,0.0243682310469314,0.4333854856180046,4,0.0,1
609,7,0,2,0.0045126353790613,0.000902635696233,3,0.0,1
610,7,0,2,0.0087244283995186,0.0026477313756168,3,0.0,1
611,7,0,2,0.003610108303249,0.0033698399326032,3,0.0,1
612,7,0,2,0.0,0.0033698399326032,5,0.0,1
613,7,0,2,0.0294825511432009,0.0092670598146588,4,0.0,1
614,7,0,2,0.0794223826714801,0.0251534480683596,4,0.0,2
615,7,0,2,0.0315884476534296,0.0314718979419906,4,0.0,1
616,7,0,2,0.0135379061371841,0.0341798050306896,3,0.0,1
617,7,0,2,0.0782190132370637,0.0498254904320616,4,0.0,2
618,7,0,2,0.0,0.0498254904320616,5,0.0,1
619,7,0,2,0.0039109506618531,0.0506077747021302,3,0.0,1
620,7,0,2,0.0342960288808664,0.057467805993501,4,0.0,1
621,7,0,2,0.02647412755716,0.0627632687447346,4,0.0,1
622,7,0,2,0.1224428399518652,0.08725478396919,2,0.0,0
623,7,0,2,0.0776173285198556,0.1027801179443976,4,0.0,2
624,7,0,2,0.0090252707581227,0.1045853893368636,3,0.0,1
625,7,0,2,0.0911552346570397,0.1228186304007702,4,0.0,2
626,7,0,2,0.174488567990373,0.1577205439884462,2,0.0,0
627,7,0,2,0.0685920577617328,0.1714406065711878,4,0.0,2
628,7,0,2,0.0424187725631768,0.179925382115778,4,0.0,1
629,7,0,2,0.0595667870036101,0.1918401733060536,4,0.0,2
630,7,0,2,0.0959687123947051,0.2110362257792754,4,0.0,2
631,7,0,2,0.0,0.2110362257792754,5,0.0,1
632,7,0,2,0.0565583634175691,0.222349259838729,4,0.0,2
633,7,0,2,0.0962695547533092,0.2416054880250331,4,0.0,2
634,7,0,2,0.023164861612515,0.2462390179323625,4,0.0,1
635,7,0,2,0.0944645006016847,0.2651341918401733,4,0.0,2
636,7,0,2,0.1793020457280385,0.3009989168371645,2,0.0,0
637,7,0,2,0.2009626955475331,0.3411962931760741,6,0.3333333333333333,0
638,7,0,2,0.0057160048134777,0.3423396317246359,3,0.0,1
639,7,0,2,0.0541516245487364,0.010831628354796,4,0.0,2
640,7,0,2,0.0069193742478941,0.0122156697556866,3,0.0,1
641,7,0,2,0.0015042117930204,0.0125165483210976,3,0.0,1
642,7,0,2,0.0114320096269554,0.0148032254182212,3,0.0,1
643,7,0,2,0.0797232250300842,0.0307497893850042,4,0.0,2
644,7,0,2,0.0024067388688327,0.0312311950896618,3,0.0,1
645,7,0,2,0.0249699157641395,0.0362257792754844,4,0.0,1
646,7,0,2,0.0081227436823104,0.0378505235287038,3,0.0,1
647,7,0,2,0.0096269554753309,0.0397761463473342,3,0.0,1
648,7,0,2,0.0345968712394705,0.0466963533517872,4,0.0,1
649,7,0,2,0.0475330926594464,0.0562041160187748,4,0.0,2
650,7,0,2,0.01985559566787,0.0601757130822,3,0.0,1
651,7,0,2,0.0520457280385078,0.0705861114454206,4,0.0,2
652,7,0,2,0.0114320096269554,0.0728727885425442,3,0.0,1
653,7,0,2,0.0,0.0728727885425442,5,0.0,1
654,7,0,2,0.0484356197352587,0.0825610783487784,4,0.0,2
655,7,0,2,0.0114320096269554,0.084847755445902,3,0.0,1
656,7,0,2,0.0225631768953068,0.089360933927067,4,0.0,1
657,7,0,2,0.0,0.089360933927067,5,0.0,1
658,7,0,2,0.000300842358604,0.0894211096401492,3,0.0,1
659,7,0,2,0.0,0.0894211096401492,5,0.0,1
660,7,0,2,0.0024067388688327,0.0899025153448068,3,0.0,1
661,7,0,2,0.052647412755716,0.1004332651341918,4,0.0,2
662,7,0,2,0.0096269554753309,0.1023588879528222,3,0.0,1
663,7,0,2,0.0520457280385078,0.1127692863160428,4,0.0,2
664,7,0,2,0.016546329723225,0.1160789505355638,3,0.0,1
665,7,0,2,0.0090252707581227,0.1178842219280298,3,0.0,1
666,7,0,2,0.0282791817087845,0.1235407389577566,4,0.0,1
667,7,0,2,0.0,0.1235407389577566,5,0.0,1
668,7,0,2,0.0391095066185318,0.1313635816584426,4,0.0,1
669,7,0,2,0.0075210589651022,0.1328679744854976,3,0.0,1
670,7,0,2,0.0096269554753309,0.0019256228186304,3,0.0,1
671,7,0,2,0.0,0.0019256228186304,5,0.0,1
672,7,0,2,0.0,0.0019256228186304,5,0.0,1
673,7,0,2,0.0,0.0019256228186304,5,0.0,1
674,7,0,2,0.0,0.0019256228186304,5,0.0,1
675,7,0,2,0.0866425992779783,0.019256228186304,4,0.0,2
676,7,0,2,0.0,0.019256228186304,5,0.0,1
677,7,0,2,0.0,0.019256228186304,5,0.0,1
678,7,0,2,0.0189530685920577,0.0230472981104826,3,0.0,1
679,7,0,2,0.0,0.0230472981104826,5,0.0,1
680,7,0,2,0.0,0.0230472981104826,5,0.0,1
681,7,0,2,0.0412154031287605,0.031291370802744,4,0.0,1
682,7,0,2,0.0,0.031291370802744,5,0.0,1
683,7,0,2,0.0,0.031291370802744,5,0.0,1
684,7,0,2,0.0171480144404332,0.0347213864484294,3,0.0,1
685,7,0,2,0.00661853188929,0.0360452521362378,3,0.0,1
686,7,0,2,0.0,0.0360452521362378,5,0.0,1
687,7,0,2,0.0,0.0360452521362378,5,0.0,1
688,7,0,2,0.0,0.0360452521362378,5,0.0,1
689,7,0,2,0.0189530685920577,0.0398363220604164,3,0.0,1
690,7,0,2,0.0,0.0398363220604164,5,0.0,1
691,7,0,2,0.0,0.0398363220604164,5,0.0,1
692,7,0,2,0.0484356197352587,0.0495246118666506,4,0.0,2
693,7,0,2,0.0,0.0495246118666506,5,0.0,1
694,7,0,2,0.0,0.0495246118666506,5,0.0,1
695,7,0,2,0.0237665463297232,0.0542784932001444,4,0.0,1
696,7,0,2,0.0288808664259927,0.0600553616560356,4,0.0,1
697,7,0,2,0.0,0.0600553616560356,5,0.0,1
698,7,0,2,0.0,0.0600553616560356,5,0.0,1
699,7,0,2,0.009927797833935,0.0620411601877482,3,0.0,1
700,7,0,2,0.0,0.0,5,0.0,1
701,7,0,2,0.0,0.0,5,0.0,1
702,7,0,2,0.0,0.0,5,0.0,1
703,7,0,2,0.0,0.0,5,0.0,1
704,7,0,2,0.0,0.0,5,0.0,1
705,7,0,2,0.0,0.0,5,0.0,1
706,7,0,2,0.0,0.0,5,0.0,1
707,7,0,2,0.0,0.0,5,0.0,1
708,7,0,2,0.0,0.0,5,0.0,1
709,7,0,2,0.0,0.0,5,0.0,1
710,7,0,2,0.0,0.0,5,0.0,1
711,7,0,2,0.0941636582430806,0.0188349981947286,4,0.0,2
712,7,0,2,0.0027075812274368,0.0193765796124684,3,0.0,1
713,7,0,2,0.0,0.0193765796124684,5,0.0,1
714,7,0,2,0.0,0.0193765796124684,5,0.0,1
715,7,0,2,0.0,0.0193765796124684,5,0.0,1
716,7,0,2,0.0,0.0193765796124684,5,0.0,1
717,7,0,2,0.0,0.0193765796124684,5,0.0,1
718,7,0,2,0.0,0.0193765796124684,5,0.0,1
719,7,0,2,0.0,0.0193765796124684,5,0.0,1
720,7,0,2,0.0,0.0193765796124684,5,0.0,1
721,7,0,2,0.0,0.0193765796124684,5,0.0,1
722,7,0,2,0.0,0.0193765796124684,5,0.0,1
723,7,0,2,0.0,0.0193765796124684,5,0.0,1
724,7,0,2,0.0,0.0193765796124684,5,0.0,1
725,7,0,2,0.0285800240673886,0.0250932723552774,4,0.0,1
726,7,0,2,0.0,0.0250932723552774,5,0.0,1
727,7,0,2,0.0,0.0250932723552774,5,0.0,1
728,7,0,2,0.0,0.0250932723552774,5,0.0,1
729,7,0,2,0.0,0.0250932723552774,5,0.0,1
730,7,0,2,0.0,0.0250932723552774,5,0.0,1
731,7,0,0,0.0,0.0,5,0.0,1
732,7,0,0,0.0,0.0,5,0.0,1
733,7,0,0,0.0,0.0,5,0.0,1
734,7,0,0,0.0,0.0,5,0.0,1
735,7,0,0,0.0,0.0,5,0.0,1
736,7,0,0,0.0,0.0,5,0.0,1
737,7,0,0,0.0,0.0,5,0.0,1
738,7,0,0,0.0,0.0,5,0.0,1
739,7,0,0,0.0,0.0,5,0.0,1
740,7,0,0,0.0,0.0,5,0.0,1
741,7,0,0,0.0,0.0,5,0.0,1
742,7,0,0,0.0,0.0,5,0.0,1
743,7,0,0,0.0,0.0,5,0.0,1
744,7,0,0,0.0,0.0,5,0.0,1
745,7,0,0,0.0,0.0,5,0.0,1
746,7,0,0,0.0,0.0,5,0.0,1
747,7,0,0,0.0,0.0,5,0.0,1
748,7,0,0,0.0,0.0,5,0.0,1
749,7,0,0,0.0,0.0,5,0.0,1
750,7,0,0,0.0,0.0,5,0.0,1
751,7,0,0,0.0,0.0,5,0.0,1
752,7,0,0,0.0,0.0,5,0.0,1
753,7,0,0,0.0,0.0,5,0.0,1
754,7,0,0,0.0,0.0,5,0.0,1
755,7,0,0,0.0,0.0,5,0.0,1
756,7,0,0,0.0,0.0,5,0.0,1
757,7,0,0,0.0,0.0,5,0.0,1
758,7,0,0,0.0,0.0,5,0.0,1
759,7,0,0,0.0,0.0,5,0.0,1
760,7,0,0,0.0,0.0,5,0.0,1
761,7,0,0,0.0,0.0,5,0.0,1
762,7,0,0,0.0,0.0,5,0.0,1
763,7,0,0,0.0,0.0,5,0.0,1
764,7,0,0,0.0,0.0,5,0.0,1
765,7,0,0,0.0,0.0,5,0.0,1
766,7,0,0,0.0,0.0,5,0.0,1
767,7,0,0,0.0,0.0,5,0.0,1
768,7,0,0,0.0,0.0,5,0.0,1
769,7,0,0,0.0,0.0,5,0.0,1
770,7,0,0,0.0,0.0,5,0.0,1
771,7,0,0,0.0,0.0,5,0.0,1
772,7,0,0,0.0,0.0,5,0.0,1
773,7,0,0,0.0,0.0,5,0.0,1
774,7,0,0,0.0,0.0,5,0.0,1
775,7,0,0,0.0,0.0,5,0.0,1
776,7,0,0,0.0084235860409145,0.0016849199663016,3,0.0,1
777,7,0,0,0.0,0.0016849199663016,5,0.0,1
778,7,0,0,0.0,0.0016849199663016,5,0.0,1
779,7,0,0,0.0,0.0016849199663016,5,0.0,1
780,7,0,0,0.0,0.0016849199663016,5,0.0,1
781,7,0,0,0.0,0.0016849199663016,5,0.0,1
782,7,0,0,0.0,0.0016849199663016,5,0.0,1
783,7,0,0,0.0,0.0016849199663016,5,0.0,1
784,7,0,0,0.0,0.0016849199663016,5,0.0,1
785,7,0,0,0.0,0.0016849199663016,5,0.0,1
786,7,0,0,0.0,0.0016849199663016,5,0.0,1
787,7,0,0,0.0,0.0016849199663016,5,0.0,1
788,7,0,0,0.0159446450060168,0.0048742327596582,3,0.0,1
789,7,0,0,0.0,0.0048742327596582,5,0.0,1
790,7,0,0,0.0,0.0,5,0.0,1
791,7,0,0,0.0,0.0,5,0.0,1
792,7,0,0,0.0,0.0,5,0.0,1
793,7,0,0,0.0,0.0,5,0.0,1
794,7,0,0,0.0,0.0,5,0.0,1
795,7,0,0,0.0,0.0,5,0.0,1
796,7,0,0,0.0078219013237063,0.0015645685401372,3,0.0,1
797,7,0,0,0.0,0.0015645685401372,5,0.0,1
798,7,0,0,0.0,0.0015645685401372,5,0.0,1
799,7,0,0,0.0,0.0015645685401372,5,0.0,1
800,7,0,0,0.0,0.0015645685401372,5,0.0,1
801,7,0,0,0.0,0.0015645685401372,5,0.0,1
802,7,0,0,0.003309265944645,0.0022265013840414,3,0.0,1
803,7,0,0,0.0,0.0022265013840414,5,0.0,1
804,7,0,0,0.0,0.0022265013840414,5,0.0,1
805,7,0,0,0.0,0.0022265013840414,5,0.0,1
806,7,0,0,0.0,0.0022265013840414,5,0.0,1
807,7,0,0,0.0,0.0022265013840414,5,0.0,1
808,7,0,0,0.0,0.0022265013840414,5,0.0,1
809,7,0,0,0.0,0.0022265013840414,5,0.0,1
810,7,0,0,0.0,0.0022265013840414,5,0.0,1
811,7,0,0,0.0,0.0022265013840414,5,0.0,1
812,7,0,0,0.0,0.0022265013840414,5,0.0,1
813,7,0,0,0.0,0.0022265013840414,5,0.0,1
814,7,0,0,0.0,0.0022265013840414,5,0.0,1
815,7,0,0,0.0,0.0022265013840414,5,0.0,1
816,7,0,0,0.0,0.0022265013840414,5,0.0,1
817,7,0,0,0.0,0.0022265013840414,5,0.0,1
818,7,0,0,0.0,0.0022265013840414,5,0.0,1
819,7,0,0,0.0,0.0022265013840414,5,0.0,1
820,7,0,0,0.0,0.0022265013840414,5,0.0,1
821,7,0,0,0.0,0.0,5,0.0,1
822,7,0,0,0.0,0.0,5,0.0,1
823,7,0,0,0.0,0.0,5,0.0,1
824,7,0,0,0.0,0.0,5,0.0,1
825,7,0,0,0.0,0.0,5,0.0,1
826,7,0,0,0.0,0.0,5,0.0,1
827,7,0,0,0.0,0.0,5,0.0,1
828,7,0,0,0.0,0.0,5,0.0,1
829,7,0,0,0.0,0.0,5,0.0,1
830,7,0,0,0.0,0.0,5,0.0,1
831,7,0,0,0.0,0.0,5,0.0,1
832,7,0,0,0.0,0.0,5,0.0,1
833,7,0,0,0.0,0.0,5,0.0,1
834,7,0,0,0.0,0.0,5,0.0,1
835,7,0,0,0.0,0.0,5,0.0,1
836,7,0,0,0.0,0.0,5,0.0,1
837,7,0,0,0.0,0.0,5,0.0,1
838,7,0,0,0.0,0.0,5,0.0,1
839,7,0,0,0.0,0.0,5,0.0,1
840,7,0,0,0.0,0.0,5,0.0,1
841,7,0,0,0.0,0.0,5,0.0,1
842,7,0,0,0.0,0.0,5,0.0,1
843,7,0,0,0.0,0.0,5,0.0,1
844,7,0,0,0.0018050541516245,0.0003610542784932,3,0.0,1
845,7,0,0,0.0,0.0003610542784932,5,0.0,1
846,7,0,0,0.0,0.0003610542784932,5,0.0,1
847,7,0,0,0.0,0.0003610542784932,5,0.0,1
848,7,0,0,0.0,0.0003610542784932,5,0.0,1
849,7,0,0,0.0,0.0003610542784932,5,0.0,1
850,7,0,0,0.0,0.0003610542784932,5,0.0,1
851,7,0,0,0.0,0.0,5,0.0,1
852,7,0,0,0.0,0.0,5,0.0,1
853,7,0,0,0.0,0.0,5,0.0,1
854,7,0,0,0.0,0.0,5,0.0,1
855,7,0,0,0.0,0.0,5,0.0,1
856,7,0,0,0.0,0.0,5,0.0,1
857,7,0,0,0.0,0.0,5,0.0,1
858,7,0,0,0.0,0.0,5,0.0,1
859,7,0,0,0.0,0.0,5,0.0,1
860,7,0,0,0.0,0.0,5,0.0,1
861,7,0,0,0.0,0.0,5,0.0,1
862,7,0,0,0.0,0.0,5,0.0,1
863,7,0,0,0.0,0.0,5,0.0,1
864,7,0,0,0.0,0.0,5,0.0,1
865,7,0,0,0.0,0.0,5,0.0,1
866,7,0,0,0.0,0.0,5,0.0,1
867,7,0,0,0.0039109506618531,0.0007822842700686,3,0.0,1
868,7,0,0,0.0,0.0007822842700686,5,0.0,1
869,7,0,0,0.0,0.0007822842700686,5,0.0,1
870,7,0,0,0.0,0.0007822842700686,5,0.0,1
871,7,0,0,0.0,0.0007822842700686,5,0.0,1
872,7,0,0,0.0,0.0007822842700686,5,0.0,1
873,7,0,0,0.0,0.0007822842700686,5,0.0,1
874,7,0,0,0.0,0.0007822842700686,5,0.0,1
875,7,0,0,0.0060168471720818,0.0019857985317126,3,0.0,1
876,7,0,0,0.0,0.0019857985317126,5,0.0,1
877,7,0,0,0.0,0.0019857985317126,5,0.0,1
878,7,0,0,0.0,0.0019857985317126,5,0.0,1
879,7,0,0,0.0,0.0019857985317126,5,0.0,1
880,7,0,0,0.0,0.0019857985317126,5,0.0,1
881,7,0,0,0.0,0.0019857985317126,5,0.0,1
882,7,0,0,0.0,0.0,5,0.0,1
883,7,0,0,0.0,0.0,5,0.0,1
884,7,0,0,0.009927797833935,0.0019857985317126,3,0.0,1
885,7,0,0,0.0051143200962695,0.00300878565411,3,0.0,1
886,7,0,0,0.0,0.00300878565411,5,0.0,1
887,7,0,0,0.0,0.00300878565411,5,0.0,1
888,7,0,0,0.0,0.00300878565411,5,0.0,1
889,7,0,0,0.0,0.00300878565411,5,0.0,1
890,7,0,0,0.0018050541516245,0.0033698399326032,3,0.0,1
891,7,0,0,0.0,0.0033698399326032,5,0.0,1
892,7,0,0,0.0,0.0033698399326032,5,0.0,1
893,7,0,0,0.0,0.0033698399326032,5,0.0,1
894,7,0,0,0.0,0.0033698399326032,5,0.0,1
895,7,0,0,0.0,0.0033698399326032,5,0.0,1
896,7,0,0,0.0,0.0033698399326032,5,0.0,1
897,7,0,0,0.00661853188929,0.0046937056204116,3,0.0,1
898,7,0,0,0.0,0.0046937056204116,5,0.0,1
899,7,0,0,0.0,0.0046937056204116,5,0.0,1
900,7,0,0,0.0,0.0046937056204116,5,0.0,1
901,7,0,0,0.0719013237063778,0.0190757010470574,4,0.0,2
902,7,0,0,0.0,0.0190757010470574,5,0.0,1
903,7,0,0,0.0,0.0190757010470574,5,0.0,1
904,7,0,0,0.0,0.0190757010470574,5,0.0,1
905,7,0,0,0.0,0.0190757010470574,5,0.0,1
906,7,0,0,0.003610108303249,0.0197978096040438,3,0.0,1
907,7,0,0,0.0,0.0197978096040438,5,0.0,1
908,7,0,0,0.0,0.0197978096040438,5,0.0,1
909,7,0,0,0.0,0.0197978096040438,5,0.0,1
910,7,0,0,0.0180505415162454,0.0234083523889758,3,0.0,1
911,7,0,0,0.059265944645006,0.0352629678661692,4,0.0,2
912,7,0,0,0.0,0.0,5,0.0,1
913,7,0,0,0.0,0.0,5,0.0,1
914,7,0,0,0.0,0.0,5,0.0,1
915,7,0,0,0.0,0.0,5,0.0,1
916,7,0,0,0.0358002406738868,0.0071609098567818,4,0.0,1
917,7,0,0,0.0009025270758122,0.0073414369960284,3,0.0,1
918,7,0,0,0.0,0.0073414369960284,5,0.0,1
919,7,0,0,0.0,0.0073414369960284,5,0.0,1
920,7,0,0,0.0,0.0073414369960284,5,0.0,1
921,7,0,0,0.0168471720818291,0.0107112769286316,3,0.0,1
922,7,0,0,0.0,0.0107112769286316,5,0.0,1
923,7,0,0,0.0,0.0107112769286316,5,0.0,1
924,7,0,0,0.0,0.0107112769286316,5,0.0,1
925,7,0,0,0.0391095066185318,0.0185341196293176,4,0.0,1
926,7,0,0,0.0,0.0185341196293176,5,0.0,1
927,7,0,0,0.0138387484957882,0.0213022024310988,3,0.0,1
928,7,0,0,0.0,0.0213022024310988,5,0.0,1
929,7,0,0,0.0288808664259927,0.02707907088699,4,0.0,1
930,7,0,0,0.0,0.02707907088699,5,0.0,1
931,7,0,0,0.0,0.02707907088699,5,0.0,1
932,7,0,0,0.0,0.02707907088699,5,0.0,1
933,7,0,0,0.0282791817087845,0.0327355879167168,4,0.0,1
934,7,0,0,0.0,0.0327355879167168,5,0.0,1
935,7,0,0,0.0171480144404332,0.0361656035624022,3,0.0,1
936,7,0,0,0.0391095066185318,0.0439884462630882,4,0.0,1
937,7,0,0,0.0,0.0439884462630882,5,0.0,1
938,7,0,0,0.0,0.0439884462630882,5,0.0,1
939,7,0,0,0.0,0.0439884462630882,5,0.0,1
940,7,0,0,0.0,0.0439884462630882,5,0.0,1
941,7,0,0,0.0006016847172081,0.0441087976892526,3,0.0,1
942,7,0,0,0.0445246690734055,0.0530148032254182,4,0.0,1
943,7,0,0,0.0327918170878459,0.0065591527259598,4,0.0,1
944,7,0,0,0.0024067388688327,0.0070405584306174,3,0.0,1
945,7,0,0,0.0,0.0070405584306174,5,0.0,1
946,7,0,0,0.0,0.0070405584306174,5,0.0,1
947,7,0,0,0.0,0.0070405584306174,5,0.0,1
948,7,0,0,0.0,0.0070405584306174,5,0.0,1
949,7,0,0,0.0,0.0070405584306174,5,0.0,1
950,7,0,0,0.0643802647412755,0.0199181610302082,4,0.0,2
951,7,0,0,0.0,0.0199181610302082,5,0.0,1
952,7,0,0,0.0018050541516245,0.0202792153087014,3,0.0,1
953,7,0,0,0.0,0.0202792153087014,5,0.0,1
954,7,0,0,0.0,0.0202792153087014,5,0.0,1
955,7,0,0,0.0,0.0202792153087014,5,0.0,1
956,7,0,0,0.0,0.0202792153087014,5,0.0,1
957,7,0,0,0.0,0.0202792153087014,5,0.0,1
958,7,0,0,0.0,0.0202792153087014,5,0.0,1
959,7,0,0,0.0,0.0202792153087014,5,0.0,1
960,7,0,0,0.0,0.0202792153087014,5,0.0,1
961,7,0,0,0.0673886883273164,0.0337585750391142,4,0.0,2
962,7,0,0,0.0,0.0337585750391142,5,0.0,1
963,7,0,0,0.0,0.0337585750391142,5,0.0,1
964,7,0,0,0.0,0.0337585750391142,5,0.0,1
965,7,0,0,0.0,0.0337585750391142,5,0.0,1
966,7,0,0,0.0,0.0337585750391142,5,0.0,1
967,7,0,0,0.0207581227436823,0.037910699241786,3,0.0,1
968,7,0,0,0.0012033694344163,0.0381514020941148,3,0.0,1
969,7,0,0,0.0204572803850782,0.0422433505837044,3,0.0,1
970,7,0,0,0.0144404332129963,0.04513178481165,3,0.0,1
971,7,0,0,0.0,0.04513178481165,5,0.0,1
972,7,0,0,0.3574007220216607,0.1166205319533036,1,0.6666666666666666,0
973,7,0,0,0.1113116726835138,0.1388855457937176,2,0.0,0
974,7,0,0,0.0,0.0,5,0.0,1
975,7,0,0,0.0216606498194945,0.0043326513419184,3,0.0,1
976,7,0,0,0.01323706377858,0.0069803827175352,3,0.0,1
977,7,0,0,0.0,0.0069803827175352,5,0.0,1
978,7,0,0,0.0,0.0069803827175352,5,0.0,1
979,7,0,0,0.0,0.0069803827175352,5,0.0,1
980,7,0,0,0.0,0.0069803827175352,5,0.0,1
981,7,0,0,0.0,0.0069803827175352,5,0.0,1
982,7,0,0,0.0,0.0069803827175352,5,0.0,1
983,7,0,0,0.0,0.0069803827175352,5,0.0,1
984,7,0,0,0.0,0.0069803827175352,5,0.0,1
985,7,0,0,0.0120336943441636,0.0093874112408232,3,0.0,1
986,7,0,0,0.0,0.0093874112408232,5,0.0,1
987,7,0,0,0.0339951865222623,0.0161872668191118,4,0.0,1
988,7,0,0,0.0,0.0161872668191118,5,0.0,1
989,7,0,0,0.0,0.0161872668191118,5,0.0,1
990,7,0,0,0.0162454873646209,0.0194367553255506,3,0.0,1
991,7,0,0,0.0183513838748495,0.0231074738235648,3,0.0,1
992,7,0,0,0.0051143200962695,0.0241304609459622,3,0.0,1
993,7,0,0,0.0336943441636582,0.0308701408111686,4,0.0,1
994,7,0,0,0.0,0.0308701408111686,5,0.0,1
995,7,0,0,0.0156438026474127,0.033999277891443,3,0.0,1
996,7,0,0,0.0,0.033999277891443,5,0.0,1
997,7,0,0,0.0,0.033999277891443,5,0.0,1
998,7,0,0,0.0162454873646209,0.0372487663978818,3,0.0,1
999,7,0,0,0.0,0.0372487663978818,5,0.0,1
1000,7,0,0,0.0,0.0372487663978818,5,0.0,1
1001,7,0,0,0.0,0.0372487663978818,5,0.0,1
1002,7,0,0,0.0842358604091456,0.0540979660608978,4,0.0,2
1003,7,0,0,0.0,0.0540979660608978,5,0.0,1
1004,7,0,0,0.0,0.0,5,0.0,1
1005,7,0,0,0.0039109506618531,0.0007822842700686,3,0.0,1
1006,7,0,0,0.0,0.0007822842700686,5,0.0,1
1007,7,0,0,0.0009025270758122,0.0009628114093152,3,0.0,1
1008,7,0,0,0.0,0.0009628114093152,5,0.0,1
1009,7,0,0,0.0,0.0009628114093152,5,0.0,1
1010,7,0,0,0.0072202166064981,0.002407028523288,3,0.0,1
1011,7,0,0,0.0084235860409145,0.0040919484895896,3,0.0,1
1012,7,0,0,0.0,0.0040919484895896,5,0.0,1
1013,7,0,0,0.0,0.0040919484895896,5,0.0,1
1014,7,0,0,0.0,0.0040919484895896,5,0.0,1
1015,7,0,0,0.0,0.0040919484895896,5,0.0,1
1016,7,0,0,0.0012033694344163,0.0043326513419184,3,0.0,1
1017,7,0,0,0.0,0.0043326513419184,5,0.0,1
1018,7,0,0,0.0,0.0043326513419184,5,0.0,1
1019,7,0,0,0.0,0.0043326513419184,5,0.0,1
1020,7,0,0,0.0,0.0043326513419184,5,0.0,1
1021,7,0,0,0.0,0.0043326513419184,5,0.0,1
1022,7,0,0,0.0015042117930204,0.0046335299073294,3,0.0,1
1023,7,0,0,0.0,0.0046335299073294,5,0.0,1
1024,7,0,0,0.0,0.0046335299073294,5,0.0,1
1025,7,0,0,0.0,0.0046335299073294,5,0.0,1
1026,7,0,0,0.0,0.0046335299073294,5,0.0,1
1027,7,0,0,0.0421179302045728,0.0130581297388374,4,0.0,1
1028,7,0,0,0.009927797833935,0.01504392827055,3,0.0,1
1029,7,0,0,0.0051143200962695,0.0160669153929474,3,0.0,1
1030,7,0,0,0.0,0.0160669153929474,5,0.0,1
1031,7,0,0,0.0243682310469314,0.0209411481526056,4,0.0,1
1032,7,0,0,0.0021058965102286,0.021362378144181,3,0.0,1
1033,7,0,0,0.0084235860409145,0.0230472981104826,3,0.0,1
1034,7,0,0,0.0174488567990373,0.0265374894692502,3,0.0,1
1035,7,0,0,0.0,0.0,5,0.0,1
1036,7,0,0,0.0520457280385078,0.0104103983632206,4,0.0,2
1037,7,0,0,0.0,0.0104103983632206,5,0.0,1
1038,7,0,0,0.0,0.0104103983632206,5,0.0,1
1039,7,0,0,0.0,0.0104103983632206,5,0.0,1
1040,7,0,0,0.0,0.0104103983632206,5,0.0,1
1041,7,0,0,0.0,0.0104103983632206,5,0.0,1
1042,7,0,0,0.0,0.0104103983632206,5,0.0,1
1043,7,0,0,0.0,0.0104103983632206,5,0.0,1
1044,7,0,0,0.0,0.0104103983632206,5,0.0,1
1045,7,0,0,0.0,0.0104103983632206,5,0.0,1
1046,7,0,0,0.0,0.0104103983632206,5,0.0,1
1047,7,0,0,0.0,0.0104103983632206,5,0.0,1
1048,7,0,0,0.0,0.0104103983632206,5,0.0,1
1049,7,0,0,0.0,0.0104103983632206,5,0.0,1
1050,7,0,0,0.0,0.0104103983632206,5,0.0,1
1051,7,0,0,0.0,0.0104103983632206,5,0.0,1
1052,7,0,0,0.0,0.0104103983632206,5,0.0,1
1053,7,0,0,0.0,0.0104103983632206,5,0.0,1
1054,7,0,0,0.000300842358604,0.0104705740763028,3,0.0,1
1055,7,0,0,0.0,0.0104705740763028,5,0.0,1
1056,7,0,0,0.0,0.0104705740763028,5,0.0,1
1057,7,0,0,0.0114320096269554,0.0127572511734264,3,0.0,1
1058,7,0,0,0.0,0.0127572511734264,5,0.0,1
1059,7,0,0,0.0,0.0127572511734264,5,0.0,1
1060,7,0,0,0.0,0.0127572511734264,5,0.0,1
1061,7,0,0,0.0063176895306859,0.0140209411481526,3,0.0,1
1062,7,0,0,0.0,0.0140209411481526,5,0.0,1
1063,7,0,0,0.0,0.0140209411481526,5,0.0,1
1064,7,0,0,0.0,0.0140209411481526,5,0.0,1
1065,7,0,0,0.0,0.0,5,0.0,1
1066,7,0,0,0.0102286401925391,0.0020459742447948,3,0.0,1
1067,7,0,0,0.0,0.0020459742447948,5,0.0,1
1068,7,0,0,0.0,0.0020459742447948,5,0.0,1
1069,7,0,0,0.0,0.0020459742447948,5,0.0,1
1070,7,0,0,0.0,0.0020459742447948,5,0.0,1
1071,7,0,0,0.0027075812274368,0.0025875556625346,3,0.0,1
1072,7,0,0,0.0,0.0025875556625346,5,0.0,1
1073,7,0,0,0.0,0.0025875556625346,5,0.0,1
1074,7,0,0,0.0,0.0025875556625346,5,0.0,1
1075,7,0,0,0.0,0.0025875556625346,5,0.0,1
1076,7,0,0,0.0,0.0025875556625346,5,0.0,1
1077,7,0,0,0.0,0.0025875556625346,5,0.0,1
1078,7,0,0,0.0,0.0025875556625346,5,0.0,1
1079,7,0,0,0.0,0.0025875556625346,5,0.0,1
1080,7,0,0,0.0,0.0025875556625346,5,0.0,1
1081,7,0,0,0.0117328519855595,0.0049344084727404,3,0.0,1
1082,7,0,0,0.0,0.0049344084727404,5,0.0,1
1083,7,0,0,0.0,0.0049344084727404,5,0.0,1
1084,7,0,0,0.0,0.0049344084727404,5,0.0,1
1085,7,0,0,0.0,0.0049344084727404,5,0.0,1
1086,7,0,0,0.0,0.0049344084727404,5,0.0,1
1087,7,0,0,0.0,0.0049344084727404,5,0.0,1
1088,7,0,0,0.0,0.0049344084727404,5,0.0,1
1089,7,0,0,0.0,0.0049344084727404,5,0.0,1
1090,7,0,0,0.0105294825511432,0.0070405584306174,3,0.0,1
1091,7,0,0,0.0,0.0070405584306174,5,0.0,1
1092,7,0,0,0.0,0.0070405584306174,5,0.0,1
1093,7,0,0,0.0,0.0070405584306174,5,0.0,1
1094,7,0,0,0.0,0.0070405584306174,5,0.0,1
1095,7,0,0,0.0,0.0070405584306174,5,0.0,1
1096,7,0,3,0.0,0.0,5,0.0,1
1097,7,0,3,0.0138387484957882,0.0027680828017812,3,0.0,1
1098,7,0,3,0.0,0.0027680828017812,5,0.0,1
1099,7,0,3,0.0,0.0027680828017812,5,0.0,1
1100,7,0,3,0.0,0.0027680828017812,5,0.0,1
1101,7,0,3,0.0,0.0027680828017812,5,0.0,1
1102,7,0,3,0.0,0.0027680828017812,5,0.0,1
1103,7,0,3,0.0,0.0027680828017812,5,0.0,1
1104,7,0,3,0.0,0.0027680828017812,5,0.0,1
1105,7,0,3,0.0,0.0027680828017812,5,0.0,1
1106,7,0,3,0.0090252707581227,0.0045733541942472,3,0.0,1
1107,7,0,3,0.0,0.0045733541942472,5,0.0,1
1108,7,0,3,0.0,0.0045733541942472,5,0.0,1
1109,7,0,3,0.0,0.0045733541942472,5,0.0,1
1110,7,0,3,0.0,0.0045733541942472,5,0.0,1
1111,7,0,3,0.0,0.0045733541942472,5,0.0,1
1112,7,0,3,0.0,0.0045733541942472,5,0.0,1
1113,7,0,3,0.0,0.0045733541942472,5,0.0,1
1114,7,0,3,0.0,0.0045733541942472,5,0.0,1
1115,7,0,3,0.0,0.0045733541942472,5,0.0,1
1116,7,0,3,0.0,0.0045733541942472,5,0.0,1
1117,7,0,3,0.0,0.0045733541942472,5,0.0,1
1118,7,0,3,0.0,0.0045733541942472,5,0.0,1
1119,7,0,3,0.0063176895306859,0.0058370441689734,3,0.0,1
1120,7,0,3,0.0,0.0058370441689734,5,0.0,1
1121,7,0,3,0.0,0.0058370441689734,5,0.0,1
1122,7,0,3,0.0,0.0058370441689734,5,0.0,1
1123,7,0,3,0.0,0.0058370441689734,5,0.0,1
1124,7,0,3,0.0,0.0058370441689734,5,0.0,1
1125,7,0,3,0.0,0.0058370441689734,5,0.0,1
1126,7,0,3,0.0,0.0058370441689734,5,0.0,1
1127,7,0,3,0.0,0.0,5,0.0,1
1128,7,0,3,0.0,0.0,5,0.0,1
1129,7,0,3,0.0,0.0,5,0.0,1
1130,7,0,3,0.0,0.0,5,0.0,1
1131,7,0,3,0.0,0.0,5,0.0,1
1132,7,0,3,0.0,0.0,5,0.0,1
1133,7,0,3,0.0,0.0,5,0.0,1
1134,7,0,3,0.0,0.0,5,0.0,1
1135,7,0,3,0.0,0.0,5,0.0,1
1136,7,0,3,0.0,0.0,5,0.0,1
1137,7,0,3,0.0,0.0,5,0.0,1
1138,7,0,3,0.0,0.0,5,0.0,1
1139,7,0,3,0.0,0.0,5,0.0,1
1140,7,0,3,0.0,0.0,5,0.0,1
1141,7,0,3,0.0,0.0,5,0.0,1
1142,7,0,3,0.0,0.0,5,0.0,1
1143,7,0,3,0.0,0.0,5,0.0,1
1144,7,0,3,0.0,0.0,5,0.0,1
1145,7,0,3,0.0,0.0,5,0.0,1
1146,7,0,3,0.0318892900120336,0.0063786255867132,4,0.0,1
1147,7,0,3,0.0,0.0063786255867132,5,0.0,1
1148,7,0,3,0.0,0.0063786255867132,5,0.0,1
1149,7,0,3,0.0,0.0063786255867132,5,0.0,1
1150,7,0,3,0.0,0.0063786255867132,5,0.0,1
1151,7,0,3,0.0,0.0063786255867132,5,0.0,1
1152,7,0,3,0.0,0.0063786255867132,5,0.0,1
1153,7,0,3,0.0,0.0063786255867132,5,0.0,1
1154,7,0,3,0.00661853188929,0.0077024912745216,3,0.0,1
1155,7,0,3,0.0,0.0,5,0.0,1
1156,7,0,3,0.0,0.0,5,0.0,1
1157,7,0,3,0.0,0.0,5,0.0,1
1158,7,0,3,0.0,0.0,5,0.0,1
1159,7,0,3,0.0,0.0,5,0.0,1
1160,7,0,3,0.0,0.0,5,0.0,1
1161,7,0,3,0.0,0.0,5,0.0,1
1162,7,0,3,0.0138387484957882,0.0027680828017812,3,0.0,1
1163,7,0,3,0.0,0.0027680828017812,5,0.0,1
1164,7,0,3,0.029783393501805,0.008725478396919,4,0.0,1
1165,7,0,3,0.0162454873646209,0.0119749669033578,3,0.0,1
1166,7,0,3,0.0,0.0119749669033578,5,0.0,1
1167,7,0,3,0.0,0.0119749669033578,5,0.0,1
1168,7,0,3,0.0,0.0119749669033578,5,0.0,1
1169,7,0,3,0.0,0.0119749669033578,5,0.0,1
1170,7,0,3,0.0,0.0119749669033578,5,0.0,1
1171,7,0,3,0.0,0.0119749669033578,5,0.0,1
1172,7,0,3,0.0,0.0119749669033578,5,0.0,1
1173,7,0,3,0.01323706377858,0.0146226982789746,3,0.0,1
1174,7,0,3,0.0,0.0146226982789746,5,0.0,1
1175,7,0,3,0.0,0.0146226982789746,5,0.0,1
1176,7,0,3,0.0,0.0146226982789746,5,0.0,1
1177,7,0,3,0.0,0.0146226982789746,5,0.0,1
1178,7,0,3,0.0,0.0146226982789746,5,0.0,1
1179,7,0,3,0.0,0.0146226982789746,5,0.0,1
1180,7,0,3,0.0,0.0146226982789746,5,0.0,1
1181,7,0,3,0.0090252707581227,0.0164279696714406,3,0.0,1
1182,7,0,3,0.0,0.0164279696714406,5,0.0,1
1183,7,0,3,0.0006016847172081,0.016548321097605,3,0.0,1
1184,7,0,3,0.0,0.016548321097605,5,0.0,1
1185,7,0,3,0.0,0.016548321097605,5,0.0,1
1186,7,0,3,0.0,0.0,5,0.0,1
1187,7,0,3,0.036401925391095,0.0072812612829462,4,0.0,1
1188,7,0,3,0.0,0.0072812612829462,5,0.0,1
1189,7,0,3,0.0,0.0072812612829462,5,0.0,1
1190,7,0,3,0.0,0.0072812612829462,5,0.0,1
1191,7,0,3,0.0,0.0072812612829462,5,0.0,1
1192,7,0,3,0.0,0.0072812612829462,5,0.0,1
1193,7,0,3,0.0,0.0072812612829462,5,0.0,1
1194,7,0,3,0.0,0.0072812612829462,5,0.0,1
1195,7,0,3,0.0,0.0072812612829462,5,0.0,1
1196,7,0,3,0.0,0.0072812612829462,5,0.0,1
1197,7,0,3,0.0,0.0072812612829462,5,0.0,1
1198,7,0,3,0.0045126353790613,0.0081838969791792,3,0.0,1
1199,7,0,3,0.0,0.0081838969791792,5,0.0,1
1200,7,0,3,0.0,0.0081838969791792,5,0.0,1
1201,7,0,3,0.0,0.0081838969791792,5,0.0,1
1202,7,0,3,0.0,0.0081838969791792,5,0.0,1
1203,7,0,3,0.0,0.0081838969791792,5,0.0,1
1204,7,0,3,0.0,0.0081838969791792,5,0.0,1
1205,7,0,3,0.0400120336943441,0.0161872668191118,4,0.0,1
1206,7,0,3,0.0,0.0161872668191118,5,0.0,1
1207,7,0,3,0.0628760529482551,0.0287639908532916,4,0.0,2
1208,7,0,3,0.0,0.0287639908532916,5,0.0,1
1209,7,0,3,0.0,0.0287639908532916,5,0.0,1
1210,7,0,3,0.0,0.0287639908532916,5,0.0,1
1211,7,0,3,0.0,0.0287639908532916,5,0.0,1
1212,7,0,3,0.0,0.0287639908532916,5,0.0,1
1213,7,0,3,0.0,0.0287639908532916,5,0.0,1
1214,7,0,3,0.0,0.0287639908532916,5,0.0,1
1215,7,0,3,0.0,0.0287639908532916,5,0.0,1
1216,7,0,3,0.0129362214199759,0.0025875556625346,3,0.0,1
1217,7,0,3,0.0,0.0025875556625346,5,0.0,1
1218,7,0,3,0.0069193742478941,0.0039715970634252,3,0.0,1
1219,7,0,3,0.0123345367027677,0.0064388012997954,3,0.0,1
1220,7,0,3,0.0,0.0064388012997954,5,0.0,1
1221,7,0,3,0.0,0.0064388012997954,5,0.0,1
1222,7,0,3,0.0,0.0064388012997954,5,0.0,1
1223,7,0,3,0.0,0.0064388012997954,5,0.0,1
1224,7,0,3,0.0,0.0064388012997954,5,0.0,1
1225,7,0,3,0.0,0.0064388012997954,5,0.0,1
1226,7,0,3,0.0147412755716004,0.0093874112408232,3,0.0,1
1227,7,0,3,0.0,0.0093874112408232,5,0.0,1
1228,7,0,3,0.0,0.0093874112408232,5,0.0,1
1229,7,0,3,0.0,0.0093874112408232,5,0.0,1
1230,7,0,3,0.0,0.0093874112408232,5,0.0,1
1231,7,0,3,0.0,0.0093874112408232,5,0.0,1
1232,7,0,3,0.0,0.0093874112408232,5,0.0,1
1233,7,0,3,0.0153429602888086,0.0124563726080154,3,0.0,1
1234,7,0,3,0.0051143200962695,0.0134793597304128,3,0.0,1
1235,7,0,3,0.0,0.0134793597304128,5,0.0,1
1236,7,0,3,0.0,0.0134793597304128,5,0.0,1
1237,7,0,3,0.0,0.0134793597304128,5,0.0,1
1238,7,0,3,0.0120336943441636,0.0158863882537008,3,0.0,1
1239,7,0,3,0.0,0.0158863882537008,5,0.0,1
1240,7,0,3,0.0409145607701564,0.02407028523288,4,0.0,1
1241,7,0,3,0.0,0.02407028523288,5,0.0,1
1242,7,0,3,0.0,0.02407028523288,5,0.0,1
1243,7,0,3,0.0144404332129963,0.0269587194608256,3,0.0,1
1244,7,0,3,0.0,0.0269587194608256,5,0.0,1
1245,7,0,3,0.0,0.0269587194608256,5,0.0,1
1246,7,0,3,0.0,0.0269587194608256,5,0.0,1
1247,7,0,3,0.0682912154031287,0.0136598868696594,4,0.0,2
1248,7,0,3,0.0012033694344163,0.0139005897219882,3,0.0,1
1249,7,0,3,0.0412154031287605,0.0221446624142496,4,0.0,1
1250,7,0,3,0.1179302045728038,0.045733541942472,2,0.0,0
1251,7,0,3,0.328820697954272,0.1115055963413166,6,0.3333333333333333,0
1252,7,0,3,0.0,0.1115055963413166,5,0.0,1
1253,7,0,3,0.0367027677496991,0.118847033337345,4,0.0,1
1254,7,0,3,0.0959687123947051,0.1380430858105668,4,0.0,2
1255,7,0,3,0.082430806257521,0.1545312311950896,4,0.0,2
1256,7,0,3,0.0962695547533092,0.1737874593813936,4,0.0,2
1257,7,0,3,0.0045126353790613,0.1746900950776266,3,0.0,1
1258,7,0,3,0.207280385078219,0.2161511613912624,6,0.3333333333333333,0
1259,7,0,3,0.1058965102286402,0.2373330123961968,4,0.0,0
1260,7,0,3,0.0171480144404332,0.2407630280418823,3,0.0,1
1261,7,0,3,0.0,0.2407630280418823,5,0.0,1
1262,7,0,3,0.0093261131167268,0.2426284751474305,3,0.0,1
1263,7,0,3,0.2301444043321299,0.2886628956553135,6,0.3333333333333333,0
1264,7,0,3,0.0406137184115523,0.2967866169214105,4,0.0,1
1265,7,0,3,0.0135379061371841,0.2994945240101095,3,0.0,1
1266,7,0,3,0.0321901323706377,0.3059333253099049,4,0.0,1
1267,7,0,3,0.1552346570397112,0.3369839932603201,2,0.0,0
1268,7,0,3,0.1155234657039711,0.3600914670838849,2,0.0,0
1269,7,0,3,0.0379061371841155,0.3676736069322421,4,0.0,1
1270,7,0,3,0.0015042117930204,0.3679744854976531,3,0.0,1
1271,7,0,3,0.095367027677497,0.3870501865447106,4,0.0,2
1272,7,0,3,0.003610108303249,0.3877722951016969,3,0.0,1
1273,7,0,3,0.0105294825511432,0.3898784450595739,3,0.0,1
1274,7,0,3,0.0607701564380264,0.4020339391021784,4,0.0,2
1275,7,0,3,0.0433212996389891,0.4106992417860151,4,0.0,1
1276,7,0,3,0.0,0.4106992417860151,5,0.0,1
1277,7,0,3,0.0015042117930204,0.000300878565411,3,0.0,1
1278,7,0,3,0.0018050541516245,0.0006619328439042,3,0.0,1
1279,7,0,3,0.0583634175691937,0.012336021181851,4,0.0,2
1280,7,0,3,0.055956678700361,0.0235287038151402,4,0.0,2
1281,7,0,3,0.0421179302045728,0.0319533036466482,4,0.0,1
1282,7,0,3,0.0024067388688327,0.0324347093513058,3,0.0,1
1283,7,0,3,0.0273766546329723,0.037910699241786,4,0.0,1
1284,7,0,3,0.1122141997593261,0.0603562402214466,2,0.0,0
1285,7,0,3,0.1486161251504212,0.0900830424840534,2,0.0,0
1286,7,0,3,0.0,0.0900830424840534,5,0.0,1
1287,7,0,3,0.0351985559566787,0.0971236009146708,4,0.0,1
1288,7,0,3,0.0490373044524669,0.1069322421470694,4,0.0,2
1289,7,0,3,0.0520457280385078,0.11734264051029,4,0.0,2
1290,7,0,3,0.1404933814681107,0.1454446985196774,2,0.0,0
1291,7,0,3,0.0027075812274368,0.1459862799374172,3,0.0,1
1292,7,0,3,0.0,0.1459862799374172,5,0.0,1
1293,7,0,3,0.0015042117930204,0.1462871585028282,3,0.0,1
1294,7,0,3,0.0,0.1462871585028282,5,0.0,1
1295,7,0,3,0.0213598074608904,0.1505596341316644,3,0.0,1
1296,7,0,3,0.003309265944645,0.1512215669755686,3,0.0,1
1297,7,0,3,0.0475330926594464,0.1607293296425562,4,0.0,2
1298,7,0,3,0.0282791817087845,0.166385846672283,4,0.0,1
1299,7,0,3,0.0,0.166385846672283,5,0.0,1
1300,7,0,3,0.01323706377858,0.1690335780478998,3,0.0,1
1301,7,0,3,0.0460288808664259,0.1782404621494764,4,0.0,2
1302,7,0,3,0.0009025270758122,0.178420989288723,3,0.0,1
1303,7,0,3,0.0072202166064981,0.1798652064026958,3,0.0,1
1304,7,0,3,0.1064981949458483,0.2011674088337947,4,0.0,0
1305,7,0,3,0.0252707581227436,0.2062221687326994,4,0.0,1
1306,7,0,3,0.0051143200962695,0.2072451558550968,3,0.0,1
1307,7,0,3,0.0445246690734055,0.2161511613912624,4,0.0,1
1308,7,0,3,0.0770156438026474,0.0154049825490432,4,0.0,2
1309,7,0,3,0.000300842358604,0.0154651582621254,3,0.0,1
1310,7,0,3,0.0015042117930204,0.0157660368275364,3,0.0,1
1311,7,0,3,0.0490373044524669,0.025574678059935,4,0.0,2
1312,7,0,3,0.003610108303249,0.0262967866169214,3,0.0,1
1313,7,0,3,0.0,0.0262967866169214,5,0.0,1
1314,7,0,3,0.003309265944645,0.0269587194608256,3,0.0,1
1315,7,0,3,0.0875451263537906,0.0444698519677458,4,0.0,2
1316,7,0,3,0.1037906137184115,0.0652304729811048,4,0.0,2
1317,7,0,3,0.0661853188929001,0.0784691298591888,4,0.0,2
1318,7,0,3,0.0195547533092659,0.0823805512095318,3,0.0,1
1319,7,0,3,0.1353790613718411,0.1094596220965218,2,0.0,0
1320,7,0,3,0.0090252707581227,0.1112648934889878,3,0.0,1
1321,7,0,3,0.0415162454873646,0.1195691418943314,4,0.0,1
1322,7,0,3,0.0562575210589651,0.1308220002407028,4,0.0,2
1323,7,0,3,0.0060168471720818,0.1320255145023468,3,0.0,1
1324,7,0,3,0.0168471720818291,0.13539535443495,3,0.0,1
1325,7,0,3,0.0273766546329723,0.1408713443254302,4,0.0,1
1326,7,0,3,0.0478339350180505,0.1504392827055,4,0.0,2
1327,7,0,3,0.0439229843561973,0.1592249368155012,4,0.0,1
1328,7,0,3,0.0048134777376654,0.1601877482248164,3,0.0,1
1329,7,0,3,0.2851985559566787,0.217234324226742,6,0.3333333333333333,0
1330,7,0,3,0.0475330926594464,0.2267420868937296,4,0.0,2
1331,7,0,3,0.0270758122743682,0.2321579010711277,4,0.0,1
1332,7,0,3,0.0505415162454873,0.2422674208689373,4,0.0,2
1333,7,0,3,0.4870637785800241,0.3396919003490191,1,0.6666666666666666,0
1334,7,0,3,0.0,0.3396919003490191,5,0.0,1
1335,7,0,3,0.0180505415162454,0.3433024431339511,3,0.0,1
1336,7,0,3,0.0466305655836341,0.3526296786616921,4,0.0,2
1337,7,0,3,0.03309265944645,0.3592490071007341,4,0.0,1
1338,7,0,3,0.0388086642599278,0.3670116740883379,4,0.0,1
1339,7,0,3,0.1236462093862816,0.0247322180767842,2,0.0,0
1340,7,0,3,0.0694945848375451,0.0386328077987724,4,0.0,2
1341,7,0,3,0.0,0.0386328077987724,5,0.0,1
1342,7,0,3,0.0174488567990373,0.04212299915754,3,0.0,1
1343,7,0,3,0.0451263537906137,0.05114935611987,4,0.0,1
1344,7,0,3,0.0027075812274368,0.0516909375376098,3,0.0,1
1345,7,0,3,0.0171480144404332,0.0551209531832952,3,0.0,1
1346,7,0,3,0.0069193742478941,0.0565049945841858,3,0.0,1
1347,7,0,3,0.0451263537906137,0.0655313515465158,4,0.0,1
1348,7,0,3,0.0475330926594464,0.0750391142135034,4,0.0,2
1349,7,0,3,0.0637785800240673,0.0877963653869298,4,0.0,2
1350,7,0,3,0.0493381468110709,0.0976651823324106,4,0.0,2
1351,7,0,3,0.079121540312876,0.1134913948730292,4,0.0,2
1352,7,0,3,0.0830324909747292,0.1300998916837164,4,0.0,2
1353,7,0,3,0.0027075812274368,0.1306414731014562,3,0.0,1
1354,7,0,3,0.0138387484957882,0.1334095559032374,3,0.0,1
1355,7,0,3,0.0111311672683513,0.1356360572872788,3,0.0,1
1356,7,0,3,0.0081227436823104,0.1372608015404982,3,0.0,1
1357,7,0,3,0.2003610108303249,0.1773378264532434,6,0.3333333333333333,0
1358,7,0,3,0.0,0.1773378264532434,5,0.0,1
1359,7,0,3,0.0860409145607701,0.1945480803947527,4,0.0,2
1360,7,0,3,0.003610108303249,0.195270188951739,3,0.0,1
1361,7,0,3,0.0872442839951865,0.212721145745577,4,0.0,2
1362,7,0,3,0.0962695547533092,0.2319773739318811,4,0.0,2
1363,7,0,3,0.0734055354993983,0.2466602479239378,4,0.0,2
1364,7,0,3,0.1407942238267148,0.2748224816464075,2,0.0,0
1365,7,0,3,0.0743080625752106,0.2896858827777109,4,0.0,2
1366,7,0,3,0.0679903730445246,0.3032855939342881,4,0.0,2
1367,7,0,3,0.0102286401925391,0.3053315681790829,3,0.0,1
1368,7,0,3,0.0126353790613718,0.3078589481285353,3,0.0,1
1369,7,0,3,0.0042117930204572,0.0008424599831508,3,0.0,1
1370,7,0,3,0.0252707581227436,0.0058972198820556,4,0.0,1
1371,7,0,3,0.0,0.0058972198820556,5,0.0,1
1372,7,0,3,0.0,0.0058972198820556,5,0.0,1
1373,7,0,3,0.0,0.0058972198820556,5,0.0,1
1374,7,0,3,0.0315884476534296,0.0122156697556866,4,0.0,1
1375,7,0,3,0.0048134777376654,0.0131784811650018,3,0.0,1
1376,7,0,3,0.0072202166064981,0.0146226982789746,3,0.0,1
1377,7,0,3,0.0180505415162454,0.0182332410639066,3,0.0,1
1378,7,0,3,0.0147412755716004,0.0211818510049344,3,0.0,1
1379,7,0,3,0.0731046931407942,0.035804549283909,4,0.0,2
1380,7,0,3,0.0,0.035804549283909,5,0.0,1
1381,7,0,3,0.0243682310469314,0.0406787820435672,4,0.0,1
1382,7,0,3,0.0,0.0406787820435672,5,0.0,1
1383,7,0,3,0.0,0.0406787820435672,5,0.0,1
1384,7,0,3,0.0,0.0406787820435672,5,0.0,1
1385,7,0,3,0.0102286401925391,0.042724756288362,3,0.0,1
1386,7,0,3,0.023164861612515,0.0473582861956914,4,0.0,1
1387,7,0,3,0.0192539109506618,0.0512095318329522,3,0.0,1
1388,7,0,3,0.0042117930204572,0.052051991816103,3,0.0,1
1389,7,0,3,0.0339951865222623,0.0588518473943916,4,0.0,1
1390,7,0,3,0.02647412755716,0.0641473101456252,4,0.0,1
1391,7,0,3,0.0,0.0641473101456252,5,0.0,1
1392,7,0,3,0.0048134777376654,0.0651101215549404,3,0.0,1
1393,7,0,3,0.0258724428399518,0.0702852328800096,4,0.0,1
1394,7,0,3,0.0,0.0702852328800096,5,0.0,1
1395,7,0,3,0.0030084235860409,0.0708869900108316,3,0.0,1
1396,7,0,3,0.0096269554753309,0.072812612829462,3,0.0,1
1397,7,0,3,0.0,0.072812612829462,5,0.0,1
1398,7,0,3,0.0171480144404332,0.0762426284751474,3,0.0,1
1399,7,0,3,0.0673886883273164,0.0897219882055602,4,0.0,2
1400,7,0,3,0.0,0.0,5,0.0,1
1401,7,0,3,0.0,0.0,5,0.0,1
1402,7,0,3,0.0,0.0,5,0.0,1
1403,7,0,3,0.0,0.0,5,0.0,1
1404,7,0,3,0.0,0.0,5,0.0,1
1405,7,0,3,0.0,0.0,5,0.0,1
1406,7,0,3,0.0,0.0,5,0.0,1
1407,7,0,3,0.0,0.0,5,0.0,1
1408,7,0,3,0.0,0.0,5,0.0,1
1409,7,0,3,0.0,0.0,5,0.0,1
1410,7,0,3,0.0,0.0,5,0.0,1
1411,7,0,3,0.0,0.0,5,0.0,1
1412,7,0,3,0.0,0.0,5,0.0,1
1413,7,0,3,0.000300842358604,6.017571308220002e-05,3,0.0,1
1414,7,0,3,0.0015042117930204,0.0003610542784932,3,0.0,1
1415,7,0,3,0.0394103489771359,0.0082440726922614,4,0.0,1
1416,7,0,3,0.0,0.0082440726922614,5,0.0,1
1417,7,0,3,0.0081227436823104,0.0098688169454808,3,0.0,1
1418,7,0,3,0.0129362214199759,0.0124563726080154,3,0.0,1
1419,7,0,3,0.0676895306859205,0.0259959080515104,4,0.0,2
1420,7,0,3,0.0,0.0259959080515104,5,0.0,1
1421,7,0,3,0.0,0.0259959080515104,5,0.0,1
1422,7,0,3,0.0,0.0259959080515104,5,0.0,1
1423,7,0,3,0.0294825511432009,0.031893127933566,4,0.0,1
1424,7,0,3,0.0,0.031893127933566,5,0.0,1
1425,7,0,3,0.003610108303249,0.0326152364905524,3,0.0,1
1426,7,0,3,0.0,0.0326152364905524,5,0.0,1
1427,7,0,3,0.0,0.0326152364905524,5,0.0,1
1428,7,0,3,0.0,0.0326152364905524,5,0.0,1
1429,7,0,3,0.0,0.0326152364905524,5,0.0,1
1430,7,0,3,0.0,0.0,5,0.0,1
1431,7,0,3,0.0,0.0,5,0.0,1
1432,7,0,3,0.0,0.0,5,0.0,1
1433,7,0,3,0.0,0.0,5,0.0,1
1434,7,0,3,0.0,0.0,5,0.0,1
1435,7,0,3,0.0,0.0,5,0.0,1
1436,7,0,3,0.0,0.0,5,0.0,1
1437,7,0,3,0.0,0.0,5,0.0,1
1438,7,0,3,0.0,0.0,5,0.0,1
1439,7,0,3,0.0,0.0,5,0.0,1
1440,7,0,3,0.0,0.0,5,0.0,1
1441,7,0,3,0.0,0.0,5,0.0,1
1442,7,0,3,0.0,0.0,5,0.0,1
1443,7,0,3,0.0,0.0,5,0.0,1
1444,7,0,3,0.0,0.0,5,0.0,1
1445,7,0,3,0.0006016847172081,0.0001203514261644,3,0.0,1
1446,7,0,3,0.0,0.0001203514261644,5,0.0,1
1447,7,0,3,0.0,0.0001203514261644,5,0.0,1
1448,7,0,3,0.0324909747292418,0.006619328439042,4,0.0,1
1449,7,0,3,0.0,0.006619328439042,5,0.0,1
1450,7,0,3,0.0,0.006619328439042,5,0.0,1
1451,7,0,3,0.0,0.006619328439042,5,0.0,1
1452,7,0,3,0.0,0.006619328439042,5,0.0,1
1453,7,0,3,0.0,0.006619328439042,5,0.0,1
1454,7,0,3,0.0,0.006619328439042,5,0.0,1
1455,7,0,3,0.0,0.006619328439042,5,0.0,1
1456,7,0,3,0.0,0.006619328439042,5,0.0,1
1457,7,0,3,0.0,0.006619328439042,5,0.0,1
1458,7,0,3,0.0,0.006619328439042,5,0.0,1
1459,7,0,3,0.0,0.006619328439042,5,0.0,1
1460,7,0,3,0.0,0.006619328439042,5,0.0,1
1461,7,0,1,0.0,0.0,5,0.0,1
1462,7,0,1,0.0,0.0,5,0.0,1
1463,7,0,1,0.0,0.0,5,0.0,1
1464,7,0,1,0.0,0.0,5,0.0,1
1465,7,0,1,0.0,0.0,5,0.0,1
1466,7,0,1,0.0,0.0,5,0.0,1
1467,7,0,1,0.0,0.0,5,0.0,1
1468,7,0,1,0.0,0.0,5,0.0,1
1469,7,0,1,0.0,0.0,5,0.0,1
1470,7,0,1,0.0,0.0,5,0.0,1
1471,7,0,1,0.0,0.0,5,0.0,1
1472,7,0,1,0.0,0.0,5,0.0,1
1473,7,0,1,0.0,0.0,5,0.0,1
1474,7,0,1,0.0794223826714801,0.0158863882537008,4,0.0,2
1475,7,0,1,0.0,0.0158863882537008,5,0.0,1
1476,7,0,1,0.0,0.0158863882537008,5,0.0,1
1477,7,0,1,0.0,0.0158863882537008,5,0.0,1
1478,7,0,1,0.0,0.0158863882537008,5,0.0,1
1479,7,0,1,0.0,0.0158863882537008,5,0.0,1
1480,7,0,1,0.0,0.0158863882537008,5,0.0,1
1481,7,0,1,0.0,0.0158863882537008,5,0.0,1
1482,7,0,1,0.0,0.0158863882537008,5,0.0,1
1483,7,0,1,0.0,0.0158863882537008,5,0.0,1
1484,7,0,1,0.0,0.0158863882537008,5,0.0,1
1485,7,0,1,0.0,0.0158863882537008,5,0.0,1
1486,7,0,1,0.0,0.0158863882537008,5,0.0,1
1487,7,0,1,0.0,0.0158863882537008,5,0.0,1
1488,7,0,1,0.0,0.0158863882537008,5,0.0,1
1489,7,0,1,0.0,0.0158863882537008,5,0.0,1
1490,7,0,1,0.0,0.0158863882537008,5,0.0,1
1491,7,0,1,0.0,0.0158863882537008,5,0.0,1
1492,7,0,1,0.0,0.0,5,0.0,1
1493,7,0,1,0.0,0.0,5,0.0,1
1494,7,0,1,0.0,0.0,5,0.0,1
1495,7,0,1,0.0,0.0,5,0.0,1
1496,7,0,1,0.0,0.0,5,0.0,1
1497,7,0,1,0.0,0.0,5,0.0,1
1498,7,0,1,0.0,0.0,5,0.0,1
1499,7,0,1,0.0779181708784596,0.0155855096882898,4,0.0,2
1500,7,0,1,0.0544524669073405,0.026477313756168,4,0.0,2
1501,7,0,1,0.0,0.026477313756168,5,0.0,1
1502,7,0,1,0.0,0.026477313756168,5,0.0,1
1503,7,0,1,0.0,0.026477313756168,5,0.0,1
1504,7,0,1,0.0722021660649819,0.040919484895896,4,0.0,2
1505,7,0,1,0.0,0.040919484895896,5,0.0,1
1506,7,0,1,0.0,0.040919484895896,5,0.0,1
1507,7,0,1,0.0,0.040919484895896,5,0.0,1
1508,7,0,1,0.0,0.040919484895896,5,0.0,1
1509,7,0,1,0.0,0.040919484895896,5,0.0,1
1510,7,0,1,0.003309265944645,0.0415814177398002,3,0.0,1
1511,7,0,1,0.0,0.0415814177398002,5,0.0,1
1512,7,0,1,0.0,0.0415814177398002,5,0.0,1
1513,7,0,1,0.000300842358604,0.0416415934528824,3,0.0,1
1514,7,0,1,0.0,0.0416415934528824,5,0.0,1
1515,7,0,1,0.0,0.0416415934528824,5,0.0,1
1516,7,0,1,0.0,0.0416415934528824,5,0.0,1
1517,7,0,1,0.0,0.0416415934528824,5,0.0,1
1518,7,0,1,0.0,0.0416415934528824,5,0.0,1
1519,7,0,1,0.0,0.0416415934528824,5,0.0,1
1520,7,0,1,0.0,0.0416415934528824,5,0.0,1
1521,7,0,1,0.0081227436823104,0.0016247442532194,3,0.0,1
1522,7,0,1,0.0,0.0016247442532194,5,0.0,1
1523,7,0,1,0.0,0.0016247442532194,5,0.0,1
1524,7,0,1,0.0114320096269554,0.003911421350343,3,0.0,1
1525,7,0,1,0.0,0.003911421350343,5,0.0,1
1526,7,0,1,0.0,0.003911421350343,5,0.0,1
1527,7,0,1,0.0180505415162454,0.007521964135275,3,0.0,1
1528,7,0,1,0.0,0.007521964135275,5,0.0,1
1529,7,0,1,0.0,0.007521964135275,5,0.0,1
1530,7,0,1,0.0,0.007521964135275,5,0.0,1
1531,7,0,1,0.0,0.007521964135275,5,0.0,1
1532,7,0,1,0.0,0.007521964135275,5,0.0,1
1533,7,0,1,0.115222623345367,0.0305692622457576,2,0.0,0
1534,7,0,1,0.0,0.0305692622457576,5,0.0,1
1535,7,0,1,0.0,0.0305692622457576,5,0.0,1
1536,7,0,1,0.0,0.0305692622457576,5,0.0,1
1537,7,0,1,0.0,0.0305692622457576,5,0.0,1
1538,7,0,1,0.0,0.0305692622457576,5,0.0,1
1539,7,0,1,0.0,0.0305692622457576,5,0.0,1
1540,7,0,1,0.0,0.0305692622457576,5,0.0,1
1541,7,0,1,0.0,0.0305692622457576,5,0.0,1
1542,7,0,1,0.0,0.0305692622457576,5,0.0,1
1543,7,0,1,0.0,0.0305692622457576,5,0.0,1
1544,7,0,1,0.0105294825511432,0.0326754122036346,3,0.0,1
1545,7,0,1,0.0,0.0326754122036346,5,0.0,1
1546,7,0,1,0.0,0.0326754122036346,5,0.0,1
1547,7,0,1,0.0,0.0326754122036346,5,0.0,1
1548,7,0,1,0.0601684717208182,0.0447105548200746,4,0.0,2
1549,7,0,1,0.0,0.0447105548200746,5,0.0,1
1550,7,0,1,0.0,0.0447105548200746,5,0.0,1
1551,7,0,1,0.0,0.0447105548200746,5,0.0,1
1552,7,0,1,0.0505415162454873,0.0101095197978096,4,0.0,2
1553,7,0,1,0.0,0.0101095197978096,5,0.0,1
1554,7,0,1,0.0,0.0101095197978096,5,0.0,1
1555,7,0,1,0.0,0.0101095197978096,5,0.0,1
1556,7,0,1,0.0,0.0101095197978096,5,0.0,1
1557,7,0,1,0.0,0.0101095197978096,5,0.0,1
1558,7,0,1,0.0,0.0101095197978096,5,0.0,1
1559,7,0,1,0.0673886883273164,0.0235888795282224,4,0.0,2
1560,7,0,1,0.0,0.0235888795282224,5,0.0,1
1561,7,0,1,0.0,0.0235888795282224,5,0.0,1
1562,7,0,1,0.0,0.0235888795282224,5,0.0,1
1563,7,0,1,0.0,0.0235888795282224,5,0.0,1
1564,7,0,1,0.0162454873646209,0.0268383680346612,3,0.0,1
1565,7,0,1,0.0,0.0268383680346612,5,0.0,1
1566,7,0,1,0.0,0.0268383680346612,5,0.0,1
1567,7,0,1,0.0,0.0268383680346612,5,0.0,1
1568,7,0,1,0.0,0.0268383680346612,5,0.0,1
1569,7,0,1,0.0983754512635379,0.0465158262125406,4,0.0,2
1570,7,0,1,0.0,0.0465158262125406,5,0.0,1
1571,7,0,1,0.0,0.0465158262125406,5,0.0,1
1572,7,0,1,0.0,0.0465158262125406,5,0.0,1
1573,7,0,1,0.0,0.0465158262125406,5,0.0,1
1574,7,0,1,0.0240673886883273,0.0513298832591166,4,0.0,1
1575,7,0,1,0.0,0.0513298832591166,5,0.0,1
1576,7,0,1,0.0186522262334536,0.055060777470213,3,0.0,1
1577,7,0,1,0.0,0.055060777470213,5,0.0,1
1578,7,0,1,0.0,0.055060777470213,5,0.0,1
1579,7,0,1,0.0,0.055060777470213,5,0.0,1
1580,7,0,1,0.0,0.055060777470213,5,0.0,1
1581,7,0,1,0.0,0.055060777470213,5,0.0,1
1582,7,0,1,0.029783393501805,0.0059573955951378,4,0.0,1
1583,7,0,1,0.0616726835138387,0.0182934167769888,4,0.0,2
1584,7,0,1,0.0027075812274368,0.0188349981947286,3,0.0,1
1585,7,0,1,0.0204572803850782,0.0229269466843182,3,0.0,1
1586,7,0,1,0.03971119133574,0.0308701408111686,4,0.0,1
1587,7,0,1,0.0,0.0308701408111686,5,0.0,1
1588,7,0,1,0.0,0.0308701408111686,5,0.0,1
1589,7,0,1,0.00661853188929,0.032194006498977,3,0.0,1
1590,7,0,1,0.0261732851985559,0.0374292935371284,4,0.0,1
1591,7,0,1,0.0054151624548736,0.038512456372608,3,0.0,1
1592,7,0,1,0.0,0.038512456372608,5,0.0,1
1593,7,0,1,0.0,0.038512456372608,5,0.0,1
1594,7,0,1,0.151624548736462,0.0688410157660368,2,0.0,0
1595,7,0,1,0.0210589651022864,0.0730533156817908,3,0.0,1
1596,7,0,1,0.0069193742478941,0.0744373570826814,3,0.0,1
1597,7,0,1,0.0,0.0744373570826814,5,0.0,1
1598,7,0,1,0.0,0.0744373570826814,5,0.0,1
1599,7,0,1,0.0595667870036101,0.086352148272957,4,0.0,2
1600,7,0,1,0.0589651022864019,0.0981465880370682,4,0.0,2
1601,7,0,1,0.095367027677497,0.1172222890841256,4,0.0,2
1602,7,0,1,0.0102286401925391,0.1192682633289204,3,0.0,1
1603,7,0,1,0.0875451263537906,0.1367793958358406,4,0.0,2
1604,7,0,1,0.1107099879663056,0.1589240582500902,2,0.0,0
1605,7,0,1,0.0,0.1589240582500902,5,0.0,1
1606,7,0,1,0.0,0.1589240582500902,5,0.0,1
1607,7,0,1,0.0,0.1589240582500902,5,0.0,1
1608,7,0,1,0.009927797833935,0.1609098567818028,3,0.0,1
1609,7,0,1,0.0,0.1609098567818028,5,0.0,1
1610,7,0,1,0.0484356197352587,0.170598146588037,4,0.0,2
1611,7,0,1,0.0,0.170598146588037,5,0.0,1
1612,7,0,1,0.0,0.170598146588037,5,0.0,1
1613,7,0,1,0.0523465703971119,0.0104705740763028,4,0.0,2
1614,7,0,1,0.3483754512635379,0.0801540498254904,1,0.6666666666666666,0
1615,7,0,1,0.003309265944645,0.0808159826693946,3,0.0,1
1616,7,0,1,0.0153429602888086,0.0838849440365868,3,0.0,1
1617,7,0,1,0.01985559566787,0.087856541100012,3,0.0,1
1618,7,0,1,0.0288808664259927,0.0936334095559032,4,0.0,1
1619,7,0,1,0.2382671480144404,0.1412925743170056,6,0.3333333333333333,0
1620,7,0,1,0.1134175691937424,0.163978818148995,2,0.0,0
1621,7,0,1,0.1001805054151624,0.1840173306053676,4,0.0,2
1622,7,0,1,0.0258724428399518,0.1891924419304368,4,0.0,1
1623,7,0,1,0.0096269554753309,0.1911180647490672,3,0.0,1
1624,7,0,1,0.0,0.1911180647490672,5,0.0,1
1625,7,0,1,0.0177496991576413,0.194668431820917,3,0.0,1
1626,7,0,1,0.1705776173285198,0.2287880611385244,2,0.0,0
1627,7,0,1,0.0087244283995186,0.2305331568179082,3,0.0,1
1628,7,0,1,0.0141395908543922,0.2333614153327717,3,0.0,1
1629,7,0,1,0.0794223826714801,0.2492478035864725,4,0.0,2
1630,7,0,1,0.0,0.2492478035864725,5,0.0,1
1631,7,0,1,0.3164861612515042,0.3125526537489469,6,0.3333333333333333,0
1632,7,0,1,0.0168471720818291,0.3159224936815501,3,0.0,1
1633,7,0,1,0.0153429602888086,0.3189914550487423,3,0.0,1
1634,7,0,1,0.1239470517448857,0.3437838488386087,2,0.0,0
1635,7,0,1,0.3014440433212996,0.4040799133469731,6,0.3333333333333333,0
1636,7,0,1,0.1534296028880866,0.4347695270188951,2,0.0,0
1637,7,0,1,0.480445246690734,0.5308701408111687,1,0.6666666666666666,0
1638,7,0,1,0.0475330926594464,0.5403779034781562,4,0.0,2
1639,7,0,1,0.1260529482551143,0.565591527259598,2,0.0,0
1640,7,0,1,0.0267749699157641,0.5709471657239138,4,0.0,1
1641,7,0,1,0.0147412755716004,0.5738957756649417,3,0.0,1
1642,7,0,1,0.0,0.5738957756649417,5,0.0,1
1643,7,0,1,0.1170276774969915,0.0234083523889758,2,0.0,0
1644,7,0,1,0.0,0.0234083523889758,5,0.0,1
1645,7,0,1,0.095367027677497,0.0424840534360332,4,0.0,2
1646,7,0,1,0.0024067388688327,0.0429654591406908,3,0.0,1
1647,7,0,1,0.1206377858002406,0.067095920086653,2,0.0,0
1648,7,0,1,0.0,0.067095920086653,5,0.0,1
1649,7,0,1,0.3429602888086642,0.135696233000361,6,0.3333333333333333,0
1650,7,0,1,0.0012033694344163,0.1359369358526898,3,0.0,1
1651,7,0,1,0.0731046931407942,0.1505596341316644,4,0.0,2
1652,7,0,1,0.029783393501805,0.1565170297268022,4,0.0,1
1653,7,0,1,0.0042117930204572,0.157359489709953,3,0.0,1
1654,7,0,1,0.0400120336943441,0.1653628595498856,4,0.0,1
1655,7,0,1,0.0282791817087845,0.1710193765796124,4,0.0,1
1656,7,0,1,0.1146209386281588,0.1939463232639307,2,0.0,0
1657,7,0,1,0.0291817087845968,0.199783367432904,4,0.0,1
1658,7,0,1,0.1780986762936221,0.2354073895775665,2,0.0,0
1659,7,0,1,0.0427196149217809,0.2439523408352388,4,0.0,1
1660,7,0,1,0.111913357400722,0.2663377061018173,2,0.0,0
1661,7,0,1,0.0345968712394705,0.2732579131062703,4,0.0,1
1662,7,0,1,0.1049939831528279,0.2942592369719581,4,0.0,2
1663,7,0,1,0.0237665463297232,0.2990131183054519,4,0.0,1
1664,7,0,1,0.0935619735258724,0.3177277650740161,4,0.0,2
1665,7,0,1,0.0,0.3177277650740161,5,0.0,1
1666,7,0,1,0.0673886883273164,0.3312071248044289,4,0.0,2
1667,7,0,1,0.6128158844765342,0.4537850523528703,1,0.6666666666666666,0
1668,7,0,1,0.0959687123947051,0.4729811048260922,4,0.0,2
1669,7,0,1,0.1046931407942238,0.4939222529786977,4,0.0,2
1670,7,0,1,0.0012033694344163,0.4941629558310266,3,0.0,1
1671,7,0,1,0.0150421179302045,0.4971717414851366,3,0.0,1
1672,7,0,1,0.0096269554753309,0.499097364303767,3,0.0,1
1673,7,0,1,0.0222623345367027,0.5035503670718497,3,0.0,1
1674,7,0,1,0.0156438026474127,0.0031291370802744,3,0.0,1
1675,7,0,1,0.3143802647412755,0.0660127572511734,6,0.3333333333333333,0
1676,7,0,1,0.0391095066185318,0.0738355999518594,4,0.0,1
1677,7,0,1,0.0448255114320096,0.0828017812011072,4,0.0,1
1678,7,0,1,0.1738868832731648,0.1175833433626188,2,0.0,0
1679,7,0,1,0.2879061371841155,0.1751715007822842,6,0.3333333333333333,0
1680,7,0,1,0.0,0.1751715007822842,5,0.0,1
1681,7,0,1,0.0481347773766546,0.1847996148754362,4,0.0,2
1682,7,0,1,0.4401323706377859,0.2728366831146949,1,0.6666666666666666,0
1683,7,0,1,0.0,0.2728366831146949,5,0.0,1
1684,7,0,1,0.0291817087845968,0.2786737272836683,4,0.0,1
1685,7,0,1,0.0478339350180505,0.2882416656637381,4,0.0,2
1686,7,0,1,0.0261732851985559,0.2934769527018895,4,0.0,1
1687,7,0,1,0.1067990373044524,0.3148393308460705,2,0.0,0
1688,7,0,1,0.2551143200962695,0.3658683355397761,6,0.3333333333333333,0
1689,7,0,1,0.0060168471720818,0.3670718498014201,3,0.0,1
1690,7,0,1,0.0,0.3670718498014201,5,0.0,1
1691,7,0,1,0.1588447653429603,0.3988446263088217,2,0.0,0
1692,7,0,1,0.3294223826714801,0.4647370321338307,6,0.3333333333333333,0
1693,7,0,1,0.0024067388688327,0.4652184378384884,3,0.0,1
1694,7,0,1,0.6401925391095067,0.59327235527741,0,1.0,0
1695,7,0,1,0.0042117930204572,0.5941148152605608,3,0.0,1
1696,7,0,1,0.2749699157641396,0.6491154170176917,6,0.3333333333333333,0
1697,7,0,1,0.1429001203369434,0.6776988807317367,2,0.0,0
1698,7,0,1,0.0285800240673886,0.6834155734745457,4,0.0,1
1699,7,0,1,0.2057761732851986,0.7245757612227705,6,0.3333333333333333,0
1700,7,0,1,0.0439229843561973,0.7333614153327717,4,0.0,1
1701,7,0,1,0.0719013237063778,0.7477434107594174,4,0.0,2
1702,7,0,1,0.1164259927797834,0.7710314117222289,2,0.0,0
1703,7,0,1,0.1395908543922984,0.7989529425923697,2,0.0,0
1704,7,0,1,0.0,0.7989529425923697,5,0.0,1
1705,7,0,1,0.0102286401925391,0.0020459742447948,3,0.0,1
1706,7,0,1,0.0944645006016847,0.0209411481526056,4,0.0,2
1707,7,0,1,0.0,0.0209411481526056,5,0.0,1
1708,7,0,1,0.0183513838748495,0.0246118666506198,3,0.0,1
1709,7,0,1,0.03971119133574,0.0325550607774702,4,0.0,1
1710,7,0,1,0.0926594464500601,0.0510891804067878,4,0.0,2
1711,7,0,1,0.2117930204572804,0.0934528824166566,6,0.3333333333333333,0
1712,7,0,1,0.151323706377858,0.1237212660970032,2,0.0,0
1713,7,0,1,0.085740072202166,0.1408713443254302,4,0.0,2
1714,7,0,1,0.1022864019253911,0.1613310867733782,4,0.0,2
1715,7,0,1,0.0123345367027677,0.1637982910097484,3,0.0,1
1716,7,0,1,0.0006016847172081,0.1639186424359128,3,0.0,1
1717,7,0,1,0.0749097472924187,0.1789023949933806,4,0.0,2
1718,7,0,1,0.0358002406738868,0.1860633048501624,4,0.0,1
1719,7,0,1,0.003309265944645,0.1867252376940666,3,0.0,1
1720,7,0,1,0.0081227436823104,0.188349981947286,3,0.0,1
1721,7,0,1,0.266546329723225,0.2416656637381153,6,0.3333333333333333,0
1722,7,0,1,0.0905535499398315,0.2597785533758575,4,0.0,2
1723,7,0,1,0.1820096269554753,0.2961848597905885,2,0.0,0
1724,7,0,1,0.1639590854392298,0.3289806234203875,2,0.0,0
1725,7,0,1,0.0604693140794223,0.3410759417499097,4,0.0,2
1726,7,0,1,0.0018050541516245,0.3414369960284029,3,0.0,1
1727,7,0,1,0.095367027677497,0.3605126970754603,4,0.0,2
1728,7,0,1,0.1359807460890493,0.3877121193886147,2,0.0,0
1729,7,0,1,0.0285800240673886,0.3934288121314237,4,0.0,1
1730,7,0,1,0.0706979542719614,0.4075701047057407,4,0.0,2
1731,7,0,1,0.0276774969915764,0.4131062703093031,4,0.0,1
1732,7,0,1,0.0018050541516245,0.4134673245877964,3,0.0,1
1733,7,0,1,0.3501805054151625,0.4835118546154772,1,0.6666666666666666,0
1734,7,0,1,0.0057160048134777,0.484655193164039,3,0.0,1
1735,7,0,1,0.069193742478941,0.013840414008906,4,0.0,2
1736,7,0,1,0.0866425992779783,0.0311710193765796,4,0.0,2
1737,7,0,1,0.0276774969915764,0.036707184980142,4,0.0,1
1738,7,0,1,0.016546329723225,0.040016849199663,3,0.0,1
1739,7,0,1,0.0105294825511432,0.04212299915754,3,0.0,1
1740,7,0,1,0.0406137184115523,0.050246720423637,4,0.0,1
1741,7,0,1,0.0207581227436823,0.0543988446263088,3,0.0,1
1742,7,0,1,0.0667870036101083,0.0677578529305572,4,0.0,2
1743,7,0,1,0.0379061371841155,0.0753399927789144,4,0.0,1
1744,7,0,1,0.1576413959085439,0.1068720664339872,2,0.0,0
1745,7,0,1,0.0006016847172081,0.1069924178601516,3,0.0,1
1746,7,0,1,0.0634777376654633,0.1196894933204958,4,0.0,2
1747,7,0,1,0.0315884476534296,0.1260079431941268,4,0.0,1
1748,7,0,1,0.0138387484957882,0.128776025995908,3,0.0,1
1749,7,0,1,0.0454271961492178,0.1378625586713202,4,0.0,2
1750,7,0,1,0.0090252707581227,0.1396678300637862,3,0.0,1
1751,7,0,1,0.0006016847172081,0.1397881814899506,3,0.0,1
1752,7,0,1,0.0312876052948255,0.1460464556504994,4,0.0,1
1753,7,0,1,0.059265944645006,0.1579010711276928,4,0.0,2
1754,7,0,1,0.0222623345367027,0.1623540738957756,3,0.0,1
1755,7,0,1,0.0216606498194945,0.166686725237694,3,0.0,1
1756,7,0,1,0.065884476534296,0.1798652064026958,4,0.0,2
1757,7,0,1,0.0682912154031287,0.1935250932723553,4,0.0,2
1758,7,0,1,0.0394103489771359,0.2014081116861234,4,0.0,1
1759,7,0,1,0.0093261131167268,0.2032735587916717,3,0.0,1
1760,7,0,1,0.0234657039711191,0.2079672644120833,4,0.0,1
1761,7,0,1,0.0309867629362214,0.2141653628595498,4,0.0,1
1762,7,0,1,0.0174488567990373,0.2176555542183174,3,0.0,1
1763,7,0,1,0.0869434416365824,0.2350463352990733,4,0.0,2
1764,7,0,1,0.0225631768953068,0.2395595137802383,4,0.0,1
1765,7,0,1,0.0015042117930204,0.2398603923456493,3,0.0,1
1766,7,0,1,0.0553549939831528,0.0110723312071248,4,0.0,2
1767,7,0,1,0.0,0.0110723312071248,5,0.0,1
1768,7,0,1,0.0,0.0110723312071248,5,0.0,1
1769,7,0,1,0.0039109506618531,0.0118546154771934,3,0.0,1
1770,7,0,1,0.0,0.0118546154771934,5,0.0,1
1771,7,0,1,0.0141395908543922,0.0146828739920568,3,0.0,1
1772,7,0,1,0.2066787003610108,0.0560235888795282,6,0.3333333333333333,0
1773,7,0,1,0.8916967509025271,0.2343844024551691,0,1.0,0
1774,7,0,1,0.0,0.2343844024551691,5,0.0,1
1775,7,0,1,0.052647412755716,0.2449151522445541,4,0.0,2
1776,7,0,1,0.0,0.2449151522445541,5,0.0,1
1777,7,0,1,0.0373044524669073,0.2523769406667469,4,0.0,1
1778,7,0,1,0.0258724428399518,0.2575520519918161,4,0.0,1
1779,7,0,1,0.0,0.2575520519918161,5,0.0,1
1780,7,0,1,0.0123345367027677,0.2600192562281863,3,0.0,1
1781,7,0,1,0.1092057761732852,0.2818630400770249,2,0.0,0
1782,7,0,1,0.0273766546329723,0.2873390299675051,4,0.0,1
1783,7,0,1,0.680806257521059,0.4235166686725237,0,1.0,0
1784,7,0,1,0.0,0.4235166686725237,5,0.0,1
1785,7,0,1,0.0,0.4235166686725237,5,0.0,1
1786,7,0,1,0.0,0.4235166686725237,5,0.0,1
1787,7,0,1,0.0523465703971119,0.4339872427488266,4,0.0,2
1788,7,0,1,0.0,0.4339872427488266,5,0.0,1
1789,7,0,1,0.0,0.4339872427488266,5,0.0,1
1790,7,0,1,0.0884476534296028,0.4516789023949933,4,0.0,2
1791,7,0,1,0.0586642599277978,0.4634131664460224,4,0.0,2
1792,7,0,1,0.0,0.4634131664460224,5,0.0,1
1793,7,0,1,0.0,0.4634131664460224,5,0.0,1
1794,7,0,1,0.0,0.4634131664460224,5,0.0,1
1795,7,0,1,0.0,0.4634131664460224,5,0.0,1
1796,7,0,1,0.0,0.0,5,0.0,1
1797,7,0,1,0.0,0.0,5,0.0,1
1798,7,0,1,0.0,0.0,5,0.0,1
1799,7,0,1,0.0,0.0,5,0.0,1
1800,7,0,1,0.0,0.0,5,0.0,1
1801,7,0,1,0.0,0.0,5,0.0,1
1802,7,0,1,0.0,0.0,5,0.0,1
1803,7,0,1,0.0,0.0,5,0.0,1
1804,7,0,1,0.0,0.0,5,0.0,1
1805,7,0,1,0.0547533092659446,0.0109519797809604,4,0.0,2
1806,7,0,1,0.0,0.0109519797809604,5,0.0,1
1807,7,0,1,0.0,0.0109519797809604,5,0.0,1
1808,7,0,1,0.0,0.0109519797809604,5,0.0,1
1809,7,0,1,0.0,0.0109519797809604,5,0.0,1
1810,7,0,1,0.0219614921780986,0.015344806835961,3,0.0,1
1811,7,0,1,0.0379061371841155,0.0229269466843182,4,0.0,1
1812,7,0,1,0.0,0.0229269466843182,5,0.0,1
1813,7,0,1,0.0,0.0229269466843182,5,0.0,1
1814,7,0,1,0.0,0.0229269466843182,5,0.0,1
1815,7,0,1,0.0,0.0229269466843182,5,0.0,1
1816,7,0,1,0.0,0.0229269466843182,5,0.0,1
1817,7,0,1,0.0,0.0229269466843182,5,0.0,1
1818,7,0,1,0.003610108303249,0.0236490552413046,3,0.0,1
1819,7,0,1,0.0,0.0236490552413046,5,0.0,1
1820,7,0,1,0.0,0.0236490552413046,5,0.0,1
1821,7,0,1,0.0,0.0236490552413046,5,0.0,1
1822,7,0,1,0.0,0.0236490552413046,5,0.0,1
1823,7,0,1,0.0,0.0236490552413046,5,0.0,1
1824,7,0,1,0.0,0.0236490552413046,5,0.0,1
1825,7,0,1,0.0,0.0236490552413046,5,0.0,1
1826,7,0,1,0.0,0.0236490552413046,5,0.0,1
0,5,0,3,0.0,0.0,5,0.0,1
1,5,0,3,0.0210589651022864,0.004212299915754,3,0.0,1
2,5,0,3,0.0,0.004212299915754,5,0.0,1
3,5,0,3,0.0138387484957882,0.0069803827175352,3,0.0,1
4,5,0,3,0.0,0.0069803827175352,5,0.0,1
5,5,0,3,0.0,0.0069803827175352,5,0.0,1
6,5,0,3,0.0,0.0069803827175352,5,0.0,1
7,5,0,3,0.0,0.0069803827175352,5,0.0,1
8,5,0,3,0.0,0.0069803827175352,5,0.0,1
9,5,0,3,0.0,0.0069803827175352,5,0.0,1
10,5,0,3,0.0,0.0069803827175352,5,0.0,1
11,5,0,3,0.0,0.0069803827175352,5,0.0,1
12,5,0,3,0.0,0.0069803827175352,5,0.0,1
13,5,0,3,0.0348977135980746,0.0139607654350704,4,0.0,1
14,5,0,3,0.0,0.0139607654350704,5,0.0,1
15,5,0,3,0.0063176895306859,0.0152244554097966,3,0.0,1
16,5,0,3,0.0,0.0152244554097966,5,0.0,1
17,5,0,3,0.0,0.0152244554097966,5,0.0,1
18,5,0,3,0.0,0.0152244554097966,5,0.0,1
19,5,0,3,0.0,0.0152244554097966,5,0.0,1
20,5,0,3,0.0,0.0152244554097966,5,0.0,1
21,5,0,3,0.0,0.0152244554097966,5,0.0,1
22,5,0,3,0.0,0.0152244554097966,5,0.0,1
23,5,0,3,0.0,0.0152244554097966,5,0.0,1
24,5,0,3,0.0,0.0152244554097966,5,0.0,1
25,5,0,3,0.0,0.0152244554097966,5,0.0,1
26,5,0,3,0.000300842358604,0.0152846311228788,3,0.0,1
27,5,0,3,0.0,0.0152846311228788,5,0.0,1
28,5,0,3,0.0,0.0152846311228788,5,0.0,1
29,5,0,3,0.0,0.0152846311228788,5,0.0,1
30,5,0,3,0.0,0.0152846311228788,5,0.0,1
31,5,0,3,0.0,0.0,5,0.0,1
32,5,0,3,0.0,0.0,5,0.0,1
33,5,0,3,0.0,0.0,5,0.0,1
34,5,0,3,0.0,0.0,5,0.0,1
35,5,0,3,0.0,0.0,5,0.0,1
36,5,0,3,0.0,0.0,5,0.0,1
37,5,0,3,0.0,0.0,5,0.0,1
38,5,0,3,0.0,0.0,5,0.0,1
39,5,0,3,0.0,0.0,5,0.0,1
40,5,0,3,0.0,0.0,5,0.0,1
41,5,0,3,0.0,0.0,5,0.0,1
42,5,0,3,0.0,0.0,5,0.0,1
43,5,0,3,0.0,0.0,5,0.0,1
44,5,0,3,0.0899518652226233,0.0179925382115778,4,0.0,2
45,5,0,3,0.0,0.0179925382115778,5,0.0,1
46,5,0,3,0.003309265944645,0.018654471055482,3,0.0,1
47,5,0,3,0.0,0.018654471055482,5,0.0,1
48,5,0,3,0.0,0.018654471055482,5,0.0,1
49,5,0,3,0.0,0.018654471055482,5,0.0,1
50,5,0,3,0.0,0.018654471055482,5,0.0,1
51,5,0,3,0.0,0.018654471055482,5,0.0,1
52,5,0,3,0.0,0.018654471055482,5,0.0,1
53,5,0,3,0.0,0.018654471055482,5,0.0,1
54,5,0,3,0.0,0.018654471055482,5,0.0,1
55,5,0,3,0.0,0.018654471055482,5,0.0,1
56,5,0,3,0.0,0.018654471055482,5,0.0,1
57,5,0,3,0.0,0.018654471055482,5,0.0,1
58,5,0,3,0.0,0.018654471055482,5,0.0,1
59,5,0,3,0.0,0.018654471055482,5,0.0,1
60,5,0,3,0.0,0.0,5,0.0,1
61,5,0,3,0.0,0.0,5,0.0,1
62,5,0,3,0.0,0.0,5,0.0,1
63,5,0,3,0.0,0.0,5,0.0,1
64,5,0,3,0.0,0.0,5,0.0,1
65,5,0,3,0.0,0.0,5,0.0,1
66,5,0,3,0.0,0.0,5,0.0,1
67,5,0,3,0.0,0.0,5,0.0,1
68,5,0,3,0.0,0.0,5,0.0,1
69,5,0,3,0.065884476534296,0.0131784811650018,4,0.0,2
70,5,0,3,0.0,0.0131784811650018,5,0.0,1
71,5,0,3,0.0,0.0131784811650018,5,0.0,1
72,5,0,3,0.0,0.0131784811650018,5,0.0,1
73,5,0,3,0.0,0.0131784811650018,5,0.0,1
74,5,0,3,0.0018050541516245,0.013539535443495,3,0.0,1
75,5,0,3,0.0,0.013539535443495,5,0.0,1
76,5,0,3,0.0,0.013539535443495,5,0.0,1
77,5,0,3,0.0,0.013539535443495,5,0.0,1
78,5,0,3,0.0,0.013539535443495,5,0.0,1
79,5,0,3,0.0,0.013539535443495,5,0.0,1
80,5,0,3,0.01323706377858,0.0161872668191118,3,0.0,1
81,5,0,3,0.0,0.0161872668191118,5,0.0,1
82,5,0,3,0.0,0.0161872668191118,5,0.0,1
83,5,0,3,0.0,0.0161872668191118,5,0.0,1
84,5,0,3,0.0,0.0161872668191118,5,0.0,1
85,5,0,3,0.0,0.0161872668191118,5,0.0,1
86,5,0,3,0.0,0.0161872668191118,5,0.0,1
87,5,0,3,0.0,0.0161872668191118,5,0.0,1
88,5,0,3,0.0,0.0161872668191118,5,0.0,1
89,5,0,3,0.0252707581227436,0.0212420267180166,4,0.0,1
90,5,0,3,0.0,0.0212420267180166,5,0.0,1
91,5,0,3,0.0,0.0,5,0.0,1
92,5,0,3,0.0,0.0,5,0.0,1
93,5,0,3,0.0,0.0,5,0.0,1
94,5,0,3,0.0,0.0,5,0.0,1
95,5,0,3,0.0,0.0,5,0.0,1
96,5,0,3,0.0,0.0,5,0.0,1
97,5,0,3,0.0,0.0,5,0.0,1
98,5,0,3,0.036401925391095,0.0072812612829462,4,0.0,1
99,5,0,3,0.0,0.0072812612829462,5,0.0,1
100,5,0,3,0.0,0.0072812612829462,5,0.0,1
101,5,0,3,0.0,0.0072812612829462,5,0.0,1
102,5,0,3,0.0,0.0072812612829462,5,0.0,1
103,5,0,3,0.0,0.0072812612829462,5,0.0,1
104,5,0,3,0.0,0.0072812612829462,5,0.0,1
105,5,0,3,0.0060168471720818,0.0084847755445902,3,0.0,1
106,5,0,3,0.0,0.0084847755445902,5,0.0,1
107,5,0,3,0.0,0.0084847755445902,5,0.0,1
108,5,0,3,0.0,0.0084847755445902,5,0.0,1
109,5,0,3,0.0,0.0084847755445902,5,0.0,1
110,5,0,3,0.0,0.0084847755445902,5,0.0,1
111,5,0,3,0.0,0.0084847755445902,5,0.0,1
112,5,0,3,0.0,0.0084847755445902,5,0.0,1
113,5,0,3,0.0,0.0084847755445902,5,0.0,1
114,5,0,3,0.0,0.0084847755445902,5,0.0,1
115,5,0,3,0.0,0.0084847755445902,5,0.0,1
116,5,0,3,0.0,0.0084847755445902,5,0.0,1
117,5,0,3,0.0,0.0084847755445902,5,0.0,1
118,5,0,3,0.0,0.0084847755445902,5,0.0,1
119,5,0,3,0.0,0.0084847755445902,5,0.0,1
120,5,0,3,0.0,0.0084847755445902,5,0.0,1
121,5,0,3,0.0,0.0,5,0.0,1
122,5,0,3,0.0222623345367027,0.0044530027680828,3,0.0,1
123,5,0,3,0.0015042117930204,0.0047538813334938,3,0.0,1
124,5,0,3,0.0,0.0047538813334938,5,0.0,1
125,5,0,3,0.0,0.0047538813334938,5,0.0,1
126,5,0,3,0.0643802647412755,0.0176314839330846,4,0.0,2
127,5,0,3,0.0189530685920577,0.0214225538572632,3,0.0,1
128,5,0,3,0.0,0.0214225538572632,5,0.0,1
129,5,0,3,0.0,0.0214225538572632,5,0.0,1
130,5,0,3,0.0,0.0214225538572632,5,0.0,1
131,5,0,3,0.0,0.0214225538572632,5,0.0,1
132,5,0,3,0.0090252707581227,0.0232278252497292,3,0.0,1
133,5,0,3,0.0,0.0232278252497292,5,0.0,1
134,5,0,3,0.0,0.0232278252497292,5,0.0,1
135,5,0,3,0.0006016847172081,0.0233481766758936,3,0.0,1
136,5,0,3,0.0258724428399518,0.0285232880009628,4,0.0,1
137,5,0,3,0.0,0.0285232880009628,5,0.0,1
138,5,0,3,0.0042117930204572,0.0293657479841136,3,0.0,1
139,5,0,3,0.0493381468110709,0.0392345649295944,4,0.0,2
140,5,0,3,0.0,0.0392345649295944,5,0.0,1
141,5,0,3,0.0,0.0392345649295944,5,0.0,1
142,5,0,3,0.0,0.0392345649295944,5,0.0,1
143,5,0,3,0.0,0.0392345649295944,5,0.0,1
144,5,0,3,0.0,0.0392345649295944,5,0.0,1
145,5,0,3,0.0,0.0392345649295944,5,0.0,1
146,5,0,3,0.0,0.0392345649295944,5,0.0,1
147,5,0,3,0.0484356197352587,0.0489228547358286,4,0.0,2
148,5,0,3,0.0186522262334536,0.052653748946925,3,0.0,1
149,5,0,3,0.0,0.052653748946925,5,0.0,1
150,5,0,3,0.0,0.052653748946925,5,0.0,1
151,5,0,3,0.0,0.052653748946925,5,0.0,1
152,5,0,3,0.0060168471720818,0.001203514261644,3,0.0,1
153,5,0,3,0.1224428399518652,0.0256950294860994,2,0.0,0
154,5,0,3,0.0039109506618531,0.026477313756168,3,0.0,1
155,5,0,3,0.0493381468110709,0.0363461307016488,4,0.0,2
156,5,0,3,0.0114320096269554,0.0386328077987724,3,0.0,1
157,5,0,3,0.1600481347773766,0.0706462871585028,2,0.0,0
158,5,0,3,0.000300842358604,0.070706462871585,3,0.0,1
159,5,0,3,0.0,0.070706462871585,5,0.0,1
160,5,0,3,0.0863417569193742,0.0879768925261764,4,0.0,2
161,5,0,3,0.023164861612515,0.0926104224335058,4,0.0,1
162,5,0,3,0.003610108303249,0.0933325309904922,3,0.0,1
163,5,0,3,0.0027075812274368,0.093874112408232,3,0.0,1
164,5,0,3,0.0,0.093874112408232,5,0.0,1
165,5,0,3,0.0812274368231047,0.110121554940426,4,0.0,2
166,5,0,3,0.0123345367027677,0.1125887591767962,3,0.0,1
167,5,0,3,0.0,0.1125887591767962,5,0.0,1
168,5,0,3,0.0475330926594464,0.1220965218437838,4,0.0,2
169,5,0,3,0.0667870036101083,0.1354555301480322,4,0.0,2
170,5,0,3,0.0,0.1354555301480322,5,0.0,1
171,5,0,3,0.0361010830324909,0.1426766157178962,4,0.0,1
172,5,0,3,0.0156438026474127,0.1458057527981706,3,0.0,1
173,5,0,3,0.0150421179302045,0.1488145384522806,3,0.0,1
174,5,0,3,0.0,0.1488145384522806,5,0.0,1
175,5,0,3,0.0009025270758122,0.1489950655915272,3,0.0,1
176,5,0,3,0.0484356197352587,0.1586833553977614,4,0.0,2
177,5,0,3,0.0,0.1586833553977614,5,0.0,1
178,5,0,3,0.0336943441636582,0.1654230352629678,4,0.0,1
179,5,0,3,0.0676895306859205,0.1789625707064628,4,0.0,2
180,5,0,3,0.0150421179302045,0.1819713563605728,3,0.0,1
181,5,0,3,0.0418170878459687,0.1903357804789986,4,0.0,1
182,5,0,3,0.0863417569193742,0.0172704296545914,4,0.0,2
183,5,0,3,0.036401925391095,0.0245516909375376,4,0.0,1
184,5,0,3,0.0,0.0245516909375376,5,0.0,1
185,5,0,3,0.01323706377858,0.0271994223131544,3,0.0,1
186,5,0,3,0.0306859205776173,0.0333373450475388,4,0.0,1
187,5,0,3,0.0,0.0333373450475388,5,0.0,1
188,5,0,3,0.101985559566787,0.0537369117824046,4,0.0,2
189,5,0,3,0.0472322503008423,0.06318449873631,4,0.0,2
190,5,0,3,0.1787003610108303,0.0989288723071368,2,0.0,0
191,5,0,3,0.0,0.0989288723071368,5,0.0,1
192,5,0,3,0.1510228640192539,0.1291370802744012,2,0.0,0
193,5,0,3,0.3531889290012034,0.199783367432904,1,0.6666666666666666,0
194,5,0,3,0.1450060168471721,0.2287880611385244,2,0.0,0
195,5,0,3,0.0,0.2287880611385244,5,0.0,1
196,5,0,3,0.0192539109506618,0.2326393067757853,3,0.0,1
197,5,0,3,0.0291817087845968,0.2384763509447587,4,0.0,1
198,5,0,3,0.0,0.2384763509447587,5,0.0,1
199,5,0,3,0.194043321299639,0.2772896858827777,6,0.3333333333333333,0
200,5,0,3,0.0,0.2772896858827777,5,0.0,1
201,5,0,3,0.0719013237063778,0.2916716813094235,4,0.0,2
202,5,0,3,0.0117328519855595,0.2940185341196293,3,0.0,1
203,5,0,3,0.0,0.2940185341196293,5,0.0,1
204,5,0,3,0.0415162454873646,0.3023227825249729,4,0.0,1
205,5,0,3,0.0517448856799037,0.3126730051751113,4,0.0,2
206,5,0,3,0.0243682310469314,0.3175472379347695,4,0.0,1
207,5,0,3,0.0114320096269554,0.3198339150318931,3,0.0,1
208,5,0,3,0.0,0.3198339150318931,5,0.0,1
209,5,0,3,0.164560770156438,0.3527500300878565,2,0.0,0
210,5,0,3,0.0144404332129963,0.3556384643158021,3,0.0,1
211,5,0,3,0.0400120336943441,0.3636418341557347,4,0.0,1
212,5,0,3,0.0845367027677497,0.3805512095318329,4,0.0,2
213,5,0,3,0.0,0.0,5,0.0,1
214,5,0,3,0.0914560770156438,0.0182934167769888,4,0.0,2
215,5,0,3,0.0138387484957882,0.02106149957877,3,0.0,1
216,5,0,3,0.220517448856799,0.0651702972680226,6,0.3333333333333333,0
217,5,0,3,0.0018050541516245,0.0655313515465158,3,0.0,1
218,5,0,3,0.0006016847172081,0.0656517029726802,3,0.0,1
219,5,0,3,0.0102286401925391,0.067697677217475,3,0.0,1
220,5,0,3,0.0093261131167268,0.0695631243230232,3,0.0,1
221,5,0,3,0.217208182912154,0.1130099891683716,6,0.3333333333333333,0
222,5,0,3,0.0021058965102286,0.113431219159947,3,0.0,1
223,5,0,3,0.0123345367027677,0.1158984233963172,3,0.0,1
224,5,0,3,0.0445246690734055,0.1248044289324828,4,0.0,1
225,5,0,3,0.0177496991576413,0.1283547960043326,3,0.0,1
226,5,0,3,0.1158243080625752,0.1515224455409796,2,0.0,0
227,5,0,3,0.02647412755716,0.1568179082922132,4,0.0,1
228,5,0,3,0.036401925391095,0.1640991695751594,4,0.0,1
229,5,0,3,0.000300842358604,0.1641593452882416,3,0.0,1
230,5,0,3,0.0391095066185318,0.1719821879889276,4,0.0,1
231,5,0,3,0.0321901323706377,0.178420989288723,4,0.0,1
232,5,0,3,0.1116125150421179,0.2007461788422193,2,0.0,0
233,5,0,3,0.016546329723225,0.2040558430617403,3,0.0,1
234,5,0,3,0.0436221419975932,0.2127813214586593,4,0.0,1
235,5,0,3,0.000300842358604,0.2128414971717414,3,0.0,1
236,5,0,3,0.0354993983152827,0.219942231315441,4,0.0,1
237,5,0,3,0.0382069795427196,0.2275845468768804,4,0.0,1
238,5,0,3,0.0192539109506618,0.2314357925141413,3,0.0,1
239,5,0,3,0.0,0.2314357925141413,5,0.0,1
240,5,0,3,0.0312876052948255,0.2376940666746901,4,0.0,1
241,5,0,3,0.0610709987966305,0.2499097364303767,4,0.0,2
242,5,0,3,0.0752105896510228,0.2649536647009267,4,0.0,2
243,5,0,3,0.0210589651022864,0.2691659646166807,3,0.0,1
244,5,0,3,0.04632972322503,0.0092670598146588,4,0.0,2
245,5,0,3,0.210589651022864,0.0513900589721988,6,0.3333333333333333,0
246,5,0,3,0.1609506618531889,0.0835840654711758,2,0.0,0
247,5,0,3,0.0,0.0835840654711758,5,0.0,1
248,5,0,3,0.0616726835138387,0.0959200866530268,4,0.0,2
249,5,0,3,0.0273766546329723,0.101396076543507,4,0.0,1
250,5,0,3,0.00661853188929,0.1027199422313154,3,0.0,1
251,5,0,3,0.0051143200962695,0.1037429293537128,3,0.0,1
252,5,0,3,0.0376052948255114,0.1112648934889878,4,0.0,1
253,5,0,3,0.0610709987966305,0.1234805632446744,4,0.0,2
254,5,0,3,0.0445246690734055,0.13238656878084,4,0.0,1
255,5,0,3,0.0237665463297232,0.1371404501143338,4,0.0,1
256,5,0,3,0.0216606498194945,0.1414731014562522,3,0.0,1
257,5,0,3,0.0222623345367027,0.145926104224335,3,0.0,1
258,5,0,3,0.0018050541516245,0.1462871585028282,3,0.0,1
259,5,0,3,0.00661853188929,0.1476110241906366,3,0.0,1
260,5,0,3,0.0246690734055354,0.152545432663377,4,0.0,1
261,5,0,3,0.0604693140794223,0.1646407509928992,4,0.0,2
262,5,0,3,0.0412154031287605,0.1728848236851606,4,0.0,1
263,5,0,3,0.0682912154031287,0.18654471055482,4,0.0,2
264,5,0,3,0.0117328519855595,0.1888915633650258,3,0.0,1
265,5,0,3,0.0168471720818291,0.192261403297629,3,0.0,1
266,5,0,3,0.0709987966305655,0.2064628715850283,4,0.0,2
267,5,0,3,0.0728038507821901,0.2210253941509206,4,0.0,2
268,5,0,3,0.0,0.2210253941509206,5,0.0,1
269,5,0,3,0.0,0.2210253941509206,5,0.0,1
270,5,0,3,0.1398916967509025,0.2490071007341437,2,0.0,0
271,5,0,3,0.0,0.2490071007341437,5,0.0,1
272,5,0,3,0.0,0.2490071007341437,5,0.0,1
273,5,0,3,0.0111311672683513,0.2512336021181851,3,0.0,1
274,5,0,3,0.0120336943441636,0.002407028523288,3,0.0,1
275,5,0,3,0.0021058965102286,0.0028282585148634,3,0.0,1
276,5,0,3,0.003309265944645,0.0034901913587676,3,0.0,1
277,5,0,3,0.0093261131167268,0.0053556384643158,3,0.0,1
278,5,0,3,0.0060168471720818,0.0065591527259598,3,0.0,1
279,5,0,3,0.0069193742478941,0.0079431941268504,3,0.0,1
280,5,0,3,0.0114320096269554,0.010229871223974,3,0.0,1
281,5,0,3,0.0270758122743682,0.015645685401372,4,0.0,1
282,5,0,3,0.0090252707581227,0.017450956793838,3,0.0,1
283,5,0,3,0.0,0.017450956793838,5,0.0,1
284,5,0,3,0.0237665463297232,0.0222048381273318,4,0.0,1
285,5,0,3,0.0,0.0222048381273318,5,0.0,1
286,5,0,3,0.0,0.0222048381273318,5,0.0,1
287,5,0,3,0.0243682310469314,0.02707907088699,4,0.0,1
288,5,0,3,0.0,0.02707907088699,5,0.0,1
289,5,0,3,0.0,0.02707907088699,5,0.0,1
290,5,0,3,0.0048134777376654,0.0280418822963052,3,0.0,1
291,5,0,3,0.0376052948255114,0.0355638464315802,4,0.0,1
292,5,0,3,0.0,0.0355638464315802,5,0.0,1
293,5,0,3,0.0009025270758122,0.0357443735708268,3,0.0,1
294,5,0,3,0.003309265944645,0.036406306414731,3,0.0,1
295,5,0,3,0.0081227436823104,0.0380310506679504,3,0.0,1
296,5,0,3,0.0,0.0380310506679504,5,0.0,1
297,5,0,3,0.0424187725631768,0.0465158262125406,4,0.0,1
298,5,0,3,0.0391095066185318,0.0543386689132266,4,0.0,1
299,5,0,3,0.0391095066185318,0.0621615116139126,4,0.0,1
300,5,0,3,0.03309265944645,0.0687808400529546,4,0.0,1
301,5,0,3,0.0039109506618531,0.0695631243230232,3,0.0,1
302,5,0,3,0.0285800240673886,0.0752798170658322,4,0.0,1
303,5,0,3,0.0111311672683513,0.0775063184498736,3,0.0,1
304,5,0,3,0.0156438026474127,0.080635455530148,3,0.0,1
305,5,0,3,0.0,0.0,5,0.0,1
306,5,0,3,0.0,0.0,5,0.0,1
307,5,0,3,0.0,0.0,5,0.0,1
308,5,0,3,0.0,0.0,5,0.0,1
309,5,0,3,0.0183513838748495,0.0036707184980142,3,0.0,1
310,5,0,3,0.0,0.0036707184980142,5,0.0,1
311,5,0,3,0.009927797833935,0.0056565170297268,3,0.0,1
312,5,0,3,0.0,0.0056565170297268,5,0.0,1
313,5,0,3,0.0,0.0056565170297268,5,0.0,1
314,5,0,3,0.0021058965102286,0.0060777470213022,3,0.0,1
315,5,0,3,0.0,0.0060777470213022,5,0.0,1
316,5,0,3,0.0,0.0060777470213022,5,0.0,1
317,5,0,3,0.0039109506618531,0.0068600312913708,3,0.0,1
318,5,0,3,0.0,0.0068600312913708,5,0.0,1
319,5,0,3,0.0,0.0068600312913708,5,0.0,1
320,5,0,3,0.0,0.0068600312913708,5,0.0,1
321,5,0,3,0.0,0.0068600312913708,5,0.0,1
322,5,0,3,0.0,0.0068600312913708,5,0.0,1
323,5,0,3,0.0466305655836341,0.0161872668191118,4,0.0,2
324,5,0,3,0.0,0.0161872668191118,5,0.0,1
325,5,0,3,0.0,0.0161872668191118,5,0.0,1
326,5,0,3,0.0,0.0161872668191118,5,0.0,1
327,5,0,3,0.0,0.0161872668191118,5,0.0,1
328,5,0,3,0.0,0.0161872668191118,5,0.0,1
329,5,0,3,0.0135379061371841,0.0188951739078108,3,0.0,1
330,5,0,3,0.00661853188929,0.0202190395956192,3,0.0,1
331,5,0,3,0.0042117930204572,0.02106149957877,3,0.0,1
332,5,0,3,0.0,0.02106149957877,5,0.0,1
333,5,0,3,0.0168471720818291,0.0244313395113732,3,0.0,1
334,5,0,3,0.0138387484957882,0.0271994223131544,3,0.0,1
335,5,0,3,0.0,0.0,5,0.0,1
336,5,0,3,0.0,0.0,5,0.0,1
337,5,0,3,0.0,0.0,5,0.0,1
338,5,0,3,0.0,0.0,5,0.0,1
339,5,0,3,0.0439229843561973,0.0087856541100012,4,0.0,1
340,5,0,3,0.0,0.0087856541100012,5,0.0,1
341,5,0,3,0.0,0.0087856541100012,5,0.0,1
342,5,0,3,0.0,0.0087856541100012,5,0.0,1
343,5,0,3,0.0,0.0087856541100012,5,0.0,1
344,5,0,3,0.0,0.0087856541100012,5,0.0,1
345,5,0,3,0.0,0.0087856541100012,5,0.0,1
346,5,0,3,0.0,0.0087856541100012,5,0.0,1
347,5,0,3,0.0,0.0087856541100012,5,0.0,1
348,5,0,3,0.00661853188929,0.0101095197978096,3,0.0,1
349,5,0,3,0.0,0.0101095197978096,5,0.0,1
350,5,0,3,0.0,0.0101095197978096,5,0.0,1
351,5,0,3,0.0,0.0101095197978096,5,0.0,1
352,5,0,3,0.0,0.0101095197978096,5,0.0,1
353,5,0,3,0.0,0.0101095197978096,5,0.0,1
354,5,0,3,0.0,0.0101095197978096,5,0.0,1
355,5,0,3,0.0,0.0101095197978096,5,0.0,1
356,5,0,3,0.0,0.0101095197978096,5,0.0,1
357,5,0,3,0.0093261131167268,0.0119749669033578,3,0.0,1
358,5,0,3,0.0,0.0119749669033578,5,0.0,1
359,5,0,3,0.0,0.0119749669033578,5,0.0,1
360,5,0,3,0.0,0.0119749669033578,5,0.0,1
361,5,0,3,0.0009025270758122,0.0121554940426044,3,0.0,1
362,5,0,3,0.0,0.0121554940426044,5,0.0,1
363,5,0,3,0.0,0.0121554940426044,5,0.0,1
364,5,0,3,0.0,0.0121554940426044,5,0.0,1
365,5,0,3,0.0,0.0121554940426044,5,0.0,1
366,5,0,2,0.0,0.0,5,0.0,1
367,5,0,2,0.0,0.0,5,0.0,1
368,5,0,2,0.0,0.0,5,0.0,1
369,5,0,2,0.0,0.0,5,0.0,1
370,5,0,2,0.0,0.0,5,0.0,1
371,5,0,2,0.0,0.0,5,0.0,1
372,5,0,2,0.0,0.0,5,0.0,1
373,5,0,2,0.0,0.0,5,0.0,1
374,5,0,2,0.0,0.0,5,0.0,1
375,5,0,2,0.0,0.0,5,0.0,1
376,5,0,2,0.0,0.0,5,0.0,1
377,5,0,2,0.0,0.0,5,0.0,1
378,5,0,2,0.0,0.0,5,0.0,1
379,5,0,2,0.0,0.0,5,0.0,1
380,5,0,2,0.0246690734055354,0.0049344084727404,4,0.0,1
381,5,0,2,0.0,0.0049344084727404,5,0.0,1
382,5,0,2,0.0,0.0049344084727404,5,0.0,1
383,5,0,2,0.0,0.0049344084727404,5,0.0,1
384,5,0,2,0.0,0.0049344084727404,5,0.0,1
385,5,0,2,0.0,0.0049344084727404,5,0.0,1
386,5,0,2,0.0,0.0049344084727404,5,0.0,1
387,5,0,2,0.0,0.0049344084727404,5,0.0,1
388,5,0,2,0.0,0.0049344084727404,5,0.0,1
389,5,0,2,0.0,0.0049344084727404,5,0.0,1
390,5,0,2,0.0,0.0049344084727404,5,0.0,1
391,5,0,2,0.0,0.0049344084727404,5,0.0,1
392,5,0,2,0.0243682310469314,0.0098086412323986,4,0.0,1
393,5,0,2,0.0,0.0098086412323986,5,0.0,1
394,5,0,2,0.0,0.0098086412323986,5,0.0,1
395,5,0,2,0.0,0.0098086412323986,5,0.0,1
396,5,0,2,0.0,0.0098086412323986,5,0.0,1
397,5,0,2,0.0108303249097472,0.0021663256709592,3,0.0,1
398,5,0,2,0.0,0.0021663256709592,5,0.0,1
399,5,0,2,0.0,0.0021663256709592,5,0.0,1
400,5,0,2,0.0,0.0021663256709592,5,0.0,1
401,5,0,2,0.0,0.0021663256709592,5,0.0,1
402,5,0,2,0.0,0.0021663256709592,5,0.0,1
403,5,0,2,0.0,0.0021663256709592,5,0.0,1
404,5,0,2,0.0,0.0021663256709592,5,0.0,1
405,5,0,2,0.0,0.0021663256709592,5,0.0,1
406,5,0,2,0.0,0.0021663256709592,5,0.0,1
407,5,0,2,0.0,0.0021663256709592,5,0.0,1
408,5,0,2,0.0,0.0021663256709592,5,0.0,1
409,5,0,2,0.0,0.0021663256709592,5,0.0,1
410,5,0,2,0.0,0.0021663256709592,5,0.0,1
411,5,0,2,0.0,0.0021663256709592,5,0.0,1
412,5,0,2,0.0,0.0021663256709592,5,0.0,1
413,5,0,2,0.0,0.0021663256709592,5,0.0,1
414,5,0,2,0.0,0.0021663256709592,5,0.0,1
415,5,0,2,0.0351985559566787,0.0092068841015766,4,0.0,1
416,5,0,2,0.0,0.0092068841015766,5,0.0,1
417,5,0,2,0.0,0.0092068841015766,5,0.0,1
418,5,0,2,0.0,0.0092068841015766,5,0.0,1
419,5,0,2,0.0,0.0092068841015766,5,0.0,1
420,5,0,2,0.0,0.0092068841015766,5,0.0,1
421,5,0,2,0.0,0.0092068841015766,5,0.0,1
422,5,0,2,0.0,0.0092068841015766,5,0.0,1
423,5,0,2,0.0367027677496991,0.016548321097605,4,0.0,1
424,5,0,2,0.0,0.016548321097605,5,0.0,1
425,5,0,2,0.0,0.0,5,0.0,1
426,5,0,2,0.0,0.0,5,0.0,1
427,5,0,2,0.0,0.0,5,0.0,1
428,5,0,2,0.0,0.0,5,0.0,1
429,5,0,2,0.0,0.0,5,0.0,1
430,5,0,2,0.0,0.0,5,0.0,1
431,5,0,2,0.0,0.0,5,0.0,1
432,5,0,2,0.0,0.0,5,0.0,1
433,5,0,2,0.0382069795427196,0.0076423155614394,4,0.0,1
434,5,0,2,0.0,0.0076423155614394,5,0.0,1
435,5,0,2,0.0,0.0076423155614394,5,0.0,1
436,5,0,2,0.0,0.0076423155614394,5,0.0,1
437,5,0,2,0.0,0.0076423155614394,5,0.0,1
438,5,0,2,0.0,0.0076423155614394,5,0.0,1
439,5,0,2,0.0,0.0076423155614394,5,0.0,1
440,5,0,2,0.0309867629362214,0.013840414008906,4,0.0,1
441,5,0,2,0.0324909747292418,0.0203393910217836,4,0.0,1
442,5,0,2,0.0,0.0203393910217836,5,0.0,1
443,5,0,2,0.0,0.0203393910217836,5,0.0,1
444,5,0,2,0.0,0.0203393910217836,5,0.0,1
445,5,0,2,0.0,0.0203393910217836,5,0.0,1
446,5,0,2,0.0851383874849578,0.0373691178240462,4,0.0,2
447,5,0,2,0.0,0.0373691178240462,5,0.0,1
448,5,0,2,0.0,0.0373691178240462,5,0.0,1
449,5,0,2,0.0,0.0373691178240462,5,0.0,1
450,5,0,2,0.0,0.0373691178240462,5,0.0,1
451,5,0,2,0.0,0.0373691178240462,5,0.0,1
452,5,0,2,0.0,0.0373691178240462,5,0.0,1
453,5,0,2,0.0583634175691937,0.049043206161993,4,0.0,2
454,5,0,2,0.0,0.049043206161993,5,0.0,1
455,5,0,2,0.0,0.049043206161993,5,0.0,1
456,5,0,2,0.01323706377858,0.0026477313756168,3,0.0,1
457,5,0,2,0.0,0.0026477313756168,5,0.0,1
458,5,0,2,0.0,0.0026477313756168,5,0.0,1
459,5,0,2,0.0,0.0026477313756168,5,0.0,1
460,5,0,2,0.0,0.0026477313756168,5,0.0,1
461,5,0,2,0.0,0.0026477313756168,5,0.0,1
462,5,0,2,0.0282791817087845,0.0083042484053436,4,0.0,1
463,5,0,2,0.0,0.0083042484053436,5,0.0,1
464,5,0,2,0.0,0.0083042484053436,5,0.0,1
465,5,0,2,0.0,0.0083042484053436,5,0.0,1
466,5,0,2,0.0,0.0083042484053436,5,0.0,1
467,5,0,2,0.0,0.0083042484053436,5,0.0,1
468,5,0,2,0.0018050541516245,0.0086653026838368,3,0.0,1
469,5,0,2,0.0,0.0086653026838368,5,0.0,1
470,5,0,2,0.0,0.0086653026838368,5,0.0,1
471,5,0,2,0.0,0.0086653026838368,5,0.0,1
472,5,0,2,0.0,0.0086653026838368,5,0.0,1
473,5,0,2,0.0,0.0086653026838368,5,0.0,1
474,5,0,2,0.0,0.0086653026838368,5,0.0,1
475,5,0,2,0.0,0.0086653026838368,5,0.0,1
476,5,0,2,0.0,0.0086653026838368,5,0.0,1
477,5,0,2,0.0024067388688327,0.0091467083884944,3,0.0,1
478,5,0,2,0.0,0.0091467083884944,5,0.0,1
479,5,0,2,0.0,0.0091467083884944,5,0.0,1
480,5,0,2,0.0,0.0091467083884944,5,0.0,1
481,5,0,2,0.0,0.0091467083884944,5,0.0,1
482,5,0,2,0.0,0.0091467083884944,5,0.0,1
483,5,0,2,0.0,0.0091467083884944,5,0.0,1
484,5,0,2,0.0,0.0091467083884944,5,0.0,1
485,5,0,2,0.0595667870036101,0.02106149957877,4,0.0,2
486,5,0,2,0.0400120336943441,0.0080033698399326,4,0.0,1
487,5,0,2,0.0246690734055354,0.012937778312673,4,0.0,1
488,5,0,2,0.003309265944645,0.0135997111565772,3,0.0,1
489,5,0,2,0.0294825511432009,0.0194969310386328,4,0.0,1
490,5,0,2,0.0,0.0194969310386328,5,0.0,1
491,5,0,2,0.0240673886883273,0.0243109880852088,4,0.0,1
492,5,0,2,0.0252707581227436,0.0293657479841136,4,0.0,1
493,5,0,2,0.0,0.0293657479841136,5,0.0,1
494,5,0,2,0.0,0.0293657479841136,5,0.0,1
495,5,0,2,0.0177496991576413,0.0329161150559634,3,0.0,1
496,5,0,2,0.1170276774969915,0.0563244674449392,2,0.0,0
497,5,0,2,0.0,0.0563244674449392,5,0.0,1
498,5,0,2,0.0400120336943441,0.0643278372848718,4,0.0,1
499,5,0,2,0.0,0.0643278372848718,5,0.0,1
500,5,0,2,0.00661853188929,0.0656517029726802,3,0.0,1
501,5,0,2,0.0,0.0656517029726802,5,0.0,1
502,5,0,2,0.0,0.0656517029726802,5,0.0,1
503,5,0,2,0.0,0.0656517029726802,5,0.0,1
504,5,0,2,0.0,0.0656517029726802,5,0.0,1
505,5,0,2,0.0,0.0656517029726802,5,0.0,1
506,5,0,2,0.0,0.0656517029726802,5,0.0,1
507,5,0,2,0.0087244283995186,0.067396798652064,3,0.0,1
508,5,0,2,0.1227436823104693,0.0919484895896016,2,0.0,0
509,5,0,2,0.0,0.0919484895896016,5,0.0,1
510,5,0,2,0.0,0.0919484895896016,5,0.0,1
511,5,0,2,0.009927797833935,0.0939342881213142,3,0.0,1
512,5,0,2,0.0,0.0939342881213142,5,0.0,1
513,5,0,2,0.0,0.0939342881213142,5,0.0,1
514,5,0,2,0.0,0.0939342881213142,5,0.0,1
515,5,0,2,0.0258724428399518,0.0991093994463834,4,0.0,1
516,5,0,2,0.0391095066185318,0.1069322421470694,4,0.0,1
517,5,0,2,0.0252707581227436,0.0050547598989048,4,0.0,1
518,5,0,2,0.0406137184115523,0.0131784811650018,4,0.0,1
519,5,0,2,0.0201564380264741,0.0172102539415092,3,0.0,1
520,5,0,2,0.0457280385078219,0.0263569623300036,4,0.0,2
521,5,0,2,0.0150421179302045,0.0293657479841136,3,0.0,1
522,5,0,2,0.0800240673886883,0.0453724876639788,4,0.0,2
523,5,0,2,0.2214199759326113,0.089661812492478,6,0.3333333333333333,0
524,5,0,2,0.0177496991576413,0.0932121795643278,3,0.0,1
525,5,0,2,0.0,0.0932121795643278,5,0.0,1
526,5,0,2,0.2129963898916967,0.1358165844265254,6,0.3333333333333333,0
527,5,0,2,0.0830324909747292,0.1524250812372126,4,0.0,2
528,5,0,2,0.0394103489771359,0.1603080996509808,4,0.0,1
529,5,0,2,0.1107099879663056,0.1824527620652304,2,0.0,0
530,5,0,2,0.161251504211793,0.2147069442772896,2,0.0,0
531,5,0,2,0.151624548736462,0.2450355036707185,2,0.0,0
532,5,0,2,0.0111311672683513,0.2472620050547598,3,0.0,1
533,5,0,2,0.0102286401925391,0.2493079792995547,3,0.0,1
534,5,0,2,0.0042117930204572,0.2501504392827055,3,0.0,1
535,5,0,2,0.0336943441636582,0.2568901191479119,4,0.0,1
536,5,0,2,0.1016847172081829,0.2772295101696955,4,0.0,2
537,5,0,2,0.0048134777376654,0.2781923215790107,3,0.0,1
538,5,0,2,0.0048134777376654,0.2791551329883259,3,0.0,1
539,5,0,2,0.2554151624548736,0.3302443133951137,6,0.3333333333333333,0
540,5,0,2,0.0911552346570397,0.3484775544590203,4,0.0,2
541,5,0,2,0.1413959085439229,0.3767601396076543,2,0.0,0
542,5,0,2,0.0,0.3767601396076543,5,0.0,1
543,5,0,2,0.0706979542719614,0.3909014321819714,4,0.0,2
544,5,0,2,0.0,0.3909014321819714,5,0.0,1
545,5,0,2,0.1272563176895307,0.4163557588157419,2,0.0,0
546,5,0,2,0.0051143200962695,0.4173787459381394,3,0.0,1
547,5,0,2,0.0,0.0,5,0.0,1
548,5,0,2,0.0,0.0,5,0.0,1
549,5,0,2,0.0,0.0,5,0.0,1
550,5,0,2,0.1564380264741275,0.031291370802744,2,0.0,0
551,5,0,2,0.0,0.031291370802744,5,0.0,1
552,5,0,2,0.0024067388688327,0.0317727765074016,3,0.0,1
553,5,0,2,0.00661853188929,0.03309664219521,3,0.0,1
554,5,0,2,0.1227436823104693,0.0576483331327476,2,0.0,0
555,5,0,2,0.1197352587244283,0.0815982669394632,2,0.0,0
556,5,0,2,0.0234657039711191,0.0862919725598748,4,0.0,1
557,5,0,2,0.0,0.0862919725598748,5,0.0,1
558,5,0,2,0.0051143200962695,0.0873149596822722,3,0.0,1
559,5,0,2,0.0012033694344163,0.087555662534601,3,0.0,1
560,5,0,2,0.0045126353790613,0.088458298230834,3,0.0,1
561,5,0,2,0.0279783393501805,0.0940546395474786,4,0.0,1
562,5,0,2,0.0712996389891696,0.10831628354796,4,0.0,2
563,5,0,2,0.0,0.10831628354796,5,0.0,1
564,5,0,2,0.0159446450060168,0.1115055963413166,3,0.0,1
565,5,0,2,0.0550541516245487,0.1225177518353592,4,0.0,2
566,5,0,2,0.0640794223826714,0.1353351787218678,4,0.0,2
567,5,0,2,0.0391095066185318,0.1431580214225538,4,0.0,1
568,5,0,2,0.0207581227436823,0.1473101456252256,3,0.0,1
569,5,0,2,0.0962695547533092,0.1665663738115296,4,0.0,2
570,5,0,2,0.0294825511432009,0.1724635936935852,4,0.0,1
571,5,0,2,0.055956678700361,0.1836562763268744,4,0.0,2
572,5,0,2,0.1182310469314079,0.207305331568179,2,0.0,0
573,5,0,2,0.0836341756919374,0.2240341798050306,4,0.0,2
574,5,0,2,0.0481347773766546,0.2336622938981827,4,0.0,2
575,5,0,2,0.1799037304452466,0.2696473703213383,2,0.0,0
576,5,0,2,0.0743080625752106,0.2845107714526417,4,0.0,2
577,5,0,2,0.0980746089049338,0.3041280539174389,4,0.0,2
578,5,0,2,0.0845367027677497,0.0169093753760982,4,0.0,2
579,5,0,2,0.016546329723225,0.0202190395956192,3,0.0,1
580,5,0,2,0.0385078219013237,0.0279215308701408,4,0.0,1
581,5,0,2,0.0977737665463297,0.0474786376218558,4,0.0,2
582,5,0,2,0.0129362214199759,0.0500661932843904,3,0.0,1
583,5,0,2,0.1272563176895307,0.075520519918161,2,0.0,0
584,5,0,2,0.0481347773766546,0.085148634011313,4,0.0,2
585,5,0,2,0.0051143200962695,0.0861716211337104,3,0.0,1
586,5,0,2,0.02647412755716,0.091467083884944,4,0.0,1
587,5,0,2,0.0294825511432009,0.0973643037669996,4,0.0,1
588,5,0,2,0.0,0.0973643037669996,5,0.0,1
589,5,0,2,0.0478339350180505,0.1069322421470694,4,0.0,2
590,5,0,2,0.0944645006016847,0.1258274160548802,4,0.0,2
591,5,0,2,0.0141395908543922,0.1286556745697436,3,0.0,1
592,5,0,2,0.0333935018050541,0.1353351787218678,4,0.0,1
593,5,0,2,0.0803249097472924,0.1514020941148152,4,0.0,2
594,5,0,2,0.0577617328519855,0.1629558310265976,4,0.0,2
595,5,0,2,0.0917569193742479,0.1813094235166686,4,0.0,2
596,5,0,2,0.0267749699157641,0.1866650619809844,4,0.0,1
597,5,0,2,0.0740072202166065,0.2014682873992057,4,0.0,2
598,5,0,2,0.1931407942238267,0.2401010951979781,2,0.0,0
599,5,0,2,0.0,0.2401010951979781,5,0.0,1
600,5,0,2,0.0,0.2401010951979781,5,0.0,1
601,5,0,2,0.0054151624548736,0.2411842580334577,3,0.0,1
602,5,0,2,0.2382671480144404,0.2888434227945601,6,0.3333333333333333,0
603,5,0,2,0.0550541516245487,0.2998555782886027,4,0.0,2
604,5,0,2,0.0,0.2998555782886027,5,0.0,1
605,5,0,2,0.0159446450060168,0.3030448910819593,3,0.0,1
606,5,0,2,0.0006016847172081,0.3031652425081237,3,0.0,1
607,5,0,2,0.0361010830324909,0.3103863280779876,4,0.0,1
608,5,0,2,0.0090252707581227,0.3121915994704536,3,0.0,1
609,5,0,2,0.2346570397111913,0.046937056204116,6,0.3333333333333333,0
610,5,0,2,0.0117328519855595,0.0492839090143218,3,0.0,1
611,5,0,2,0.0123345367027677,0.051751113250692,3,0.0,1
612,5,0,2,0.0815282791817088,0.0680587314959682,4,0.0,2
613,5,0,2,0.0216606498194945,0.0723913828378866,3,0.0,1
614,5,0,2,0.1714801444043321,0.1066915392947406,2,0.0,0
615,5,0,2,0.0682912154031287,0.1203514261644,4,0.0,2
616,5,0,2,0.0427196149217809,0.1288963774220724,4,0.0,1
617,5,0,2,0.0,0.1288963774220724,5,0.0,1
618,5,0,2,0.0009025270758122,0.129076904561319,3,0.0,1
619,5,0,2,0.0379061371841155,0.1366590444096762,4,0.0,1
620,5,0,2,0.4043321299638989,0.217535202792153,1,0.6666666666666666,0
621,5,0,2,0.1344765342960289,0.2444337465398965,2,0.0,0
622,5,0,2,0.1128158844765343,0.2669996389457215,2,0.0,0
623,5,0,2,0.0706979542719614,0.2811409315200385,4,0.0,2
624,5,0,2,0.0024067388688327,0.2816223372246961,3,0.0,1
625,5,0,2,0.0111311672683513,0.2838488386087375,3,0.0,1
626,5,0,2,0.0042117930204572,0.2846912985918883,3,0.0,1
627,5,0,2,0.1465102286401925,0.3139968708629196,2,0.0,0
628,5,0,2,0.0373044524669073,0.3214586592851125,4,0.0,1
629,5,0,2,0.1122141997593261,0.3439042002647731,2,0.0,0
630,5,0,2,0.0216606498194945,0.3482368516066915,3,0.0,1
631,5,0,2,0.0204572803850782,0.3523288000962811,3,0.0,1
632,5,0,2,0.1143200962695547,0.3751955710675171,2,0.0,0
633,5,0,2,0.0084235860409145,0.3768804910338187,3,0.0,1
634,5,0,2,0.016546329723225,0.3801901552533397,3,0.0,1
635,5,0,2,0.2235258724428399,0.4249007100734143,6,0.3333333333333333,0
636,5,0,2,0.1353790613718411,0.4519797809604043,2,0.0,0
637,5,0,2,0.04632972322503,0.4612468407750631,4,0.0,2
638,5,0,2,0.0,0.4612468407750631,5,0.0,1
639,5,0,2,0.0,0.0,5,0.0,1
640,5,0,2,0.0,0.0,5,0.0,1
641,5,0,2,0.036401925391095,0.0072812612829462,4,0.0,1
642,5,0,2,0.0,0.0072812612829462,5,0.0,1
643,5,0,2,0.0556558363417569,0.0184137682031532,4,0.0,2
644,5,0,2,0.0042117930204572,0.019256228186304,3,0.0,1
645,5,0,2,0.0012033694344163,0.0194969310386328,3,0.0,1
646,5,0,2,0.0,0.0194969310386328,5,0.0,1
647,5,0,2,0.0084235860409145,0.0211818510049344,3,0.0,1
648,5,0,2,0.0057160048134777,0.0223251895534962,3,0.0,1
649,5,0,2,0.0,0.0223251895534962,5,0.0,1
650,5,0,2,0.0306859205776173,0.0284631122878806,4,0.0,1
651,5,0,2,0.0,0.0284631122878806,5,0.0,1
652,5,0,2,0.0081227436823104,0.0300878565411,3,0.0,1
653,5,0,2,0.0315884476534296,0.036406306414731,4,0.0,1
654,5,0,2,0.0351985559566787,0.0434468648453484,4,0.0,1
655,5,0,2,0.02647412755716,0.048742327596582,4,0.0,1
656,5,0,2,0.0550541516245487,0.0597544830906246,4,0.0,2
657,5,0,2,0.0057160048134777,0.0608978216391864,3,0.0,1
658,5,0,2,0.0249699157641395,0.065892405825009,4,0.0,1
659,5,0,2,0.0120336943441636,0.068299434348297,3,0.0,1
660,5,0,2,0.0,0.068299434348297,5,0.0,1
661,5,0,2,0.0514440433212996,0.0785894812853532,4,0.0,2
662,5,0,2,0.0321901323706377,0.0850282825851486,4,0.0,1
663,5,0,2,0.0171480144404332,0.088458298230834,3,0.0,1
664,5,0,2,0.0,0.088458298230834,5,0.0,1
665,5,0,2,0.0090252707581227,0.0902635696233,3,0.0,1
666,5,0,2,0.0,0.0902635696233,5,0.0,1
667,5,0,2,0.0712996389891696,0.1045252136237814,4,0.0,2
668,5,0,2,0.0069193742478941,0.105909255024672,3,0.0,1
669,5,0,2,0.1089049338146811,0.1276928631604284,2,0.0,0
670,5,0,2,0.0123345367027677,0.0024672042363702,3,0.0,1
671,5,0,2,0.0339951865222623,0.0092670598146588,4,0.0,1
672,5,0,2,0.0481347773766546,0.0188951739078108,4,0.0,2
673,5,0,2,0.0,0.0188951739078108,5,0.0,1
674,5,0,2,0.0,0.0188951739078108,5,0.0,1
675,5,0,2,0.0,0.0188951739078108,5,0.0,1
676,5,0,2,0.0,0.0188951739078108,5,0.0,1
677,5,0,2,0.0,0.0188951739078108,5,0.0,1
678,5,0,2,0.0213598074608904,0.023167649536647,3,0.0,1
679,5,0,2,0.0,0.023167649536647,5,0.0,1
680,5,0,2,0.0,0.023167649536647,5,0.0,1
681,5,0,2,0.0075210589651022,0.024672042363702,3,0.0,1
682,5,0,2,0.0,0.024672042363702,5,0.0,1
683,5,0,2,0.0039109506618531,0.0254543266337706,3,0.0,1
684,5,0,2,0.0,0.0254543266337706,5,0.0,1
685,5,0,2,0.0,0.0254543266337706,5,0.0,1
686,5,0,2,0.0,0.0254543266337706,5,0.0,1
687,5,0,2,0.0,0.0254543266337706,5,0.0,1
688,5,0,2,0.0,0.0254543266337706,5,0.0,1
689,5,0,2,0.0661853188929001,0.0386929835118546,4,0.0,2
690,5,0,2,0.0072202166064981,0.0401372006258274,3,0.0,1
691,5,0,2,0.0415162454873646,0.048441449031171,4,0.0,1
692,5,0,2,0.0,0.048441449031171,5,0.0,1
693,5,0,2,0.0,0.048441449031171,5,0.0,1
694,5,0,2,0.0,0.048441449031171,5,0.0,1
695,5,0,2,0.0006016847172081,0.0485618004573354,3,0.0,1
696,5,0,2,0.0,0.0485618004573354,5,0.0,1
697,5,0,2,0.0,0.0485618004573354,5,0.0,1
698,5,0,2,0.0159446450060168,0.051751113250692,3,0.0,1
699,5,0,2,0.0177496991576413,0.0553014803225418,3,0.0,1
700,5,0,2,0.0,0.0,5,0.0,1
701,5,0,2,0.0,0.0,5,0.0,1
702,5,0,2,0.0,0.0,5,0.0,1
703,5,0,2,0.0,0.0,5,0.0,1
704,5,0,2,0.0,0.0,5,0.0,1
705,5,0,2,0.0,0.0,5,0.0,1
706,5,0,2,0.0,0.0,5,0.0,1
707,5,0,2,0.0,0.0,5,0.0,1
708,5,0,2,0.0,0.0,5,0.0,1
709,5,0,2,0.0,0.0,5,0.0,1
710,5,0,2,0.0060168471720818,0.001203514261644,3,0.0,1
711,5,0,2,0.0,0.001203514261644,5,0.0,1
712,5,0,2,0.0,0.001203514261644,5,0.0,1
713,5,0,2,0.0,0.001203514261644,5,0.0,1
714,5,0,2,0.0,0.001203514261644,5,0.0,1
715,5,0,2,0.0,0.001203514261644,5,0.0,1
716,5,0,2,0.0,0.001203514261644,5,0.0,1
717,5,0,2,0.0,0.001203514261644,5,0.0,1
718,5,0,2,0.0,0.001203514261644,5,0.0,1
719,5,0,2,0.0,0.001203514261644,5,0.0,1
720,5,0,2,0.0,0.001203514261644,5,0.0,1
721,5,0,2,0.0141395908543922,0.0040317727765074,3,0.0,1
722,5,0,2,0.0,0.0040317727765074,5,0.0,1
723,5,0,2,0.0,0.0040317727765074,5,0.0,1
724,5,0,2,0.0,0.0040317727765074,5,0.0,1
725,5,0,2,0.0,0.0040317727765074,5,0.0,1
726,5,0,2,0.0,0.0040317727765074,5,0.0,1
727,5,0,2,0.0288808664259927,0.0098086412323986,4,0.0,1
728,5,0,2,0.0,0.0098086412323986,5,0.0,1
729,5,0,2,0.0,0.0098086412323986,5,0.0,1
730,5,0,2,0.0,0.0098086412323986,5,0.0,1
731,5,0,0,0.0,0.0,5,0.0,1
732,5,0,0,0.0,0.0,5,0.0,1
733,5,0,0,0.0,0.0,5,0.0,1
734,5,0,0,0.0,0.0,5,0.0,1
735,5,0,0,0.0,0.0,5,0.0,1
736,5,0,0,0.0,0.0,5,0.0,1
737,5,0,0,0.0,0.0,5,0.0,1
738,5,0,0,0.0,0.0,5,0.0,1
739,5,0,0,0.0,0.0,5,0.0,1
740,5,0,0,0.0,0.0,5,0.0,1
741,5,0,0,0.0,0.0,5,0.0,1
742,5,0,0,0.0,0.0,5,0.0,1
743,5,0,0,0.0,0.0,5,0.0,1
744,5,0,0,0.0,0.0,5,0.0,1
745,5,0,0,0.0,0.0,5,0.0,1
746,5,0,0,0.0,0.0,5,0.0,1
747,5,0,0,0.0,0.0,5,0.0,1
748,5,0,0,0.0,0.0,5,0.0,1
749,5,0,0,0.0,0.0,5,0.0,1
750,5,0,0,0.0,0.0,5,0.0,1
751,5,0,0,0.0,0.0,5,0.0,1
752,5,0,0,0.0,0.0,5,0.0,1
753,5,0,0,0.0,0.0,5,0.0,1
754,5,0,0,0.0,0.0,5,0.0,1
755,5,0,0,0.0,0.0,5,0.0,1
756,5,0,0,0.0,0.0,5,0.0,1
757,5,0,0,0.0,0.0,5,0.0,1
758,5,0,0,0.0,0.0,5,0.0,1
759,5,0,0,0.0,0.0,5,0.0,1
760,5,0,0,0.0,0.0,5,0.0,1
761,5,0,0,0.0,0.0,5,0.0,1
762,5,0,0,0.0,0.0,5,0.0,1
763,5,0,0,0.0,0.0,5,0.0,1
764,5,0,0,0.0,0.0,5,0.0,1
765,5,0,0,0.0,0.0,5,0.0,1
766,5,0,0,0.0,0.0,5,0.0,1
767,5,0,0,0.0,0.0,5,0.0,1
768,5,0,0,0.0,0.0,5,0.0,1
769,5,0,0,0.0,0.0,5,0.0,1
770,5,0,0,0.0,0.0,5,0.0,1
771,5,0,0,0.0,0.0,5,0.0,1
772,5,0,0,0.0,0.0,5,0.0,1
773,5,0,0,0.0,0.0,5,0.0,1
774,5,0,0,0.0,0.0,5,0.0,1
775,5,0,0,0.0,0.0,5,0.0,1
776,5,0,0,0.0,0.0,5,0.0,1
777,5,0,0,0.0,0.0,5,0.0,1
778,5,0,0,0.0,0.0,5,0.0,1
779,5,0,0,0.0,0.0,5,0.0,1
780,5,0,0,0.0,0.0,5,0.0,1
781,5,0,0,0.0,0.0,5,0.0,1
782,5,0,0,0.0,0.0,5,0.0,1
783,5,0,0,0.0,0.0,5,0.0,1
784,5,0,0,0.0,0.0,5,0.0,1
785,5,0,0,0.0,0.0,5,0.0,1
786,5,0,0,0.0,0.0,5,0.0,1
787,5,0,0,0.0,0.0,5,0.0,1
788,5,0,0,0.0054151624548736,0.0010831628354796,3,0.0,1
789,5,0,0,0.0,0.0010831628354796,5,0.0,1
790,5,0,0,0.0,0.0,5,0.0,1
791,5,0,0,0.0,0.0,5,0.0,1
792,5,0,0,0.0,0.0,5,0.0,1
793,5,0,0,0.0,0.0,5,0.0,1
794,5,0,0,0.0,0.0,5,0.0,1
795,5,0,0,0.0,0.0,5,0.0,1
796,5,0,0,0.0,0.0,5,0.0,1
797,5,0,0,0.0,0.0,5,0.0,1
798,5,0,0,0.0,0.0,5,0.0,1
799,5,0,0,0.0,0.0,5,0.0,1
800,5,0,0,0.0,0.0,5,0.0,1
801,5,0,0,0.0,0.0,5,0.0,1
802,5,0,0,0.0,0.0,5,0.0,1
803,5,0,0,0.0,0.0,5,0.0,1
804,5,0,0,0.0,0.0,5,0.0,1
805,5,0,0,0.0,0.0,5,0.0,1
806,5,0,0,0.0,0.0,5,0.0,1
807,5,0,0,0.0,0.0,5,0.0,1
808,5,0,0,0.0,0.0,5,0.0,1
809,5,0,0,0.0,0.0,5,0.0,1
810,5,0,0,0.0,0.0,5,0.0,1
811,5,0,0,0.0,0.0,5,0.0,1
812,5,0,0,0.0,0.0,5,0.0,1
813,5,0,0,0.0,0.0,5,0.0,1
814,5,0,0,0.0,0.0,5,0.0,1
815,5,0,0,0.0,0.0,5,0.0,1
816,5,0,0,0.0,0.0,5,0.0,1
817,5,0,0,0.0,0.0,5,0.0,1
818,5,0,0,0.0,0.0,5,0.0,1
819,5,0,0,0.0,0.0,5,0.0,1
820,5,0,0,0.0,0.0,5,0.0,1
821,5,0,0,0.0,0.0,5,0.0,1
822,5,0,0,0.0,0.0,5,0.0,1
823,5,0,0,0.0,0.0,5,0.0,1
824,5,0,0,0.0,0.0,5,0.0,1
825,5,0,0,0.0,0.0,5,0.0,1
826,5,0,0,0.0,0.0,5,0.0,1
827,5,0,0,0.0,0.0,5,0.0,1
828,5,0,0,0.0009025270758122,0.0001805271392466,3,0.0,1
829,5,0,0,0.0,0.0001805271392466,5,0.0,1
830,5,0,0,0.0,0.0001805271392466,5,0.0,1
831,5,0,0,0.0,0.0001805271392466,5,0.0,1
832,5,0,0,0.0,0.0001805271392466,5,0.0,1
833,5,0,0,0.0123345367027677,0.0026477313756168,3,0.0,1
834,5,0,0,0.0,0.0026477313756168,5,0.0,1
835,5,0,0,0.0,0.0026477313756168,5,0.0,1
836,5,0,0,0.0,0.0026477313756168,5,0.0,1
837,5,0,0,0.0,0.0026477313756168,5,0.0,1
838,5,0,0,0.0,0.0026477313756168,5,0.0,1
839,5,0,0,0.0,0.0026477313756168,5,0.0,1
840,5,0,0,0.0,0.0026477313756168,5,0.0,1
841,5,0,0,0.0,0.0026477313756168,5,0.0,1
842,5,0,0,0.0,0.0026477313756168,5,0.0,1
843,5,0,0,0.0,0.0026477313756168,5,0.0,1
844,5,0,0,0.0,0.0026477313756168,5,0.0,1
845,5,0,0,0.0,0.0026477313756168,5,0.0,1
846,5,0,0,0.0,0.0026477313756168,5,0.0,1
847,5,0,0,0.0,0.0026477313756168,5,0.0,1
848,5,0,0,0.0,0.0026477313756168,5,0.0,1
849,5,0,0,0.0,0.0026477313756168,5,0.0,1
850,5,0,0,0.0,0.0026477313756168,5,0.0,1
851,5,0,0,0.0,0.0,5,0.0,1
852,5,0,0,0.0,0.0,5,0.0,1
853,5,0,0,0.0,0.0,5,0.0,1
854,5,0,0,0.0,0.0,5,0.0,1
855,5,0,0,0.0,0.0,5,0.0,1
856,5,0,0,0.0,0.0,5,0.0,1
857,5,0,0,0.0,0.0,5,0.0,1
858,5,0,0,0.0,0.0,5,0.0,1
859,5,0,0,0.0,0.0,5,0.0,1
860,5,0,0,0.0,0.0,5,0.0,1
861,5,0,0,0.0,0.0,5,0.0,1
862,5,0,0,0.0,0.0,5,0.0,1
863,5,0,0,0.0,0.0,5,0.0,1
864,5,0,0,0.0,0.0,5,0.0,1
865,5,0,0,0.0,0.0,5,0.0,1
866,5,0,0,0.0,0.0,5,0.0,1
867,5,0,0,0.0,0.0,5,0.0,1
868,5,0,0,0.0,0.0,5,0.0,1
869,5,0,0,0.0,0.0,5,0.0,1
870,5,0,0,0.0,0.0,5,0.0,1
871,5,0,0,0.0,0.0,5,0.0,1
872,5,0,0,0.0072202166064981,0.0014442171139728,3,0.0,1
873,5,0,0,0.0,0.0014442171139728,5,0.0,1
874,5,0,0,0.0,0.0014442171139728,5,0.0,1
875,5,0,0,0.0,0.0014442171139728,5,0.0,1
876,5,0,0,0.0,0.0014442171139728,5,0.0,1
877,5,0,0,0.0012033694344163,0.0016849199663016,3,0.0,1
878,5,0,0,0.0,0.0016849199663016,5,0.0,1
879,5,0,0,0.0,0.0016849199663016,5,0.0,1
880,5,0,0,0.0,0.0016849199663016,5,0.0,1
881,5,0,0,0.0,0.0016849199663016,5,0.0,1
882,5,0,0,0.1040914560770156,0.0208207967264412,4,0.0,2
883,5,0,0,0.0153429602888086,0.0238897580936334,3,0.0,1
884,5,0,0,0.0,0.0238897580936334,5,0.0,1
885,5,0,0,0.0,0.0238897580936334,5,0.0,1
886,5,0,0,0.0,0.0238897580936334,5,0.0,1
887,5,0,0,0.0153429602888086,0.0269587194608256,3,0.0,1
888,5,0,0,0.0749097472924187,0.0419424720182934,4,0.0,2
889,5,0,0,0.0,0.0419424720182934,5,0.0,1
890,5,0,0,0.0,0.0419424720182934,5,0.0,1
891,5,0,0,0.0021058965102286,0.0423637020098688,3,0.0,1
892,5,0,0,0.0523465703971119,0.0528342760861716,4,0.0,2
893,5,0,0,0.0,0.0528342760861716,5,0.0,1
894,5,0,0,0.0213598074608904,0.0571067517150078,3,0.0,1
895,5,0,0,0.0,0.0571067517150078,5,0.0,1
896,5,0,0,0.0,0.0571067517150078,5,0.0,1
897,5,0,0,0.0,0.0571067517150078,5,0.0,1
898,5,0,0,0.0,0.0571067517150078,5,0.0,1
899,5,0,0,0.0,0.0571067517150078,5,0.0,1
900,5,0,0,0.0,0.0571067517150078,5,0.0,1
901,5,0,0,0.0,0.0571067517150078,5,0.0,1
902,5,0,0,0.0,0.0571067517150078,5,0.0,1
903,5,0,0,0.0,0.0571067517150078,5,0.0,1
904,5,0,0,0.0204572803850782,0.0611987002045974,3,0.0,1
905,5,0,0,0.0,0.0611987002045974,5,0.0,1
906,5,0,0,0.0,0.0611987002045974,5,0.0,1
907,5,0,0,0.0,0.0611987002045974,5,0.0,1
908,5,0,0,0.0,0.0611987002045974,5,0.0,1
909,5,0,0,0.0613718411552346,0.0734745456733662,4,0.0,2
910,5,0,0,0.0,0.0734745456733662,5,0.0,1
911,5,0,0,0.0697954271961492,0.0874353111084366,4,0.0,2
912,5,0,0,0.0348977135980746,0.0069803827175352,4,0.0,1
913,5,0,0,0.0,0.0069803827175352,5,0.0,1
914,5,0,0,0.0,0.0069803827175352,5,0.0,1
915,5,0,0,0.01323706377858,0.009628114093152,3,0.0,1
916,5,0,0,0.0,0.009628114093152,5,0.0,1
917,5,0,0,0.0,0.009628114093152,5,0.0,1
918,5,0,0,0.0,0.009628114093152,5,0.0,1
919,5,0,0,0.0324909747292418,0.0161270911060296,4,0.0,1
920,5,0,0,0.0,0.0161270911060296,5,0.0,1
921,5,0,0,0.0063176895306859,0.0173907810807558,3,0.0,1
922,5,0,0,0.0045126353790613,0.0182934167769888,3,0.0,1
923,5,0,0,0.0225631768953068,0.0228065952581538,4,0.0,1
924,5,0,0,0.0,0.0228065952581538,5,0.0,1
925,5,0,0,0.0,0.0228065952581538,5,0.0,1
926,5,0,0,0.5791215403128761,0.1386448429413888,1,0.6666666666666666,0
927,5,0,0,0.0,0.1386448429413888,5,0.0,1
928,5,0,0,0.0,0.1386448429413888,5,0.0,1
929,5,0,0,0.0189530685920577,0.1424359128655674,3,0.0,1
930,5,0,0,0.0,0.1424359128655674,5,0.0,1
931,5,0,0,0.0,0.1424359128655674,5,0.0,1
932,5,0,0,0.0,0.1424359128655674,5,0.0,1
933,5,0,0,0.0,0.1424359128655674,5,0.0,1
934,5,0,0,0.0192539109506618,0.1462871585028282,3,0.0,1
935,5,0,0,0.0195547533092659,0.1501985798531712,3,0.0,1
936,5,0,0,0.0,0.1501985798531712,5,0.0,1
937,5,0,0,0.0039109506618531,0.1509808641232398,3,0.0,1
938,5,0,0,0.0,0.1509808641232398,5,0.0,1
939,5,0,0,0.0,0.1509808641232398,5,0.0,1
940,5,0,0,0.0703971119133574,0.1650619809844746,4,0.0,2
941,5,0,0,0.0342960288808664,0.1719220122758454,4,0.0,1
942,5,0,0,0.0,0.1719220122758454,5,0.0,1
943,5,0,0,0.0,0.0,5,0.0,1
944,5,0,0,0.0,0.0,5,0.0,1
945,5,0,0,0.3670276774969916,0.073414369960284,1,0.6666666666666666,0
946,5,0,0,0.0,0.073414369960284,5,0.0,1
947,5,0,0,0.00661853188929,0.0747382356480924,3,0.0,1
948,5,0,0,0.0276774969915764,0.0802744012516548,4,0.0,1
949,5,0,0,0.0,0.0802744012516548,5,0.0,1
950,5,0,0,0.0,0.0802744012516548,5,0.0,1
951,5,0,0,0.0024067388688327,0.0807558069563124,3,0.0,1
952,5,0,0,0.0,0.0807558069563124,5,0.0,1
953,5,0,0,0.0,0.0807558069563124,5,0.0,1
954,5,0,0,0.0,0.0807558069563124,5,0.0,1
955,5,0,0,0.0276774969915764,0.0862919725598748,4,0.0,1
956,5,0,0,0.0,0.0862919725598748,5,0.0,1
957,5,0,0,0.0,0.0862919725598748,5,0.0,1
958,5,0,0,0.0,0.0862919725598748,5,0.0,1
959,5,0,0,0.0,0.0862919725598748,5,0.0,1
960,5,0,0,0.0,0.0862919725598748,5,0.0,1
961,5,0,0,0.0,0.0862919725598748,5,0.0,1
962,5,0,0,0.0012033694344163,0.0865326754122036,3,0.0,1
963,5,0,0,0.0342960288808664,0.0933927067035744,4,0.0,1
964,5,0,0,0.0,0.0933927067035744,5,0.0,1
965,5,0,0,0.0,0.0933927067035744,5,0.0,1
966,5,0,0,0.0,0.0933927067035744,5,0.0,1
967,5,0,0,0.0,0.0933927067035744,5,0.0,1
968,5,0,0,0.0,0.0933927067035744,5,0.0,1
969,5,0,0,0.0,0.0933927067035744,5,0.0,1
970,5,0,0,0.0,0.0933927067035744,5,0.0,1
971,5,0,0,0.0,0.0933927067035744,5,0.0,1
972,5,0,0,0.0153429602888086,0.0964616680707666,3,0.0,1
973,5,0,0,0.0282791817087845,0.1021181851004934,4,0.0,1
974,5,0,0,0.0081227436823104,0.0016247442532194,3,0.0,1
975,5,0,0,0.0,0.0016247442532194,5,0.0,1
976,5,0,0,0.0,0.0016247442532194,5,0.0,1
977,5,0,0,0.0,0.0016247442532194,5,0.0,1
978,5,0,0,0.0174488567990373,0.005114935611987,3,0.0,1
979,5,0,0,0.0,0.005114935611987,5,0.0,1
980,5,0,0,0.0057160048134777,0.0062582741605488,3,0.0,1
981,5,0,0,0.0186522262334536,0.0099891683716452,3,0.0,1
982,5,0,0,0.0,0.0099891683716452,5,0.0,1
983,5,0,0,0.0,0.0099891683716452,5,0.0,1
984,5,0,0,0.0351985559566787,0.0170297268022626,4,0.0,1
985,5,0,0,0.0466305655836341,0.0263569623300036,4,0.0,2
986,5,0,0,0.0,0.0263569623300036,5,0.0,1
987,5,0,0,0.0,0.0263569623300036,5,0.0,1
988,5,0,0,0.0,0.0263569623300036,5,0.0,1
989,5,0,0,0.0,0.0263569623300036,5,0.0,1
990,5,0,0,0.0,0.0263569623300036,5,0.0,1
991,5,0,0,0.0,0.0263569623300036,5,0.0,1
992,5,0,0,0.04632972322503,0.0356240221446624,4,0.0,2
993,5,0,0,0.0,0.0356240221446624,5,0.0,1
994,5,0,0,0.0,0.0356240221446624,5,0.0,1
995,5,0,0,0.0288808664259927,0.0414008906005536,4,0.0,1
996,5,0,0,0.0688929001203369,0.0551811288963774,4,0.0,2
997,5,0,0,0.0,0.0551811288963774,5,0.0,1
998,5,0,0,0.0051143200962695,0.0562041160187748,3,0.0,1
999,5,0,0,0.0968712394705174,0.0755806956312432,4,0.0,2
1000,5,0,0,0.0,0.0755806956312432,5,0.0,1
1001,5,0,0,0.023164861612515,0.0802142255385726,4,0.0,1
1002,5,0,0,0.0,0.0802142255385726,5,0.0,1
1003,5,0,0,0.0,0.0802142255385726,5,0.0,1
1004,5,0,0,0.0069193742478941,0.0013840414008906,3,0.0,1
1005,5,0,0,0.0,0.0013840414008906,5,0.0,1
1006,5,0,0,0.0012033694344163,0.0016247442532194,3,0.0,1
1007,5,0,0,0.0604693140794223,0.0137200625827416,4,0.0,2
1008,5,0,0,0.0,0.0137200625827416,5,0.0,1
1009,5,0,0,0.0,0.0137200625827416,5,0.0,1
1010,5,0,0,0.0,0.0137200625827416,5,0.0,1
1011,5,0,0,0.0,0.0137200625827416,5,0.0,1
1012,5,0,0,0.0195547533092659,0.0176314839330846,3,0.0,1
1013,5,0,0,0.0,0.0176314839330846,5,0.0,1
1014,5,0,0,0.0030084235860409,0.0182332410639066,3,0.0,1
1015,5,0,0,0.0114320096269554,0.0205199181610302,3,0.0,1
1016,5,0,0,0.0,0.0205199181610302,5,0.0,1
1017,5,0,0,0.0,0.0205199181610302,5,0.0,1
1018,5,0,0,0.0,0.0205199181610302,5,0.0,1
1019,5,0,0,0.0,0.0205199181610302,5,0.0,1
1020,5,0,0,0.0126353790613718,0.0230472981104826,3,0.0,1
1021,5,0,0,0.0267749699157641,0.0284029365747984,4,0.0,1
1022,5,0,0,0.0042117930204572,0.0292453965579492,3,0.0,1
1023,5,0,0,0.0,0.0292453965579492,5,0.0,1
1024,5,0,0,0.0015042117930204,0.0295462751233602,3,0.0,1
1025,5,0,0,0.0,0.0295462751233602,5,0.0,1
1026,5,0,0,0.0,0.0295462751233602,5,0.0,1
1027,5,0,0,0.0,0.0295462751233602,5,0.0,1
1028,5,0,0,0.0024067388688327,0.0300276808280178,3,0.0,1
1029,5,0,0,0.0,0.0300276808280178,5,0.0,1
1030,5,0,0,0.0,0.0300276808280178,5,0.0,1
1031,5,0,0,0.0201564380264741,0.0340594536045252,3,0.0,1
1032,5,0,0,0.0,0.0340594536045252,5,0.0,1
1033,5,0,0,0.0,0.0340594536045252,5,0.0,1
1034,5,0,0,0.0303850782190132,0.0401372006258274,4,0.0,1
1035,5,0,0,0.0,0.0,5,0.0,1
1036,5,0,0,0.0,0.0,5,0.0,1
1037,5,0,0,0.0,0.0,5,0.0,1
1038,5,0,0,0.0,0.0,5,0.0,1
1039,5,0,0,0.0,0.0,5,0.0,1
1040,5,0,0,0.0,0.0,5,0.0,1
1041,5,0,0,0.0,0.0,5,0.0,1
1042,5,0,0,0.0,0.0,5,0.0,1
1043,5,0,0,0.0,0.0,5,0.0,1
1044,5,0,0,0.0,0.0,5,0.0,1
1045,5,0,0,0.0,0.0,5,0.0,1
1046,5,0,0,0.0,0.0,5,0.0,1
1047,5,0,0,0.0,0.0,5,0.0,1
1048,5,0,0,0.0,0.0,5,0.0,1
1049,5,0,0,0.0009025270758122,0.0001805271392466,3,0.0,1
1050,5,0,0,0.0,0.0001805271392466,5,0.0,1
1051,5,0,0,0.0,0.0001805271392466,5,0.0,1
1052,5,0,0,0.0027075812274368,0.0007221085569864,3,0.0,1
1053,5,0,0,0.0,0.0007221085569864,5,0.0,1
1054,5,0,0,0.0,0.0007221085569864,5,0.0,1
1055,5,0,0,0.0,0.0007221085569864,5,0.0,1
1056,5,0,0,0.0,0.0007221085569864,5,0.0,1
1057,5,0,0,0.0,0.0007221085569864,5,0.0,1
1058,5,0,0,0.0,0.0007221085569864,5,0.0,1
1059,5,0,0,0.0,0.0007221085569864,5,0.0,1
1060,5,0,0,0.0,0.0007221085569864,5,0.0,1
1061,5,0,0,0.0,0.0007221085569864,5,0.0,1
1062,5,0,0,0.0,0.0007221085569864,5,0.0,1
1063,5,0,0,0.0012033694344163,0.0009628114093152,3,0.0,1
1064,5,0,0,0.0,0.0009628114093152,5,0.0,1
1065,5,0,0,0.0,0.0,5,0.0,1
1066,5,0,0,0.0006016847172081,0.0001203514261644,3,0.0,1
1067,5,0,0,0.0015042117930204,0.0004212299915754,3,0.0,1
1068,5,0,0,0.0,0.0004212299915754,5,0.0,1
1069,5,0,0,0.0,0.0004212299915754,5,0.0,1
1070,5,0,0,0.0,0.0004212299915754,5,0.0,1
1071,5,0,0,0.0,0.0004212299915754,5,0.0,1
1072,5,0,0,0.0,0.0004212299915754,5,0.0,1
1073,5,0,0,0.0,0.0004212299915754,5,0.0,1
1074,5,0,0,0.0,0.0004212299915754,5,0.0,1
1075,5,0,0,0.0,0.0004212299915754,5,0.0,1
1076,5,0,0,0.0,0.0004212299915754,5,0.0,1
1077,5,0,0,0.0,0.0004212299915754,5,0.0,1
1078,5,0,0,0.0,0.0004212299915754,5,0.0,1
1079,5,0,0,0.0,0.0004212299915754,5,0.0,1
1080,5,0,0,0.0,0.0004212299915754,5,0.0,1
1081,5,0,0,0.0,0.0004212299915754,5,0.0,1
1082,5,0,0,0.0,0.0004212299915754,5,0.0,1
1083,5,0,0,0.0,0.0004212299915754,5,0.0,1
1084,5,0,0,0.0,0.0004212299915754,5,0.0,1
1085,5,0,0,0.0,0.0004212299915754,5,0.0,1
1086,5,0,0,0.0,0.0004212299915754,5,0.0,1
1087,5,0,0,0.0,0.0004212299915754,5,0.0,1
1088,5,0,0,0.0,0.0004212299915754,5,0.0,1
1089,5,0,0,0.0,0.0004212299915754,5,0.0,1
1090,5,0,0,0.0,0.0004212299915754,5,0.0,1
1091,5,0,0,0.0,0.0004212299915754,5,0.0,1
1092,5,0,0,0.0,0.0004212299915754,5,0.0,1
1093,5,0,0,0.0,0.0004212299915754,5,0.0,1
1094,5,0,0,0.0,0.0004212299915754,5,0.0,1
1095,5,0,0,0.0,0.0004212299915754,5,0.0,1
1096,5,0,3,0.0,0.0,5,0.0,1
1097,5,0,3,0.0,0.0,5,0.0,1
1098,5,0,3,0.0,0.0,5,0.0,1
1099,5,0,3,0.0,0.0,5,0.0,1
1100,5,0,3,0.0,0.0,5,0.0,1
1101,5,0,3,0.0,0.0,5,0.0,1
1102,5,0,3,0.0,0.0,5,0.0,1
1103,5,0,3,0.0,0.0,5,0.0,1
1104,5,0,3,0.0,0.0,5,0.0,1
1105,5,0,3,0.0,0.0,5,0.0,1
1106,5,0,3,0.0024067388688327,0.0004814057046576,3,0.0,1
1107,5,0,3,0.0,0.0004814057046576,5,0.0,1
1108,5,0,3,0.0,0.0004814057046576,5,0.0,1
1109,5,0,3,0.0,0.0004814057046576,5,0.0,1
1110,5,0,3,0.0,0.0004814057046576,5,0.0,1
1111,5,0,3,0.0,0.0004814057046576,5,0.0,1
1112,5,0,3,0.0,0.0004814057046576,5,0.0,1
1113,5,0,3,0.0,0.0004814057046576,5,0.0,1
1114,5,0,3,0.0436221419975932,0.0092068841015766,4,0.0,1
1115,5,0,3,0.0,0.0092068841015766,5,0.0,1
1116,5,0,3,0.0,0.0092068841015766,5,0.0,1
1117,5,0,3,0.0,0.0092068841015766,5,0.0,1
1118,5,0,3,0.0,0.0092068841015766,5,0.0,1
1119,5,0,3,0.0,0.0092068841015766,5,0.0,1
1120,5,0,3,0.0,0.0092068841015766,5,0.0,1
1121,5,0,3,0.0,0.0092068841015766,5,0.0,1
1122,5,0,3,0.0,0.0092068841015766,5,0.0,1
1123,5,0,3,0.0,0.0092068841015766,5,0.0,1
1124,5,0,3,0.0,0.0092068841015766,5,0.0,1
1125,5,0,3,0.0,0.0092068841015766,5,0.0,1
1126,5,0,3,0.01985559566787,0.0131784811650018,3,0.0,1
1127,5,0,3,0.0,0.0,5,0.0,1
1128,5,0,3,0.0,0.0,5,0.0,1
1129,5,0,3,0.0,0.0,5,0.0,1
1130,5,0,3,0.0,0.0,5,0.0,1
1131,5,0,3,0.0,0.0,5,0.0,1
1132,5,0,3,0.0,0.0,5,0.0,1
1133,5,0,3,0.0,0.0,5,0.0,1
1134,5,0,3,0.0,0.0,5,0.0,1
1135,5,0,3,0.0,0.0,5,0.0,1
1136,5,0,3,0.0,0.0,5,0.0,1
1137,5,0,3,0.02647412755716,0.0052954627512336,4,0.0,1
1138,5,0,3,0.0,0.0052954627512336,5,0.0,1
1139,5,0,3,0.0,0.0052954627512336,5,0.0,1
1140,5,0,3,0.0048134777376654,0.0062582741605488,3,0.0,1
1141,5,0,3,0.0,0.0062582741605488,5,0.0,1
1142,5,0,3,0.0,0.0062582741605488,5,0.0,1
1143,5,0,3,0.0,0.0062582741605488,5,0.0,1
1144,5,0,3,0.0,0.0062582741605488,5,0.0,1
1145,5,0,3,0.0,0.0062582741605488,5,0.0,1
1146,5,0,3,0.0,0.0062582741605488,5,0.0,1
1147,5,0,3,0.0,0.0062582741605488,5,0.0,1
1148,5,0,3,0.0,0.0062582741605488,5,0.0,1
1149,5,0,3,0.0,0.0062582741605488,5,0.0,1
1150,5,0,3,0.0,0.0062582741605488,5,0.0,1
1151,5,0,3,0.0,0.0062582741605488,5,0.0,1
1152,5,0,3,0.0,0.0062582741605488,5,0.0,1
1153,5,0,3,0.0,0.0062582741605488,5,0.0,1
1154,5,0,3,0.0,0.0062582741605488,5,0.0,1
1155,5,0,3,0.0,0.0,5,0.0,1
1156,5,0,3,0.0,0.0,5,0.0,1
1157,5,0,3,0.0,0.0,5,0.0,1
1158,5,0,3,0.0,0.0,5,0.0,1
1159,5,0,3,0.0,0.0,5,0.0,1
1160,5,0,3,0.0279783393501805,0.0055963413166446,4,0.0,1
1161,5,0,3,0.0,0.0055963413166446,5,0.0,1
1162,5,0,3,0.0,0.0055963413166446,5,0.0,1
1163,5,0,3,0.0,0.0055963413166446,5,0.0,1
1164,5,0,3,0.0,0.0055963413166446,5,0.0,1
1165,5,0,3,0.0,0.0055963413166446,5,0.0,1
1166,5,0,3,0.0,0.0055963413166446,5,0.0,1
1167,5,0,3,0.0,0.0055963413166446,5,0.0,1
1168,5,0,3,0.0,0.0055963413166446,5,0.0,1
1169,5,0,3,0.0,0.0055963413166446,5,0.0,1
1170,5,0,3,0.0,0.0055963413166446,5,0.0,1
1171,5,0,3,0.0,0.0055963413166446,5,0.0,1
1172,5,0,3,0.0,0.0055963413166446,5,0.0,1
1173,5,0,3,0.0,0.0055963413166446,5,0.0,1
1174,5,0,3,0.0,0.0055963413166446,5,0.0,1
1175,5,0,3,0.0,0.0055963413166446,5,0.0,1
1176,5,0,3,0.0,0.0055963413166446,5,0.0,1
1177,5,0,3,0.0,0.0055963413166446,5,0.0,1
1178,5,0,3,0.0,0.0055963413166446,5,0.0,1
1179,5,0,3,0.0,0.0055963413166446,5,0.0,1
1180,5,0,3,0.0,0.0055963413166446,5,0.0,1
1181,5,0,3,0.0,0.0055963413166446,5,0.0,1
1182,5,0,3,0.0,0.0055963413166446,5,0.0,1
1183,5,0,3,0.0,0.0055963413166446,5,0.0,1
1184,5,0,3,0.0060168471720818,0.0067998555782886,3,0.0,1
1185,5,0,3,0.0,0.0067998555782886,5,0.0,1
1186,5,0,3,0.0,0.0,5,0.0,1
1187,5,0,3,0.0,0.0,5,0.0,1
1188,5,0,3,0.0,0.0,5,0.0,1
1189,5,0,3,0.0,0.0,5,0.0,1
1190,5,0,3,0.0,0.0,5,0.0,1
1191,5,0,3,0.0,0.0,5,0.0,1
1192,5,0,3,0.0,0.0,5,0.0,1
1193,5,0,3,0.0,0.0,5,0.0,1
1194,5,0,3,0.0075210589651022,0.001504392827055,3,0.0,1
1195,5,0,3,0.0072202166064981,0.0029486099410278,3,0.0,1
1196,5,0,3,0.0,0.0029486099410278,5,0.0,1
1197,5,0,3,0.0,0.0029486099410278,5,0.0,1
1198,5,0,3,0.003309265944645,0.003610542784932,3,0.0,1
1199,5,0,3,0.0,0.003610542784932,5,0.0,1
1200,5,0,3,0.0,0.003610542784932,5,0.0,1
1201,5,0,3,0.0,0.003610542784932,5,0.0,1
1202,5,0,3,0.0,0.003610542784932,5,0.0,1
1203,5,0,3,0.0,0.003610542784932,5,0.0,1
1204,5,0,3,0.0,0.003610542784932,5,0.0,1
1205,5,0,3,0.0,0.003610542784932,5,0.0,1
1206,5,0,3,0.0,0.003610542784932,5,0.0,1
1207,5,0,3,0.0,0.003610542784932,5,0.0,1
1208,5,0,3,0.0,0.003610542784932,5,0.0,1
1209,5,0,3,0.0,0.003610542784932,5,0.0,1
1210,5,0,3,0.0,0.003610542784932,5,0.0,1
1211,5,0,3,0.0,0.003610542784932,5,0.0,1
1212,5,0,3,0.0,0.003610542784932,5,0.0,1
1213,5,0,3,0.0,0.003610542784932,5,0.0,1
1214,5,0,3,0.0,0.003610542784932,5,0.0,1
1215,5,0,3,0.0,0.003610542784932,5,0.0,1
1216,5,0,3,0.0030084235860409,0.000601757130822,3,0.0,1
1217,5,0,3,0.0141395908543922,0.0034300156456854,3,0.0,1
1218,5,0,3,0.0,0.0034300156456854,5,0.0,1
1219,5,0,3,0.0376052948255114,0.0109519797809604,4,0.0,1
1220,5,0,3,0.055956678700361,0.0221446624142496,4,0.0,2
1221,5,0,3,0.0006016847172081,0.022265013840414,3,0.0,1
1222,5,0,3,0.0,0.022265013840414,5,0.0,1
1223,5,0,3,0.0204572803850782,0.0263569623300036,3,0.0,1
1224,5,0,3,0.0,0.0263569623300036,5,0.0,1
1225,5,0,3,0.0,0.0263569623300036,5,0.0,1
1226,5,0,3,0.0,0.0263569623300036,5,0.0,1
1227,5,0,3,0.0030084235860409,0.0269587194608256,3,0.0,1
1228,5,0,3,0.0,0.0269587194608256,5,0.0,1
1229,5,0,3,0.0,0.0269587194608256,5,0.0,1
1230,5,0,3,0.0,0.0269587194608256,5,0.0,1
1231,5,0,3,0.0,0.0269587194608256,5,0.0,1
1232,5,0,3,0.029783393501805,0.0329161150559634,4,0.0,1
1233,5,0,3,0.0318892900120336,0.0392947406426766,4,0.0,1
1234,5,0,3,0.0,0.0392947406426766,5,0.0,1
1235,5,0,3,0.0,0.0392947406426766,5,0.0,1
1236,5,0,3,0.0018050541516245,0.0396557949211698,3,0.0,1
1237,5,0,3,0.0634777376654633,0.052352870381514,4,0.0,2
1238,5,0,3,0.0156438026474127,0.0554820074617884,3,0.0,1
1239,5,0,3,0.0,0.0554820074617884,5,0.0,1
1240,5,0,3,0.0009025270758122,0.055662534601035,3,0.0,1
1241,5,0,3,0.0069193742478941,0.0570465760019256,3,0.0,1
1242,5,0,3,0.0,0.0570465760019256,5,0.0,1
1243,5,0,3,0.0,0.0570465760019256,5,0.0,1
1244,5,0,3,0.0,0.0570465760019256,5,0.0,1
1245,5,0,3,0.0204572803850782,0.0611385244915152,3,0.0,1
1246,5,0,3,0.0,0.0611385244915152,5,0.0,1
1247,5,0,3,0.0,0.0,5,0.0,1
1248,5,0,3,0.0619735258724428,0.0123961968949332,4,0.0,2
1249,5,0,3,0.0,0.0123961968949332,5,0.0,1
1250,5,0,3,0.0776173285198556,0.0279215308701408,4,0.0,2
1251,5,0,3,0.0601684717208182,0.0399566734865808,4,0.0,2
1252,5,0,3,0.0734055354993983,0.0546395474786376,4,0.0,2
1253,5,0,3,0.0424187725631768,0.0631243230232278,4,0.0,1
1254,5,0,3,0.0,0.0631243230232278,5,0.0,1
1255,5,0,3,0.0288808664259927,0.068901191479119,4,0.0,1
1256,5,0,3,0.0424187725631768,0.0773859670237092,4,0.0,1
1257,5,0,3,0.0042117930204572,0.07822842700686,3,0.0,1
1258,5,0,3,0.03309265944645,0.084847755445902,4,0.0,1
1259,5,0,3,0.0273766546329723,0.0903237453363822,4,0.0,1
1260,5,0,3,0.0,0.0903237453363822,5,0.0,1
1261,5,0,3,0.0075210589651022,0.0918281381634372,3,0.0,1
1262,5,0,3,0.1362815884476534,0.1190877361896738,2,0.0,0
1263,5,0,3,0.0072202166064981,0.1205319533036466,3,0.0,1
1264,5,0,3,0.0424187725631768,0.1290167288482368,4,0.0,1
1265,5,0,3,0.1146209386281588,0.151943675532555,2,0.0,0
1266,5,0,3,0.01323706377858,0.1545914069081718,3,0.0,1
1267,5,0,3,0.2045728038507822,0.1955108918040678,6,0.3333333333333333,0
1268,5,0,3,0.2948255114320096,0.2544830906246239,6,0.3333333333333333,0
1269,5,0,3,0.0,0.2544830906246239,5,0.0,1
1270,5,0,3,0.1323706377858002,0.2809604043807919,2,0.0,0
1271,5,0,3,0.0240673886883273,0.2857744614273679,4,0.0,1
1272,5,0,3,0.0012033694344163,0.2860151642796967,3,0.0,1
1273,5,0,3,0.131768953068592,0.3123721266097003,2,0.0,0
1274,5,0,3,0.0,0.3123721266097003,5,0.0,1
1275,5,0,3,0.0,0.3123721266097003,5,0.0,1
1276,5,0,3,0.01985559566787,0.3163437236731255,3,0.0,1
1277,5,0,3,0.0565583634175691,0.0113130340594536,4,0.0,2
1278,5,0,3,0.0,0.0113130340594536,5,0.0,1
1279,5,0,3,0.0842358604091456,0.0281622337224696,4,0.0,2
1280,5,0,3,0.0,0.0281622337224696,5,0.0,1
1281,5,0,3,0.0,0.0281622337224696,5,0.0,1
1282,5,0,3,0.0255716004813477,0.0332771693344566,4,0.0,1
1283,5,0,3,0.0,0.0332771693344566,5,0.0,1
1284,5,0,3,0.0,0.0332771693344566,5,0.0,1
1285,5,0,3,0.0454271961492178,0.0423637020098688,4,0.0,2
1286,5,0,3,0.0,0.0423637020098688,5,0.0,1
1287,5,0,3,0.1146209386281588,0.065290648694187,2,0.0,0
1288,5,0,3,0.0177496991576413,0.0688410157660368,3,0.0,1
1289,5,0,3,0.0379061371841155,0.076423155614394,4,0.0,1
1290,5,0,3,0.0800240673886883,0.0924298952942592,4,0.0,2
1291,5,0,3,0.0288808664259927,0.0982067637501504,4,0.0,1
1292,5,0,3,0.1272563176895307,0.123661090383921,2,0.0,0
1293,5,0,3,0.2199157641395908,0.1676495366470092,6,0.3333333333333333,0
1294,5,0,3,0.0,0.1676495366470092,5,0.0,1
1295,5,0,3,0.0664861612515042,0.1809483692381754,4,0.0,2
1296,5,0,3,0.0096269554753309,0.1828739920568058,3,0.0,1
1297,5,0,3,0.0183513838748495,0.18654471055482,3,0.0,1
1298,5,0,3,0.0595667870036101,0.1984595017450957,4,0.0,2
1299,5,0,3,0.0,0.1984595017450957,5,0.0,1
1300,5,0,3,0.1808062575210589,0.2346251053074978,2,0.0,0
1301,5,0,3,0.0,0.2346251053074978,5,0.0,1
1302,5,0,3,0.0045126353790613,0.2355277410037308,3,0.0,1
1303,5,0,3,0.1149217809867629,0.2585148634011313,2,0.0,0
1304,5,0,3,0.0,0.2585148634011313,5,0.0,1
1305,5,0,3,0.0712996389891696,0.2727765074016127,4,0.0,2
1306,5,0,3,0.0613718411552346,0.2850523528703815,4,0.0,2
1307,5,0,3,0.0006016847172081,0.2851727042965459,3,0.0,1
1308,5,0,3,0.0153429602888086,0.0030689613671922,3,0.0,1
1309,5,0,3,0.0914560770156438,0.021362378144181,4,0.0,2
1310,5,0,3,0.0192539109506618,0.0252136237814418,3,0.0,1
1311,5,0,3,0.0,0.0252136237814418,5,0.0,1
1312,5,0,3,0.177797833935018,0.060777470213022,2,0.0,0
1313,5,0,3,0.2232250300842359,0.1054278493200144,6,0.3333333333333333,0
1314,5,0,3,0.0743080625752106,0.1202912504513178,4,0.0,2
1315,5,0,3,0.0054151624548736,0.1213744132867974,3,0.0,1
1316,5,0,3,0.0731046931407942,0.135997111565772,4,0.0,2
1317,5,0,3,0.0213598074608904,0.1402695871946082,3,0.0,1
1318,5,0,3,0.0490373044524669,0.1500782284270068,4,0.0,2
1319,5,0,3,0.0770156438026474,0.16548321097605,4,0.0,2
1320,5,0,3,0.2196149217809867,0.209411481526056,6,0.3333333333333333,0
1321,5,0,3,0.0,0.209411481526056,5,0.0,1
1322,5,0,3,0.0,0.209411481526056,5,0.0,1
1323,5,0,3,0.0950661853188929,0.2284270068600313,4,0.0,2
1324,5,0,3,0.0126353790613718,0.2309543868094836,3,0.0,1
1325,5,0,3,0.0,0.2309543868094836,5,0.0,1
1326,5,0,3,0.0370036101083032,0.2383559995185943,4,0.0,1
1327,5,0,3,0.0261732851985559,0.2435912865567457,4,0.0,1
1328,5,0,3,0.1230445246690734,0.2682031532073655,2,0.0,0
1329,5,0,3,0.0,0.2682031532073655,5,0.0,1
1330,5,0,3,0.0655836341756919,0.2813214586592851,4,0.0,2
1331,5,0,3,0.0162454873646209,0.2845709471657239,3,0.0,1
1332,5,0,3,0.0908543922984356,0.3027440125165483,4,0.0,2
1333,5,0,3,0.0243682310469314,0.3076182452762065,4,0.0,1
1334,5,0,3,0.0580625752105896,0.3192321579010711,4,0.0,2
1335,5,0,3,0.0728038507821901,0.3337946804669635,4,0.0,2
1336,5,0,3,0.0884476534296028,0.3514863401131303,4,0.0,2
1337,5,0,3,0.000300842358604,0.3515465158262125,3,0.0,1
1338,5,0,3,0.0144404332129963,0.3544349500541581,3,0.0,1
1339,5,0,3,0.0388086642599278,0.0077626669876038,4,0.0,1
1340,5,0,3,0.049638989169675,0.0176916596461668,4,0.0,2
1341,5,0,3,0.0628760529482551,0.0302683836803466,4,0.0,2
1342,5,0,3,0.0523465703971119,0.0407389577566494,4,0.0,2
1343,5,0,3,0.0,0.0407389577566494,5,0.0,1
1344,5,0,3,0.0712996389891696,0.0550006017571308,4,0.0,2
1345,5,0,3,0.1049939831528279,0.0760019256228186,4,0.0,2
1346,5,0,3,0.0,0.0760019256228186,5,0.0,1
1347,5,0,3,0.0,0.0760019256228186,5,0.0,1
1348,5,0,3,0.0508423586040914,0.0861716211337104,4,0.0,2
1349,5,0,3,0.1486161251504212,0.1158984233963172,2,0.0,0
1350,5,0,3,0.0637785800240673,0.1286556745697436,4,0.0,2
1351,5,0,3,0.0367027677496991,0.135997111565772,4,0.0,1
1352,5,0,3,0.2223225030084236,0.1804669635335178,6,0.3333333333333333,0
1353,5,0,3,0.0,0.1804669635335178,5,0.0,1
1354,5,0,3,0.0027075812274368,0.1810085449512576,3,0.0,1
1355,5,0,3,0.1425992779783393,0.2095318329522204,2,0.0,0
1356,5,0,3,0.0508423586040914,0.2197015284631123,4,0.0,2
1357,5,0,3,0.0,0.2197015284631123,5,0.0,1
1358,5,0,3,0.0,0.2197015284631123,5,0.0,1
1359,5,0,3,0.0478339350180505,0.229269466843182,4,0.0,2
1360,5,0,3,0.0315884476534296,0.2355879167168131,4,0.0,1
1361,5,0,3,0.0421179302045728,0.2440125165483211,4,0.0,1
1362,5,0,3,0.0881468110709988,0.2616440004814057,4,0.0,2
1363,5,0,3,0.0,0.2616440004814057,5,0.0,1
1364,5,0,3,0.0,0.2616440004814057,5,0.0,1
1365,5,0,3,0.0,0.2616440004814057,5,0.0,1
1366,5,0,3,0.0120336943441636,0.2640510290046937,3,0.0,1
1367,5,0,3,0.0042117930204572,0.2648934889878445,3,0.0,1
1368,5,0,3,0.0,0.2648934889878445,5,0.0,1
1369,5,0,3,0.0,0.0,5,0.0,1
1370,5,0,3,0.0394103489771359,0.0078830184137682,4,0.0,1
1371,5,0,3,0.0613718411552346,0.020158863882537,4,0.0,2
1372,5,0,3,0.0045126353790613,0.02106149957877,3,0.0,1
1373,5,0,3,0.0159446450060168,0.0242508123721266,3,0.0,1
1374,5,0,3,0.0138387484957882,0.0270188951739078,3,0.0,1
1375,5,0,3,0.0225631768953068,0.0315320736550728,4,0.0,1
1376,5,0,3,0.0138387484957882,0.034300156456854,3,0.0,1
1377,5,0,3,0.03309265944645,0.040919484895896,4,0.0,1
1378,5,0,3,0.0117328519855595,0.0432663377061018,3,0.0,1
1379,5,0,3,0.0171480144404332,0.0466963533517872,3,0.0,1
1380,5,0,3,0.0,0.0466963533517872,5,0.0,1
1381,5,0,3,0.0012033694344163,0.046937056204116,3,0.0,1
1382,5,0,3,0.0457280385078219,0.0560837645926104,4,0.0,2
1383,5,0,3,0.0027075812274368,0.0566253460103502,3,0.0,1
1384,5,0,3,0.0,0.0566253460103502,5,0.0,1
1385,5,0,3,0.0090252707581227,0.0584306174028162,3,0.0,1
1386,5,0,3,0.0333935018050541,0.0651101215549404,4,0.0,1
1387,5,0,3,0.0168471720818291,0.0684799614875436,3,0.0,1
1388,5,0,3,0.0057160048134777,0.0696233000361054,3,0.0,1
1389,5,0,3,0.0,0.0696233000361054,5,0.0,1
1390,5,0,3,0.0084235860409145,0.071308220002407,3,0.0,1
1391,5,0,3,0.0069193742478941,0.0726922614032976,3,0.0,1
1392,5,0,3,0.0114320096269554,0.0749789385004212,3,0.0,1
1393,5,0,3,0.0111311672683513,0.0772054398844626,3,0.0,1
1394,5,0,3,0.0454271961492178,0.0862919725598748,4,0.0,2
1395,5,0,3,0.0240673886883273,0.0911060296064508,4,0.0,1
1396,5,0,3,0.0114320096269554,0.0933927067035744,3,0.0,1
1397,5,0,3,0.0105294825511432,0.0954988566614514,3,0.0,1
1398,5,0,3,0.0,0.0954988566614514,5,0.0,1
1399,5,0,3,0.0370036101083032,0.102900469370562,4,0.0,1
1400,5,0,3,0.0,0.0,5,0.0,1
1401,5,0,3,0.0318892900120336,0.0063786255867132,4,0.0,1
1402,5,0,3,0.0,0.0063786255867132,5,0.0,1
1403,5,0,3,0.0024067388688327,0.0068600312913708,3,0.0,1
1404,5,0,3,0.0,0.0068600312913708,5,0.0,1
1405,5,0,3,0.0072202166064981,0.0083042484053436,3,0.0,1
1406,5,0,3,0.0183513838748495,0.0119749669033578,3,0.0,1
1407,5,0,3,0.0054151624548736,0.0130581297388374,3,0.0,1
1408,5,0,3,0.0,0.0130581297388374,5,0.0,1
1409,5,0,3,0.0,0.0130581297388374,5,0.0,1
1410,5,0,3,0.0,0.0130581297388374,5,0.0,1
1411,5,0,3,0.0,0.0130581297388374,5,0.0,1
1412,5,0,3,0.0427196149217809,0.0216030809965098,4,0.0,1
1413,5,0,3,0.0,0.0216030809965098,5,0.0,1
1414,5,0,3,0.0258724428399518,0.026778192321579,4,0.0,1
1415,5,0,3,0.0,0.026778192321579,5,0.0,1
1416,5,0,3,0.0279783393501805,0.0323745336382236,4,0.0,1
1417,5,0,3,0.0,0.0323745336382236,5,0.0,1
1418,5,0,3,0.0006016847172081,0.032494885064388,3,0.0,1
1419,5,0,3,0.0,0.032494885064388,5,0.0,1
1420,5,0,3,0.0237665463297232,0.0372487663978818,4,0.0,1
1421,5,0,3,0.0,0.0372487663978818,5,0.0,1
1422,5,0,3,0.0,0.0372487663978818,5,0.0,1
1423,5,0,3,0.0,0.0372487663978818,5,0.0,1
1424,5,0,3,0.0,0.0372487663978818,5,0.0,1
1425,5,0,3,0.0006016847172081,0.0373691178240462,3,0.0,1
1426,5,0,3,0.0,0.0373691178240462,5,0.0,1
1427,5,0,3,0.0120336943441636,0.0397761463473342,3,0.0,1
1428,5,0,3,0.0,0.0397761463473342,5,0.0,1
1429,5,0,3,0.0,0.0397761463473342,5,0.0,1
1430,5,0,3,0.0267749699157641,0.0053556384643158,4,0.0,1
1431,5,0,3,0.0,0.0053556384643158,5,0.0,1
1432,5,0,3,0.0,0.0053556384643158,5,0.0,1
1433,5,0,3,0.0,0.0053556384643158,5,0.0,1
1434,5,0,3,0.0,0.0053556384643158,5,0.0,1
1435,5,0,3,0.0,0.0053556384643158,5,0.0,1
1436,5,0,3,0.0,0.0053556384643158,5,0.0,1
1437,5,0,3,0.0,0.0053556384643158,5,0.0,1
1438,5,0,3,0.0,0.0053556384643158,5,0.0,1
1439,5,0,3,0.000300842358604,0.005415814177398,3,0.0,1
1440,5,0,3,0.0,0.005415814177398,5,0.0,1
1441,5,0,3,0.0,0.005415814177398,5,0.0,1
1442,5,0,3,0.0,0.005415814177398,5,0.0,1
1443,5,0,3,0.0,0.005415814177398,5,0.0,1
1444,5,0,3,0.0,0.005415814177398,5,0.0,1
1445,5,0,3,0.0,0.005415814177398,5,0.0,1
1446,5,0,3,0.0,0.005415814177398,5,0.0,1
1447,5,0,3,0.0,0.005415814177398,5,0.0,1
1448,5,0,3,0.0,0.005415814177398,5,0.0,1
1449,5,0,3,0.0,0.005415814177398,5,0.0,1
1450,5,0,3,0.0,0.005415814177398,5,0.0,1
1451,5,0,3,0.0,0.005415814177398,5,0.0,1
1452,5,0,3,0.0,0.005415814177398,5,0.0,1
1453,5,0,3,0.0,0.005415814177398,5,0.0,1
1454,5,0,3,0.0,0.005415814177398,5,0.0,1
1455,5,0,3,0.0,0.005415814177398,5,0.0,1
1456,5,0,3,0.0,0.005415814177398,5,0.0,1
1457,5,0,3,0.0,0.005415814177398,5,0.0,1
1458,5,0,3,0.0,0.005415814177398,5,0.0,1
1459,5,0,3,0.0,0.005415814177398,5,0.0,1
1460,5,0,3,0.0,0.005415814177398,5,0.0,1
1461,5,0,1,0.0,0.0,5,0.0,1
1462,5,0,1,0.0,0.0,5,0.0,1
1463,5,0,1,0.0,0.0,5,0.0,1
1464,5,0,1,0.0,0.0,5,0.0,1
1465,5,0,1,0.0,0.0,5,0.0,1
1466,5,0,1,0.0,0.0,5,0.0,1
1467,5,0,1,0.0,0.0,5,0.0,1
1468,5,0,1,0.0,0.0,5,0.0,1
1469,5,0,1,0.0,0.0,5,0.0,1
1470,5,0,1,0.0,0.0,5,0.0,1
1471,5,0,1,0.0,0.0,5,0.0,1
1472,5,0,1,0.0,0.0,5,0.0,1
1473,5,0,1,0.0,0.0,5,0.0,1
1474,5,0,1,0.0,0.0,5,0.0,1
1475,5,0,1,0.0,0.0,5,0.0,1
1476,5,0,1,0.0,0.0,5,0.0,1
1477,5,0,1,0.0,0.0,5,0.0,1
1478,5,0,1,0.0,0.0,5,0.0,1
1479,5,0,1,0.0,0.0,5,0.0,1
1480,5,0,1,0.0,0.0,5,0.0,1
1481,5,0,1,0.0,0.0,5,0.0,1
1482,5,0,1,0.0,0.0,5,0.0,1
1483,5,0,1,0.1134175691937424,0.0226862438319894,2,0.0,0
1484,5,0,1,0.0,0.0226862438319894,5,0.0,1
1485,5,0,1,0.0,0.0226862438319894,5,0.0,1
1486,5,0,1,0.0,0.0226862438319894,5,0.0,1
1487,5,0,1,0.0,0.0226862438319894,5,0.0,1
1488,5,0,1,0.0,0.0226862438319894,5,0.0,1
1489,5,0,1,0.0,0.0226862438319894,5,0.0,1
1490,5,0,1,0.0,0.0226862438319894,5,0.0,1
1491,5,0,1,0.0192539109506618,0.0265374894692502,3,0.0,1
1492,5,0,1,0.0,0.0,5,0.0,1
1493,5,0,1,0.0,0.0,5,0.0,1
1494,5,0,1,0.0,0.0,5,0.0,1
1495,5,0,1,0.0,0.0,5,0.0,1
1496,5,0,1,0.0,0.0,5,0.0,1
1497,5,0,1,0.0472322503008423,0.0094475869539054,4,0.0,2
1498,5,0,1,0.0,0.0094475869539054,5,0.0,1
1499,5,0,1,0.0,0.0094475869539054,5,0.0,1
1500,5,0,1,0.0,0.0094475869539054,5,0.0,1
1501,5,0,1,0.0,0.0094475869539054,5,0.0,1
1502,5,0,1,0.0,0.0094475869539054,5,0.0,1
1503,5,0,1,0.0,0.0094475869539054,5,0.0,1
1504,5,0,1,0.0,0.0094475869539054,5,0.0,1
1505,5,0,1,0.0,0.0094475869539054,5,0.0,1
1506,5,0,1,0.0,0.0094475869539054,5,0.0,1
1507,5,0,1,0.0,0.0094475869539054,5,0.0,1
1508,5,0,1,0.0,0.0094475869539054,5,0.0,1
1509,5,0,1,0.0,0.0094475869539054,5,0.0,1
1510,5,0,1,0.0,0.0094475869539054,5,0.0,1
1511,5,0,1,0.0,0.0094475869539054,5,0.0,1
1512,5,0,1,0.0,0.0094475869539054,5,0.0,1
1513,5,0,1,0.115222623345367,0.032494885064388,2,0.0,0
1514,5,0,1,0.0,0.032494885064388,5,0.0,1
1515,5,0,1,0.0,0.032494885064388,5,0.0,1
1516,5,0,1,0.0,0.032494885064388,5,0.0,1
1517,5,0,1,0.0,0.032494885064388,5,0.0,1
1518,5,0,1,0.0,0.032494885064388,5,0.0,1
1519,5,0,1,0.0,0.032494885064388,5,0.0,1
1520,5,0,1,0.01323706377858,0.0351426164400048,3,0.0,1
1521,5,0,1,0.0,0.0,5,0.0,1
1522,5,0,1,0.0,0.0,5,0.0,1
1523,5,0,1,0.0,0.0,5,0.0,1
1524,5,0,1,0.0,0.0,5,0.0,1
1525,5,0,1,0.0,0.0,5,0.0,1
1526,5,0,1,0.0,0.0,5,0.0,1
1527,5,0,1,0.0,0.0,5,0.0,1
1528,5,0,1,0.0,0.0,5,0.0,1
1529,5,0,1,0.0,0.0,5,0.0,1
1530,5,0,1,0.0,0.0,5,0.0,1
1531,5,0,1,0.0,0.0,5,0.0,1
1532,5,0,1,0.0,0.0,5,0.0,1
1533,5,0,1,0.0,0.0,5,0.0,1
1534,5,0,1,0.0,0.0,5,0.0,1
1535,5,0,1,0.0,0.0,5,0.0,1
1536,5,0,1,0.00661853188929,0.0013238656878084,3,0.0,1
1537,5,0,1,0.0270758122743682,0.0067396798652064,4,0.0,1
1538,5,0,1,0.0,0.0067396798652064,5,0.0,1
1539,5,0,1,0.0,0.0067396798652064,5,0.0,1
1540,5,0,1,0.0,0.0067396798652064,5,0.0,1
1541,5,0,1,0.0,0.0067396798652064,5,0.0,1
1542,5,0,1,0.0,0.0067396798652064,5,0.0,1
1543,5,0,1,0.0,0.0067396798652064,5,0.0,1
1544,5,0,1,0.0,0.0067396798652064,5,0.0,1
1545,5,0,1,0.0,0.0067396798652064,5,0.0,1
1546,5,0,1,0.0,0.0067396798652064,5,0.0,1
1547,5,0,1,0.0,0.0067396798652064,5,0.0,1
1548,5,0,1,0.1067990373044524,0.0281020580093874,2,0.0,0
1549,5,0,1,0.0,0.0281020580093874,5,0.0,1
1550,5,0,1,0.0887484957882069,0.0458538933686364,4,0.0,2
1551,5,0,1,0.0,0.0458538933686364,5,0.0,1
1552,5,0,1,0.0,0.0,5,0.0,1
1553,5,0,1,0.0,0.0,5,0.0,1
1554,5,0,1,0.036401925391095,0.0072812612829462,4,0.0,1
1555,5,0,1,0.0,0.0072812612829462,5,0.0,1
1556,5,0,1,0.0,0.0072812612829462,5,0.0,1
1557,5,0,1,0.0,0.0072812612829462,5,0.0,1
1558,5,0,1,0.0,0.0072812612829462,5,0.0,1
1559,5,0,1,0.0,0.0072812612829462,5,0.0,1
1560,5,0,1,0.0084235860409145,0.0089661812492478,3,0.0,1
1561,5,0,1,0.0,0.0089661812492478,5,0.0,1
1562,5,0,1,0.0,0.0089661812492478,5,0.0,1
1563,5,0,1,0.0096269554753309,0.0108918040678782,3,0.0,1
1564,5,0,1,0.0,0.0108918040678782,5,0.0,1
1565,5,0,1,0.0,0.0108918040678782,5,0.0,1
1566,5,0,1,0.0,0.0108918040678782,5,0.0,1
1567,5,0,1,0.0,0.0108918040678782,5,0.0,1
1568,5,0,1,0.0803249097472924,0.0269587194608256,4,0.0,2
1569,5,0,1,0.0,0.0269587194608256,5,0.0,1
1570,5,0,1,0.0,0.0269587194608256,5,0.0,1
1571,5,0,1,0.1025872442839952,0.0474786376218558,4,0.0,2
1572,5,0,1,0.0881468110709988,0.0651101215549404,4,0.0,2
1573,5,0,1,0.0,0.0651101215549404,5,0.0,1
1574,5,0,1,0.0267749699157641,0.0704657600192562,4,0.0,1
1575,5,0,1,0.0192539109506618,0.074317005656517,3,0.0,1
1576,5,0,1,0.1122141997593261,0.0967625466361776,2,0.0,0
1577,5,0,1,0.0,0.0967625466361776,5,0.0,1
1578,5,0,1,0.0117328519855595,0.0991093994463834,3,0.0,1
1579,5,0,1,0.0,0.0991093994463834,5,0.0,1
1580,5,0,1,0.0,0.0991093994463834,5,0.0,1
1581,5,0,1,0.0,0.0991093994463834,5,0.0,1
1582,5,0,1,0.0,0.0,5,0.0,1
1583,5,0,1,0.0550541516245487,0.0110121554940426,4,0.0,2
1584,5,0,1,0.0,0.0110121554940426,5,0.0,1
1585,5,0,1,0.0,0.0110121554940426,5,0.0,1
1586,5,0,1,0.0451263537906137,0.0200385124563726,4,0.0,1
1587,5,0,1,0.0869434416365824,0.0374292935371284,4,0.0,2
1588,5,0,1,0.0096269554753309,0.0393549163557588,3,0.0,1
1589,5,0,1,0.0204572803850782,0.0434468648453484,3,0.0,1
1590,5,0,1,0.0321901323706377,0.0498856661451438,4,0.0,1
1591,5,0,1,0.0406137184115523,0.0580093874112408,4,0.0,1
1592,5,0,1,0.0,0.0580093874112408,5,0.0,1
1593,5,0,1,0.0009025270758122,0.0581899145504874,3,0.0,1
1594,5,0,1,0.0084235860409145,0.059874834516789,3,0.0,1
1595,5,0,1,0.0120336943441636,0.062281863040077,3,0.0,1
1596,5,0,1,0.0201564380264741,0.0663136358165844,3,0.0,1
1597,5,0,1,0.0060168471720818,0.0675171500782284,3,0.0,1
1598,5,0,1,0.0156438026474127,0.0706462871585028,3,0.0,1
1599,5,0,1,0.0574608904933814,0.082139848357203,4,0.0,2
1600,5,0,1,0.0,0.082139848357203,5,0.0,1
1601,5,0,1,0.0318892900120336,0.0885184739439162,4,0.0,1
1602,5,0,1,0.0,0.0885184739439162,5,0.0,1
1603,5,0,1,0.0222623345367027,0.092971476711999,3,0.0,1
1604,5,0,1,0.0,0.092971476711999,5,0.0,1
1605,5,0,1,0.0,0.092971476711999,5,0.0,1
1606,5,0,1,0.065884476534296,0.1061499578770008,4,0.0,2
1607,5,0,1,0.0,0.1061499578770008,5,0.0,1
1608,5,0,1,0.0063176895306859,0.107413647851727,3,0.0,1
1609,5,0,1,0.0,0.107413647851727,5,0.0,1
1610,5,0,1,0.0424187725631768,0.1158984233963172,4,0.0,1
1611,5,0,1,0.0,0.1158984233963172,5,0.0,1
1612,5,0,1,0.0021058965102286,0.1163196533878926,3,0.0,1
1613,5,0,1,0.0294825511432009,0.0058972198820556,4,0.0,1
1614,5,0,1,0.0051143200962695,0.006920207004453,3,0.0,1
1615,5,0,1,0.1871239470517449,0.0443495005415814,2,0.0,0
1616,5,0,1,0.0027075812274368,0.0448910819593212,3,0.0,1
1617,5,0,1,0.3766546329723225,0.1202310747382356,1,0.6666666666666666,0
1618,5,0,1,0.02647412755716,0.1255265374894692,4,0.0,1
1619,5,0,1,0.0,0.1255265374894692,5,0.0,1
1620,5,0,1,0.0243682310469314,0.1304007702491274,4,0.0,1
1621,5,0,1,0.1146209386281588,0.1533277169334456,2,0.0,0
1622,5,0,1,0.1552346570397112,0.1843783848838608,2,0.0,0
1623,5,0,1,0.0030084235860409,0.1849801420146828,3,0.0,1
1624,5,0,1,0.0902527075812274,0.2030328559393428,4,0.0,2
1625,5,0,1,0.0619735258724428,0.215429052834276,4,0.0,2
1626,5,0,1,0.1028880866425993,0.2360091467083885,4,0.0,2
1627,5,0,1,0.3727436823104693,0.3105668552172343,1,0.6666666666666666,0
1628,5,0,1,0.0,0.3105668552172343,5,0.0,1
1629,5,0,1,0.0421179302045728,0.3189914550487423,4,0.0,1
1630,5,0,1,0.0249699157641395,0.3239860392345649,4,0.0,1
1631,5,0,1,0.0646811070998796,0.3369238175472379,4,0.0,2
1632,5,0,1,0.0138387484957882,0.3396919003490191,3,0.0,1
1633,5,0,1,0.0237665463297232,0.3444457816825129,4,0.0,1
1634,5,0,1,0.0475330926594464,0.3539535443495005,4,0.0,2
1635,5,0,1,0.0174488567990373,0.3574437357082681,3,0.0,1
1636,5,0,1,0.0788206979542719,0.3732097725358045,4,0.0,2
1637,5,0,1,0.1287605294825511,0.3989649777349861,2,0.0,0
1638,5,0,1,0.3938026474127557,0.477734986159586,1,0.6666666666666666,0
1639,5,0,1,0.0361010830324909,0.48495607172945,4,0.0,1
1640,5,0,1,0.052647412755716,0.495486821518835,4,0.0,2
1641,5,0,1,0.2184115523465704,0.5391743892165122,6,0.3333333333333333,0
1642,5,0,1,0.1131167268351383,0.5618004573354194,2,0.0,0
1643,5,0,1,0.191034897713598,0.038211577807197,2,0.0,0
1644,5,0,1,0.0102286401925391,0.0402575520519918,3,0.0,1
1645,5,0,1,0.0279783393501805,0.0458538933686364,4,0.0,1
1646,5,0,1,0.0333935018050541,0.0525333975207606,4,0.0,1
1647,5,0,1,0.1477135980746089,0.0820796726441208,2,0.0,0
1648,5,0,1,0.0054151624548736,0.0831628354796004,3,0.0,1
1649,5,0,1,0.0276774969915764,0.0886990010831628,4,0.0,1
1650,5,0,1,0.1146209386281588,0.111625947767481,2,0.0,0
1651,5,0,1,0.4371239470517449,0.1990612588759177,1,0.6666666666666666,0
1652,5,0,1,0.029783393501805,0.2050186544710554,4,0.0,1
1653,5,0,1,0.3567990373044524,0.2763870501865447,1,0.6666666666666666,0
1654,5,0,1,0.167870036101083,0.3099650980864123,2,0.0,0
1655,5,0,1,0.1573405535499398,0.3414369960284029,2,0.0,0
1656,5,0,1,0.0237665463297232,0.3461908773618967,4,0.0,1
1657,5,0,1,0.0270758122743682,0.3516066915392947,4,0.0,1
1658,5,0,1,0.0469314079422382,0.3609941027801179,4,0.0,2
1659,5,0,1,0.0042117930204572,0.3618365627632687,3,0.0,1
1660,5,0,1,0.0977737665463297,0.3813936695149837,4,0.0,2
1661,5,0,1,0.0,0.3813936695149837,5,0.0,1
1662,5,0,1,0.0565583634175691,0.3927067035744374,4,0.0,2
1663,5,0,1,0.0974729241877256,0.4122036346130701,4,0.0,2
1664,5,0,1,0.0451263537906137,0.4212299915754001,4,0.0,1
1665,5,0,1,0.0096269554753309,0.4231556143940306,3,0.0,1
1666,5,0,1,0.6137184115523466,0.5459140690817186,1,0.6666666666666666,0
1667,5,0,1,0.0300842358604091,0.5519316403899386,4,0.0,1
1668,5,0,1,0.0688929001203369,0.5657118786857624,4,0.0,2
1669,5,0,1,0.0135379061371841,0.5684197857744614,3,0.0,1
1670,5,0,1,0.1371841155234657,0.5958599109399446,2,0.0,0
1671,5,0,1,0.0,0.5958599109399446,5,0.0,1
1672,5,0,1,0.0893501805054151,0.613732097725358,4,0.0,2
1673,5,0,1,0.0412154031287605,0.6219761704176193,4,0.0,1
1674,5,0,1,0.085740072202166,0.017150078228427,4,0.0,2
1675,5,0,1,0.1841155234657039,0.0539776146347334,2,0.0,0
1676,5,0,1,0.0767148014440433,0.0693224214706944,4,0.0,2
1677,5,0,1,0.0303850782190132,0.0754001684919966,4,0.0,1
1678,5,0,1,0.1007821901323706,0.0955590323745336,4,0.0,2
1679,5,0,1,0.0015042117930204,0.0958599109399446,3,0.0,1
1680,5,0,1,0.0643802647412755,0.1087375135395354,4,0.0,2
1681,5,0,1,0.0577617328519855,0.1202912504513178,4,0.0,2
1682,5,0,1,0.1335740072202166,0.1470092670598146,2,0.0,0
1683,5,0,1,0.1696750902527075,0.1809483692381754,2,0.0,0
1684,5,0,1,0.0087244283995186,0.1826934649175592,3,0.0,1
1685,5,0,1,0.0207581227436823,0.186845589120231,3,0.0,1
1686,5,0,1,0.1269554753309266,0.2122397400409194,2,0.0,0
1687,5,0,1,0.0162454873646209,0.2154892285473583,3,0.0,1
1688,5,0,1,0.2653429602888086,0.2685642074858587,6,0.3333333333333333,0
1689,5,0,1,0.0060168471720818,0.2697677217475027,3,0.0,1
1690,5,0,1,0.0021058965102286,0.2701889517390781,3,0.0,1
1691,5,0,1,0.0207581227436823,0.2743410759417499,3,0.0,1
1692,5,0,1,0.1122141997593261,0.2967866169214105,2,0.0,0
1693,5,0,1,0.1022864019253911,0.3172463593693585,4,0.0,2
1694,5,0,1,0.1266546329723225,0.3425803345769647,2,0.0,0
1695,5,0,1,0.0192539109506618,0.3464315802142255,3,0.0,1
1696,5,0,1,0.0354993983152827,0.3535323143579251,4,0.0,1
1697,5,0,1,0.0586642599277978,0.3652665784089541,4,0.0,2
1698,5,0,1,0.055956678700361,0.3764592610422433,4,0.0,2
1699,5,0,1,0.1386883273164861,0.4042002647731376,2,0.0,0
1700,5,0,1,0.0722021660649819,0.4186424359128656,4,0.0,2
1701,5,0,1,0.3504813477737665,0.4887471416536286,1,0.6666666666666666,0
1702,5,0,1,0.0093261131167268,0.4906125887591767,3,0.0,1
1703,5,0,1,0.1016847172081829,0.5109519797809604,4,0.0,2
1704,5,0,1,0.0367027677496991,0.5182934167769888,4,0.0,1
1705,5,0,1,0.0583634175691937,0.0116740883379468,4,0.0,2
1706,5,0,1,0.0908543922984356,0.0298471536887712,4,0.0,2
1707,5,0,1,0.1371841155234657,0.0572872788542544,2,0.0,0
1708,5,0,1,0.009927797833935,0.059273077385967,3,0.0,1
1709,5,0,1,0.043020457280385,0.0678782043567216,4,0.0,1
1710,5,0,1,0.1188327316486161,0.0916476110241906,2,0.0,0
1711,5,0,1,0.3664259927797834,0.1649416295583102,1,0.6666666666666666,0
1712,5,0,1,0.0863417569193742,0.1822120592129016,4,0.0,2
1713,5,0,1,0.1164259927797834,0.205500060175713,2,0.0,0
1714,5,0,1,0.0117328519855595,0.2078469129859188,3,0.0,1
1715,5,0,1,0.0228640192539109,0.212420267180166,4,0.0,1
1716,5,0,1,0.0042117930204572,0.2132627271633168,3,0.0,1
1717,5,0,1,0.0102286401925391,0.2153087014081116,3,0.0,1
1718,5,0,1,0.1883273164861612,0.2529786977975689,2,0.0,0
1719,5,0,1,0.0887484957882069,0.2707305331568179,4,0.0,2
1720,5,0,1,0.2108904933814681,0.3129137080274401,6,0.3333333333333333,0
1721,5,0,1,0.1404933814681107,0.3410157660368275,2,0.0,0
1722,5,0,1,0.1272563176895307,0.3664700926705981,2,0.0,0
1723,5,0,1,0.0932611311672683,0.3851245637260801,4,0.0,2
1724,5,0,1,0.0051143200962695,0.3861475508484775,3,0.0,1
1725,5,0,1,0.0502406738868832,0.3961968949332049,4,0.0,2
1726,5,0,1,0.0168471720818291,0.3995667348658081,3,0.0,1
1727,5,0,1,0.0288808664259927,0.4053436033216994,4,0.0,1
1728,5,0,1,0.3811672683513838,0.4815862317968467,1,0.6666666666666666,0
1729,5,0,1,0.0866425992779783,0.4989168371645204,4,0.0,2
1730,5,0,1,0.1952466907340553,0.5379708749548682,6,0.3333333333333333,0
1731,5,0,1,0.0595667870036101,0.5498856661451438,4,0.0,2
1732,5,0,1,0.24338146811071,0.5985678180286437,6,0.3333333333333333,0
1733,5,0,1,0.0571600481347773,0.6100012035142617,4,0.0,2
1734,5,0,1,0.0261732851985559,0.615236490552413,4,0.0,1
1735,5,0,1,0.0370036101083032,0.0074016127091106,4,0.0,1
1736,5,0,1,0.0087244283995186,0.0091467083884944,3,0.0,1
1737,5,0,1,0.0255716004813477,0.0142616440004814,4,0.0,1
1738,5,0,1,0.0433212996389891,0.0229269466843182,4,0.0,1
1739,5,0,1,0.02647412755716,0.0282224094355518,4,0.0,1
1740,5,0,1,0.0210589651022864,0.0324347093513058,3,0.0,1
1741,5,0,1,0.0108303249097472,0.034601035022265,3,0.0,1
1742,5,0,1,0.1016847172081829,0.0549404260440486,4,0.0,2
1743,5,0,1,0.0285800240673886,0.0606571187868576,4,0.0,1
1744,5,0,1,0.0776173285198556,0.0761824527620652,4,0.0,2
1745,5,0,1,0.0087244283995186,0.077927548441449,3,0.0,1
1746,5,0,1,0.02647412755716,0.0832230111926826,4,0.0,1
1747,5,0,1,0.0057160048134777,0.0843663497412444,3,0.0,1
1748,5,0,1,0.0457280385078219,0.0935130581297388,4,0.0,2
1749,5,0,1,0.0288808664259927,0.09928992658563,4,0.0,1
1750,5,0,1,0.072503008423586,0.1137922734384402,4,0.0,2
1751,5,0,1,0.0159446450060168,0.1169815862317968,3,0.0,1
1752,5,0,1,0.0114320096269554,0.1192682633289204,3,0.0,1
1753,5,0,1,0.0135379061371841,0.1219761704176194,3,0.0,1
1754,5,0,1,0.0276774969915764,0.1275123360211818,4,0.0,1
1755,5,0,1,0.0333935018050541,0.134191840173306,4,0.0,1
1756,5,0,1,0.0012033694344163,0.1344325430256348,3,0.0,1
1757,5,0,1,0.0932611311672683,0.1530870140811168,4,0.0,2
1758,5,0,1,0.0138387484957882,0.155855096882898,3,0.0,1
1759,5,0,1,0.0252707581227436,0.1609098567818028,4,0.0,1
1760,5,0,1,0.0451263537906137,0.1699362137441328,4,0.0,1
1761,5,0,1,0.0117328519855595,0.1722830665543386,3,0.0,1
1762,5,0,1,0.0087244283995186,0.1740281622337224,3,0.0,1
1763,5,0,1,0.0051143200962695,0.1750511493561198,3,0.0,1
1764,5,0,1,0.0276774969915764,0.1805873149596822,4,0.0,1
1765,5,0,1,0.003610108303249,0.1813094235166686,3,0.0,1
1766,5,0,1,0.049638989169675,0.009928992658563,4,0.0,2
1767,5,0,1,0.0048134777376654,0.0108918040678782,3,0.0,1
1768,5,0,1,0.0126353790613718,0.0134191840173306,3,0.0,1
1769,5,0,1,0.0,0.0134191840173306,5,0.0,1
1770,5,0,1,0.0,0.0134191840173306,5,0.0,1
1771,5,0,1,0.0,0.0134191840173306,5,0.0,1
1772,5,0,1,0.0475330926594464,0.0229269466843182,4,0.0,2
1773,5,0,1,0.0,0.0229269466843182,5,0.0,1
1774,5,0,1,0.0006016847172081,0.0230472981104826,3,0.0,1
1775,5,0,1,0.0,0.0230472981104826,5,0.0,1
1776,5,0,1,0.0,0.0230472981104826,5,0.0,1
1777,5,0,1,0.0063176895306859,0.0243109880852088,3,0.0,1
1778,5,0,1,0.0821299638989169,0.0407389577566494,4,0.0,2
1779,5,0,1,0.0177496991576413,0.0442893248284992,3,0.0,1
1780,5,0,1,0.0,0.0442893248284992,5,0.0,1
1781,5,0,1,0.0,0.0442893248284992,5,0.0,1
1782,5,0,1,0.0207581227436823,0.048441449031171,3,0.0,1
1783,5,0,1,0.0291817087845968,0.0542784932001444,4,0.0,1
1784,5,0,1,0.0,0.0542784932001444,5,0.0,1
1785,5,0,1,0.0,0.0542784932001444,5,0.0,1
1786,5,0,1,0.0,0.0542784932001444,5,0.0,1
1787,5,0,1,0.0,0.0542784932001444,5,0.0,1
1788,5,0,1,0.0060168471720818,0.0554820074617884,3,0.0,1
1789,5,0,1,0.0,0.0554820074617884,5,0.0,1
1790,5,0,1,0.0,0.0554820074617884,5,0.0,1
1791,5,0,1,0.0,0.0554820074617884,5,0.0,1
1792,5,0,1,0.0,0.0554820074617884,5,0.0,1
1793,5,0,1,0.0547533092659446,0.0664339872427488,4,0.0,2
1794,5,0,1,0.0087244283995186,0.0681790829221326,3,0.0,1
1795,5,0,1,0.0204572803850782,0.0722710314117222,3,0.0,1
1796,5,0,1,0.0,0.0,5,0.0,1
1797,5,0,1,0.0,0.0,5,0.0,1
1798,5,0,1,0.0,0.0,5,0.0,1
1799,5,0,1,0.0,0.0,5,0.0,1
1800,5,0,1,0.0,0.0,5,0.0,1
1801,5,0,1,0.0,0.0,5,0.0,1
1802,5,0,1,0.0,0.0,5,0.0,1
1803,5,0,1,0.0,0.0,5,0.0,1
1804,5,0,1,0.0,0.0,5,0.0,1
1805,5,0,1,0.0027075812274368,0.0005415814177398,3,0.0,1
1806,5,0,1,0.0,0.0005415814177398,5,0.0,1
1807,5,0,1,0.0,0.0005415814177398,5,0.0,1
1808,5,0,1,0.0,0.0005415814177398,5,0.0,1
1809,5,0,1,0.0,0.0005415814177398,5,0.0,1
1810,5,0,1,0.0,0.0005415814177398,5,0.0,1
1811,5,0,1,0.0,0.0005415814177398,5,0.0,1
1812,5,0,1,0.0,0.0005415814177398,5,0.0,1
1813,5,0,1,0.0,0.0005415814177398,5,0.0,1
1814,5,0,1,0.0,0.0005415814177398,5,0.0,1
1815,5,0,1,0.0,0.0005415814177398,5,0.0,1
1816,5,0,1,0.0,0.0005415814177398,5,0.0,1
1817,5,0,1,0.0,0.0005415814177398,5,0.0,1
1818,5,0,1,0.0,0.0005415814177398,5,0.0,1
1819,5,0,1,0.0,0.0005415814177398,5,0.0,1
1820,5,0,1,0.0,0.0005415814177398,5,0.0,1
1821,5,0,1,0.0,0.0005415814177398,5,0.0,1
1822,5,0,1,0.0,0.0005415814177398,5,0.0,1
1823,5,0,1,0.0,0.0005415814177398,5,0.0,1
1824,5,0,1,0.0,0.0005415814177398,5,0.0,1
1825,5,0,1,0.0039109506618531,0.0013238656878084,3,0.0,1
1826,5,0,1,0.0,0.0013238656878084,5,0.0,1
0,2,1,3,0.0,0.0,5,0.0,1
1,2,1,3,0.0,0.0,5,0.0,1
2,2,1,3,0.0,0.0,5,0.0,1
3,2,1,3,0.0,0.0,5,0.0,1
4,2,1,3,0.0,0.0,5,0.0,1
5,2,1,3,0.0186522262334536,0.0037308942110964,3,0.0,1
6,2,1,3,0.0,0.0037308942110964,5,0.0,1
7,2,1,3,0.0,0.0037308942110964,5,0.0,1
8,2,1,3,0.0210589651022864,0.0079431941268504,3,0.0,1
9,2,1,3,0.0,0.0079431941268504,5,0.0,1
10,2,1,3,0.0,0.0079431941268504,5,0.0,1
11,2,1,3,0.0,0.0079431941268504,5,0.0,1
12,2,1,3,0.0,0.0079431941268504,5,0.0,1
13,2,1,3,0.0,0.0079431941268504,5,0.0,1
14,2,1,3,0.0,0.0079431941268504,5,0.0,1
15,2,1,3,0.0,0.0079431941268504,5,0.0,1
16,2,1,3,0.0102286401925391,0.0099891683716452,3,0.0,1
17,2,1,3,0.0,0.0099891683716452,5,0.0,1
18,2,1,3,0.0,0.0099891683716452,5,0.0,1
19,2,1,3,0.0333935018050541,0.0166686725237694,4,0.0,1
20,2,1,3,0.0,0.0166686725237694,5,0.0,1
21,2,1,3,0.0,0.0166686725237694,5,0.0,1
22,2,1,3,0.0,0.0166686725237694,5,0.0,1
23,2,1,3,0.0,0.0166686725237694,5,0.0,1
24,2,1,3,0.0,0.0166686725237694,5,0.0,1
25,2,1,3,0.0,0.0166686725237694,5,0.0,1
26,2,1,3,0.0,0.0166686725237694,5,0.0,1
27,2,1,3,0.0,0.0166686725237694,5,0.0,1
28,2,1,3,0.0,0.0166686725237694,5,0.0,1
29,2,1,3,0.0,0.0166686725237694,5,0.0,1
30,2,1,3,0.0162454873646209,0.0199181610302082,3,0.0,1
31,2,1,3,0.0024067388688327,0.0004814057046576,3,0.0,1
32,2,1,3,0.0,0.0004814057046576,5,0.0,1
33,2,1,3,0.0120336943441636,0.0028884342279456,3,0.0,1
34,2,1,3,0.0063176895306859,0.0041521242026718,3,0.0,1
35,2,1,3,0.0,0.0041521242026718,5,0.0,1
36,2,1,3,0.0,0.0041521242026718,5,0.0,1
37,2,1,3,0.0,0.0041521242026718,5,0.0,1
38,2,1,3,0.0,0.0041521242026718,5,0.0,1
39,2,1,3,0.0,0.0041521242026718,5,0.0,1
40,2,1,3,0.0,0.0041521242026718,5,0.0,1
41,2,1,3,0.0,0.0041521242026718,5,0.0,1
42,2,1,3,0.0,0.0041521242026718,5,0.0,1
43,2,1,3,0.0,0.0041521242026718,5,0.0,1
44,2,1,3,0.0,0.0041521242026718,5,0.0,1
45,2,1,3,0.0,0.0041521242026718,5,0.0,1
46,2,1,3,0.0,0.0041521242026718,5,0.0,1
47,2,1,3,0.0,0.0041521242026718,5,0.0,1
48,2,1,3,0.0,0.0041521242026718,5,0.0,1
49,2,1,3,0.0,0.0041521242026718,5,0.0,1
50,2,1,3,0.0,0.0041521242026718,5,0.0,1
51,2,1,3,0.0,0.0041521242026718,5,0.0,1
52,2,1,3,0.0045126353790613,0.0050547598989048,3,0.0,1
53,2,1,3,0.0,0.0050547598989048,5,0.0,1
54,2,1,3,0.0,0.0050547598989048,5,0.0,1
55,2,1,3,0.0,0.0050547598989048,5,0.0,1
56,2,1,3,0.0,0.0050547598989048,5,0.0,1
57,2,1,3,0.0,0.0050547598989048,5,0.0,1
58,2,1,3,0.0,0.0050547598989048,5,0.0,1
59,2,1,3,0.0,0.0050547598989048,5,0.0,1
60,2,1,3,0.0,0.0,5,0.0,1
61,2,1,3,0.0,0.0,5,0.0,1
62,2,1,3,0.0,0.0,5,0.0,1
63,2,1,3,0.0,0.0,5,0.0,1
64,2,1,3,0.0,0.0,5,0.0,1
65,2,1,3,0.0,0.0,5,0.0,1
66,2,1,3,0.0,0.0,5,0.0,1
67,2,1,3,0.0,0.0,5,0.0,1
68,2,1,3,0.0,0.0,5,0.0,1
69,2,1,3,0.0,0.0,5,0.0,1
70,2,1,3,0.0,0.0,5,0.0,1
71,2,1,3,0.0,0.0,5,0.0,1
72,2,1,3,0.0,0.0,5,0.0,1
73,2,1,3,0.0,0.0,5,0.0,1
74,2,1,3,0.0,0.0,5,0.0,1
75,2,1,3,0.0,0.0,5,0.0,1
76,2,1,3,0.0,0.0,5,0.0,1
77,2,1,3,0.0,0.0,5,0.0,1
78,2,1,3,0.000300842358604,6.017571308220002e-05,3,0.0,1
79,2,1,3,0.0,6.017571308220002e-05,5,0.0,1
80,2,1,3,0.0,6.017571308220002e-05,5,0.0,1
81,2,1,3,0.0,6.017571308220002e-05,5,0.0,1
82,2,1,3,0.0,6.017571308220002e-05,5,0.0,1
83,2,1,3,0.0,6.017571308220002e-05,5,0.0,1
84,2,1,3,0.0,6.017571308220002e-05,5,0.0,1
85,2,1,3,0.0,6.017571308220002e-05,5,0.0,1
86,2,1,3,0.0,6.017571308220002e-05,5,0.0,1
87,2,1,3,0.0,6.017571308220002e-05,5,0.0,1
88,2,1,3,0.0,6.017571308220002e-05,5,0.0,1
89,2,1,3,0.0,6.017571308220002e-05,5,0.0,1
90,2,1,3,0.0,6.017571308220002e-05,5,0.0,1
91,2,1,3,0.0,0.0,5,0.0,1
92,2,1,3,0.0,0.0,5,0.0,1
93,2,1,3,0.0,0.0,5,0.0,1
94,2,1,3,0.0,0.0,5,0.0,1
95,2,1,3,0.0,0.0,5,0.0,1
96,2,1,3,0.0,0.0,5,0.0,1
97,2,1,3,0.0,0.0,5,0.0,1
98,2,1,3,0.0,0.0,5,0.0,1
99,2,1,3,0.0,0.0,5,0.0,1
100,2,1,3,0.0,0.0,5,0.0,1
101,2,1,3,0.0,0.0,5,0.0,1
102,2,1,3,0.0,0.0,5,0.0,1
103,2,1,3,0.0,0.0,5,0.0,1
104,2,1,3,0.0,0.0,5,0.0,1
105,2,1,3,0.0,0.0,5,0.0,1
106,2,1,3,0.0,0.0,5,0.0,1
107,2,1,3,0.0,0.0,5,0.0,1
108,2,1,3,0.0,0.0,5,0.0,1
109,2,1,3,0.0,0.0,5,0.0,1
110,2,1,3,0.0,0.0,5,0.0,1
111,2,1,3,0.0,0.0,5,0.0,1
112,2,1,3,0.0,0.0,5,0.0,1
113,2,1,3,0.0,0.0,5,0.0,1
114,2,1,3,0.0,0.0,5,0.0,1
115,2,1,3,0.0,0.0,5,0.0,1
116,2,1,3,0.0,0.0,5,0.0,1
117,2,1,3,0.0,0.0,5,0.0,1
118,2,1,3,0.0,0.0,5,0.0,1
119,2,1,3,0.0081227436823104,0.0016247442532194,3,0.0,1
120,2,1,3,0.0,0.0016247442532194,5,0.0,1
121,2,1,3,0.0,0.0,5,0.0,1
122,2,1,3,0.0,0.0,5,0.0,1
123,2,1,3,0.0,0.0,5,0.0,1
124,2,1,3,0.0234657039711191,0.0046937056204116,4,0.0,1
125,2,1,3,0.0406137184115523,0.0128174268865086,4,0.0,1
126,2,1,3,0.0162454873646209,0.0160669153929474,3,0.0,1
127,2,1,3,0.0144404332129963,0.018955349620893,3,0.0,1
128,2,1,3,0.0294825511432009,0.0248525695029486,4,0.0,1
129,2,1,3,0.0060168471720818,0.0260560837645926,3,0.0,1
130,2,1,3,0.0,0.0260560837645926,5,0.0,1
131,2,1,3,0.0162454873646209,0.0293055722710314,3,0.0,1
132,2,1,3,0.0,0.0293055722710314,5,0.0,1
133,2,1,3,0.0,0.0293055722710314,5,0.0,1
134,2,1,3,0.0,0.0293055722710314,5,0.0,1
135,2,1,3,0.0,0.0293055722710314,5,0.0,1
136,2,1,3,0.0562575210589651,0.0405584306174028,4,0.0,2
137,2,1,3,0.0,0.0405584306174028,5,0.0,1
138,2,1,3,0.0,0.0405584306174028,5,0.0,1
139,2,1,3,0.0105294825511432,0.0426645805752798,3,0.0,1
140,2,1,3,0.0,0.0426645805752798,5,0.0,1
141,2,1,3,0.0,0.0426645805752798,5,0.0,1
142,2,1,3,0.0,0.0426645805752798,5,0.0,1
143,2,1,3,0.0,0.0426645805752798,5,0.0,1
144,2,1,3,0.0,0.0426645805752798,5,0.0,1
145,2,1,3,0.0,0.0426645805752798,5,0.0,1
146,2,1,3,0.0024067388688327,0.0431459862799374,3,0.0,1
147,2,1,3,0.0084235860409145,0.044830906246239,3,0.0,1
148,2,1,3,0.0,0.044830906246239,5,0.0,1
149,2,1,3,0.0,0.044830906246239,5,0.0,1
150,2,1,3,0.0339951865222623,0.0516307618245276,4,0.0,1
151,2,1,3,0.0,0.0516307618245276,5,0.0,1
152,2,1,3,0.0105294825511432,0.002106149957877,3,0.0,1
153,2,1,3,0.095667870036101,0.0212420267180166,4,0.0,2
154,2,1,3,0.0812274368231047,0.0374894692502106,4,0.0,2
155,2,1,3,0.1573405535499398,0.0689613671922012,2,0.0,0
156,2,1,3,0.0,0.0689613671922012,5,0.0,1
157,2,1,3,0.0514440433212996,0.0792514141292574,4,0.0,2
158,2,1,3,0.0,0.0792514141292574,5,0.0,1
159,2,1,3,0.0306859205776173,0.0853893368636418,4,0.0,1
160,2,1,3,0.0234657039711191,0.0900830424840534,4,0.0,1
161,2,1,3,0.0303850782190132,0.0961607895053556,4,0.0,1
162,2,1,3,0.0,0.0961607895053556,5,0.0,1
163,2,1,3,0.0,0.0961607895053556,5,0.0,1
164,2,1,3,0.0129362214199759,0.0987483451678902,3,0.0,1
165,2,1,3,0.2066787003610108,0.1400890600553616,6,0.3333333333333333,0
166,2,1,3,0.1829121540312876,0.1766758936093392,2,0.0,0
167,2,1,3,0.0084235860409145,0.1783608135756408,3,0.0,1
168,2,1,3,0.0,0.1783608135756408,5,0.0,1
169,2,1,3,0.0042117930204572,0.1792032735587916,3,0.0,1
170,2,1,3,0.0734055354993983,0.1938861475508484,4,0.0,2
171,2,1,3,0.0457280385078219,0.2030328559393428,4,0.0,2
172,2,1,3,0.0258724428399518,0.208207967264412,4,0.0,1
173,2,1,3,0.0336943441636582,0.2149476471296184,4,0.0,1
174,2,1,3,0.1107099879663056,0.2370923095438681,2,0.0,0
175,2,1,3,0.0,0.2370923095438681,5,0.0,1
176,2,1,3,0.0361010830324909,0.2443133951137321,4,0.0,1
177,2,1,3,0.0054151624548736,0.2453965579492117,3,0.0,1
178,2,1,3,0.0761131167268351,0.2606210133590083,4,0.0,2
179,2,1,3,0.0965703971119133,0.2799374172583945,4,0.0,2
180,2,1,3,0.0219614921780986,0.2843302443133951,3,0.0,1
181,2,1,3,0.0183513838748495,0.2880009628114093,3,0.0,1
182,2,1,3,0.0276774969915764,0.0055361656035624,4,0.0,1
183,2,1,3,0.0246690734055354,0.0104705740763028,4,0.0,1
184,2,1,3,0.1314681107099879,0.0367673606932242,2,0.0,0
185,2,1,3,0.0051143200962695,0.0377903478156216,3,0.0,1
186,2,1,3,0.0222623345367027,0.0422433505837044,3,0.0,1
187,2,1,3,0.009927797833935,0.044229149115417,3,0.0,1
188,2,1,3,0.0,0.044229149115417,5,0.0,1
189,2,1,3,0.0481347773766546,0.053857263208569,4,0.0,2
190,2,1,3,0.0270758122743682,0.059273077385967,4,0.0,1
191,2,1,3,0.0583634175691937,0.0709471657239138,4,0.0,2
192,2,1,3,0.0409145607701564,0.079131062703093,4,0.0,1
193,2,1,3,0.1735860409145607,0.1138524491515224,2,0.0,0
194,2,1,3,0.0,0.1138524491515224,5,0.0,1
195,2,1,3,0.0,0.1138524491515224,5,0.0,1
196,2,1,3,0.0129362214199759,0.116440004814057,3,0.0,1
197,2,1,3,0.0153429602888086,0.1195089661812492,3,0.0,1
198,2,1,3,0.0388086642599278,0.127271633168853,4,0.0,1
199,2,1,3,0.0646811070998796,0.140209411481526,4,0.0,2
200,2,1,3,0.0126353790613718,0.1427367914309784,3,0.0,1
201,2,1,3,0.1642599277978339,0.1755927307738596,2,0.0,0
202,2,1,3,0.0189530685920577,0.1793838006980382,3,0.0,1
203,2,1,3,0.0,0.1793838006980382,5,0.0,1
204,2,1,3,0.315884476534296,0.2425682994343483,6,0.3333333333333333,0
205,2,1,3,0.0126353790613718,0.2450956793838007,3,0.0,1
206,2,1,3,0.1468110709987966,0.2744614273679143,2,0.0,0
207,2,1,3,0.0018050541516245,0.2748224816464075,3,0.0,1
208,2,1,3,0.0,0.2748224816464075,5,0.0,1
209,2,1,3,0.01323706377858,0.2774702130220243,3,0.0,1
210,2,1,3,0.0,0.2774702130220243,5,0.0,1
211,2,1,3,0.01323706377858,0.2801179443976411,3,0.0,1
212,2,1,3,0.0373044524669073,0.2875797328198339,4,0.0,1
213,2,1,3,0.0,0.0,5,0.0,1
214,2,1,3,0.0,0.0,5,0.0,1
215,2,1,3,0.0454271961492178,0.0090865326754122,4,0.0,2
216,2,1,3,0.0156438026474127,0.0122156697556866,3,0.0,1
217,2,1,3,0.0442238267148014,0.02106149957877,4,0.0,1
218,2,1,3,0.144705174488568,0.0500060175713082,2,0.0,0
219,2,1,3,0.0505415162454873,0.0601155373691178,4,0.0,2
220,2,1,3,0.0920577617328519,0.078529305572271,4,0.0,2
221,2,1,3,0.4663056558363417,0.171801660849681,1,0.6666666666666666,0
222,2,1,3,0.049638989169675,0.181730653508244,4,0.0,2
223,2,1,3,0.016546329723225,0.185040317727765,3,0.0,1
224,2,1,3,0.0661853188929001,0.198278974605849,4,0.0,2
225,2,1,3,0.0749097472924187,0.2132627271633168,4,0.0,2
226,2,1,3,0.01985559566787,0.217234324226742,3,0.0,1
227,2,1,3,0.0336943441636582,0.2239740040919484,4,0.0,1
228,2,1,3,0.0291817087845968,0.2298110482609218,4,0.0,1
229,2,1,3,0.0,0.2298110482609218,5,0.0,1
230,2,1,3,0.0276774969915764,0.2353472138644843,4,0.0,1
231,2,1,3,0.003610108303249,0.2360693224214707,3,0.0,1
232,2,1,3,0.0150421179302045,0.2390781080755807,3,0.0,1
233,2,1,3,0.0460288808664259,0.2482849921771573,4,0.0,2
234,2,1,3,0.2626353790613718,0.3008183896979179,6,0.3333333333333333,0
235,2,1,3,0.0093261131167268,0.3026838368034661,3,0.0,1
236,2,1,3,0.1329723225030084,0.3292815019857985,2,0.0,0
237,2,1,3,0.0060168471720818,0.3304850162474425,3,0.0,1
238,2,1,3,0.036401925391095,0.3377662775303887,4,0.0,1
239,2,1,3,0.0057160048134777,0.3389096160789505,3,0.0,1
240,2,1,3,0.0,0.3389096160789505,5,0.0,1
241,2,1,3,0.0117328519855595,0.3412564688891563,3,0.0,1
242,2,1,3,0.0821299638989169,0.3576844385605969,4,0.0,2
243,2,1,3,0.0361010830324909,0.3649055241304609,4,0.0,1
244,2,1,3,0.2090854392298435,0.041822120592129,6,0.3333333333333333,0
245,2,1,3,0.0159446450060168,0.0450114333854856,3,0.0,1
246,2,1,3,0.03971119133574,0.052954627512336,4,0.0,1
247,2,1,3,0.246690734055355,0.10229871223974,6,0.3333333333333333,0
248,2,1,3,0.2157039711191336,0.1454446985196774,6,0.3333333333333333,0
249,2,1,3,0.0,0.1454446985196774,5,0.0,1
250,2,1,3,0.0,0.1454446985196774,5,0.0,1
251,2,1,3,0.0505415162454873,0.155554218317487,4,0.0,2
252,2,1,3,0.0499398315282791,0.1655433866891322,4,0.0,2
253,2,1,3,0.0908543922984356,0.1837164520399566,4,0.0,2
254,2,1,3,0.1341756919374248,0.2105548200746178,2,0.0,0
255,2,1,3,0.0466305655836341,0.2198820556023588,4,0.0,2
256,2,1,3,0.0015042117930204,0.2201829341677698,3,0.0,1
257,2,1,3,0.0354993983152827,0.2272836683114694,4,0.0,1
258,2,1,3,0.0051143200962695,0.2283066554338668,3,0.0,1
259,2,1,3,0.0421179302045728,0.2367312552653748,4,0.0,1
260,2,1,3,0.0980746089049338,0.2563485377301721,4,0.0,2
261,2,1,3,0.082430806257521,0.2728366831146949,4,0.0,2
262,2,1,3,0.0210589651022864,0.2770489830304489,3,0.0,1
263,2,1,3,0.0102286401925391,0.2790949572752437,3,0.0,1
264,2,1,3,0.0,0.2790949572752437,5,0.0,1
265,2,1,3,0.003309265944645,0.2797568901191479,3,0.0,1
266,2,1,3,0.0400120336943441,0.2877602599590805,4,0.0,1
267,2,1,3,0.0,0.2877602599590805,5,0.0,1
268,2,1,3,0.04632972322503,0.2970273197737393,4,0.0,2
269,2,1,3,0.1365824308062575,0.3243470935130581,2,0.0,0
270,2,1,3,0.0,0.3243470935130581,5,0.0,1
271,2,1,3,0.0532490974729241,0.3349981947286075,4,0.0,2
272,2,1,3,0.0460288808664259,0.3442050788301841,4,0.0,2
273,2,1,3,0.0472322503008423,0.3536526657840895,4,0.0,2
274,2,1,3,0.0,0.0,5,0.0,1
275,2,1,3,0.0234657039711191,0.0046937056204116,4,0.0,1
276,2,1,3,0.0207581227436823,0.0088458298230834,3,0.0,1
277,2,1,3,0.0,0.0088458298230834,5,0.0,1
278,2,1,3,0.0060168471720818,0.0100493440847274,3,0.0,1
279,2,1,3,0.0,0.0100493440847274,5,0.0,1
280,2,1,3,0.0,0.0100493440847274,5,0.0,1
281,2,1,3,0.0,0.0100493440847274,5,0.0,1
282,2,1,3,0.0388086642599278,0.0178120110723312,4,0.0,1
283,2,1,3,0.0039109506618531,0.0185942953423998,3,0.0,1
284,2,1,3,0.0267749699157641,0.0239499338067156,4,0.0,1
285,2,1,3,0.0228640192539109,0.0285232880009628,4,0.0,1
286,2,1,3,0.0,0.0285232880009628,5,0.0,1
287,2,1,3,0.0144404332129963,0.0314117222289084,3,0.0,1
288,2,1,3,0.0,0.0314117222289084,5,0.0,1
289,2,1,3,0.0162454873646209,0.0346612107353472,3,0.0,1
290,2,1,3,0.0394103489771359,0.0425442291491154,4,0.0,1
291,2,1,3,0.0,0.0425442291491154,5,0.0,1
292,2,1,3,0.0081227436823104,0.0441689734023348,3,0.0,1
293,2,1,3,0.0060168471720818,0.0453724876639788,3,0.0,1
294,2,1,3,0.0,0.0453724876639788,5,0.0,1
295,2,1,3,0.0024067388688327,0.0458538933686364,3,0.0,1
296,2,1,3,0.0228640192539109,0.0504272475628836,4,0.0,1
297,2,1,3,0.0048134777376654,0.0513900589721988,3,0.0,1
298,2,1,3,0.0,0.0513900589721988,5,0.0,1
299,2,1,3,0.0162454873646209,0.0546395474786376,3,0.0,1
300,2,1,3,0.0,0.0546395474786376,5,0.0,1
301,2,1,3,0.0,0.0546395474786376,5,0.0,1
302,2,1,3,0.0300842358604091,0.0606571187868576,4,0.0,1
303,2,1,3,0.0,0.0606571187868576,5,0.0,1
304,2,1,3,0.0012033694344163,0.0608978216391864,3,0.0,1
305,2,1,3,0.0,0.0,5,0.0,1
306,2,1,3,0.0,0.0,5,0.0,1
307,2,1,3,0.0051143200962695,0.0010229871223974,3,0.0,1
308,2,1,3,0.0,0.0010229871223974,5,0.0,1
309,2,1,3,0.0,0.0010229871223974,5,0.0,1
310,2,1,3,0.0,0.0010229871223974,5,0.0,1
311,2,1,3,0.0,0.0010229871223974,5,0.0,1
312,2,1,3,0.0,0.0010229871223974,5,0.0,1
313,2,1,3,0.0,0.0010229871223974,5,0.0,1
314,2,1,3,0.0159446450060168,0.004212299915754,3,0.0,1
315,2,1,3,0.0,0.004212299915754,5,0.0,1
316,2,1,3,0.0,0.004212299915754,5,0.0,1
317,2,1,3,0.0,0.004212299915754,5,0.0,1
318,2,1,3,0.0,0.004212299915754,5,0.0,1
319,2,1,3,0.0,0.004212299915754,5,0.0,1
320,2,1,3,0.0,0.004212299915754,5,0.0,1
321,2,1,3,0.0,0.004212299915754,5,0.0,1
322,2,1,3,0.0,0.004212299915754,5,0.0,1
323,2,1,3,0.0,0.004212299915754,5,0.0,1
324,2,1,3,0.0,0.004212299915754,5,0.0,1
325,2,1,3,0.0,0.004212299915754,5,0.0,1
326,2,1,3,0.0,0.004212299915754,5,0.0,1
327,2,1,3,0.0,0.004212299915754,5,0.0,1
328,2,1,3,0.0373044524669073,0.0116740883379468,4,0.0,1
329,2,1,3,0.0,0.0116740883379468,5,0.0,1
330,2,1,3,0.0,0.0116740883379468,5,0.0,1
331,2,1,3,0.0,0.0116740883379468,5,0.0,1
332,2,1,3,0.0,0.0116740883379468,5,0.0,1
333,2,1,3,0.0228640192539109,0.016247442532194,4,0.0,1
334,2,1,3,0.0,0.016247442532194,5,0.0,1
335,2,1,3,0.0,0.0,5,0.0,1
336,2,1,3,0.0,0.0,5,0.0,1
337,2,1,3,0.0,0.0,5,0.0,1
338,2,1,3,0.0,0.0,5,0.0,1
339,2,1,3,0.0,0.0,5,0.0,1
340,2,1,3,0.0,0.0,5,0.0,1
341,2,1,3,0.0141395908543922,0.0028282585148634,3,0.0,1
342,2,1,3,0.0,0.0028282585148634,5,0.0,1
343,2,1,3,0.0,0.0028282585148634,5,0.0,1
344,2,1,3,0.0,0.0028282585148634,5,0.0,1
345,2,1,3,0.0,0.0028282585148634,5,0.0,1
346,2,1,3,0.0048134777376654,0.0037910699241786,3,0.0,1
347,2,1,3,0.0,0.0037910699241786,5,0.0,1
348,2,1,3,0.0,0.0037910699241786,5,0.0,1
349,2,1,3,0.0,0.0037910699241786,5,0.0,1
350,2,1,3,0.0,0.0037910699241786,5,0.0,1
351,2,1,3,0.0117328519855595,0.0061379227343844,3,0.0,1
352,2,1,3,0.0,0.0061379227343844,5,0.0,1
353,2,1,3,0.0,0.0061379227343844,5,0.0,1
354,2,1,3,0.0,0.0061379227343844,5,0.0,1
355,2,1,3,0.0,0.0061379227343844,5,0.0,1
356,2,1,3,0.0,0.0061379227343844,5,0.0,1
357,2,1,3,0.0,0.0061379227343844,5,0.0,1
358,2,1,3,0.0,0.0061379227343844,5,0.0,1
359,2,1,3,0.0,0.0061379227343844,5,0.0,1
360,2,1,3,0.0,0.0061379227343844,5,0.0,1
361,2,1,3,0.0,0.0061379227343844,5,0.0,1
362,2,1,3,0.0,0.0061379227343844,5,0.0,1
363,2,1,3,0.0,0.0061379227343844,5,0.0,1
364,2,1,3,0.0,0.0061379227343844,5,0.0,1
365,2,1,3,0.0,0.0061379227343844,5,0.0,1
366,2,1,2,0.0,0.0,5,0.0,1
367,2,1,2,0.0,0.0,5,0.0,1
368,2,1,2,0.0,0.0,5,0.0,1
369,2,1,2,0.0,0.0,5,0.0,1
370,2,1,2,0.0,0.0,5,0.0,1
371,2,1,2,0.0,0.0,5,0.0,1
372,2,1,2,0.0,0.0,5,0.0,1
373,2,1,2,0.0,0.0,5,0.0,1
374,2,1,2,0.0,0.0,5,0.0,1
375,2,1,2,0.0,0.0,5,0.0,1
376,2,1,2,0.0,0.0,5,0.0,1
377,2,1,2,0.0,0.0,5,0.0,1
378,2,1,2,0.0024067388688327,0.0004814057046576,3,0.0,1
379,2,1,2,0.0,0.0004814057046576,5,0.0,1
380,2,1,2,0.0,0.0004814057046576,5,0.0,1
381,2,1,2,0.0,0.0004814057046576,5,0.0,1
382,2,1,2,0.0,0.0004814057046576,5,0.0,1
383,2,1,2,0.0,0.0004814057046576,5,0.0,1
384,2,1,2,0.0,0.0004814057046576,5,0.0,1
385,2,1,2,0.0,0.0004814057046576,5,0.0,1
386,2,1,2,0.0,0.0004814057046576,5,0.0,1
387,2,1,2,0.0,0.0004814057046576,5,0.0,1
388,2,1,2,0.0108303249097472,0.0026477313756168,3,0.0,1
389,2,1,2,0.0,0.0026477313756168,5,0.0,1
390,2,1,2,0.003309265944645,0.003309664219521,3,0.0,1
391,2,1,2,0.0,0.003309664219521,5,0.0,1
392,2,1,2,0.0120336943441636,0.005716692742809,3,0.0,1
393,2,1,2,0.0,0.005716692742809,5,0.0,1
394,2,1,2,0.0,0.005716692742809,5,0.0,1
395,2,1,2,0.0,0.005716692742809,5,0.0,1
396,2,1,2,0.0,0.005716692742809,5,0.0,1
397,2,1,2,0.0,0.0,5,0.0,1
398,2,1,2,0.0,0.0,5,0.0,1
399,2,1,2,0.0,0.0,5,0.0,1
400,2,1,2,0.0,0.0,5,0.0,1
401,2,1,2,0.0,0.0,5,0.0,1
402,2,1,2,0.0,0.0,5,0.0,1
403,2,1,2,0.0096269554753309,0.0019256228186304,3,0.0,1
404,2,1,2,0.0204572803850782,0.00601757130822,3,0.0,1
405,2,1,2,0.0,0.00601757130822,5,0.0,1
406,2,1,2,0.0018050541516245,0.0063786255867132,3,0.0,1
407,2,1,2,0.0,0.0063786255867132,5,0.0,1
408,2,1,2,0.0,0.0063786255867132,5,0.0,1
409,2,1,2,0.0,0.0063786255867132,5,0.0,1
410,2,1,2,0.0114320096269554,0.0086653026838368,3,0.0,1
411,2,1,2,0.0,0.0086653026838368,5,0.0,1
412,2,1,2,0.0,0.0086653026838368,5,0.0,1
413,2,1,2,0.0051143200962695,0.0096882898062342,3,0.0,1
414,2,1,2,0.0,0.0096882898062342,5,0.0,1
415,2,1,2,0.0,0.0096882898062342,5,0.0,1
416,2,1,2,0.0436221419975932,0.0184137682031532,4,0.0,1
417,2,1,2,0.0,0.0184137682031532,5,0.0,1
418,2,1,2,0.0,0.0184137682031532,5,0.0,1
419,2,1,2,0.0,0.0184137682031532,5,0.0,1
420,2,1,2,0.0,0.0184137682031532,5,0.0,1
421,2,1,2,0.0,0.0184137682031532,5,0.0,1
422,2,1,2,0.0,0.0184137682031532,5,0.0,1
423,2,1,2,0.0,0.0184137682031532,5,0.0,1
424,2,1,2,0.0,0.0184137682031532,5,0.0,1
425,2,1,2,0.0,0.0,5,0.0,1
426,2,1,2,0.0,0.0,5,0.0,1
427,2,1,2,0.0,0.0,5,0.0,1
428,2,1,2,0.0,0.0,5,0.0,1
429,2,1,2,0.0,0.0,5,0.0,1
430,2,1,2,0.0,0.0,5,0.0,1
431,2,1,2,0.0,0.0,5,0.0,1
432,2,1,2,0.0,0.0,5,0.0,1
433,2,1,2,0.0,0.0,5,0.0,1
434,2,1,2,0.0,0.0,5,0.0,1
435,2,1,2,0.0108303249097472,0.0021663256709592,3,0.0,1
436,2,1,2,0.0,0.0021663256709592,5,0.0,1
437,2,1,2,0.0,0.0021663256709592,5,0.0,1
438,2,1,2,0.0,0.0021663256709592,5,0.0,1
439,2,1,2,0.0,0.0021663256709592,5,0.0,1
440,2,1,2,0.0,0.0021663256709592,5,0.0,1
441,2,1,2,0.0,0.0021663256709592,5,0.0,1
442,2,1,2,0.0,0.0021663256709592,5,0.0,1
443,2,1,2,0.0,0.0021663256709592,5,0.0,1
444,2,1,2,0.0,0.0021663256709592,5,0.0,1
445,2,1,2,0.0,0.0021663256709592,5,0.0,1
446,2,1,2,0.0,0.0021663256709592,5,0.0,1
447,2,1,2,0.0,0.0021663256709592,5,0.0,1
448,2,1,2,0.0,0.0021663256709592,5,0.0,1
449,2,1,2,0.0,0.0021663256709592,5,0.0,1
450,2,1,2,0.0,0.0021663256709592,5,0.0,1
451,2,1,2,0.0,0.0021663256709592,5,0.0,1
452,2,1,2,0.0,0.0021663256709592,5,0.0,1
453,2,1,2,0.0,0.0021663256709592,5,0.0,1
454,2,1,2,0.0,0.0021663256709592,5,0.0,1
455,2,1,2,0.0,0.0021663256709592,5,0.0,1
456,2,1,2,0.0,0.0,5,0.0,1
457,2,1,2,0.0,0.0,5,0.0,1
458,2,1,2,0.0,0.0,5,0.0,1
459,2,1,2,0.0,0.0,5,0.0,1
460,2,1,2,0.0,0.0,5,0.0,1
461,2,1,2,0.0222623345367027,0.0044530027680828,3,0.0,1
462,2,1,2,0.0,0.0044530027680828,5,0.0,1
463,2,1,2,0.0,0.0044530027680828,5,0.0,1
464,2,1,2,0.0,0.0044530027680828,5,0.0,1
465,2,1,2,0.0156438026474127,0.0075821398483572,3,0.0,1
466,2,1,2,0.0,0.0075821398483572,5,0.0,1
467,2,1,2,0.0246690734055354,0.0125165483210976,4,0.0,1
468,2,1,2,0.0195547533092659,0.0164279696714406,3,0.0,1
469,2,1,2,0.0117328519855595,0.0187748224816464,3,0.0,1
470,2,1,2,0.0,0.0187748224816464,5,0.0,1
471,2,1,2,0.0,0.0187748224816464,5,0.0,1
472,2,1,2,0.0,0.0187748224816464,5,0.0,1
473,2,1,2,0.023164861612515,0.0234083523889758,4,0.0,1
474,2,1,2,0.0,0.0234083523889758,5,0.0,1
475,2,1,2,0.0,0.0234083523889758,5,0.0,1
476,2,1,2,0.0048134777376654,0.024371163798291,3,0.0,1
477,2,1,2,0.0,0.024371163798291,5,0.0,1
478,2,1,2,0.0,0.024371163798291,5,0.0,1
479,2,1,2,0.0,0.024371163798291,5,0.0,1
480,2,1,2,0.0,0.024371163798291,5,0.0,1
481,2,1,2,0.0,0.024371163798291,5,0.0,1
482,2,1,2,0.0,0.024371163798291,5,0.0,1
483,2,1,2,0.0282791817087845,0.0300276808280178,4,0.0,1
484,2,1,2,0.0,0.0300276808280178,5,0.0,1
485,2,1,2,0.0,0.0300276808280178,5,0.0,1
486,2,1,2,0.0,0.0,5,0.0,1
487,2,1,2,0.0060168471720818,0.001203514261644,3,0.0,1
488,2,1,2,0.0234657039711191,0.0058972198820556,4,0.0,1
489,2,1,2,0.0153429602888086,0.0089661812492478,3,0.0,1
490,2,1,2,0.0,0.0089661812492478,5,0.0,1
491,2,1,2,0.0,0.0089661812492478,5,0.0,1
492,2,1,2,0.0,0.0089661812492478,5,0.0,1
493,2,1,2,0.0,0.0089661812492478,5,0.0,1
494,2,1,2,0.0090252707581227,0.0107714526417138,3,0.0,1
495,2,1,2,0.0,0.0107714526417138,5,0.0,1
496,2,1,2,0.0,0.0107714526417138,5,0.0,1
497,2,1,2,0.1200361010830324,0.0347815621615116,2,0.0,0
498,2,1,2,0.0,0.0347815621615116,5,0.0,1
499,2,1,2,0.0,0.0347815621615116,5,0.0,1
500,2,1,2,0.0186522262334536,0.038512456372608,3,0.0,1
501,2,1,2,0.0126353790613718,0.0410398363220604,3,0.0,1
502,2,1,2,0.0,0.0410398363220604,5,0.0,1
503,2,1,2,0.0,0.0410398363220604,5,0.0,1
504,2,1,2,0.0348977135980746,0.0480202190395956,4,0.0,1
505,2,1,2,0.0,0.0480202190395956,5,0.0,1
506,2,1,2,0.0075210589651022,0.0495246118666506,3,0.0,1
507,2,1,2,0.0,0.0495246118666506,5,0.0,1
508,2,1,2,0.0,0.0495246118666506,5,0.0,1
509,2,1,2,0.0,0.0495246118666506,5,0.0,1
510,2,1,2,0.02647412755716,0.0548200746178842,4,0.0,1
511,2,1,2,0.0210589651022864,0.0590323745336382,3,0.0,1
512,2,1,2,0.0141395908543922,0.0618606330485016,3,0.0,1
513,2,1,2,0.0282791817087845,0.0675171500782284,4,0.0,1
514,2,1,2,0.0237665463297232,0.0722710314117222,4,0.0,1
515,2,1,2,0.0,0.0722710314117222,5,0.0,1
516,2,1,2,0.0,0.0722710314117222,5,0.0,1
517,2,1,2,0.0021058965102286,0.0004212299915754,3,0.0,1
518,2,1,2,0.0063176895306859,0.0016849199663016,3,0.0,1
519,2,1,2,0.1374849578820698,0.029185220844867,2,0.0,0
520,2,1,2,0.1007821901323706,0.049344084727404,4,0.0,2
521,2,1,2,0.0,0.049344084727404,5,0.0,1
522,2,1,2,0.0,0.049344084727404,5,0.0,1
523,2,1,2,0.062575210589651,0.0618606330485016,4,0.0,2
524,2,1,2,0.0153429602888086,0.0649295944156938,3,0.0,1
525,2,1,2,0.0,0.0649295944156938,5,0.0,1
526,2,1,2,0.0902527075812274,0.0829823083403538,4,0.0,2
527,2,1,2,0.0123345367027677,0.085449512576724,3,0.0,1
528,2,1,2,0.0424187725631768,0.0939342881213142,4,0.0,1
529,2,1,2,0.1034897713598074,0.114634733421591,4,0.0,2
530,2,1,2,0.0336943441636582,0.1213744132867974,4,0.0,1
531,2,1,2,0.0024067388688327,0.121855818991455,3,0.0,1
532,2,1,2,0.0,0.121855818991455,5,0.0,1
533,2,1,2,0.01985559566787,0.1258274160548802,3,0.0,1
534,2,1,2,0.0327918170878459,0.13238656878084,4,0.0,1
535,2,1,2,0.0258724428399518,0.1375616801059092,4,0.0,1
536,2,1,2,0.0947653429602888,0.1565170297268022,4,0.0,2
537,2,1,2,0.3261131167268352,0.221747502707907,6,0.3333333333333333,0
538,2,1,2,0.0024067388688327,0.2222289084125646,3,0.0,1
539,2,1,2,0.0024067388688327,0.2227103141172223,3,0.0,1
540,2,1,2,0.0568592057761732,0.2340835238897581,4,0.0,2
541,2,1,2,0.0,0.2340835238897581,5,0.0,1
542,2,1,2,0.2572202166064982,0.2855337585750391,6,0.3333333333333333,0
543,2,1,2,0.0,0.2855337585750391,5,0.0,1
544,2,1,2,0.0075210589651022,0.2870381514020941,3,0.0,1
545,2,1,2,0.0,0.2870381514020941,5,0.0,1
546,2,1,2,0.0,0.2870381514020941,5,0.0,1
547,2,1,2,0.0189530685920577,0.0037910699241786,3,0.0,1
548,2,1,2,0.0093261131167268,0.0056565170297268,3,0.0,1
549,2,1,2,0.0315884476534296,0.0119749669033578,4,0.0,1
550,2,1,2,0.1344765342960289,0.0388735106511012,2,0.0,0
551,2,1,2,0.01323706377858,0.041521242026718,3,0.0,1
552,2,1,2,0.0270758122743682,0.046937056204116,4,0.0,1
553,2,1,2,0.0015042117930204,0.047237934769527,3,0.0,1
554,2,1,2,0.0848375451263537,0.0642074858587074,4,0.0,2
555,2,1,2,0.0327918170878459,0.0707666385846672,4,0.0,1
556,2,1,2,0.0929602888086642,0.089360933927067,4,0.0,2
557,2,1,2,0.0072202166064981,0.0908051510410398,3,0.0,1
558,2,1,2,0.0015042117930204,0.0911060296064508,3,0.0,1
559,2,1,2,0.03309265944645,0.0977253580454928,4,0.0,1
560,2,1,2,0.0694945848375451,0.111625947767481,4,0.0,2
561,2,1,2,0.0595667870036101,0.1235407389577566,4,0.0,2
562,2,1,2,0.0177496991576413,0.1270911060296064,3,0.0,1
563,2,1,2,0.0361010830324909,0.1343121915994704,4,0.0,1
564,2,1,2,0.0652827918170878,0.1473703213383078,4,0.0,2
565,2,1,2,0.0,0.1473703213383078,5,0.0,1
566,2,1,2,0.2864019253910951,0.2046576001925623,6,0.3333333333333333,0
567,2,1,2,0.203971119133574,0.2454567336622938,6,0.3333333333333333,0
568,2,1,2,0.0180505415162454,0.2490672764472258,3,0.0,1
569,2,1,2,0.0409145607701564,0.2572511734264051,4,0.0,1
570,2,1,2,0.1001805054151624,0.2772896858827777,4,0.0,2
571,2,1,2,0.2268351383874849,0.3226621735467565,6,0.3333333333333333,0
572,2,1,2,0.1170276774969915,0.3460705259357323,2,0.0,0
573,2,1,2,0.079121540312876,0.3618967384763509,4,0.0,2
574,2,1,2,0.0812274368231047,0.3781441810085449,4,0.0,2
575,2,1,2,0.1465102286401925,0.4074497532795764,2,0.0,0
576,2,1,2,0.0,0.4074497532795764,5,0.0,1
577,2,1,2,0.0069193742478941,0.4088337946804669,3,0.0,1
578,2,1,2,0.0589651022864019,0.0117944397641112,4,0.0,2
579,2,1,2,0.0571600481347773,0.0232278252497292,4,0.0,2
580,2,1,2,0.2057761732851986,0.064388012997954,6,0.3333333333333333,0
581,2,1,2,0.0174488567990373,0.0678782043567216,3,0.0,1
582,2,1,2,0.0,0.0678782043567216,5,0.0,1
583,2,1,2,0.3992178098676293,0.147731375616801,1,0.6666666666666666,0
584,2,1,2,0.0631768953068592,0.160368275364063,4,0.0,2
585,2,1,2,0.1552346570397112,0.1914189433144782,2,0.0,0
586,2,1,2,0.0812274368231047,0.2076663858466723,4,0.0,2
587,2,1,2,0.0998796630565583,0.2276447225899626,4,0.0,2
588,2,1,2,0.0285800240673886,0.2333614153327717,4,0.0,1
589,2,1,2,0.292719614921781,0.2919123841617523,6,0.3333333333333333,0
590,2,1,2,0.0,0.2919123841617523,5,0.0,1
591,2,1,2,0.036401925391095,0.2991936454446985,4,0.0,1
592,2,1,2,0.0514440433212996,0.3094836923817546,4,0.0,2
593,2,1,2,0.0737063778580024,0.3242267420868936,4,0.0,2
594,2,1,2,0.0270758122743682,0.3296425562642917,4,0.0,1
595,2,1,2,0.0168471720818291,0.3330123961968949,3,0.0,1
596,2,1,2,0.0045126353790613,0.3339150318931279,3,0.0,1
597,2,1,2,0.0376052948255114,0.3414369960284029,4,0.0,1
598,2,1,2,0.0376052948255114,0.3489589601636779,4,0.0,1
599,2,1,2,0.0030084235860409,0.3495607172944999,3,0.0,1
600,2,1,2,0.0896510228640192,0.3674930797929955,4,0.0,2
601,2,1,2,0.1832129963898917,0.4041400890600554,2,0.0,0
602,2,1,2,0.157942238267148,0.4357323384282103,2,0.0,0
603,2,1,2,0.1874247894103489,0.473221807678421,2,0.0,0
604,2,1,2,0.1089049338146811,0.4950054158141774,2,0.0,0
605,2,1,2,0.0318892900120336,0.5013840414008907,4,0.0,1
606,2,1,2,0.1221419975932611,0.5258153809122638,2,0.0,0
607,2,1,2,0.0728038507821901,0.5403779034781562,4,0.0,2
608,2,1,2,0.036401925391095,0.5476591647611024,4,0.0,1
609,2,1,2,0.2217208182912154,0.0443495005415814,6,0.3333333333333333,0
610,2,1,2,0.0382069795427196,0.0519918161030208,4,0.0,1
611,2,1,2,0.1275571600481347,0.0775063184498736,2,0.0,0
612,2,1,2,0.0875451263537906,0.0950174509567938,4,0.0,2
613,2,1,2,0.0935619735258724,0.113732097725358,4,0.0,2
614,2,1,2,0.0246690734055354,0.1186665061980984,4,0.0,1
615,2,1,2,0.0279783393501805,0.124262847514743,4,0.0,1
616,2,1,2,0.0373044524669073,0.1317246359369358,4,0.0,1
617,2,1,2,0.0039109506618531,0.1325069202070044,3,0.0,1
618,2,1,2,0.0105294825511432,0.1346130701648814,3,0.0,1
619,2,1,2,0.0869434416365824,0.1520038512456372,4,0.0,2
620,2,1,2,0.1137184115523465,0.1747502707907088,2,0.0,0
621,2,1,2,0.3667268351383875,0.2481044650379107,1,0.6666666666666666,0
622,2,1,2,0.3826714801444043,0.3246479720784691,1,0.6666666666666666,0
623,2,1,2,0.0694945848375451,0.3385485618004573,4,0.0,2
624,2,1,2,0.1459085439229843,0.3677337826453243,2,0.0,0
625,2,1,2,0.0412154031287605,0.3759778553375857,4,0.0,1
626,2,1,2,0.0237665463297232,0.3807317366710795,4,0.0,1
627,2,1,2,0.0436221419975932,0.3894572150679986,4,0.0,1
628,2,1,2,0.0833333333333333,0.4061258875917679,4,0.0,2
629,2,1,2,0.0959687123947051,0.4253219400649897,4,0.0,2
630,2,1,2,0.0306859205776173,0.4314598627993741,4,0.0,1
631,2,1,2,0.0,0.4314598627993741,5,0.0,1
632,2,1,2,0.1203369434416365,0.4555301480322541,2,0.0,0
633,2,1,2,0.0171480144404332,0.4589601636779396,3,0.0,1
634,2,1,2,0.0523465703971119,0.4694307377542424,4,0.0,2
635,2,1,2,0.1356799037304452,0.4965699843543146,2,0.0,0
636,2,1,2,0.0210589651022864,0.5007822842700687,3,0.0,1
637,2,1,2,0.0574608904933814,0.5122758454687688,4,0.0,2
638,2,1,2,0.1895306859205776,0.5501865447105547,2,0.0,0
639,2,1,2,0.1441034897713598,0.0288241665663738,2,0.0,0
640,2,1,2,0.0009025270758122,0.0290046937056204,3,0.0,1
641,2,1,2,0.0006016847172081,0.0291250451317848,3,0.0,1
642,2,1,2,0.0,0.0291250451317848,5,0.0,1
643,2,1,2,0.0685920577617328,0.0428451077145264,4,0.0,2
644,2,1,2,0.0219614921780986,0.047237934769527,3,0.0,1
645,2,1,2,0.016546329723225,0.050547598989048,3,0.0,1
646,2,1,2,0.0174488567990373,0.0540377903478156,3,0.0,1
647,2,1,2,0.0339951865222623,0.0608376459261042,4,0.0,1
648,2,1,2,0.0370036101083032,0.0682392586352148,4,0.0,1
649,2,1,2,0.0643802647412755,0.0811168612348056,4,0.0,2
650,2,1,2,0.0,0.0811168612348056,5,0.0,1
651,2,1,2,0.0048134777376654,0.0820796726441208,3,0.0,1
652,2,1,2,0.0,0.0820796726441208,5,0.0,1
653,2,1,2,0.0042117930204572,0.0829221326272716,3,0.0,1
654,2,1,2,0.0249699157641395,0.0879167168130942,4,0.0,1
655,2,1,2,0.0018050541516245,0.0882777710915874,3,0.0,1
656,2,1,2,0.000300842358604,0.0883379468046696,3,0.0,1
657,2,1,2,0.0,0.0883379468046696,5,0.0,1
658,2,1,2,0.0436221419975932,0.0970634252015886,4,0.0,1
659,2,1,2,0.0228640192539109,0.1016367793958358,4,0.0,1
660,2,1,2,0.003309265944645,0.10229871223974,3,0.0,1
661,2,1,2,0.0096269554753309,0.1042243350583704,3,0.0,1
662,2,1,2,0.0087244283995186,0.1059694307377542,3,0.0,1
663,2,1,2,0.003610108303249,0.1066915392947406,3,0.0,1
664,2,1,2,0.0436221419975932,0.1154170176916596,4,0.0,1
665,2,1,2,0.0228640192539109,0.1199903718859068,4,0.0,1
666,2,1,2,0.0472322503008423,0.1294379588398122,4,0.0,2
667,2,1,2,0.0108303249097472,0.1316042845107714,3,0.0,1
668,2,1,2,0.0144404332129963,0.134492718738717,3,0.0,1
669,2,1,2,0.0183513838748495,0.1381634372367312,3,0.0,1
670,2,1,2,0.0048134777376654,0.0009628114093152,3,0.0,1
671,2,1,2,0.0,0.0009628114093152,5,0.0,1
672,2,1,2,0.0,0.0009628114093152,5,0.0,1
673,2,1,2,0.0,0.0009628114093152,5,0.0,1
674,2,1,2,0.0096269554753309,0.0028884342279456,3,0.0,1
675,2,1,2,0.0,0.0028884342279456,5,0.0,1
676,2,1,2,0.0,0.0028884342279456,5,0.0,1
677,2,1,2,0.0,0.0028884342279456,5,0.0,1
678,2,1,2,0.0,0.0028884342279456,5,0.0,1
679,2,1,2,0.0,0.0028884342279456,5,0.0,1
680,2,1,2,0.0,0.0028884342279456,5,0.0,1
681,2,1,2,0.0,0.0028884342279456,5,0.0,1
682,2,1,2,0.0,0.0028884342279456,5,0.0,1
683,2,1,2,0.0060168471720818,0.0040919484895896,3,0.0,1
684,2,1,2,0.0,0.0040919484895896,5,0.0,1
685,2,1,2,0.0,0.0040919484895896,5,0.0,1
686,2,1,2,0.0,0.0040919484895896,5,0.0,1
687,2,1,2,0.0,0.0040919484895896,5,0.0,1
688,2,1,2,0.0216606498194945,0.008424599831508,3,0.0,1
689,2,1,2,0.0159446450060168,0.0116139126248646,3,0.0,1
690,2,1,2,0.0057160048134777,0.0127572511734264,3,0.0,1
691,2,1,2,0.0,0.0127572511734264,5,0.0,1
692,2,1,2,0.0,0.0127572511734264,5,0.0,1
693,2,1,2,0.0,0.0127572511734264,5,0.0,1
694,2,1,2,0.0,0.0127572511734264,5,0.0,1
695,2,1,2,0.0030084235860409,0.0133590083042484,3,0.0,1
696,2,1,2,0.0087244283995186,0.0151041039836322,3,0.0,1
697,2,1,2,0.0,0.0151041039836322,5,0.0,1
698,2,1,2,0.0,0.0151041039836322,5,0.0,1
699,2,1,2,0.0,0.0151041039836322,5,0.0,1
700,2,1,2,0.0,0.0,5,0.0,1
701,2,1,2,0.0,0.0,5,0.0,1
702,2,1,2,0.0,0.0,5,0.0,1
703,2,1,2,0.0018050541516245,0.0003610542784932,3,0.0,1
704,2,1,2,0.0,0.0003610542784932,5,0.0,1
705,2,1,2,0.0,0.0003610542784932,5,0.0,1
706,2,1,2,0.0,0.0003610542784932,5,0.0,1
707,2,1,2,0.0,0.0003610542784932,5,0.0,1
708,2,1,2,0.0,0.0003610542784932,5,0.0,1
709,2,1,2,0.0,0.0003610542784932,5,0.0,1
710,2,1,2,0.0,0.0003610542784932,5,0.0,1
711,2,1,2,0.0,0.0003610542784932,5,0.0,1
712,2,1,2,0.0,0.0003610542784932,5,0.0,1
713,2,1,2,0.0063176895306859,0.0016247442532194,3,0.0,1
714,2,1,2,0.0,0.0016247442532194,5,0.0,1
715,2,1,2,0.0,0.0016247442532194,5,0.0,1
716,2,1,2,0.0135379061371841,0.0043326513419184,3,0.0,1
717,2,1,2,0.0,0.0043326513419184,5,0.0,1
718,2,1,2,0.0,0.0043326513419184,5,0.0,1
719,2,1,2,0.0,0.0043326513419184,5,0.0,1
720,2,1,2,0.0,0.0043326513419184,5,0.0,1
721,2,1,2,0.0484356197352587,0.0140209411481526,4,0.0,2
722,2,1,2,0.0,0.0140209411481526,5,0.0,1
723,2,1,2,0.0,0.0140209411481526,5,0.0,1
724,2,1,2,0.0,0.0140209411481526,5,0.0,1
725,2,1,2,0.0,0.0140209411481526,5,0.0,1
726,2,1,2,0.0,0.0140209411481526,5,0.0,1
727,2,1,2,0.0,0.0140209411481526,5,0.0,1
728,2,1,2,0.0,0.0140209411481526,5,0.0,1
729,2,1,2,0.0,0.0140209411481526,5,0.0,1
730,2,1,2,0.0,0.0140209411481526,5,0.0,1
731,2,1,0,0.0,0.0,5,0.0,1
732,2,1,0,0.0,0.0,5,0.0,1
733,2,1,0,0.0,0.0,5,0.0,1
734,2,1,0,0.0,0.0,5,0.0,1
735,2,1,0,0.0,0.0,5,0.0,1
736,2,1,0,0.0,0.0,5,0.0,1
737,2,1,0,0.0,0.0,5,0.0,1
738,2,1,0,0.0,0.0,5,0.0,1
739,2,1,0,0.0,0.0,5,0.0,1
740,2,1,0,0.0,0.0,5,0.0,1
741,2,1,0,0.0,0.0,5,0.0,1
742,2,1,0,0.0,0.0,5,0.0,1
743,2,1,0,0.0,0.0,5,0.0,1
744,2,1,0,0.0,0.0,5,0.0,1
745,2,1,0,0.0,0.0,5,0.0,1
746,2,1,0,0.0,0.0,5,0.0,1
747,2,1,0,0.0,0.0,5,0.0,1
748,2,1,0,0.0,0.0,5,0.0,1
749,2,1,0,0.0,0.0,5,0.0,1
750,2,1,0,0.0,0.0,5,0.0,1
751,2,1,0,0.0,0.0,5,0.0,1
752,2,1,0,0.0,0.0,5,0.0,1
753,2,1,0,0.0,0.0,5,0.0,1
754,2,1,0,0.0,0.0,5,0.0,1
755,2,1,0,0.0,0.0,5,0.0,1
756,2,1,0,0.0,0.0,5,0.0,1
757,2,1,0,0.0,0.0,5,0.0,1
758,2,1,0,0.0,0.0,5,0.0,1
759,2,1,0,0.0030084235860409,0.000601757130822,3,0.0,1
760,2,1,0,0.0006016847172081,0.0007221085569864,3,0.0,1
761,2,1,0,0.0,0.0007221085569864,5,0.0,1
762,2,1,0,0.0,0.0,5,0.0,1
763,2,1,0,0.0,0.0,5,0.0,1
764,2,1,0,0.0,0.0,5,0.0,1
765,2,1,0,0.0,0.0,5,0.0,1
766,2,1,0,0.0,0.0,5,0.0,1
767,2,1,0,0.0,0.0,5,0.0,1
768,2,1,0,0.0,0.0,5,0.0,1
769,2,1,0,0.0,0.0,5,0.0,1
770,2,1,0,0.0,0.0,5,0.0,1
771,2,1,0,0.0,0.0,5,0.0,1
772,2,1,0,0.0,0.0,5,0.0,1
773,2,1,0,0.0,0.0,5,0.0,1
774,2,1,0,0.0,0.0,5,0.0,1
775,2,1,0,0.0,0.0,5,0.0,1
776,2,1,0,0.0219614921780986,0.0043928270550006,3,0.0,1
777,2,1,0,0.0,0.0043928270550006,5,0.0,1
778,2,1,0,0.0,0.0043928270550006,5,0.0,1
779,2,1,0,0.0,0.0043928270550006,5,0.0,1
780,2,1,0,0.0,0.0043928270550006,5,0.0,1
781,2,1,0,0.0,0.0043928270550006,5,0.0,1
782,2,1,0,0.0,0.0043928270550006,5,0.0,1
783,2,1,0,0.0,0.0043928270550006,5,0.0,1
784,2,1,0,0.0,0.0043928270550006,5,0.0,1
785,2,1,0,0.0054151624548736,0.0054759898904802,3,0.0,1
786,2,1,0,0.0,0.0054759898904802,5,0.0,1
787,2,1,0,0.0,0.0054759898904802,5,0.0,1
788,2,1,0,0.0,0.0054759898904802,5,0.0,1
789,2,1,0,0.0,0.0054759898904802,5,0.0,1
790,2,1,0,0.0,0.0,5,0.0,1
791,2,1,0,0.0018050541516245,0.0003610542784932,3,0.0,1
792,2,1,0,0.0,0.0003610542784932,5,0.0,1
793,2,1,0,0.0,0.0003610542784932,5,0.0,1
794,2,1,0,0.0,0.0003610542784932,5,0.0,1
795,2,1,0,0.0,0.0003610542784932,5,0.0,1
796,2,1,0,0.0,0.0003610542784932,5,0.0,1
797,2,1,0,0.0,0.0003610542784932,5,0.0,1
798,2,1,0,0.0,0.0003610542784932,5,0.0,1
799,2,1,0,0.0,0.0003610542784932,5,0.0,1
800,2,1,0,0.0,0.0003610542784932,5,0.0,1
801,2,1,0,0.0,0.0003610542784932,5,0.0,1
802,2,1,0,0.0,0.0003610542784932,5,0.0,1
803,2,1,0,0.0,0.0003610542784932,5,0.0,1
804,2,1,0,0.0,0.0003610542784932,5,0.0,1
805,2,1,0,0.0,0.0003610542784932,5,0.0,1
806,2,1,0,0.0,0.0003610542784932,5,0.0,1
807,2,1,0,0.0,0.0003610542784932,5,0.0,1
808,2,1,0,0.0111311672683513,0.0025875556625346,3,0.0,1
809,2,1,0,0.0,0.0025875556625346,5,0.0,1
810,2,1,0,0.0,0.0025875556625346,5,0.0,1
811,2,1,0,0.0,0.0025875556625346,5,0.0,1
812,2,1,0,0.0,0.0025875556625346,5,0.0,1
813,2,1,0,0.0,0.0025875556625346,5,0.0,1
814,2,1,0,0.0,0.0025875556625346,5,0.0,1
815,2,1,0,0.0,0.0025875556625346,5,0.0,1
816,2,1,0,0.0,0.0025875556625346,5,0.0,1
817,2,1,0,0.0,0.0025875556625346,5,0.0,1
818,2,1,0,0.0,0.0025875556625346,5,0.0,1
819,2,1,0,0.0,0.0025875556625346,5,0.0,1
820,2,1,0,0.0,0.0025875556625346,5,0.0,1
821,2,1,0,0.0,0.0,5,0.0,1
822,2,1,0,0.0,0.0,5,0.0,1
823,2,1,0,0.0,0.0,5,0.0,1
824,2,1,0,0.0,0.0,5,0.0,1
825,2,1,0,0.0,0.0,5,0.0,1
826,2,1,0,0.0,0.0,5,0.0,1
827,2,1,0,0.0,0.0,5,0.0,1
828,2,1,0,0.0,0.0,5,0.0,1
829,2,1,0,0.0,0.0,5,0.0,1
830,2,1,0,0.0,0.0,5,0.0,1
831,2,1,0,0.0060168471720818,0.001203514261644,3,0.0,1
832,2,1,0,0.0,0.001203514261644,5,0.0,1
833,2,1,0,0.0,0.001203514261644,5,0.0,1
834,2,1,0,0.0,0.001203514261644,5,0.0,1
835,2,1,0,0.0,0.001203514261644,5,0.0,1
836,2,1,0,0.0,0.001203514261644,5,0.0,1
837,2,1,0,0.0,0.001203514261644,5,0.0,1
838,2,1,0,0.0,0.001203514261644,5,0.0,1
839,2,1,0,0.0,0.001203514261644,5,0.0,1
840,2,1,0,0.0,0.001203514261644,5,0.0,1
841,2,1,0,0.0,0.001203514261644,5,0.0,1
842,2,1,0,0.0,0.001203514261644,5,0.0,1
843,2,1,0,0.0,0.001203514261644,5,0.0,1
844,2,1,0,0.0,0.001203514261644,5,0.0,1
845,2,1,0,0.0,0.001203514261644,5,0.0,1
846,2,1,0,0.0,0.001203514261644,5,0.0,1
847,2,1,0,0.0,0.001203514261644,5,0.0,1
848,2,1,0,0.0,0.001203514261644,5,0.0,1
849,2,1,0,0.0,0.001203514261644,5,0.0,1
850,2,1,0,0.0,0.001203514261644,5,0.0,1
851,2,1,0,0.0,0.0,5,0.0,1
852,2,1,0,0.0,0.0,5,0.0,1
853,2,1,0,0.0,0.0,5,0.0,1
854,2,1,0,0.0210589651022864,0.004212299915754,3,0.0,1
855,2,1,0,0.0,0.004212299915754,5,0.0,1
856,2,1,0,0.0,0.004212299915754,5,0.0,1
857,2,1,0,0.0,0.004212299915754,5,0.0,1
858,2,1,0,0.0,0.004212299915754,5,0.0,1
859,2,1,0,0.0039109506618531,0.0049945841858226,3,0.0,1
860,2,1,0,0.0,0.0049945841858226,5,0.0,1
861,2,1,0,0.0018050541516245,0.0053556384643158,3,0.0,1
862,2,1,0,0.003610108303249,0.0060777470213022,3,0.0,1
863,2,1,0,0.0,0.0060777470213022,5,0.0,1
864,2,1,0,0.0,0.0060777470213022,5,0.0,1
865,2,1,0,0.0,0.0060777470213022,5,0.0,1
866,2,1,0,0.0039109506618531,0.0068600312913708,3,0.0,1
867,2,1,0,0.0,0.0068600312913708,5,0.0,1
868,2,1,0,0.0,0.0068600312913708,5,0.0,1
869,2,1,0,0.0,0.0068600312913708,5,0.0,1
870,2,1,0,0.0,0.0068600312913708,5,0.0,1
871,2,1,0,0.0,0.0068600312913708,5,0.0,1
872,2,1,0,0.0,0.0068600312913708,5,0.0,1
873,2,1,0,0.0,0.0068600312913708,5,0.0,1
874,2,1,0,0.0,0.0068600312913708,5,0.0,1
875,2,1,0,0.0,0.0068600312913708,5,0.0,1
876,2,1,0,0.0,0.0068600312913708,5,0.0,1
877,2,1,0,0.0,0.0068600312913708,5,0.0,1
878,2,1,0,0.0048134777376654,0.007822842700686,3,0.0,1
879,2,1,0,0.0090252707581227,0.009628114093152,3,0.0,1
880,2,1,0,0.0,0.009628114093152,5,0.0,1
881,2,1,0,0.0,0.009628114093152,5,0.0,1
882,2,1,0,0.0,0.0,5,0.0,1
883,2,1,0,0.0,0.0,5,0.0,1
884,2,1,0,0.0048134777376654,0.0009628114093152,3,0.0,1
885,2,1,0,0.0135379061371841,0.0036707184980142,3,0.0,1
886,2,1,0,0.0,0.0036707184980142,5,0.0,1
887,2,1,0,0.0279783393501805,0.0092670598146588,4,0.0,1
888,2,1,0,0.0204572803850782,0.0133590083042484,3,0.0,1
889,2,1,0,0.0075210589651022,0.0148634011313034,3,0.0,1
890,2,1,0,0.0,0.0148634011313034,5,0.0,1
891,2,1,0,0.0,0.0148634011313034,5,0.0,1
892,2,1,0,0.0162454873646209,0.0181128896377422,3,0.0,1
893,2,1,0,0.0,0.0181128896377422,5,0.0,1
894,2,1,0,0.0222623345367027,0.022565892405825,3,0.0,1
895,2,1,0,0.0,0.022565892405825,5,0.0,1
896,2,1,0,0.0,0.022565892405825,5,0.0,1
897,2,1,0,0.0,0.022565892405825,5,0.0,1
898,2,1,0,0.0,0.022565892405825,5,0.0,1
899,2,1,0,0.0,0.022565892405825,5,0.0,1
900,2,1,0,0.0,0.022565892405825,5,0.0,1
901,2,1,0,0.0,0.022565892405825,5,0.0,1
902,2,1,0,0.0,0.022565892405825,5,0.0,1
903,2,1,0,0.0012033694344163,0.0228065952581538,3,0.0,1
904,2,1,0,0.0,0.0228065952581538,5,0.0,1
905,2,1,0,0.0162454873646209,0.0260560837645926,3,0.0,1
906,2,1,0,0.0,0.0260560837645926,5,0.0,1
907,2,1,0,0.0,0.0260560837645926,5,0.0,1
908,2,1,0,0.0,0.0260560837645926,5,0.0,1
909,2,1,0,0.0087244283995186,0.0278011794439764,3,0.0,1
910,2,1,0,0.0,0.0278011794439764,5,0.0,1
911,2,1,0,0.0,0.0278011794439764,5,0.0,1
912,2,1,0,0.0,0.0,5,0.0,1
913,2,1,0,0.0063176895306859,0.0012636899747262,3,0.0,1
914,2,1,0,0.0,0.0012636899747262,5,0.0,1
915,2,1,0,0.0,0.0012636899747262,5,0.0,1
916,2,1,0,0.0219614921780986,0.0056565170297268,3,0.0,1
917,2,1,0,0.000300842358604,0.005716692742809,3,0.0,1
918,2,1,0,0.0,0.005716692742809,5,0.0,1
919,2,1,0,0.0,0.005716692742809,5,0.0,1
920,2,1,0,0.0,0.005716692742809,5,0.0,1
921,2,1,0,0.0126353790613718,0.0082440726922614,3,0.0,1
922,2,1,0,0.0,0.0082440726922614,5,0.0,1
923,2,1,0,0.0,0.0082440726922614,5,0.0,1
924,2,1,0,0.0,0.0082440726922614,5,0.0,1
925,2,1,0,0.0,0.0082440726922614,5,0.0,1
926,2,1,0,0.0,0.0082440726922614,5,0.0,1
927,2,1,0,0.0,0.0082440726922614,5,0.0,1
928,2,1,0,0.0454271961492178,0.0173306053676736,4,0.0,2
929,2,1,0,0.0,0.0173306053676736,5,0.0,1
930,2,1,0,0.0096269554753309,0.019256228186304,3,0.0,1
931,2,1,0,0.0,0.019256228186304,5,0.0,1
932,2,1,0,0.0,0.019256228186304,5,0.0,1
933,2,1,0,0.0,0.019256228186304,5,0.0,1
934,2,1,0,0.003610108303249,0.0199783367432904,3,0.0,1
935,2,1,0,0.0,0.0199783367432904,5,0.0,1
936,2,1,0,0.0057160048134777,0.0211216752918522,3,0.0,1
937,2,1,0,0.0,0.0211216752918522,5,0.0,1
938,2,1,0,0.0,0.0211216752918522,5,0.0,1
939,2,1,0,0.0,0.0211216752918522,5,0.0,1
940,2,1,0,0.0,0.0211216752918522,5,0.0,1
941,2,1,0,0.0312876052948255,0.027379949452401,4,0.0,1
942,2,1,0,0.0457280385078219,0.0365266578408954,4,0.0,2
943,2,1,0,0.0,0.0,5,0.0,1
944,2,1,0,0.0171480144404332,0.0034300156456854,3,0.0,1
945,2,1,0,0.0258724428399518,0.0086051269707546,4,0.0,1
946,2,1,0,0.0595667870036101,0.0205199181610302,4,0.0,2
947,2,1,0,0.0,0.0205199181610302,5,0.0,1
948,2,1,0,0.0,0.0205199181610302,5,0.0,1
949,2,1,0,0.0249699157641395,0.0255145023468528,4,0.0,1
950,2,1,0,0.0234657039711191,0.0302082079672644,4,0.0,1
951,2,1,0,0.0102286401925391,0.0322541822120592,3,0.0,1
952,2,1,0,0.0,0.0322541822120592,5,0.0,1
953,2,1,0,0.0535499398315282,0.0429654591406908,4,0.0,2
954,2,1,0,0.0051143200962695,0.0439884462630882,3,0.0,1
955,2,1,0,0.0,0.0439884462630882,5,0.0,1
956,2,1,0,0.0108303249097472,0.0461547719340474,3,0.0,1
957,2,1,0,0.0,0.0461547719340474,5,0.0,1
958,2,1,0,0.1916365824308062,0.0844867011674088,2,0.0,0
959,2,1,0,0.0,0.0844867011674088,5,0.0,1
960,2,1,0,0.0177496991576413,0.0880370682392586,3,0.0,1
961,2,1,0,0.0493381468110709,0.0979058851847394,4,0.0,2
962,2,1,0,0.0,0.0979058851847394,5,0.0,1
963,2,1,0,0.0,0.0979058851847394,5,0.0,1
964,2,1,0,0.0,0.0979058851847394,5,0.0,1
965,2,1,0,0.0147412755716004,0.1008544951257672,3,0.0,1
966,2,1,0,0.0,0.1008544951257672,5,0.0,1
967,2,1,0,0.0,0.1008544951257672,5,0.0,1
968,2,1,0,0.0222623345367027,0.10530749789385,3,0.0,1
969,2,1,0,0.0,0.10530749789385,5,0.0,1
970,2,1,0,0.0270758122743682,0.110723312071248,4,0.0,1
971,2,1,0,0.0354993983152827,0.1178240462149476,4,0.0,1
972,2,1,0,0.0,0.1178240462149476,5,0.0,1
973,2,1,0,0.0,0.1178240462149476,5,0.0,1
974,2,1,0,0.0,0.0,5,0.0,1
975,2,1,0,0.0,0.0,5,0.0,1
976,2,1,0,0.0,0.0,5,0.0,1
977,2,1,0,0.0,0.0,5,0.0,1
978,2,1,0,0.0779181708784596,0.0155855096882898,4,0.0,2
979,2,1,0,0.0,0.0155855096882898,5,0.0,1
980,2,1,0,0.0,0.0155855096882898,5,0.0,1
981,2,1,0,0.0,0.0155855096882898,5,0.0,1
982,2,1,0,0.0,0.0155855096882898,5,0.0,1
983,2,1,0,0.0,0.0155855096882898,5,0.0,1
984,2,1,0,0.0,0.0155855096882898,5,0.0,1
985,2,1,0,0.0246690734055354,0.0205199181610302,4,0.0,1
986,2,1,0,0.0,0.0205199181610302,5,0.0,1
987,2,1,0,0.0,0.0205199181610302,5,0.0,1
988,2,1,0,0.0072202166064981,0.021964135275003,3,0.0,1
989,2,1,0,0.0,0.021964135275003,5,0.0,1
990,2,1,0,0.0,0.021964135275003,5,0.0,1
991,2,1,0,0.0,0.021964135275003,5,0.0,1
992,2,1,0,0.0,0.021964135275003,5,0.0,1
993,2,1,0,0.0,0.021964135275003,5,0.0,1
994,2,1,0,0.0,0.021964135275003,5,0.0,1
995,2,1,0,0.043020457280385,0.0305692622457576,4,0.0,1
996,2,1,0,0.0,0.0305692622457576,5,0.0,1
997,2,1,0,0.03971119133574,0.038512456372608,4,0.0,1
998,2,1,0,0.0848375451263537,0.0554820074617884,4,0.0,2
999,2,1,0,0.0,0.0554820074617884,5,0.0,1
1000,2,1,0,0.0,0.0554820074617884,5,0.0,1
1001,2,1,0,0.0147412755716004,0.0584306174028162,3,0.0,1
1002,2,1,0,0.0,0.0584306174028162,5,0.0,1
1003,2,1,0,0.0,0.0584306174028162,5,0.0,1
1004,2,1,0,0.0,0.0,5,0.0,1
1005,2,1,0,0.0,0.0,5,0.0,1
1006,2,1,0,0.0,0.0,5,0.0,1
1007,2,1,0,0.0009025270758122,0.0001805271392466,3,0.0,1
1008,2,1,0,0.0,0.0001805271392466,5,0.0,1
1009,2,1,0,0.0,0.0001805271392466,5,0.0,1
1010,2,1,0,0.0,0.0001805271392466,5,0.0,1
1011,2,1,0,0.0,0.0001805271392466,5,0.0,1
1012,2,1,0,0.0282791817087845,0.0058370441689734,4,0.0,1
1013,2,1,0,0.0021058965102286,0.0062582741605488,3,0.0,1
1014,2,1,0,0.0021058965102286,0.0066795041521242,3,0.0,1
1015,2,1,0,0.0063176895306859,0.0079431941268504,3,0.0,1
1016,2,1,0,0.0,0.0079431941268504,5,0.0,1
1017,2,1,0,0.0,0.0079431941268504,5,0.0,1
1018,2,1,0,0.0144404332129963,0.010831628354796,3,0.0,1
1019,2,1,0,0.0,0.010831628354796,5,0.0,1
1020,2,1,0,0.0,0.010831628354796,5,0.0,1
1021,2,1,0,0.0045126353790613,0.011734264051029,3,0.0,1
1022,2,1,0,0.0,0.011734264051029,5,0.0,1
1023,2,1,0,0.0,0.011734264051029,5,0.0,1
1024,2,1,0,0.0009025270758122,0.0119147911902756,3,0.0,1
1025,2,1,0,0.0141395908543922,0.014743049705139,3,0.0,1
1026,2,1,0,0.0,0.014743049705139,5,0.0,1
1027,2,1,0,0.0210589651022864,0.018955349620893,3,0.0,1
1028,2,1,0,0.0,0.018955349620893,5,0.0,1
1029,2,1,0,0.0,0.018955349620893,5,0.0,1
1030,2,1,0,0.0,0.018955349620893,5,0.0,1
1031,2,1,0,0.0,0.018955349620893,5,0.0,1
1032,2,1,0,0.0,0.018955349620893,5,0.0,1
1033,2,1,0,0.0,0.018955349620893,5,0.0,1
1034,2,1,0,0.0027075812274368,0.0194969310386328,3,0.0,1
1035,2,1,0,0.0,0.0,5,0.0,1
1036,2,1,0,0.0,0.0,5,0.0,1
1037,2,1,0,0.0,0.0,5,0.0,1
1038,2,1,0,0.0276774969915764,0.0055361656035624,4,0.0,1
1039,2,1,0,0.0,0.0055361656035624,5,0.0,1
1040,2,1,0,0.0,0.0055361656035624,5,0.0,1
1041,2,1,0,0.0,0.0055361656035624,5,0.0,1
1042,2,1,0,0.0,0.0055361656035624,5,0.0,1
1043,2,1,0,0.0,0.0055361656035624,5,0.0,1
1044,2,1,0,0.0,0.0055361656035624,5,0.0,1
1045,2,1,0,0.0,0.0055361656035624,5,0.0,1
1046,2,1,0,0.0,0.0055361656035624,5,0.0,1
1047,2,1,0,0.0,0.0055361656035624,5,0.0,1
1048,2,1,0,0.0,0.0055361656035624,5,0.0,1
1049,2,1,0,0.0,0.0055361656035624,5,0.0,1
1050,2,1,0,0.0024067388688327,0.00601757130822,3,0.0,1
1051,2,1,0,0.0,0.00601757130822,5,0.0,1
1052,2,1,0,0.0,0.00601757130822,5,0.0,1
1053,2,1,0,0.0,0.00601757130822,5,0.0,1
1054,2,1,0,0.0,0.00601757130822,5,0.0,1
1055,2,1,0,0.0,0.00601757130822,5,0.0,1
1056,2,1,0,0.0,0.00601757130822,5,0.0,1
1057,2,1,0,0.0,0.00601757130822,5,0.0,1
1058,2,1,0,0.0,0.00601757130822,5,0.0,1
1059,2,1,0,0.0,0.00601757130822,5,0.0,1
1060,2,1,0,0.0,0.00601757130822,5,0.0,1
1061,2,1,0,0.0,0.00601757130822,5,0.0,1
1062,2,1,0,0.0,0.00601757130822,5,0.0,1
1063,2,1,0,0.0,0.00601757130822,5,0.0,1
1064,2,1,0,0.0,0.00601757130822,5,0.0,1
1065,2,1,0,0.0,0.0,5,0.0,1
1066,2,1,0,0.0,0.0,5,0.0,1
1067,2,1,0,0.0,0.0,5,0.0,1
1068,2,1,0,0.0,0.0,5,0.0,1
1069,2,1,0,0.0,0.0,5,0.0,1
1070,2,1,0,0.0,0.0,5,0.0,1
1071,2,1,0,0.0,0.0,5,0.0,1
1072,2,1,0,0.0,0.0,5,0.0,1
1073,2,1,0,0.0,0.0,5,0.0,1
1074,2,1,0,0.0,0.0,5,0.0,1
1075,2,1,0,0.0,0.0,5,0.0,1
1076,2,1,0,0.0,0.0,5,0.0,1
1077,2,1,0,0.0,0.0,5,0.0,1
1078,2,1,0,0.0,0.0,5,0.0,1
1079,2,1,0,0.0,0.0,5,0.0,1
1080,2,1,0,0.0,0.0,5,0.0,1
1081,2,1,0,0.0,0.0,5,0.0,1
1082,2,1,0,0.0,0.0,5,0.0,1
1083,2,1,0,0.0,0.0,5,0.0,1
1084,2,1,0,0.0,0.0,5,0.0,1
1085,2,1,0,0.0,0.0,5,0.0,1
1086,2,1,0,0.0,0.0,5,0.0,1
1087,2,1,0,0.0,0.0,5,0.0,1
1088,2,1,0,0.0,0.0,5,0.0,1
1089,2,1,0,0.0,0.0,5,0.0,1
1090,2,1,0,0.0,0.0,5,0.0,1
1091,2,1,0,0.0,0.0,5,0.0,1
1092,2,1,0,0.0,0.0,5,0.0,1
1093,2,1,0,0.0,0.0,5,0.0,1
1094,2,1,0,0.016546329723225,0.003309664219521,3,0.0,1
1095,2,1,0,0.0,0.003309664219521,5,0.0,1
1096,2,1,3,0.0,0.0,5,0.0,1
1097,2,1,3,0.0,0.0,5,0.0,1
1098,2,1,3,0.0156438026474127,0.0031291370802744,3,0.0,1
1099,2,1,3,0.0,0.0031291370802744,5,0.0,1
1100,2,1,3,0.0,0.0031291370802744,5,0.0,1
1101,2,1,3,0.0,0.0031291370802744,5,0.0,1
1102,2,1,3,0.0,0.0031291370802744,5,0.0,1
1103,2,1,3,0.0,0.0031291370802744,5,0.0,1
1104,2,1,3,0.0,0.0031291370802744,5,0.0,1
1105,2,1,3,0.0,0.0031291370802744,5,0.0,1
1106,2,1,3,0.0,0.0031291370802744,5,0.0,1
1107,2,1,3,0.0,0.0031291370802744,5,0.0,1
1108,2,1,3,0.0,0.0031291370802744,5,0.0,1
1109,2,1,3,0.0,0.0031291370802744,5,0.0,1
1110,2,1,3,0.0,0.0031291370802744,5,0.0,1
1111,2,1,3,0.0,0.0031291370802744,5,0.0,1
1112,2,1,3,0.0015042117930204,0.0034300156456854,3,0.0,1
1113,2,1,3,0.0084235860409145,0.005114935611987,3,0.0,1
1114,2,1,3,0.0,0.005114935611987,5,0.0,1
1115,2,1,3,0.0,0.005114935611987,5,0.0,1
1116,2,1,3,0.0,0.005114935611987,5,0.0,1
1117,2,1,3,0.0,0.005114935611987,5,0.0,1
1118,2,1,3,0.0,0.005114935611987,5,0.0,1
1119,2,1,3,0.0,0.005114935611987,5,0.0,1
1120,2,1,3,0.0,0.005114935611987,5,0.0,1
1121,2,1,3,0.0,0.005114935611987,5,0.0,1
1122,2,1,3,0.0,0.005114935611987,5,0.0,1
1123,2,1,3,0.0508423586040914,0.0152846311228788,4,0.0,2
1124,2,1,3,0.0069193742478941,0.0166686725237694,3,0.0,1
1125,2,1,3,0.0,0.0166686725237694,5,0.0,1
1126,2,1,3,0.0,0.0166686725237694,5,0.0,1
1127,2,1,3,0.0,0.0,5,0.0,1
1128,2,1,3,0.0027075812274368,0.0005415814177398,3,0.0,1
1129,2,1,3,0.0,0.0005415814177398,5,0.0,1
1130,2,1,3,0.0,0.0005415814177398,5,0.0,1
1131,2,1,3,0.0,0.0005415814177398,5,0.0,1
1132,2,1,3,0.0009025270758122,0.0007221085569864,3,0.0,1
1133,2,1,3,0.0,0.0007221085569864,5,0.0,1
1134,2,1,3,0.0,0.0007221085569864,5,0.0,1
1135,2,1,3,0.0,0.0007221085569864,5,0.0,1
1136,2,1,3,0.0039109506618531,0.001504392827055,3,0.0,1
1137,2,1,3,0.0,0.001504392827055,5,0.0,1
1138,2,1,3,0.0,0.001504392827055,5,0.0,1
1139,2,1,3,0.0,0.001504392827055,5,0.0,1
1140,2,1,3,0.0,0.001504392827055,5,0.0,1
1141,2,1,3,0.0,0.001504392827055,5,0.0,1
1142,2,1,3,0.0,0.001504392827055,5,0.0,1
1143,2,1,3,0.0,0.001504392827055,5,0.0,1
1144,2,1,3,0.0,0.001504392827055,5,0.0,1
1145,2,1,3,0.0,0.001504392827055,5,0.0,1
1146,2,1,3,0.0,0.001504392827055,5,0.0,1
1147,2,1,3,0.0,0.001504392827055,5,0.0,1
1148,2,1,3,0.0,0.001504392827055,5,0.0,1
1149,2,1,3,0.0,0.001504392827055,5,0.0,1
1150,2,1,3,0.0,0.001504392827055,5,0.0,1
1151,2,1,3,0.0,0.001504392827055,5,0.0,1
1152,2,1,3,0.0,0.001504392827055,5,0.0,1
1153,2,1,3,0.0,0.001504392827055,5,0.0,1
1154,2,1,3,0.0,0.001504392827055,5,0.0,1
1155,2,1,3,0.0,0.0,5,0.0,1
1156,2,1,3,0.0,0.0,5,0.0,1
1157,2,1,3,0.0,0.0,5,0.0,1
1158,2,1,3,0.0,0.0,5,0.0,1
1159,2,1,3,0.0,0.0,5,0.0,1
1160,2,1,3,0.0,0.0,5,0.0,1
1161,2,1,3,0.0,0.0,5,0.0,1
1162,2,1,3,0.0,0.0,5,0.0,1
1163,2,1,3,0.0,0.0,5,0.0,1
1164,2,1,3,0.0,0.0,5,0.0,1
1165,2,1,3,0.0,0.0,5,0.0,1
1166,2,1,3,0.0,0.0,5,0.0,1
1167,2,1,3,0.0,0.0,5,0.0,1
1168,2,1,3,0.0,0.0,5,0.0,1
1169,2,1,3,0.0,0.0,5,0.0,1
1170,2,1,3,0.003610108303249,0.0007221085569864,3,0.0,1
1171,2,1,3,0.0,0.0007221085569864,5,0.0,1
1172,2,1,3,0.0,0.0007221085569864,5,0.0,1
1173,2,1,3,0.0,0.0007221085569864,5,0.0,1
1174,2,1,3,0.0072202166064981,0.0021663256709592,3,0.0,1
1175,2,1,3,0.0,0.0021663256709592,5,0.0,1
1176,2,1,3,0.0,0.0021663256709592,5,0.0,1
1177,2,1,3,0.0,0.0021663256709592,5,0.0,1
1178,2,1,3,0.0,0.0021663256709592,5,0.0,1
1179,2,1,3,0.0,0.0021663256709592,5,0.0,1
1180,2,1,3,0.0216606498194945,0.0064989770128776,3,0.0,1
1181,2,1,3,0.0,0.0064989770128776,5,0.0,1
1182,2,1,3,0.0,0.0064989770128776,5,0.0,1
1183,2,1,3,0.0553549939831528,0.0175713082200024,4,0.0,2
1184,2,1,3,0.0,0.0175713082200024,5,0.0,1
1185,2,1,3,0.0,0.0175713082200024,5,0.0,1
1186,2,1,3,0.0,0.0,5,0.0,1
1187,2,1,3,0.0,0.0,5,0.0,1
1188,2,1,3,0.0,0.0,5,0.0,1
1189,2,1,3,0.0,0.0,5,0.0,1
1190,2,1,3,0.0,0.0,5,0.0,1
1191,2,1,3,0.0012033694344163,0.0002407028523288,3,0.0,1
1192,2,1,3,0.0072202166064981,0.0016849199663016,3,0.0,1
1193,2,1,3,0.0,0.0016849199663016,5,0.0,1
1194,2,1,3,0.0,0.0016849199663016,5,0.0,1
1195,2,1,3,0.0051143200962695,0.002707907088699,3,0.0,1
1196,2,1,3,0.0,0.002707907088699,5,0.0,1
1197,2,1,3,0.0,0.002707907088699,5,0.0,1
1198,2,1,3,0.0273766546329723,0.0081838969791792,4,0.0,1
1199,2,1,3,0.0,0.0081838969791792,5,0.0,1
1200,2,1,3,0.0,0.0081838969791792,5,0.0,1
1201,2,1,3,0.0,0.0081838969791792,5,0.0,1
1202,2,1,3,0.0,0.0081838969791792,5,0.0,1
1203,2,1,3,0.0,0.0081838969791792,5,0.0,1
1204,2,1,3,0.0,0.0081838969791792,5,0.0,1
1205,2,1,3,0.0,0.0081838969791792,5,0.0,1
1206,2,1,3,0.0,0.0081838969791792,5,0.0,1
1207,2,1,3,0.0,0.0081838969791792,5,0.0,1
1208,2,1,3,0.0,0.0081838969791792,5,0.0,1
1209,2,1,3,0.0018050541516245,0.0085449512576724,3,0.0,1
1210,2,1,3,0.0,0.0085449512576724,5,0.0,1
1211,2,1,3,0.0,0.0085449512576724,5,0.0,1
1212,2,1,3,0.0,0.0085449512576724,5,0.0,1
1213,2,1,3,0.0,0.0085449512576724,5,0.0,1
1214,2,1,3,0.0336943441636582,0.0152846311228788,4,0.0,1
1215,2,1,3,0.0,0.0152846311228788,5,0.0,1
1216,2,1,3,0.0409145607701564,0.0081838969791792,4,0.0,1
1217,2,1,3,0.0015042117930204,0.0084847755445902,3,0.0,1
1218,2,1,3,0.0075210589651022,0.0099891683716452,3,0.0,1
1219,2,1,3,0.0,0.0099891683716452,5,0.0,1
1220,2,1,3,0.0,0.0099891683716452,5,0.0,1
1221,2,1,3,0.0,0.0099891683716452,5,0.0,1
1222,2,1,3,0.0105294825511432,0.0120953183295222,3,0.0,1
1223,2,1,3,0.0117328519855595,0.014442171139728,3,0.0,1
1224,2,1,3,0.0,0.014442171139728,5,0.0,1
1225,2,1,3,0.0054151624548736,0.0155253339752076,3,0.0,1
1226,2,1,3,0.0,0.0155253339752076,5,0.0,1
1227,2,1,3,0.0,0.0155253339752076,5,0.0,1
1228,2,1,3,0.0,0.0155253339752076,5,0.0,1
1229,2,1,3,0.0,0.0155253339752076,5,0.0,1
1230,2,1,3,0.0,0.0155253339752076,5,0.0,1
1231,2,1,3,0.0,0.0155253339752076,5,0.0,1
1232,2,1,3,0.0,0.0155253339752076,5,0.0,1
1233,2,1,3,0.0,0.0155253339752076,5,0.0,1
1234,2,1,3,0.0,0.0155253339752076,5,0.0,1
1235,2,1,3,0.0,0.0155253339752076,5,0.0,1
1236,2,1,3,0.0,0.0155253339752076,5,0.0,1
1237,2,1,3,0.0,0.0155253339752076,5,0.0,1
1238,2,1,3,0.0,0.0155253339752076,5,0.0,1
1239,2,1,3,0.0,0.0155253339752076,5,0.0,1
1240,2,1,3,0.0,0.0155253339752076,5,0.0,1
1241,2,1,3,0.0108303249097472,0.0176916596461668,3,0.0,1
1242,2,1,3,0.0,0.0176916596461668,5,0.0,1
1243,2,1,3,0.0,0.0176916596461668,5,0.0,1
1244,2,1,3,0.0,0.0176916596461668,5,0.0,1
1245,2,1,3,0.0,0.0176916596461668,5,0.0,1
1246,2,1,3,0.0180505415162454,0.0213022024310988,3,0.0,1
1247,2,1,3,0.0150421179302045,0.00300878565411,3,0.0,1
1248,2,1,3,0.154632972322503,0.0339391021783608,2,0.0,0
1249,2,1,3,0.0,0.0339391021783608,5,0.0,1
1250,2,1,3,0.0051143200962695,0.0349620893007582,3,0.0,1
1251,2,1,3,0.0,0.0349620893007582,5,0.0,1
1252,2,1,3,0.0403128760529482,0.043025634853773,4,0.0,1
1253,2,1,3,0.0009025270758122,0.0432061619930196,3,0.0,1
1254,2,1,3,0.0282791817087845,0.0488626790227464,4,0.0,1
1255,2,1,3,0.2235258724428399,0.093573233842821,6,0.3333333333333333,0
1256,2,1,3,0.0409145607701564,0.1017571308220002,4,0.0,1
1257,2,1,3,0.0183513838748495,0.1054278493200144,3,0.0,1
1258,2,1,3,0.0,0.1054278493200144,5,0.0,1
1259,2,1,3,0.4311070998796631,0.191659646166807,1,0.6666666666666666,0
1260,2,1,3,0.0743080625752106,0.2065230472981104,4,0.0,2
1261,2,1,3,0.0508423586040914,0.2166927428090023,4,0.0,2
1262,2,1,3,0.0433212996389891,0.225358045492839,4,0.0,1
1263,2,1,3,0.1609506618531889,0.2575520519918161,2,0.0,0
1264,2,1,3,0.0,0.2575520519918161,5,0.0,1
1265,2,1,3,0.2163056558363418,0.3008183896979179,6,0.3333333333333333,0
1266,2,1,3,0.0448255114320096,0.3097845709471656,4,0.0,1
1267,2,1,3,0.0385078219013237,0.3174870622216873,4,0.0,1
1268,2,1,3,0.1320697954271961,0.3439042002647731,2,0.0,0
1269,2,1,3,0.0794223826714801,0.3597905885184739,4,0.0,2
1270,2,1,3,0.0045126353790613,0.3606932242147069,3,0.0,1
1271,2,1,3,0.0261732851985559,0.3659285112528583,4,0.0,1
1272,2,1,3,0.0,0.3659285112528583,5,0.0,1
1273,2,1,3,0.1215403128760529,0.3902394993380671,2,0.0,0
1274,2,1,3,0.0529482551143201,0.4008304248405344,4,0.0,2
1275,2,1,3,0.1092057761732852,0.4226742086893729,2,0.0,0
1276,2,1,3,0.0439229843561973,0.4314598627993741,4,0.0,1
1277,2,1,3,0.0195547533092659,0.003911421350343,3,0.0,1
1278,2,1,3,0.0553549939831528,0.0149837525574678,4,0.0,2
1279,2,1,3,0.0210589651022864,0.0191960524732218,3,0.0,1
1280,2,1,3,0.223826714801444,0.0639667830063786,6,0.3333333333333333,0
1281,2,1,3,0.0499398315282791,0.0739559513780238,4,0.0,2
1282,2,1,3,0.0057160048134777,0.0750992899265856,3,0.0,1
1283,2,1,3,0.2590252707581227,0.1269105788903598,6,0.3333333333333333,0
1284,2,1,3,0.1016847172081829,0.1472499699121434,4,0.0,2
1285,2,1,3,0.029783393501805,0.1532073655072812,4,0.0,1
1286,2,1,3,0.0024067388688327,0.1536887712119388,3,0.0,1
1287,2,1,3,0.0201564380264741,0.1577205439884462,3,0.0,1
1288,2,1,3,0.0240673886883273,0.1625346010350222,4,0.0,1
1289,2,1,3,0.0156438026474127,0.1656637381152966,3,0.0,1
1290,2,1,3,0.0327918170878459,0.1722228908412564,4,0.0,1
1291,2,1,3,0.0174488567990373,0.175713082200024,3,0.0,1
1292,2,1,3,0.0370036101083032,0.1831146949091346,4,0.0,1
1293,2,1,3,0.1344765342960289,0.210013238656878,2,0.0,0
1294,2,1,3,0.0021058965102286,0.2104344686484534,3,0.0,1
1295,2,1,3,0.1462093862815884,0.2396798652064027,2,0.0,0
1296,2,1,3,0.1756919374247894,0.2748224816464075,2,0.0,0
1297,2,1,3,0.0243682310469314,0.2796967144060657,4,0.0,1
1298,2,1,3,0.0312876052948255,0.2859549885666145,4,0.0,1
1299,2,1,3,0.0213598074608904,0.2902274641954507,3,0.0,1
1300,2,1,3,0.1570397111913357,0.3216391864243591,2,0.0,0
1301,2,1,3,0.0541516245487364,0.3324708147791551,4,0.0,2
1302,2,1,3,0.0,0.3324708147791551,5,0.0,1
1303,2,1,3,0.0,0.3324708147791551,5,0.0,1
1304,2,1,3,0.0553549939831528,0.3435431459862799,4,0.0,2
1305,2,1,3,0.0090252707581227,0.3453484173787459,3,0.0,1
1306,2,1,3,0.0679903730445246,0.3589481285353231,4,0.0,2
1307,2,1,3,0.0006016847172081,0.3590684799614875,3,0.0,1
1308,2,1,3,0.0141395908543922,0.0028282585148634,3,0.0,1
1309,2,1,3,0.0565583634175691,0.014141292574317,4,0.0,2
1310,2,1,3,0.0108303249097472,0.0163076182452762,3,0.0,1
1311,2,1,3,0.0138387484957882,0.0190757010470574,3,0.0,1
1312,2,1,3,0.0,0.0190757010470574,5,0.0,1
1313,2,1,3,0.1850180505415162,0.0560837645926104,2,0.0,0
1314,2,1,3,0.0,0.0560837645926104,5,0.0,1
1315,2,1,3,0.0126353790613718,0.0586111445420628,3,0.0,1
1316,2,1,3,0.0,0.0586111445420628,5,0.0,1
1317,2,1,3,0.0481347773766546,0.0682392586352148,4,0.0,2
1318,2,1,3,0.0084235860409145,0.0699241786015164,3,0.0,1
1319,2,1,3,0.0734055354993983,0.0846070525935732,4,0.0,2
1320,2,1,3,0.0694945848375451,0.0985076423155614,4,0.0,2
1321,2,1,3,0.0421179302045728,0.1069322421470694,4,0.0,1
1322,2,1,3,0.0063176895306859,0.1081959321217956,3,0.0,1
1323,2,1,3,0.092358604091456,0.126669876038031,4,0.0,2
1324,2,1,3,0.0,0.126669876038031,5,0.0,1
1325,2,1,3,0.0012033694344163,0.1269105788903598,3,0.0,1
1326,2,1,3,0.0773164861612515,0.1423757371524852,4,0.0,2
1327,2,1,3,0.0027075812274368,0.142917318570225,3,0.0,1
1328,2,1,3,0.0,0.142917318570225,5,0.0,1
1329,2,1,3,0.0048134777376654,0.1438801299795402,3,0.0,1
1330,2,1,3,0.0114320096269554,0.1461668070766638,3,0.0,1
1331,2,1,3,0.0318892900120336,0.152545432663377,4,0.0,1
1332,2,1,3,0.0637785800240673,0.1653026838368034,4,0.0,2
1333,2,1,3,0.0839350180505415,0.1820917077867372,4,0.0,2
1334,2,1,3,0.0,0.1820917077867372,5,0.0,1
1335,2,1,3,0.0926594464500601,0.2006258274160548,4,0.0,2
1336,2,1,3,0.0827316486161251,0.2171741485136598,4,0.0,2
1337,2,1,3,0.0448255114320096,0.2261403297629076,4,0.0,1
1338,2,1,3,0.0159446450060168,0.2293296425562643,3,0.0,1
1339,2,1,3,0.0069193742478941,0.0013840414008906,3,0.0,1
1340,2,1,3,0.0243682310469314,0.0062582741605488,4,0.0,1
1341,2,1,3,0.0054151624548736,0.0073414369960284,3,0.0,1
1342,2,1,3,0.0,0.0073414369960284,5,0.0,1
1343,2,1,3,0.0448255114320096,0.0163076182452762,4,0.0,1
1344,2,1,3,0.0406137184115523,0.0244313395113732,4,0.0,1
1345,2,1,3,0.0755114320096269,0.0395354434950054,4,0.0,2
1346,2,1,3,0.1401925391095066,0.0675773257913106,2,0.0,0
1347,2,1,3,0.0174488567990373,0.0710675171500782,3,0.0,1
1348,2,1,3,0.0240673886883273,0.0758815741966542,4,0.0,1
1349,2,1,3,0.0018050541516245,0.0762426284751474,3,0.0,1
1350,2,1,3,0.02647412755716,0.081538091226381,4,0.0,1
1351,2,1,3,0.052647412755716,0.092068841015766,4,0.0,2
1352,2,1,3,0.0045126353790613,0.092971476711999,3,0.0,1
1353,2,1,3,0.0535499398315282,0.1036827536406306,4,0.0,2
1354,2,1,3,0.0,0.1036827536406306,5,0.0,1
1355,2,1,3,0.0306859205776173,0.109820676375015,4,0.0,1
1356,2,1,3,0.0243682310469314,0.1146949091346732,4,0.0,1
1357,2,1,3,0.0114320096269554,0.1169815862317968,3,0.0,1
1358,2,1,3,0.0652827918170878,0.1300397159706342,4,0.0,2
1359,2,1,3,0.0021058965102286,0.1304609459622096,3,0.0,1
1360,2,1,3,0.0703971119133574,0.1445420628234444,4,0.0,2
1361,2,1,3,0.0012033694344163,0.1447827656757732,3,0.0,1
1362,2,1,3,0.0743080625752106,0.1596461668070766,4,0.0,2
1363,2,1,3,0.075812274368231,0.174810446503791,4,0.0,2
1364,2,1,3,0.0776173285198556,0.1903357804789986,4,0.0,2
1365,2,1,3,0.0,0.1903357804789986,5,0.0,1
1366,2,1,3,0.1453068592057761,0.2194006498977013,2,0.0,0
1367,2,1,3,0.0,0.2194006498977013,5,0.0,1
1368,2,1,3,0.0147412755716004,0.222349259838729,3,0.0,1
1369,2,1,3,0.0213598074608904,0.0042724756288362,3,0.0,1
1370,2,1,3,0.0252707581227436,0.009327235527741,4,0.0,1
1371,2,1,3,0.0,0.009327235527741,5,0.0,1
1372,2,1,3,0.0213598074608904,0.0135997111565772,3,0.0,1
1373,2,1,3,0.0168471720818291,0.0169695510891804,3,0.0,1
1374,2,1,3,0.000300842358604,0.0170297268022626,3,0.0,1
1375,2,1,3,0.0339951865222623,0.0238295823805512,4,0.0,1
1376,2,1,3,0.0186522262334536,0.0275604765916476,3,0.0,1
1377,2,1,3,0.0589651022864019,0.0393549163557588,4,0.0,2
1378,2,1,3,0.0213598074608904,0.043627391984595,3,0.0,1
1379,2,1,3,0.009927797833935,0.0456131905163076,3,0.0,1
1380,2,1,3,0.0171480144404332,0.049043206161993,3,0.0,1
1381,2,1,3,0.0,0.049043206161993,5,0.0,1
1382,2,1,3,0.0321901323706377,0.0554820074617884,4,0.0,1
1383,2,1,3,0.0153429602888086,0.0585509688289806,3,0.0,1
1384,2,1,3,0.0084235860409145,0.0602358887952822,3,0.0,1
1385,2,1,3,0.0006016847172081,0.0603562402214466,3,0.0,1
1386,2,1,3,0.0586642599277978,0.0720905042724756,4,0.0,2
1387,2,1,3,0.0009025270758122,0.0722710314117222,3,0.0,1
1388,2,1,3,0.0550541516245487,0.0832831869057648,4,0.0,2
1389,2,1,3,0.0,0.0832831869057648,5,0.0,1
1390,2,1,3,0.003610108303249,0.0840052954627512,3,0.0,1
1391,2,1,3,0.0006016847172081,0.0841256468889156,3,0.0,1
1392,2,1,3,0.0057160048134777,0.0852689854374774,3,0.0,1
1393,2,1,3,0.0057160048134777,0.0864123239860392,3,0.0,1
1394,2,1,3,0.0258724428399518,0.0915874353111084,4,0.0,1
1395,2,1,3,0.003610108303249,0.0923095438680948,3,0.0,1
1396,2,1,3,0.0,0.0923095438680948,5,0.0,1
1397,2,1,3,0.0021058965102286,0.0927307738596702,3,0.0,1
1398,2,1,3,0.0120336943441636,0.0951378023829582,3,0.0,1
1399,2,1,3,0.0081227436823104,0.0967625466361776,3,0.0,1
1400,2,1,3,0.0,0.0,5,0.0,1
1401,2,1,3,0.0,0.0,5,0.0,1
1402,2,1,3,0.0,0.0,5,0.0,1
1403,2,1,3,0.0,0.0,5,0.0,1
1404,2,1,3,0.0,0.0,5,0.0,1
1405,2,1,3,0.0219614921780986,0.0043928270550006,3,0.0,1
1406,2,1,3,0.0,0.0043928270550006,5,0.0,1
1407,2,1,3,0.0,0.0043928270550006,5,0.0,1
1408,2,1,3,0.0015042117930204,0.0046937056204116,3,0.0,1
1409,2,1,3,0.0,0.0046937056204116,5,0.0,1
1410,2,1,3,0.0,0.0046937056204116,5,0.0,1
1411,2,1,3,0.0,0.0046937056204116,5,0.0,1
1412,2,1,3,0.0,0.0046937056204116,5,0.0,1
1413,2,1,3,0.0,0.0046937056204116,5,0.0,1
1414,2,1,3,0.0,0.0046937056204116,5,0.0,1
1415,2,1,3,0.0,0.0046937056204116,5,0.0,1
1416,2,1,3,0.0,0.0046937056204116,5,0.0,1
1417,2,1,3,0.0,0.0046937056204116,5,0.0,1
1418,2,1,3,0.0,0.0046937056204116,5,0.0,1
1419,2,1,3,0.0,0.0046937056204116,5,0.0,1
1420,2,1,3,0.0,0.0046937056204116,5,0.0,1
1421,2,1,3,0.0,0.0046937056204116,5,0.0,1
1422,2,1,3,0.0,0.0046937056204116,5,0.0,1
1423,2,1,3,0.0,0.0046937056204116,5,0.0,1
1424,2,1,3,0.0538507821901323,0.0154651582621254,4,0.0,2
1425,2,1,3,0.0081227436823104,0.0170899025153448,3,0.0,1
1426,2,1,3,0.0,0.0170899025153448,5,0.0,1
1427,2,1,3,0.0,0.0170899025153448,5,0.0,1
1428,2,1,3,0.0213598074608904,0.021362378144181,3,0.0,1
1429,2,1,3,0.0,0.021362378144181,5,0.0,1
1430,2,1,3,0.0,0.0,5,0.0,1
1431,2,1,3,0.0,0.0,5,0.0,1
1432,2,1,3,0.0,0.0,5,0.0,1
1433,2,1,3,0.0,0.0,5,0.0,1
1434,2,1,3,0.0,0.0,5,0.0,1
1435,2,1,3,0.0,0.0,5,0.0,1
1436,2,1,3,0.0,0.0,5,0.0,1
1437,2,1,3,0.0,0.0,5,0.0,1
1438,2,1,3,0.0,0.0,5,0.0,1
1439,2,1,3,0.0,0.0,5,0.0,1
1440,2,1,3,0.0,0.0,5,0.0,1
1441,2,1,3,0.0,0.0,5,0.0,1
1442,2,1,3,0.003309265944645,0.0006619328439042,3,0.0,1
1443,2,1,3,0.0,0.0006619328439042,5,0.0,1
1444,2,1,3,0.0,0.0006619328439042,5,0.0,1
1445,2,1,3,0.0,0.0006619328439042,5,0.0,1
1446,2,1,3,0.0,0.0006619328439042,5,0.0,1
1447,2,1,3,0.0,0.0006619328439042,5,0.0,1
1448,2,1,3,0.0,0.0006619328439042,5,0.0,1
1449,2,1,3,0.0,0.0006619328439042,5,0.0,1
1450,2,1,3,0.0,0.0006619328439042,5,0.0,1
1451,2,1,3,0.0,0.0006619328439042,5,0.0,1
1452,2,1,3,0.0,0.0006619328439042,5,0.0,1
1453,2,1,3,0.0,0.0006619328439042,5,0.0,1
1454,2,1,3,0.0,0.0006619328439042,5,0.0,1
1455,2,1,3,0.0,0.0006619328439042,5,0.0,1
1456,2,1,3,0.0,0.0006619328439042,5,0.0,1
1457,2,1,3,0.0,0.0006619328439042,5,0.0,1
1458,2,1,3,0.0075210589651022,0.0021663256709592,3,0.0,1
1459,2,1,3,0.0,0.0021663256709592,5,0.0,1
1460,2,1,3,0.0336943441636582,0.0089060055361656,4,0.0,1
1461,2,1,1,0.0,0.0,5,0.0,1
1462,2,1,1,0.0,0.0,5,0.0,1
1463,2,1,1,0.0,0.0,5,0.0,1
1464,2,1,1,0.0,0.0,5,0.0,1
1465,2,1,1,0.0,0.0,5,0.0,1
1466,2,1,1,0.0,0.0,5,0.0,1
1467,2,1,1,0.0,0.0,5,0.0,1
1468,2,1,1,0.0,0.0,5,0.0,1
1469,2,1,1,0.111913357400722,0.0223853652665784,2,0.0,0
1470,2,1,1,0.0,0.0223853652665784,5,0.0,1
1471,2,1,1,0.0072202166064981,0.0238295823805512,3,0.0,1
1472,2,1,1,0.0,0.0238295823805512,5,0.0,1
1473,2,1,1,0.0,0.0238295823805512,5,0.0,1
1474,2,1,1,0.0,0.0238295823805512,5,0.0,1
1475,2,1,1,0.0,0.0238295823805512,5,0.0,1
1476,2,1,1,0.0,0.0238295823805512,5,0.0,1
1477,2,1,1,0.0,0.0238295823805512,5,0.0,1
1478,2,1,1,0.0,0.0238295823805512,5,0.0,1
1479,2,1,1,0.0,0.0238295823805512,5,0.0,1
1480,2,1,1,0.0,0.0238295823805512,5,0.0,1
1481,2,1,1,0.0,0.0238295823805512,5,0.0,1
1482,2,1,1,0.0,0.0238295823805512,5,0.0,1
1483,2,1,1,0.0,0.0238295823805512,5,0.0,1
1484,2,1,1,0.0,0.0238295823805512,5,0.0,1
1485,2,1,1,0.0,0.0238295823805512,5,0.0,1
1486,2,1,1,0.0,0.0238295823805512,5,0.0,1
1487,2,1,1,0.0102286401925391,0.025875556625346,3,0.0,1
1488,2,1,1,0.0,0.025875556625346,5,0.0,1
1489,2,1,1,0.0,0.025875556625346,5,0.0,1
1490,2,1,1,0.0,0.025875556625346,5,0.0,1
1491,2,1,1,0.0,0.025875556625346,5,0.0,1
1492,2,1,1,0.0,0.0,5,0.0,1
1493,2,1,1,0.0,0.0,5,0.0,1
1494,2,1,1,0.0,0.0,5,0.0,1
1495,2,1,1,0.0,0.0,5,0.0,1
1496,2,1,1,0.0,0.0,5,0.0,1
1497,2,1,1,0.0,0.0,5,0.0,1
1498,2,1,1,0.0,0.0,5,0.0,1
1499,2,1,1,0.0,0.0,5,0.0,1
1500,2,1,1,0.0,0.0,5,0.0,1
1501,2,1,1,0.0,0.0,5,0.0,1
1502,2,1,1,0.0,0.0,5,0.0,1
1503,2,1,1,0.0,0.0,5,0.0,1
1504,2,1,1,0.0,0.0,5,0.0,1
1505,2,1,1,0.0,0.0,5,0.0,1
1506,2,1,1,0.0,0.0,5,0.0,1
1507,2,1,1,0.0,0.0,5,0.0,1
1508,2,1,1,0.0,0.0,5,0.0,1
1509,2,1,1,0.0,0.0,5,0.0,1
1510,2,1,1,0.0,0.0,5,0.0,1
1511,2,1,1,0.0,0.0,5,0.0,1
1512,2,1,1,0.0,0.0,5,0.0,1
1513,2,1,1,0.0977737665463297,0.019557106751715,4,0.0,2
1514,2,1,1,0.0571600481347773,0.030990492237333,4,0.0,2
1515,2,1,1,0.0,0.030990492237333,5,0.0,1
1516,2,1,1,0.0959687123947051,0.0501865447105548,4,0.0,2
1517,2,1,1,0.0,0.0501865447105548,5,0.0,1
1518,2,1,1,0.0,0.0501865447105548,5,0.0,1
1519,2,1,1,0.036401925391095,0.057467805993501,4,0.0,1
1520,2,1,1,0.0,0.057467805993501,5,0.0,1
1521,2,1,1,0.0,0.0,5,0.0,1
1522,2,1,1,0.0,0.0,5,0.0,1
1523,2,1,1,0.0,0.0,5,0.0,1
1524,2,1,1,0.0,0.0,5,0.0,1
1525,2,1,1,0.0,0.0,5,0.0,1
1526,2,1,1,0.0,0.0,5,0.0,1
1527,2,1,1,0.0637785800240673,0.0127572511734264,4,0.0,2
1528,2,1,1,0.0,0.0127572511734264,5,0.0,1
1529,2,1,1,0.0,0.0127572511734264,5,0.0,1
1530,2,1,1,0.0222623345367027,0.0172102539415092,3,0.0,1
1531,2,1,1,0.0,0.0172102539415092,5,0.0,1
1532,2,1,1,0.0,0.0172102539415092,5,0.0,1
1533,2,1,1,0.0,0.0172102539415092,5,0.0,1
1534,2,1,1,0.00661853188929,0.0185341196293176,3,0.0,1
1535,2,1,1,0.0,0.0185341196293176,5,0.0,1
1536,2,1,1,0.0,0.0185341196293176,5,0.0,1
1537,2,1,1,0.0,0.0185341196293176,5,0.0,1
1538,2,1,1,0.0,0.0185341196293176,5,0.0,1
1539,2,1,1,0.0,0.0185341196293176,5,0.0,1
1540,2,1,1,0.0,0.0185341196293176,5,0.0,1
1541,2,1,1,0.0,0.0185341196293176,5,0.0,1
1542,2,1,1,0.0,0.0185341196293176,5,0.0,1
1543,2,1,1,0.0,0.0185341196293176,5,0.0,1
1544,2,1,1,0.0,0.0185341196293176,5,0.0,1
1545,2,1,1,0.0,0.0185341196293176,5,0.0,1
1546,2,1,1,0.0505415162454873,0.0286436394271272,4,0.0,2
1547,2,1,1,0.0,0.0286436394271272,5,0.0,1
1548,2,1,1,0.0,0.0286436394271272,5,0.0,1
1549,2,1,1,0.0,0.0286436394271272,5,0.0,1
1550,2,1,1,0.0,0.0286436394271272,5,0.0,1
1551,2,1,1,0.0400120336943441,0.0366470092670598,4,0.0,1
1552,2,1,1,0.0,0.0,5,0.0,1
1553,2,1,1,0.0,0.0,5,0.0,1
1554,2,1,1,0.0,0.0,5,0.0,1
1555,2,1,1,0.0,0.0,5,0.0,1
1556,2,1,1,0.0,0.0,5,0.0,1
1557,2,1,1,0.0,0.0,5,0.0,1
1558,2,1,1,0.0,0.0,5,0.0,1
1559,2,1,1,0.0,0.0,5,0.0,1
1560,2,1,1,0.0556558363417569,0.011132506920207,4,0.0,2
1561,2,1,1,0.0,0.011132506920207,5,0.0,1
1562,2,1,1,0.0,0.011132506920207,5,0.0,1
1563,2,1,1,0.0,0.011132506920207,5,0.0,1
1564,2,1,1,0.0,0.011132506920207,5,0.0,1
1565,2,1,1,0.0207581227436823,0.0152846311228788,3,0.0,1
1566,2,1,1,0.0,0.0152846311228788,5,0.0,1
1567,2,1,1,0.0523465703971119,0.0257552051991816,4,0.0,2
1568,2,1,1,0.0,0.0257552051991816,5,0.0,1
1569,2,1,1,0.0018050541516245,0.0261162594776748,3,0.0,1
1570,2,1,1,0.0,0.0261162594776748,5,0.0,1
1571,2,1,1,0.0,0.0261162594776748,5,0.0,1
1572,2,1,1,0.0,0.0261162594776748,5,0.0,1
1573,2,1,1,0.0,0.0261162594776748,5,0.0,1
1574,2,1,1,0.0174488567990373,0.0296064508364424,3,0.0,1
1575,2,1,1,0.0,0.0296064508364424,5,0.0,1
1576,2,1,1,0.0069193742478941,0.030990492237333,3,0.0,1
1577,2,1,1,0.0,0.030990492237333,5,0.0,1
1578,2,1,1,0.0,0.030990492237333,5,0.0,1
1579,2,1,1,0.0021058965102286,0.0314117222289084,3,0.0,1
1580,2,1,1,0.0,0.0314117222289084,5,0.0,1
1581,2,1,1,0.0,0.0314117222289084,5,0.0,1
1582,2,1,1,0.0,0.0,5,0.0,1
1583,2,1,1,0.0,0.0,5,0.0,1
1584,2,1,1,0.0,0.0,5,0.0,1
1585,2,1,1,0.0,0.0,5,0.0,1
1586,2,1,1,0.0,0.0,5,0.0,1
1587,2,1,1,0.0285800240673886,0.005716692742809,4,0.0,1
1588,2,1,1,0.0,0.005716692742809,5,0.0,1
1589,2,1,1,0.003610108303249,0.0064388012997954,3,0.0,1
1590,2,1,1,0.03309265944645,0.0130581297388374,4,0.0,1
1591,2,1,1,0.0,0.0130581297388374,5,0.0,1
1592,2,1,1,0.0,0.0130581297388374,5,0.0,1
1593,2,1,1,0.0,0.0130581297388374,5,0.0,1
1594,2,1,1,0.0,0.0130581297388374,5,0.0,1
1595,2,1,1,0.0583634175691937,0.0247322180767842,4,0.0,2
1596,2,1,1,0.0,0.0247322180767842,5,0.0,1
1597,2,1,1,0.0,0.0247322180767842,5,0.0,1
1598,2,1,1,0.0,0.0247322180767842,5,0.0,1
1599,2,1,1,0.0493381468110709,0.034601035022265,4,0.0,2
1600,2,1,1,0.0547533092659446,0.0455530148032254,4,0.0,2
1601,2,1,1,0.0135379061371841,0.0482609218919244,3,0.0,1
1602,2,1,1,0.0394103489771359,0.0561439403056926,4,0.0,1
1603,2,1,1,0.0,0.0561439403056926,5,0.0,1
1604,2,1,1,0.0499398315282791,0.0661331086773378,4,0.0,2
1605,2,1,1,0.0,0.0661331086773378,5,0.0,1
1606,2,1,1,0.0351985559566787,0.0731736671079552,4,0.0,1
1607,2,1,1,0.0,0.0731736671079552,5,0.0,1
1608,2,1,1,0.0,0.0731736671079552,5,0.0,1
1609,2,1,1,0.0246690734055354,0.0781080755806956,4,0.0,1
1610,2,1,1,0.0646811070998796,0.0910458538933686,4,0.0,2
1611,2,1,1,0.0048134777376654,0.0920086653026838,3,0.0,1
1612,2,1,1,0.0,0.0920086653026838,5,0.0,1
1613,2,1,1,0.0327918170878459,0.0065591527259598,4,0.0,1
1614,2,1,1,0.0174488567990373,0.0100493440847274,3,0.0,1
1615,2,1,1,0.0126353790613718,0.0125767240341798,3,0.0,1
1616,2,1,1,0.062575210589651,0.0250932723552774,4,0.0,2
1617,2,1,1,0.0,0.0250932723552774,5,0.0,1
1618,2,1,1,0.0,0.0250932723552774,5,0.0,1
1619,2,1,1,0.0376052948255114,0.0326152364905524,4,0.0,1
1620,2,1,1,0.0752105896510228,0.0476591647611024,4,0.0,2
1621,2,1,1,0.3276173285198556,0.1131905163076182,6,0.3333333333333333,0
1622,2,1,1,0.1501203369434416,0.143218197135636,2,0.0,0
1623,2,1,1,0.1070998796630565,0.1646407509928992,2,0.0,0
1624,2,1,1,0.384777376654633,0.2416054880250331,1,0.6666666666666666,0
1625,2,1,1,0.0469314079422382,0.2509928992658563,4,0.0,2
1626,2,1,1,0.0126353790613718,0.2535202792153087,3,0.0,1
1627,2,1,1,0.2385679903730445,0.3012396196894933,6,0.3333333333333333,0
1628,2,1,1,0.1410950661853189,0.3294620291250451,2,0.0,0
1629,2,1,1,0.1170276774969915,0.3528703815140209,2,0.0,0
1630,2,1,1,0.1621540312876053,0.3853050908653267,2,0.0,0
1631,2,1,1,0.1335740072202166,0.4120231074738236,2,0.0,0
1632,2,1,1,0.246991576413959,0.4614273679143097,6,0.3333333333333333,0
1633,2,1,1,0.0234657039711191,0.4661210735347214,4,0.0,1
1634,2,1,1,0.2292418772563177,0.5119749669033578,6,0.3333333333333333,0
1635,2,1,1,0.003610108303249,0.5126970754603442,3,0.0,1
1636,2,1,1,0.1266546329723225,0.5380310506679504,2,0.0,0
1637,2,1,1,0.0114320096269554,0.540317727765074,3,0.0,1
1638,2,1,1,0.1007821901323706,0.560476591647611,4,0.0,2
1639,2,1,1,0.1880264741275571,0.598086412323986,2,0.0,0
1640,2,1,1,0.0270758122743682,0.603502226501384,4,0.0,1
1641,2,1,1,0.368531889290012,0.6772174750270791,1,0.6666666666666666,0
1642,2,1,1,0.0905535499398315,0.6953303646648212,4,0.0,2
1643,2,1,1,0.1398916967509025,0.027981706583223,2,0.0,0
1644,2,1,1,0.0018050541516245,0.0283427608617162,3,0.0,1
1645,2,1,1,0.3252105896510228,0.0933927067035744,6,0.3333333333333333,0
1646,2,1,1,0.0716004813477737,0.107714526417138,4,0.0,2
1647,2,1,1,0.0144404332129963,0.1106029606450836,3,0.0,1
1648,2,1,1,0.0604693140794223,0.1226982789746058,4,0.0,2
1649,2,1,1,0.157942238267148,0.1542905283427608,2,0.0,0
1650,2,1,1,0.1095066185318893,0.1761944879046816,2,0.0,0
1651,2,1,1,0.2472924187725632,0.22565892405825,6,0.3333333333333333,0
1652,2,1,1,0.0475330926594464,0.2351666867252377,4,0.0,2
1653,2,1,1,0.0776173285198556,0.2506920207004453,4,0.0,2
1654,2,1,1,0.0348977135980746,0.2576724034179805,4,0.0,1
1655,2,1,1,0.328820697954272,0.3234444578168251,6,0.3333333333333333,0
1656,2,1,1,0.0382069795427196,0.3310867733782645,4,0.0,1
1657,2,1,1,0.0204572803850782,0.3351787218678541,3,0.0,1
1658,2,1,1,0.0770156438026474,0.3505837044168973,4,0.0,2
1659,2,1,1,0.0872442839951865,0.3680346612107353,4,0.0,2
1660,2,1,1,0.0069193742478941,0.3694187026116259,3,0.0,1
1661,2,1,1,0.0454271961492178,0.3785052352870381,4,0.0,2
1662,2,1,1,0.0039109506618531,0.3792875195571067,3,0.0,1
1663,2,1,1,0.121841155234657,0.4036586833553977,2,0.0,0
1664,2,1,1,0.0,0.4036586833553977,5,0.0,1
1665,2,1,1,0.1853188929001203,0.4407269226140329,2,0.0,0
1666,2,1,1,0.0351985559566787,0.4477674810446503,4,0.0,1
1667,2,1,1,0.0342960288808664,0.4546275123360211,4,0.0,1
1668,2,1,1,0.0156438026474127,0.4577566494162956,3,0.0,1
1669,2,1,1,0.1916365824308062,0.496088578649657,2,0.0,0
1670,2,1,1,0.1257521058965102,0.5212420267180167,2,0.0,0
1671,2,1,1,0.4494584837545127,0.6111445420628234,1,0.6666666666666666,0
1672,2,1,1,0.3008423586040915,0.6713202551450234,6,0.3333333333333333,0
1673,2,1,1,0.0,0.6713202551450234,5,0.0,1
1674,2,1,1,0.5370036101083032,0.107413647851727,1,0.6666666666666666,0
1675,2,1,1,0.1510228640192539,0.1376218558189914,2,0.0,0
1676,2,1,1,0.0072202166064981,0.1390660729329642,3,0.0,1
1677,2,1,1,0.0755114320096269,0.1541701769165964,4,0.0,2
1678,2,1,1,0.079121540312876,0.169996389457215,4,0.0,2
1679,2,1,1,0.04632972322503,0.1792634492718738,4,0.0,2
1680,2,1,1,0.2265342960288808,0.2245757612227704,6,0.3333333333333333,0
1681,2,1,1,0.0412154031287605,0.2328198339150318,4,0.0,1
1682,2,1,1,0.3324308062575211,0.2993139968708629,6,0.3333333333333333,0
1683,2,1,1,0.1028880866425993,0.3198940907449753,4,0.0,2
1684,2,1,1,0.0700962695547533,0.3339150318931279,4,0.0,2
1685,2,1,1,0.0508423586040914,0.3440847274040197,4,0.0,2
1686,2,1,1,0.1074007220216606,0.3655674569743651,2,0.0,0
1687,2,1,1,0.0947653429602888,0.3845228065952581,4,0.0,2
1688,2,1,1,0.0568592057761732,0.3958960163677939,4,0.0,2
1689,2,1,1,0.0021058965102286,0.3963172463593694,3,0.0,1
1690,2,1,1,0.1335740072202166,0.4230352629678661,2,0.0,0
1691,2,1,1,0.0746089049338146,0.4379588398122517,4,0.0,2
1692,2,1,1,0.1783995186522262,0.4736430376699964,2,0.0,0
1693,2,1,1,0.1922382671480144,0.5120953183295222,2,0.0,0
1694,2,1,1,0.0848375451263537,0.5290648694187027,4,0.0,2
1695,2,1,1,0.2175090252707581,0.5725719099771333,6,0.3333333333333333,0
1696,2,1,1,0.023164861612515,0.5772054398844626,4,0.0,1
1697,2,1,1,0.441034897713598,0.6654230352629679,1,0.6666666666666666,0
1698,2,1,1,0.3643200962695547,0.7382958238055122,1,0.6666666666666666,0
1699,2,1,1,0.0968712394705174,0.7576724034179805,4,0.0,2
1700,2,1,1,0.0,0.7576724034179805,5,0.0,1
1701,2,1,1,0.0321901323706377,0.7641112047177758,4,0.0,1
1702,2,1,1,0.0294825511432009,0.7700084245998314,4,0.0,1
1703,2,1,1,0.0457280385078219,0.7791551329883258,4,0.0,2
1704,2,1,1,0.2268351383874849,0.8245276206523048,6,0.3333333333333333,0
1705,2,1,1,0.3083634175691938,0.061680105909255,6,0.3333333333333333,0
1706,2,1,1,0.0785198555956678,0.0773859670237092,4,0.0,2
1707,2,1,1,0.2361612515042118,0.1246239017932362,6,0.3333333333333333,0
1708,2,1,1,0.286101083032491,0.1818510049344084,6,0.3333333333333333,0
1709,2,1,1,0.3889891696750903,0.2596582019496931,1,0.6666666666666666,0
1710,2,1,1,0.1380866425992779,0.2872788542544229,2,0.0,0
1711,2,1,1,0.0048134777376654,0.2882416656637381,3,0.0,1
1712,2,1,1,0.2864019253910951,0.3455289445179925,6,0.3333333333333333,0
1713,2,1,1,0.0105294825511432,0.3476350944758695,3,0.0,1
1714,2,1,1,0.0508423586040914,0.3578047899867613,4,0.0,2
1715,2,1,1,0.0261732851985559,0.3630400770249127,4,0.0,1
1716,2,1,1,0.0,0.3630400770249127,5,0.0,1
1717,2,1,1,0.0075210589651022,0.3645444698519677,3,0.0,1
1718,2,1,1,0.1997593261131167,0.4045011433385486,6,0.3333333333333333,0
1719,2,1,1,0.4259927797833935,0.4897099530629437,1,0.6666666666666666,0
1720,2,1,1,0.0006016847172081,0.4898303044891082,3,0.0,1
1721,2,1,1,0.0523465703971119,0.500300878565411,4,0.0,2
1722,2,1,1,0.0737063778580024,0.51504392827055,4,0.0,2
1723,2,1,1,0.184416365824308,0.5519316403899386,2,0.0,0
1724,2,1,1,0.3583032490974729,0.6236009146708388,1,0.6666666666666666,0
1725,2,1,1,0.0403128760529482,0.6316644602238537,4,0.0,1
1726,2,1,1,0.0565583634175691,0.6429774942833072,4,0.0,2
1727,2,1,1,0.1507220216606498,0.6731255265374894,2,0.0,0
1728,2,1,1,0.1055956678700361,0.6942472018293416,4,0.0,0
1729,2,1,1,0.0255716004813477,0.6993621374413287,4,0.0,1
1730,2,1,1,0.0096269554753309,0.7012877602599591,3,0.0,1
1731,2,1,1,0.0213598074608904,0.7055602358887952,3,0.0,1
1732,2,1,1,0.1522262334536702,0.7360091467083885,2,0.0,0
1733,2,1,1,0.0460288808664259,0.7452160308099651,4,0.0,2
1734,2,1,1,0.0120336943441636,0.7476230593332531,3,0.0,1
1735,2,1,1,0.0598676293622141,0.0119749669033578,4,0.0,2
1736,2,1,1,0.0081227436823104,0.0135997111565772,3,0.0,1
1737,2,1,1,0.1796028880866426,0.0495246118666506,2,0.0,0
1738,2,1,1,0.0670878459687124,0.0629437958839812,4,0.0,2
1739,2,1,1,0.8023465703971119,0.2234324226742086,0,1.0,0
1740,2,1,1,0.0270758122743682,0.2288482368516066,4,0.0,1
1741,2,1,1,0.01323706377858,0.2314959682272235,3,0.0,1
1742,2,1,1,0.0102286401925391,0.2335419424720183,3,0.0,1
1743,2,1,1,0.0030084235860409,0.2341436996028403,3,0.0,1
1744,2,1,1,0.0081227436823104,0.2357684438560597,3,0.0,1
1745,2,1,1,0.0743080625752106,0.2506318449873631,4,0.0,2
1746,2,1,1,0.0009025270758122,0.2508123721266097,3,0.0,1
1747,2,1,1,0.0,0.2508123721266097,5,0.0,1
1748,2,1,1,0.0604693140794223,0.2629076904561319,4,0.0,2
1749,2,1,1,0.0333935018050541,0.2695871946082561,4,0.0,1
1750,2,1,1,0.1158243080625752,0.2927548441449031,2,0.0,0
1751,2,1,1,0.0030084235860409,0.2933566012757251,3,0.0,1
1752,2,1,1,0.0048134777376654,0.2943194126850403,3,0.0,1
1753,2,1,1,0.0048134777376654,0.2952822240943555,3,0.0,1
1754,2,1,1,0.1074007220216606,0.3167649536647009,2,0.0,0
1755,2,1,1,0.0027075812274368,0.3173065350824406,3,0.0,1
1756,2,1,1,0.1058965102286402,0.3384883860873751,4,0.0,0
1757,2,1,1,0.0339951865222623,0.3452882416656637,4,0.0,1
1758,2,1,1,0.0072202166064981,0.3467324587796365,3,0.0,1
1759,2,1,1,0.0123345367027677,0.3491996630160067,3,0.0,1
1760,2,1,1,0.0093261131167268,0.3510651101215549,3,0.0,1
1761,2,1,1,0.0189530685920577,0.3548561800457335,3,0.0,1
1762,2,1,1,0.0,0.3548561800457335,5,0.0,1
1763,2,1,1,0.036401925391095,0.3621374413286797,4,0.0,1
1764,2,1,1,0.0183513838748495,0.3658081598266939,3,0.0,1
1765,2,1,1,0.0018050541516245,0.3661692141051871,3,0.0,1
1766,2,1,1,0.0,0.0,5,0.0,1
1767,2,1,1,0.0,0.0,5,0.0,1
1768,2,1,1,0.0,0.0,5,0.0,1
1769,2,1,1,0.0,0.0,5,0.0,1
1770,2,1,1,0.1098074608904933,0.021964135275003,2,0.0,0
1771,2,1,1,0.0,0.021964135275003,5,0.0,1
1772,2,1,1,0.0,0.021964135275003,5,0.0,1
1773,2,1,1,0.055956678700361,0.0331568179082922,4,0.0,2
1774,2,1,1,0.0,0.0331568179082922,5,0.0,1
1775,2,1,1,0.0,0.0331568179082922,5,0.0,1
1776,2,1,1,0.0,0.0331568179082922,5,0.0,1
1777,2,1,1,0.1495186522262334,0.0630641473101456,2,0.0,0
1778,2,1,1,0.0,0.0630641473101456,5,0.0,1
1779,2,1,1,0.009927797833935,0.0650499458418582,3,0.0,1
1780,2,1,1,0.0,0.0650499458418582,5,0.0,1
1781,2,1,1,0.0,0.0650499458418582,5,0.0,1
1782,2,1,1,0.0327918170878459,0.071609098567818,4,0.0,1
1783,2,1,1,0.0,0.071609098567818,5,0.0,1
1784,2,1,1,0.0087244283995186,0.0733541942472018,3,0.0,1
1785,2,1,1,0.0225631768953068,0.0778673727283668,4,0.0,1
1786,2,1,1,0.0968712394705174,0.0972439523408352,4,0.0,2
1787,2,1,1,0.0180505415162454,0.1008544951257672,3,0.0,1
1788,2,1,1,0.00661853188929,0.1021783608135756,3,0.0,1
1789,2,1,1,0.0,0.1021783608135756,5,0.0,1
1790,2,1,1,0.0300842358604091,0.1081959321217956,4,0.0,1
1791,2,1,1,0.0,0.1081959321217956,5,0.0,1
1792,2,1,1,0.0,0.1081959321217956,5,0.0,1
1793,2,1,1,0.0,0.1081959321217956,5,0.0,1
1794,2,1,1,0.0,0.1081959321217956,5,0.0,1
1795,2,1,1,0.0,0.1081959321217956,5,0.0,1
1796,2,1,1,0.0,0.0,5,0.0,1
1797,2,1,1,0.0,0.0,5,0.0,1
1798,2,1,1,0.0,0.0,5,0.0,1
1799,2,1,1,0.0,0.0,5,0.0,1
1800,2,1,1,0.0093261131167268,0.0018654471055482,3,0.0,1
1801,2,1,1,0.0,0.0018654471055482,5,0.0,1
1802,2,1,1,0.0,0.0018654471055482,5,0.0,1
1803,2,1,1,0.0,0.0018654471055482,5,0.0,1
1804,2,1,1,0.0,0.0018654471055482,5,0.0,1
1805,2,1,1,0.0,0.0018654471055482,5,0.0,1
1806,2,1,1,0.0,0.0018654471055482,5,0.0,1
1807,2,1,1,0.0,0.0018654471055482,5,0.0,1
1808,2,1,1,0.0,0.0018654471055482,5,0.0,1
1809,2,1,1,0.0,0.0018654471055482,5,0.0,1
1810,2,1,1,0.0,0.0018654471055482,5,0.0,1
1811,2,1,1,0.0,0.0018654471055482,5,0.0,1
1812,2,1,1,0.0403128760529482,0.009928992658563,4,0.0,1
1813,2,1,1,0.0,0.009928992658563,5,0.0,1
1814,2,1,1,0.0,0.009928992658563,5,0.0,1
1815,2,1,1,0.0,0.009928992658563,5,0.0,1
1816,2,1,1,0.0072202166064981,0.0113732097725358,3,0.0,1
1817,2,1,1,0.0,0.0113732097725358,5,0.0,1
1818,2,1,1,0.0,0.0113732097725358,5,0.0,1
1819,2,1,1,0.0,0.0113732097725358,5,0.0,1
1820,2,1,1,0.0,0.0113732097725358,5,0.0,1
1821,2,1,1,0.0045126353790613,0.0122758454687688,3,0.0,1
1822,2,1,1,0.0694945848375451,0.026176435190757,4,0.0,2
1823,2,1,1,0.0,0.026176435190757,5,0.0,1
1824,2,1,1,0.0,0.026176435190757,5,0.0,1
1825,2,1,1,0.0,0.026176435190757,5,0.0,1
1826,2,1,1,0.0,0.026176435190757,5,0.0,1
0,9,1,3,0.0,0.0,5,0.0,1
1,9,1,3,0.0,0.0,5,0.0,1
2,9,1,3,0.0,0.0,5,0.0,1
3,9,1,3,0.0,0.0,5,0.0,1
4,9,1,3,0.0,0.0,5,0.0,1
5,9,1,3,0.0,0.0,5,0.0,1
6,9,1,3,0.0,0.0,5,0.0,1
7,9,1,3,0.0,0.0,5,0.0,1
8,9,1,3,0.0,0.0,5,0.0,1
9,9,1,3,0.0,0.0,5,0.0,1
10,9,1,3,0.0,0.0,5,0.0,1
11,9,1,3,0.0,0.0,5,0.0,1
12,9,1,3,0.0153429602888086,0.0030689613671922,3,0.0,1
13,9,1,3,0.0,0.0030689613671922,5,0.0,1
14,9,1,3,0.0,0.0030689613671922,5,0.0,1
15,9,1,3,0.0,0.0030689613671922,5,0.0,1
16,9,1,3,0.0,0.0030689613671922,5,0.0,1
17,9,1,3,0.0,0.0030689613671922,5,0.0,1
18,9,1,3,0.0,0.0030689613671922,5,0.0,1
19,9,1,3,0.0,0.0030689613671922,5,0.0,1
20,9,1,3,0.0,0.0030689613671922,5,0.0,1
21,9,1,3,0.0,0.0030689613671922,5,0.0,1
22,9,1,3,0.0,0.0030689613671922,5,0.0,1
23,9,1,3,0.0,0.0030689613671922,5,0.0,1
24,9,1,3,0.0,0.0030689613671922,5,0.0,1
25,9,1,3,0.0,0.0030689613671922,5,0.0,1
26,9,1,3,0.0,0.0030689613671922,5,0.0,1
27,9,1,3,0.0,0.0030689613671922,5,0.0,1
28,9,1,3,0.0,0.0030689613671922,5,0.0,1
29,9,1,3,0.0,0.0030689613671922,5,0.0,1
30,9,1,3,0.0,0.0030689613671922,5,0.0,1
31,9,1,3,0.0,0.0,5,0.0,1
32,9,1,3,0.0,0.0,5,0.0,1
33,9,1,3,0.0,0.0,5,0.0,1
34,9,1,3,0.0,0.0,5,0.0,1
35,9,1,3,0.0,0.0,5,0.0,1
36,9,1,3,0.0,0.0,5,0.0,1
37,9,1,3,0.0,0.0,5,0.0,1
38,9,1,3,0.0,0.0,5,0.0,1
39,9,1,3,0.0,0.0,5,0.0,1
40,9,1,3,0.0,0.0,5,0.0,1
41,9,1,3,0.0,0.0,5,0.0,1
42,9,1,3,0.0,0.0,5,0.0,1
43,9,1,3,0.0,0.0,5,0.0,1
44,9,1,3,0.0,0.0,5,0.0,1
45,9,1,3,0.0,0.0,5,0.0,1
46,9,1,3,0.0,0.0,5,0.0,1
47,9,1,3,0.0,0.0,5,0.0,1
48,9,1,3,0.0,0.0,5,0.0,1
49,9,1,3,0.0,0.0,5,0.0,1
50,9,1,3,0.0,0.0,5,0.0,1
51,9,1,3,0.0,0.0,5,0.0,1
52,9,1,3,0.0210589651022864,0.004212299915754,3,0.0,1
53,9,1,3,0.0,0.004212299915754,5,0.0,1
54,9,1,3,0.0,0.004212299915754,5,0.0,1
55,9,1,3,0.0,0.004212299915754,5,0.0,1
56,9,1,3,0.0,0.004212299915754,5,0.0,1
57,9,1,3,0.0,0.004212299915754,5,0.0,1
58,9,1,3,0.0168471720818291,0.0075821398483572,3,0.0,1
59,9,1,3,0.0,0.0075821398483572,5,0.0,1
60,9,1,3,0.0,0.0,5,0.0,1
61,9,1,3,0.0,0.0,5,0.0,1
62,9,1,3,0.0,0.0,5,0.0,1
63,9,1,3,0.0294825511432009,0.0058972198820556,4,0.0,1
64,9,1,3,0.0,0.0058972198820556,5,0.0,1
65,9,1,3,0.0,0.0058972198820556,5,0.0,1
66,9,1,3,0.0,0.0058972198820556,5,0.0,1
67,9,1,3,0.0,0.0058972198820556,5,0.0,1
68,9,1,3,0.0,0.0058972198820556,5,0.0,1
69,9,1,3,0.0,0.0058972198820556,5,0.0,1
70,9,1,3,0.0,0.0058972198820556,5,0.0,1
71,9,1,3,0.0,0.0058972198820556,5,0.0,1
72,9,1,3,0.0,0.0058972198820556,5,0.0,1
73,9,1,3,0.0,0.0058972198820556,5,0.0,1
74,9,1,3,0.0,0.0058972198820556,5,0.0,1
75,9,1,3,0.0,0.0058972198820556,5,0.0,1
76,9,1,3,0.0,0.0058972198820556,5,0.0,1
77,9,1,3,0.0,0.0058972198820556,5,0.0,1
78,9,1,3,0.0,0.0058972198820556,5,0.0,1
79,9,1,3,0.0,0.0058972198820556,5,0.0,1
80,9,1,3,0.0,0.0058972198820556,5,0.0,1
81,9,1,3,0.0,0.0058972198820556,5,0.0,1
82,9,1,3,0.0,0.0058972198820556,5,0.0,1
83,9,1,3,0.0,0.0058972198820556,5,0.0,1
84,9,1,3,0.0,0.0058972198820556,5,0.0,1
85,9,1,3,0.0,0.0058972198820556,5,0.0,1
86,9,1,3,0.0,0.0058972198820556,5,0.0,1
87,9,1,3,0.0,0.0058972198820556,5,0.0,1
88,9,1,3,0.0,0.0058972198820556,5,0.0,1
89,9,1,3,0.0,0.0058972198820556,5,0.0,1
90,9,1,3,0.0,0.0058972198820556,5,0.0,1
91,9,1,3,0.0,0.0,5,0.0,1
92,9,1,3,0.0,0.0,5,0.0,1
93,9,1,3,0.0,0.0,5,0.0,1
94,9,1,3,0.0,0.0,5,0.0,1
95,9,1,3,0.01323706377858,0.0026477313756168,3,0.0,1
96,9,1,3,0.0,0.0026477313756168,5,0.0,1
97,9,1,3,0.0126353790613718,0.0051751113250692,3,0.0,1
98,9,1,3,0.0,0.0051751113250692,5,0.0,1
99,9,1,3,0.0,0.0051751113250692,5,0.0,1
100,9,1,3,0.0,0.0051751113250692,5,0.0,1
101,9,1,3,0.009927797833935,0.0071609098567818,3,0.0,1
102,9,1,3,0.0,0.0071609098567818,5,0.0,1
103,9,1,3,0.0,0.0071609098567818,5,0.0,1
104,9,1,3,0.0,0.0071609098567818,5,0.0,1
105,9,1,3,0.0,0.0071609098567818,5,0.0,1
106,9,1,3,0.0,0.0071609098567818,5,0.0,1
107,9,1,3,0.01985559566787,0.011132506920207,3,0.0,1
108,9,1,3,0.0,0.011132506920207,5,0.0,1
109,9,1,3,0.0015042117930204,0.011433385485618,3,0.0,1
110,9,1,3,0.0,0.011433385485618,5,0.0,1
111,9,1,3,0.0,0.011433385485618,5,0.0,1
112,9,1,3,0.0622743682310469,0.0238897580936334,4,0.0,2
113,9,1,3,0.0,0.0238897580936334,5,0.0,1
114,9,1,3,0.0,0.0238897580936334,5,0.0,1
115,9,1,3,0.0,0.0238897580936334,5,0.0,1
116,9,1,3,0.0,0.0238897580936334,5,0.0,1
117,9,1,3,0.0,0.0238897580936334,5,0.0,1
118,9,1,3,0.0,0.0238897580936334,5,0.0,1
119,9,1,3,0.0,0.0238897580936334,5,0.0,1
120,9,1,3,0.0,0.0238897580936334,5,0.0,1
121,9,1,3,0.049638989169675,0.009928992658563,4,0.0,2
122,9,1,3,0.0,0.009928992658563,5,0.0,1
123,9,1,3,0.0,0.009928992658563,5,0.0,1
124,9,1,3,0.0039109506618531,0.0107112769286316,3,0.0,1
125,9,1,3,0.0,0.0107112769286316,5,0.0,1
126,9,1,3,0.0,0.0107112769286316,5,0.0,1
127,9,1,3,0.0,0.0107112769286316,5,0.0,1
128,9,1,3,0.0144404332129963,0.0135997111565772,3,0.0,1
129,9,1,3,0.0051143200962695,0.0146226982789746,3,0.0,1
130,9,1,3,0.0030084235860409,0.0152244554097966,3,0.0,1
131,9,1,3,0.0,0.0152244554097966,5,0.0,1
132,9,1,3,0.0024067388688327,0.0157058611144542,3,0.0,1
133,9,1,3,0.0,0.0157058611144542,5,0.0,1
134,9,1,3,0.0,0.0157058611144542,5,0.0,1
135,9,1,3,0.0,0.0157058611144542,5,0.0,1
136,9,1,3,0.0460288808664259,0.0249127452160308,4,0.0,2
137,9,1,3,0.0,0.0249127452160308,5,0.0,1
138,9,1,3,0.0,0.0249127452160308,5,0.0,1
139,9,1,3,0.0,0.0249127452160308,5,0.0,1
140,9,1,3,0.0009025270758122,0.0250932723552774,3,0.0,1
141,9,1,3,0.0,0.0250932723552774,5,0.0,1
142,9,1,3,0.03309265944645,0.0317126007943194,4,0.0,1
143,9,1,3,0.0,0.0317126007943194,5,0.0,1
144,9,1,3,0.0,0.0317126007943194,5,0.0,1
145,9,1,3,0.0159446450060168,0.034901913587676,3,0.0,1
146,9,1,3,0.0,0.034901913587676,5,0.0,1
147,9,1,3,0.000300842358604,0.0349620893007582,3,0.0,1
148,9,1,3,0.0,0.0349620893007582,5,0.0,1
149,9,1,3,0.0147412755716004,0.037910699241786,3,0.0,1
150,9,1,3,0.0057160048134777,0.0390540377903478,3,0.0,1
151,9,1,3,0.0,0.0390540377903478,5,0.0,1
152,9,1,3,0.108604091456077,0.0217234324226742,2,0.0,0
153,9,1,3,0.0403128760529482,0.029786977975689,4,0.0,1
154,9,1,3,0.115222623345367,0.0528342760861716,2,0.0,0
155,9,1,3,0.016546329723225,0.0561439403056926,3,0.0,1
156,9,1,3,0.0,0.0561439403056926,5,0.0,1
157,9,1,3,0.000300842358604,0.0562041160187748,3,0.0,1
158,9,1,3,0.00661853188929,0.0575279817065832,3,0.0,1
159,9,1,3,0.0162454873646209,0.060777470213022,3,0.0,1
160,9,1,3,0.0731046931407942,0.0754001684919966,4,0.0,2
161,9,1,3,0.0,0.0754001684919966,5,0.0,1
162,9,1,3,0.1155234657039711,0.0985076423155614,2,0.0,0
163,9,1,3,0.0057160048134777,0.0996509808641232,3,0.0,1
164,9,1,3,0.0045126353790613,0.1005536165603562,3,0.0,1
165,9,1,3,0.1128158844765343,0.1231195089661812,2,0.0,0
166,9,1,3,0.0192539109506618,0.126970754603442,3,0.0,1
167,9,1,3,0.2346570397111913,0.173907810807558,6,0.3333333333333333,0
168,9,1,3,0.0189530685920577,0.1776988807317366,3,0.0,1
169,9,1,3,0.0,0.1776988807317366,5,0.0,1
170,9,1,3,0.1025872442839952,0.1982187988927668,4,0.0,2
171,9,1,3,0.0105294825511432,0.2003249488506438,3,0.0,1
172,9,1,3,0.0279783393501805,0.2059212901672884,4,0.0,1
173,9,1,3,0.0060168471720818,0.2071248044289324,3,0.0,1
174,9,1,3,0.059265944645006,0.2189794199061258,4,0.0,2
175,9,1,3,0.0,0.2189794199061258,5,0.0,1
176,9,1,3,0.003309265944645,0.21964135275003,3,0.0,1
177,9,1,3,0.01323706377858,0.2222890841256468,3,0.0,1
178,9,1,3,0.0009025270758122,0.2224696112648934,3,0.0,1
179,9,1,3,0.0460288808664259,0.2316764953664701,4,0.0,2
180,9,1,3,0.0,0.2316764953664701,5,0.0,1
181,9,1,3,0.0785198555956678,0.2473823564809243,4,0.0,2
182,9,1,3,0.0746089049338146,0.0149235768443856,4,0.0,2
183,9,1,3,0.1621540312876053,0.0473582861956914,2,0.0,0
184,9,1,3,0.0339951865222623,0.05415814177398,4,0.0,1
185,9,1,3,0.1224428399518652,0.0786496569984354,2,0.0,0
186,9,1,3,0.0039109506618531,0.079431941268504,3,0.0,1
187,9,1,3,0.0096269554753309,0.0813575640871344,3,0.0,1
188,9,1,3,0.1101083032490974,0.1033818750752196,2,0.0,0
189,9,1,3,0.0529482551143201,0.1139728005776868,4,0.0,2
190,9,1,3,0.0899518652226233,0.1319653387892646,4,0.0,2
191,9,1,3,0.0288808664259927,0.1377422072451558,4,0.0,1
192,9,1,3,0.1173285198555956,0.1612107353472138,2,0.0,0
193,9,1,3,0.0,0.1612107353472138,5,0.0,1
194,9,1,3,0.0279783393501805,0.1668070766638584,4,0.0,1
195,9,1,3,0.0547533092659446,0.1777590564448188,4,0.0,2
196,9,1,3,0.0475330926594464,0.1872668191118064,4,0.0,2
197,9,1,3,0.0415162454873646,0.19557106751715,4,0.0,1
198,9,1,3,0.0361010830324909,0.202792153087014,4,0.0,1
199,9,1,3,0.0225631768953068,0.207305331568179,4,0.0,1
200,9,1,3,0.0183513838748495,0.2109760500661933,3,0.0,1
201,9,1,3,0.0045126353790613,0.2118786857624263,3,0.0,1
202,9,1,3,0.0628760529482551,0.224455409796606,4,0.0,2
203,9,1,3,0.0204572803850782,0.2285473582861956,3,0.0,1
204,9,1,3,0.1320697954271961,0.2549644963292815,2,0.0,0
205,9,1,3,0.1040914560770156,0.2757852930557227,4,0.0,2
206,9,1,3,0.0388086642599278,0.2835479600433265,4,0.0,1
207,9,1,3,0.0342960288808664,0.2904079913346973,4,0.0,1
208,9,1,3,0.0147412755716004,0.2933566012757251,3,0.0,1
209,9,1,3,0.0096269554753309,0.2952822240943555,3,0.0,1
210,9,1,3,0.0716004813477737,0.3096040438079191,4,0.0,2
211,9,1,3,0.3167870036101083,0.3729690696834757,6,0.3333333333333333,0
212,9,1,3,0.1750902527075812,0.4079913346973161,2,0.0,0
213,9,1,3,0.0833333333333333,0.0166686725237694,4,0.0,2
214,9,1,3,0.0676895306859205,0.0302082079672644,4,0.0,2
215,9,1,3,0.0,0.0302082079672644,5,0.0,1
216,9,1,3,0.0,0.0302082079672644,5,0.0,1
217,9,1,3,0.0195547533092659,0.0341196293176074,3,0.0,1
218,9,1,3,0.0114320096269554,0.036406306414731,3,0.0,1
219,9,1,3,0.0075210589651022,0.037910699241786,3,0.0,1
220,9,1,3,0.0,0.037910699241786,5,0.0,1
221,9,1,3,0.0039109506618531,0.0386929835118546,3,0.0,1
222,9,1,3,0.0024067388688327,0.0391743892165122,3,0.0,1
223,9,1,3,0.0093261131167268,0.0410398363220604,3,0.0,1
224,9,1,3,0.0126353790613718,0.0435672162715128,3,0.0,1
225,9,1,3,0.0670878459687124,0.0569864002888434,4,0.0,2
226,9,1,3,0.1429001203369434,0.0855698640028884,2,0.0,0
227,9,1,3,0.0568592057761732,0.0969430737754242,4,0.0,2
228,9,1,3,0.0105294825511432,0.0990492237333012,3,0.0,1
229,9,1,3,0.0273766546329723,0.1045252136237814,4,0.0,1
230,9,1,3,0.0,0.1045252136237814,5,0.0,1
231,9,1,3,0.0123345367027677,0.1069924178601516,3,0.0,1
232,9,1,3,0.0,0.1069924178601516,5,0.0,1
233,9,1,3,0.0051143200962695,0.108015404982549,3,0.0,1
234,9,1,3,0.0706979542719614,0.122156697556866,4,0.0,2
235,9,1,3,0.2277376654632972,0.1677097123600914,6,0.3333333333333333,0
236,9,1,3,0.0258724428399518,0.1728848236851606,4,0.0,1
237,9,1,3,0.1765944645006017,0.208207967264412,2,0.0,0
238,9,1,3,0.0,0.208207967264412,5,0.0,1
239,9,1,3,0.0060168471720818,0.209411481526056,3,0.0,1
240,9,1,3,0.0171480144404332,0.2128414971717414,3,0.0,1
241,9,1,3,0.003610108303249,0.2135636057287278,3,0.0,1
242,9,1,3,0.00661853188929,0.2148874714165363,3,0.0,1
243,9,1,3,0.0336943441636582,0.2216271512817426,4,0.0,1
244,9,1,3,0.0391095066185318,0.007822842700686,4,0.0,1
245,9,1,3,0.1025872442839952,0.0283427608617162,4,0.0,2
246,9,1,3,0.0339951865222623,0.0351426164400048,4,0.0,1
247,9,1,3,0.0255716004813477,0.0402575520519918,4,0.0,1
248,9,1,3,0.0601684717208182,0.0522926946684318,4,0.0,2
249,9,1,3,0.0,0.0522926946684318,5,0.0,1
250,9,1,3,0.3901925391095066,0.1303405945360452,1,0.6666666666666666,0
251,9,1,3,0.0009025270758122,0.1305211216752918,3,0.0,1
252,9,1,3,0.0971720818291215,0.1499578770008424,4,0.0,2
253,9,1,3,0.1206377858002406,0.1740883379468046,2,0.0,0
254,9,1,3,0.0276774969915764,0.179624503550367,4,0.0,1
255,9,1,3,0.0216606498194945,0.1839571548922854,3,0.0,1
256,9,1,3,0.108604091456077,0.2056805873149597,2,0.0,0
257,9,1,3,0.0421179302045728,0.2141051871464676,4,0.0,1
258,9,1,3,0.0812274368231047,0.2303526296786616,4,0.0,2
259,9,1,3,0.0412154031287605,0.2385967023709231,4,0.0,1
260,9,1,3,0.0114320096269554,0.2408833794680467,3,0.0,1
261,9,1,3,0.0,0.2408833794680467,5,0.0,1
262,9,1,3,0.0117328519855595,0.2432302322782525,3,0.0,1
263,9,1,3,0.0694945848375451,0.2571308220002407,4,0.0,2
264,9,1,3,0.0469314079422382,0.2665182332410639,4,0.0,2
265,9,1,3,0.0228640192539109,0.2710915874353111,4,0.0,1
266,9,1,3,0.0246690734055354,0.2760259959080515,4,0.0,1
267,9,1,3,0.0060168471720818,0.2772295101696955,3,0.0,1
268,9,1,3,0.0469314079422382,0.2866169214105187,4,0.0,2
269,9,1,3,0.0186522262334536,0.2903478156216151,3,0.0,1
270,9,1,3,0.0300842358604091,0.2963653869298351,4,0.0,1
271,9,1,3,0.0568592057761732,0.3077385967023709,4,0.0,2
272,9,1,3,0.0336943441636582,0.3144782765675773,4,0.0,1
273,9,1,3,0.003309265944645,0.3151402094114815,3,0.0,1
274,9,1,3,0.0048134777376654,0.0009628114093152,3,0.0,1
275,9,1,3,0.0,0.0009628114093152,5,0.0,1
276,9,1,3,0.0315884476534296,0.0072812612829462,4,0.0,1
277,9,1,3,0.0,0.0072812612829462,5,0.0,1
278,9,1,3,0.0186522262334536,0.0110121554940426,3,0.0,1
279,9,1,3,0.0,0.0110121554940426,5,0.0,1
280,9,1,3,0.0039109506618531,0.0117944397641112,3,0.0,1
281,9,1,3,0.0,0.0117944397641112,5,0.0,1
282,9,1,3,0.0192539109506618,0.015645685401372,3,0.0,1
283,9,1,3,0.0063176895306859,0.0169093753760982,3,0.0,1
284,9,1,3,0.0421179302045728,0.0253339752076062,4,0.0,1
285,9,1,3,0.0421179302045728,0.0337585750391142,4,0.0,1
286,9,1,3,0.0060168471720818,0.0349620893007582,3,0.0,1
287,9,1,3,0.0051143200962695,0.0359850764231556,3,0.0,1
288,9,1,3,0.0354993983152827,0.0430858105668552,4,0.0,1
289,9,1,3,0.0445246690734055,0.0519918161030208,4,0.0,1
290,9,1,3,0.003610108303249,0.0527139246600072,3,0.0,1
291,9,1,3,0.016546329723225,0.0560235888795282,3,0.0,1
292,9,1,3,0.0138387484957882,0.0587916716813094,3,0.0,1
293,9,1,3,0.0391095066185318,0.0666145143819954,4,0.0,1
294,9,1,3,0.0210589651022864,0.0708268142977494,3,0.0,1
295,9,1,3,0.0258724428399518,0.0760019256228186,4,0.0,1
296,9,1,3,0.0015042117930204,0.0763028041882296,3,0.0,1
297,9,1,3,0.0,0.0763028041882296,5,0.0,1
298,9,1,3,0.0015042117930204,0.0766036827536406,3,0.0,1
299,9,1,3,0.0087244283995186,0.0783487784330244,3,0.0,1
300,9,1,3,0.0237665463297232,0.0831026597665182,4,0.0,1
301,9,1,3,0.0442238267148014,0.0919484895896016,4,0.0,1
302,9,1,3,0.003610108303249,0.092670598146588,3,0.0,1
303,9,1,3,0.0027075812274368,0.0932121795643278,3,0.0,1
304,9,1,3,0.0,0.0932121795643278,5,0.0,1
305,9,1,3,0.0024067388688327,0.0004814057046576,3,0.0,1
306,9,1,3,0.00661853188929,0.001805271392466,3,0.0,1
307,9,1,3,0.0,0.001805271392466,5,0.0,1
308,9,1,3,0.0,0.001805271392466,5,0.0,1
309,9,1,3,0.0,0.001805271392466,5,0.0,1
310,9,1,3,0.0,0.001805271392466,5,0.0,1
311,9,1,3,0.0,0.001805271392466,5,0.0,1
312,9,1,3,0.0,0.001805271392466,5,0.0,1
313,9,1,3,0.0063176895306859,0.0030689613671922,3,0.0,1
314,9,1,3,0.0,0.0030689613671922,5,0.0,1
315,9,1,3,0.0,0.0030689613671922,5,0.0,1
316,9,1,3,0.0,0.0030689613671922,5,0.0,1
317,9,1,3,0.0,0.0030689613671922,5,0.0,1
318,9,1,3,0.0,0.0030689613671922,5,0.0,1
319,9,1,3,0.0,0.0030689613671922,5,0.0,1
320,9,1,3,0.0,0.0030689613671922,5,0.0,1
321,9,1,3,0.0,0.0030689613671922,5,0.0,1
322,9,1,3,0.0,0.0030689613671922,5,0.0,1
323,9,1,3,0.0,0.0030689613671922,5,0.0,1
324,9,1,3,0.0,0.0030689613671922,5,0.0,1
325,9,1,3,0.0,0.0030689613671922,5,0.0,1
326,9,1,3,0.0,0.0030689613671922,5,0.0,1
327,9,1,3,0.0,0.0030689613671922,5,0.0,1
328,9,1,3,0.0,0.0030689613671922,5,0.0,1
329,9,1,3,0.0,0.0030689613671922,5,0.0,1
330,9,1,3,0.0,0.0030689613671922,5,0.0,1
331,9,1,3,0.0,0.0030689613671922,5,0.0,1
332,9,1,3,0.0,0.0030689613671922,5,0.0,1
333,9,1,3,0.0,0.0030689613671922,5,0.0,1
334,9,1,3,0.0,0.0030689613671922,5,0.0,1
335,9,1,3,0.0,0.0,5,0.0,1
336,9,1,3,0.0,0.0,5,0.0,1
337,9,1,3,0.0,0.0,5,0.0,1
338,9,1,3,0.0,0.0,5,0.0,1
339,9,1,3,0.0,0.0,5,0.0,1
340,9,1,3,0.0,0.0,5,0.0,1
341,9,1,3,0.0,0.0,5,0.0,1
342,9,1,3,0.0,0.0,5,0.0,1
343,9,1,3,0.0,0.0,5,0.0,1
344,9,1,3,0.0,0.0,5,0.0,1
345,9,1,3,0.0,0.0,5,0.0,1
346,9,1,3,0.0,0.0,5,0.0,1
347,9,1,3,0.0,0.0,5,0.0,1
348,9,1,3,0.0,0.0,5,0.0,1
349,9,1,3,0.0,0.0,5,0.0,1
350,9,1,3,0.0,0.0,5,0.0,1
351,9,1,3,0.0,0.0,5,0.0,1
352,9,1,3,0.0,0.0,5,0.0,1
353,9,1,3,0.0,0.0,5,0.0,1
354,9,1,3,0.0,0.0,5,0.0,1
355,9,1,3,0.0,0.0,5,0.0,1
356,9,1,3,0.0,0.0,5,0.0,1
357,9,1,3,0.0,0.0,5,0.0,1
358,9,1,3,0.0,0.0,5,0.0,1
359,9,1,3,0.0,0.0,5,0.0,1
360,9,1,3,0.0,0.0,5,0.0,1
361,9,1,3,0.0697954271961492,0.0139607654350704,4,0.0,2
362,9,1,3,0.0,0.0139607654350704,5,0.0,1
363,9,1,3,0.0,0.0139607654350704,5,0.0,1
364,9,1,3,0.0,0.0139607654350704,5,0.0,1
365,9,1,3,0.0,0.0139607654350704,5,0.0,1
366,9,1,2,0.0,0.0,5,0.0,1
367,9,1,2,0.0,0.0,5,0.0,1
368,9,1,2,0.0057160048134777,0.0011433385485618,3,0.0,1
369,9,1,2,0.0,0.0011433385485618,5,0.0,1
370,9,1,2,0.0159446450060168,0.0043326513419184,3,0.0,1
371,9,1,2,0.0,0.0043326513419184,5,0.0,1
372,9,1,2,0.0,0.0043326513419184,5,0.0,1
373,9,1,2,0.0502406738868832,0.0143819954266458,4,0.0,2
374,9,1,2,0.0,0.0143819954266458,5,0.0,1
375,9,1,2,0.0,0.0143819954266458,5,0.0,1
376,9,1,2,0.0306859205776173,0.0205199181610302,4,0.0,1
377,9,1,2,0.0,0.0205199181610302,5,0.0,1
378,9,1,2,0.0,0.0205199181610302,5,0.0,1
379,9,1,2,0.0,0.0205199181610302,5,0.0,1
380,9,1,2,0.0,0.0205199181610302,5,0.0,1
381,9,1,2,0.0,0.0205199181610302,5,0.0,1
382,9,1,2,0.0,0.0205199181610302,5,0.0,1
383,9,1,2,0.0,0.0205199181610302,5,0.0,1
384,9,1,2,0.0,0.0205199181610302,5,0.0,1
385,9,1,2,0.0,0.0205199181610302,5,0.0,1
386,9,1,2,0.0,0.0205199181610302,5,0.0,1
387,9,1,2,0.0,0.0205199181610302,5,0.0,1
388,9,1,2,0.0,0.0205199181610302,5,0.0,1
389,9,1,2,0.0,0.0205199181610302,5,0.0,1
390,9,1,2,0.0,0.0205199181610302,5,0.0,1
391,9,1,2,0.0,0.0205199181610302,5,0.0,1
392,9,1,2,0.0,0.0205199181610302,5,0.0,1
393,9,1,2,0.0,0.0205199181610302,5,0.0,1
394,9,1,2,0.0,0.0205199181610302,5,0.0,1
395,9,1,2,0.0,0.0205199181610302,5,0.0,1
396,9,1,2,0.0,0.0205199181610302,5,0.0,1
397,9,1,2,0.0,0.0,5,0.0,1
398,9,1,2,0.0,0.0,5,0.0,1
399,9,1,2,0.0,0.0,5,0.0,1
400,9,1,2,0.0240673886883273,0.004814057046576,4,0.0,1
401,9,1,2,0.0,0.004814057046576,5,0.0,1
402,9,1,2,0.0,0.004814057046576,5,0.0,1
403,9,1,2,0.0,0.004814057046576,5,0.0,1
404,9,1,2,0.0,0.004814057046576,5,0.0,1
405,9,1,2,0.0,0.004814057046576,5,0.0,1
406,9,1,2,0.0,0.004814057046576,5,0.0,1
407,9,1,2,0.0,0.004814057046576,5,0.0,1
408,9,1,2,0.0,0.004814057046576,5,0.0,1
409,9,1,2,0.0,0.004814057046576,5,0.0,1
410,9,1,2,0.0,0.004814057046576,5,0.0,1
411,9,1,2,0.0012033694344163,0.0050547598989048,3,0.0,1
412,9,1,2,0.0,0.0050547598989048,5,0.0,1
413,9,1,2,0.0,0.0050547598989048,5,0.0,1
414,9,1,2,0.0,0.0050547598989048,5,0.0,1
415,9,1,2,0.0,0.0050547598989048,5,0.0,1
416,9,1,2,0.0,0.0050547598989048,5,0.0,1
417,9,1,2,0.0,0.0050547598989048,5,0.0,1
418,9,1,2,0.0,0.0050547598989048,5,0.0,1
419,9,1,2,0.0,0.0050547598989048,5,0.0,1
420,9,1,2,0.0,0.0050547598989048,5,0.0,1
421,9,1,2,0.0,0.0050547598989048,5,0.0,1
422,9,1,2,0.0,0.0050547598989048,5,0.0,1
423,9,1,2,0.0,0.0050547598989048,5,0.0,1
424,9,1,2,0.0,0.0050547598989048,5,0.0,1
425,9,1,2,0.0,0.0,5,0.0,1
426,9,1,2,0.0072202166064981,0.0014442171139728,3,0.0,1
427,9,1,2,0.0129362214199759,0.0040317727765074,3,0.0,1
428,9,1,2,0.0481347773766546,0.0136598868696594,4,0.0,2
429,9,1,2,0.0,0.0136598868696594,5,0.0,1
430,9,1,2,0.0,0.0136598868696594,5,0.0,1
431,9,1,2,0.0,0.0136598868696594,5,0.0,1
432,9,1,2,0.0,0.0136598868696594,5,0.0,1
433,9,1,2,0.0,0.0136598868696594,5,0.0,1
434,9,1,2,0.0,0.0136598868696594,5,0.0,1
435,9,1,2,0.0,0.0136598868696594,5,0.0,1
436,9,1,2,0.0,0.0136598868696594,5,0.0,1
437,9,1,2,0.0,0.0136598868696594,5,0.0,1
438,9,1,2,0.0,0.0136598868696594,5,0.0,1
439,9,1,2,0.0,0.0136598868696594,5,0.0,1
440,9,1,2,0.0,0.0136598868696594,5,0.0,1
441,9,1,2,0.0442238267148014,0.0225057166927428,4,0.0,1
442,9,1,2,0.0,0.0225057166927428,5,0.0,1
443,9,1,2,0.0,0.0225057166927428,5,0.0,1
444,9,1,2,0.0,0.0225057166927428,5,0.0,1
445,9,1,2,0.0,0.0225057166927428,5,0.0,1
446,9,1,2,0.0054151624548736,0.0235888795282224,3,0.0,1
447,9,1,2,0.0,0.0235888795282224,5,0.0,1
448,9,1,2,0.0,0.0235888795282224,5,0.0,1
449,9,1,2,0.0,0.0235888795282224,5,0.0,1
450,9,1,2,0.0,0.0235888795282224,5,0.0,1
451,9,1,2,0.0,0.0235888795282224,5,0.0,1
452,9,1,2,0.0,0.0235888795282224,5,0.0,1
453,9,1,2,0.0,0.0235888795282224,5,0.0,1
454,9,1,2,0.0,0.0235888795282224,5,0.0,1
455,9,1,2,0.0688929001203369,0.0373691178240462,4,0.0,2
456,9,1,2,0.0012033694344163,0.0002407028523288,3,0.0,1
457,9,1,2,0.0,0.0002407028523288,5,0.0,1
458,9,1,2,0.0,0.0002407028523288,5,0.0,1
459,9,1,2,0.0,0.0002407028523288,5,0.0,1
460,9,1,2,0.0,0.0002407028523288,5,0.0,1
461,9,1,2,0.0,0.0002407028523288,5,0.0,1
462,9,1,2,0.0,0.0002407028523288,5,0.0,1
463,9,1,2,0.0,0.0002407028523288,5,0.0,1
464,9,1,2,0.0,0.0002407028523288,5,0.0,1
465,9,1,2,0.0,0.0002407028523288,5,0.0,1
466,9,1,2,0.01323706377858,0.0028884342279456,3,0.0,1
467,9,1,2,0.0,0.0028884342279456,5,0.0,1
468,9,1,2,0.0,0.0028884342279456,5,0.0,1
469,9,1,2,0.0,0.0028884342279456,5,0.0,1
470,9,1,2,0.0,0.0028884342279456,5,0.0,1
471,9,1,2,0.0,0.0028884342279456,5,0.0,1
472,9,1,2,0.0,0.0028884342279456,5,0.0,1
473,9,1,2,0.0,0.0028884342279456,5,0.0,1
474,9,1,2,0.0,0.0028884342279456,5,0.0,1
475,9,1,2,0.0,0.0028884342279456,5,0.0,1
476,9,1,2,0.0,0.0028884342279456,5,0.0,1
477,9,1,2,0.0,0.0028884342279456,5,0.0,1
478,9,1,2,0.0,0.0028884342279456,5,0.0,1
479,9,1,2,0.0,0.0028884342279456,5,0.0,1
480,9,1,2,0.0,0.0028884342279456,5,0.0,1
481,9,1,2,0.0619735258724428,0.0152846311228788,4,0.0,2
482,9,1,2,0.0,0.0152846311228788,5,0.0,1
483,9,1,2,0.0,0.0152846311228788,5,0.0,1
484,9,1,2,0.0,0.0152846311228788,5,0.0,1
485,9,1,2,0.0,0.0152846311228788,5,0.0,1
486,9,1,2,0.0,0.0,5,0.0,1
487,9,1,2,0.0,0.0,5,0.0,1
488,9,1,2,0.0,0.0,5,0.0,1
489,9,1,2,0.0,0.0,5,0.0,1
490,9,1,2,0.0,0.0,5,0.0,1
491,9,1,2,0.0,0.0,5,0.0,1
492,9,1,2,0.0,0.0,5,0.0,1
493,9,1,2,0.0,0.0,5,0.0,1
494,9,1,2,0.0,0.0,5,0.0,1
495,9,1,2,0.0424187725631768,0.0084847755445902,4,0.0,1
496,9,1,2,0.0018050541516245,0.0088458298230834,3,0.0,1
497,9,1,2,0.0,0.0088458298230834,5,0.0,1
498,9,1,2,0.0,0.0088458298230834,5,0.0,1
499,9,1,2,0.0,0.0088458298230834,5,0.0,1
500,9,1,2,0.0,0.0088458298230834,5,0.0,1
501,9,1,2,0.0,0.0088458298230834,5,0.0,1
502,9,1,2,0.0382069795427196,0.0164881453845228,4,0.0,1
503,9,1,2,0.0,0.0164881453845228,5,0.0,1
504,9,1,2,0.0,0.0164881453845228,5,0.0,1
505,9,1,2,0.0084235860409145,0.0181730653508244,3,0.0,1
506,9,1,2,0.0,0.0181730653508244,5,0.0,1
507,9,1,2,0.0,0.0181730653508244,5,0.0,1
508,9,1,2,0.0,0.0181730653508244,5,0.0,1
509,9,1,2,0.0,0.0181730653508244,5,0.0,1
510,9,1,2,0.0,0.0181730653508244,5,0.0,1
511,9,1,2,0.0,0.0181730653508244,5,0.0,1
512,9,1,2,0.0,0.0181730653508244,5,0.0,1
513,9,1,2,0.0015042117930204,0.0184739439162354,3,0.0,1
514,9,1,2,0.0159446450060168,0.021663256709592,3,0.0,1
515,9,1,2,0.0,0.021663256709592,5,0.0,1
516,9,1,2,0.0,0.021663256709592,5,0.0,1
517,9,1,2,0.0574608904933814,0.0114935611987002,4,0.0,2
518,9,1,2,0.0523465703971119,0.021964135275003,4,0.0,2
519,9,1,2,0.0622743682310469,0.0344205078830184,4,0.0,2
520,9,1,2,0.0306859205776173,0.0405584306174028,4,0.0,1
521,9,1,2,0.000300842358604,0.040618606330485,3,0.0,1
522,9,1,2,0.0213598074608904,0.0448910819593212,3,0.0,1
523,9,1,2,0.1070998796630565,0.0663136358165844,2,0.0,0
524,9,1,2,0.0027075812274368,0.0668552172343242,3,0.0,1
525,9,1,2,0.0342960288808664,0.073715248525695,4,0.0,1
526,9,1,2,0.0345968712394705,0.080635455530148,4,0.0,1
527,9,1,2,0.1092057761732852,0.1024792393789866,2,0.0,0
528,9,1,2,0.0156438026474127,0.105608376459261,3,0.0,1
529,9,1,2,0.0788206979542719,0.1213744132867974,4,0.0,2
530,9,1,2,0.2229241877256317,0.1659646166807076,6,0.3333333333333333,0
531,9,1,2,0.0926594464500601,0.1844987363100252,4,0.0,2
532,9,1,2,0.3321299638989169,0.2509327235527741,6,0.3333333333333333,0
533,9,1,2,0.0370036101083032,0.2583343362618847,4,0.0,1
534,9,1,2,0.0682912154031287,0.2719942231315441,4,0.0,2
535,9,1,2,0.0162454873646209,0.2752437116379829,3,0.0,1
536,9,1,2,0.1377858002406738,0.3028041882296305,2,0.0,0
537,9,1,2,0.0532490974729241,0.3134552894451799,4,0.0,2
538,9,1,2,0.0712996389891696,0.3277169334456613,4,0.0,2
539,9,1,2,0.029783393501805,0.3336743290407991,4,0.0,1
540,9,1,2,0.0995788206979542,0.3535924900710073,4,0.0,2
541,9,1,2,0.1061973525872442,0.3748345167890239,4,0.0,0
542,9,1,2,0.3140794223826715,0.4376579612468407,6,0.3333333333333333,0
543,9,1,2,0.0174488567990373,0.4411481526056083,3,0.0,1
544,9,1,2,0.0168471720818291,0.4445179925382116,3,0.0,1
545,9,1,2,0.0541516245487364,0.4553496208930076,4,0.0,2
546,9,1,2,0.0439229843561973,0.4641352750030087,4,0.0,1
547,9,1,2,0.0466305655836341,0.009327235527741,4,0.0,2
548,9,1,2,0.0171480144404332,0.0127572511734264,3,0.0,1
549,9,1,2,0.1311672683513838,0.0389938620772656,2,0.0,0
550,9,1,2,0.0541516245487364,0.0498254904320616,4,0.0,2
551,9,1,2,0.0018050541516245,0.0501865447105548,3,0.0,1
552,9,1,2,0.0012033694344163,0.0504272475628836,3,0.0,1
553,9,1,2,0.0,0.0504272475628836,5,0.0,1
554,9,1,2,0.1780986762936221,0.086051269707546,2,0.0,0
555,9,1,2,0.0333935018050541,0.0927307738596702,4,0.0,1
556,9,1,2,0.0391095066185318,0.1005536165603562,4,0.0,1
557,9,1,2,0.0421179302045728,0.1089782163918642,4,0.0,1
558,9,1,2,0.082430806257521,0.125466361776387,4,0.0,2
559,9,1,2,0.0216606498194945,0.1297990131183054,3,0.0,1
560,9,1,2,0.0177496991576413,0.1333493801901552,3,0.0,1
561,9,1,2,0.0,0.1333493801901552,5,0.0,1
562,9,1,2,0.2208182912154031,0.17751835359249,6,0.3333333333333333,0
563,9,1,2,0.0096269554753309,0.1794439764111204,3,0.0,1
564,9,1,2,0.0126353790613718,0.1819713563605728,3,0.0,1
565,9,1,2,0.0974729241877256,0.2014682873992057,4,0.0,2
566,9,1,2,0.0863417569193742,0.218738717053797,4,0.0,2
567,9,1,2,0.01323706377858,0.2213864484294138,3,0.0,1
568,9,1,2,0.0382069795427196,0.2290287639908533,4,0.0,1
569,9,1,2,0.0315884476534296,0.2353472138644843,4,0.0,1
570,9,1,2,0.0105294825511432,0.2374533638223613,3,0.0,1
571,9,1,2,0.0348977135980746,0.2444337465398965,4,0.0,1
572,9,1,2,0.1016847172081829,0.2647731375616801,4,0.0,2
573,9,1,2,0.049638989169675,0.2747021302202431,4,0.0,2
574,9,1,2,0.000300842358604,0.2747623059333253,3,0.0,1
575,9,1,2,0.0415162454873646,0.2830665543386689,4,0.0,1
576,9,1,2,0.0779181708784596,0.2986520640269587,4,0.0,2
577,9,1,2,0.1413959085439229,0.3269346491755927,2,0.0,0
578,9,1,2,0.0442238267148014,0.0088458298230834,4,0.0,1
579,9,1,2,0.0327918170878459,0.0154049825490432,4,0.0,1
580,9,1,2,0.0213598074608904,0.0196774581778794,3,0.0,1
581,9,1,2,0.0078219013237063,0.0212420267180166,3,0.0,1
582,9,1,2,0.0667870036101083,0.034601035022265,4,0.0,2
583,9,1,2,0.085740072202166,0.051751113250692,4,0.0,2
584,9,1,2,0.0406137184115523,0.059874834516789,4,0.0,1
585,9,1,2,0.0610709987966305,0.0720905042724756,4,0.0,2
586,9,1,2,0.0980746089049338,0.0917077867372728,4,0.0,2
587,9,1,2,0.4521660649819495,0.1821518834998194,1,0.6666666666666666,0
588,9,1,2,0.1025872442839952,0.2026718016608497,4,0.0,2
589,9,1,2,0.1883273164861612,0.2403417980503068,2,0.0,0
590,9,1,2,0.0135379061371841,0.2430497051390058,3,0.0,1
591,9,1,2,0.0072202166064981,0.2444939222529787,3,0.0,1
592,9,1,2,0.0589651022864019,0.2562883620170899,4,0.0,2
593,9,1,2,0.3805655836341757,0.3324106390660729,1,0.6666666666666666,0
594,9,1,2,0.00661853188929,0.3337345047538813,3,0.0,1
595,9,1,2,0.0490373044524669,0.3435431459862799,4,0.0,2
596,9,1,2,0.0508423586040914,0.3537128414971717,4,0.0,2
597,9,1,2,0.0640794223826714,0.3665302683836803,4,0.0,2
598,9,1,2,0.1576413959085439,0.3980623420387531,2,0.0,0
599,9,1,2,0.082430806257521,0.4145504874232759,4,0.0,2
600,9,1,2,0.0078219013237063,0.4161150559634131,3,0.0,1
601,9,1,2,0.0,0.4161150559634131,5,0.0,1
602,9,1,2,0.2809867629362214,0.472319171982188,6,0.3333333333333333,0
603,9,1,2,0.0,0.472319171982188,5,0.0,1
604,9,1,2,0.0367027677496991,0.4796606089782164,4,0.0,1
605,9,1,2,0.0015042117930204,0.4799614875436274,3,0.0,1
606,9,1,2,0.0084235860409145,0.481646407509929,3,0.0,1
607,9,1,2,0.0556558363417569,0.492778914430136,4,0.0,2
608,9,1,2,0.0117328519855595,0.4951257672403417,3,0.0,1
609,9,1,2,0.0986762936221419,0.0197376338909616,4,0.0,2
610,9,1,2,0.0,0.0197376338909616,5,0.0,1
611,9,1,2,0.0,0.0197376338909616,5,0.0,1
612,9,1,2,0.0240673886883273,0.0245516909375376,4,0.0,1
613,9,1,2,0.0291817087845968,0.030388735106511,4,0.0,1
614,9,1,2,0.1675691937424789,0.0639066072932964,2,0.0,0
615,9,1,2,0.0120336943441636,0.0663136358165844,3,0.0,1
616,9,1,2,0.0523465703971119,0.0767842098928872,4,0.0,2
617,9,1,2,0.1245487364620938,0.101696955108918,2,0.0,0
618,9,1,2,0.1985559566787003,0.14141292574317,6,0.3333333333333333,0
619,9,1,2,0.0174488567990373,0.1449031171019376,3,0.0,1
620,9,1,2,0.0433212996389891,0.1535684197857744,4,0.0,1
621,9,1,2,0.0258724428399518,0.1587435311108436,4,0.0,1
622,9,1,2,0.075812274368231,0.173907810807558,4,0.0,2
623,9,1,2,0.0009025270758122,0.1740883379468046,3,0.0,1
624,9,1,2,0.0345968712394705,0.1810085449512576,4,0.0,1
625,9,1,2,0.0631768953068592,0.1936454446985197,4,0.0,2
626,9,1,2,0.0,0.1936454446985197,5,0.0,1
627,9,1,2,0.1278580024067388,0.2192201227584546,2,0.0,0
628,9,1,2,0.0117328519855595,0.2215669755686604,3,0.0,1
629,9,1,2,0.0153429602888086,0.2246359369358526,3,0.0,1
630,9,1,2,0.0318892900120336,0.2310145625225658,4,0.0,1
631,9,1,2,0.0051143200962695,0.2320375496449633,3,0.0,1
632,9,1,2,0.0153429602888086,0.2351065110121555,3,0.0,1
633,9,1,2,0.1856197352587244,0.2722349259838729,2,0.0,0
634,9,1,2,0.1299638989169675,0.2982308340353833,2,0.0,0
635,9,1,2,0.0,0.2982308340353833,5,0.0,1
636,9,1,2,0.2096871239470517,0.3401733060536767,6,0.3333333333333333,0
637,9,1,2,0.0746089049338146,0.3550968828980623,4,0.0,2
638,9,1,2,0.0830324909747292,0.3717053797087495,4,0.0,2
639,9,1,2,0.0327918170878459,0.0065591527259598,4,0.0,1
640,9,1,2,0.0,0.0065591527259598,5,0.0,1
641,9,1,2,0.0833333333333333,0.0232278252497292,4,0.0,2
642,9,1,2,0.0,0.0232278252497292,5,0.0,1
643,9,1,2,0.000300842358604,0.0232880009628114,3,0.0,1
644,9,1,2,0.0327918170878459,0.0298471536887712,4,0.0,1
645,9,1,2,0.0006016847172081,0.0299675051149356,3,0.0,1
646,9,1,2,0.0348977135980746,0.0369478878324708,4,0.0,1
647,9,1,2,0.0195547533092659,0.0408593091828138,3,0.0,1
648,9,1,2,0.0210589651022864,0.0450716090985678,3,0.0,1
649,9,1,2,0.0,0.0450716090985678,5,0.0,1
650,9,1,2,0.0075210589651022,0.0465760019256228,3,0.0,1
651,9,1,2,0.0,0.0465760019256228,5,0.0,1
652,9,1,2,0.069193742478941,0.0604164159345288,4,0.0,2
653,9,1,2,0.0228640192539109,0.064989770128776,4,0.0,1
654,9,1,2,0.0373044524669073,0.0724515585509688,4,0.0,1
655,9,1,2,0.0406137184115523,0.0805752798170658,4,0.0,1
656,9,1,2,0.0282791817087845,0.0862317968467926,4,0.0,1
657,9,1,2,0.0,0.0862317968467926,5,0.0,1
658,9,1,2,0.0,0.0862317968467926,5,0.0,1
659,9,1,2,0.0,0.0862317968467926,5,0.0,1
660,9,1,2,0.0189530685920577,0.0900228667709712,3,0.0,1
661,9,1,2,0.0027075812274368,0.090564448188711,3,0.0,1
662,9,1,2,0.0159446450060168,0.0937537609820676,3,0.0,1
663,9,1,2,0.0,0.0937537609820676,5,0.0,1
664,9,1,2,0.0728038507821901,0.10831628354796,4,0.0,2
665,9,1,2,0.003309265944645,0.1089782163918642,3,0.0,1
666,9,1,2,0.0315884476534296,0.1152966662654952,4,0.0,1
667,9,1,2,0.0153429602888086,0.1183656276326874,3,0.0,1
668,9,1,2,0.0147412755716004,0.1213142375737152,3,0.0,1
669,9,1,2,0.003309265944645,0.1219761704176194,3,0.0,1
670,9,1,2,0.0048134777376654,0.0009628114093152,3,0.0,1
671,9,1,2,0.0731046931407942,0.0155855096882898,4,0.0,2
672,9,1,2,0.0685920577617328,0.0293055722710314,4,0.0,2
673,9,1,2,0.0,0.0293055722710314,5,0.0,1
674,9,1,2,0.0,0.0293055722710314,5,0.0,1
675,9,1,2,0.0,0.0293055722710314,5,0.0,1
676,9,1,2,0.0,0.0293055722710314,5,0.0,1
677,9,1,2,0.0054151624548736,0.030388735106511,3,0.0,1
678,9,1,2,0.0,0.030388735106511,5,0.0,1
679,9,1,2,0.0,0.030388735106511,5,0.0,1
680,9,1,2,0.0,0.030388735106511,5,0.0,1
681,9,1,2,0.0252707581227436,0.0354434950054158,4,0.0,1
682,9,1,2,0.0150421179302045,0.0384522806595258,3,0.0,1
683,9,1,2,0.0,0.0384522806595258,5,0.0,1
684,9,1,2,0.0,0.0384522806595258,5,0.0,1
685,9,1,2,0.0057160048134777,0.0395956192080876,3,0.0,1
686,9,1,2,0.0,0.0395956192080876,5,0.0,1
687,9,1,2,0.0,0.0395956192080876,5,0.0,1
688,9,1,2,0.0141395908543922,0.042423877722951,3,0.0,1
689,9,1,2,0.0045126353790613,0.043326513419184,3,0.0,1
690,9,1,2,0.0,0.043326513419184,5,0.0,1
691,9,1,2,0.0,0.043326513419184,5,0.0,1
692,9,1,2,0.0,0.043326513419184,5,0.0,1
693,9,1,2,0.000300842358604,0.0433866891322662,3,0.0,1
694,9,1,2,0.0,0.0433866891322662,5,0.0,1
695,9,1,2,0.0,0.0433866891322662,5,0.0,1
696,9,1,2,0.0,0.0433866891322662,5,0.0,1
697,9,1,2,0.0,0.0433866891322662,5,0.0,1
698,9,1,2,0.0,0.0433866891322662,5,0.0,1
699,9,1,2,0.0,0.0433866891322662,5,0.0,1
700,9,1,2,0.0,0.0,5,0.0,1
701,9,1,2,0.0,0.0,5,0.0,1
702,9,1,2,0.0,0.0,5,0.0,1
703,9,1,2,0.0640794223826714,0.0128174268865086,4,0.0,2
704,9,1,2,0.0,0.0128174268865086,5,0.0,1
705,9,1,2,0.0,0.0128174268865086,5,0.0,1
706,9,1,2,0.0,0.0128174268865086,5,0.0,1
707,9,1,2,0.0,0.0128174268865086,5,0.0,1
708,9,1,2,0.0,0.0128174268865086,5,0.0,1
709,9,1,2,0.0,0.0128174268865086,5,0.0,1
710,9,1,2,0.0,0.0128174268865086,5,0.0,1
711,9,1,2,0.0,0.0128174268865086,5,0.0,1
712,9,1,2,0.0,0.0128174268865086,5,0.0,1
713,9,1,2,0.0,0.0128174268865086,5,0.0,1
714,9,1,2,0.0,0.0128174268865086,5,0.0,1
715,9,1,2,0.0,0.0128174268865086,5,0.0,1
716,9,1,2,0.0,0.0128174268865086,5,0.0,1
717,9,1,2,0.0,0.0128174268865086,5,0.0,1
718,9,1,2,0.0,0.0128174268865086,5,0.0,1
719,9,1,2,0.0,0.0128174268865086,5,0.0,1
720,9,1,2,0.0,0.0128174268865086,5,0.0,1
721,9,1,2,0.0,0.0128174268865086,5,0.0,1
722,9,1,2,0.0,0.0128174268865086,5,0.0,1
723,9,1,2,0.0,0.0128174268865086,5,0.0,1
724,9,1,2,0.0,0.0128174268865086,5,0.0,1
725,9,1,2,0.0,0.0128174268865086,5,0.0,1
726,9,1,2,0.0,0.0128174268865086,5,0.0,1
727,9,1,2,0.0,0.0128174268865086,5,0.0,1
728,9,1,2,0.0,0.0128174268865086,5,0.0,1
729,9,1,2,0.0,0.0128174268865086,5,0.0,1
730,9,1,2,0.0261732851985559,0.01805271392466,4,0.0,1
731,9,1,0,0.0,0.0,5,0.0,1
732,9,1,0,0.0,0.0,5,0.0,1
733,9,1,0,0.0,0.0,5,0.0,1
734,9,1,0,0.003610108303249,0.0007221085569864,3,0.0,1
735,9,1,0,0.0,0.0007221085569864,5,0.0,1
736,9,1,0,0.0,0.0007221085569864,5,0.0,1
737,9,1,0,0.0,0.0007221085569864,5,0.0,1
738,9,1,0,0.0,0.0007221085569864,5,0.0,1
739,9,1,0,0.0063176895306859,0.0019857985317126,3,0.0,1
740,9,1,0,0.0,0.0019857985317126,5,0.0,1
741,9,1,0,0.0,0.0019857985317126,5,0.0,1
742,9,1,0,0.0,0.0019857985317126,5,0.0,1
743,9,1,0,0.0,0.0019857985317126,5,0.0,1
744,9,1,0,0.0,0.0019857985317126,5,0.0,1
745,9,1,0,0.0069193742478941,0.0033698399326032,3,0.0,1
746,9,1,0,0.0,0.0033698399326032,5,0.0,1
747,9,1,0,0.0,0.0033698399326032,5,0.0,1
748,9,1,0,0.0,0.0033698399326032,5,0.0,1
749,9,1,0,0.0,0.0033698399326032,5,0.0,1
750,9,1,0,0.0,0.0033698399326032,5,0.0,1
751,9,1,0,0.0,0.0033698399326032,5,0.0,1
752,9,1,0,0.0,0.0033698399326032,5,0.0,1
753,9,1,0,0.0,0.0033698399326032,5,0.0,1
754,9,1,0,0.0,0.0033698399326032,5,0.0,1
755,9,1,0,0.0,0.0033698399326032,5,0.0,1
756,9,1,0,0.0,0.0033698399326032,5,0.0,1
757,9,1,0,0.0,0.0033698399326032,5,0.0,1
758,9,1,0,0.0159446450060168,0.0065591527259598,3,0.0,1
759,9,1,0,0.0,0.0065591527259598,5,0.0,1
760,9,1,0,0.0,0.0065591527259598,5,0.0,1
761,9,1,0,0.0,0.0065591527259598,5,0.0,1
762,9,1,0,0.0,0.0,5,0.0,1
763,9,1,0,0.0,0.0,5,0.0,1
764,9,1,0,0.0,0.0,5,0.0,1
765,9,1,0,0.0,0.0,5,0.0,1
766,9,1,0,0.0,0.0,5,0.0,1
767,9,1,0,0.0,0.0,5,0.0,1
768,9,1,0,0.0,0.0,5,0.0,1
769,9,1,0,0.0,0.0,5,0.0,1
770,9,1,0,0.0,0.0,5,0.0,1
771,9,1,0,0.0,0.0,5,0.0,1
772,9,1,0,0.0,0.0,5,0.0,1
773,9,1,0,0.0,0.0,5,0.0,1
774,9,1,0,0.0,0.0,5,0.0,1
775,9,1,0,0.0,0.0,5,0.0,1
776,9,1,0,0.0,0.0,5,0.0,1
777,9,1,0,0.0,0.0,5,0.0,1
778,9,1,0,0.0,0.0,5,0.0,1
779,9,1,0,0.0,0.0,5,0.0,1
780,9,1,0,0.0,0.0,5,0.0,1
781,9,1,0,0.0,0.0,5,0.0,1
782,9,1,0,0.0,0.0,5,0.0,1
783,9,1,0,0.0,0.0,5,0.0,1
784,9,1,0,0.0,0.0,5,0.0,1
785,9,1,0,0.0063176895306859,0.0012636899747262,3,0.0,1
786,9,1,0,0.0,0.0012636899747262,5,0.0,1
787,9,1,0,0.0,0.0012636899747262,5,0.0,1
788,9,1,0,0.0,0.0012636899747262,5,0.0,1
789,9,1,0,0.0,0.0012636899747262,5,0.0,1
790,9,1,0,0.0,0.0,5,0.0,1
791,9,1,0,0.0,0.0,5,0.0,1
792,9,1,0,0.0,0.0,5,0.0,1
793,9,1,0,0.0,0.0,5,0.0,1
794,9,1,0,0.0,0.0,5,0.0,1
795,9,1,0,0.0,0.0,5,0.0,1
796,9,1,0,0.0,0.0,5,0.0,1
797,9,1,0,0.0,0.0,5,0.0,1
798,9,1,0,0.0,0.0,5,0.0,1
799,9,1,0,0.0,0.0,5,0.0,1
800,9,1,0,0.0,0.0,5,0.0,1
801,9,1,0,0.0,0.0,5,0.0,1
802,9,1,0,0.0,0.0,5,0.0,1
803,9,1,0,0.0,0.0,5,0.0,1
804,9,1,0,0.0,0.0,5,0.0,1
805,9,1,0,0.0,0.0,5,0.0,1
806,9,1,0,0.0,0.0,5,0.0,1
807,9,1,0,0.0,0.0,5,0.0,1
808,9,1,0,0.0,0.0,5,0.0,1
809,9,1,0,0.0,0.0,5,0.0,1
810,9,1,0,0.0,0.0,5,0.0,1
811,9,1,0,0.0,0.0,5,0.0,1
812,9,1,0,0.0,0.0,5,0.0,1
813,9,1,0,0.0,0.0,5,0.0,1
814,9,1,0,0.0,0.0,5,0.0,1
815,9,1,0,0.0,0.0,5,0.0,1
816,9,1,0,0.0,0.0,5,0.0,1
817,9,1,0,0.0,0.0,5,0.0,1
818,9,1,0,0.0,0.0,5,0.0,1
819,9,1,0,0.0,0.0,5,0.0,1
820,9,1,0,0.0,0.0,5,0.0,1
821,9,1,0,0.0,0.0,5,0.0,1
822,9,1,0,0.0,0.0,5,0.0,1
823,9,1,0,0.0039109506618531,0.0007822842700686,3,0.0,1
824,9,1,0,0.0,0.0007822842700686,5,0.0,1
825,9,1,0,0.0,0.0007822842700686,5,0.0,1
826,9,1,0,0.0,0.0007822842700686,5,0.0,1
827,9,1,0,0.0,0.0007822842700686,5,0.0,1
828,9,1,0,0.0,0.0007822842700686,5,0.0,1
829,9,1,0,0.0,0.0007822842700686,5,0.0,1
830,9,1,0,0.0,0.0007822842700686,5,0.0,1
831,9,1,0,0.0,0.0007822842700686,5,0.0,1
832,9,1,0,0.0,0.0007822842700686,5,0.0,1
833,9,1,0,0.0042117930204572,0.0016247442532194,3,0.0,1
834,9,1,0,0.0,0.0016247442532194,5,0.0,1
835,9,1,0,0.0,0.0016247442532194,5,0.0,1
836,9,1,0,0.0,0.0016247442532194,5,0.0,1
837,9,1,0,0.0,0.0016247442532194,5,0.0,1
838,9,1,0,0.0,0.0016247442532194,5,0.0,1
839,9,1,0,0.0,0.0016247442532194,5,0.0,1
840,9,1,0,0.0,0.0016247442532194,5,0.0,1
841,9,1,0,0.0,0.0016247442532194,5,0.0,1
842,9,1,0,0.0,0.0016247442532194,5,0.0,1
843,9,1,0,0.03309265944645,0.0082440726922614,4,0.0,1
844,9,1,0,0.0,0.0082440726922614,5,0.0,1
845,9,1,0,0.0,0.0082440726922614,5,0.0,1
846,9,1,0,0.0,0.0082440726922614,5,0.0,1
847,9,1,0,0.0147412755716004,0.0111926826332892,3,0.0,1
848,9,1,0,0.0,0.0111926826332892,5,0.0,1
849,9,1,0,0.0,0.0111926826332892,5,0.0,1
850,9,1,0,0.0,0.0111926826332892,5,0.0,1
851,9,1,0,0.0,0.0,5,0.0,1
852,9,1,0,0.0,0.0,5,0.0,1
853,9,1,0,0.0006016847172081,0.0001203514261644,3,0.0,1
854,9,1,0,0.0,0.0001203514261644,5,0.0,1
855,9,1,0,0.0054151624548736,0.001203514261644,3,0.0,1
856,9,1,0,0.0,0.001203514261644,5,0.0,1
857,9,1,0,0.0,0.001203514261644,5,0.0,1
858,9,1,0,0.0,0.001203514261644,5,0.0,1
859,9,1,0,0.0,0.001203514261644,5,0.0,1
860,9,1,0,0.0051143200962695,0.0022265013840414,3,0.0,1
861,9,1,0,0.0,0.0022265013840414,5,0.0,1
862,9,1,0,0.0,0.0022265013840414,5,0.0,1
863,9,1,0,0.0,0.0022265013840414,5,0.0,1
864,9,1,0,0.0,0.0022265013840414,5,0.0,1
865,9,1,0,0.0,0.0022265013840414,5,0.0,1
866,9,1,0,0.0,0.0022265013840414,5,0.0,1
867,9,1,0,0.0,0.0022265013840414,5,0.0,1
868,9,1,0,0.0,0.0022265013840414,5,0.0,1
869,9,1,0,0.0,0.0022265013840414,5,0.0,1
870,9,1,0,0.0,0.0022265013840414,5,0.0,1
871,9,1,0,0.000300842358604,0.0022866770971236,3,0.0,1
872,9,1,0,0.0,0.0022866770971236,5,0.0,1
873,9,1,0,0.0042117930204572,0.0031291370802744,3,0.0,1
874,9,1,0,0.0,0.0031291370802744,5,0.0,1
875,9,1,0,0.0,0.0031291370802744,5,0.0,1
876,9,1,0,0.0,0.0031291370802744,5,0.0,1
877,9,1,0,0.0,0.0031291370802744,5,0.0,1
878,9,1,0,0.0063176895306859,0.0043928270550006,3,0.0,1
879,9,1,0,0.0120336943441636,0.0067998555782886,3,0.0,1
880,9,1,0,0.0057160048134777,0.0079431941268504,3,0.0,1
881,9,1,0,0.0,0.0079431941268504,5,0.0,1
882,9,1,0,0.0,0.0,5,0.0,1
883,9,1,0,0.0,0.0,5,0.0,1
884,9,1,0,0.0,0.0,5,0.0,1
885,9,1,0,0.0030084235860409,0.000601757130822,3,0.0,1
886,9,1,0,0.0108303249097472,0.0027680828017812,3,0.0,1
887,9,1,0,0.0,0.0027680828017812,5,0.0,1
888,9,1,0,0.0,0.0027680828017812,5,0.0,1
889,9,1,0,0.0,0.0027680828017812,5,0.0,1
890,9,1,0,0.0,0.0027680828017812,5,0.0,1
891,9,1,0,0.0,0.0027680828017812,5,0.0,1
892,9,1,0,0.0348977135980746,0.0097484655193164,4,0.0,1
893,9,1,0,0.0,0.0097484655193164,5,0.0,1
894,9,1,0,0.0,0.0097484655193164,5,0.0,1
895,9,1,0,0.0,0.0097484655193164,5,0.0,1
896,9,1,0,0.0,0.0097484655193164,5,0.0,1
897,9,1,0,0.0,0.0097484655193164,5,0.0,1
898,9,1,0,0.0,0.0097484655193164,5,0.0,1
899,9,1,0,0.0,0.0097484655193164,5,0.0,1
900,9,1,0,0.0105294825511432,0.0118546154771934,3,0.0,1
901,9,1,0,0.0,0.0118546154771934,5,0.0,1
902,9,1,0,0.0,0.0118546154771934,5,0.0,1
903,9,1,0,0.0,0.0118546154771934,5,0.0,1
904,9,1,0,0.0586642599277978,0.0235888795282224,4,0.0,2
905,9,1,0,0.0,0.0235888795282224,5,0.0,1
906,9,1,0,0.0,0.0235888795282224,5,0.0,1
907,9,1,0,0.0,0.0235888795282224,5,0.0,1
908,9,1,0,0.0,0.0235888795282224,5,0.0,1
909,9,1,0,0.0,0.0235888795282224,5,0.0,1
910,9,1,0,0.0,0.0235888795282224,5,0.0,1
911,9,1,0,0.0,0.0235888795282224,5,0.0,1
912,9,1,0,0.0,0.0,5,0.0,1
913,9,1,0,0.0,0.0,5,0.0,1
914,9,1,0,0.0,0.0,5,0.0,1
915,9,1,0,0.0204572803850782,0.0040919484895896,3,0.0,1
916,9,1,0,0.0,0.0040919484895896,5,0.0,1
917,9,1,0,0.0,0.0040919484895896,5,0.0,1
918,9,1,0,0.0,0.0040919484895896,5,0.0,1
919,9,1,0,0.0,0.0040919484895896,5,0.0,1
920,9,1,0,0.0282791817087845,0.0097484655193164,4,0.0,1
921,9,1,0,0.0484356197352587,0.0194367553255506,4,0.0,2
922,9,1,0,0.0,0.0194367553255506,5,0.0,1
923,9,1,0,0.0,0.0194367553255506,5,0.0,1
924,9,1,0,0.0114320096269554,0.0217234324226742,3,0.0,1
925,9,1,0,0.0096269554753309,0.0236490552413046,3,0.0,1
926,9,1,0,0.0,0.0236490552413046,5,0.0,1
927,9,1,0,0.0201564380264741,0.027680828017812,3,0.0,1
928,9,1,0,0.0,0.027680828017812,5,0.0,1
929,9,1,0,0.0,0.027680828017812,5,0.0,1
930,9,1,0,0.0,0.027680828017812,5,0.0,1
931,9,1,0,0.0081227436823104,0.0293055722710314,3,0.0,1
932,9,1,0,0.0,0.0293055722710314,5,0.0,1
933,9,1,0,0.0,0.0293055722710314,5,0.0,1
934,9,1,0,0.0,0.0293055722710314,5,0.0,1
935,9,1,0,0.0,0.0293055722710314,5,0.0,1
936,9,1,0,0.0,0.0293055722710314,5,0.0,1
937,9,1,0,0.0,0.0293055722710314,5,0.0,1
938,9,1,0,0.0809265944645006,0.0454928390901432,4,0.0,2
939,9,1,0,0.0,0.0454928390901432,5,0.0,1
940,9,1,0,0.0,0.0454928390901432,5,0.0,1
941,9,1,0,0.0616726835138387,0.0578288602719942,4,0.0,2
942,9,1,0,0.0,0.0578288602719942,5,0.0,1
943,9,1,0,0.0,0.0,5,0.0,1
944,9,1,0,0.0,0.0,5,0.0,1
945,9,1,0,0.0,0.0,5,0.0,1
946,9,1,0,0.0,0.0,5,0.0,1
947,9,1,0,0.0,0.0,5,0.0,1
948,9,1,0,0.0,0.0,5,0.0,1
949,9,1,0,0.0,0.0,5,0.0,1
950,9,1,0,0.0306859205776173,0.0061379227343844,4,0.0,1
951,9,1,0,0.0,0.0061379227343844,5,0.0,1
952,9,1,0,0.0,0.0061379227343844,5,0.0,1
953,9,1,0,0.0,0.0061379227343844,5,0.0,1
954,9,1,0,0.0571600481347773,0.0175713082200024,4,0.0,2
955,9,1,0,0.0863417569193742,0.0348417378745938,4,0.0,2
956,9,1,0,0.0111311672683513,0.0370682392586352,3,0.0,1
957,9,1,0,0.0,0.0370682392586352,5,0.0,1
958,9,1,0,0.0,0.0370682392586352,5,0.0,1
959,9,1,0,0.0342960288808664,0.043928270550006,4,0.0,1
960,9,1,0,0.0,0.043928270550006,5,0.0,1
961,9,1,0,0.0670878459687124,0.0573474545673366,4,0.0,2
962,9,1,0,0.0,0.0573474545673366,5,0.0,1
963,9,1,0,0.0,0.0573474545673366,5,0.0,1
964,9,1,0,0.0,0.0573474545673366,5,0.0,1
965,9,1,0,0.0,0.0573474545673366,5,0.0,1
966,9,1,0,0.0,0.0573474545673366,5,0.0,1
967,9,1,0,0.0,0.0573474545673366,5,0.0,1
968,9,1,0,0.0,0.0573474545673366,5,0.0,1
969,9,1,0,0.0,0.0573474545673366,5,0.0,1
970,9,1,0,0.0,0.0573474545673366,5,0.0,1
971,9,1,0,0.0,0.0573474545673366,5,0.0,1
972,9,1,0,0.0,0.0573474545673366,5,0.0,1
973,9,1,0,0.0030084235860409,0.0579492116981586,3,0.0,1
974,9,1,0,0.0159446450060168,0.0031893127933566,3,0.0,1
975,9,1,0,0.0,0.0031893127933566,5,0.0,1
976,9,1,0,0.0,0.0031893127933566,5,0.0,1
977,9,1,0,0.0,0.0031893127933566,5,0.0,1
978,9,1,0,0.0,0.0031893127933566,5,0.0,1
979,9,1,0,0.0,0.0031893127933566,5,0.0,1
980,9,1,0,0.0,0.0031893127933566,5,0.0,1
981,9,1,0,0.00661853188929,0.004513178481165,3,0.0,1
982,9,1,0,0.0,0.004513178481165,5,0.0,1
983,9,1,0,0.0,0.004513178481165,5,0.0,1
984,9,1,0,0.0,0.004513178481165,5,0.0,1
985,9,1,0,0.0,0.004513178481165,5,0.0,1
986,9,1,0,0.0,0.004513178481165,5,0.0,1
987,9,1,0,0.0,0.004513178481165,5,0.0,1
988,9,1,0,0.0,0.004513178481165,5,0.0,1
989,9,1,0,0.0252707581227436,0.0095679383800698,4,0.0,1
990,9,1,0,0.0048134777376654,0.010530749789385,3,0.0,1
991,9,1,0,0.0,0.010530749789385,5,0.0,1
992,9,1,0,0.0,0.010530749789385,5,0.0,1
993,9,1,0,0.0,0.010530749789385,5,0.0,1
994,9,1,0,0.0186522262334536,0.0142616440004814,3,0.0,1
995,9,1,0,0.0995788206979542,0.0341798050306896,4,0.0,2
996,9,1,0,0.0,0.0341798050306896,5,0.0,1
997,9,1,0,0.03309265944645,0.0407991334697316,4,0.0,1
998,9,1,0,0.0159446450060168,0.0439884462630882,3,0.0,1
999,9,1,0,0.0,0.0439884462630882,5,0.0,1
1000,9,1,0,0.0,0.0439884462630882,5,0.0,1
1001,9,1,0,0.0,0.0439884462630882,5,0.0,1
1002,9,1,0,0.0,0.0439884462630882,5,0.0,1
1003,9,1,0,0.0475330926594464,0.0534962089300758,4,0.0,2
1004,9,1,0,0.0,0.0,5,0.0,1
1005,9,1,0,0.0,0.0,5,0.0,1
1006,9,1,0,0.0,0.0,5,0.0,1
1007,9,1,0,0.0,0.0,5,0.0,1
1008,9,1,0,0.0,0.0,5,0.0,1
1009,9,1,0,0.0,0.0,5,0.0,1
1010,9,1,0,0.0,0.0,5,0.0,1
1011,9,1,0,0.0,0.0,5,0.0,1
1012,9,1,0,0.0060168471720818,0.001203514261644,3,0.0,1
1013,9,1,0,0.0,0.001203514261644,5,0.0,1
1014,9,1,0,0.0057160048134777,0.0023468528102058,3,0.0,1
1015,9,1,0,0.0,0.0023468528102058,5,0.0,1
1016,9,1,0,0.0045126353790613,0.0032494885064388,3,0.0,1
1017,9,1,0,0.0,0.0032494885064388,5,0.0,1
1018,9,1,0,0.0,0.0032494885064388,5,0.0,1
1019,9,1,0,0.0219614921780986,0.0076423155614394,3,0.0,1
1020,9,1,0,0.0108303249097472,0.0098086412323986,3,0.0,1
1021,9,1,0,0.0,0.0098086412323986,5,0.0,1
1022,9,1,0,0.0240673886883273,0.0146226982789746,4,0.0,1
1023,9,1,0,0.0015042117930204,0.0149235768443856,3,0.0,1
1024,9,1,0,0.0,0.0149235768443856,5,0.0,1
1025,9,1,0,0.0012033694344163,0.0151642796967144,3,0.0,1
1026,9,1,0,0.0,0.0151642796967144,5,0.0,1
1027,9,1,0,0.0,0.0151642796967144,5,0.0,1
1028,9,1,0,0.0,0.0151642796967144,5,0.0,1
1029,9,1,0,0.0,0.0151642796967144,5,0.0,1
1030,9,1,0,0.0,0.0151642796967144,5,0.0,1
1031,9,1,0,0.0042117930204572,0.0160067396798652,3,0.0,1
1032,9,1,0,0.003309265944645,0.0166686725237694,3,0.0,1
1033,9,1,0,0.0,0.0166686725237694,5,0.0,1
1034,9,1,0,0.0,0.0166686725237694,5,0.0,1
1035,9,1,0,0.0,0.0,5,0.0,1
1036,9,1,0,0.0,0.0,5,0.0,1
1037,9,1,0,0.0,0.0,5,0.0,1
1038,9,1,0,0.0204572803850782,0.0040919484895896,3,0.0,1
1039,9,1,0,0.0,0.0040919484895896,5,0.0,1
1040,9,1,0,0.0,0.0040919484895896,5,0.0,1
1041,9,1,0,0.0,0.0040919484895896,5,0.0,1
1042,9,1,0,0.0081227436823104,0.005716692742809,3,0.0,1
1043,9,1,0,0.0,0.005716692742809,5,0.0,1
1044,9,1,0,0.0,0.005716692742809,5,0.0,1
1045,9,1,0,0.0027075812274368,0.0062582741605488,3,0.0,1
1046,9,1,0,0.0,0.0062582741605488,5,0.0,1
1047,9,1,0,0.0,0.0062582741605488,5,0.0,1
1048,9,1,0,0.0,0.0062582741605488,5,0.0,1
1049,9,1,0,0.0087244283995186,0.0080033698399326,3,0.0,1
1050,9,1,0,0.0,0.0080033698399326,5,0.0,1
1051,9,1,0,0.0,0.0080033698399326,5,0.0,1
1052,9,1,0,0.0,0.0080033698399326,5,0.0,1
1053,9,1,0,0.0,0.0080033698399326,5,0.0,1
1054,9,1,0,0.0,0.0080033698399326,5,0.0,1
1055,9,1,0,0.0,0.0080033698399326,5,0.0,1
1056,9,1,0,0.0,0.0080033698399326,5,0.0,1
1057,9,1,0,0.0,0.0080033698399326,5,0.0,1
1058,9,1,0,0.0,0.0080033698399326,5,0.0,1
1059,9,1,0,0.0,0.0080033698399326,5,0.0,1
1060,9,1,0,0.0,0.0080033698399326,5,0.0,1
1061,9,1,0,0.0,0.0080033698399326,5,0.0,1
1062,9,1,0,0.0,0.0080033698399326,5,0.0,1
1063,9,1,0,0.0,0.0080033698399326,5,0.0,1
1064,9,1,0,0.0,0.0080033698399326,5,0.0,1
1065,9,1,0,0.0,0.0,5,0.0,1
1066,9,1,0,0.0,0.0,5,0.0,1
1067,9,1,0,0.0,0.0,5,0.0,1
1068,9,1,0,0.0,0.0,5,0.0,1
1069,9,1,0,0.0,0.0,5,0.0,1
1070,9,1,0,0.0,0.0,5,0.0,1
1071,9,1,0,0.0,0.0,5,0.0,1
1072,9,1,0,0.0,0.0,5,0.0,1
1073,9,1,0,0.0,0.0,5,0.0,1
1074,9,1,0,0.0,0.0,5,0.0,1
1075,9,1,0,0.0,0.0,5,0.0,1
1076,9,1,0,0.0,0.0,5,0.0,1
1077,9,1,0,0.0,0.0,5,0.0,1
1078,9,1,0,0.0,0.0,5,0.0,1
1079,9,1,0,0.0,0.0,5,0.0,1
1080,9,1,0,0.0,0.0,5,0.0,1
1081,9,1,0,0.0,0.0,5,0.0,1
1082,9,1,0,0.0,0.0,5,0.0,1
1083,9,1,0,0.0,0.0,5,0.0,1
1084,9,1,0,0.0,0.0,5,0.0,1
1085,9,1,0,0.0,0.0,5,0.0,1
1086,9,1,0,0.0,0.0,5,0.0,1
1087,9,1,0,0.0,0.0,5,0.0,1
1088,9,1,0,0.0,0.0,5,0.0,1
1089,9,1,0,0.0,0.0,5,0.0,1
1090,9,1,0,0.0,0.0,5,0.0,1
1091,9,1,0,0.0,0.0,5,0.0,1
1092,9,1,0,0.0,0.0,5,0.0,1
1093,9,1,0,0.0,0.0,5,0.0,1
1094,9,1,0,0.0,0.0,5,0.0,1
1095,9,1,0,0.0,0.0,5,0.0,1
1096,9,1,3,0.0,0.0,5,0.0,1
1097,9,1,3,0.0,0.0,5,0.0,1
1098,9,1,3,0.0,0.0,5,0.0,1
1099,9,1,3,0.0,0.0,5,0.0,1
1100,9,1,3,0.0,0.0,5,0.0,1
1101,9,1,3,0.0,0.0,5,0.0,1
1102,9,1,3,0.0,0.0,5,0.0,1
1103,9,1,3,0.0,0.0,5,0.0,1
1104,9,1,3,0.0024067388688327,0.0004814057046576,3,0.0,1
1105,9,1,3,0.0,0.0004814057046576,5,0.0,1
1106,9,1,3,0.0228640192539109,0.0050547598989048,4,0.0,1
1107,9,1,3,0.0,0.0050547598989048,5,0.0,1
1108,9,1,3,0.0,0.0050547598989048,5,0.0,1
1109,9,1,3,0.0048134777376654,0.00601757130822,3,0.0,1
1110,9,1,3,0.0,0.00601757130822,5,0.0,1
1111,9,1,3,0.0,0.00601757130822,5,0.0,1
1112,9,1,3,0.0,0.00601757130822,5,0.0,1
1113,9,1,3,0.0,0.00601757130822,5,0.0,1
1114,9,1,3,0.0,0.00601757130822,5,0.0,1
1115,9,1,3,0.0,0.00601757130822,5,0.0,1
1116,9,1,3,0.0,0.00601757130822,5,0.0,1
1117,9,1,3,0.0,0.00601757130822,5,0.0,1
1118,9,1,3,0.0,0.00601757130822,5,0.0,1
1119,9,1,3,0.0,0.00601757130822,5,0.0,1
1120,9,1,3,0.0,0.00601757130822,5,0.0,1
1121,9,1,3,0.0060168471720818,0.007221085569864,3,0.0,1
1122,9,1,3,0.0,0.007221085569864,5,0.0,1
1123,9,1,3,0.0078219013237063,0.0087856541100012,3,0.0,1
1124,9,1,3,0.0,0.0087856541100012,5,0.0,1
1125,9,1,3,0.0,0.0087856541100012,5,0.0,1
1126,9,1,3,0.0,0.0087856541100012,5,0.0,1
1127,9,1,3,0.0,0.0,5,0.0,1
1128,9,1,3,0.0,0.0,5,0.0,1
1129,9,1,3,0.0,0.0,5,0.0,1
1130,9,1,3,0.0261732851985559,0.0052352870381514,4,0.0,1
1131,9,1,3,0.0,0.0052352870381514,5,0.0,1
1132,9,1,3,0.0,0.0052352870381514,5,0.0,1
1133,9,1,3,0.0159446450060168,0.008424599831508,3,0.0,1
1134,9,1,3,0.0,0.008424599831508,5,0.0,1
1135,9,1,3,0.0,0.008424599831508,5,0.0,1
1136,9,1,3,0.0,0.008424599831508,5,0.0,1
1137,9,1,3,0.0,0.008424599831508,5,0.0,1
1138,9,1,3,0.0,0.008424599831508,5,0.0,1
1139,9,1,3,0.0,0.008424599831508,5,0.0,1
1140,9,1,3,0.0,0.008424599831508,5,0.0,1
1141,9,1,3,0.0,0.008424599831508,5,0.0,1
1142,9,1,3,0.0,0.008424599831508,5,0.0,1
1143,9,1,3,0.0,0.008424599831508,5,0.0,1
1144,9,1,3,0.0,0.008424599831508,5,0.0,1
1145,9,1,3,0.0,0.008424599831508,5,0.0,1
1146,9,1,3,0.0,0.008424599831508,5,0.0,1
1147,9,1,3,0.0,0.008424599831508,5,0.0,1
1148,9,1,3,0.0,0.008424599831508,5,0.0,1
1149,9,1,3,0.0,0.008424599831508,5,0.0,1
1150,9,1,3,0.0,0.008424599831508,5,0.0,1
1151,9,1,3,0.0,0.008424599831508,5,0.0,1
1152,9,1,3,0.0,0.008424599831508,5,0.0,1
1153,9,1,3,0.0,0.008424599831508,5,0.0,1
1154,9,1,3,0.0,0.008424599831508,5,0.0,1
1155,9,1,3,0.0,0.0,5,0.0,1
1156,9,1,3,0.0,0.0,5,0.0,1
1157,9,1,3,0.0,0.0,5,0.0,1
1158,9,1,3,0.0,0.0,5,0.0,1
1159,9,1,3,0.0,0.0,5,0.0,1
1160,9,1,3,0.0,0.0,5,0.0,1
1161,9,1,3,0.0,0.0,5,0.0,1
1162,9,1,3,0.0,0.0,5,0.0,1
1163,9,1,3,0.0,0.0,5,0.0,1
1164,9,1,3,0.0,0.0,5,0.0,1
1165,9,1,3,0.0,0.0,5,0.0,1
1166,9,1,3,0.0,0.0,5,0.0,1
1167,9,1,3,0.0,0.0,5,0.0,1
1168,9,1,3,0.0,0.0,5,0.0,1
1169,9,1,3,0.0078219013237063,0.0015645685401372,3,0.0,1
1170,9,1,3,0.0,0.0015645685401372,5,0.0,1
1171,9,1,3,0.0,0.0015645685401372,5,0.0,1
1172,9,1,3,0.0,0.0015645685401372,5,0.0,1
1173,9,1,3,0.0,0.0015645685401372,5,0.0,1
1174,9,1,3,0.0,0.0015645685401372,5,0.0,1
1175,9,1,3,0.0,0.0015645685401372,5,0.0,1
1176,9,1,3,0.0,0.0015645685401372,5,0.0,1
1177,9,1,3,0.0,0.0015645685401372,5,0.0,1
1178,9,1,3,0.0,0.0015645685401372,5,0.0,1
1179,9,1,3,0.0475330926594464,0.0110723312071248,4,0.0,2
1180,9,1,3,0.0,0.0110723312071248,5,0.0,1
1181,9,1,3,0.0,0.0110723312071248,5,0.0,1
1182,9,1,3,0.0,0.0110723312071248,5,0.0,1
1183,9,1,3,0.0,0.0110723312071248,5,0.0,1
1184,9,1,3,0.0,0.0110723312071248,5,0.0,1
1185,9,1,3,0.0,0.0110723312071248,5,0.0,1
1186,9,1,3,0.0,0.0,5,0.0,1
1187,9,1,3,0.0,0.0,5,0.0,1
1188,9,1,3,0.0,0.0,5,0.0,1
1189,9,1,3,0.0,0.0,5,0.0,1
1190,9,1,3,0.0,0.0,5,0.0,1
1191,9,1,3,0.0,0.0,5,0.0,1
1192,9,1,3,0.0,0.0,5,0.0,1
1193,9,1,3,0.0,0.0,5,0.0,1
1194,9,1,3,0.0836341756919374,0.0167288482368516,4,0.0,2
1195,9,1,3,0.0,0.0167288482368516,5,0.0,1
1196,9,1,3,0.0021058965102286,0.017150078228427,3,0.0,1
1197,9,1,3,0.0,0.017150078228427,5,0.0,1
1198,9,1,3,0.0,0.017150078228427,5,0.0,1
1199,9,1,3,0.0,0.017150078228427,5,0.0,1
1200,9,1,3,0.0105294825511432,0.019256228186304,3,0.0,1
1201,9,1,3,0.0,0.019256228186304,5,0.0,1
1202,9,1,3,0.0,0.019256228186304,5,0.0,1
1203,9,1,3,0.0,0.019256228186304,5,0.0,1
1204,9,1,3,0.0,0.019256228186304,5,0.0,1
1205,9,1,3,0.0,0.019256228186304,5,0.0,1
1206,9,1,3,0.003610108303249,0.0199783367432904,3,0.0,1
1207,9,1,3,0.0,0.0199783367432904,5,0.0,1
1208,9,1,3,0.0,0.0199783367432904,5,0.0,1
1209,9,1,3,0.0,0.0199783367432904,5,0.0,1
1210,9,1,3,0.0009025270758122,0.020158863882537,3,0.0,1
1211,9,1,3,0.0354993983152827,0.0272595980262366,4,0.0,1
1212,9,1,3,0.0,0.0272595980262366,5,0.0,1
1213,9,1,3,0.0,0.0272595980262366,5,0.0,1
1214,9,1,3,0.0,0.0272595980262366,5,0.0,1
1215,9,1,3,0.0054151624548736,0.0283427608617162,3,0.0,1
1216,9,1,3,0.0030084235860409,0.000601757130822,3,0.0,1
1217,9,1,3,0.0129362214199759,0.0031893127933566,3,0.0,1
1218,9,1,3,0.0,0.0031893127933566,5,0.0,1
1219,9,1,3,0.0,0.0031893127933566,5,0.0,1
1220,9,1,3,0.0,0.0031893127933566,5,0.0,1
1221,9,1,3,0.0,0.0031893127933566,5,0.0,1
1222,9,1,3,0.0,0.0031893127933566,5,0.0,1
1223,9,1,3,0.0054151624548736,0.0042724756288362,3,0.0,1
1224,9,1,3,0.0,0.0042724756288362,5,0.0,1
1225,9,1,3,0.0,0.0042724756288362,5,0.0,1
1226,9,1,3,0.0,0.0042724756288362,5,0.0,1
1227,9,1,3,0.0,0.0042724756288362,5,0.0,1
1228,9,1,3,0.0,0.0042724756288362,5,0.0,1
1229,9,1,3,0.0,0.0042724756288362,5,0.0,1
1230,9,1,3,0.0156438026474127,0.0074016127091106,3,0.0,1
1231,9,1,3,0.0,0.0074016127091106,5,0.0,1
1232,9,1,3,0.0,0.0074016127091106,5,0.0,1
1233,9,1,3,0.0042117930204572,0.0082440726922614,3,0.0,1
1234,9,1,3,0.0,0.0082440726922614,5,0.0,1
1235,9,1,3,0.0,0.0082440726922614,5,0.0,1
1236,9,1,3,0.0,0.0082440726922614,5,0.0,1
1237,9,1,3,0.0,0.0082440726922614,5,0.0,1
1238,9,1,3,0.0,0.0082440726922614,5,0.0,1
1239,9,1,3,0.0,0.0082440726922614,5,0.0,1
1240,9,1,3,0.0039109506618531,0.00902635696233,3,0.0,1
1241,9,1,3,0.0,0.00902635696233,5,0.0,1
1242,9,1,3,0.0,0.00902635696233,5,0.0,1
1243,9,1,3,0.0,0.00902635696233,5,0.0,1
1244,9,1,3,0.0,0.00902635696233,5,0.0,1
1245,9,1,3,0.0288808664259927,0.0148032254182212,4,0.0,1
1246,9,1,3,0.0,0.0148032254182212,5,0.0,1
1247,9,1,3,0.0,0.0,5,0.0,1
1248,9,1,3,0.0502406738868832,0.0100493440847274,4,0.0,2
1249,9,1,3,0.1624548736462094,0.0425442291491154,2,0.0,0
1250,9,1,3,0.0,0.0425442291491154,5,0.0,1
1251,9,1,3,0.1022864019253911,0.0630039715970634,4,0.0,2
1252,9,1,3,0.0183513838748495,0.0666746900950776,3,0.0,1
1253,9,1,3,0.085740072202166,0.0838247683235046,4,0.0,2
1254,9,1,3,0.0,0.0838247683235046,5,0.0,1
1255,9,1,3,0.0734055354993983,0.0985076423155614,4,0.0,2
1256,9,1,3,0.0222623345367027,0.1029606450836442,3,0.0,1
1257,9,1,3,0.0,0.1029606450836442,5,0.0,1
1258,9,1,3,0.0150421179302045,0.1059694307377542,3,0.0,1
1259,9,1,3,0.0078219013237063,0.1075339992778914,3,0.0,1
1260,9,1,3,0.0258724428399518,0.1127091106029606,4,0.0,1
1261,9,1,3,0.0123345367027677,0.1151763148393308,3,0.0,1
1262,9,1,3,0.0,0.1151763148393308,5,0.0,1
1263,9,1,3,0.0812274368231047,0.1314237573715248,4,0.0,2
1264,9,1,3,0.000300842358604,0.131483933084607,3,0.0,1
1265,9,1,3,0.0252707581227436,0.1365386929835118,4,0.0,1
1266,9,1,3,0.0737063778580024,0.1512817426886508,4,0.0,2
1267,9,1,3,0.1037906137184115,0.1720423637020098,4,0.0,2
1268,9,1,3,0.0406137184115523,0.1801660849681068,4,0.0,1
1269,9,1,3,0.0,0.1801660849681068,5,0.0,1
1270,9,1,3,0.0219614921780986,0.1845589120231074,3,0.0,1
1271,9,1,3,0.0541516245487364,0.1953905403779034,4,0.0,2
1272,9,1,3,0.2202166064981949,0.2394391623540738,6,0.3333333333333333,0
1273,9,1,3,0.000300842358604,0.2394993380671561,3,0.0,1
1274,9,1,3,0.0,0.2394993380671561,5,0.0,1
1275,9,1,3,0.0806257521058965,0.2556264291731857,4,0.0,2
1276,9,1,3,0.0105294825511432,0.2577325791310627,3,0.0,1
1277,9,1,3,0.0138387484957882,0.0027680828017812,3,0.0,1
1278,9,1,3,0.0740072202166065,0.0175713082200024,4,0.0,2
1279,9,1,3,0.0012033694344163,0.0178120110723312,3,0.0,1
1280,9,1,3,0.0646811070998796,0.0307497893850042,4,0.0,2
1281,9,1,3,0.0306859205776173,0.0368877121193886,4,0.0,1
1282,9,1,3,0.1471119133574007,0.0663136358165844,2,0.0,0
1283,9,1,3,0.0577617328519855,0.0778673727283668,4,0.0,2
1284,9,1,3,0.1666666666666666,0.1112047177759056,2,0.0,0
1285,9,1,3,0.0,0.1112047177759056,5,0.0,1
1286,9,1,3,0.0,0.1112047177759056,5,0.0,1
1287,9,1,3,0.0018050541516245,0.1115657720543988,3,0.0,1
1288,9,1,3,0.04632972322503,0.1208328318690576,4,0.0,2
1289,9,1,3,0.0048134777376654,0.1217956432783728,3,0.0,1
1290,9,1,3,0.1287605294825511,0.1475508484775544,2,0.0,0
1291,9,1,3,0.0285800240673886,0.1532675412203634,4,0.0,1
1292,9,1,3,0.0382069795427196,0.1609098567818028,4,0.0,1
1293,9,1,3,0.0138387484957882,0.163677939583584,3,0.0,1
1294,9,1,3,0.1492178098676293,0.1935250932723553,2,0.0,0
1295,9,1,3,0.0012033694344163,0.193765796124684,3,0.0,1
1296,9,1,3,0.0336943441636582,0.2005054759898904,4,0.0,1
1297,9,1,3,0.1143200962695547,0.2233722469611264,2,0.0,0
1298,9,1,3,0.0,0.2233722469611264,5,0.0,1
1299,9,1,3,0.0773164861612515,0.2388374052232518,4,0.0,2
1300,9,1,3,0.0728038507821901,0.2533999277891443,4,0.0,2
1301,9,1,3,0.1188327316486161,0.2771693344566133,2,0.0,0
1302,9,1,3,0.1049939831528279,0.2981706583223011,4,0.0,2
1303,9,1,3,0.03309265944645,0.3047899867613431,4,0.0,1
1304,9,1,3,0.0228640192539109,0.3093633409555903,4,0.0,1
1305,9,1,3,0.0108303249097472,0.3115296666265495,3,0.0,1
1306,9,1,3,0.4187725631768952,0.3952942592369719,1,0.6666666666666666,0
1307,9,1,3,0.003610108303249,0.3960163677939584,3,0.0,1
1308,9,1,3,0.1486161251504212,0.0297268022626068,2,0.0,0
1309,9,1,3,0.0,0.0297268022626068,5,0.0,1
1310,9,1,3,0.01323706377858,0.0323745336382236,3,0.0,1
1311,9,1,3,0.0123345367027677,0.0348417378745938,3,0.0,1
1312,9,1,3,0.0024067388688327,0.0353231435792514,3,0.0,1
1313,9,1,3,0.0652827918170878,0.0483812733180888,4,0.0,2
1314,9,1,3,0.072503008423586,0.062883620170899,4,0.0,2
1315,9,1,3,0.1080024067388688,0.0844867011674088,2,0.0,0
1316,9,1,3,0.0102286401925391,0.0865326754122036,3,0.0,1
1317,9,1,3,0.1486161251504212,0.1162594776748104,2,0.0,0
1318,9,1,3,0.0144404332129963,0.119147911902756,3,0.0,1
1319,9,1,3,0.0204572803850782,0.1232398603923456,3,0.0,1
1320,9,1,3,0.0057160048134777,0.1243831989409074,3,0.0,1
1321,9,1,3,0.1540312876052948,0.1551931640389938,2,0.0,0
1322,9,1,3,0.0144404332129963,0.1580815982669394,3,0.0,1
1323,9,1,3,0.0069193742478941,0.15946563966783,3,0.0,1
1324,9,1,3,0.092358604091456,0.1779395835840654,4,0.0,2
1325,9,1,3,0.0706979542719614,0.1920808761583824,4,0.0,2
1326,9,1,3,0.0177496991576413,0.1956312432302323,3,0.0,1
1327,9,1,3,0.0502406738868832,0.2056805873149597,4,0.0,2
1328,9,1,3,0.0601684717208182,0.2177157299313996,4,0.0,2
1329,9,1,3,0.0466305655836341,0.2270429654591406,4,0.0,2
1330,9,1,3,0.0300842358604091,0.2330605367673607,4,0.0,1
1331,9,1,3,0.0776173285198556,0.2485858707425683,4,0.0,2
1332,9,1,3,0.0,0.2485858707425683,5,0.0,1
1333,9,1,3,0.0,0.2485858707425683,5,0.0,1
1334,9,1,3,0.0333935018050541,0.2552653748946925,4,0.0,1
1335,9,1,3,0.0087244283995186,0.2570104705740763,3,0.0,1
1336,9,1,3,0.0240673886883273,0.2618245276206523,4,0.0,1
1337,9,1,3,0.0114320096269554,0.2641112047177759,3,0.0,1
1338,9,1,3,0.0457280385078219,0.2732579131062703,4,0.0,2
1339,9,1,3,0.0655836341756919,0.0131183054519196,4,0.0,2
1340,9,1,3,0.0192539109506618,0.0169695510891804,3,0.0,1
1341,9,1,3,0.1004813477737665,0.0370682392586352,4,0.0,2
1342,9,1,3,0.00661853188929,0.0383921049464436,3,0.0,1
1343,9,1,3,0.0306859205776173,0.044530027680828,4,0.0,1
1344,9,1,3,0.0442238267148014,0.0533758575039114,4,0.0,1
1345,9,1,3,0.0186522262334536,0.0571067517150078,3,0.0,1
1346,9,1,3,0.01323706377858,0.0597544830906246,3,0.0,1
1347,9,1,3,0.0746089049338146,0.0746780599350102,4,0.0,2
1348,9,1,3,0.095367027677497,0.0937537609820676,4,0.0,2
1349,9,1,3,0.0679903730445246,0.1073534721386448,4,0.0,2
1350,9,1,3,0.0078219013237063,0.108918040678782,3,0.0,1
1351,9,1,3,0.0679903730445246,0.1225177518353592,4,0.0,2
1352,9,1,3,0.1377858002406738,0.1500782284270068,2,0.0,0
1353,9,1,3,0.0240673886883273,0.1548922854735828,4,0.0,1
1354,9,1,3,0.0162454873646209,0.1581417739800216,3,0.0,1
1355,9,1,3,0.1931407942238267,0.196774581778794,2,0.0,0
1356,9,1,3,0.0505415162454873,0.2068841015766037,4,0.0,2
1357,9,1,3,0.4151624548736462,0.2899265856300397,1,0.6666666666666666,0
1358,9,1,3,0.0072202166064981,0.2913708027440125,3,0.0,1
1359,9,1,3,0.0030084235860409,0.2919725598748345,3,0.0,1
1360,9,1,3,0.003610108303249,0.2926946684318209,3,0.0,1
1361,9,1,3,0.0006016847172081,0.2928150198579853,3,0.0,1
1362,9,1,3,0.0105294825511432,0.2949211698158623,3,0.0,1
1363,9,1,3,0.0,0.2949211698158623,5,0.0,1
1364,9,1,3,0.0472322503008423,0.3043687567697677,4,0.0,2
1365,9,1,3,0.016546329723225,0.3076784209892887,3,0.0,1
1366,9,1,3,0.0767148014440433,0.3230232278252496,4,0.0,2
1367,9,1,3,0.0108303249097472,0.3251895534962089,3,0.0,1
1368,9,1,3,0.016546329723225,0.3284992177157299,3,0.0,1
1369,9,1,3,0.0063176895306859,0.0012636899747262,3,0.0,1
1370,9,1,3,0.0358002406738868,0.008424599831508,4,0.0,1
1371,9,1,3,0.0,0.008424599831508,5,0.0,1
1372,9,1,3,0.0,0.008424599831508,5,0.0,1
1373,9,1,3,0.0090252707581227,0.010229871223974,3,0.0,1
1374,9,1,3,0.0,0.010229871223974,5,0.0,1
1375,9,1,3,0.0367027677496991,0.0175713082200024,4,0.0,1
1376,9,1,3,0.0234657039711191,0.022265013840414,4,0.0,1
1377,9,1,3,0.0129362214199759,0.0248525695029486,3,0.0,1
1378,9,1,3,0.0150421179302045,0.0278613551570586,3,0.0,1
1379,9,1,3,0.0009025270758122,0.0280418822963052,3,0.0,1
1380,9,1,3,0.0,0.0280418822963052,5,0.0,1
1381,9,1,3,0.0192539109506618,0.031893127933566,3,0.0,1
1382,9,1,3,0.0045126353790613,0.032795763629799,3,0.0,1
1383,9,1,3,0.0045126353790613,0.033698399326032,3,0.0,1
1384,9,1,3,0.0105294825511432,0.035804549283909,3,0.0,1
1385,9,1,3,0.0,0.035804549283909,5,0.0,1
1386,9,1,3,0.0388086642599278,0.0435672162715128,4,0.0,1
1387,9,1,3,0.0177496991576413,0.0471175833433626,3,0.0,1
1388,9,1,3,0.0,0.0471175833433626,5,0.0,1
1389,9,1,3,0.0294825511432009,0.0530148032254182,4,0.0,1
1390,9,1,3,0.0270758122743682,0.0584306174028162,4,0.0,1
1391,9,1,3,0.0336943441636582,0.0651702972680226,4,0.0,1
1392,9,1,3,0.0409145607701564,0.0733541942472018,4,0.0,1
1393,9,1,3,0.0,0.0733541942472018,5,0.0,1
1394,9,1,3,0.0102286401925391,0.0754001684919966,3,0.0,1
1395,9,1,3,0.0481347773766546,0.0850282825851486,4,0.0,2
1396,9,1,3,0.000300842358604,0.0850884582982308,3,0.0,1
1397,9,1,3,0.0063176895306859,0.086352148272957,3,0.0,1
1398,9,1,3,0.0078219013237063,0.0879167168130942,3,0.0,1
1399,9,1,3,0.0138387484957882,0.0906847996148754,3,0.0,1
1400,9,1,3,0.0,0.0,5,0.0,1
1401,9,1,3,0.0183513838748495,0.0036707184980142,3,0.0,1
1402,9,1,3,0.0,0.0036707184980142,5,0.0,1
1403,9,1,3,0.0,0.0036707184980142,5,0.0,1
1404,9,1,3,0.0,0.0036707184980142,5,0.0,1
1405,9,1,3,0.0162454873646209,0.006920207004453,3,0.0,1
1406,9,1,3,0.0,0.006920207004453,5,0.0,1
1407,9,1,3,0.0045126353790613,0.007822842700686,3,0.0,1
1408,9,1,3,0.0,0.007822842700686,5,0.0,1
1409,9,1,3,0.0273766546329723,0.0132988325911662,4,0.0,1
1410,9,1,3,0.0111311672683513,0.0155253339752076,3,0.0,1
1411,9,1,3,0.0,0.0155253339752076,5,0.0,1
1412,9,1,3,0.0,0.0155253339752076,5,0.0,1
1413,9,1,3,0.0135379061371841,0.0182332410639066,3,0.0,1
1414,9,1,3,0.0048134777376654,0.0191960524732218,3,0.0,1
1415,9,1,3,0.0129362214199759,0.0217836081357564,3,0.0,1
1416,9,1,3,0.0,0.0217836081357564,5,0.0,1
1417,9,1,3,0.0,0.0217836081357564,5,0.0,1
1418,9,1,3,0.0,0.0217836081357564,5,0.0,1
1419,9,1,3,0.0,0.0217836081357564,5,0.0,1
1420,9,1,3,0.0,0.0217836081357564,5,0.0,1
1421,9,1,3,0.0,0.0217836081357564,5,0.0,1
1422,9,1,3,0.0,0.0217836081357564,5,0.0,1
1423,9,1,3,0.0,0.0217836081357564,5,0.0,1
1424,9,1,3,0.0,0.0217836081357564,5,0.0,1
1425,9,1,3,0.0,0.0217836081357564,5,0.0,1
1426,9,1,3,0.0,0.0217836081357564,5,0.0,1
1427,9,1,3,0.0706979542719614,0.0359249007100734,4,0.0,2
1428,9,1,3,0.0207581227436823,0.0400770249127452,3,0.0,1
1429,9,1,3,0.0,0.0400770249127452,5,0.0,1
1430,9,1,3,0.0,0.0,5,0.0,1
1431,9,1,3,0.0,0.0,5,0.0,1
1432,9,1,3,0.0,0.0,5,0.0,1
1433,9,1,3,0.0,0.0,5,0.0,1
1434,9,1,3,0.0042117930204572,0.0008424599831508,3,0.0,1
1435,9,1,3,0.0,0.0008424599831508,5,0.0,1
1436,9,1,3,0.0,0.0008424599831508,5,0.0,1
1437,9,1,3,0.0,0.0008424599831508,5,0.0,1
1438,9,1,3,0.0,0.0008424599831508,5,0.0,1
1439,9,1,3,0.0,0.0008424599831508,5,0.0,1
1440,9,1,3,0.0,0.0008424599831508,5,0.0,1
1441,9,1,3,0.0,0.0008424599831508,5,0.0,1
1442,9,1,3,0.0,0.0008424599831508,5,0.0,1
1443,9,1,3,0.0,0.0008424599831508,5,0.0,1
1444,9,1,3,0.0,0.0008424599831508,5,0.0,1
1445,9,1,3,0.0,0.0008424599831508,5,0.0,1
1446,9,1,3,0.0,0.0008424599831508,5,0.0,1
1447,9,1,3,0.0,0.0008424599831508,5,0.0,1
1448,9,1,3,0.0,0.0008424599831508,5,0.0,1
1449,9,1,3,0.0,0.0008424599831508,5,0.0,1
1450,9,1,3,0.0,0.0008424599831508,5,0.0,1
1451,9,1,3,0.0,0.0008424599831508,5,0.0,1
1452,9,1,3,0.0,0.0008424599831508,5,0.0,1
1453,9,1,3,0.0,0.0008424599831508,5,0.0,1
1454,9,1,3,0.0,0.0008424599831508,5,0.0,1
1455,9,1,3,0.0,0.0008424599831508,5,0.0,1
1456,9,1,3,0.0,0.0008424599831508,5,0.0,1
1457,9,1,3,0.0,0.0008424599831508,5,0.0,1
1458,9,1,3,0.0,0.0008424599831508,5,0.0,1
1459,9,1,3,0.0,0.0008424599831508,5,0.0,1
1460,9,1,3,0.0,0.0008424599831508,5,0.0,1
1461,9,1,1,0.0,0.0,5,0.0,1
1462,9,1,1,0.0,0.0,5,0.0,1
1463,9,1,1,0.0,0.0,5,0.0,1
1464,9,1,1,0.0,0.0,5,0.0,1
1465,9,1,1,0.0,0.0,5,0.0,1
1466,9,1,1,0.0,0.0,5,0.0,1
1467,9,1,1,0.0069193742478941,0.0013840414008906,3,0.0,1
1468,9,1,1,0.0475330926594464,0.0108918040678782,4,0.0,2
1469,9,1,1,0.0,0.0108918040678782,5,0.0,1
1470,9,1,1,0.0,0.0108918040678782,5,0.0,1
1471,9,1,1,0.0,0.0108918040678782,5,0.0,1
1472,9,1,1,0.0054151624548736,0.0119749669033578,3,0.0,1
1473,9,1,1,0.0,0.0119749669033578,5,0.0,1
1474,9,1,1,0.0,0.0119749669033578,5,0.0,1
1475,9,1,1,0.0,0.0119749669033578,5,0.0,1
1476,9,1,1,0.0,0.0119749669033578,5,0.0,1
1477,9,1,1,0.0,0.0119749669033578,5,0.0,1
1478,9,1,1,0.0,0.0119749669033578,5,0.0,1
1479,9,1,1,0.0,0.0119749669033578,5,0.0,1
1480,9,1,1,0.0,0.0119749669033578,5,0.0,1
1481,9,1,1,0.0,0.0119749669033578,5,0.0,1
1482,9,1,1,0.0,0.0119749669033578,5,0.0,1
1483,9,1,1,0.0,0.0119749669033578,5,0.0,1
1484,9,1,1,0.0,0.0119749669033578,5,0.0,1
1485,9,1,1,0.0,0.0119749669033578,5,0.0,1
1486,9,1,1,0.0,0.0119749669033578,5,0.0,1
1487,9,1,1,0.0,0.0119749669033578,5,0.0,1
1488,9,1,1,0.0,0.0119749669033578,5,0.0,1
1489,9,1,1,0.0,0.0119749669033578,5,0.0,1
1490,9,1,1,0.0,0.0119749669033578,5,0.0,1
1491,9,1,1,0.0,0.0119749669033578,5,0.0,1
1492,9,1,1,0.0,0.0,5,0.0,1
1493,9,1,1,0.0,0.0,5,0.0,1
1494,9,1,1,0.0,0.0,5,0.0,1
1495,9,1,1,0.0,0.0,5,0.0,1
1496,9,1,1,0.0,0.0,5,0.0,1
1497,9,1,1,0.0,0.0,5,0.0,1
1498,9,1,1,0.0,0.0,5,0.0,1
1499,9,1,1,0.0,0.0,5,0.0,1
1500,9,1,1,0.0,0.0,5,0.0,1
1501,9,1,1,0.0,0.0,5,0.0,1
1502,9,1,1,0.0,0.0,5,0.0,1
1503,9,1,1,0.0081227436823104,0.0016247442532194,3,0.0,1
1504,9,1,1,0.0201564380264741,0.0056565170297268,3,0.0,1
1505,9,1,1,0.0,0.0056565170297268,5,0.0,1
1506,9,1,1,0.0,0.0056565170297268,5,0.0,1
1507,9,1,1,0.0,0.0056565170297268,5,0.0,1
1508,9,1,1,0.0,0.0056565170297268,5,0.0,1
1509,9,1,1,0.0,0.0056565170297268,5,0.0,1
1510,9,1,1,0.0,0.0056565170297268,5,0.0,1
1511,9,1,1,0.01323706377858,0.0083042484053436,3,0.0,1
1512,9,1,1,0.0,0.0083042484053436,5,0.0,1
1513,9,1,1,0.0520457280385078,0.0187146467685642,4,0.0,2
1514,9,1,1,0.0,0.0187146467685642,5,0.0,1
1515,9,1,1,0.0,0.0187146467685642,5,0.0,1
1516,9,1,1,0.0,0.0187146467685642,5,0.0,1
1517,9,1,1,0.0,0.0187146467685642,5,0.0,1
1518,9,1,1,0.0,0.0187146467685642,5,0.0,1
1519,9,1,1,0.075812274368231,0.0338789264652786,4,0.0,2
1520,9,1,1,0.0,0.0338789264652786,5,0.0,1
1521,9,1,1,0.0306859205776173,0.0061379227343844,4,0.0,1
1522,9,1,1,0.0,0.0061379227343844,5,0.0,1
1523,9,1,1,0.0,0.0061379227343844,5,0.0,1
1524,9,1,1,0.01323706377858,0.0087856541100012,3,0.0,1
1525,9,1,1,0.0,0.0087856541100012,5,0.0,1
1526,9,1,1,0.0,0.0087856541100012,5,0.0,1
1527,9,1,1,0.0,0.0087856541100012,5,0.0,1
1528,9,1,1,0.0,0.0087856541100012,5,0.0,1
1529,9,1,1,0.0,0.0087856541100012,5,0.0,1
1530,9,1,1,0.0,0.0087856541100012,5,0.0,1
1531,9,1,1,0.0,0.0087856541100012,5,0.0,1
1532,9,1,1,0.0,0.0087856541100012,5,0.0,1
1533,9,1,1,0.1272563176895307,0.0342399807437718,2,0.0,0
1534,9,1,1,0.0,0.0342399807437718,5,0.0,1
1535,9,1,1,0.0,0.0342399807437718,5,0.0,1
1536,9,1,1,0.0,0.0342399807437718,5,0.0,1
1537,9,1,1,0.0,0.0342399807437718,5,0.0,1
1538,9,1,1,0.0042117930204572,0.0350824407269226,3,0.0,1
1539,9,1,1,0.0,0.0350824407269226,5,0.0,1
1540,9,1,1,0.0,0.0350824407269226,5,0.0,1
1541,9,1,1,0.0,0.0350824407269226,5,0.0,1
1542,9,1,1,0.0,0.0350824407269226,5,0.0,1
1543,9,1,1,0.0,0.0350824407269226,5,0.0,1
1544,9,1,1,0.0060168471720818,0.0362859549885666,3,0.0,1
1545,9,1,1,0.0,0.0362859549885666,5,0.0,1
1546,9,1,1,0.0111311672683513,0.038512456372608,3,0.0,1
1547,9,1,1,0.0,0.038512456372608,5,0.0,1
1548,9,1,1,0.0147412755716004,0.0414610663136358,3,0.0,1
1549,9,1,1,0.0,0.0414610663136358,5,0.0,1
1550,9,1,1,0.0,0.0414610663136358,5,0.0,1
1551,9,1,1,0.0,0.0414610663136358,5,0.0,1
1552,9,1,1,0.0,0.0,5,0.0,1
1553,9,1,1,0.0,0.0,5,0.0,1
1554,9,1,1,0.0174488567990373,0.0034901913587676,3,0.0,1
1555,9,1,1,0.0027075812274368,0.0040317727765074,3,0.0,1
1556,9,1,1,0.0,0.0040317727765074,5,0.0,1
1557,9,1,1,0.0,0.0040317727765074,5,0.0,1
1558,9,1,1,0.0,0.0040317727765074,5,0.0,1
1559,9,1,1,0.0,0.0040317727765074,5,0.0,1
1560,9,1,1,0.0,0.0040317727765074,5,0.0,1
1561,9,1,1,0.0,0.0040317727765074,5,0.0,1
1562,9,1,1,0.0,0.0040317727765074,5,0.0,1
1563,9,1,1,0.0,0.0040317727765074,5,0.0,1
1564,9,1,1,0.0,0.0040317727765074,5,0.0,1
1565,9,1,1,0.0,0.0040317727765074,5,0.0,1
1566,9,1,1,0.0,0.0040317727765074,5,0.0,1
1567,9,1,1,0.0,0.0040317727765074,5,0.0,1
1568,9,1,1,0.0096269554753309,0.0059573955951378,3,0.0,1
1569,9,1,1,0.0039109506618531,0.0067396798652064,3,0.0,1
1570,9,1,1,0.0,0.0067396798652064,5,0.0,1
1571,9,1,1,0.0054151624548736,0.007822842700686,3,0.0,1
1572,9,1,1,0.0042117930204572,0.0086653026838368,3,0.0,1
1573,9,1,1,0.0006016847172081,0.0087856541100012,3,0.0,1
1574,9,1,1,0.0285800240673886,0.0145023468528102,4,0.0,1
1575,9,1,1,0.0,0.0145023468528102,5,0.0,1
1576,9,1,1,0.0192539109506618,0.018353592490071,3,0.0,1
1577,9,1,1,0.0,0.018353592490071,5,0.0,1
1578,9,1,1,0.0,0.018353592490071,5,0.0,1
1579,9,1,1,0.0,0.018353592490071,5,0.0,1
1580,9,1,1,0.0,0.018353592490071,5,0.0,1
1581,9,1,1,0.03309265944645,0.024972920929113,4,0.0,1
1582,9,1,1,0.0,0.0,5,0.0,1
1583,9,1,1,0.0141395908543922,0.0028282585148634,3,0.0,1
1584,9,1,1,0.0406137184115523,0.0109519797809604,4,0.0,1
1585,9,1,1,0.0,0.0109519797809604,5,0.0,1
1586,9,1,1,0.0,0.0109519797809604,5,0.0,1
1587,9,1,1,0.0282791817087845,0.0166084968106872,4,0.0,1
1588,9,1,1,0.0045126353790613,0.0175111325069202,3,0.0,1
1589,9,1,1,0.0938628158844765,0.0362859549885666,4,0.0,2
1590,9,1,1,0.0,0.0362859549885666,5,0.0,1
1591,9,1,1,0.0207581227436823,0.0404380791912384,3,0.0,1
1592,9,1,1,0.0,0.0404380791912384,5,0.0,1
1593,9,1,1,0.0,0.0404380791912384,5,0.0,1
1594,9,1,1,0.0153429602888086,0.0435070405584306,3,0.0,1
1595,9,1,1,0.0144404332129963,0.0463954747863762,3,0.0,1
1596,9,1,1,0.0,0.0463954747863762,5,0.0,1
1597,9,1,1,0.0261732851985559,0.0516307618245276,4,0.0,1
1598,9,1,1,0.029783393501805,0.0575881574196654,4,0.0,1
1599,9,1,1,0.0469314079422382,0.0669755686604886,4,0.0,2
1600,9,1,1,0.0,0.0669755686604886,5,0.0,1
1601,9,1,1,0.1092057761732852,0.0888193525093272,2,0.0,0
1602,9,1,1,0.0,0.0888193525093272,5,0.0,1
1603,9,1,1,0.0394103489771359,0.0967023709230954,4,0.0,1
1604,9,1,1,0.0354993983152827,0.103803105066795,4,0.0,1
1605,9,1,1,0.0,0.103803105066795,5,0.0,1
1606,9,1,1,0.0294825511432009,0.1097003249488506,4,0.0,1
1607,9,1,1,0.062575210589651,0.1222168732699482,4,0.0,2
1608,9,1,1,0.1176293622141997,0.1457455770850884,2,0.0,0
1609,9,1,1,0.0,0.1457455770850884,5,0.0,1
1610,9,1,1,0.0102286401925391,0.1477915513298832,3,0.0,1
1611,9,1,1,0.0,0.1477915513298832,5,0.0,1
1612,9,1,1,0.0021058965102286,0.1482127813214586,3,0.0,1
1613,9,1,1,0.1037906137184115,0.020760621013359,4,0.0,2
1614,9,1,1,0.1889290012033694,0.0585509688289806,2,0.0,0
1615,9,1,1,0.0737063778580024,0.0732940185341196,4,0.0,2
1616,9,1,1,0.0755114320096269,0.0883981225177518,4,0.0,2
1617,9,1,1,0.1338748495788207,0.1151763148393308,2,0.0,0
1618,9,1,1,0.24338146811071,0.1638584667228306,6,0.3333333333333333,0
1619,9,1,1,0.0009025270758122,0.1640389938620772,3,0.0,1
1620,9,1,1,0.131768953068592,0.1903959561920808,2,0.0,0
1621,9,1,1,0.016546329723225,0.1937056204116018,3,0.0,1
1622,9,1,1,0.0947653429602888,0.2126609700324948,4,0.0,2
1623,9,1,1,0.0150421179302045,0.2156697556866048,3,0.0,1
1624,9,1,1,0.0737063778580024,0.2304128053917438,4,0.0,2
1625,9,1,1,0.1016847172081829,0.2507521964135275,4,0.0,2
1626,9,1,1,0.0279783393501805,0.2563485377301721,4,0.0,1
1627,9,1,1,0.0550541516245487,0.2673606932242147,4,0.0,2
1628,9,1,1,0.092358604091456,0.2858346371404501,4,0.0,2
1629,9,1,1,0.1600481347773766,0.3178481165001805,2,0.0,0
1630,9,1,1,0.1353790613718411,0.3449271873871705,2,0.0,0
1631,9,1,1,0.0063176895306859,0.3461908773618967,3,0.0,1
1632,9,1,1,0.2325511432009627,0.3927067035744374,6,0.3333333333333333,0
1633,9,1,1,0.4699157641395908,0.4867011674088337,1,0.6666666666666666,0
1634,9,1,1,0.0090252707581227,0.4885064388012997,3,0.0,1
1635,9,1,1,0.1092057761732852,0.5103502226501384,2,0.0,0
1636,9,1,1,0.1083032490974729,0.5320134793597304,2,0.0,0
1637,9,1,1,0.0812274368231047,0.5482609218919244,4,0.0,2
1638,9,1,1,0.1308664259927797,0.5744373570826814,2,0.0,0
1639,9,1,1,0.01985559566787,0.5784089541461066,3,0.0,1
1640,9,1,1,0.1070998796630565,0.5998315080033698,2,0.0,0
1641,9,1,1,0.0556558363417569,0.6109640149235768,4,0.0,2
1642,9,1,1,0.069193742478941,0.6248044289324828,4,0.0,2
1643,9,1,1,0.0833333333333333,0.0166686725237694,4,0.0,2
1644,9,1,1,0.568892900120337,0.1304609459622096,1,0.6666666666666666,0
1645,9,1,1,0.016546329723225,0.1337706101817306,3,0.0,1
1646,9,1,1,0.0998796630565583,0.153748946925021,4,0.0,2
1647,9,1,1,0.0138387484957882,0.1565170297268022,3,0.0,1
1648,9,1,1,0.0971720818291215,0.1759537850523528,4,0.0,2
1649,9,1,1,0.0,0.1759537850523528,5,0.0,1
1650,9,1,1,0.0538507821901323,0.1867252376940666,4,0.0,2
1651,9,1,1,0.04632972322503,0.1959922975087254,4,0.0,2
1652,9,1,1,0.0914560770156438,0.2142857142857143,4,0.0,2
1653,9,1,1,0.0135379061371841,0.2169936213744133,3,0.0,1
1654,9,1,1,0.9311070998796632,0.4032374533638224,0,1.0,0
1655,9,1,1,0.0108303249097472,0.4054037790347816,3,0.0,1
1656,9,1,1,0.0210589651022864,0.4096160789505356,3,0.0,1
1657,9,1,1,0.2403730445246691,0.4576964737032133,6,0.3333333333333333,0
1658,9,1,1,0.0776173285198556,0.473221807678421,4,0.0,2
1659,9,1,1,0.0141395908543922,0.4760500661932844,3,0.0,1
1660,9,1,1,0.1149217809867629,0.4990371885906847,2,0.0,0
1661,9,1,1,0.0385078219013237,0.5067396798652064,4,0.0,1
1662,9,1,1,0.0920577617328519,0.5251534480683596,4,0.0,2
1663,9,1,1,0.1371841155234657,0.5525935732338427,2,0.0,0
1664,9,1,1,0.0117328519855595,0.5549404260440486,3,0.0,1
1665,9,1,1,0.0324909747292418,0.5614394030569262,4,0.0,1
1666,9,1,1,0.5655836341756919,0.6745697436514623,1,0.6666666666666666,0
1667,9,1,1,0.0412154031287605,0.6828138163437237,4,0.0,1
1668,9,1,1,0.1802045728038507,0.7188590684799614,2,0.0,0
1669,9,1,1,0.0153429602888086,0.7219280298471537,3,0.0,1
1670,9,1,1,0.2668471720818291,0.7753038873510651,6,0.3333333333333333,0
1671,9,1,1,0.0941636582430806,0.7941388855457937,4,0.0,2
1672,9,1,1,0.0162454873646209,0.7973883740522324,3,0.0,1
1673,9,1,1,0.0117328519855595,0.7997352268624383,3,0.0,1
1674,9,1,1,0.0523465703971119,0.0104705740763028,4,0.0,2
1675,9,1,1,0.0348977135980746,0.017450956793838,4,0.0,1
1676,9,1,1,0.0114320096269554,0.0197376338909616,3,0.0,1
1677,9,1,1,0.0688929001203369,0.0335178721867854,4,0.0,2
1678,9,1,1,0.0210589651022864,0.0377301721025394,3,0.0,1
1679,9,1,1,0.0042117930204572,0.0385726320856902,3,0.0,1
1680,9,1,1,0.0752105896510228,0.0536165603562402,4,0.0,2
1681,9,1,1,0.1543321299638989,0.0844867011674088,2,0.0,0
1682,9,1,1,0.1095066185318893,0.1063906607293296,2,0.0,0
1683,9,1,1,0.0171480144404332,0.109820676375015,3,0.0,1
1684,9,1,1,0.0147412755716004,0.1127692863160428,3,0.0,1
1685,9,1,1,0.0971720818291215,0.1322060416415934,4,0.0,2
1686,9,1,1,0.1576413959085439,0.1637381152966662,2,0.0,0
1687,9,1,1,0.0153429602888086,0.1668070766638584,3,0.0,1
1688,9,1,1,0.1600481347773766,0.1988205560235888,2,0.0,0
1689,9,1,1,0.0,0.1988205560235888,5,0.0,1
1690,9,1,1,0.0,0.1988205560235888,5,0.0,1
1691,9,1,1,0.0577617328519855,0.2103742929353713,4,0.0,2
1692,9,1,1,0.3616125150421179,0.2827055000601757,1,0.6666666666666666,0
1693,9,1,1,0.1654632972322503,0.3158021422553856,2,0.0,0
1694,9,1,1,0.0,0.3158021422553856,5,0.0,1
1695,9,1,1,0.0222623345367027,0.3202551450234685,3,0.0,1
1696,9,1,1,0.01323706377858,0.3229028763990853,3,0.0,1
1697,9,1,1,0.0219614921780986,0.3272957034540859,3,0.0,1
1698,9,1,1,0.0902527075812274,0.3453484173787459,4,0.0,2
1699,9,1,1,0.003309265944645,0.3460103502226501,3,0.0,1
1700,9,1,1,0.036401925391095,0.3532916115055963,4,0.0,1
1701,9,1,1,0.0012033694344163,0.3535323143579251,3,0.0,1
1702,9,1,1,0.0162454873646209,0.3567818028643639,3,0.0,1
1703,9,1,1,0.0144404332129963,0.3596702370923095,3,0.0,1
1704,9,1,1,0.0267749699157641,0.3650258755566253,4,0.0,1
1705,9,1,1,0.0719013237063778,0.0143819954266458,4,0.0,2
1706,9,1,1,0.0577617328519855,0.0259357323384282,4,0.0,2
1707,9,1,1,0.0123345367027677,0.0284029365747984,3,0.0,1
1708,9,1,1,0.0622743682310469,0.0408593091828138,4,0.0,2
1709,9,1,1,0.2722623345367028,0.0953183295222048,6,0.3333333333333333,0
1710,9,1,1,0.0345968712394705,0.1022385365266578,4,0.0,1
1711,9,1,1,0.1176293622141997,0.125767240341798,2,0.0,0
1712,9,1,1,0.0324909747292418,0.1322662173546756,4,0.0,1
1713,9,1,1,0.1028880866425993,0.152846311228788,4,0.0,2
1714,9,1,1,0.0117328519855595,0.1551931640389938,3,0.0,1
1715,9,1,1,0.0797232250300842,0.1711397280057768,4,0.0,2
1716,9,1,1,0.148014440433213,0.2007461788422193,2,0.0,0
1717,9,1,1,0.0126353790613718,0.2032735587916717,3,0.0,1
1718,9,1,1,0.151323706377858,0.2335419424720183,2,0.0,0
1719,9,1,1,0.1110108303249097,0.2557467805993501,2,0.0,0
1720,9,1,1,0.0968712394705174,0.2751233602118185,4,0.0,2
1721,9,1,1,0.0138387484957882,0.2778914430135997,3,0.0,1
1722,9,1,1,0.0412154031287605,0.2861355157058611,4,0.0,1
1723,9,1,1,0.1856197352587244,0.3232639306775785,2,0.0,0
1724,9,1,1,0.2548134777376655,0.3742327596582019,6,0.3333333333333333,0
1725,9,1,1,0.1937424789410349,0.4129859188831387,2,0.0,0
1726,9,1,1,0.0312876052948255,0.4192441930436876,4,0.0,1
1727,9,1,1,0.0252707581227436,0.4242989529425923,4,0.0,1
1728,9,1,1,0.0009025270758122,0.4244794800818389,3,0.0,1
1729,9,1,1,0.0538507821901323,0.4352509327235527,4,0.0,2
1730,9,1,1,0.03309265944645,0.4418702611625947,4,0.0,1
1731,9,1,1,0.0339951865222623,0.4486701167408833,4,0.0,1
1732,9,1,1,0.1717809867629362,0.4830304489108196,2,0.0,0
1733,9,1,1,0.1302647412755715,0.5090865326754122,2,0.0,0
1734,9,1,1,0.0361010830324909,0.5163076182452762,4,0.0,1
1735,9,1,1,0.0009025270758122,0.0001805271392466,3,0.0,1
1736,9,1,1,0.0153429602888086,0.0032494885064388,3,0.0,1
1737,9,1,1,0.0896510228640192,0.0211818510049344,4,0.0,2
1738,9,1,1,0.0667870036101083,0.0345408593091828,4,0.0,2
1739,9,1,1,0.1013838748495788,0.0548200746178842,4,0.0,2
1740,9,1,1,0.9924789410348976,0.2533397520760621,0,1.0,0
1741,9,1,1,0.0361010830324909,0.2605608376459261,4,0.0,1
1742,9,1,1,0.0006016847172081,0.2606811890720905,3,0.0,1
1743,9,1,1,0.0318892900120336,0.2670598146588037,4,0.0,1
1744,9,1,1,0.0424187725631768,0.2755445902033939,4,0.0,1
1745,9,1,1,0.0195547533092659,0.2794560115537369,3,0.0,1
1746,9,1,1,0.00661853188929,0.2807798772415453,3,0.0,1
1747,9,1,1,0.0499398315282791,0.2907690456131905,4,0.0,2
1748,9,1,1,0.0439229843561973,0.2995546997231917,4,0.0,1
1749,9,1,1,0.0866425992779783,0.3168853050908653,4,0.0,2
1750,9,1,1,0.0153429602888086,0.3199542664580575,3,0.0,1
1751,9,1,1,0.0348977135980746,0.3269346491755927,4,0.0,1
1752,9,1,1,0.0448255114320096,0.3359008304248405,4,0.0,1
1753,9,1,1,0.0138387484957882,0.3386689132266217,3,0.0,1
1754,9,1,1,0.0451263537906137,0.3476952701889517,4,0.0,1
1755,9,1,1,0.0415162454873646,0.3559995185942953,4,0.0,1
1756,9,1,1,0.0354993983152827,0.3631002527379949,4,0.0,1
1757,9,1,1,0.085740072202166,0.3802503309664219,4,0.0,2
1758,9,1,1,0.0,0.3802503309664219,5,0.0,1
1759,9,1,1,0.0354993983152827,0.3873510651101216,4,0.0,1
1760,9,1,1,0.0968712394705174,0.4067276447225899,4,0.0,2
1761,9,1,1,0.0096269554753309,0.4086532675412204,3,0.0,1
1762,9,1,1,0.0427196149217809,0.4171982187988927,4,0.0,1
1763,9,1,1,0.0451263537906137,0.4262245757612227,4,0.0,1
1764,9,1,1,0.0676895306859205,0.4397641112047177,4,0.0,2
1765,9,1,1,0.0159446450060168,0.4429534239980743,3,0.0,1
1766,9,1,1,0.0,0.0,5,0.0,1
1767,9,1,1,0.0,0.0,5,0.0,1
1768,9,1,1,0.0285800240673886,0.005716692742809,4,0.0,1
1769,9,1,1,0.0,0.005716692742809,5,0.0,1
1770,9,1,1,0.0249699157641395,0.0107112769286316,4,0.0,1
1771,9,1,1,0.0,0.0107112769286316,5,0.0,1
1772,9,1,1,0.1257521058965102,0.0358647249969912,2,0.0,0
1773,9,1,1,0.0,0.0358647249969912,5,0.0,1
1774,9,1,1,0.0,0.0358647249969912,5,0.0,1
1775,9,1,1,0.0303850782190132,0.0419424720182934,4,0.0,1
1776,9,1,1,0.0,0.0419424720182934,5,0.0,1
1777,9,1,1,0.0,0.0419424720182934,5,0.0,1
1778,9,1,1,0.0,0.0419424720182934,5,0.0,1
1779,9,1,1,0.0,0.0419424720182934,5,0.0,1
1780,9,1,1,0.0006016847172081,0.0420628234444578,3,0.0,1
1781,9,1,1,0.0,0.0420628234444578,5,0.0,1
1782,9,1,1,0.0,0.0420628234444578,5,0.0,1
1783,9,1,1,0.0327918170878459,0.0486219761704176,4,0.0,1
1784,9,1,1,0.0,0.0486219761704176,5,0.0,1
1785,9,1,1,0.0,0.0486219761704176,5,0.0,1
1786,9,1,1,0.0,0.0486219761704176,5,0.0,1
1787,9,1,1,0.0,0.0486219761704176,5,0.0,1
1788,9,1,1,0.003309265944645,0.0492839090143218,3,0.0,1
1789,9,1,1,0.0273766546329723,0.054759898904802,4,0.0,1
1790,9,1,1,0.0,0.054759898904802,5,0.0,1
1791,9,1,1,0.0,0.054759898904802,5,0.0,1
1792,9,1,1,0.0,0.054759898904802,5,0.0,1
1793,9,1,1,0.0,0.054759898904802,5,0.0,1
1794,9,1,1,0.0,0.054759898904802,5,0.0,1
1795,9,1,1,0.0,0.054759898904802,5,0.0,1
1796,9,1,1,0.0,0.0,5,0.0,1
1797,9,1,1,0.0,0.0,5,0.0,1
1798,9,1,1,0.0,0.0,5,0.0,1
1799,9,1,1,0.0,0.0,5,0.0,1
1800,9,1,1,0.0,0.0,5,0.0,1
1801,9,1,1,0.0,0.0,5,0.0,1
1802,9,1,1,0.0,0.0,5,0.0,1
1803,9,1,1,0.0,0.0,5,0.0,1
1804,9,1,1,0.0,0.0,5,0.0,1
1805,9,1,1,0.0,0.0,5,0.0,1
1806,9,1,1,0.0156438026474127,0.0031291370802744,3,0.0,1
1807,9,1,1,0.0,0.0031291370802744,5,0.0,1
1808,9,1,1,0.0,0.0031291370802744,5,0.0,1
1809,9,1,1,0.0,0.0031291370802744,5,0.0,1
1810,9,1,1,0.0,0.0031291370802744,5,0.0,1
1811,9,1,1,0.0,0.0031291370802744,5,0.0,1
1812,9,1,1,0.0,0.0031291370802744,5,0.0,1
1813,9,1,1,0.0,0.0031291370802744,5,0.0,1
1814,9,1,1,0.0,0.0031291370802744,5,0.0,1
1815,9,1,1,0.0,0.0031291370802744,5,0.0,1
1816,9,1,1,0.0,0.0031291370802744,5,0.0,1
1817,9,1,1,0.0,0.0031291370802744,5,0.0,1
1818,9,1,1,0.0412154031287605,0.0113732097725358,4,0.0,1
1819,9,1,1,0.0,0.0113732097725358,5,0.0,1
1820,9,1,1,0.0,0.0113732097725358,5,0.0,1
1821,9,1,1,0.0,0.0113732097725358,5,0.0,1
1822,9,1,1,0.0,0.0113732097725358,5,0.0,1
1823,9,1,1,0.0168471720818291,0.014743049705139,3,0.0,1
1824,9,1,1,0.0,0.014743049705139,5,0.0,1
1825,9,1,1,0.0,0.014743049705139,5,0.0,1
1826,9,1,1,0.0,0.014743049705139,5,0.0,1
0,3,1,3,0.0,0.0,5,0.0,1
1,3,1,3,0.0,0.0,5,0.0,1
2,3,1,3,0.0,0.0,5,0.0,1
3,3,1,3,0.0,0.0,5,0.0,1
4,3,1,3,0.0,0.0,5,0.0,1
5,3,1,3,0.0,0.0,5,0.0,1
6,3,1,3,0.0,0.0,5,0.0,1
7,3,1,3,0.0,0.0,5,0.0,1
8,3,1,3,0.0,0.0,5,0.0,1
9,3,1,3,0.0,0.0,5,0.0,1
10,3,1,3,0.0,0.0,5,0.0,1
11,3,1,3,0.0,0.0,5,0.0,1
12,3,1,3,0.0,0.0,5,0.0,1
13,3,1,3,0.0,0.0,5,0.0,1
14,3,1,3,0.0,0.0,5,0.0,1
15,3,1,3,0.0,0.0,5,0.0,1
16,3,1,3,0.0,0.0,5,0.0,1
17,3,1,3,0.0,0.0,5,0.0,1
18,3,1,3,0.0,0.0,5,0.0,1
19,3,1,3,0.0,0.0,5,0.0,1
20,3,1,3,0.0,0.0,5,0.0,1
21,3,1,3,0.0,0.0,5,0.0,1
22,3,1,3,0.0009025270758122,0.0001805271392466,3,0.0,1
23,3,1,3,0.0,0.0001805271392466,5,0.0,1
24,3,1,3,0.0,0.0001805271392466,5,0.0,1
25,3,1,3,0.0,0.0001805271392466,5,0.0,1
26,3,1,3,0.0,0.0001805271392466,5,0.0,1
27,3,1,3,0.0,0.0001805271392466,5,0.0,1
28,3,1,3,0.0,0.0001805271392466,5,0.0,1
29,3,1,3,0.0,0.0001805271392466,5,0.0,1
30,3,1,3,0.0,0.0001805271392466,5,0.0,1
31,3,1,3,0.0,0.0,5,0.0,1
32,3,1,3,0.0,0.0,5,0.0,1
33,3,1,3,0.0015042117930204,0.000300878565411,3,0.0,1
34,3,1,3,0.0,0.000300878565411,5,0.0,1
35,3,1,3,0.003309265944645,0.0009628114093152,3,0.0,1
36,3,1,3,0.0,0.0009628114093152,5,0.0,1
37,3,1,3,0.0,0.0009628114093152,5,0.0,1
38,3,1,3,0.0,0.0009628114093152,5,0.0,1
39,3,1,3,0.0,0.0009628114093152,5,0.0,1
40,3,1,3,0.0,0.0009628114093152,5,0.0,1
41,3,1,3,0.0,0.0009628114093152,5,0.0,1
42,3,1,3,0.0,0.0009628114093152,5,0.0,1
43,3,1,3,0.0,0.0009628114093152,5,0.0,1
44,3,1,3,0.0,0.0009628114093152,5,0.0,1
45,3,1,3,0.0,0.0009628114093152,5,0.0,1
46,3,1,3,0.0,0.0009628114093152,5,0.0,1
47,3,1,3,0.0,0.0009628114093152,5,0.0,1
48,3,1,3,0.0,0.0009628114093152,5,0.0,1
49,3,1,3,0.0,0.0009628114093152,5,0.0,1
50,3,1,3,0.0309867629362214,0.0071609098567818,4,0.0,1
51,3,1,3,0.0,0.0071609098567818,5,0.0,1
52,3,1,3,0.0,0.0071609098567818,5,0.0,1
53,3,1,3,0.0,0.0071609098567818,5,0.0,1
54,3,1,3,0.0,0.0071609098567818,5,0.0,1
55,3,1,3,0.0,0.0071609098567818,5,0.0,1
56,3,1,3,0.0024067388688327,0.0076423155614394,3,0.0,1
57,3,1,3,0.0,0.0076423155614394,5,0.0,1
58,3,1,3,0.0,0.0076423155614394,5,0.0,1
59,3,1,3,0.0,0.0076423155614394,5,0.0,1
60,3,1,3,0.0105294825511432,0.002106149957877,3,0.0,1
61,3,1,3,0.0,0.002106149957877,5,0.0,1
62,3,1,3,0.0,0.002106149957877,5,0.0,1
63,3,1,3,0.0,0.002106149957877,5,0.0,1
64,3,1,3,0.00661853188929,0.0034300156456854,3,0.0,1
65,3,1,3,0.0,0.0034300156456854,5,0.0,1
66,3,1,3,0.0,0.0034300156456854,5,0.0,1
67,3,1,3,0.0,0.0034300156456854,5,0.0,1
68,3,1,3,0.0,0.0034300156456854,5,0.0,1
69,3,1,3,0.0,0.0034300156456854,5,0.0,1
70,3,1,3,0.0,0.0034300156456854,5,0.0,1
71,3,1,3,0.0,0.0034300156456854,5,0.0,1
72,3,1,3,0.0,0.0034300156456854,5,0.0,1
73,3,1,3,0.0,0.0034300156456854,5,0.0,1
74,3,1,3,0.0,0.0034300156456854,5,0.0,1
75,3,1,3,0.0,0.0034300156456854,5,0.0,1
76,3,1,3,0.0126353790613718,0.0059573955951378,3,0.0,1
77,3,1,3,0.0,0.0059573955951378,5,0.0,1
78,3,1,3,0.0,0.0059573955951378,5,0.0,1
79,3,1,3,0.0,0.0059573955951378,5,0.0,1
80,3,1,3,0.0,0.0059573955951378,5,0.0,1
81,3,1,3,0.0018050541516245,0.006318449873631,3,0.0,1
82,3,1,3,0.0,0.006318449873631,5,0.0,1
83,3,1,3,0.0,0.006318449873631,5,0.0,1
84,3,1,3,0.0012033694344163,0.0065591527259598,3,0.0,1
85,3,1,3,0.0,0.0065591527259598,5,0.0,1
86,3,1,3,0.0,0.0065591527259598,5,0.0,1
87,3,1,3,0.0,0.0065591527259598,5,0.0,1
88,3,1,3,0.0,0.0065591527259598,5,0.0,1
89,3,1,3,0.0,0.0065591527259598,5,0.0,1
90,3,1,3,0.0,0.0065591527259598,5,0.0,1
91,3,1,3,0.0,0.0,5,0.0,1
92,3,1,3,0.0,0.0,5,0.0,1
93,3,1,3,0.0,0.0,5,0.0,1
94,3,1,3,0.0,0.0,5,0.0,1
95,3,1,3,0.0,0.0,5,0.0,1
96,3,1,3,0.0,0.0,5,0.0,1
97,3,1,3,0.0207581227436823,0.0041521242026718,3,0.0,1
98,3,1,3,0.0,0.0041521242026718,5,0.0,1
99,3,1,3,0.0,0.0041521242026718,5,0.0,1
100,3,1,3,0.0,0.0041521242026718,5,0.0,1
101,3,1,3,0.0,0.0041521242026718,5,0.0,1
102,3,1,3,0.0,0.0041521242026718,5,0.0,1
103,3,1,3,0.0,0.0041521242026718,5,0.0,1
104,3,1,3,0.0,0.0041521242026718,5,0.0,1
105,3,1,3,0.0,0.0041521242026718,5,0.0,1
106,3,1,3,0.0,0.0041521242026718,5,0.0,1
107,3,1,3,0.0,0.0041521242026718,5,0.0,1
108,3,1,3,0.0,0.0041521242026718,5,0.0,1
109,3,1,3,0.0,0.0041521242026718,5,0.0,1
110,3,1,3,0.0,0.0041521242026718,5,0.0,1
111,3,1,3,0.0,0.0041521242026718,5,0.0,1
112,3,1,3,0.0,0.0041521242026718,5,0.0,1
113,3,1,3,0.0,0.0041521242026718,5,0.0,1
114,3,1,3,0.0673886883273164,0.0176314839330846,4,0.0,2
115,3,1,3,0.0,0.0176314839330846,5,0.0,1
116,3,1,3,0.0,0.0176314839330846,5,0.0,1
117,3,1,3,0.0051143200962695,0.018654471055482,3,0.0,1
118,3,1,3,0.0,0.018654471055482,5,0.0,1
119,3,1,3,0.003610108303249,0.0193765796124684,3,0.0,1
120,3,1,3,0.0,0.0193765796124684,5,0.0,1
121,3,1,3,0.0,0.0,5,0.0,1
122,3,1,3,0.0090252707581227,0.001805271392466,3,0.0,1
123,3,1,3,0.0,0.001805271392466,5,0.0,1
124,3,1,3,0.0,0.001805271392466,5,0.0,1
125,3,1,3,0.000300842358604,0.0018654471055482,3,0.0,1
126,3,1,3,0.0087244283995186,0.003610542784932,3,0.0,1
127,3,1,3,0.0009025270758122,0.0037910699241786,3,0.0,1
128,3,1,3,0.0129362214199759,0.0063786255867132,3,0.0,1
129,3,1,3,0.0,0.0063786255867132,5,0.0,1
130,3,1,3,0.0,0.0063786255867132,5,0.0,1
131,3,1,3,0.0153429602888086,0.0094475869539054,3,0.0,1
132,3,1,3,0.0,0.0094475869539054,5,0.0,1
133,3,1,3,0.0,0.0094475869539054,5,0.0,1
134,3,1,3,0.0,0.0094475869539054,5,0.0,1
135,3,1,3,0.0,0.0094475869539054,5,0.0,1
136,3,1,3,0.0315884476534296,0.0157660368275364,4,0.0,1
137,3,1,3,0.0006016847172081,0.0158863882537008,3,0.0,1
138,3,1,3,0.0,0.0158863882537008,5,0.0,1
139,3,1,3,0.0012033694344163,0.0161270911060296,3,0.0,1
140,3,1,3,0.0,0.0161270911060296,5,0.0,1
141,3,1,3,0.0111311672683513,0.018353592490071,3,0.0,1
142,3,1,3,0.0,0.018353592490071,5,0.0,1
143,3,1,3,0.0,0.018353592490071,5,0.0,1
144,3,1,3,0.0,0.018353592490071,5,0.0,1
145,3,1,3,0.003610108303249,0.0190757010470574,3,0.0,1
146,3,1,3,0.0,0.0190757010470574,5,0.0,1
147,3,1,3,0.0,0.0190757010470574,5,0.0,1
148,3,1,3,0.0300842358604091,0.0250932723552774,4,0.0,1
149,3,1,3,0.0436221419975932,0.0338187507521964,4,0.0,1
150,3,1,3,0.0,0.0338187507521964,5,0.0,1
151,3,1,3,0.0,0.0338187507521964,5,0.0,1
152,3,1,3,0.0694945848375451,0.0139005897219882,4,0.0,2
153,3,1,3,0.023164861612515,0.0185341196293176,4,0.0,1
154,3,1,3,0.0351985559566787,0.025574678059935,4,0.0,1
155,3,1,3,0.2352587244283995,0.0726320856902154,6,0.3333333333333333,0
156,3,1,3,0.1543321299638989,0.103502226501384,2,0.0,0
157,3,1,3,0.0027075812274368,0.1040438079191238,3,0.0,1
158,3,1,3,0.0385078219013237,0.1117462991936454,4,0.0,1
159,3,1,3,0.0180505415162454,0.1153568419785774,3,0.0,1
160,3,1,3,0.003309265944645,0.1160187748224816,3,0.0,1
161,3,1,3,0.0183513838748495,0.1196894933204958,3,0.0,1
162,3,1,3,0.0,0.1196894933204958,5,0.0,1
163,3,1,3,0.0105294825511432,0.1217956432783728,3,0.0,1
164,3,1,3,0.0084235860409145,0.1234805632446744,3,0.0,1
165,3,1,3,0.0192539109506618,0.1273318088819352,3,0.0,1
166,3,1,3,0.0565583634175691,0.1386448429413888,4,0.0,2
167,3,1,3,0.0168471720818291,0.142014682873992,3,0.0,1
168,3,1,3,0.0147412755716004,0.1449632928150198,3,0.0,1
169,3,1,3,0.0042117930204572,0.1458057527981706,3,0.0,1
170,3,1,3,0.0060168471720818,0.1470092670598146,3,0.0,1
171,3,1,3,0.0240673886883273,0.1518233241063906,4,0.0,1
172,3,1,3,0.0,0.1518233241063906,5,0.0,1
173,3,1,3,0.0842358604091456,0.1686725237694066,4,0.0,2
174,3,1,3,0.0,0.1686725237694066,5,0.0,1
175,3,1,3,0.0385078219013237,0.1763750150439282,4,0.0,1
176,3,1,3,0.0138387484957882,0.1791430978457094,3,0.0,1
177,3,1,3,0.0376052948255114,0.1866650619809844,4,0.0,1
178,3,1,3,0.0406137184115523,0.1947887832470814,4,0.0,1
179,3,1,3,0.000300842358604,0.1948489589601637,3,0.0,1
180,3,1,3,0.0006016847172081,0.194969310386328,3,0.0,1
181,3,1,3,0.0700962695547533,0.2089902515344807,4,0.0,2
182,3,1,3,0.0174488567990373,0.0034901913587676,3,0.0,1
183,3,1,3,0.0153429602888086,0.0065591527259598,3,0.0,1
184,3,1,3,0.0887484957882069,0.0243109880852088,4,0.0,2
185,3,1,3,0.1329723225030084,0.0509086532675412,2,0.0,0
186,3,1,3,0.0,0.0509086532675412,5,0.0,1
187,3,1,3,0.1025872442839952,0.0714285714285714,4,0.0,2
188,3,1,3,0.0147412755716004,0.0743771813695992,3,0.0,1
189,3,1,3,0.0027075812274368,0.074918762787339,3,0.0,1
190,3,1,3,0.0186522262334536,0.0786496569984354,3,0.0,1
191,3,1,3,0.0012033694344163,0.0788903598507642,3,0.0,1
192,3,1,3,0.1949458483754512,0.1178842219280298,6,0.3333333333333333,0
193,3,1,3,0.0018050541516245,0.118245276206523,3,0.0,1
194,3,1,3,0.0057160048134777,0.1193886147550848,3,0.0,1
195,3,1,3,0.0448255114320096,0.1283547960043326,4,0.0,1
196,3,1,3,0.0,0.1283547960043326,5,0.0,1
197,3,1,3,0.0222623345367027,0.1328077987724154,3,0.0,1
198,3,1,3,0.0682912154031287,0.1464676856420748,4,0.0,2
199,3,1,3,0.0728038507821901,0.1610302082079672,4,0.0,2
200,3,1,3,0.0373044524669073,0.16849199663016,4,0.0,1
201,3,1,3,0.0664861612515042,0.1817908292213262,4,0.0,2
202,3,1,3,0.1522262334536702,0.2122397400409194,2,0.0,0
203,3,1,3,0.0147412755716004,0.2151883499819473,3,0.0,1
204,3,1,3,0.0312876052948255,0.221446624142496,4,0.0,1
205,3,1,3,0.095667870036101,0.2405825009026357,4,0.0,2
206,3,1,3,0.000300842358604,0.2406426766157178,3,0.0,1
207,3,1,3,0.1441034897713598,0.2694668431820917,2,0.0,0
208,3,1,3,0.003610108303249,0.2701889517390781,3,0.0,1
209,3,1,3,0.1182310469314079,0.2938380069803827,2,0.0,0
210,3,1,3,0.0,0.2938380069803827,5,0.0,1
211,3,1,3,0.0,0.2938380069803827,5,0.0,1
212,3,1,3,0.0842358604091456,0.3106872066433986,4,0.0,2
213,3,1,3,0.0499398315282791,0.0099891683716452,4,0.0,2
214,3,1,3,0.01985559566787,0.0139607654350704,3,0.0,1
215,3,1,3,0.0409145607701564,0.0221446624142496,4,0.0,1
216,3,1,3,0.0135379061371841,0.0248525695029486,3,0.0,1
217,3,1,3,0.1639590854392298,0.0576483331327476,2,0.0,0
218,3,1,3,0.1025872442839952,0.0781682512937778,4,0.0,2
219,3,1,3,0.0460288808664259,0.0873751353953544,4,0.0,2
220,3,1,3,0.0703971119133574,0.1014562522565892,4,0.0,2
221,3,1,3,0.0012033694344163,0.101696955108918,3,0.0,1
222,3,1,3,0.043020457280385,0.1103020820796726,4,0.0,1
223,3,1,3,0.0051143200962695,0.11132506920207,3,0.0,1
224,3,1,3,0.0312876052948255,0.1175833433626188,4,0.0,1
225,3,1,3,0.0,0.1175833433626188,5,0.0,1
226,3,1,3,0.0318892900120336,0.123961968949332,4,0.0,1
227,3,1,3,0.0619735258724428,0.1363581658442652,4,0.0,2
228,3,1,3,0.0282791817087845,0.142014682873992,4,0.0,1
229,3,1,3,0.0123345367027677,0.1444818871103622,3,0.0,1
230,3,1,3,0.2373646209386281,0.191960524732218,6,0.3333333333333333,0
231,3,1,3,0.0135379061371841,0.194668431820917,3,0.0,1
232,3,1,3,0.0797232250300842,0.2106149957877,4,0.0,2
233,3,1,3,0.0336943441636582,0.2173546756529064,4,0.0,1
234,3,1,3,0.0,0.2173546756529064,5,0.0,1
235,3,1,3,0.0258724428399518,0.2225297869779756,4,0.0,1
236,3,1,3,0.0039109506618531,0.2233120712480443,3,0.0,1
237,3,1,3,0.0863417569193742,0.2405825009026357,4,0.0,2
238,3,1,3,0.1606498194945848,0.2727163316885305,2,0.0,0
239,3,1,3,0.0709987966305655,0.2869177999759297,4,0.0,2
240,3,1,3,0.0336943441636582,0.2936574798411361,4,0.0,1
241,3,1,3,0.0072202166064981,0.2951016969551089,3,0.0,1
242,3,1,3,0.0667870036101083,0.3084607052593573,4,0.0,2
243,3,1,3,0.0613718411552346,0.3207365507281261,4,0.0,2
244,3,1,3,0.1302647412755715,0.0260560837645926,2,0.0,0
245,3,1,3,0.0,0.0260560837645926,5,0.0,1
246,3,1,3,0.0,0.0260560837645926,5,0.0,1
247,3,1,3,0.1290613718411552,0.0518714646768564,2,0.0,0
248,3,1,3,0.0,0.0518714646768564,5,0.0,1
249,3,1,3,0.0333935018050541,0.0585509688289806,4,0.0,1
250,3,1,3,0.0574608904933814,0.0700445300276808,4,0.0,2
251,3,1,3,0.0538507821901323,0.0808159826693946,4,0.0,2
252,3,1,3,0.0048134777376654,0.0817787940787098,3,0.0,1
253,3,1,3,0.0048134777376654,0.082741605488025,3,0.0,1
254,3,1,3,0.0243682310469314,0.0876158382476832,4,0.0,1
255,3,1,3,0.036401925391095,0.0948970995306294,4,0.0,1
256,3,1,3,0.0466305655836341,0.1042243350583704,4,0.0,2
257,3,1,3,0.0941636582430806,0.123059333253099,4,0.0,2
258,3,1,3,0.1209386281588447,0.1472499699121434,2,0.0,0
259,3,1,3,0.0616726835138387,0.1595859910939944,4,0.0,2
260,3,1,3,0.0466305655836341,0.1689132266217354,4,0.0,2
261,3,1,3,0.0348977135980746,0.1758936093392706,4,0.0,1
262,3,1,3,0.0382069795427196,0.18353592490071,4,0.0,1
263,3,1,3,0.0,0.18353592490071,5,0.0,1
264,3,1,3,0.0108303249097472,0.1857022505716692,3,0.0,1
265,3,1,3,0.2021660649819494,0.2261403297629076,6,0.3333333333333333,0
266,3,1,3,0.0682912154031287,0.2398002166325671,4,0.0,2
267,3,1,3,0.0078219013237063,0.2413647851727043,3,0.0,1
268,3,1,3,0.0315884476534296,0.2476832350463353,4,0.0,1
269,3,1,3,0.0370036101083032,0.2550848477554459,4,0.0,1
270,3,1,3,0.0201564380264741,0.2591166205319533,3,0.0,1
271,3,1,3,0.0406137184115523,0.2672403417980503,4,0.0,1
272,3,1,3,0.0746089049338146,0.2821639186424359,4,0.0,2
273,3,1,3,0.0063176895306859,0.2834276086171621,3,0.0,1
274,3,1,3,0.0183513838748495,0.0036707184980142,3,0.0,1
275,3,1,3,0.0553549939831528,0.014743049705139,4,0.0,2
276,3,1,3,0.0129362214199759,0.0173306053676736,3,0.0,1
277,3,1,3,0.0024067388688327,0.0178120110723312,3,0.0,1
278,3,1,3,0.0027075812274368,0.018353592490071,3,0.0,1
279,3,1,3,0.0177496991576413,0.0219039595619208,3,0.0,1
280,3,1,3,0.0015042117930204,0.0222048381273318,3,0.0,1
281,3,1,3,0.0,0.0222048381273318,5,0.0,1
282,3,1,3,0.0,0.0222048381273318,5,0.0,1
283,3,1,3,0.0027075812274368,0.0227464195450716,3,0.0,1
284,3,1,3,0.0,0.0227464195450716,5,0.0,1
285,3,1,3,0.0150421179302045,0.0257552051991816,3,0.0,1
286,3,1,3,0.0348977135980746,0.0327355879167168,4,0.0,1
287,3,1,3,0.0342960288808664,0.0395956192080876,4,0.0,1
288,3,1,3,0.0339951865222623,0.0463954747863762,4,0.0,1
289,3,1,3,0.0072202166064981,0.047839691900349,3,0.0,1
290,3,1,3,0.0427196149217809,0.0563846431580214,4,0.0,1
291,3,1,3,0.0027075812274368,0.0569262245757612,3,0.0,1
292,3,1,3,0.0018050541516245,0.0572872788542544,3,0.0,1
293,3,1,3,0.0030084235860409,0.0578890359850764,3,0.0,1
294,3,1,3,0.0120336943441636,0.0602960645083644,3,0.0,1
295,3,1,3,0.0060168471720818,0.0614995787700084,3,0.0,1
296,3,1,3,0.0261732851985559,0.0667348658081598,4,0.0,1
297,3,1,3,0.0436221419975932,0.0754603442050788,4,0.0,1
298,3,1,3,0.0027075812274368,0.0760019256228186,3,0.0,1
299,3,1,3,0.0015042117930204,0.0763028041882296,3,0.0,1
300,3,1,3,0.0,0.0763028041882296,5,0.0,1
301,3,1,3,0.0024067388688327,0.0767842098928872,3,0.0,1
302,3,1,3,0.0,0.0767842098928872,5,0.0,1
303,3,1,3,0.0108303249097472,0.0789505355638464,3,0.0,1
304,3,1,3,0.0087244283995186,0.0806956312432302,3,0.0,1
305,3,1,3,0.0192539109506618,0.0038512456372608,3,0.0,1
306,3,1,3,0.0117328519855595,0.0061980984474666,3,0.0,1
307,3,1,3,0.0,0.0061980984474666,5,0.0,1
308,3,1,3,0.0,0.0061980984474666,5,0.0,1
309,3,1,3,0.0324909747292418,0.0126970754603442,4,0.0,1
310,3,1,3,0.0282791817087845,0.018353592490071,4,0.0,1
311,3,1,3,0.0,0.018353592490071,5,0.0,1
312,3,1,3,0.0,0.018353592490071,5,0.0,1
313,3,1,3,0.0,0.018353592490071,5,0.0,1
314,3,1,3,0.0,0.018353592490071,5,0.0,1
315,3,1,3,0.0,0.018353592490071,5,0.0,1
316,3,1,3,0.0,0.018353592490071,5,0.0,1
317,3,1,3,0.0,0.018353592490071,5,0.0,1
318,3,1,3,0.0,0.018353592490071,5,0.0,1
319,3,1,3,0.0159446450060168,0.0215429052834276,3,0.0,1
320,3,1,3,0.0,0.0215429052834276,5,0.0,1
321,3,1,3,0.0,0.0215429052834276,5,0.0,1
322,3,1,3,0.0,0.0215429052834276,5,0.0,1
323,3,1,3,0.0,0.0215429052834276,5,0.0,1
324,3,1,3,0.0,0.0215429052834276,5,0.0,1
325,3,1,3,0.0,0.0215429052834276,5,0.0,1
326,3,1,3,0.0,0.0215429052834276,5,0.0,1
327,3,1,3,0.0,0.0215429052834276,5,0.0,1
328,3,1,3,0.0,0.0215429052834276,5,0.0,1
329,3,1,3,0.0021058965102286,0.021964135275003,3,0.0,1
330,3,1,3,0.0,0.021964135275003,5,0.0,1
331,3,1,3,0.0,0.021964135275003,5,0.0,1
332,3,1,3,0.0,0.021964135275003,5,0.0,1
333,3,1,3,0.0,0.021964135275003,5,0.0,1
334,3,1,3,0.0354993983152827,0.0290648694187026,4,0.0,1
335,3,1,3,0.0,0.0,5,0.0,1
336,3,1,3,0.0,0.0,5,0.0,1
337,3,1,3,0.0,0.0,5,0.0,1
338,3,1,3,0.0,0.0,5,0.0,1
339,3,1,3,0.0,0.0,5,0.0,1
340,3,1,3,0.0,0.0,5,0.0,1
341,3,1,3,0.0,0.0,5,0.0,1
342,3,1,3,0.0,0.0,5,0.0,1
343,3,1,3,0.0,0.0,5,0.0,1
344,3,1,3,0.0,0.0,5,0.0,1
345,3,1,3,0.0,0.0,5,0.0,1
346,3,1,3,0.0,0.0,5,0.0,1
347,3,1,3,0.0,0.0,5,0.0,1
348,3,1,3,0.0,0.0,5,0.0,1
349,3,1,3,0.0,0.0,5,0.0,1
350,3,1,3,0.0,0.0,5,0.0,1
351,3,1,3,0.0069193742478941,0.0013840414008906,3,0.0,1
352,3,1,3,0.0,0.0013840414008906,5,0.0,1
353,3,1,3,0.0,0.0013840414008906,5,0.0,1
354,3,1,3,0.0,0.0013840414008906,5,0.0,1
355,3,1,3,0.0,0.0013840414008906,5,0.0,1
356,3,1,3,0.0,0.0013840414008906,5,0.0,1
357,3,1,3,0.0,0.0013840414008906,5,0.0,1
358,3,1,3,0.0,0.0013840414008906,5,0.0,1
359,3,1,3,0.0,0.0013840414008906,5,0.0,1
360,3,1,3,0.0,0.0013840414008906,5,0.0,1
361,3,1,3,0.0,0.0013840414008906,5,0.0,1
362,3,1,3,0.0,0.0013840414008906,5,0.0,1
363,3,1,3,0.0,0.0013840414008906,5,0.0,1
364,3,1,3,0.0,0.0013840414008906,5,0.0,1
365,3,1,3,0.0,0.0013840414008906,5,0.0,1
366,3,1,2,0.0,0.0,5,0.0,1
367,3,1,2,0.0,0.0,5,0.0,1
368,3,1,2,0.0,0.0,5,0.0,1
369,3,1,2,0.0,0.0,5,0.0,1
370,3,1,2,0.0,0.0,5,0.0,1
371,3,1,2,0.0,0.0,5,0.0,1
372,3,1,2,0.0,0.0,5,0.0,1
373,3,1,2,0.0,0.0,5,0.0,1
374,3,1,2,0.0,0.0,5,0.0,1
375,3,1,2,0.0,0.0,5,0.0,1
376,3,1,2,0.01323706377858,0.0026477313756168,3,0.0,1
377,3,1,2,0.0045126353790613,0.0035503670718498,3,0.0,1
378,3,1,2,0.0,0.0035503670718498,5,0.0,1
379,3,1,2,0.0,0.0035503670718498,5,0.0,1
380,3,1,2,0.0,0.0035503670718498,5,0.0,1
381,3,1,2,0.0,0.0035503670718498,5,0.0,1
382,3,1,2,0.0,0.0035503670718498,5,0.0,1
383,3,1,2,0.0,0.0035503670718498,5,0.0,1
384,3,1,2,0.0,0.0035503670718498,5,0.0,1
385,3,1,2,0.0,0.0035503670718498,5,0.0,1
386,3,1,2,0.0,0.0035503670718498,5,0.0,1
387,3,1,2,0.0,0.0035503670718498,5,0.0,1
388,3,1,2,0.0,0.0035503670718498,5,0.0,1
389,3,1,2,0.0,0.0035503670718498,5,0.0,1
390,3,1,2,0.0,0.0035503670718498,5,0.0,1
391,3,1,2,0.0,0.0035503670718498,5,0.0,1
392,3,1,2,0.0,0.0035503670718498,5,0.0,1
393,3,1,2,0.0,0.0035503670718498,5,0.0,1
394,3,1,2,0.0,0.0035503670718498,5,0.0,1
395,3,1,2,0.0,0.0035503670718498,5,0.0,1
396,3,1,2,0.0,0.0035503670718498,5,0.0,1
397,3,1,2,0.0,0.0,5,0.0,1
398,3,1,2,0.1525270758122743,0.0305090865326754,2,0.0,0
399,3,1,2,0.0,0.0305090865326754,5,0.0,1
400,3,1,2,0.0,0.0305090865326754,5,0.0,1
401,3,1,2,0.0,0.0305090865326754,5,0.0,1
402,3,1,2,0.0,0.0305090865326754,5,0.0,1
403,3,1,2,0.0,0.0305090865326754,5,0.0,1
404,3,1,2,0.0,0.0305090865326754,5,0.0,1
405,3,1,2,0.0,0.0305090865326754,5,0.0,1
406,3,1,2,0.0,0.0305090865326754,5,0.0,1
407,3,1,2,0.0,0.0305090865326754,5,0.0,1
408,3,1,2,0.0,0.0305090865326754,5,0.0,1
409,3,1,2,0.0,0.0305090865326754,5,0.0,1
410,3,1,2,0.0,0.0305090865326754,5,0.0,1
411,3,1,2,0.0,0.0305090865326754,5,0.0,1
412,3,1,2,0.0,0.0305090865326754,5,0.0,1
413,3,1,2,0.0234657039711191,0.035202792153087,4,0.0,1
414,3,1,2,0.0,0.035202792153087,5,0.0,1
415,3,1,2,0.0,0.035202792153087,5,0.0,1
416,3,1,2,0.0,0.035202792153087,5,0.0,1
417,3,1,2,0.0,0.035202792153087,5,0.0,1
418,3,1,2,0.0,0.035202792153087,5,0.0,1
419,3,1,2,0.0,0.035202792153087,5,0.0,1
420,3,1,2,0.0,0.035202792153087,5,0.0,1
421,3,1,2,0.0,0.035202792153087,5,0.0,1
422,3,1,2,0.0,0.035202792153087,5,0.0,1
423,3,1,2,0.0,0.035202792153087,5,0.0,1
424,3,1,2,0.0,0.035202792153087,5,0.0,1
425,3,1,2,0.0195547533092659,0.003911421350343,3,0.0,1
426,3,1,2,0.0,0.003911421350343,5,0.0,1
427,3,1,2,0.0015042117930204,0.004212299915754,3,0.0,1
428,3,1,2,0.0,0.004212299915754,5,0.0,1
429,3,1,2,0.0,0.004212299915754,5,0.0,1
430,3,1,2,0.0,0.004212299915754,5,0.0,1
431,3,1,2,0.0,0.004212299915754,5,0.0,1
432,3,1,2,0.0,0.004212299915754,5,0.0,1
433,3,1,2,0.0,0.004212299915754,5,0.0,1
434,3,1,2,0.0,0.004212299915754,5,0.0,1
435,3,1,2,0.0,0.004212299915754,5,0.0,1
436,3,1,2,0.0,0.004212299915754,5,0.0,1
437,3,1,2,0.0,0.004212299915754,5,0.0,1
438,3,1,2,0.0,0.004212299915754,5,0.0,1
439,3,1,2,0.0,0.004212299915754,5,0.0,1
440,3,1,2,0.0,0.004212299915754,5,0.0,1
441,3,1,2,0.0,0.004212299915754,5,0.0,1
442,3,1,2,0.0,0.004212299915754,5,0.0,1
443,3,1,2,0.0,0.004212299915754,5,0.0,1
444,3,1,2,0.0,0.004212299915754,5,0.0,1
445,3,1,2,0.0403128760529482,0.0122758454687688,4,0.0,1
446,3,1,2,0.0,0.0122758454687688,5,0.0,1
447,3,1,2,0.0,0.0122758454687688,5,0.0,1
448,3,1,2,0.0153429602888086,0.015344806835961,3,0.0,1
449,3,1,2,0.0,0.015344806835961,5,0.0,1
450,3,1,2,0.0,0.015344806835961,5,0.0,1
451,3,1,2,0.0,0.015344806835961,5,0.0,1
452,3,1,2,0.0,0.015344806835961,5,0.0,1
453,3,1,2,0.0445246690734055,0.0242508123721266,4,0.0,1
454,3,1,2,0.0,0.0242508123721266,5,0.0,1
455,3,1,2,0.0,0.0242508123721266,5,0.0,1
456,3,1,2,0.0,0.0,5,0.0,1
457,3,1,2,0.0096269554753309,0.0019256228186304,3,0.0,1
458,3,1,2,0.0,0.0019256228186304,5,0.0,1
459,3,1,2,0.0,0.0019256228186304,5,0.0,1
460,3,1,2,0.0,0.0019256228186304,5,0.0,1
461,3,1,2,0.0,0.0019256228186304,5,0.0,1
462,3,1,2,0.0,0.0019256228186304,5,0.0,1
463,3,1,2,0.0,0.0019256228186304,5,0.0,1
464,3,1,2,0.0,0.0019256228186304,5,0.0,1
465,3,1,2,0.0,0.0019256228186304,5,0.0,1
466,3,1,2,0.0,0.0019256228186304,5,0.0,1
467,3,1,2,0.0373044524669073,0.0093874112408232,4,0.0,1
468,3,1,2,0.0,0.0093874112408232,5,0.0,1
469,3,1,2,0.0054151624548736,0.0104705740763028,3,0.0,1
470,3,1,2,0.0,0.0104705740763028,5,0.0,1
471,3,1,2,0.0,0.0104705740763028,5,0.0,1
472,3,1,2,0.0,0.0104705740763028,5,0.0,1
473,3,1,2,0.0087244283995186,0.0122156697556866,3,0.0,1
474,3,1,2,0.0,0.0122156697556866,5,0.0,1
475,3,1,2,0.0,0.0122156697556866,5,0.0,1
476,3,1,2,0.0,0.0122156697556866,5,0.0,1
477,3,1,2,0.0,0.0122156697556866,5,0.0,1
478,3,1,2,0.0,0.0122156697556866,5,0.0,1
479,3,1,2,0.0315884476534296,0.0185341196293176,4,0.0,1
480,3,1,2,0.0,0.0185341196293176,5,0.0,1
481,3,1,2,0.0,0.0185341196293176,5,0.0,1
482,3,1,2,0.0,0.0185341196293176,5,0.0,1
483,3,1,2,0.0,0.0185341196293176,5,0.0,1
484,3,1,2,0.043020457280385,0.0271392466000722,4,0.0,1
485,3,1,2,0.0,0.0271392466000722,5,0.0,1
486,3,1,2,0.0,0.0,5,0.0,1
487,3,1,2,0.0,0.0,5,0.0,1
488,3,1,2,0.0,0.0,5,0.0,1
489,3,1,2,0.0237665463297232,0.0047538813334938,4,0.0,1
490,3,1,2,0.0207581227436823,0.0089060055361656,3,0.0,1
491,3,1,2,0.0303850782190132,0.0149837525574678,4,0.0,1
492,3,1,2,0.0403128760529482,0.0230472981104826,4,0.0,1
493,3,1,2,0.0,0.0230472981104826,5,0.0,1
494,3,1,2,0.0,0.0230472981104826,5,0.0,1
495,3,1,2,0.0,0.0230472981104826,5,0.0,1
496,3,1,2,0.0135379061371841,0.0257552051991816,3,0.0,1
497,3,1,2,0.0400120336943441,0.0337585750391142,4,0.0,1
498,3,1,2,0.0,0.0337585750391142,5,0.0,1
499,3,1,2,0.0,0.0337585750391142,5,0.0,1
500,3,1,2,0.0,0.0337585750391142,5,0.0,1
501,3,1,2,0.0,0.0337585750391142,5,0.0,1
502,3,1,2,0.0403128760529482,0.041822120592129,4,0.0,1
503,3,1,2,0.0141395908543922,0.0446503791069924,3,0.0,1
504,3,1,2,0.0,0.0446503791069924,5,0.0,1
505,3,1,2,0.0,0.0446503791069924,5,0.0,1
506,3,1,2,0.0,0.0446503791069924,5,0.0,1
507,3,1,2,0.0,0.0446503791069924,5,0.0,1
508,3,1,2,0.0,0.0446503791069924,5,0.0,1
509,3,1,2,0.0,0.0446503791069924,5,0.0,1
510,3,1,2,0.0,0.0446503791069924,5,0.0,1
511,3,1,2,0.03309265944645,0.0512697075460344,4,0.0,1
512,3,1,2,0.0,0.0512697075460344,5,0.0,1
513,3,1,2,0.0,0.0512697075460344,5,0.0,1
514,3,1,2,0.0,0.0512697075460344,5,0.0,1
515,3,1,2,0.0,0.0512697075460344,5,0.0,1
516,3,1,2,0.0,0.0512697075460344,5,0.0,1
517,3,1,2,0.1738868832731648,0.0347815621615116,2,0.0,0
518,3,1,2,0.0117328519855595,0.0371284149717174,3,0.0,1
519,3,1,2,0.04632972322503,0.0463954747863762,4,0.0,2
520,3,1,2,0.0270758122743682,0.0518112889637742,4,0.0,1
521,3,1,2,0.2472924187725632,0.1012757251173426,6,0.3333333333333333,0
522,3,1,2,0.0517448856799037,0.111625947767481,4,0.0,2
523,3,1,2,0.1377858002406738,0.1391864243591286,2,0.0,0
524,3,1,2,0.0529482551143201,0.1497773498615958,4,0.0,2
525,3,1,2,0.1191335740072202,0.173606932242147,2,0.0,0
526,3,1,2,0.0379061371841155,0.1811890720905042,4,0.0,1
527,3,1,2,0.2542117930204572,0.2320375496449633,6,0.3333333333333333,0
528,3,1,2,0.0502406738868832,0.2420868937296907,4,0.0,2
529,3,1,2,0.0150421179302045,0.2450956793838007,3,0.0,1
530,3,1,2,0.1477135980746089,0.2746419545071609,2,0.0,0
531,3,1,2,0.1814079422382671,0.3109279094957275,2,0.0,0
532,3,1,2,0.0072202166064981,0.3123721266097003,3,0.0,1
533,3,1,2,0.0210589651022864,0.3165844265254543,3,0.0,1
534,3,1,2,0.0,0.3165844265254543,5,0.0,1
535,3,1,2,0.1128158844765343,0.3391503189312793,2,0.0,0
536,3,1,2,0.01323706377858,0.3417980503068961,3,0.0,1
537,3,1,2,0.0042117930204572,0.3426405102900469,3,0.0,1
538,3,1,2,0.0,0.3426405102900469,5,0.0,1
539,3,1,2,0.1176293622141997,0.3661692141051871,2,0.0,0
540,3,1,2,0.0228640192539109,0.3707425682994343,4,0.0,1
541,3,1,2,0.0673886883273164,0.3842219280298471,4,0.0,2
542,3,1,2,0.0436221419975932,0.3929474064267661,4,0.0,1
543,3,1,2,0.0382069795427196,0.4005897219882056,4,0.0,1
544,3,1,2,0.0129362214199759,0.4031772776507401,3,0.0,1
545,3,1,2,0.0183513838748495,0.4068479961487544,3,0.0,1
546,3,1,2,0.0535499398315282,0.4175592730773859,4,0.0,2
547,3,1,2,0.0,0.0,5,0.0,1
548,3,1,2,0.0442238267148014,0.0088458298230834,4,0.0,1
549,3,1,2,0.0788206979542719,0.0246118666506198,4,0.0,2
550,3,1,2,0.0192539109506618,0.0284631122878806,3,0.0,1
551,3,1,2,0.0,0.0284631122878806,5,0.0,1
552,3,1,2,0.0403128760529482,0.0365266578408954,4,0.0,1
553,3,1,2,0.0177496991576413,0.0400770249127452,3,0.0,1
554,3,1,2,0.0351985559566787,0.0471175833433626,4,0.0,1
555,3,1,2,0.0938628158844765,0.065892405825009,4,0.0,2
556,3,1,2,0.0039109506618531,0.0666746900950776,3,0.0,1
557,3,1,2,0.0415162454873646,0.0749789385004212,4,0.0,1
558,3,1,2,0.0424187725631768,0.0834637140450114,4,0.0,1
559,3,1,2,0.0679903730445246,0.0970634252015886,4,0.0,2
560,3,1,2,0.0385078219013237,0.1047659164761102,4,0.0,1
561,3,1,2,0.1209386281588447,0.1289565531351546,2,0.0,0
562,3,1,2,0.0024067388688327,0.1294379588398122,3,0.0,1
563,3,1,2,0.0222623345367027,0.133890961607895,3,0.0,1
564,3,1,2,0.1013838748495788,0.1541701769165964,4,0.0,2
565,3,1,2,0.069193742478941,0.1680105909255024,4,0.0,2
566,3,1,2,0.01323706377858,0.1706583223011192,3,0.0,1
567,3,1,2,0.0150421179302045,0.1736671079552292,3,0.0,1
568,3,1,2,0.0773164861612515,0.1891322662173546,4,0.0,2
569,3,1,2,0.0421179302045728,0.1975568660488627,4,0.0,1
570,3,1,2,0.1197352587244283,0.2215067998555783,2,0.0,0
571,3,1,2,0.28309265944645,0.2781321458659285,6,0.3333333333333333,0
572,3,1,2,0.072503008423586,0.2926344927187387,4,0.0,2
573,3,1,2,0.0030084235860409,0.2932362498495607,3,0.0,1
574,3,1,2,0.0069193742478941,0.2946202912504513,3,0.0,1
575,3,1,2,0.1263537906137184,0.3198940907449753,2,0.0,0
576,3,1,2,0.1311672683513838,0.3461307016488145,2,0.0,0
577,3,1,2,0.0309867629362214,0.3523288000962811,4,0.0,1
578,3,1,2,0.0661853188929001,0.013238656878084,4,0.0,2
579,3,1,2,0.0872442839951865,0.030689613671922,4,0.0,2
580,3,1,2,0.0087244283995186,0.0324347093513058,3,0.0,1
581,3,1,2,0.0,0.0324347093513058,5,0.0,1
582,3,1,2,0.0403128760529482,0.0404982549043206,4,0.0,1
583,3,1,2,0.2358604091456077,0.0876760139607654,6,0.3333333333333333,0
584,3,1,2,0.0021058965102286,0.0880972439523408,3,0.0,1
585,3,1,2,0.0451263537906137,0.0971236009146708,4,0.0,1
586,3,1,2,0.0734055354993983,0.1118064749067276,4,0.0,2
587,3,1,2,0.0210589651022864,0.1160187748224816,3,0.0,1
588,3,1,2,0.0075210589651022,0.1175231676495366,3,0.0,1
589,3,1,2,0.2457882069795427,0.166686725237694,6,0.3333333333333333,0
590,3,1,2,0.0177496991576413,0.1702370923095438,3,0.0,1
591,3,1,2,0.0550541516245487,0.1812492478035864,4,0.0,2
592,3,1,2,0.1164259927797834,0.2045372487663978,2,0.0,0
593,3,1,2,0.0276774969915764,0.2100734143699603,4,0.0,1
594,3,1,2,0.0740072202166065,0.2248766397881814,4,0.0,2
595,3,1,2,0.0574608904933814,0.2363702009868817,4,0.0,2
596,3,1,2,0.0676895306859205,0.2499097364303767,4,0.0,2
597,3,1,2,0.1389891696750902,0.2777109158743531,2,0.0,0
598,3,1,2,0.0556558363417569,0.2888434227945601,4,0.0,2
599,3,1,2,0.036401925391095,0.2961246840775063,4,0.0,1
600,3,1,2,0.0309867629362214,0.3023227825249729,4,0.0,1
601,3,1,2,0.0105294825511432,0.3044289324828499,3,0.0,1
602,3,1,2,0.0776173285198556,0.3199542664580575,4,0.0,2
603,3,1,2,0.0309867629362214,0.3261523649055241,4,0.0,1
604,3,1,2,0.0631768953068592,0.3387892646527861,4,0.0,2
605,3,1,2,0.0427196149217809,0.3473342159104585,4,0.0,1
606,3,1,2,0.1450060168471721,0.3763389096160789,2,0.0,0
607,3,1,2,0.1134175691937424,0.3990251534480684,2,0.0,0
608,3,1,2,0.0,0.3990251534480684,5,0.0,1
609,3,1,2,0.0,0.0,5,0.0,1
610,3,1,2,0.0045126353790613,0.000902635696233,3,0.0,1
611,3,1,2,0.0225631768953068,0.005415814177398,4,0.0,1
612,3,1,2,0.1916365824308062,0.0437477434107594,2,0.0,0
613,3,1,2,0.3062575210589651,0.105006619328439,6,0.3333333333333333,0
614,3,1,2,0.0,0.105006619328439,5,0.0,1
615,3,1,2,0.0249699157641395,0.1100012035142616,4,0.0,1
616,3,1,2,0.0258724428399518,0.1151763148393308,4,0.0,1
617,3,1,2,0.0207581227436823,0.1193284390420026,3,0.0,1
618,3,1,2,0.1684717208182912,0.1530268383680346,2,0.0,0
619,3,1,2,0.0854392298435619,0.1701167408833794,4,0.0,2
620,3,1,2,0.0189530685920577,0.173907810807558,3,0.0,1
621,3,1,2,0.0980746089049338,0.1935250932723553,4,0.0,2
622,3,1,2,0.0285800240673886,0.1992417860151643,4,0.0,1
623,3,1,2,0.0442238267148014,0.2080876158382477,4,0.0,1
624,3,1,2,0.0565583634175691,0.2194006498977013,4,0.0,2
625,3,1,2,0.1170276774969915,0.2428090022866771,2,0.0,0
626,3,1,2,0.0734055354993983,0.2574918762787339,4,0.0,2
627,3,1,2,0.0222623345367027,0.2619448790468167,3,0.0,1
628,3,1,2,0.154632972322503,0.2928751955710675,2,0.0,0
629,3,1,2,0.0616726835138387,0.3052112167529185,4,0.0,2
630,3,1,2,0.0442238267148014,0.3140570465760019,4,0.0,1
631,3,1,2,0.0577617328519855,0.3256107834877843,4,0.0,2
632,3,1,2,0.0105294825511432,0.3277169334456613,3,0.0,1
633,3,1,2,0.0,0.3277169334456613,5,0.0,1
634,3,1,2,0.0237665463297232,0.3324708147791551,4,0.0,1
635,3,1,2,0.0640794223826714,0.3452882416656637,4,0.0,2
636,3,1,2,0.0,0.3452882416656637,5,0.0,1
637,3,1,2,0.1137184115523465,0.3680346612107353,2,0.0,0
638,3,1,2,0.0057160048134777,0.3691779997592971,3,0.0,1
639,3,1,2,0.0243682310469314,0.0048742327596582,4,0.0,1
640,3,1,2,0.0746089049338146,0.0197978096040438,4,0.0,2
641,3,1,2,0.0379061371841155,0.027379949452401,4,0.0,1
642,3,1,2,0.036401925391095,0.0346612107353472,4,0.0,1
643,3,1,2,0.0,0.0346612107353472,5,0.0,1
644,3,1,2,0.0075210589651022,0.0361656035624022,3,0.0,1
645,3,1,2,0.0075210589651022,0.0376699963894572,3,0.0,1
646,3,1,2,0.0737063778580024,0.0524130460945962,4,0.0,2
647,3,1,2,0.0075210589651022,0.0539174389216512,3,0.0,1
648,3,1,2,0.0042117930204572,0.054759898904802,3,0.0,1
649,3,1,2,0.0354993983152827,0.0618606330485016,4,0.0,1
650,3,1,2,0.0009025270758122,0.0620411601877482,3,0.0,1
651,3,1,2,0.0054151624548736,0.0631243230232278,3,0.0,1
652,3,1,2,0.0532490974729241,0.0737754242387772,4,0.0,2
653,3,1,2,0.0661853188929001,0.0870140811168612,4,0.0,2
654,3,1,2,0.0117328519855595,0.089360933927067,3,0.0,1
655,3,1,2,0.0219614921780986,0.0937537609820676,3,0.0,1
656,3,1,2,0.003610108303249,0.094475869539054,3,0.0,1
657,3,1,2,0.1230445246690734,0.1190877361896738,2,0.0,0
658,3,1,2,0.0147412755716004,0.1220363461307016,3,0.0,1
659,3,1,2,0.0,0.1220363461307016,5,0.0,1
660,3,1,2,0.0950661853188929,0.1410518714646768,4,0.0,2
661,3,1,2,0.0,0.1410518714646768,5,0.0,1
662,3,1,2,0.0303850782190132,0.147129618485979,4,0.0,1
663,3,1,2,0.02647412755716,0.1524250812372126,4,0.0,1
664,3,1,2,0.0,0.1524250812372126,5,0.0,1
665,3,1,2,0.0722021660649819,0.1668672523769406,4,0.0,2
666,3,1,2,0.0114320096269554,0.1691539294740642,3,0.0,1
667,3,1,2,0.0180505415162454,0.1727644722589962,3,0.0,1
668,3,1,2,0.0,0.1727644722589962,5,0.0,1
669,3,1,2,0.0024067388688327,0.1732458779636538,3,0.0,1
670,3,1,2,0.0,0.0,5,0.0,1
671,3,1,2,0.0,0.0,5,0.0,1
672,3,1,2,0.0,0.0,5,0.0,1
673,3,1,2,0.0394103489771359,0.0078830184137682,4,0.0,1
674,3,1,2,0.0,0.0078830184137682,5,0.0,1
675,3,1,2,0.0,0.0078830184137682,5,0.0,1
676,3,1,2,0.0,0.0078830184137682,5,0.0,1
677,3,1,2,0.0,0.0078830184137682,5,0.0,1
678,3,1,2,0.0544524669073405,0.0187748224816464,4,0.0,2
679,3,1,2,0.0111311672683513,0.0210013238656878,3,0.0,1
680,3,1,2,0.0,0.0210013238656878,5,0.0,1
681,3,1,2,0.0,0.0210013238656878,5,0.0,1
682,3,1,2,0.0,0.0210013238656878,5,0.0,1
683,3,1,2,0.0291817087845968,0.0268383680346612,4,0.0,1
684,3,1,2,0.0138387484957882,0.0296064508364424,3,0.0,1
685,3,1,2,0.0,0.0296064508364424,5,0.0,1
686,3,1,2,0.0207581227436823,0.0337585750391142,3,0.0,1
687,3,1,2,0.0042117930204572,0.034601035022265,3,0.0,1
688,3,1,2,0.0,0.034601035022265,5,0.0,1
689,3,1,2,0.0,0.034601035022265,5,0.0,1
690,3,1,2,0.0018050541516245,0.0349620893007582,3,0.0,1
691,3,1,2,0.0,0.0349620893007582,5,0.0,1
692,3,1,2,0.0,0.0349620893007582,5,0.0,1
693,3,1,2,0.0060168471720818,0.0361656035624022,3,0.0,1
694,3,1,2,0.0,0.0361656035624022,5,0.0,1
695,3,1,2,0.0,0.0361656035624022,5,0.0,1
696,3,1,2,0.0,0.0361656035624022,5,0.0,1
697,3,1,2,0.0102286401925391,0.038211577807197,3,0.0,1
698,3,1,2,0.0063176895306859,0.0394752677819232,3,0.0,1
699,3,1,2,0.0,0.0394752677819232,5,0.0,1
700,3,1,2,0.0,0.0,5,0.0,1
701,3,1,2,0.0,0.0,5,0.0,1
702,3,1,2,0.0,0.0,5,0.0,1
703,3,1,2,0.0,0.0,5,0.0,1
704,3,1,2,0.0,0.0,5,0.0,1
705,3,1,2,0.0,0.0,5,0.0,1
706,3,1,2,0.0,0.0,5,0.0,1
707,3,1,2,0.0,0.0,5,0.0,1
708,3,1,2,0.0183513838748495,0.0036707184980142,3,0.0,1
709,3,1,2,0.0,0.0036707184980142,5,0.0,1
710,3,1,2,0.0,0.0036707184980142,5,0.0,1
711,3,1,2,0.0,0.0036707184980142,5,0.0,1
712,3,1,2,0.0,0.0036707184980142,5,0.0,1
713,3,1,2,0.0,0.0036707184980142,5,0.0,1
714,3,1,2,0.0,0.0036707184980142,5,0.0,1
715,3,1,2,0.0,0.0036707184980142,5,0.0,1
716,3,1,2,0.0,0.0036707184980142,5,0.0,1
717,3,1,2,0.0,0.0036707184980142,5,0.0,1
718,3,1,2,0.0,0.0036707184980142,5,0.0,1
719,3,1,2,0.0,0.0036707184980142,5,0.0,1
720,3,1,2,0.0,0.0036707184980142,5,0.0,1
721,3,1,2,0.0448255114320096,0.012636899747262,4,0.0,1
722,3,1,2,0.0090252707581227,0.014442171139728,3,0.0,1
723,3,1,2,0.0,0.014442171139728,5,0.0,1
724,3,1,2,0.0,0.014442171139728,5,0.0,1
725,3,1,2,0.0,0.014442171139728,5,0.0,1
726,3,1,2,0.0,0.014442171139728,5,0.0,1
727,3,1,2,0.0,0.014442171139728,5,0.0,1
728,3,1,2,0.0,0.014442171139728,5,0.0,1
729,3,1,2,0.0,0.014442171139728,5,0.0,1
730,3,1,2,0.0,0.014442171139728,5,0.0,1
731,3,1,0,0.0,0.0,5,0.0,1
732,3,1,0,0.0,0.0,5,0.0,1
733,3,1,0,0.0,0.0,5,0.0,1
734,3,1,0,0.0,0.0,5,0.0,1
735,3,1,0,0.0,0.0,5,0.0,1
736,3,1,0,0.0,0.0,5,0.0,1
737,3,1,0,0.0,0.0,5,0.0,1
738,3,1,0,0.0,0.0,5,0.0,1
739,3,1,0,0.0,0.0,5,0.0,1
740,3,1,0,0.0,0.0,5,0.0,1
741,3,1,0,0.0,0.0,5,0.0,1
742,3,1,0,0.0,0.0,5,0.0,1
743,3,1,0,0.0,0.0,5,0.0,1
744,3,1,0,0.0,0.0,5,0.0,1
745,3,1,0,0.0,0.0,5,0.0,1
746,3,1,0,0.0,0.0,5,0.0,1
747,3,1,0,0.0,0.0,5,0.0,1
748,3,1,0,0.0,0.0,5,0.0,1
749,3,1,0,0.0,0.0,5,0.0,1
750,3,1,0,0.0,0.0,5,0.0,1
751,3,1,0,0.0,0.0,5,0.0,1
752,3,1,0,0.0,0.0,5,0.0,1
753,3,1,0,0.0,0.0,5,0.0,1
754,3,1,0,0.0,0.0,5,0.0,1
755,3,1,0,0.0,0.0,5,0.0,1
756,3,1,0,0.0,0.0,5,0.0,1
757,3,1,0,0.0,0.0,5,0.0,1
758,3,1,0,0.0,0.0,5,0.0,1
759,3,1,0,0.0,0.0,5,0.0,1
760,3,1,0,0.0,0.0,5,0.0,1
761,3,1,0,0.0,0.0,5,0.0,1
762,3,1,0,0.0,0.0,5,0.0,1
763,3,1,0,0.0,0.0,5,0.0,1
764,3,1,0,0.0,0.0,5,0.0,1
765,3,1,0,0.0,0.0,5,0.0,1
766,3,1,0,0.0,0.0,5,0.0,1
767,3,1,0,0.0,0.0,5,0.0,1
768,3,1,0,0.0,0.0,5,0.0,1
769,3,1,0,0.0,0.0,5,0.0,1
770,3,1,0,0.0,0.0,5,0.0,1
771,3,1,0,0.0,0.0,5,0.0,1
772,3,1,0,0.0,0.0,5,0.0,1
773,3,1,0,0.0,0.0,5,0.0,1
774,3,1,0,0.0,0.0,5,0.0,1
775,3,1,0,0.0,0.0,5,0.0,1
776,3,1,0,0.0,0.0,5,0.0,1
777,3,1,0,0.0,0.0,5,0.0,1
778,3,1,0,0.0,0.0,5,0.0,1
779,3,1,0,0.0,0.0,5,0.0,1
780,3,1,0,0.0,0.0,5,0.0,1
781,3,1,0,0.0,0.0,5,0.0,1
782,3,1,0,0.0,0.0,5,0.0,1
783,3,1,0,0.0,0.0,5,0.0,1
784,3,1,0,0.0,0.0,5,0.0,1
785,3,1,0,0.0207581227436823,0.0041521242026718,3,0.0,1
786,3,1,0,0.0,0.0041521242026718,5,0.0,1
787,3,1,0,0.0,0.0041521242026718,5,0.0,1
788,3,1,0,0.0,0.0041521242026718,5,0.0,1
789,3,1,0,0.0,0.0041521242026718,5,0.0,1
790,3,1,0,0.0,0.0,5,0.0,1
791,3,1,0,0.0,0.0,5,0.0,1
792,3,1,0,0.0,0.0,5,0.0,1
793,3,1,0,0.0,0.0,5,0.0,1
794,3,1,0,0.0,0.0,5,0.0,1
795,3,1,0,0.0,0.0,5,0.0,1
796,3,1,0,0.0,0.0,5,0.0,1
797,3,1,0,0.0,0.0,5,0.0,1
798,3,1,0,0.0,0.0,5,0.0,1
799,3,1,0,0.0,0.0,5,0.0,1
800,3,1,0,0.0,0.0,5,0.0,1
801,3,1,0,0.0,0.0,5,0.0,1
802,3,1,0,0.000300842358604,6.017571308220002e-05,3,0.0,1
803,3,1,0,0.0,6.017571308220002e-05,5,0.0,1
804,3,1,0,0.0,6.017571308220002e-05,5,0.0,1
805,3,1,0,0.0,6.017571308220002e-05,5,0.0,1
806,3,1,0,0.0,6.017571308220002e-05,5,0.0,1
807,3,1,0,0.0,6.017571308220002e-05,5,0.0,1
808,3,1,0,0.0,6.017571308220002e-05,5,0.0,1
809,3,1,0,0.0,6.017571308220002e-05,5,0.0,1
810,3,1,0,0.0,6.017571308220002e-05,5,0.0,1
811,3,1,0,0.0,6.017571308220002e-05,5,0.0,1
812,3,1,0,0.0,6.017571308220002e-05,5,0.0,1
813,3,1,0,0.0,6.017571308220002e-05,5,0.0,1
814,3,1,0,0.000300842358604,0.0001203514261644,3,0.0,1
815,3,1,0,0.0,0.0001203514261644,5,0.0,1
816,3,1,0,0.0,0.0001203514261644,5,0.0,1
817,3,1,0,0.0,0.0001203514261644,5,0.0,1
818,3,1,0,0.0,0.0001203514261644,5,0.0,1
819,3,1,0,0.0,0.0001203514261644,5,0.0,1
820,3,1,0,0.0,0.0001203514261644,5,0.0,1
821,3,1,0,0.0,0.0,5,0.0,1
822,3,1,0,0.0,0.0,5,0.0,1
823,3,1,0,0.0,0.0,5,0.0,1
824,3,1,0,0.0,0.0,5,0.0,1
825,3,1,0,0.0,0.0,5,0.0,1
826,3,1,0,0.0,0.0,5,0.0,1
827,3,1,0,0.0,0.0,5,0.0,1
828,3,1,0,0.0,0.0,5,0.0,1
829,3,1,0,0.0,0.0,5,0.0,1
830,3,1,0,0.0,0.0,5,0.0,1
831,3,1,0,0.0,0.0,5,0.0,1
832,3,1,0,0.0,0.0,5,0.0,1
833,3,1,0,0.0,0.0,5,0.0,1
834,3,1,0,0.0,0.0,5,0.0,1
835,3,1,0,0.0,0.0,5,0.0,1
836,3,1,0,0.0,0.0,5,0.0,1
837,3,1,0,0.0,0.0,5,0.0,1
838,3,1,0,0.0,0.0,5,0.0,1
839,3,1,0,0.0,0.0,5,0.0,1
840,3,1,0,0.0,0.0,5,0.0,1
841,3,1,0,0.0,0.0,5,0.0,1
842,3,1,0,0.0,0.0,5,0.0,1
843,3,1,0,0.0,0.0,5,0.0,1
844,3,1,0,0.0,0.0,5,0.0,1
845,3,1,0,0.0,0.0,5,0.0,1
846,3,1,0,0.0,0.0,5,0.0,1
847,3,1,0,0.0,0.0,5,0.0,1
848,3,1,0,0.0,0.0,5,0.0,1
849,3,1,0,0.0,0.0,5,0.0,1
850,3,1,0,0.0,0.0,5,0.0,1
851,3,1,0,0.0,0.0,5,0.0,1
852,3,1,0,0.0,0.0,5,0.0,1
853,3,1,0,0.0051143200962695,0.0010229871223974,3,0.0,1
854,3,1,0,0.0,0.0010229871223974,5,0.0,1
855,3,1,0,0.0,0.0010229871223974,5,0.0,1
856,3,1,0,0.0,0.0010229871223974,5,0.0,1
857,3,1,0,0.0,0.0010229871223974,5,0.0,1
858,3,1,0,0.0,0.0010229871223974,5,0.0,1
859,3,1,0,0.0,0.0010229871223974,5,0.0,1
860,3,1,0,0.003309265944645,0.0016849199663016,3,0.0,1
861,3,1,0,0.0,0.0016849199663016,5,0.0,1
862,3,1,0,0.0,0.0016849199663016,5,0.0,1
863,3,1,0,0.0,0.0016849199663016,5,0.0,1
864,3,1,0,0.0213598074608904,0.0059573955951378,3,0.0,1
865,3,1,0,0.0,0.0059573955951378,5,0.0,1
866,3,1,0,0.000300842358604,0.00601757130822,3,0.0,1
867,3,1,0,0.0,0.00601757130822,5,0.0,1
868,3,1,0,0.0,0.00601757130822,5,0.0,1
869,3,1,0,0.0,0.00601757130822,5,0.0,1
870,3,1,0,0.0009025270758122,0.0061980984474666,3,0.0,1
871,3,1,0,0.0,0.0061980984474666,5,0.0,1
872,3,1,0,0.0,0.0061980984474666,5,0.0,1
873,3,1,0,0.0,0.0061980984474666,5,0.0,1
874,3,1,0,0.0,0.0061980984474666,5,0.0,1
875,3,1,0,0.003309265944645,0.0068600312913708,3,0.0,1
876,3,1,0,0.0,0.0068600312913708,5,0.0,1
877,3,1,0,0.0,0.0068600312913708,5,0.0,1
878,3,1,0,0.0,0.0068600312913708,5,0.0,1
879,3,1,0,0.0,0.0068600312913708,5,0.0,1
880,3,1,0,0.0,0.0068600312913708,5,0.0,1
881,3,1,0,0.0,0.0068600312913708,5,0.0,1
882,3,1,0,0.0,0.0,5,0.0,1
883,3,1,0,0.0,0.0,5,0.0,1
884,3,1,0,0.0,0.0,5,0.0,1
885,3,1,0,0.0,0.0,5,0.0,1
886,3,1,0,0.0216606498194945,0.0043326513419184,3,0.0,1
887,3,1,0,0.0,0.0043326513419184,5,0.0,1
888,3,1,0,0.0234657039711191,0.00902635696233,4,0.0,1
889,3,1,0,0.0,0.00902635696233,5,0.0,1
890,3,1,0,0.0,0.00902635696233,5,0.0,1
891,3,1,0,0.0628760529482551,0.0216030809965098,4,0.0,2
892,3,1,0,0.0,0.0216030809965098,5,0.0,1
893,3,1,0,0.0084235860409145,0.0232880009628114,3,0.0,1
894,3,1,0,0.0,0.0232880009628114,5,0.0,1
895,3,1,0,0.0,0.0232880009628114,5,0.0,1
896,3,1,0,0.0,0.0232880009628114,5,0.0,1
897,3,1,0,0.0,0.0232880009628114,5,0.0,1
898,3,1,0,0.0,0.0232880009628114,5,0.0,1
899,3,1,0,0.0,0.0232880009628114,5,0.0,1
900,3,1,0,0.0,0.0232880009628114,5,0.0,1
901,3,1,0,0.0,0.0232880009628114,5,0.0,1
902,3,1,0,0.0,0.0232880009628114,5,0.0,1
903,3,1,0,0.0354993983152827,0.030388735106511,4,0.0,1
904,3,1,0,0.0,0.030388735106511,5,0.0,1
905,3,1,0,0.0911552346570397,0.0486219761704176,4,0.0,2
906,3,1,0,0.0207581227436823,0.0527741003730894,3,0.0,1
907,3,1,0,0.0,0.0527741003730894,5,0.0,1
908,3,1,0,0.0,0.0527741003730894,5,0.0,1
909,3,1,0,0.0,0.0527741003730894,5,0.0,1
910,3,1,0,0.0,0.0527741003730894,5,0.0,1
911,3,1,0,0.0,0.0527741003730894,5,0.0,1
912,3,1,0,0.1173285198555956,0.023468528102058,2,0.0,0
913,3,1,0,0.0442238267148014,0.0323143579251414,4,0.0,1
914,3,1,0,0.0,0.0323143579251414,5,0.0,1
915,3,1,0,0.0,0.0323143579251414,5,0.0,1
916,3,1,0,0.0,0.0323143579251414,5,0.0,1
917,3,1,0,0.0,0.0323143579251414,5,0.0,1
918,3,1,0,0.016546329723225,0.0356240221446624,3,0.0,1
919,3,1,0,0.0,0.0356240221446624,5,0.0,1
920,3,1,0,0.0523465703971119,0.0460945962209652,4,0.0,2
921,3,1,0,0.0,0.0460945962209652,5,0.0,1
922,3,1,0,0.0,0.0460945962209652,5,0.0,1
923,3,1,0,0.0,0.0460945962209652,5,0.0,1
924,3,1,0,0.0,0.0460945962209652,5,0.0,1
925,3,1,0,0.0222623345367027,0.050547598989048,3,0.0,1
926,3,1,0,0.0,0.050547598989048,5,0.0,1
927,3,1,0,0.0174488567990373,0.0540377903478156,3,0.0,1
928,3,1,0,0.0189530685920577,0.0578288602719942,3,0.0,1
929,3,1,0,0.0075210589651022,0.0593332530990492,3,0.0,1
930,3,1,0,0.0,0.0593332530990492,5,0.0,1
931,3,1,0,0.0,0.0593332530990492,5,0.0,1
932,3,1,0,0.0,0.0593332530990492,5,0.0,1
933,3,1,0,0.0,0.0593332530990492,5,0.0,1
934,3,1,0,0.0,0.0593332530990492,5,0.0,1
935,3,1,0,0.3655234657039711,0.1324467444939222,1,0.6666666666666666,0
936,3,1,0,0.0186522262334536,0.1361776387050186,3,0.0,1
937,3,1,0,0.0,0.1361776387050186,5,0.0,1
938,3,1,0,0.0,0.1361776387050186,5,0.0,1
939,3,1,0,0.0,0.1361776387050186,5,0.0,1
940,3,1,0,0.029783393501805,0.1421350343001564,4,0.0,1
941,3,1,0,0.0,0.1421350343001564,5,0.0,1
942,3,1,0,0.0,0.1421350343001564,5,0.0,1
943,3,1,0,0.0,0.0,5,0.0,1
944,3,1,0,0.0,0.0,5,0.0,1
945,3,1,0,0.0,0.0,5,0.0,1
946,3,1,0,0.0,0.0,5,0.0,1
947,3,1,0,0.0,0.0,5,0.0,1
948,3,1,0,0.0084235860409145,0.0016849199663016,3,0.0,1
949,3,1,0,0.0,0.0016849199663016,5,0.0,1
950,3,1,0,0.0,0.0016849199663016,5,0.0,1
951,3,1,0,0.0,0.0016849199663016,5,0.0,1
952,3,1,0,0.0,0.0016849199663016,5,0.0,1
953,3,1,0,0.0,0.0016849199663016,5,0.0,1
954,3,1,0,0.0,0.0016849199663016,5,0.0,1
955,3,1,0,0.0027075812274368,0.0022265013840414,3,0.0,1
956,3,1,0,0.0,0.0022265013840414,5,0.0,1
957,3,1,0,0.0,0.0022265013840414,5,0.0,1
958,3,1,0,0.0,0.0022265013840414,5,0.0,1
959,3,1,0,0.0069193742478941,0.003610542784932,3,0.0,1
960,3,1,0,0.0018050541516245,0.0039715970634252,3,0.0,1
961,3,1,0,0.0,0.0039715970634252,5,0.0,1
962,3,1,0,0.0063176895306859,0.0052352870381514,3,0.0,1
963,3,1,0,0.0,0.0052352870381514,5,0.0,1
964,3,1,0,0.065884476534296,0.0184137682031532,4,0.0,2
965,3,1,0,0.0084235860409145,0.0200986881694548,3,0.0,1
966,3,1,0,0.0117328519855595,0.0224455409796606,3,0.0,1
967,3,1,0,0.0,0.0224455409796606,5,0.0,1
968,3,1,0,0.0,0.0224455409796606,5,0.0,1
969,3,1,0,0.0,0.0224455409796606,5,0.0,1
970,3,1,0,0.0,0.0224455409796606,5,0.0,1
971,3,1,0,0.0,0.0224455409796606,5,0.0,1
972,3,1,0,0.0,0.0224455409796606,5,0.0,1
973,3,1,0,0.0213598074608904,0.0267180166084968,3,0.0,1
974,3,1,0,0.0,0.0,5,0.0,1
975,3,1,0,0.0,0.0,5,0.0,1
976,3,1,0,0.0,0.0,5,0.0,1
977,3,1,0,0.0,0.0,5,0.0,1
978,3,1,0,0.0192539109506618,0.0038512456372608,3,0.0,1
979,3,1,0,0.0,0.0038512456372608,5,0.0,1
980,3,1,0,0.0243682310469314,0.008725478396919,4,0.0,1
981,3,1,0,0.0147412755716004,0.0116740883379468,3,0.0,1
982,3,1,0,0.0,0.0116740883379468,5,0.0,1
983,3,1,0,0.0,0.0116740883379468,5,0.0,1
984,3,1,0,0.0643802647412755,0.0245516909375376,4,0.0,2
985,3,1,0,0.0222623345367027,0.0290046937056204,3,0.0,1
986,3,1,0,0.0,0.0290046937056204,5,0.0,1
987,3,1,0,0.0051143200962695,0.0300276808280178,3,0.0,1
988,3,1,0,0.003610108303249,0.0307497893850042,3,0.0,1
989,3,1,0,0.0144404332129963,0.0336382236129498,3,0.0,1
990,3,1,0,0.0367027677496991,0.0409796606089782,4,0.0,1
991,3,1,0,0.0,0.0409796606089782,5,0.0,1
992,3,1,0,0.0,0.0409796606089782,5,0.0,1
993,3,1,0,0.0,0.0409796606089782,5,0.0,1
994,3,1,0,0.0069193742478941,0.0423637020098688,3,0.0,1
995,3,1,0,0.0,0.0423637020098688,5,0.0,1
996,3,1,0,0.0,0.0423637020098688,5,0.0,1
997,3,1,0,0.0,0.0423637020098688,5,0.0,1
998,3,1,0,0.0117328519855595,0.0447105548200746,3,0.0,1
999,3,1,0,0.0054151624548736,0.0457937176555542,3,0.0,1
1000,3,1,0,0.0,0.0457937176555542,5,0.0,1
1001,3,1,0,0.0,0.0457937176555542,5,0.0,1
1002,3,1,0,0.0168471720818291,0.0491635575881574,3,0.0,1
1003,3,1,0,0.0039109506618531,0.049945841858226,3,0.0,1
1004,3,1,0,0.0,0.0,5,0.0,1
1005,3,1,0,0.0,0.0,5,0.0,1
1006,3,1,0,0.0,0.0,5,0.0,1
1007,3,1,0,0.0,0.0,5,0.0,1
1008,3,1,0,0.0,0.0,5,0.0,1
1009,3,1,0,0.0,0.0,5,0.0,1
1010,3,1,0,0.0,0.0,5,0.0,1
1011,3,1,0,0.0,0.0,5,0.0,1
1012,3,1,0,0.0090252707581227,0.001805271392466,3,0.0,1
1013,3,1,0,0.0,0.001805271392466,5,0.0,1
1014,3,1,0,0.0,0.001805271392466,5,0.0,1
1015,3,1,0,0.0,0.001805271392466,5,0.0,1
1016,3,1,0,0.0,0.001805271392466,5,0.0,1
1017,3,1,0,0.0324909747292418,0.0083042484053436,4,0.0,1
1018,3,1,0,0.0,0.0083042484053436,5,0.0,1
1019,3,1,0,0.0018050541516245,0.0086653026838368,3,0.0,1
1020,3,1,0,0.0222623345367027,0.0131183054519196,3,0.0,1
1021,3,1,0,0.0,0.0131183054519196,5,0.0,1
1022,3,1,0,0.0,0.0131183054519196,5,0.0,1
1023,3,1,0,0.0018050541516245,0.0134793597304128,3,0.0,1
1024,3,1,0,0.0006016847172081,0.0135997111565772,3,0.0,1
1025,3,1,0,0.0150421179302045,0.0166084968106872,3,0.0,1
1026,3,1,0,0.0012033694344163,0.016849199663016,3,0.0,1
1027,3,1,0,0.0,0.016849199663016,5,0.0,1
1028,3,1,0,0.0072202166064981,0.0182934167769888,3,0.0,1
1029,3,1,0,0.0,0.0182934167769888,5,0.0,1
1030,3,1,0,0.0,0.0182934167769888,5,0.0,1
1031,3,1,0,0.0,0.0182934167769888,5,0.0,1
1032,3,1,0,0.0,0.0182934167769888,5,0.0,1
1033,3,1,0,0.0009025270758122,0.0184739439162354,3,0.0,1
1034,3,1,0,0.000300842358604,0.0185341196293176,3,0.0,1
1035,3,1,0,0.0,0.0,5,0.0,1
1036,3,1,0,0.0,0.0,5,0.0,1
1037,3,1,0,0.0,0.0,5,0.0,1
1038,3,1,0,0.0,0.0,5,0.0,1
1039,3,1,0,0.0,0.0,5,0.0,1
1040,3,1,0,0.0,0.0,5,0.0,1
1041,3,1,0,0.0,0.0,5,0.0,1
1042,3,1,0,0.0,0.0,5,0.0,1
1043,3,1,0,0.0015042117930204,0.000300878565411,3,0.0,1
1044,3,1,0,0.0,0.000300878565411,5,0.0,1
1045,3,1,0,0.0,0.000300878565411,5,0.0,1
1046,3,1,0,0.0,0.000300878565411,5,0.0,1
1047,3,1,0,0.0072202166064981,0.0017450956793838,3,0.0,1
1048,3,1,0,0.0,0.0017450956793838,5,0.0,1
1049,3,1,0,0.0,0.0017450956793838,5,0.0,1
1050,3,1,0,0.0,0.0017450956793838,5,0.0,1
1051,3,1,0,0.0,0.0017450956793838,5,0.0,1
1052,3,1,0,0.0,0.0017450956793838,5,0.0,1
1053,3,1,0,0.0,0.0017450956793838,5,0.0,1
1054,3,1,0,0.0,0.0017450956793838,5,0.0,1
1055,3,1,0,0.0,0.0017450956793838,5,0.0,1
1056,3,1,0,0.0204572803850782,0.0058370441689734,3,0.0,1
1057,3,1,0,0.0,0.0058370441689734,5,0.0,1
1058,3,1,0,0.0,0.0058370441689734,5,0.0,1
1059,3,1,0,0.0,0.0058370441689734,5,0.0,1
1060,3,1,0,0.0,0.0058370441689734,5,0.0,1
1061,3,1,0,0.0129362214199759,0.008424599831508,3,0.0,1
1062,3,1,0,0.0,0.008424599831508,5,0.0,1
1063,3,1,0,0.0,0.008424599831508,5,0.0,1
1064,3,1,0,0.0,0.008424599831508,5,0.0,1
1065,3,1,0,0.0,0.0,5,0.0,1
1066,3,1,0,0.0,0.0,5,0.0,1
1067,3,1,0,0.0,0.0,5,0.0,1
1068,3,1,0,0.0,0.0,5,0.0,1
1069,3,1,0,0.0,0.0,5,0.0,1
1070,3,1,0,0.0,0.0,5,0.0,1
1071,3,1,0,0.0,0.0,5,0.0,1
1072,3,1,0,0.0,0.0,5,0.0,1
1073,3,1,0,0.0,0.0,5,0.0,1
1074,3,1,0,0.0,0.0,5,0.0,1
1075,3,1,0,0.0,0.0,5,0.0,1
1076,3,1,0,0.0,0.0,5,0.0,1
1077,3,1,0,0.0,0.0,5,0.0,1
1078,3,1,0,0.0,0.0,5,0.0,1
1079,3,1,0,0.0,0.0,5,0.0,1
1080,3,1,0,0.0,0.0,5,0.0,1
1081,3,1,0,0.0,0.0,5,0.0,1
1082,3,1,0,0.0,0.0,5,0.0,1
1083,3,1,0,0.0,0.0,5,0.0,1
1084,3,1,0,0.0,0.0,5,0.0,1
1085,3,1,0,0.0,0.0,5,0.0,1
1086,3,1,0,0.0,0.0,5,0.0,1
1087,3,1,0,0.0,0.0,5,0.0,1
1088,3,1,0,0.0,0.0,5,0.0,1
1089,3,1,0,0.0,0.0,5,0.0,1
1090,3,1,0,0.0,0.0,5,0.0,1
1091,3,1,0,0.0,0.0,5,0.0,1
1092,3,1,0,0.0,0.0,5,0.0,1
1093,3,1,0,0.0,0.0,5,0.0,1
1094,3,1,0,0.0,0.0,5,0.0,1
1095,3,1,0,0.0,0.0,5,0.0,1
1096,3,1,3,0.0,0.0,5,0.0,1
1097,3,1,3,0.0,0.0,5,0.0,1
1098,3,1,3,0.0,0.0,5,0.0,1
1099,3,1,3,0.0,0.0,5,0.0,1
1100,3,1,3,0.0,0.0,5,0.0,1
1101,3,1,3,0.0069193742478941,0.0013840414008906,3,0.0,1
1102,3,1,3,0.0,0.0013840414008906,5,0.0,1
1103,3,1,3,0.0,0.0013840414008906,5,0.0,1
1104,3,1,3,0.0,0.0013840414008906,5,0.0,1
1105,3,1,3,0.0252707581227436,0.0064388012997954,4,0.0,1
1106,3,1,3,0.0,0.0064388012997954,5,0.0,1
1107,3,1,3,0.0,0.0064388012997954,5,0.0,1
1108,3,1,3,0.0,0.0064388012997954,5,0.0,1
1109,3,1,3,0.0,0.0064388012997954,5,0.0,1
1110,3,1,3,0.0,0.0064388012997954,5,0.0,1
1111,3,1,3,0.0,0.0064388012997954,5,0.0,1
1112,3,1,3,0.0,0.0064388012997954,5,0.0,1
1113,3,1,3,0.0,0.0064388012997954,5,0.0,1
1114,3,1,3,0.0,0.0064388012997954,5,0.0,1
1115,3,1,3,0.0,0.0064388012997954,5,0.0,1
1116,3,1,3,0.0,0.0064388012997954,5,0.0,1
1117,3,1,3,0.0,0.0064388012997954,5,0.0,1
1118,3,1,3,0.0,0.0064388012997954,5,0.0,1
1119,3,1,3,0.0,0.0064388012997954,5,0.0,1
1120,3,1,3,0.0048134777376654,0.0074016127091106,3,0.0,1
1121,3,1,3,0.0,0.0074016127091106,5,0.0,1
1122,3,1,3,0.0,0.0074016127091106,5,0.0,1
1123,3,1,3,0.0,0.0074016127091106,5,0.0,1
1124,3,1,3,0.0,0.0074016127091106,5,0.0,1
1125,3,1,3,0.0,0.0074016127091106,5,0.0,1
1126,3,1,3,0.0,0.0074016127091106,5,0.0,1
1127,3,1,3,0.0,0.0,5,0.0,1
1128,3,1,3,0.0,0.0,5,0.0,1
1129,3,1,3,0.0030084235860409,0.000601757130822,3,0.0,1
1130,3,1,3,0.0162454873646209,0.0038512456372608,3,0.0,1
1131,3,1,3,0.0,0.0038512456372608,5,0.0,1
1132,3,1,3,0.0,0.0038512456372608,5,0.0,1
1133,3,1,3,0.0267749699157641,0.0092068841015766,4,0.0,1
1134,3,1,3,0.0,0.0092068841015766,5,0.0,1
1135,3,1,3,0.0069193742478941,0.0105909255024672,3,0.0,1
1136,3,1,3,0.0,0.0105909255024672,5,0.0,1
1137,3,1,3,0.0,0.0105909255024672,5,0.0,1
1138,3,1,3,0.0,0.0105909255024672,5,0.0,1
1139,3,1,3,0.0,0.0105909255024672,5,0.0,1
1140,3,1,3,0.0,0.0105909255024672,5,0.0,1
1141,3,1,3,0.0,0.0105909255024672,5,0.0,1
1142,3,1,3,0.0,0.0105909255024672,5,0.0,1
1143,3,1,3,0.0,0.0105909255024672,5,0.0,1
1144,3,1,3,0.0,0.0105909255024672,5,0.0,1
1145,3,1,3,0.0,0.0105909255024672,5,0.0,1
1146,3,1,3,0.0,0.0105909255024672,5,0.0,1
1147,3,1,3,0.0,0.0105909255024672,5,0.0,1
1148,3,1,3,0.0,0.0105909255024672,5,0.0,1
1149,3,1,3,0.0144404332129963,0.0134793597304128,3,0.0,1
1150,3,1,3,0.0,0.0134793597304128,5,0.0,1
1151,3,1,3,0.0,0.0134793597304128,5,0.0,1
1152,3,1,3,0.0,0.0134793597304128,5,0.0,1
1153,3,1,3,0.0,0.0134793597304128,5,0.0,1
1154,3,1,3,0.0,0.0134793597304128,5,0.0,1
1155,3,1,3,0.0,0.0,5,0.0,1
1156,3,1,3,0.0,0.0,5,0.0,1
1157,3,1,3,0.0,0.0,5,0.0,1
1158,3,1,3,0.0,0.0,5,0.0,1
1159,3,1,3,0.0102286401925391,0.0020459742447948,3,0.0,1
1160,3,1,3,0.0,0.0020459742447948,5,0.0,1
1161,3,1,3,0.0,0.0020459742447948,5,0.0,1
1162,3,1,3,0.0,0.0020459742447948,5,0.0,1
1163,3,1,3,0.0,0.0020459742447948,5,0.0,1
1164,3,1,3,0.0,0.0020459742447948,5,0.0,1
1165,3,1,3,0.0,0.0020459742447948,5,0.0,1
1166,3,1,3,0.0,0.0020459742447948,5,0.0,1
1167,3,1,3,0.0,0.0020459742447948,5,0.0,1
1168,3,1,3,0.0,0.0020459742447948,5,0.0,1
1169,3,1,3,0.0,0.0020459742447948,5,0.0,1
1170,3,1,3,0.0,0.0020459742447948,5,0.0,1
1171,3,1,3,0.0,0.0020459742447948,5,0.0,1
1172,3,1,3,0.0,0.0020459742447948,5,0.0,1
1173,3,1,3,0.0,0.0020459742447948,5,0.0,1
1174,3,1,3,0.0,0.0020459742447948,5,0.0,1
1175,3,1,3,0.0,0.0020459742447948,5,0.0,1
1176,3,1,3,0.0,0.0020459742447948,5,0.0,1
1177,3,1,3,0.0,0.0020459742447948,5,0.0,1
1178,3,1,3,0.0,0.0020459742447948,5,0.0,1
1179,3,1,3,0.0,0.0020459742447948,5,0.0,1
1180,3,1,3,0.0,0.0020459742447948,5,0.0,1
1181,3,1,3,0.0,0.0020459742447948,5,0.0,1
1182,3,1,3,0.0,0.0020459742447948,5,0.0,1
1183,3,1,3,0.0,0.0020459742447948,5,0.0,1
1184,3,1,3,0.0,0.0020459742447948,5,0.0,1
1185,3,1,3,0.0,0.0020459742447948,5,0.0,1
1186,3,1,3,0.0,0.0,5,0.0,1
1187,3,1,3,0.0,0.0,5,0.0,1
1188,3,1,3,0.0,0.0,5,0.0,1
1189,3,1,3,0.0,0.0,5,0.0,1
1190,3,1,3,0.0,0.0,5,0.0,1
1191,3,1,3,0.0207581227436823,0.0041521242026718,3,0.0,1
1192,3,1,3,0.0,0.0041521242026718,5,0.0,1
1193,3,1,3,0.0,0.0041521242026718,5,0.0,1
1194,3,1,3,0.0096269554753309,0.0060777470213022,3,0.0,1
1195,3,1,3,0.0,0.0060777470213022,5,0.0,1
1196,3,1,3,0.0373044524669073,0.013539535443495,4,0.0,1
1197,3,1,3,0.0,0.013539535443495,5,0.0,1
1198,3,1,3,0.0,0.013539535443495,5,0.0,1
1199,3,1,3,0.0,0.013539535443495,5,0.0,1
1200,3,1,3,0.0,0.013539535443495,5,0.0,1
1201,3,1,3,0.0,0.013539535443495,5,0.0,1
1202,3,1,3,0.0,0.013539535443495,5,0.0,1
1203,3,1,3,0.0,0.013539535443495,5,0.0,1
1204,3,1,3,0.0,0.013539535443495,5,0.0,1
1205,3,1,3,0.0803249097472924,0.0296064508364424,4,0.0,2
1206,3,1,3,0.0,0.0296064508364424,5,0.0,1
1207,3,1,3,0.0,0.0296064508364424,5,0.0,1
1208,3,1,3,0.0114320096269554,0.031893127933566,3,0.0,1
1209,3,1,3,0.0,0.031893127933566,5,0.0,1
1210,3,1,3,0.0,0.031893127933566,5,0.0,1
1211,3,1,3,0.0,0.031893127933566,5,0.0,1
1212,3,1,3,0.0,0.031893127933566,5,0.0,1
1213,3,1,3,0.0,0.031893127933566,5,0.0,1
1214,3,1,3,0.0,0.031893127933566,5,0.0,1
1215,3,1,3,0.0114320096269554,0.0341798050306896,3,0.0,1
1216,3,1,3,0.0,0.0,5,0.0,1
1217,3,1,3,0.0,0.0,5,0.0,1
1218,3,1,3,0.0,0.0,5,0.0,1
1219,3,1,3,0.0,0.0,5,0.0,1
1220,3,1,3,0.0,0.0,5,0.0,1
1221,3,1,3,0.0,0.0,5,0.0,1
1222,3,1,3,0.0,0.0,5,0.0,1
1223,3,1,3,0.0,0.0,5,0.0,1
1224,3,1,3,0.0111311672683513,0.0022265013840414,3,0.0,1
1225,3,1,3,0.0,0.0022265013840414,5,0.0,1
1226,3,1,3,0.0,0.0022265013840414,5,0.0,1
1227,3,1,3,0.0255716004813477,0.0073414369960284,4,0.0,1
1228,3,1,3,0.0,0.0073414369960284,5,0.0,1
1229,3,1,3,0.003610108303249,0.0080635455530148,3,0.0,1
1230,3,1,3,0.0,0.0080635455530148,5,0.0,1
1231,3,1,3,0.0577617328519855,0.0196172824647972,4,0.0,2
1232,3,1,3,0.0,0.0196172824647972,5,0.0,1
1233,3,1,3,0.0,0.0196172824647972,5,0.0,1
1234,3,1,3,0.0,0.0196172824647972,5,0.0,1
1235,3,1,3,0.0,0.0196172824647972,5,0.0,1
1236,3,1,3,0.0,0.0196172824647972,5,0.0,1
1237,3,1,3,0.0114320096269554,0.0219039595619208,3,0.0,1
1238,3,1,3,0.0,0.0219039595619208,5,0.0,1
1239,3,1,3,0.0219614921780986,0.0262967866169214,3,0.0,1
1240,3,1,3,0.0351985559566787,0.0333373450475388,4,0.0,1
1241,3,1,3,0.0,0.0333373450475388,5,0.0,1
1242,3,1,3,0.0,0.0333373450475388,5,0.0,1
1243,3,1,3,0.0,0.0333373450475388,5,0.0,1
1244,3,1,3,0.0,0.0333373450475388,5,0.0,1
1245,3,1,3,0.00661853188929,0.0346612107353472,3,0.0,1
1246,3,1,3,0.0,0.0346612107353472,5,0.0,1
1247,3,1,3,0.0,0.0,5,0.0,1
1248,3,1,3,0.0532490974729241,0.0106511012155494,4,0.0,2
1249,3,1,3,0.0,0.0106511012155494,5,0.0,1
1250,3,1,3,0.2066787003610108,0.0519918161030208,6,0.3333333333333333,0
1251,3,1,3,0.0472322503008423,0.0614394030569262,4,0.0,2
1252,3,1,3,0.0228640192539109,0.0660127572511734,4,0.0,1
1253,3,1,3,0.0487364620938628,0.0757612227704898,4,0.0,2
1254,3,1,3,0.0168471720818291,0.079131062703093,3,0.0,1
1255,3,1,3,0.1425992779783393,0.1076543507040558,2,0.0,0
1256,3,1,3,0.0376052948255114,0.1151763148393308,4,0.0,1
1257,3,1,3,0.0018050541516245,0.115537369117824,3,0.0,1
1258,3,1,3,0.0565583634175691,0.1268504031772776,4,0.0,2
1259,3,1,3,0.0,0.1268504031772776,5,0.0,1
1260,3,1,3,0.0,0.1268504031772776,5,0.0,1
1261,3,1,3,0.0177496991576413,0.1304007702491274,3,0.0,1
1262,3,1,3,0.0,0.1304007702491274,5,0.0,1
1263,3,1,3,0.0,0.1304007702491274,5,0.0,1
1264,3,1,3,0.0586642599277978,0.1421350343001564,4,0.0,2
1265,3,1,3,0.0833333333333333,0.1588037068239258,4,0.0,2
1266,3,1,3,0.0367027677496991,0.1661451438199542,4,0.0,1
1267,3,1,3,0.0376052948255114,0.1736671079552292,4,0.0,1
1268,3,1,3,0.009927797833935,0.1756529064869418,3,0.0,1
1269,3,1,3,0.0908543922984356,0.1938259718377663,4,0.0,2
1270,3,1,3,0.0971720818291215,0.2132627271633168,4,0.0,2
1271,3,1,3,0.1194344163658243,0.2371524852569503,2,0.0,0
1272,3,1,3,0.0673886883273164,0.2506318449873631,4,0.0,2
1273,3,1,3,0.0060168471720818,0.2518353592490071,3,0.0,1
1274,3,1,3,0.0303850782190132,0.2579131062703093,4,0.0,1
1275,3,1,3,0.0240673886883273,0.2627271633168853,4,0.0,1
1276,3,1,3,0.0547533092659446,0.2736791430978457,4,0.0,2
1277,3,1,3,0.0538507821901323,0.0107714526417138,4,0.0,2
1278,3,1,3,0.0,0.0107714526417138,5,0.0,1
1279,3,1,3,0.0905535499398315,0.028884342279456,4,0.0,2
1280,3,1,3,0.0030084235860409,0.029486099410278,3,0.0,1
1281,3,1,3,0.0201564380264741,0.0335178721867854,3,0.0,1
1282,3,1,3,0.0225631768953068,0.0380310506679504,4,0.0,1
1283,3,1,3,0.0030084235860409,0.0386328077987724,3,0.0,1
1284,3,1,3,0.0192539109506618,0.0424840534360332,3,0.0,1
1285,3,1,3,0.0,0.0424840534360332,5,0.0,1
1286,3,1,3,0.0102286401925391,0.044530027680828,3,0.0,1
1287,3,1,3,0.0072202166064981,0.0459742447948008,3,0.0,1
1288,3,1,3,0.1070998796630565,0.067396798652064,2,0.0,0
1289,3,1,3,0.0,0.067396798652064,5,0.0,1
1290,3,1,3,0.1302647412755715,0.0934528824166566,2,0.0,0
1291,3,1,3,0.0746089049338146,0.1083764592610422,4,0.0,2
1292,3,1,3,0.0770156438026474,0.1237814418100854,4,0.0,2
1293,3,1,3,0.0394103489771359,0.1316644602238536,4,0.0,1
1294,3,1,3,0.009927797833935,0.1336502587555662,3,0.0,1
1295,3,1,3,0.0084235860409145,0.1353351787218678,3,0.0,1
1296,3,1,3,0.0358002406738868,0.1424960885786496,4,0.0,1
1297,3,1,3,0.009927797833935,0.1444818871103622,3,0.0,1
1298,3,1,3,0.0018050541516245,0.1448429413888554,3,0.0,1
1299,3,1,3,0.0541516245487364,0.1556745697436514,4,0.0,2
1300,3,1,3,0.1994584837545126,0.19557106751715,6,0.3333333333333333,0
1301,3,1,3,0.0,0.19557106751715,5,0.0,1
1302,3,1,3,0.0568592057761732,0.2069442772896858,4,0.0,2
1303,3,1,3,0.0213598074608904,0.211216752918522,3,0.0,1
1304,3,1,3,0.0,0.211216752918522,5,0.0,1
1305,3,1,3,0.0,0.211216752918522,5,0.0,1
1306,3,1,3,0.0505415162454873,0.2213262727163316,4,0.0,2
1307,3,1,3,0.0048134777376654,0.2222890841256468,3,0.0,1
1308,3,1,3,0.0842358604091456,0.016849199663016,4,0.0,2
1309,3,1,3,0.0902527075812274,0.034901913587676,4,0.0,2
1310,3,1,3,0.0643802647412755,0.0477795161872668,4,0.0,2
1311,3,1,3,0.0072202166064981,0.0492237333012396,3,0.0,1
1312,3,1,3,0.0051143200962695,0.050246720423637,3,0.0,1
1313,3,1,3,0.0060168471720818,0.051450234685281,3,0.0,1
1314,3,1,3,0.0,0.051450234685281,5,0.0,1
1315,3,1,3,0.0261732851985559,0.0566855217234324,4,0.0,1
1316,3,1,3,0.0015042117930204,0.0569864002888434,3,0.0,1
1317,3,1,3,0.1206377858002406,0.0811168612348056,2,0.0,0
1318,3,1,3,0.0469314079422382,0.0905042724756288,4,0.0,2
1319,3,1,3,0.1374849578820698,0.1180045733541942,2,0.0,0
1320,3,1,3,0.0938628158844765,0.1367793958358406,4,0.0,2
1321,3,1,3,0.0944645006016847,0.1556745697436514,4,0.0,2
1322,3,1,3,0.0755114320096269,0.1707786737272836,4,0.0,2
1323,3,1,3,0.0030084235860409,0.1713804308581056,3,0.0,1
1324,3,1,3,0.0261732851985559,0.176615717896257,4,0.0,1
1325,3,1,3,0.0968712394705174,0.1959922975087254,4,0.0,2
1326,3,1,3,0.0472322503008423,0.2054398844626308,4,0.0,2
1327,3,1,3,0.1179302045728038,0.2290287639908533,2,0.0,0
1328,3,1,3,0.052647412755716,0.2395595137802383,4,0.0,2
1329,3,1,3,0.0,0.2395595137802383,5,0.0,1
1330,3,1,3,0.0767148014440433,0.2549043206161993,4,0.0,2
1331,3,1,3,0.0968712394705174,0.2742809002286677,4,0.0,2
1332,3,1,3,0.0,0.2742809002286677,5,0.0,1
1333,3,1,3,0.0201564380264741,0.2783126730051751,3,0.0,1
1334,3,1,3,0.0168471720818291,0.2816825129377783,3,0.0,1
1335,3,1,3,0.0511432009626955,0.2919123841617523,4,0.0,2
1336,3,1,3,0.0321901323706377,0.2983511854615477,4,0.0,1
1337,3,1,3,0.0072202166064981,0.2997954025755205,3,0.0,1
1338,3,1,3,0.0252707581227436,0.3048501624744253,4,0.0,1
1339,3,1,3,0.1299638989169675,0.0259959080515104,2,0.0,0
1340,3,1,3,0.0162454873646209,0.0292453965579492,3,0.0,1
1341,3,1,3,0.0138387484957882,0.0320134793597304,3,0.0,1
1342,3,1,3,0.0598676293622141,0.0439884462630882,4,0.0,2
1343,3,1,3,0.1013838748495788,0.0642676615717896,4,0.0,2
1344,3,1,3,0.0156438026474127,0.067396798652064,3,0.0,1
1345,3,1,3,0.0,0.067396798652064,5,0.0,1
1346,3,1,3,0.0189530685920577,0.0711878685762426,3,0.0,1
1347,3,1,3,0.0502406738868832,0.08123721266097,4,0.0,2
1348,3,1,3,0.00661853188929,0.0825610783487784,3,0.0,1
1349,3,1,3,0.0,0.0825610783487784,5,0.0,1
1350,3,1,3,0.0216606498194945,0.0868937296906968,3,0.0,1
1351,3,1,3,0.0144404332129963,0.0897821639186424,3,0.0,1
1352,3,1,3,0.0649819494584837,0.1027801179443976,4,0.0,2
1353,3,1,3,0.0478339350180505,0.1123480563244674,4,0.0,2
1354,3,1,3,0.0,0.1123480563244674,5,0.0,1
1355,3,1,3,0.0336943441636582,0.1190877361896738,4,0.0,1
1356,3,1,3,0.0315884476534296,0.1254061860633048,4,0.0,1
1357,3,1,3,0.0,0.1254061860633048,5,0.0,1
1358,3,1,3,0.003309265944645,0.126068118907209,3,0.0,1
1359,3,1,3,0.029783393501805,0.1320255145023468,4,0.0,1
1360,3,1,3,0.1155234657039711,0.1551329883259116,2,0.0,0
1361,3,1,3,0.0,0.1551329883259116,5,0.0,1
1362,3,1,3,0.0400120336943441,0.1631363581658442,4,0.0,1
1363,3,1,3,0.1125150421179302,0.185642074858587,2,0.0,0
1364,3,1,3,0.1820096269554753,0.222048381273318,2,0.0,0
1365,3,1,3,0.0,0.222048381273318,5,0.0,1
1366,3,1,3,0.1034897713598074,0.2427488265735948,4,0.0,2
1367,3,1,3,0.0156438026474127,0.2458779636538693,3,0.0,1
1368,3,1,3,0.0147412755716004,0.2488265735948971,3,0.0,1
1369,3,1,3,0.023164861612515,0.0046335299073294,4,0.0,1
1370,3,1,3,0.009927797833935,0.006619328439042,3,0.0,1
1371,3,1,3,0.0,0.006619328439042,5,0.0,1
1372,3,1,3,0.0,0.006619328439042,5,0.0,1
1373,3,1,3,0.0183513838748495,0.0102900469370562,3,0.0,1
1374,3,1,3,0.0027075812274368,0.010831628354796,3,0.0,1
1375,3,1,3,0.0072202166064981,0.0122758454687688,3,0.0,1
1376,3,1,3,0.0123345367027677,0.014743049705139,3,0.0,1
1377,3,1,3,0.0138387484957882,0.0175111325069202,3,0.0,1
1378,3,1,3,0.003610108303249,0.0182332410639066,3,0.0,1
1379,3,1,3,0.059265944645006,0.0300878565411,4,0.0,2
1380,3,1,3,0.0361010830324909,0.037308942110964,4,0.0,1
1381,3,1,3,0.0370036101083032,0.0447105548200746,4,0.0,1
1382,3,1,3,0.0009025270758122,0.0448910819593212,3,0.0,1
1383,3,1,3,0.0,0.0448910819593212,5,0.0,1
1384,3,1,3,0.023164861612515,0.0495246118666506,4,0.0,1
1385,3,1,3,0.0,0.0495246118666506,5,0.0,1
1386,3,1,3,0.003309265944645,0.0501865447105548,3,0.0,1
1387,3,1,3,0.0637785800240673,0.0629437958839812,4,0.0,2
1388,3,1,3,0.0,0.0629437958839812,5,0.0,1
1389,3,1,3,0.0367027677496991,0.0702852328800096,4,0.0,1
1390,3,1,3,0.0315884476534296,0.0766036827536406,4,0.0,1
1391,3,1,3,0.016546329723225,0.0799133469731616,3,0.0,1
1392,3,1,3,0.000300842358604,0.0799735226862438,3,0.0,1
1393,3,1,3,0.0048134777376654,0.080936334095559,3,0.0,1
1394,3,1,3,0.0144404332129963,0.0838247683235046,3,0.0,1
1395,3,1,3,0.0279783393501805,0.0894211096401492,4,0.0,1
1396,3,1,3,0.0,0.0894211096401492,5,0.0,1
1397,3,1,3,0.009927797833935,0.0914069081718618,3,0.0,1
1398,3,1,3,0.0042117930204572,0.0922493681550126,3,0.0,1
1399,3,1,3,0.0222623345367027,0.0967023709230954,3,0.0,1
1400,3,1,3,0.0126353790613718,0.0025273799494524,3,0.0,1
1401,3,1,3,0.0,0.0025273799494524,5,0.0,1
1402,3,1,3,0.0,0.0025273799494524,5,0.0,1
1403,3,1,3,0.0,0.0025273799494524,5,0.0,1
1404,3,1,3,0.0,0.0025273799494524,5,0.0,1
1405,3,1,3,0.0,0.0025273799494524,5,0.0,1
1406,3,1,3,0.0,0.0025273799494524,5,0.0,1
1407,3,1,3,0.0,0.0025273799494524,5,0.0,1
1408,3,1,3,0.0,0.0025273799494524,5,0.0,1
1409,3,1,3,0.0,0.0025273799494524,5,0.0,1
1410,3,1,3,0.0189530685920577,0.006318449873631,3,0.0,1
1411,3,1,3,0.0,0.006318449873631,5,0.0,1
1412,3,1,3,0.0,0.006318449873631,5,0.0,1
1413,3,1,3,0.0,0.006318449873631,5,0.0,1
1414,3,1,3,0.0,0.006318449873631,5,0.0,1
1415,3,1,3,0.0,0.006318449873631,5,0.0,1
1416,3,1,3,0.009927797833935,0.0083042484053436,3,0.0,1
1417,3,1,3,0.0,0.0083042484053436,5,0.0,1
1418,3,1,3,0.0,0.0083042484053436,5,0.0,1
1419,3,1,3,0.0,0.0083042484053436,5,0.0,1
1420,3,1,3,0.0,0.0083042484053436,5,0.0,1
1421,3,1,3,0.0,0.0083042484053436,5,0.0,1
1422,3,1,3,0.0,0.0083042484053436,5,0.0,1
1423,3,1,3,0.009927797833935,0.0102900469370562,3,0.0,1
1424,3,1,3,0.0,0.0102900469370562,5,0.0,1
1425,3,1,3,0.0,0.0102900469370562,5,0.0,1
1426,3,1,3,0.0,0.0102900469370562,5,0.0,1
1427,3,1,3,0.0,0.0102900469370562,5,0.0,1
1428,3,1,3,0.0,0.0102900469370562,5,0.0,1
1429,3,1,3,0.0,0.0102900469370562,5,0.0,1
1430,3,1,3,0.0,0.0,5,0.0,1
1431,3,1,3,0.0,0.0,5,0.0,1
1432,3,1,3,0.0,0.0,5,0.0,1
1433,3,1,3,0.0,0.0,5,0.0,1
1434,3,1,3,0.0,0.0,5,0.0,1
1435,3,1,3,0.0,0.0,5,0.0,1
1436,3,1,3,0.0078219013237063,0.0015645685401372,3,0.0,1
1437,3,1,3,0.0,0.0015645685401372,5,0.0,1
1438,3,1,3,0.0027075812274368,0.002106149957877,3,0.0,1
1439,3,1,3,0.0,0.002106149957877,5,0.0,1
1440,3,1,3,0.0,0.002106149957877,5,0.0,1
1441,3,1,3,0.0,0.002106149957877,5,0.0,1
1442,3,1,3,0.0,0.002106149957877,5,0.0,1
1443,3,1,3,0.0,0.002106149957877,5,0.0,1
1444,3,1,3,0.0,0.002106149957877,5,0.0,1
1445,3,1,3,0.0,0.002106149957877,5,0.0,1
1446,3,1,3,0.0,0.002106149957877,5,0.0,1
1447,3,1,3,0.0117328519855595,0.0044530027680828,3,0.0,1
1448,3,1,3,0.0,0.0044530027680828,5,0.0,1
1449,3,1,3,0.0,0.0044530027680828,5,0.0,1
1450,3,1,3,0.0,0.0044530027680828,5,0.0,1
1451,3,1,3,0.0,0.0044530027680828,5,0.0,1
1452,3,1,3,0.0,0.0044530027680828,5,0.0,1
1453,3,1,3,0.0,0.0044530027680828,5,0.0,1
1454,3,1,3,0.0306859205776173,0.0105909255024672,4,0.0,1
1455,3,1,3,0.0,0.0105909255024672,5,0.0,1
1456,3,1,3,0.0,0.0105909255024672,5,0.0,1
1457,3,1,3,0.0,0.0105909255024672,5,0.0,1
1458,3,1,3,0.0,0.0105909255024672,5,0.0,1
1459,3,1,3,0.0,0.0105909255024672,5,0.0,1
1460,3,1,3,0.0,0.0105909255024672,5,0.0,1
1461,3,1,1,0.0,0.0,5,0.0,1
1462,3,1,1,0.0,0.0,5,0.0,1
1463,3,1,1,0.0,0.0,5,0.0,1
1464,3,1,1,0.0,0.0,5,0.0,1
1465,3,1,1,0.0,0.0,5,0.0,1
1466,3,1,1,0.0,0.0,5,0.0,1
1467,3,1,1,0.0,0.0,5,0.0,1
1468,3,1,1,0.0039109506618531,0.0007822842700686,3,0.0,1
1469,3,1,1,0.0,0.0007822842700686,5,0.0,1
1470,3,1,1,0.0,0.0007822842700686,5,0.0,1
1471,3,1,1,0.0,0.0007822842700686,5,0.0,1
1472,3,1,1,0.0,0.0007822842700686,5,0.0,1
1473,3,1,1,0.1200361010830324,0.0247923937898664,2,0.0,0
1474,3,1,1,0.0,0.0247923937898664,5,0.0,1
1475,3,1,1,0.0,0.0247923937898664,5,0.0,1
1476,3,1,1,0.0,0.0247923937898664,5,0.0,1
1477,3,1,1,0.0,0.0247923937898664,5,0.0,1
1478,3,1,1,0.0,0.0247923937898664,5,0.0,1
1479,3,1,1,0.0,0.0247923937898664,5,0.0,1
1480,3,1,1,0.0,0.0247923937898664,5,0.0,1
1481,3,1,1,0.0,0.0247923937898664,5,0.0,1
1482,3,1,1,0.0,0.0247923937898664,5,0.0,1
1483,3,1,1,0.0,0.0247923937898664,5,0.0,1
1484,3,1,1,0.0,0.0247923937898664,5,0.0,1
1485,3,1,1,0.0,0.0247923937898664,5,0.0,1
1486,3,1,1,0.0,0.0247923937898664,5,0.0,1
1487,3,1,1,0.0,0.0247923937898664,5,0.0,1
1488,3,1,1,0.0,0.0247923937898664,5,0.0,1
1489,3,1,1,0.0,0.0247923937898664,5,0.0,1
1490,3,1,1,0.0,0.0247923937898664,5,0.0,1
1491,3,1,1,0.0,0.0247923937898664,5,0.0,1
1492,3,1,1,0.0,0.0,5,0.0,1
1493,3,1,1,0.0084235860409145,0.0016849199663016,3,0.0,1
1494,3,1,1,0.0,0.0016849199663016,5,0.0,1
1495,3,1,1,0.0,0.0016849199663016,5,0.0,1
1496,3,1,1,0.0,0.0016849199663016,5,0.0,1
1497,3,1,1,0.0,0.0016849199663016,5,0.0,1
1498,3,1,1,0.0,0.0016849199663016,5,0.0,1
1499,3,1,1,0.0,0.0016849199663016,5,0.0,1
1500,3,1,1,0.0075210589651022,0.0031893127933566,3,0.0,1
1501,3,1,1,0.0,0.0031893127933566,5,0.0,1
1502,3,1,1,0.016546329723225,0.0064989770128776,3,0.0,1
1503,3,1,1,0.0,0.0064989770128776,5,0.0,1
1504,3,1,1,0.0,0.0064989770128776,5,0.0,1
1505,3,1,1,0.0,0.0064989770128776,5,0.0,1
1506,3,1,1,0.0,0.0064989770128776,5,0.0,1
1507,3,1,1,0.0,0.0064989770128776,5,0.0,1
1508,3,1,1,0.0376052948255114,0.0140209411481526,4,0.0,1
1509,3,1,1,0.0,0.0140209411481526,5,0.0,1
1510,3,1,1,0.0,0.0140209411481526,5,0.0,1
1511,3,1,1,0.0,0.0140209411481526,5,0.0,1
1512,3,1,1,0.0,0.0140209411481526,5,0.0,1
1513,3,1,1,0.0,0.0140209411481526,5,0.0,1
1514,3,1,1,0.0,0.0140209411481526,5,0.0,1
1515,3,1,1,0.0,0.0140209411481526,5,0.0,1
1516,3,1,1,0.0,0.0140209411481526,5,0.0,1
1517,3,1,1,0.0,0.0140209411481526,5,0.0,1
1518,3,1,1,0.0,0.0140209411481526,5,0.0,1
1519,3,1,1,0.0,0.0140209411481526,5,0.0,1
1520,3,1,1,0.0,0.0140209411481526,5,0.0,1
1521,3,1,1,0.0,0.0,5,0.0,1
1522,3,1,1,0.0370036101083032,0.0074016127091106,4,0.0,1
1523,3,1,1,0.0,0.0074016127091106,5,0.0,1
1524,3,1,1,0.0276774969915764,0.012937778312673,4,0.0,1
1525,3,1,1,0.0,0.012937778312673,5,0.0,1
1526,3,1,1,0.0,0.012937778312673,5,0.0,1
1527,3,1,1,0.0,0.012937778312673,5,0.0,1
1528,3,1,1,0.0,0.012937778312673,5,0.0,1
1529,3,1,1,0.0,0.012937778312673,5,0.0,1
1530,3,1,1,0.0,0.012937778312673,5,0.0,1
1531,3,1,1,0.0,0.012937778312673,5,0.0,1
1532,3,1,1,0.0,0.012937778312673,5,0.0,1
1533,3,1,1,0.0574608904933814,0.0244313395113732,4,0.0,2
1534,3,1,1,0.0,0.0244313395113732,5,0.0,1
1535,3,1,1,0.0,0.0244313395113732,5,0.0,1
1536,3,1,1,0.0,0.0244313395113732,5,0.0,1
1537,3,1,1,0.0,0.0244313395113732,5,0.0,1
1538,3,1,1,0.0006016847172081,0.0245516909375376,3,0.0,1
1539,3,1,1,0.0,0.0245516909375376,5,0.0,1
1540,3,1,1,0.0,0.0245516909375376,5,0.0,1
1541,3,1,1,0.0,0.0245516909375376,5,0.0,1
1542,3,1,1,0.0,0.0245516909375376,5,0.0,1
1543,3,1,1,0.0,0.0245516909375376,5,0.0,1
1544,3,1,1,0.0,0.0245516909375376,5,0.0,1
1545,3,1,1,0.0,0.0245516909375376,5,0.0,1
1546,3,1,1,0.0,0.0245516909375376,5,0.0,1
1547,3,1,1,0.0,0.0245516909375376,5,0.0,1
1548,3,1,1,0.0866425992779783,0.0418822963052112,4,0.0,2
1549,3,1,1,0.0243682310469314,0.0467565290648694,4,0.0,1
1550,3,1,1,0.0,0.0467565290648694,5,0.0,1
1551,3,1,1,0.0351985559566787,0.0537970874954868,4,0.0,1
1552,3,1,1,0.0288808664259927,0.0057768684558912,4,0.0,1
1553,3,1,1,0.0,0.0057768684558912,5,0.0,1
1554,3,1,1,0.0,0.0057768684558912,5,0.0,1
1555,3,1,1,0.0,0.0057768684558912,5,0.0,1
1556,3,1,1,0.0,0.0057768684558912,5,0.0,1
1557,3,1,1,0.0,0.0057768684558912,5,0.0,1
1558,3,1,1,0.0,0.0057768684558912,5,0.0,1
1559,3,1,1,0.0,0.0057768684558912,5,0.0,1
1560,3,1,1,0.0,0.0057768684558912,5,0.0,1
1561,3,1,1,0.0845367027677497,0.0226862438319894,4,0.0,2
1562,3,1,1,0.0,0.0226862438319894,5,0.0,1
1563,3,1,1,0.0093261131167268,0.0245516909375376,3,0.0,1
1564,3,1,1,0.0,0.0245516909375376,5,0.0,1
1565,3,1,1,0.0,0.0245516909375376,5,0.0,1
1566,3,1,1,0.0,0.0245516909375376,5,0.0,1
1567,3,1,1,0.0,0.0245516909375376,5,0.0,1
1568,3,1,1,0.0,0.0245516909375376,5,0.0,1
1569,3,1,1,0.0,0.0245516909375376,5,0.0,1
1570,3,1,1,0.0,0.0245516909375376,5,0.0,1
1571,3,1,1,0.0,0.0245516909375376,5,0.0,1
1572,3,1,1,0.0,0.0245516909375376,5,0.0,1
1573,3,1,1,0.0,0.0245516909375376,5,0.0,1
1574,3,1,1,0.0171480144404332,0.027981706583223,3,0.0,1
1575,3,1,1,0.0424187725631768,0.0364664821278132,4,0.0,1
1576,3,1,1,0.0,0.0364664821278132,5,0.0,1
1577,3,1,1,0.0,0.0364664821278132,5,0.0,1
1578,3,1,1,0.0,0.0364664821278132,5,0.0,1
1579,3,1,1,0.0556558363417569,0.0475989890480202,4,0.0,2
1580,3,1,1,0.0,0.0475989890480202,5,0.0,1
1581,3,1,1,0.0045126353790613,0.0485016247442532,3,0.0,1
1582,3,1,1,0.0,0.0,5,0.0,1
1583,3,1,1,0.0,0.0,5,0.0,1
1584,3,1,1,0.0174488567990373,0.0034901913587676,3,0.0,1
1585,3,1,1,0.0,0.0034901913587676,5,0.0,1
1586,3,1,1,0.0,0.0034901913587676,5,0.0,1
1587,3,1,1,0.0403128760529482,0.0115537369117824,4,0.0,1
1588,3,1,1,0.0370036101083032,0.018955349620893,4,0.0,1
1589,3,1,1,0.0147412755716004,0.0219039595619208,3,0.0,1
1590,3,1,1,0.0006016847172081,0.0220243109880852,3,0.0,1
1591,3,1,1,0.0090252707581227,0.0238295823805512,3,0.0,1
1592,3,1,1,0.0,0.0238295823805512,5,0.0,1
1593,3,1,1,0.0962695547533092,0.0430858105668552,4,0.0,2
1594,3,1,1,0.0237665463297232,0.047839691900349,4,0.0,1
1595,3,1,1,0.0114320096269554,0.0501263689974726,3,0.0,1
1596,3,1,1,0.0,0.0501263689974726,5,0.0,1
1597,3,1,1,0.0,0.0501263689974726,5,0.0,1
1598,3,1,1,0.0192539109506618,0.0539776146347334,3,0.0,1
1599,3,1,1,0.0060168471720818,0.0551811288963774,3,0.0,1
1600,3,1,1,0.0090252707581227,0.0569864002888434,3,0.0,1
1601,3,1,1,0.0309867629362214,0.06318449873631,4,0.0,1
1602,3,1,1,0.0048134777376654,0.0641473101456252,3,0.0,1
1603,3,1,1,0.0186522262334536,0.0678782043567216,3,0.0,1
1604,3,1,1,0.01985559566787,0.0718498014201468,3,0.0,1
1605,3,1,1,0.0276774969915764,0.0773859670237092,4,0.0,1
1606,3,1,1,0.0030084235860409,0.0779877241545312,3,0.0,1
1607,3,1,1,0.0,0.0779877241545312,5,0.0,1
1608,3,1,1,0.0,0.0779877241545312,5,0.0,1
1609,3,1,1,0.0,0.0779877241545312,5,0.0,1
1610,3,1,1,0.0294825511432009,0.0838849440365868,4,0.0,1
1611,3,1,1,0.0,0.0838849440365868,5,0.0,1
1612,3,1,1,0.0177496991576413,0.0874353111084366,3,0.0,1
1613,3,1,1,0.2581227436823105,0.0516307618245276,6,0.3333333333333333,0
1614,3,1,1,0.0108303249097472,0.0537970874954868,3,0.0,1
1615,3,1,1,0.0246690734055354,0.0587314959682272,4,0.0,1
1616,3,1,1,0.0159446450060168,0.0619208087615838,3,0.0,1
1617,3,1,1,0.0944645006016847,0.0808159826693946,4,0.0,2
1618,3,1,1,0.0,0.0808159826693946,5,0.0,1
1619,3,1,1,0.0222623345367027,0.0852689854374774,3,0.0,1
1620,3,1,1,0.1627557160048134,0.1178240462149476,2,0.0,0
1621,3,1,1,0.02647412755716,0.1231195089661812,4,0.0,1
1622,3,1,1,0.1669675090252707,0.1565170297268022,2,0.0,0
1623,3,1,1,0.2075812274368231,0.1980382717535203,6,0.3333333333333333,0
1624,3,1,1,0.0087244283995186,0.199783367432904,3,0.0,1
1625,3,1,1,0.1101083032490974,0.2218076784209893,2,0.0,0
1626,3,1,1,0.0333935018050541,0.2284871825731134,4,0.0,1
1627,3,1,1,0.0571600481347773,0.2399205680587315,4,0.0,2
1628,3,1,1,0.0192539109506618,0.2437718136959923,3,0.0,1
1629,3,1,1,0.0595667870036101,0.2556866048862679,4,0.0,2
1630,3,1,1,0.0896510228640192,0.2736189673847635,4,0.0,2
1631,3,1,1,0.082430806257521,0.2901071127692863,4,0.0,2
1632,3,1,1,0.0929602888086642,0.3087014081116861,4,0.0,2
1633,3,1,1,0.0261732851985559,0.3139366951498375,4,0.0,1
1634,3,1,1,0.3501805054151625,0.3839812251775183,1,0.6666666666666666,0
1635,3,1,1,0.128459687123947,0.4096762546636177,2,0.0,0
1636,3,1,1,0.2217208182912154,0.4540257552051991,6,0.3333333333333333,0
1637,3,1,1,0.0803249097472924,0.4700926705981466,4,0.0,2
1638,3,1,1,0.233754512635379,0.516849199663016,6,0.3333333333333333,0
1639,3,1,1,0.0511432009626955,0.52707907088699,4,0.0,2
1640,3,1,1,0.0300842358604091,0.53309664219521,4,0.0,1
1641,3,1,1,0.286101083032491,0.5903237453363822,6,0.3333333333333333,0
1642,3,1,1,0.0607701564380264,0.6024792393789866,4,0.0,2
1643,3,1,1,0.0237665463297232,0.0047538813334938,4,0.0,1
1644,3,1,1,0.0237665463297232,0.0095077626669876,4,0.0,1
1645,3,1,1,0.1290613718411552,0.0353231435792514,2,0.0,0
1646,3,1,1,0.3549939831528279,0.1063304850162474,1,0.6666666666666666,0
1647,3,1,1,0.4166666666666667,0.1896738476350944,1,0.6666666666666666,0
1648,3,1,1,0.1200361010830324,0.2136839571548923,2,0.0,0
1649,3,1,1,0.2024669073405535,0.2541822120592129,6,0.3333333333333333,0
1650,3,1,1,0.0556558363417569,0.2653147189794199,4,0.0,2
1651,3,1,1,0.1344765342960289,0.2922132627271633,2,0.0,0
1652,3,1,1,0.177797833935018,0.3277771091587435,2,0.0,0
1653,3,1,1,0.0177496991576413,0.3313274762305933,3,0.0,1
1654,3,1,1,0.0159446450060168,0.3345167890239499,3,0.0,1
1655,3,1,1,0.1064981949458483,0.3558189914550487,4,0.0,0
1656,3,1,1,0.3065583634175692,0.4171380430858106,6,0.3333333333333333,0
1657,3,1,1,0.0030084235860409,0.4177398002166326,3,0.0,1
1658,3,1,1,0.0315884476534296,0.4240582500902636,4,0.0,1
1659,3,1,1,0.0162454873646209,0.4273077385967023,3,0.0,1
1660,3,1,1,0.0114320096269554,0.4295944156938259,3,0.0,1
1661,3,1,1,0.1663658243080625,0.4628715850282826,2,0.0,0
1662,3,1,1,0.0400120336943441,0.4708749548682152,4,0.0,1
1663,3,1,1,0.0291817087845968,0.4767119990371886,4,0.0,1
1664,3,1,1,0.0703971119133574,0.4907931158984234,4,0.0,2
1665,3,1,1,0.0673886883273164,0.5042724756288361,4,0.0,2
1666,3,1,1,0.1522262334536702,0.5347213864484294,2,0.0,0
1667,3,1,1,0.0180505415162454,0.5383319292333614,3,0.0,1
1668,3,1,1,0.1296630565583634,0.5642676615717896,2,0.0,0
1669,3,1,1,0.1221419975932611,0.5886990010831628,2,0.0,0
1670,3,1,1,0.4043321299638989,0.6695751594656397,1,0.6666666666666666,0
1671,3,1,1,0.0562575210589651,0.6808280178120111,4,0.0,2
1672,3,1,1,0.009927797833935,0.6828138163437237,3,0.0,1
1673,3,1,1,0.1747894103489771,0.7177759056444818,2,0.0,0
1674,3,1,1,0.0270758122743682,0.005415814177398,4,0.0,1
1675,3,1,1,0.0469314079422382,0.0148032254182212,4,0.0,2
1676,3,1,1,0.305956678700361,0.0760019256228186,6,0.3333333333333333,0
1677,3,1,1,0.003309265944645,0.0766638584667228,3,0.0,1
1678,3,1,1,0.0878459687123947,0.0942351666867252,4,0.0,2
1679,3,1,1,0.0078219013237063,0.0957997352268624,3,0.0,1
1680,3,1,1,0.0640794223826714,0.108617162113371,4,0.0,2
1681,3,1,1,0.0595667870036101,0.1205319533036466,4,0.0,2
1682,3,1,1,0.0018050541516245,0.1208930075821398,3,0.0,1
1683,3,1,1,0.0273766546329723,0.12636899747262,4,0.0,1
1684,3,1,1,0.0243682310469314,0.1312432302322782,4,0.0,1
1685,3,1,1,0.0601684717208182,0.1432783728487182,4,0.0,2
1686,3,1,1,0.0114320096269554,0.1455650499458418,3,0.0,1
1687,3,1,1,0.0075210589651022,0.1470694427728968,3,0.0,1
1688,3,1,1,0.3742478941034898,0.2219280298471536,1,0.6666666666666666,0
1689,3,1,1,0.0276774969915764,0.227464195450716,4,0.0,1
1690,3,1,1,0.0210589651022864,0.2316764953664701,3,0.0,1
1691,3,1,1,0.0237665463297232,0.2364303766999638,4,0.0,1
1692,3,1,1,0.0024067388688327,0.2369117824046215,3,0.0,1
1693,3,1,1,0.0096269554753309,0.2388374052232518,3,0.0,1
1694,3,1,1,0.0240673886883273,0.2436514622698278,4,0.0,1
1695,3,1,1,0.0,0.2436514622698278,5,0.0,1
1696,3,1,1,0.1191335740072202,0.2674810446503791,2,0.0,0
1697,3,1,1,0.3002406738868833,0.3275364063064147,6,0.3333333333333333,0
1698,3,1,1,0.0508423586040914,0.3377061018173065,4,0.0,2
1699,3,1,1,0.25661853188929,0.3890359850764231,6,0.3333333333333333,0
1700,3,1,1,0.0315884476534296,0.3953544349500541,4,0.0,1
1701,3,1,1,0.0367027677496991,0.4026958719460826,4,0.0,1
1702,3,1,1,0.003309265944645,0.4033578047899867,3,0.0,1
1703,3,1,1,0.2791817087845968,0.4592008665302683,6,0.3333333333333333,0
1704,3,1,1,0.0529482551143201,0.4697917920327356,4,0.0,2
1705,3,1,1,0.0159446450060168,0.0031893127933566,3,0.0,1
1706,3,1,1,0.1528279181708784,0.0337585750391142,2,0.0,0
1707,3,1,1,0.3859807460890493,0.1109640149235768,1,0.6666666666666666,0
1708,3,1,1,0.0009025270758122,0.1111445420628234,3,0.0,1
1709,3,1,1,0.2093862815884476,0.1530268383680346,6,0.3333333333333333,0
1710,3,1,1,0.0601684717208182,0.1650619809844746,4,0.0,2
1711,3,1,1,0.0,0.1650619809844746,5,0.0,1
1712,3,1,1,0.1771961492178098,0.2005054759898904,2,0.0,0
1713,3,1,1,0.0619735258724428,0.2129016728848236,4,0.0,2
1714,3,1,1,0.0469314079422382,0.2222890841256468,4,0.0,2
1715,3,1,1,0.3032490974729241,0.2829462029125045,6,0.3333333333333333,0
1716,3,1,1,0.2292418772563177,0.3288000962811409,6,0.3333333333333333,0
1717,3,1,1,0.1013838748495788,0.3490793115898423,4,0.0,2
1718,3,1,1,0.5183513838748496,0.4527620652304729,1,0.6666666666666666,0
1719,3,1,1,0.1239470517448857,0.4775544590203394,2,0.0,0
1720,3,1,1,0.0108303249097472,0.4797207846912986,3,0.0,1
1721,3,1,1,0.0598676293622141,0.4916957515946564,4,0.0,2
1722,3,1,1,0.0818291215403128,0.5080635455530148,4,0.0,2
1723,3,1,1,0.0255716004813477,0.5131784811650018,4,0.0,1
1724,3,1,1,0.2157039711191336,0.5563244674449392,6,0.3333333333333333,0
1725,3,1,1,0.1176293622141997,0.5798531712600794,2,0.0,0
1726,3,1,1,0.1380866425992779,0.6074738235648093,2,0.0,0
1727,3,1,1,0.3089651022864019,0.6692742809002287,6,0.3333333333333333,0
1728,3,1,1,0.2593261131167269,0.7211457455770851,6,0.3333333333333333,0
1729,3,1,1,0.0406137184115523,0.7292694668431822,4,0.0,1
1730,3,1,1,0.3595066185318893,0.8011794439764112,1,0.6666666666666666,0
1731,3,1,1,0.0436221419975932,0.8099049223733301,4,0.0,1
1732,3,1,1,0.0177496991576413,0.8134552894451799,3,0.0,1
1733,3,1,1,0.157942238267148,0.8450475388133349,2,0.0,0
1734,3,1,1,0.0598676293622141,0.8570225057166927,4,0.0,2
1735,3,1,1,0.0983754512635379,0.0196774581778794,4,0.0,2
1736,3,1,1,0.009927797833935,0.021663256709592,3,0.0,1
1737,3,1,1,0.023164861612515,0.0262967866169214,4,0.0,1
1738,3,1,1,0.0911552346570397,0.044530027680828,4,0.0,2
1739,3,1,1,0.0030084235860409,0.04513178481165,3,0.0,1
1740,3,1,1,0.0466305655836341,0.054459020339391,4,0.0,2
1741,3,1,1,0.0222623345367027,0.0589120231074738,3,0.0,1
1742,3,1,1,0.0150421179302045,0.0619208087615838,3,0.0,1
1743,3,1,1,0.01323706377858,0.0645685401372006,3,0.0,1
1744,3,1,1,0.0141395908543922,0.067396798652064,3,0.0,1
1745,3,1,1,0.0,0.067396798652064,5,0.0,1
1746,3,1,1,0.0252707581227436,0.0724515585509688,4,0.0,1
1747,3,1,1,0.0,0.0724515585509688,5,0.0,1
1748,3,1,1,0.000300842358604,0.072511734264051,3,0.0,1
1749,3,1,1,0.0336943441636582,0.0792514141292574,4,0.0,1
1750,3,1,1,0.0009025270758122,0.079431941268504,3,0.0,1
1751,3,1,1,0.0306859205776173,0.0855698640028884,4,0.0,1
1752,3,1,1,0.0652827918170878,0.0986279937417258,4,0.0,2
1753,3,1,1,0.1793020457280385,0.134492718738717,2,0.0,0
1754,3,1,1,0.01985559566787,0.1384643158021422,3,0.0,1
1755,3,1,1,0.0,0.1384643158021422,5,0.0,1
1756,3,1,1,0.0024067388688327,0.1389457215067998,3,0.0,1
1757,3,1,1,0.0024067388688327,0.1394271272114574,3,0.0,1
1758,3,1,1,0.115222623345367,0.16247442532194,2,0.0,0
1759,3,1,1,0.0078219013237063,0.1640389938620772,3,0.0,1
1760,3,1,1,0.0279783393501805,0.1696353351787218,4,0.0,1
1761,3,1,1,0.0442238267148014,0.1784811650018052,4,0.0,1
1762,3,1,1,0.0391095066185318,0.1863040077024912,4,0.0,1
1763,3,1,1,0.0348977135980746,0.1932843904200264,4,0.0,1
1764,3,1,1,0.0752105896510228,0.2083283186905764,4,0.0,2
1765,3,1,1,0.0481347773766546,0.2179564327837284,4,0.0,2
1766,3,1,1,0.0,0.0,5,0.0,1
1767,3,1,1,0.0427196149217809,0.0085449512576724,4,0.0,1
1768,3,1,1,0.0192539109506618,0.0123961968949332,3,0.0,1
1769,3,1,1,0.0,0.0123961968949332,5,0.0,1
1770,3,1,1,0.0,0.0123961968949332,5,0.0,1
1771,3,1,1,0.0,0.0123961968949332,5,0.0,1
1772,3,1,1,0.0466305655836341,0.0217234324226742,4,0.0,2
1773,3,1,1,0.0,0.0217234324226742,5,0.0,1
1774,3,1,1,0.0,0.0217234324226742,5,0.0,1
1775,3,1,1,0.0,0.0217234324226742,5,0.0,1
1776,3,1,1,0.0030084235860409,0.0223251895534962,3,0.0,1
1777,3,1,1,0.0156438026474127,0.0254543266337706,3,0.0,1
1778,3,1,1,0.0,0.0254543266337706,5,0.0,1
1779,3,1,1,0.0045126353790613,0.0263569623300036,3,0.0,1
1780,3,1,1,0.0481347773766546,0.0359850764231556,4,0.0,2
1781,3,1,1,0.0,0.0359850764231556,5,0.0,1
1782,3,1,1,0.0,0.0359850764231556,5,0.0,1
1783,3,1,1,0.0469314079422382,0.0453724876639788,4,0.0,2
1784,3,1,1,0.0108303249097472,0.047538813334938,3,0.0,1
1785,3,1,1,0.0,0.047538813334938,5,0.0,1
1786,3,1,1,0.0,0.047538813334938,5,0.0,1
1787,3,1,1,0.0,0.047538813334938,5,0.0,1
1788,3,1,1,0.0673886883273164,0.0610181730653508,4,0.0,2
1789,3,1,1,0.0,0.0610181730653508,5,0.0,1
1790,3,1,1,0.0105294825511432,0.0631243230232278,3,0.0,1
1791,3,1,1,0.0102286401925391,0.0651702972680226,3,0.0,1
1792,3,1,1,0.0,0.0651702972680226,5,0.0,1
1793,3,1,1,0.0,0.0651702972680226,5,0.0,1
1794,3,1,1,0.0057160048134777,0.0663136358165844,3,0.0,1
1795,3,1,1,0.0,0.0663136358165844,5,0.0,1
1796,3,1,1,0.0,0.0,5,0.0,1
1797,3,1,1,0.0,0.0,5,0.0,1
1798,3,1,1,0.0,0.0,5,0.0,1
1799,3,1,1,0.0,0.0,5,0.0,1
1800,3,1,1,0.0,0.0,5,0.0,1
1801,3,1,1,0.0,0.0,5,0.0,1
1802,3,1,1,0.0057160048134777,0.0011433385485618,3,0.0,1
1803,3,1,1,0.0120336943441636,0.0035503670718498,3,0.0,1
1804,3,1,1,0.0,0.0035503670718498,5,0.0,1
1805,3,1,1,0.0138387484957882,0.006318449873631,3,0.0,1
1806,3,1,1,0.0,0.006318449873631,5,0.0,1
1807,3,1,1,0.0,0.006318449873631,5,0.0,1
1808,3,1,1,0.0,0.006318449873631,5,0.0,1
1809,3,1,1,0.0,0.006318449873631,5,0.0,1
1810,3,1,1,0.0,0.006318449873631,5,0.0,1
1811,3,1,1,0.0,0.006318449873631,5,0.0,1
1812,3,1,1,0.0,0.006318449873631,5,0.0,1
1813,3,1,1,0.0,0.006318449873631,5,0.0,1
1814,3,1,1,0.0,0.006318449873631,5,0.0,1
1815,3,1,1,0.0,0.006318449873631,5,0.0,1
1816,3,1,1,0.0,0.006318449873631,5,0.0,1
1817,3,1,1,0.0,0.006318449873631,5,0.0,1
1818,3,1,1,0.0021058965102286,0.0067396798652064,3,0.0,1
1819,3,1,1,0.0,0.0067396798652064,5,0.0,1
1820,3,1,1,0.0,0.0067396798652064,5,0.0,1
1821,3,1,1,0.0,0.0067396798652064,5,0.0,1
1822,3,1,1,0.0,0.0067396798652064,5,0.0,1
1823,3,1,1,0.0,0.0067396798652064,5,0.0,1
1824,3,1,1,0.0628760529482551,0.0193164038993862,4,0.0,2
1825,3,1,1,0.0,0.0193164038993862,5,0.0,1
1826,3,1,1,0.0,0.0193164038993862,5,0.0,1
0,11,1,3,0.0,0.0,5,0.0,1
1,11,1,3,0.0,0.0,5,0.0,1
2,11,1,3,0.0,0.0,5,0.0,1
3,11,1,3,0.0,0.0,5,0.0,1
4,11,1,3,0.0,0.0,5,0.0,1
5,11,1,3,0.0,0.0,5,0.0,1
6,11,1,3,0.0,0.0,5,0.0,1
7,11,1,3,0.0,0.0,5,0.0,1
8,11,1,3,0.0,0.0,5,0.0,1
9,11,1,3,0.0,0.0,5,0.0,1
10,11,1,3,0.0042117930204572,0.0008424599831508,3,0.0,1
11,11,1,3,0.0,0.0008424599831508,5,0.0,1
12,11,1,3,0.0,0.0008424599831508,5,0.0,1
13,11,1,3,0.0,0.0008424599831508,5,0.0,1
14,11,1,3,0.0135379061371841,0.0035503670718498,3,0.0,1
15,11,1,3,0.0,0.0035503670718498,5,0.0,1
16,11,1,3,0.0,0.0035503670718498,5,0.0,1
17,11,1,3,0.0,0.0035503670718498,5,0.0,1
18,11,1,3,0.0,0.0035503670718498,5,0.0,1
19,11,1,3,0.0,0.0035503670718498,5,0.0,1
20,11,1,3,0.0,0.0035503670718498,5,0.0,1
21,11,1,3,0.0,0.0035503670718498,5,0.0,1
22,11,1,3,0.0,0.0035503670718498,5,0.0,1
23,11,1,3,0.0,0.0035503670718498,5,0.0,1
24,11,1,3,0.0222623345367027,0.0080033698399326,3,0.0,1
25,11,1,3,0.0,0.0080033698399326,5,0.0,1
26,11,1,3,0.0,0.0080033698399326,5,0.0,1
27,11,1,3,0.0,0.0080033698399326,5,0.0,1
28,11,1,3,0.0,0.0080033698399326,5,0.0,1
29,11,1,3,0.0168471720818291,0.0113732097725358,3,0.0,1
30,11,1,3,0.0,0.0113732097725358,5,0.0,1
31,11,1,3,0.000300842358604,6.017571308220002e-05,3,0.0,1
32,11,1,3,0.0,6.017571308220002e-05,5,0.0,1
33,11,1,3,0.0,6.017571308220002e-05,5,0.0,1
34,11,1,3,0.0,6.017571308220002e-05,5,0.0,1
35,11,1,3,0.0,6.017571308220002e-05,5,0.0,1
36,11,1,3,0.0,6.017571308220002e-05,5,0.0,1
37,11,1,3,0.0,6.017571308220002e-05,5,0.0,1
38,11,1,3,0.0,6.017571308220002e-05,5,0.0,1
39,11,1,3,0.0087244283995186,0.001805271392466,3,0.0,1
40,11,1,3,0.0,0.001805271392466,5,0.0,1
41,11,1,3,0.0,0.001805271392466,5,0.0,1
42,11,1,3,0.0,0.001805271392466,5,0.0,1
43,11,1,3,0.0,0.001805271392466,5,0.0,1
44,11,1,3,0.0,0.001805271392466,5,0.0,1
45,11,1,3,0.0,0.001805271392466,5,0.0,1
46,11,1,3,0.0,0.001805271392466,5,0.0,1
47,11,1,3,0.0,0.001805271392466,5,0.0,1
48,11,1,3,0.0,0.001805271392466,5,0.0,1
49,11,1,3,0.0,0.001805271392466,5,0.0,1
50,11,1,3,0.0144404332129963,0.0046937056204116,3,0.0,1
51,11,1,3,0.0,0.0046937056204116,5,0.0,1
52,11,1,3,0.0,0.0046937056204116,5,0.0,1
53,11,1,3,0.0,0.0046937056204116,5,0.0,1
54,11,1,3,0.0042117930204572,0.0055361656035624,3,0.0,1
55,11,1,3,0.0,0.0055361656035624,5,0.0,1
56,11,1,3,0.0,0.0055361656035624,5,0.0,1
57,11,1,3,0.0012033694344163,0.0057768684558912,3,0.0,1
58,11,1,3,0.0,0.0057768684558912,5,0.0,1
59,11,1,3,0.0,0.0057768684558912,5,0.0,1
60,11,1,3,0.0,0.0,5,0.0,1
61,11,1,3,0.0,0.0,5,0.0,1
62,11,1,3,0.0,0.0,5,0.0,1
63,11,1,3,0.0,0.0,5,0.0,1
64,11,1,3,0.0171480144404332,0.0034300156456854,3,0.0,1
65,11,1,3,0.0,0.0034300156456854,5,0.0,1
66,11,1,3,0.0,0.0034300156456854,5,0.0,1
67,11,1,3,0.0,0.0034300156456854,5,0.0,1
68,11,1,3,0.0,0.0034300156456854,5,0.0,1
69,11,1,3,0.0,0.0034300156456854,5,0.0,1
70,11,1,3,0.0,0.0034300156456854,5,0.0,1
71,11,1,3,0.0,0.0034300156456854,5,0.0,1
72,11,1,3,0.0,0.0034300156456854,5,0.0,1
73,11,1,3,0.0,0.0034300156456854,5,0.0,1
74,11,1,3,0.0,0.0034300156456854,5,0.0,1
75,11,1,3,0.0,0.0034300156456854,5,0.0,1
76,11,1,3,0.0,0.0034300156456854,5,0.0,1
77,11,1,3,0.0060168471720818,0.0046335299073294,3,0.0,1
78,11,1,3,0.0,0.0046335299073294,5,0.0,1
79,11,1,3,0.0,0.0046335299073294,5,0.0,1
80,11,1,3,0.0,0.0046335299073294,5,0.0,1
81,11,1,3,0.0,0.0046335299073294,5,0.0,1
82,11,1,3,0.0078219013237063,0.0061980984474666,3,0.0,1
83,11,1,3,0.0,0.0061980984474666,5,0.0,1
84,11,1,3,0.0,0.0061980984474666,5,0.0,1
85,11,1,3,0.0,0.0061980984474666,5,0.0,1
86,11,1,3,0.0,0.0061980984474666,5,0.0,1
87,11,1,3,0.0,0.0061980984474666,5,0.0,1
88,11,1,3,0.0,0.0061980984474666,5,0.0,1
89,11,1,3,0.0,0.0061980984474666,5,0.0,1
90,11,1,3,0.0,0.0061980984474666,5,0.0,1
91,11,1,3,0.0102286401925391,0.0020459742447948,3,0.0,1
92,11,1,3,0.0,0.0020459742447948,5,0.0,1
93,11,1,3,0.0,0.0020459742447948,5,0.0,1
94,11,1,3,0.0,0.0020459742447948,5,0.0,1
95,11,1,3,0.0102286401925391,0.0040919484895896,3,0.0,1
96,11,1,3,0.0,0.0040919484895896,5,0.0,1
97,11,1,3,0.0,0.0040919484895896,5,0.0,1
98,11,1,3,0.0,0.0040919484895896,5,0.0,1
99,11,1,3,0.0,0.0040919484895896,5,0.0,1
100,11,1,3,0.0,0.0040919484895896,5,0.0,1
101,11,1,3,0.0069193742478941,0.0054759898904802,3,0.0,1
102,11,1,3,0.0,0.0054759898904802,5,0.0,1
103,11,1,3,0.0,0.0054759898904802,5,0.0,1
104,11,1,3,0.0,0.0054759898904802,5,0.0,1
105,11,1,3,0.0,0.0054759898904802,5,0.0,1
106,11,1,3,0.0,0.0054759898904802,5,0.0,1
107,11,1,3,0.0,0.0054759898904802,5,0.0,1
108,11,1,3,0.0,0.0054759898904802,5,0.0,1
109,11,1,3,0.0,0.0054759898904802,5,0.0,1
110,11,1,3,0.0,0.0054759898904802,5,0.0,1
111,11,1,3,0.0237665463297232,0.010229871223974,4,0.0,1
112,11,1,3,0.0,0.010229871223974,5,0.0,1
113,11,1,3,0.0,0.010229871223974,5,0.0,1
114,11,1,3,0.0,0.010229871223974,5,0.0,1
115,11,1,3,0.0,0.010229871223974,5,0.0,1
116,11,1,3,0.0,0.010229871223974,5,0.0,1
117,11,1,3,0.0147412755716004,0.0131784811650018,3,0.0,1
118,11,1,3,0.0,0.0131784811650018,5,0.0,1
119,11,1,3,0.0,0.0131784811650018,5,0.0,1
120,11,1,3,0.0162454873646209,0.0164279696714406,3,0.0,1
121,11,1,3,0.0,0.0,5,0.0,1
122,11,1,3,0.0,0.0,5,0.0,1
123,11,1,3,0.0,0.0,5,0.0,1
124,11,1,3,0.0,0.0,5,0.0,1
125,11,1,3,0.0,0.0,5,0.0,1
126,11,1,3,0.0351985559566787,0.0070405584306174,4,0.0,1
127,11,1,3,0.0237665463297232,0.0117944397641112,4,0.0,1
128,11,1,3,0.003309265944645,0.0124563726080154,3,0.0,1
129,11,1,3,0.0069193742478941,0.013840414008906,3,0.0,1
130,11,1,3,0.0,0.013840414008906,5,0.0,1
131,11,1,3,0.0361010830324909,0.02106149957877,4,0.0,1
132,11,1,3,0.0,0.02106149957877,5,0.0,1
133,11,1,3,0.0,0.02106149957877,5,0.0,1
134,11,1,3,0.0054151624548736,0.0221446624142496,3,0.0,1
135,11,1,3,0.0,0.0221446624142496,5,0.0,1
136,11,1,3,0.0,0.0221446624142496,5,0.0,1
137,11,1,3,0.0009025270758122,0.0223251895534962,3,0.0,1
138,11,1,3,0.0,0.0223251895534962,5,0.0,1
139,11,1,3,0.0,0.0223251895534962,5,0.0,1
140,11,1,3,0.0,0.0223251895534962,5,0.0,1
141,11,1,3,0.0,0.0223251895534962,5,0.0,1
142,11,1,3,0.0,0.0223251895534962,5,0.0,1
143,11,1,3,0.0,0.0223251895534962,5,0.0,1
144,11,1,3,0.0,0.0223251895534962,5,0.0,1
145,11,1,3,0.0,0.0223251895534962,5,0.0,1
146,11,1,3,0.0,0.0223251895534962,5,0.0,1
147,11,1,3,0.0,0.0223251895534962,5,0.0,1
148,11,1,3,0.0,0.0223251895534962,5,0.0,1
149,11,1,3,0.0,0.0223251895534962,5,0.0,1
150,11,1,3,0.0,0.0223251895534962,5,0.0,1
151,11,1,3,0.1173285198555956,0.0457937176555542,2,0.0,0
152,11,1,3,0.0,0.0,5,0.0,1
153,11,1,3,0.0622743682310469,0.0124563726080154,4,0.0,2
154,11,1,3,0.0,0.0124563726080154,5,0.0,1
155,11,1,3,0.0222623345367027,0.0169093753760982,3,0.0,1
156,11,1,3,0.0,0.0169093753760982,5,0.0,1
157,11,1,3,0.0941636582430806,0.0357443735708268,4,0.0,2
158,11,1,3,0.0141395908543922,0.0385726320856902,3,0.0,1
159,11,1,3,0.1290613718411552,0.064388012997954,2,0.0,0
160,11,1,3,0.00661853188929,0.0657118786857624,3,0.0,1
161,11,1,3,0.0502406738868832,0.0757612227704898,4,0.0,2
162,11,1,3,0.0126353790613718,0.0782886027199422,3,0.0,1
163,11,1,3,0.1501203369434416,0.10831628354796,2,0.0,0
164,11,1,3,0.0105294825511432,0.110422433505837,3,0.0,1
165,11,1,3,0.0376052948255114,0.117944397641112,4,0.0,1
166,11,1,3,0.1979542719614921,0.1575400168491996,6,0.3333333333333333,0
167,11,1,3,0.0400120336943441,0.1655433866891322,4,0.0,1
168,11,1,3,0.0385078219013237,0.1732458779636538,4,0.0,1
169,11,1,3,0.0848375451263537,0.1902154290528342,4,0.0,2
170,11,1,3,0.0556558363417569,0.2013479359730413,4,0.0,2
171,11,1,3,0.0719013237063778,0.215729931399687,4,0.0,2
172,11,1,3,0.0348977135980746,0.2227103141172223,4,0.0,1
173,11,1,3,0.0,0.2227103141172223,5,0.0,1
174,11,1,3,0.0568592057761732,0.2340835238897581,4,0.0,2
175,11,1,3,0.0589651022864019,0.2458779636538693,4,0.0,2
176,11,1,3,0.0,0.2458779636538693,5,0.0,1
177,11,1,3,0.0544524669073405,0.2567697677217475,4,0.0,2
178,11,1,3,0.0424187725631768,0.2652545432663377,4,0.0,1
179,11,1,3,0.0306859205776173,0.2713924660007221,4,0.0,1
180,11,1,3,0.0093261131167268,0.2732579131062703,3,0.0,1
181,11,1,3,0.0252707581227436,0.2783126730051751,4,0.0,1
182,11,1,3,0.0863417569193742,0.0172704296545914,4,0.0,2
183,11,1,3,0.2129963898916967,0.059874834516789,6,0.3333333333333333,0
184,11,1,3,0.1660649819494584,0.0930918281381634,2,0.0,0
185,11,1,3,0.0538507821901323,0.1038632807798772,4,0.0,2
186,11,1,3,0.0111311672683513,0.1060897821639186,3,0.0,1
187,11,1,3,0.1308664259927797,0.1322662173546756,2,0.0,0
188,11,1,3,0.0379061371841155,0.1398483572030328,4,0.0,1
189,11,1,3,0.0517448856799037,0.1501985798531712,4,0.0,2
190,11,1,3,0.0012033694344163,0.1504392827055,3,0.0,1
191,11,1,3,0.0,0.1504392827055,5,0.0,1
192,11,1,3,0.1561371841155234,0.1816704777951618,2,0.0,0
193,11,1,3,0.0186522262334536,0.1854013720062582,3,0.0,1
194,11,1,3,0.1624548736462094,0.2178962570706463,2,0.0,0
195,11,1,3,0.0661853188929001,0.2311349139487303,4,0.0,2
196,11,1,3,0.0,0.2311349139487303,5,0.0,1
197,11,1,3,0.0060168471720818,0.2323384282103743,3,0.0,1
198,11,1,3,0.111913357400722,0.2547237934769527,2,0.0,0
199,11,1,3,0.0,0.2547237934769527,5,0.0,1
200,11,1,3,0.1720818291215403,0.2891443013599711,2,0.0,0
201,11,1,3,0.0358002406738868,0.2963052112167529,4,0.0,1
202,11,1,3,0.1067990373044524,0.3176675893609339,2,0.0,0
203,11,1,3,0.0333935018050541,0.3243470935130581,4,0.0,1
204,11,1,3,0.0427196149217809,0.3328920447707305,4,0.0,1
205,11,1,3,0.0081227436823104,0.3345167890239499,3,0.0,1
206,11,1,3,0.0550541516245487,0.3455289445179925,4,0.0,2
207,11,1,3,0.0,0.3455289445179925,5,0.0,1
208,11,1,3,0.0150421179302045,0.3485377301721025,3,0.0,1
209,11,1,3,0.0201564380264741,0.3525695029486099,3,0.0,1
210,11,1,3,0.0201564380264741,0.3566012757251173,3,0.0,1
211,11,1,3,0.2211191335740072,0.4008304248405344,6,0.3333333333333333,0
212,11,1,3,0.0,0.4008304248405344,5,0.0,1
213,11,1,3,0.0761131167268351,0.0152244554097966,4,0.0,2
214,11,1,3,0.1113116726835138,0.0374894692502106,2,0.0,0
215,11,1,3,0.0568592057761732,0.0488626790227464,4,0.0,2
216,11,1,3,0.0090252707581227,0.0506679504152124,3,0.0,1
217,11,1,3,0.0,0.0506679504152124,5,0.0,1
218,11,1,3,0.0649819494584837,0.0636659044409676,4,0.0,2
219,11,1,3,0.0764139590854392,0.0789505355638464,4,0.0,2
220,11,1,3,0.0204572803850782,0.083042484053436,3,0.0,1
221,11,1,3,0.0379061371841155,0.0906246239017932,4,0.0,1
222,11,1,3,0.0279783393501805,0.0962209652184378,4,0.0,1
223,11,1,3,0.0685920577617328,0.1099410278011794,4,0.0,2
224,11,1,3,0.0009025270758122,0.110121554940426,3,0.0,1
225,11,1,3,0.115222623345367,0.1331688530509086,2,0.0,0
226,11,1,3,0.0649819494584837,0.1461668070766638,4,0.0,2
227,11,1,3,0.0,0.1461668070766638,5,0.0,1
228,11,1,3,0.0030084235860409,0.1467685642074858,3,0.0,1
229,11,1,3,0.0475330926594464,0.1562763268744734,4,0.0,2
230,11,1,3,0.0111311672683513,0.1585028282585148,3,0.0,1
231,11,1,3,0.0108303249097472,0.160669153929474,3,0.0,1
232,11,1,3,0.0075210589651022,0.162173546756529,3,0.0,1
233,11,1,3,0.0,0.162173546756529,5,0.0,1
234,11,1,3,0.0189530685920577,0.1659646166807076,3,0.0,1
235,11,1,3,0.0351985559566787,0.173005175111325,4,0.0,1
236,11,1,3,0.0,0.173005175111325,5,0.0,1
237,11,1,3,0.0673886883273164,0.1864845348417378,4,0.0,2
238,11,1,3,0.0700962695547533,0.2005054759898904,4,0.0,2
239,11,1,3,0.0830324909747292,0.2171139728005776,4,0.0,2
240,11,1,3,0.0517448856799037,0.227464195450716,4,0.0,2
241,11,1,3,0.000300842358604,0.2275243711637983,3,0.0,1
242,11,1,3,0.0,0.2275243711637983,5,0.0,1
243,11,1,3,0.0261732851985559,0.2327596582019497,4,0.0,1
244,11,1,3,0.0,0.0,5,0.0,1
245,11,1,3,0.0547533092659446,0.0109519797809604,4,0.0,2
246,11,1,3,0.03309265944645,0.0175713082200024,4,0.0,1
247,11,1,3,0.1281588447653429,0.0432061619930196,2,0.0,0
248,11,1,3,0.003610108303249,0.043928270550006,3,0.0,1
249,11,1,3,0.1687725631768953,0.0776868455891202,2,0.0,0
250,11,1,3,0.0908543922984356,0.0958599109399446,4,0.0,2
251,11,1,3,0.0,0.0958599109399446,5,0.0,1
252,11,1,3,0.0,0.0958599109399446,5,0.0,1
253,11,1,3,0.0240673886883273,0.1006739679865206,4,0.0,1
254,11,1,3,0.0896510228640192,0.1186063304850162,4,0.0,2
255,11,1,3,0.0502406738868832,0.1286556745697436,4,0.0,2
256,11,1,3,0.0213598074608904,0.1329281501985798,3,0.0,1
257,11,1,3,0.0,0.1329281501985798,5,0.0,1
258,11,1,3,0.0,0.1329281501985798,5,0.0,1
259,11,1,3,0.0604693140794223,0.145023468528102,4,0.0,2
260,11,1,3,0.0081227436823104,0.1466482127813214,3,0.0,1
261,11,1,3,0.0637785800240673,0.1594054639547478,4,0.0,2
262,11,1,3,0.0400120336943441,0.1674088337946804,4,0.0,1
263,11,1,3,0.00661853188929,0.1687326994824888,3,0.0,1
264,11,1,3,0.1064981949458483,0.1900349019135876,4,0.0,0
265,11,1,3,0.2506016847172082,0.2401612709110603,6,0.3333333333333333,0
266,11,1,3,0.01985559566787,0.2441328679744855,3,0.0,1
267,11,1,3,0.0318892900120336,0.2505114935611987,4,0.0,1
268,11,1,3,0.1353790613718411,0.2775905644481887,2,0.0,0
269,11,1,3,0.0216606498194945,0.2819232157901071,3,0.0,1
270,11,1,3,0.0135379061371841,0.2846311228788061,3,0.0,1
271,11,1,3,0.0,0.2846311228788061,5,0.0,1
272,11,1,3,0.0971720818291215,0.3040678782043567,4,0.0,2
273,11,1,3,0.0207581227436823,0.3082200024070285,3,0.0,1
274,11,1,3,0.016546329723225,0.003309664219521,3,0.0,1
275,11,1,3,0.0015042117930204,0.003610542784932,3,0.0,1
276,11,1,3,0.0601684717208182,0.015645685401372,4,0.0,2
277,11,1,3,0.0288808664259927,0.0214225538572632,4,0.0,1
278,11,1,3,0.0009025270758122,0.0216030809965098,3,0.0,1
279,11,1,3,0.0060168471720818,0.0228065952581538,3,0.0,1
280,11,1,3,0.0,0.0228065952581538,5,0.0,1
281,11,1,3,0.0,0.0228065952581538,5,0.0,1
282,11,1,3,0.0087244283995186,0.0245516909375376,3,0.0,1
283,11,1,3,0.0,0.0245516909375376,5,0.0,1
284,11,1,3,0.003610108303249,0.025273799494524,3,0.0,1
285,11,1,3,0.0,0.025273799494524,5,0.0,1
286,11,1,3,0.0216606498194945,0.0296064508364424,3,0.0,1
287,11,1,3,0.0075210589651022,0.0311108436634974,3,0.0,1
288,11,1,3,0.0039109506618531,0.031893127933566,3,0.0,1
289,11,1,3,0.0024067388688327,0.0323745336382236,3,0.0,1
290,11,1,3,0.0294825511432009,0.0382717535202792,4,0.0,1
291,11,1,3,0.0048134777376654,0.0392345649295944,3,0.0,1
292,11,1,3,0.0057160048134777,0.0403779034781562,3,0.0,1
293,11,1,3,0.0153429602888086,0.0434468648453484,3,0.0,1
294,11,1,3,0.0,0.0434468648453484,5,0.0,1
295,11,1,3,0.0081227436823104,0.0450716090985678,3,0.0,1
296,11,1,3,0.0213598074608904,0.049344084727404,3,0.0,1
297,11,1,3,0.0150421179302045,0.052352870381514,3,0.0,1
298,11,1,3,0.003610108303249,0.0530749789385004,3,0.0,1
299,11,1,3,0.0574608904933814,0.0645685401372006,4,0.0,2
300,11,1,3,0.0752105896510228,0.0796124684077506,4,0.0,2
301,11,1,3,0.0060168471720818,0.0808159826693946,3,0.0,1
302,11,1,3,0.0,0.0808159826693946,5,0.0,1
303,11,1,3,0.000300842358604,0.0808761583824768,3,0.0,1
304,11,1,3,0.0063176895306859,0.082139848357203,3,0.0,1
305,11,1,3,0.0,0.0,5,0.0,1
306,11,1,3,0.0,0.0,5,0.0,1
307,11,1,3,0.0,0.0,5,0.0,1
308,11,1,3,0.0,0.0,5,0.0,1
309,11,1,3,0.0,0.0,5,0.0,1
310,11,1,3,0.0,0.0,5,0.0,1
311,11,1,3,0.0006016847172081,0.0001203514261644,3,0.0,1
312,11,1,3,0.0,0.0001203514261644,5,0.0,1
313,11,1,3,0.0,0.0001203514261644,5,0.0,1
314,11,1,3,0.0078219013237063,0.0016849199663016,3,0.0,1
315,11,1,3,0.0129362214199759,0.0042724756288362,3,0.0,1
316,11,1,3,0.0,0.0042724756288362,5,0.0,1
317,11,1,3,0.0,0.0042724756288362,5,0.0,1
318,11,1,3,0.0,0.0042724756288362,5,0.0,1
319,11,1,3,0.0,0.0042724756288362,5,0.0,1
320,11,1,3,0.0,0.0042724756288362,5,0.0,1
321,11,1,3,0.075812274368231,0.0194367553255506,4,0.0,2
322,11,1,3,0.0,0.0194367553255506,5,0.0,1
323,11,1,3,0.0,0.0194367553255506,5,0.0,1
324,11,1,3,0.003309265944645,0.0200986881694548,3,0.0,1
325,11,1,3,0.0345968712394705,0.0270188951739078,4,0.0,1
326,11,1,3,0.0,0.0270188951739078,5,0.0,1
327,11,1,3,0.0,0.0270188951739078,5,0.0,1
328,11,1,3,0.0,0.0270188951739078,5,0.0,1
329,11,1,3,0.0,0.0270188951739078,5,0.0,1
330,11,1,3,0.0,0.0270188951739078,5,0.0,1
331,11,1,3,0.0,0.0270188951739078,5,0.0,1
332,11,1,3,0.0,0.0270188951739078,5,0.0,1
333,11,1,3,0.0015042117930204,0.0273197737393188,3,0.0,1
334,11,1,3,0.0156438026474127,0.0304489108195932,3,0.0,1
335,11,1,3,0.0,0.0,5,0.0,1
336,11,1,3,0.0,0.0,5,0.0,1
337,11,1,3,0.0,0.0,5,0.0,1
338,11,1,3,0.0,0.0,5,0.0,1
339,11,1,3,0.0,0.0,5,0.0,1
340,11,1,3,0.0,0.0,5,0.0,1
341,11,1,3,0.0156438026474127,0.0031291370802744,3,0.0,1
342,11,1,3,0.0,0.0031291370802744,5,0.0,1
343,11,1,3,0.00661853188929,0.0044530027680828,3,0.0,1
344,11,1,3,0.0,0.0044530027680828,5,0.0,1
345,11,1,3,0.0,0.0044530027680828,5,0.0,1
346,11,1,3,0.0,0.0044530027680828,5,0.0,1
347,11,1,3,0.0,0.0044530027680828,5,0.0,1
348,11,1,3,0.0,0.0044530027680828,5,0.0,1
349,11,1,3,0.0,0.0044530027680828,5,0.0,1
350,11,1,3,0.0,0.0044530027680828,5,0.0,1
351,11,1,3,0.0072202166064981,0.0058972198820556,3,0.0,1
352,11,1,3,0.0,0.0058972198820556,5,0.0,1
353,11,1,3,0.0,0.0058972198820556,5,0.0,1
354,11,1,3,0.0,0.0058972198820556,5,0.0,1
355,11,1,3,0.0,0.0058972198820556,5,0.0,1
356,11,1,3,0.0,0.0058972198820556,5,0.0,1
357,11,1,3,0.0,0.0058972198820556,5,0.0,1
358,11,1,3,0.0,0.0058972198820556,5,0.0,1
359,11,1,3,0.0,0.0058972198820556,5,0.0,1
360,11,1,3,0.0,0.0058972198820556,5,0.0,1
361,11,1,3,0.0,0.0058972198820556,5,0.0,1
362,11,1,3,0.0,0.0058972198820556,5,0.0,1
363,11,1,3,0.0,0.0058972198820556,5,0.0,1
364,11,1,3,0.0,0.0058972198820556,5,0.0,1
365,11,1,3,0.0,0.0058972198820556,5,0.0,1
366,11,1,2,0.0,0.0,5,0.0,1
367,11,1,2,0.0,0.0,5,0.0,1
368,11,1,2,0.0117328519855595,0.0023468528102058,3,0.0,1
369,11,1,2,0.0,0.0023468528102058,5,0.0,1
370,11,1,2,0.0309867629362214,0.0085449512576724,4,0.0,1
371,11,1,2,0.0,0.0085449512576724,5,0.0,1
372,11,1,2,0.0,0.0085449512576724,5,0.0,1
373,11,1,2,0.0,0.0085449512576724,5,0.0,1
374,11,1,2,0.0,0.0085449512576724,5,0.0,1
375,11,1,2,0.0,0.0085449512576724,5,0.0,1
376,11,1,2,0.0,0.0085449512576724,5,0.0,1
377,11,1,2,0.0,0.0085449512576724,5,0.0,1
378,11,1,2,0.0,0.0085449512576724,5,0.0,1
379,11,1,2,0.0,0.0085449512576724,5,0.0,1
380,11,1,2,0.0,0.0085449512576724,5,0.0,1
381,11,1,2,0.02647412755716,0.013840414008906,4,0.0,1
382,11,1,2,0.0,0.013840414008906,5,0.0,1
383,11,1,2,0.0,0.013840414008906,5,0.0,1
384,11,1,2,0.0,0.013840414008906,5,0.0,1
385,11,1,2,0.0,0.013840414008906,5,0.0,1
386,11,1,2,0.0,0.013840414008906,5,0.0,1
387,11,1,2,0.0,0.013840414008906,5,0.0,1
388,11,1,2,0.0,0.013840414008906,5,0.0,1
389,11,1,2,0.0,0.013840414008906,5,0.0,1
390,11,1,2,0.0,0.013840414008906,5,0.0,1
391,11,1,2,0.0,0.013840414008906,5,0.0,1
392,11,1,2,0.0,0.013840414008906,5,0.0,1
393,11,1,2,0.0216606498194945,0.0181730653508244,3,0.0,1
394,11,1,2,0.0,0.0181730653508244,5,0.0,1
395,11,1,2,0.0102286401925391,0.0202190395956192,3,0.0,1
396,11,1,2,0.0,0.0202190395956192,5,0.0,1
397,11,1,2,0.0,0.0,5,0.0,1
398,11,1,2,0.0,0.0,5,0.0,1
399,11,1,2,0.0,0.0,5,0.0,1
400,11,1,2,0.0,0.0,5,0.0,1
401,11,1,2,0.0,0.0,5,0.0,1
402,11,1,2,0.0,0.0,5,0.0,1
403,11,1,2,0.0,0.0,5,0.0,1
404,11,1,2,0.0,0.0,5,0.0,1
405,11,1,2,0.0,0.0,5,0.0,1
406,11,1,2,0.0,0.0,5,0.0,1
407,11,1,2,0.0,0.0,5,0.0,1
408,11,1,2,0.0,0.0,5,0.0,1
409,11,1,2,0.0,0.0,5,0.0,1
410,11,1,2,0.0,0.0,5,0.0,1
411,11,1,2,0.0,0.0,5,0.0,1
412,11,1,2,0.0,0.0,5,0.0,1
413,11,1,2,0.0,0.0,5,0.0,1
414,11,1,2,0.0,0.0,5,0.0,1
415,11,1,2,0.0,0.0,5,0.0,1
416,11,1,2,0.0,0.0,5,0.0,1
417,11,1,2,0.0303850782190132,0.0060777470213022,4,0.0,1
418,11,1,2,0.0,0.0060777470213022,5,0.0,1
419,11,1,2,0.0117328519855595,0.008424599831508,3,0.0,1
420,11,1,2,0.0,0.008424599831508,5,0.0,1
421,11,1,2,0.0,0.008424599831508,5,0.0,1
422,11,1,2,0.0,0.008424599831508,5,0.0,1
423,11,1,2,0.0,0.008424599831508,5,0.0,1
424,11,1,2,0.0,0.008424599831508,5,0.0,1
425,11,1,2,0.0,0.0,5,0.0,1
426,11,1,2,0.0,0.0,5,0.0,1
427,11,1,2,0.0,0.0,5,0.0,1
428,11,1,2,0.0,0.0,5,0.0,1
429,11,1,2,0.0,0.0,5,0.0,1
430,11,1,2,0.0,0.0,5,0.0,1
431,11,1,2,0.0,0.0,5,0.0,1
432,11,1,2,0.0,0.0,5,0.0,1
433,11,1,2,0.0,0.0,5,0.0,1
434,11,1,2,0.0,0.0,5,0.0,1
435,11,1,2,0.0,0.0,5,0.0,1
436,11,1,2,0.0,0.0,5,0.0,1
437,11,1,2,0.0,0.0,5,0.0,1
438,11,1,2,0.0,0.0,5,0.0,1
439,11,1,2,0.0,0.0,5,0.0,1
440,11,1,2,0.0192539109506618,0.0038512456372608,3,0.0,1
441,11,1,2,0.0,0.0038512456372608,5,0.0,1
442,11,1,2,0.0460288808664259,0.0130581297388374,4,0.0,2
443,11,1,2,0.0,0.0130581297388374,5,0.0,1
444,11,1,2,0.0,0.0130581297388374,5,0.0,1
445,11,1,2,0.0,0.0130581297388374,5,0.0,1
446,11,1,2,0.0,0.0130581297388374,5,0.0,1
447,11,1,2,0.0,0.0130581297388374,5,0.0,1
448,11,1,2,0.0,0.0130581297388374,5,0.0,1
449,11,1,2,0.0057160048134777,0.0142014682873992,3,0.0,1
450,11,1,2,0.0,0.0142014682873992,5,0.0,1
451,11,1,2,0.0,0.0142014682873992,5,0.0,1
452,11,1,2,0.0,0.0142014682873992,5,0.0,1
453,11,1,2,0.0,0.0142014682873992,5,0.0,1
454,11,1,2,0.0,0.0142014682873992,5,0.0,1
455,11,1,2,0.0,0.0142014682873992,5,0.0,1
456,11,1,2,0.0,0.0,5,0.0,1
457,11,1,2,0.0,0.0,5,0.0,1
458,11,1,2,0.0,0.0,5,0.0,1
459,11,1,2,0.0412154031287605,0.0082440726922614,4,0.0,1
460,11,1,2,0.0171480144404332,0.0116740883379468,3,0.0,1
461,11,1,2,0.0225631768953068,0.0161872668191118,4,0.0,1
462,11,1,2,0.0,0.0161872668191118,5,0.0,1
463,11,1,2,0.0,0.0161872668191118,5,0.0,1
464,11,1,2,0.0,0.0161872668191118,5,0.0,1
465,11,1,2,0.003610108303249,0.0169093753760982,3,0.0,1
466,11,1,2,0.0,0.0169093753760982,5,0.0,1
467,11,1,2,0.0,0.0169093753760982,5,0.0,1
468,11,1,2,0.0204572803850782,0.0210013238656878,3,0.0,1
469,11,1,2,0.0,0.0210013238656878,5,0.0,1
470,11,1,2,0.0,0.0210013238656878,5,0.0,1
471,11,1,2,0.0,0.0210013238656878,5,0.0,1
472,11,1,2,0.0490373044524669,0.0308099650980864,4,0.0,2
473,11,1,2,0.0,0.0308099650980864,5,0.0,1
474,11,1,2,0.0,0.0308099650980864,5,0.0,1
475,11,1,2,0.0,0.0308099650980864,5,0.0,1
476,11,1,2,0.0114320096269554,0.03309664219521,3,0.0,1
477,11,1,2,0.0,0.03309664219521,5,0.0,1
478,11,1,2,0.0,0.03309664219521,5,0.0,1
479,11,1,2,0.0,0.03309664219521,5,0.0,1
480,11,1,2,0.0,0.03309664219521,5,0.0,1
481,11,1,2,0.0,0.03309664219521,5,0.0,1
482,11,1,2,0.0054151624548736,0.0341798050306896,3,0.0,1
483,11,1,2,0.0,0.0341798050306896,5,0.0,1
484,11,1,2,0.016546329723225,0.0374894692502106,3,0.0,1
485,11,1,2,0.0,0.0374894692502106,5,0.0,1
486,11,1,2,0.0613718411552346,0.0122758454687688,4,0.0,2
487,11,1,2,0.0490373044524669,0.0220844867011674,4,0.0,2
488,11,1,2,0.0,0.0220844867011674,5,0.0,1
489,11,1,2,0.0180505415162454,0.0256950294860994,3,0.0,1
490,11,1,2,0.0,0.0256950294860994,5,0.0,1
491,11,1,2,0.0321901323706377,0.0321338307858948,4,0.0,1
492,11,1,2,0.0,0.0321338307858948,5,0.0,1
493,11,1,2,0.0,0.0321338307858948,5,0.0,1
494,11,1,2,0.0,0.0321338307858948,5,0.0,1
495,11,1,2,0.0006016847172081,0.0322541822120592,3,0.0,1
496,11,1,2,0.0180505415162454,0.0358647249969912,3,0.0,1
497,11,1,2,0.0869434416365824,0.053255506077747,4,0.0,2
498,11,1,2,0.0,0.053255506077747,5,0.0,1
499,11,1,2,0.0439229843561973,0.0620411601877482,4,0.0,1
500,11,1,2,0.0,0.0620411601877482,5,0.0,1
501,11,1,2,0.009927797833935,0.0640269587194608,3,0.0,1
502,11,1,2,0.0321901323706377,0.0704657600192562,4,0.0,1
503,11,1,2,0.0,0.0704657600192562,5,0.0,1
504,11,1,2,0.0120336943441636,0.0728727885425442,3,0.0,1
505,11,1,2,0.0195547533092659,0.0767842098928872,3,0.0,1
506,11,1,2,0.0,0.0767842098928872,5,0.0,1
507,11,1,2,0.0,0.0767842098928872,5,0.0,1
508,11,1,2,0.0,0.0767842098928872,5,0.0,1
509,11,1,2,0.0,0.0767842098928872,5,0.0,1
510,11,1,2,0.0009025270758122,0.0769647370321338,3,0.0,1
511,11,1,2,0.0565583634175691,0.0882777710915874,4,0.0,2
512,11,1,2,0.0,0.0882777710915874,5,0.0,1
513,11,1,2,0.0,0.0882777710915874,5,0.0,1
514,11,1,2,0.0,0.0882777710915874,5,0.0,1
515,11,1,2,0.0282791817087845,0.0939342881213142,4,0.0,1
516,11,1,2,0.0,0.0939342881213142,5,0.0,1
517,11,1,2,0.0,0.0,5,0.0,1
518,11,1,2,0.2181107099879663,0.043627391984595,6,0.3333333333333333,0
519,11,1,2,0.036401925391095,0.0509086532675412,4,0.0,1
520,11,1,2,0.0183513838748495,0.0545793717655554,3,0.0,1
521,11,1,2,0.0818291215403128,0.0709471657239138,4,0.0,2
522,11,1,2,0.0216606498194945,0.0752798170658322,3,0.0,1
523,11,1,2,0.0075210589651022,0.0767842098928872,3,0.0,1
524,11,1,2,0.0983754512635379,0.0964616680707666,4,0.0,2
525,11,1,2,0.0,0.0964616680707666,5,0.0,1
526,11,1,2,0.062575210589651,0.1089782163918642,4,0.0,2
527,11,1,2,0.0060168471720818,0.1101817306535082,3,0.0,1
528,11,1,2,0.0622743682310469,0.1226381032615236,4,0.0,2
529,11,1,2,0.0300842358604091,0.1286556745697436,4,0.0,1
530,11,1,2,0.0210589651022864,0.1328679744854976,3,0.0,1
531,11,1,2,0.0105294825511432,0.1349741244433746,3,0.0,1
532,11,1,2,0.0,0.1349741244433746,5,0.0,1
533,11,1,2,0.0872442839951865,0.1524250812372126,4,0.0,2
534,11,1,2,0.0830324909747292,0.1690335780478998,4,0.0,2
535,11,1,2,0.3673285198555956,0.2425081237212661,1,0.6666666666666666,0
536,11,1,2,0.0445246690734055,0.2514141292574317,4,0.0,1
537,11,1,2,0.1043922984356197,0.2722951016969551,4,0.0,2
538,11,1,2,0.0048134777376654,0.2732579131062703,3,0.0,1
539,11,1,2,0.0318892900120336,0.2796365386929835,4,0.0,1
540,11,1,2,0.0108303249097472,0.2818028643639427,3,0.0,1
541,11,1,2,0.0812274368231047,0.2980503068961367,4,0.0,2
542,11,1,2,0.0950661853188929,0.3170658322301119,4,0.0,2
543,11,1,2,0.1326714801444043,0.3436033216993621,2,0.0,0
544,11,1,2,0.1116125150421179,0.3659285112528583,2,0.0,0
545,11,1,2,0.0478339350180505,0.3754964496329281,4,0.0,2
546,11,1,2,0.072503008423586,0.3899987964857384,4,0.0,2
547,11,1,2,0.0460288808664259,0.0092068841015766,4,0.0,2
548,11,1,2,0.1028880866425993,0.029786977975689,4,0.0,2
549,11,1,2,0.0042117930204572,0.0306294379588398,3,0.0,1
550,11,1,2,0.0060168471720818,0.0318329522204838,3,0.0,1
551,11,1,2,0.016546329723225,0.0351426164400048,3,0.0,1
552,11,1,2,0.0135379061371841,0.0378505235287038,3,0.0,1
553,11,1,2,0.0129362214199759,0.0404380791912384,3,0.0,1
554,11,1,2,0.3977135980746089,0.1199903718859068,1,0.6666666666666666,0
555,11,1,2,0.0,0.1199903718859068,5,0.0,1
556,11,1,2,0.1537304452466907,0.150740161270911,2,0.0,0
557,11,1,2,0.1627557160048134,0.1832952220483812,2,0.0,0
558,11,1,2,0.0511432009626955,0.1935250932723553,4,0.0,2
559,11,1,2,0.157942238267148,0.2251173426405103,2,0.0,0
560,11,1,2,0.03309265944645,0.2317366710795523,4,0.0,1
561,11,1,2,0.0896510228640192,0.2496690335780478,4,0.0,2
562,11,1,2,0.1681708784596871,0.2833072571909977,2,0.0,0
563,11,1,2,0.0821299638989169,0.2997352268624383,4,0.0,2
564,11,1,2,0.1074007220216606,0.3212179564327836,2,0.0,0
565,11,1,2,0.2800842358604091,0.3772415453123119,6,0.3333333333333333,0
566,11,1,2,0.0027075812274368,0.3777831267300517,3,0.0,1
567,11,1,2,0.0024067388688327,0.3782645324347093,3,0.0,1
568,11,1,2,0.03309265944645,0.3848838608737513,4,0.0,1
569,11,1,2,0.0327918170878459,0.3914430135997111,4,0.0,1
570,11,1,2,0.0451263537906137,0.4004693705620411,4,0.0,1
571,11,1,2,0.0469314079422382,0.4098567818028644,4,0.0,2
572,11,1,2,0.1140192539109506,0.4326633770610181,2,0.0,0
573,11,1,2,0.1182310469314079,0.4563124323023227,2,0.0,0
574,11,1,2,0.029783393501805,0.4622698278974606,4,0.0,1
575,11,1,2,0.0246690734055354,0.467204236370201,4,0.0,1
576,11,1,2,0.0,0.467204236370201,5,0.0,1
577,11,1,2,0.0138387484957882,0.4699723191719822,3,0.0,1
578,11,1,2,0.000300842358604,6.017571308220002e-05,3,0.0,1
579,11,1,2,0.0598676293622141,0.01203514261644,4,0.0,2
580,11,1,2,0.0177496991576413,0.0155855096882898,3,0.0,1
581,11,1,2,0.0045126353790613,0.0164881453845228,3,0.0,1
582,11,1,2,0.0,0.0164881453845228,5,0.0,1
583,11,1,2,0.0640794223826714,0.0293055722710314,4,0.0,2
584,11,1,2,0.0243682310469314,0.0341798050306896,4,0.0,1
585,11,1,2,0.0481347773766546,0.0438079191238416,4,0.0,2
586,11,1,2,0.0,0.0438079191238416,5,0.0,1
587,11,1,2,0.0210589651022864,0.0480202190395956,3,0.0,1
588,11,1,2,0.0752105896510228,0.0630641473101456,4,0.0,2
589,11,1,2,0.0827316486161251,0.0796124684077506,4,0.0,2
590,11,1,2,0.0415162454873646,0.0879167168130942,4,0.0,1
591,11,1,2,0.0613718411552346,0.100192562281863,4,0.0,2
592,11,1,2,0.1826113116726835,0.1367192201227584,2,0.0,0
593,11,1,2,0.0327918170878459,0.1432783728487182,4,0.0,1
594,11,1,2,0.003610108303249,0.1440004814057046,3,0.0,1
595,11,1,2,0.000300842358604,0.1440606571187868,3,0.0,1
596,11,1,2,0.0809265944645006,0.1602479239378986,4,0.0,2
597,11,1,2,0.0342960288808664,0.1671079552292694,4,0.0,1
598,11,1,2,0.0216606498194945,0.1714406065711878,3,0.0,1
599,11,1,2,0.0616726835138387,0.1837766277530388,4,0.0,2
600,11,1,2,0.0348977135980746,0.190757010470574,4,0.0,1
601,11,1,2,0.0027075812274368,0.1912985918883138,3,0.0,1
602,11,1,2,0.0499398315282791,0.201287760259959,4,0.0,2
603,11,1,2,0.1453068592057761,0.2303526296786616,2,0.0,0
604,11,1,2,0.0,0.2303526296786616,5,0.0,1
605,11,1,2,0.0030084235860409,0.2309543868094836,3,0.0,1
606,11,1,2,0.003309265944645,0.2316163196533879,3,0.0,1
607,11,1,2,0.0547533092659446,0.2425682994343483,4,0.0,2
608,11,1,2,0.0731046931407942,0.2571909977133229,4,0.0,2
609,11,1,2,0.1272563176895307,0.0254543266337706,2,0.0,0
610,11,1,2,0.1955475330926594,0.0645685401372006,6,0.3333333333333333,0
611,11,1,2,0.0225631768953068,0.0690817186183656,4,0.0,1
612,11,1,2,0.0604693140794223,0.0811770369478878,4,0.0,2
613,11,1,2,0.0126353790613718,0.0837044168973402,3,0.0,1
614,11,1,2,0.0,0.0837044168973402,5,0.0,1
615,11,1,2,0.2081829121540313,0.1253460103502226,6,0.3333333333333333,0
616,11,1,2,0.0673886883273164,0.1388253700806354,4,0.0,2
617,11,1,2,0.7081829121540313,0.2804789986761343,0,1.0,0
618,11,1,2,0.0348977135980746,0.2874593813936695,4,0.0,1
619,11,1,2,0.0487364620938628,0.2972078469129859,4,0.0,2
620,11,1,2,0.0508423586040914,0.3073775424238777,4,0.0,2
621,11,1,2,0.0905535499398315,0.3254904320616199,4,0.0,2
622,11,1,2,0.1149217809867629,0.3484775544590203,2,0.0,0
623,11,1,2,0.0252707581227436,0.3535323143579251,4,0.0,1
624,11,1,2,0.0150421179302045,0.3565411000120351,3,0.0,1
625,11,1,2,0.0800240673886883,0.3725478396919003,4,0.0,2
626,11,1,2,0.1669675090252707,0.4059453604525214,2,0.0,0
627,11,1,2,0.003309265944645,0.4066072932964256,3,0.0,1
628,11,1,2,0.0,0.4066072932964256,5,0.0,1
629,11,1,2,0.1591456077015643,0.4384402455169093,2,0.0,0
630,11,1,2,0.2262334536702767,0.4836923817547237,6,0.3333333333333333,0
631,11,1,2,0.0722021660649819,0.4981345528944517,4,0.0,2
632,11,1,2,0.2851985559566787,0.5551811288963774,6,0.3333333333333333,0
633,11,1,2,0.0123345367027677,0.5576483331327476,3,0.0,1
634,11,1,2,0.0315884476534296,0.5639667830063786,4,0.0,1
635,11,1,2,0.0270758122743682,0.5693825971837766,4,0.0,1
636,11,1,2,0.1025872442839952,0.5899025153448068,4,0.0,2
637,11,1,2,0.0147412755716004,0.5928511252858346,3,0.0,1
638,11,1,2,0.0243682310469314,0.5977253580454928,4,0.0,1
639,11,1,2,0.0213598074608904,0.0042724756288362,3,0.0,1
640,11,1,2,0.0,0.0042724756288362,5,0.0,1
641,11,1,2,0.0024067388688327,0.0047538813334938,3,0.0,1
642,11,1,2,0.0171480144404332,0.0081838969791792,3,0.0,1
643,11,1,2,0.0177496991576413,0.011734264051029,3,0.0,1
644,11,1,2,0.0138387484957882,0.0145023468528102,3,0.0,1
645,11,1,2,0.0012033694344163,0.014743049705139,3,0.0,1
646,11,1,2,0.0,0.014743049705139,5,0.0,1
647,11,1,2,0.0,0.014743049705139,5,0.0,1
648,11,1,2,0.0072202166064981,0.0161872668191118,3,0.0,1
649,11,1,2,0.059265944645006,0.0280418822963052,4,0.0,2
650,11,1,2,0.0,0.0280418822963052,5,0.0,1
651,11,1,2,0.0117328519855595,0.030388735106511,3,0.0,1
652,11,1,2,0.1260529482551143,0.0556023588879528,2,0.0,0
653,11,1,2,0.0189530685920577,0.0593934288121314,3,0.0,1
654,11,1,2,0.0499398315282791,0.0693825971837766,4,0.0,2
655,11,1,2,0.0123345367027677,0.0718498014201468,3,0.0,1
656,11,1,2,0.0138387484957882,0.074617884221928,3,0.0,1
657,11,1,2,0.0252707581227436,0.0796726441208328,4,0.0,1
658,11,1,2,0.0192539109506618,0.0835238897580936,3,0.0,1
659,11,1,2,0.0270758122743682,0.0889397039354916,4,0.0,1
660,11,1,2,0.0312876052948255,0.0951979780960404,4,0.0,1
661,11,1,2,0.0057160048134777,0.0963413166446022,3,0.0,1
662,11,1,2,0.0039109506618531,0.0971236009146708,3,0.0,1
663,11,1,2,0.0174488567990373,0.1006137922734384,3,0.0,1
664,11,1,2,0.0159446450060168,0.103803105066795,3,0.0,1
665,11,1,2,0.000300842358604,0.1038632807798772,3,0.0,1
666,11,1,2,0.0123345367027677,0.1063304850162474,3,0.0,1
667,11,1,2,0.1732851985559567,0.1409916957515946,2,0.0,0
668,11,1,2,0.0096269554753309,0.142917318570225,3,0.0,1
669,11,1,2,0.0171480144404332,0.1463473342159104,3,0.0,1
670,11,1,2,0.0213598074608904,0.0042724756288362,3,0.0,1
671,11,1,2,0.0,0.0042724756288362,5,0.0,1
672,11,1,2,0.0168471720818291,0.0076423155614394,3,0.0,1
673,11,1,2,0.0,0.0076423155614394,5,0.0,1
674,11,1,2,0.0,0.0076423155614394,5,0.0,1
675,11,1,2,0.0,0.0076423155614394,5,0.0,1
676,11,1,2,0.0,0.0076423155614394,5,0.0,1
677,11,1,2,0.0,0.0076423155614394,5,0.0,1
678,11,1,2,0.003610108303249,0.0083644241184258,3,0.0,1
679,11,1,2,0.0,0.0083644241184258,5,0.0,1
680,11,1,2,0.1107099879663056,0.0305090865326754,2,0.0,0
681,11,1,2,0.0183513838748495,0.0341798050306896,3,0.0,1
682,11,1,2,0.0,0.0341798050306896,5,0.0,1
683,11,1,2,0.0,0.0341798050306896,5,0.0,1
684,11,1,2,0.0,0.0341798050306896,5,0.0,1
685,11,1,2,0.0,0.0341798050306896,5,0.0,1
686,11,1,2,0.0,0.0341798050306896,5,0.0,1
687,11,1,2,0.0,0.0341798050306896,5,0.0,1
688,11,1,2,0.0318892900120336,0.0405584306174028,4,0.0,1
689,11,1,2,0.0,0.0405584306174028,5,0.0,1
690,11,1,2,0.0,0.0405584306174028,5,0.0,1
691,11,1,2,0.0096269554753309,0.0424840534360332,3,0.0,1
692,11,1,2,0.0,0.0424840534360332,5,0.0,1
693,11,1,2,0.0,0.0424840534360332,5,0.0,1
694,11,1,2,0.0051143200962695,0.0435070405584306,3,0.0,1
695,11,1,2,0.0,0.0435070405584306,5,0.0,1
696,11,1,2,0.0339951865222623,0.0503068961367192,4,0.0,1
697,11,1,2,0.0,0.0503068961367192,5,0.0,1
698,11,1,2,0.1233453670276775,0.0749789385004212,2,0.0,0
699,11,1,2,0.0,0.0749789385004212,5,0.0,1
700,11,1,2,0.0,0.0,5,0.0,1
701,11,1,2,0.0,0.0,5,0.0,1
702,11,1,2,0.01323706377858,0.0026477313756168,3,0.0,1
703,11,1,2,0.0,0.0026477313756168,5,0.0,1
704,11,1,2,0.0,0.0026477313756168,5,0.0,1
705,11,1,2,0.0,0.0026477313756168,5,0.0,1
706,11,1,2,0.0,0.0026477313756168,5,0.0,1
707,11,1,2,0.0,0.0026477313756168,5,0.0,1
708,11,1,2,0.0,0.0026477313756168,5,0.0,1
709,11,1,2,0.0,0.0026477313756168,5,0.0,1
710,11,1,2,0.0,0.0026477313756168,5,0.0,1
711,11,1,2,0.0,0.0026477313756168,5,0.0,1
712,11,1,2,0.0,0.0026477313756168,5,0.0,1
713,11,1,2,0.0,0.0026477313756168,5,0.0,1
714,11,1,2,0.0,0.0026477313756168,5,0.0,1
715,11,1,2,0.0,0.0026477313756168,5,0.0,1
716,11,1,2,0.0,0.0026477313756168,5,0.0,1
717,11,1,2,0.0,0.0026477313756168,5,0.0,1
718,11,1,2,0.0,0.0026477313756168,5,0.0,1
719,11,1,2,0.0,0.0026477313756168,5,0.0,1
720,11,1,2,0.0,0.0026477313756168,5,0.0,1
721,11,1,2,0.0,0.0026477313756168,5,0.0,1
722,11,1,2,0.0,0.0026477313756168,5,0.0,1
723,11,1,2,0.0,0.0026477313756168,5,0.0,1
724,11,1,2,0.0,0.0026477313756168,5,0.0,1
725,11,1,2,0.0,0.0026477313756168,5,0.0,1
726,11,1,2,0.0054151624548736,0.0037308942110964,3,0.0,1
727,11,1,2,0.0,0.0037308942110964,5,0.0,1
728,11,1,2,0.0,0.0037308942110964,5,0.0,1
729,11,1,2,0.0,0.0037308942110964,5,0.0,1
730,11,1,2,0.0,0.0037308942110964,5,0.0,1
731,11,1,0,0.0,0.0,5,0.0,1
732,11,1,0,0.0,0.0,5,0.0,1
733,11,1,0,0.0,0.0,5,0.0,1
734,11,1,0,0.0,0.0,5,0.0,1
735,11,1,0,0.0,0.0,5,0.0,1
736,11,1,0,0.0,0.0,5,0.0,1
737,11,1,0,0.0,0.0,5,0.0,1
738,11,1,0,0.0,0.0,5,0.0,1
739,11,1,0,0.0,0.0,5,0.0,1
740,11,1,0,0.0,0.0,5,0.0,1
741,11,1,0,0.0162454873646209,0.0032494885064388,3,0.0,1
742,11,1,0,0.0,0.0032494885064388,5,0.0,1
743,11,1,0,0.0,0.0032494885064388,5,0.0,1
744,11,1,0,0.0,0.0032494885064388,5,0.0,1
745,11,1,0,0.0,0.0032494885064388,5,0.0,1
746,11,1,0,0.0,0.0032494885064388,5,0.0,1
747,11,1,0,0.0,0.0032494885064388,5,0.0,1
748,11,1,0,0.0,0.0032494885064388,5,0.0,1
749,11,1,0,0.0,0.0032494885064388,5,0.0,1
750,11,1,0,0.0,0.0032494885064388,5,0.0,1
751,11,1,0,0.0,0.0032494885064388,5,0.0,1
752,11,1,0,0.0,0.0032494885064388,5,0.0,1
753,11,1,0,0.0,0.0032494885064388,5,0.0,1
754,11,1,0,0.0,0.0032494885064388,5,0.0,1
755,11,1,0,0.0,0.0032494885064388,5,0.0,1
756,11,1,0,0.0,0.0032494885064388,5,0.0,1
757,11,1,0,0.0,0.0032494885064388,5,0.0,1
758,11,1,0,0.0,0.0032494885064388,5,0.0,1
759,11,1,0,0.0,0.0032494885064388,5,0.0,1
760,11,1,0,0.0,0.0032494885064388,5,0.0,1
761,11,1,0,0.0,0.0032494885064388,5,0.0,1
762,11,1,0,0.0,0.0,5,0.0,1
763,11,1,0,0.0,0.0,5,0.0,1
764,11,1,0,0.0,0.0,5,0.0,1
765,11,1,0,0.0,0.0,5,0.0,1
766,11,1,0,0.0,0.0,5,0.0,1
767,11,1,0,0.0,0.0,5,0.0,1
768,11,1,0,0.0,0.0,5,0.0,1
769,11,1,0,0.0,0.0,5,0.0,1
770,11,1,0,0.0,0.0,5,0.0,1
771,11,1,0,0.0,0.0,5,0.0,1
772,11,1,0,0.0,0.0,5,0.0,1
773,11,1,0,0.0,0.0,5,0.0,1
774,11,1,0,0.0,0.0,5,0.0,1
775,11,1,0,0.0,0.0,5,0.0,1
776,11,1,0,0.0,0.0,5,0.0,1
777,11,1,0,0.0,0.0,5,0.0,1
778,11,1,0,0.0,0.0,5,0.0,1
779,11,1,0,0.0,0.0,5,0.0,1
780,11,1,0,0.0,0.0,5,0.0,1
781,11,1,0,0.0,0.0,5,0.0,1
782,11,1,0,0.0,0.0,5,0.0,1
783,11,1,0,0.0,0.0,5,0.0,1
784,11,1,0,0.0,0.0,5,0.0,1
785,11,1,0,0.0,0.0,5,0.0,1
786,11,1,0,0.0,0.0,5,0.0,1
787,11,1,0,0.0,0.0,5,0.0,1
788,11,1,0,0.0,0.0,5,0.0,1
789,11,1,0,0.0,0.0,5,0.0,1
790,11,1,0,0.0,0.0,5,0.0,1
791,11,1,0,0.0,0.0,5,0.0,1
792,11,1,0,0.0,0.0,5,0.0,1
793,11,1,0,0.0,0.0,5,0.0,1
794,11,1,0,0.0,0.0,5,0.0,1
795,11,1,0,0.0,0.0,5,0.0,1
796,11,1,0,0.0,0.0,5,0.0,1
797,11,1,0,0.0,0.0,5,0.0,1
798,11,1,0,0.0,0.0,5,0.0,1
799,11,1,0,0.0,0.0,5,0.0,1
800,11,1,0,0.0,0.0,5,0.0,1
801,11,1,0,0.0,0.0,5,0.0,1
802,11,1,0,0.0,0.0,5,0.0,1
803,11,1,0,0.0,0.0,5,0.0,1
804,11,1,0,0.0,0.0,5,0.0,1
805,11,1,0,0.0,0.0,5,0.0,1
806,11,1,0,0.0,0.0,5,0.0,1
807,11,1,0,0.0,0.0,5,0.0,1
808,11,1,0,0.0,0.0,5,0.0,1
809,11,1,0,0.0,0.0,5,0.0,1
810,11,1,0,0.0,0.0,5,0.0,1
811,11,1,0,0.0,0.0,5,0.0,1
812,11,1,0,0.0,0.0,5,0.0,1
813,11,1,0,0.0,0.0,5,0.0,1
814,11,1,0,0.0,0.0,5,0.0,1
815,11,1,0,0.0,0.0,5,0.0,1
816,11,1,0,0.0,0.0,5,0.0,1
817,11,1,0,0.0,0.0,5,0.0,1
818,11,1,0,0.0,0.0,5,0.0,1
819,11,1,0,0.0,0.0,5,0.0,1
820,11,1,0,0.0,0.0,5,0.0,1
821,11,1,0,0.0,0.0,5,0.0,1
822,11,1,0,0.0,0.0,5,0.0,1
823,11,1,0,0.0,0.0,5,0.0,1
824,11,1,0,0.0,0.0,5,0.0,1
825,11,1,0,0.0,0.0,5,0.0,1
826,11,1,0,0.0,0.0,5,0.0,1
827,11,1,0,0.0,0.0,5,0.0,1
828,11,1,0,0.0,0.0,5,0.0,1
829,11,1,0,0.0,0.0,5,0.0,1
830,11,1,0,0.0,0.0,5,0.0,1
831,11,1,0,0.0,0.0,5,0.0,1
832,11,1,0,0.0,0.0,5,0.0,1
833,11,1,0,0.0,0.0,5,0.0,1
834,11,1,0,0.0,0.0,5,0.0,1
835,11,1,0,0.0,0.0,5,0.0,1
836,11,1,0,0.0,0.0,5,0.0,1
837,11,1,0,0.0,0.0,5,0.0,1
838,11,1,0,0.0,0.0,5,0.0,1
839,11,1,0,0.0,0.0,5,0.0,1
840,11,1,0,0.0,0.0,5,0.0,1
841,11,1,0,0.0,0.0,5,0.0,1
842,11,1,0,0.0,0.0,5,0.0,1
843,11,1,0,0.0,0.0,5,0.0,1
844,11,1,0,0.0,0.0,5,0.0,1
845,11,1,0,0.0,0.0,5,0.0,1
846,11,1,0,0.0078219013237063,0.0015645685401372,3,0.0,1
847,11,1,0,0.0,0.0015645685401372,5,0.0,1
848,11,1,0,0.0,0.0015645685401372,5,0.0,1
849,11,1,0,0.0,0.0015645685401372,5,0.0,1
850,11,1,0,0.0,0.0015645685401372,5,0.0,1
851,11,1,0,0.0,0.0,5,0.0,1
852,11,1,0,0.0,0.0,5,0.0,1
853,11,1,0,0.0015042117930204,0.000300878565411,3,0.0,1
854,11,1,0,0.0,0.000300878565411,5,0.0,1
855,11,1,0,0.0,0.000300878565411,5,0.0,1
856,11,1,0,0.0,0.000300878565411,5,0.0,1
857,11,1,0,0.0162454873646209,0.0035503670718498,3,0.0,1
858,11,1,0,0.0,0.0035503670718498,5,0.0,1
859,11,1,0,0.0,0.0035503670718498,5,0.0,1
860,11,1,0,0.0,0.0035503670718498,5,0.0,1
861,11,1,0,0.0,0.0035503670718498,5,0.0,1
862,11,1,0,0.0,0.0035503670718498,5,0.0,1
863,11,1,0,0.0,0.0035503670718498,5,0.0,1
864,11,1,0,0.0,0.0035503670718498,5,0.0,1
865,11,1,0,0.0,0.0035503670718498,5,0.0,1
866,11,1,0,0.0054151624548736,0.0046335299073294,3,0.0,1
867,11,1,0,0.0,0.0046335299073294,5,0.0,1
868,11,1,0,0.0,0.0046335299073294,5,0.0,1
869,11,1,0,0.0,0.0046335299073294,5,0.0,1
870,11,1,0,0.0081227436823104,0.0062582741605488,3,0.0,1
871,11,1,0,0.0,0.0062582741605488,5,0.0,1
872,11,1,0,0.0,0.0062582741605488,5,0.0,1
873,11,1,0,0.0,0.0062582741605488,5,0.0,1
874,11,1,0,0.0,0.0062582741605488,5,0.0,1
875,11,1,0,0.0,0.0062582741605488,5,0.0,1
876,11,1,0,0.0,0.0062582741605488,5,0.0,1
877,11,1,0,0.0,0.0062582741605488,5,0.0,1
878,11,1,0,0.0177496991576413,0.0098086412323986,3,0.0,1
879,11,1,0,0.0,0.0098086412323986,5,0.0,1
880,11,1,0,0.0,0.0098086412323986,5,0.0,1
881,11,1,0,0.0060168471720818,0.0110121554940426,3,0.0,1
882,11,1,0,0.0,0.0,5,0.0,1
883,11,1,0,0.0,0.0,5,0.0,1
884,11,1,0,0.0,0.0,5,0.0,1
885,11,1,0,0.0,0.0,5,0.0,1
886,11,1,0,0.0,0.0,5,0.0,1
887,11,1,0,0.0075210589651022,0.001504392827055,3,0.0,1
888,11,1,0,0.0156438026474127,0.0046335299073294,3,0.0,1
889,11,1,0,0.0,0.0046335299073294,5,0.0,1
890,11,1,0,0.0,0.0046335299073294,5,0.0,1
891,11,1,0,0.0273766546329723,0.0101095197978096,4,0.0,1
892,11,1,0,0.0,0.0101095197978096,5,0.0,1
893,11,1,0,0.0,0.0101095197978096,5,0.0,1
894,11,1,0,0.0,0.0101095197978096,5,0.0,1
895,11,1,0,0.0045126353790613,0.0110121554940426,3,0.0,1
896,11,1,0,0.0,0.0110121554940426,5,0.0,1
897,11,1,0,0.0,0.0110121554940426,5,0.0,1
898,11,1,0,0.0258724428399518,0.0161872668191118,4,0.0,1
899,11,1,0,0.0,0.0161872668191118,5,0.0,1
900,11,1,0,0.0,0.0161872668191118,5,0.0,1
901,11,1,0,0.0,0.0161872668191118,5,0.0,1
902,11,1,0,0.0,0.0161872668191118,5,0.0,1
903,11,1,0,0.0,0.0161872668191118,5,0.0,1
904,11,1,0,0.0,0.0161872668191118,5,0.0,1
905,11,1,0,0.0,0.0161872668191118,5,0.0,1
906,11,1,0,0.0,0.0161872668191118,5,0.0,1
907,11,1,0,0.0048134777376654,0.017150078228427,3,0.0,1
908,11,1,0,0.0,0.017150078228427,5,0.0,1
909,11,1,0,0.0,0.017150078228427,5,0.0,1
910,11,1,0,0.0451263537906137,0.026176435190757,4,0.0,1
911,11,1,0,0.0,0.026176435190757,5,0.0,1
912,11,1,0,0.0,0.0,5,0.0,1
913,11,1,0,0.0,0.0,5,0.0,1
914,11,1,0,0.0012033694344163,0.0002407028523288,3,0.0,1
915,11,1,0,0.0078219013237063,0.001805271392466,3,0.0,1
916,11,1,0,0.0448255114320096,0.0107714526417138,4,0.0,1
917,11,1,0,0.0,0.0107714526417138,5,0.0,1
918,11,1,0,0.0,0.0107714526417138,5,0.0,1
919,11,1,0,0.0,0.0107714526417138,5,0.0,1
920,11,1,0,0.0,0.0107714526417138,5,0.0,1
921,11,1,0,0.0,0.0107714526417138,5,0.0,1
922,11,1,0,0.0273766546329723,0.016247442532194,4,0.0,1
923,11,1,0,0.0,0.016247442532194,5,0.0,1
924,11,1,0,0.0267749699157641,0.0216030809965098,4,0.0,1
925,11,1,0,0.0,0.0216030809965098,5,0.0,1
926,11,1,0,0.0081227436823104,0.0232278252497292,3,0.0,1
927,11,1,0,0.0409145607701564,0.0314117222289084,4,0.0,1
928,11,1,0,0.0,0.0314117222289084,5,0.0,1
929,11,1,0,0.0,0.0314117222289084,5,0.0,1
930,11,1,0,0.0,0.0314117222289084,5,0.0,1
931,11,1,0,0.0,0.0314117222289084,5,0.0,1
932,11,1,0,0.0,0.0314117222289084,5,0.0,1
933,11,1,0,0.0391095066185318,0.0392345649295944,4,0.0,1
934,11,1,0,0.0,0.0392345649295944,5,0.0,1
935,11,1,0,0.0,0.0392345649295944,5,0.0,1
936,11,1,0,0.0,0.0392345649295944,5,0.0,1
937,11,1,0,0.0,0.0392345649295944,5,0.0,1
938,11,1,0,0.0105294825511432,0.0413407148874714,3,0.0,1
939,11,1,0,0.0,0.0413407148874714,5,0.0,1
940,11,1,0,0.0,0.0413407148874714,5,0.0,1
941,11,1,0,0.0207581227436823,0.0454928390901432,3,0.0,1
942,11,1,0,0.0,0.0454928390901432,5,0.0,1
943,11,1,0,0.0,0.0,5,0.0,1
944,11,1,0,0.0,0.0,5,0.0,1
945,11,1,0,0.0,0.0,5,0.0,1
946,11,1,0,0.0,0.0,5,0.0,1
947,11,1,0,0.0,0.0,5,0.0,1
948,11,1,0,0.0,0.0,5,0.0,1
949,11,1,0,0.0454271961492178,0.0090865326754122,4,0.0,2
950,11,1,0,0.003309265944645,0.0097484655193164,3,0.0,1
951,11,1,0,0.0,0.0097484655193164,5,0.0,1
952,11,1,0,0.1359807460890493,0.0369478878324708,2,0.0,0
953,11,1,0,0.0,0.0369478878324708,5,0.0,1
954,11,1,0,0.0,0.0369478878324708,5,0.0,1
955,11,1,0,0.0,0.0369478878324708,5,0.0,1
956,11,1,0,0.0716004813477737,0.0512697075460344,4,0.0,2
957,11,1,0,0.0,0.0512697075460344,5,0.0,1
958,11,1,0,0.0,0.0512697075460344,5,0.0,1
959,11,1,0,0.0,0.0512697075460344,5,0.0,1
960,11,1,0,0.0,0.0512697075460344,5,0.0,1
961,11,1,0,0.01985559566787,0.0552413046094596,3,0.0,1
962,11,1,0,0.0,0.0552413046094596,5,0.0,1
963,11,1,0,0.0,0.0552413046094596,5,0.0,1
964,11,1,0,0.0,0.0552413046094596,5,0.0,1
965,11,1,0,0.0,0.0552413046094596,5,0.0,1
966,11,1,0,0.0460288808664259,0.0644481887110362,4,0.0,2
967,11,1,0,0.0,0.0644481887110362,5,0.0,1
968,11,1,0,0.0162454873646209,0.067697677217475,3,0.0,1
969,11,1,0,0.0,0.067697677217475,5,0.0,1
970,11,1,0,0.0,0.067697677217475,5,0.0,1
971,11,1,0,0.0,0.067697677217475,5,0.0,1
972,11,1,0,0.0,0.067697677217475,5,0.0,1
973,11,1,0,0.0135379061371841,0.070405584306174,3,0.0,1
974,11,1,0,0.0,0.0,5,0.0,1
975,11,1,0,0.0,0.0,5,0.0,1
976,11,1,0,0.0294825511432009,0.0058972198820556,4,0.0,1
977,11,1,0,0.0186522262334536,0.009628114093152,3,0.0,1
978,11,1,0,0.0354993983152827,0.0167288482368516,4,0.0,1
979,11,1,0,0.0,0.0167288482368516,5,0.0,1
980,11,1,0,0.0081227436823104,0.018353592490071,3,0.0,1
981,11,1,0,0.0,0.018353592490071,5,0.0,1
982,11,1,0,0.0,0.018353592490071,5,0.0,1
983,11,1,0,0.0351985559566787,0.0253941509206884,4,0.0,1
984,11,1,0,0.0,0.0253941509206884,5,0.0,1
985,11,1,0,0.0,0.0253941509206884,5,0.0,1
986,11,1,0,0.0,0.0253941509206884,5,0.0,1
987,11,1,0,0.0,0.0253941509206884,5,0.0,1
988,11,1,0,0.003610108303249,0.0261162594776748,3,0.0,1
989,11,1,0,0.0,0.0261162594776748,5,0.0,1
990,11,1,0,0.0358002406738868,0.0332771693344566,4,0.0,1
991,11,1,0,0.0039109506618531,0.0340594536045252,3,0.0,1
992,11,1,0,0.0,0.0340594536045252,5,0.0,1
993,11,1,0,0.0,0.0340594536045252,5,0.0,1
994,11,1,0,0.0,0.0340594536045252,5,0.0,1
995,11,1,0,0.0042117930204572,0.034901913587676,3,0.0,1
996,11,1,0,0.0,0.034901913587676,5,0.0,1
997,11,1,0,0.0180505415162454,0.038512456372608,3,0.0,1
998,11,1,0,0.0,0.038512456372608,5,0.0,1
999,11,1,0,0.0,0.038512456372608,5,0.0,1
1000,11,1,0,0.0,0.038512456372608,5,0.0,1
1001,11,1,0,0.0,0.038512456372608,5,0.0,1
1002,11,1,0,0.0,0.038512456372608,5,0.0,1
1003,11,1,0,0.0,0.038512456372608,5,0.0,1
1004,11,1,0,0.0,0.0,5,0.0,1
1005,11,1,0,0.0,0.0,5,0.0,1
1006,11,1,0,0.0,0.0,5,0.0,1
1007,11,1,0,0.0,0.0,5,0.0,1
1008,11,1,0,0.0,0.0,5,0.0,1
1009,11,1,0,0.0,0.0,5,0.0,1
1010,11,1,0,0.000300842358604,6.017571308220002e-05,3,0.0,1
1011,11,1,0,0.0,6.017571308220002e-05,5,0.0,1
1012,11,1,0,0.0078219013237063,0.0016247442532194,3,0.0,1
1013,11,1,0,0.0,0.0016247442532194,5,0.0,1
1014,11,1,0,0.0,0.0016247442532194,5,0.0,1
1015,11,1,0,0.0174488567990373,0.005114935611987,3,0.0,1
1016,11,1,0,0.0,0.005114935611987,5,0.0,1
1017,11,1,0,0.0273766546329723,0.0105909255024672,4,0.0,1
1018,11,1,0,0.0,0.0105909255024672,5,0.0,1
1019,11,1,0,0.0,0.0105909255024672,5,0.0,1
1020,11,1,0,0.0084235860409145,0.0122758454687688,3,0.0,1
1021,11,1,0,0.0,0.0122758454687688,5,0.0,1
1022,11,1,0,0.0,0.0122758454687688,5,0.0,1
1023,11,1,0,0.0,0.0122758454687688,5,0.0,1
1024,11,1,0,0.0,0.0122758454687688,5,0.0,1
1025,11,1,0,0.0,0.0122758454687688,5,0.0,1
1026,11,1,0,0.0087244283995186,0.0140209411481526,3,0.0,1
1027,11,1,0,0.0018050541516245,0.0143819954266458,3,0.0,1
1028,11,1,0,0.0,0.0143819954266458,5,0.0,1
1029,11,1,0,0.0,0.0143819954266458,5,0.0,1
1030,11,1,0,0.0,0.0143819954266458,5,0.0,1
1031,11,1,0,0.0048134777376654,0.015344806835961,3,0.0,1
1032,11,1,0,0.0,0.015344806835961,5,0.0,1
1033,11,1,0,0.0018050541516245,0.0157058611144542,3,0.0,1
1034,11,1,0,0.0174488567990373,0.0191960524732218,3,0.0,1
1035,11,1,0,0.0,0.0,5,0.0,1
1036,11,1,0,0.0,0.0,5,0.0,1
1037,11,1,0,0.0,0.0,5,0.0,1
1038,11,1,0,0.0,0.0,5,0.0,1
1039,11,1,0,0.0,0.0,5,0.0,1
1040,11,1,0,0.0,0.0,5,0.0,1
1041,11,1,0,0.0,0.0,5,0.0,1
1042,11,1,0,0.0,0.0,5,0.0,1
1043,11,1,0,0.0,0.0,5,0.0,1
1044,11,1,0,0.0,0.0,5,0.0,1
1045,11,1,0,0.0,0.0,5,0.0,1
1046,11,1,0,0.0,0.0,5,0.0,1
1047,11,1,0,0.0,0.0,5,0.0,1
1048,11,1,0,0.0,0.0,5,0.0,1
1049,11,1,0,0.0,0.0,5,0.0,1
1050,11,1,0,0.0,0.0,5,0.0,1
1051,11,1,0,0.0,0.0,5,0.0,1
1052,11,1,0,0.0,0.0,5,0.0,1
1053,11,1,0,0.0,0.0,5,0.0,1
1054,11,1,0,0.0,0.0,5,0.0,1
1055,11,1,0,0.0,0.0,5,0.0,1
1056,11,1,0,0.0,0.0,5,0.0,1
1057,11,1,0,0.0,0.0,5,0.0,1
1058,11,1,0,0.0,0.0,5,0.0,1
1059,11,1,0,0.0,0.0,5,0.0,1
1060,11,1,0,0.0,0.0,5,0.0,1
1061,11,1,0,0.0,0.0,5,0.0,1
1062,11,1,0,0.0,0.0,5,0.0,1
1063,11,1,0,0.0,0.0,5,0.0,1
1064,11,1,0,0.0,0.0,5,0.0,1
1065,11,1,0,0.0,0.0,5,0.0,1
1066,11,1,0,0.0,0.0,5,0.0,1
1067,11,1,0,0.0,0.0,5,0.0,1
1068,11,1,0,0.0,0.0,5,0.0,1
1069,11,1,0,0.0,0.0,5,0.0,1
1070,11,1,0,0.0,0.0,5,0.0,1
1071,11,1,0,0.0,0.0,5,0.0,1
1072,11,1,0,0.0,0.0,5,0.0,1
1073,11,1,0,0.0,0.0,5,0.0,1
1074,11,1,0,0.0,0.0,5,0.0,1
1075,11,1,0,0.0,0.0,5,0.0,1
1076,11,1,0,0.0,0.0,5,0.0,1
1077,11,1,0,0.0,0.0,5,0.0,1
1078,11,1,0,0.0,0.0,5,0.0,1
1079,11,1,0,0.0,0.0,5,0.0,1
1080,11,1,0,0.0,0.0,5,0.0,1
1081,11,1,0,0.0,0.0,5,0.0,1
1082,11,1,0,0.0,0.0,5,0.0,1
1083,11,1,0,0.0,0.0,5,0.0,1
1084,11,1,0,0.0,0.0,5,0.0,1
1085,11,1,0,0.0,0.0,5,0.0,1
1086,11,1,0,0.0,0.0,5,0.0,1
1087,11,1,0,0.0,0.0,5,0.0,1
1088,11,1,0,0.0,0.0,5,0.0,1
1089,11,1,0,0.0,0.0,5,0.0,1
1090,11,1,0,0.0,0.0,5,0.0,1
1091,11,1,0,0.0,0.0,5,0.0,1
1092,11,1,0,0.00661853188929,0.0013238656878084,3,0.0,1
1093,11,1,0,0.0,0.0013238656878084,5,0.0,1
1094,11,1,0,0.0,0.0013238656878084,5,0.0,1
1095,11,1,0,0.0,0.0013238656878084,5,0.0,1
1096,11,1,3,0.0,0.0,5,0.0,1
1097,11,1,3,0.0,0.0,5,0.0,1
1098,11,1,3,0.0,0.0,5,0.0,1
1099,11,1,3,0.0,0.0,5,0.0,1
1100,11,1,3,0.0,0.0,5,0.0,1
1101,11,1,3,0.0,0.0,5,0.0,1
1102,11,1,3,0.0,0.0,5,0.0,1
1103,11,1,3,0.0,0.0,5,0.0,1
1104,11,1,3,0.0,0.0,5,0.0,1
1105,11,1,3,0.0,0.0,5,0.0,1
1106,11,1,3,0.0,0.0,5,0.0,1
1107,11,1,3,0.0,0.0,5,0.0,1
1108,11,1,3,0.0,0.0,5,0.0,1
1109,11,1,3,0.0,0.0,5,0.0,1
1110,11,1,3,0.0,0.0,5,0.0,1
1111,11,1,3,0.0,0.0,5,0.0,1
1112,11,1,3,0.0,0.0,5,0.0,1
1113,11,1,3,0.0,0.0,5,0.0,1
1114,11,1,3,0.0,0.0,5,0.0,1
1115,11,1,3,0.0,0.0,5,0.0,1
1116,11,1,3,0.0,0.0,5,0.0,1
1117,11,1,3,0.0,0.0,5,0.0,1
1118,11,1,3,0.0,0.0,5,0.0,1
1119,11,1,3,0.0,0.0,5,0.0,1
1120,11,1,3,0.0,0.0,5,0.0,1
1121,11,1,3,0.0,0.0,5,0.0,1
1122,11,1,3,0.0,0.0,5,0.0,1
1123,11,1,3,0.0,0.0,5,0.0,1
1124,11,1,3,0.0,0.0,5,0.0,1
1125,11,1,3,0.0,0.0,5,0.0,1
1126,11,1,3,0.0,0.0,5,0.0,1
1127,11,1,3,0.0,0.0,5,0.0,1
1128,11,1,3,0.0,0.0,5,0.0,1
1129,11,1,3,0.0,0.0,5,0.0,1
1130,11,1,3,0.0,0.0,5,0.0,1
1131,11,1,3,0.0,0.0,5,0.0,1
1132,11,1,3,0.0,0.0,5,0.0,1
1133,11,1,3,0.0,0.0,5,0.0,1
1134,11,1,3,0.0,0.0,5,0.0,1
1135,11,1,3,0.00661853188929,0.0013238656878084,3,0.0,1
1136,11,1,3,0.0072202166064981,0.0027680828017812,3,0.0,1
1137,11,1,3,0.0,0.0027680828017812,5,0.0,1
1138,11,1,3,0.0,0.0027680828017812,5,0.0,1
1139,11,1,3,0.0,0.0027680828017812,5,0.0,1
1140,11,1,3,0.0,0.0027680828017812,5,0.0,1
1141,11,1,3,0.0,0.0027680828017812,5,0.0,1
1142,11,1,3,0.0,0.0027680828017812,5,0.0,1
1143,11,1,3,0.0,0.0027680828017812,5,0.0,1
1144,11,1,3,0.0,0.0027680828017812,5,0.0,1
1145,11,1,3,0.0,0.0027680828017812,5,0.0,1
1146,11,1,3,0.0,0.0027680828017812,5,0.0,1
1147,11,1,3,0.0,0.0027680828017812,5,0.0,1
1148,11,1,3,0.0,0.0027680828017812,5,0.0,1
1149,11,1,3,0.0,0.0027680828017812,5,0.0,1
1150,11,1,3,0.0,0.0027680828017812,5,0.0,1
1151,11,1,3,0.0,0.0027680828017812,5,0.0,1
1152,11,1,3,0.0,0.0027680828017812,5,0.0,1
1153,11,1,3,0.0,0.0027680828017812,5,0.0,1
1154,11,1,3,0.0,0.0027680828017812,5,0.0,1
1155,11,1,3,0.0,0.0,5,0.0,1
1156,11,1,3,0.0,0.0,5,0.0,1
1157,11,1,3,0.0,0.0,5,0.0,1
1158,11,1,3,0.0,0.0,5,0.0,1
1159,11,1,3,0.0,0.0,5,0.0,1
1160,11,1,3,0.0,0.0,5,0.0,1
1161,11,1,3,0.0,0.0,5,0.0,1
1162,11,1,3,0.0,0.0,5,0.0,1
1163,11,1,3,0.0,0.0,5,0.0,1
1164,11,1,3,0.0,0.0,5,0.0,1
1165,11,1,3,0.0,0.0,5,0.0,1
1166,11,1,3,0.0,0.0,5,0.0,1
1167,11,1,3,0.0,0.0,5,0.0,1
1168,11,1,3,0.0,0.0,5,0.0,1
1169,11,1,3,0.0,0.0,5,0.0,1
1170,11,1,3,0.0,0.0,5,0.0,1
1171,11,1,3,0.0,0.0,5,0.0,1
1172,11,1,3,0.0,0.0,5,0.0,1
1173,11,1,3,0.0,0.0,5,0.0,1
1174,11,1,3,0.0,0.0,5,0.0,1
1175,11,1,3,0.0,0.0,5,0.0,1
1176,11,1,3,0.0,0.0,5,0.0,1
1177,11,1,3,0.0,0.0,5,0.0,1
1178,11,1,3,0.0,0.0,5,0.0,1
1179,11,1,3,0.0,0.0,5,0.0,1
1180,11,1,3,0.0,0.0,5,0.0,1
1181,11,1,3,0.0327918170878459,0.0065591527259598,4,0.0,1
1182,11,1,3,0.0,0.0065591527259598,5,0.0,1
1183,11,1,3,0.0,0.0065591527259598,5,0.0,1
1184,11,1,3,0.0,0.0065591527259598,5,0.0,1
1185,11,1,3,0.0,0.0065591527259598,5,0.0,1
1186,11,1,3,0.0,0.0,5,0.0,1
1187,11,1,3,0.0,0.0,5,0.0,1
1188,11,1,3,0.0,0.0,5,0.0,1
1189,11,1,3,0.02647412755716,0.0052954627512336,4,0.0,1
1190,11,1,3,0.0,0.0052954627512336,5,0.0,1
1191,11,1,3,0.0,0.0052954627512336,5,0.0,1
1192,11,1,3,0.0075210589651022,0.0067998555782886,3,0.0,1
1193,11,1,3,0.0,0.0067998555782886,5,0.0,1
1194,11,1,3,0.0,0.0067998555782886,5,0.0,1
1195,11,1,3,0.03971119133574,0.014743049705139,4,0.0,1
1196,11,1,3,0.0,0.014743049705139,5,0.0,1
1197,11,1,3,0.0171480144404332,0.0181730653508244,3,0.0,1
1198,11,1,3,0.0,0.0181730653508244,5,0.0,1
1199,11,1,3,0.0042117930204572,0.0190155253339752,3,0.0,1
1200,11,1,3,0.0,0.0190155253339752,5,0.0,1
1201,11,1,3,0.0,0.0190155253339752,5,0.0,1
1202,11,1,3,0.0,0.0190155253339752,5,0.0,1
1203,11,1,3,0.0,0.0190155253339752,5,0.0,1
1204,11,1,3,0.0,0.0190155253339752,5,0.0,1
1205,11,1,3,0.0,0.0190155253339752,5,0.0,1
1206,11,1,3,0.0,0.0190155253339752,5,0.0,1
1207,11,1,3,0.0,0.0190155253339752,5,0.0,1
1208,11,1,3,0.0,0.0190155253339752,5,0.0,1
1209,11,1,3,0.0,0.0190155253339752,5,0.0,1
1210,11,1,3,0.0171480144404332,0.0224455409796606,3,0.0,1
1211,11,1,3,0.0,0.0224455409796606,5,0.0,1
1212,11,1,3,0.0,0.0224455409796606,5,0.0,1
1213,11,1,3,0.0,0.0224455409796606,5,0.0,1
1214,11,1,3,0.0,0.0224455409796606,5,0.0,1
1215,11,1,3,0.0,0.0224455409796606,5,0.0,1
1216,11,1,3,0.0,0.0,5,0.0,1
1217,11,1,3,0.0,0.0,5,0.0,1
1218,11,1,3,0.0,0.0,5,0.0,1
1219,11,1,3,0.0,0.0,5,0.0,1
1220,11,1,3,0.0,0.0,5,0.0,1
1221,11,1,3,0.0,0.0,5,0.0,1
1222,11,1,3,0.0,0.0,5,0.0,1
1223,11,1,3,0.0,0.0,5,0.0,1
1224,11,1,3,0.0,0.0,5,0.0,1
1225,11,1,3,0.0,0.0,5,0.0,1
1226,11,1,3,0.0018050541516245,0.0003610542784932,3,0.0,1
1227,11,1,3,0.00661853188929,0.0016849199663016,3,0.0,1
1228,11,1,3,0.0,0.0016849199663016,5,0.0,1
1229,11,1,3,0.0,0.0016849199663016,5,0.0,1
1230,11,1,3,0.0,0.0016849199663016,5,0.0,1
1231,11,1,3,0.0015042117930204,0.0019857985317126,3,0.0,1
1232,11,1,3,0.0150421179302045,0.0049945841858226,3,0.0,1
1233,11,1,3,0.0,0.0049945841858226,5,0.0,1
1234,11,1,3,0.0,0.0049945841858226,5,0.0,1
1235,11,1,3,0.003309265944645,0.0056565170297268,3,0.0,1
1236,11,1,3,0.0,0.0056565170297268,5,0.0,1
1237,11,1,3,0.0093261131167268,0.007521964135275,3,0.0,1
1238,11,1,3,0.0,0.007521964135275,5,0.0,1
1239,11,1,3,0.0,0.007521964135275,5,0.0,1
1240,11,1,3,0.0,0.007521964135275,5,0.0,1
1241,11,1,3,0.0,0.007521964135275,5,0.0,1
1242,11,1,3,0.00661853188929,0.0088458298230834,3,0.0,1
1243,11,1,3,0.0,0.0088458298230834,5,0.0,1
1244,11,1,3,0.0,0.0088458298230834,5,0.0,1
1245,11,1,3,0.0,0.0088458298230834,5,0.0,1
1246,11,1,3,0.0,0.0088458298230834,5,0.0,1
1247,11,1,3,0.0538507821901323,0.0107714526417138,4,0.0,2
1248,11,1,3,0.0595667870036101,0.0226862438319894,4,0.0,2
1249,11,1,3,0.0294825511432009,0.028583463714045,4,0.0,1
1250,11,1,3,0.0836341756919374,0.0453123119508966,4,0.0,2
1251,11,1,3,0.0087244283995186,0.0470574076302804,3,0.0,1
1252,11,1,3,0.0183513838748495,0.0507281261282946,3,0.0,1
1253,11,1,3,0.0183513838748495,0.0543988446263088,3,0.0,1
1254,11,1,3,0.0700962695547533,0.0684197857744614,4,0.0,2
1255,11,1,3,0.0773164861612515,0.0838849440365868,4,0.0,2
1256,11,1,3,0.0815282791817088,0.100192562281863,4,0.0,2
1257,11,1,3,0.0,0.100192562281863,5,0.0,1
1258,11,1,3,0.0279783393501805,0.1057889035985076,4,0.0,1
1259,11,1,3,0.0285800240673886,0.1115055963413166,4,0.0,1
1260,11,1,3,0.0,0.1115055963413166,5,0.0,1
1261,11,1,3,0.0027075812274368,0.1120471777590564,3,0.0,1
1262,11,1,3,0.0093261131167268,0.1139126248646046,3,0.0,1
1263,11,1,3,0.009927797833935,0.1158984233963172,3,0.0,1
1264,11,1,3,0.0333935018050541,0.1225779275484414,4,0.0,1
1265,11,1,3,0.0135379061371841,0.1252858346371404,3,0.0,1
1266,11,1,3,0.1149217809867629,0.1482729570345408,2,0.0,0
1267,11,1,3,0.1720818291215403,0.1826934649175592,2,0.0,0
1268,11,1,3,0.0126353790613718,0.1852208448670116,3,0.0,1
1269,11,1,3,0.095667870036101,0.2043567216271513,4,0.0,2
1270,11,1,3,0.0093261131167268,0.2062221687326994,3,0.0,1
1271,11,1,3,0.0210589651022864,0.2104344686484534,3,0.0,1
1272,11,1,3,0.003309265944645,0.2110964014923577,3,0.0,1
1273,11,1,3,0.0,0.2110964014923577,5,0.0,1
1274,11,1,3,0.0640794223826714,0.2239138283788663,4,0.0,2
1275,11,1,3,0.0192539109506618,0.227765074016127,3,0.0,1
1276,11,1,3,0.0051143200962695,0.2287880611385244,3,0.0,1
1277,11,1,3,0.3038507821901324,0.060777470213022,6,0.3333333333333333,0
1278,11,1,3,0.0508423586040914,0.0709471657239138,4,0.0,2
1279,11,1,3,0.0589651022864019,0.082741605488025,4,0.0,2
1280,11,1,3,0.0478339350180505,0.0923095438680948,4,0.0,2
1281,11,1,3,0.075812274368231,0.1074738235648092,4,0.0,2
1282,11,1,3,0.0081227436823104,0.1090985678180286,3,0.0,1
1283,11,1,3,0.0493381468110709,0.1189673847635094,4,0.0,2
1284,11,1,3,0.0926594464500601,0.137501504392827,4,0.0,2
1285,11,1,3,0.1422984356197352,0.1659646166807076,2,0.0,0
1286,11,1,3,0.0126353790613718,0.16849199663016,3,0.0,1
1287,11,1,3,0.049638989169675,0.178420989288723,4,0.0,2
1288,11,1,3,0.04632972322503,0.1876880491033818,4,0.0,2
1289,11,1,3,0.065884476534296,0.2008665302683837,4,0.0,2
1290,11,1,3,0.0664861612515042,0.2141653628595498,4,0.0,2
1291,11,1,3,0.0391095066185318,0.2219882055602358,4,0.0,1
1292,11,1,3,0.0120336943441636,0.2243952340835238,3,0.0,1
1293,11,1,3,0.2000601684717208,0.2644120832831869,6,0.3333333333333333,0
1294,11,1,3,0.0306859205776173,0.2705500060175713,4,0.0,1
1295,11,1,3,0.0048134777376654,0.2715128174268865,3,0.0,1
1296,11,1,3,0.1964500601684717,0.3108075580695631,6,0.3333333333333333,0
1297,11,1,3,0.0174488567990373,0.3142977494283306,3,0.0,1
1298,11,1,3,0.0285800240673886,0.3200144421711396,4,0.0,1
1299,11,1,3,0.0,0.3200144421711396,5,0.0,1
1300,11,1,3,0.0042117930204572,0.3208569021542905,3,0.0,1
1301,11,1,3,0.0345968712394705,0.3277771091587435,4,0.0,1
1302,11,1,3,0.0342960288808664,0.3346371404501143,4,0.0,1
1303,11,1,3,0.0902527075812274,0.3526898543747743,4,0.0,2
1304,11,1,3,0.0144404332129963,0.3555782886027199,3,0.0,1
1305,11,1,3,0.0048134777376654,0.3565411000120351,3,0.0,1
1306,11,1,3,0.016546329723225,0.3598507642315561,3,0.0,1
1307,11,1,3,0.0282791817087845,0.3655072812612829,4,0.0,1
1308,11,1,3,0.0279783393501805,0.0055963413166446,4,0.0,1
1309,11,1,3,0.1477135980746089,0.0351426164400048,2,0.0,0
1310,11,1,3,0.0129362214199759,0.0377301721025394,3,0.0,1
1311,11,1,3,0.0,0.0377301721025394,5,0.0,1
1312,11,1,3,0.1074007220216606,0.0592129016728848,2,0.0,0
1313,11,1,3,0.0472322503008423,0.0686604886267902,4,0.0,2
1314,11,1,3,0.0123345367027677,0.0711276928631604,3,0.0,1
1315,11,1,3,0.0508423586040914,0.0812973883740522,4,0.0,2
1316,11,1,3,0.0442238267148014,0.0901432181971356,4,0.0,1
1317,11,1,3,0.0761131167268351,0.1053676736069322,4,0.0,2
1318,11,1,3,0.0093261131167268,0.1072331207124804,3,0.0,1
1319,11,1,3,0.0655836341756919,0.1203514261644,4,0.0,2
1320,11,1,3,0.0520457280385078,0.1307618245276206,4,0.0,2
1321,11,1,3,0.1672683513838748,0.1642195210013238,2,0.0,0
1322,11,1,3,0.101985559566787,0.1846190877361896,4,0.0,2
1323,11,1,3,0.0547533092659446,0.19557106751715,4,0.0,2
1324,11,1,3,0.1140192539109506,0.2183776627753038,2,0.0,0
1325,11,1,3,0.0649819494584837,0.2313756168010591,4,0.0,2
1326,11,1,3,0.0,0.2313756168010591,5,0.0,1
1327,11,1,3,0.0348977135980746,0.2383559995185943,4,0.0,1
1328,11,1,3,0.0,0.2383559995185943,5,0.0,1
1329,11,1,3,0.016546329723225,0.2416656637381153,3,0.0,1
1330,11,1,3,0.0108303249097472,0.2438319894090745,3,0.0,1
1331,11,1,3,0.2051744885679904,0.2848718257311349,6,0.3333333333333333,0
1332,11,1,3,0.1624548736462094,0.3173667107955229,2,0.0,0
1333,11,1,3,0.0508423586040914,0.3275364063064147,4,0.0,2
1334,11,1,3,0.0120336943441636,0.3299434348297027,3,0.0,1
1335,11,1,3,0.0081227436823104,0.3315681790829221,3,0.0,1
1336,11,1,3,0.0,0.3315681790829221,5,0.0,1
1337,11,1,3,0.0015042117930204,0.3318690576483331,3,0.0,1
1338,11,1,3,0.0021058965102286,0.3322902876399085,3,0.0,1
1339,11,1,3,0.0270758122743682,0.005415814177398,4,0.0,1
1340,11,1,3,0.0628760529482551,0.0179925382115778,4,0.0,2
1341,11,1,3,0.062575210589651,0.0305090865326754,4,0.0,2
1342,11,1,3,0.0060168471720818,0.0317126007943194,3,0.0,1
1343,11,1,3,0.0716004813477737,0.046034420507883,4,0.0,2
1344,11,1,3,0.0,0.046034420507883,5,0.0,1
1345,11,1,3,0.0,0.046034420507883,5,0.0,1
1346,11,1,3,0.1013838748495788,0.0663136358165844,4,0.0,2
1347,11,1,3,0.0896510228640192,0.08424599831508,4,0.0,2
1348,11,1,3,0.0081227436823104,0.0858707425682994,3,0.0,1
1349,11,1,3,0.0544524669073405,0.0967625466361776,4,0.0,2
1350,11,1,3,0.0676895306859205,0.1103020820796726,4,0.0,2
1351,11,1,3,0.0072202166064981,0.1117462991936454,3,0.0,1
1352,11,1,3,0.0246690734055354,0.1166807076663858,4,0.0,1
1353,11,1,3,0.0628760529482551,0.1292574317005656,4,0.0,2
1354,11,1,3,0.0361010830324909,0.1364785172704296,4,0.0,1
1355,11,1,3,0.0869434416365824,0.1538692983511854,4,0.0,2
1356,11,1,3,0.0493381468110709,0.1637381152966662,4,0.0,2
1357,11,1,3,0.0177496991576413,0.167288482368516,3,0.0,1
1358,11,1,3,0.1200361010830324,0.1912985918883138,2,0.0,0
1359,11,1,3,0.0021058965102286,0.1917198218798892,3,0.0,1
1360,11,1,3,0.036401925391095,0.1990010831628354,4,0.0,1
1361,11,1,3,0.0078219013237063,0.2005656517029727,3,0.0,1
1362,11,1,3,0.0613718411552346,0.2128414971717414,4,0.0,2
1363,11,1,3,0.0529482551143201,0.2234324226742086,4,0.0,2
1364,11,1,3,0.0183513838748495,0.2271031411722228,3,0.0,1
1365,11,1,3,0.0361010830324909,0.2343242267420868,4,0.0,1
1366,11,1,3,0.0457280385078219,0.2434709351305813,4,0.0,2
1367,11,1,3,0.0309867629362214,0.2496690335780478,4,0.0,1
1368,11,1,3,0.0553549939831528,0.2607413647851727,4,0.0,2
1369,11,1,3,0.0,0.0,5,0.0,1
1370,11,1,3,0.0171480144404332,0.0034300156456854,3,0.0,1
1371,11,1,3,0.0,0.0034300156456854,5,0.0,1
1372,11,1,3,0.0192539109506618,0.0072812612829462,3,0.0,1
1373,11,1,3,0.0075210589651022,0.0087856541100012,3,0.0,1
1374,11,1,3,0.0394103489771359,0.0166686725237694,4,0.0,1
1375,11,1,3,0.0234657039711191,0.021362378144181,4,0.0,1
1376,11,1,3,0.0,0.021362378144181,5,0.0,1
1377,11,1,3,0.0030084235860409,0.021964135275003,3,0.0,1
1378,11,1,3,0.0084235860409145,0.0236490552413046,3,0.0,1
1379,11,1,3,0.0309867629362214,0.0298471536887712,4,0.0,1
1380,11,1,3,0.0195547533092659,0.0337585750391142,3,0.0,1
1381,11,1,3,0.0006016847172081,0.0338789264652786,3,0.0,1
1382,11,1,3,0.0018050541516245,0.0342399807437718,3,0.0,1
1383,11,1,3,0.0060168471720818,0.0354434950054158,3,0.0,1
1384,11,1,3,0.03309265944645,0.0420628234444578,4,0.0,1
1385,11,1,3,0.0,0.0420628234444578,5,0.0,1
1386,11,1,3,0.0,0.0420628234444578,5,0.0,1
1387,11,1,3,0.0096269554753309,0.0439884462630882,3,0.0,1
1388,11,1,3,0.0,0.0439884462630882,5,0.0,1
1389,11,1,3,0.0111311672683513,0.0462149476471296,3,0.0,1
1390,11,1,3,0.0240673886883273,0.0510290046937056,4,0.0,1
1391,11,1,3,0.0,0.0510290046937056,5,0.0,1
1392,11,1,3,0.000300842358604,0.0510891804067878,3,0.0,1
1393,11,1,3,0.0210589651022864,0.0553014803225418,3,0.0,1
1394,11,1,3,0.0027075812274368,0.0558430617402816,3,0.0,1
1395,11,1,3,0.0021058965102286,0.056264291731857,3,0.0,1
1396,11,1,3,0.003610108303249,0.0569864002888434,3,0.0,1
1397,11,1,3,0.0078219013237063,0.0585509688289806,3,0.0,1
1398,11,1,3,0.0081227436823104,0.0601757130822,3,0.0,1
1399,11,1,3,0.0,0.0601757130822,5,0.0,1
1400,11,1,3,0.0,0.0,5,0.0,1
1401,11,1,3,0.0,0.0,5,0.0,1
1402,11,1,3,0.0288808664259927,0.0057768684558912,4,0.0,1
1403,11,1,3,0.0,0.0057768684558912,5,0.0,1
1404,11,1,3,0.0108303249097472,0.0079431941268504,3,0.0,1
1405,11,1,3,0.0,0.0079431941268504,5,0.0,1
1406,11,1,3,0.0,0.0079431941268504,5,0.0,1
1407,11,1,3,0.0,0.0079431941268504,5,0.0,1
1408,11,1,3,0.0,0.0079431941268504,5,0.0,1
1409,11,1,3,0.0,0.0079431941268504,5,0.0,1
1410,11,1,3,0.0,0.0079431941268504,5,0.0,1
1411,11,1,3,0.0,0.0079431941268504,5,0.0,1
1412,11,1,3,0.0108303249097472,0.0101095197978096,3,0.0,1
1413,11,1,3,0.0,0.0101095197978096,5,0.0,1
1414,11,1,3,0.0,0.0101095197978096,5,0.0,1
1415,11,1,3,0.0021058965102286,0.010530749789385,3,0.0,1
1416,11,1,3,0.0,0.010530749789385,5,0.0,1
1417,11,1,3,0.0,0.010530749789385,5,0.0,1
1418,11,1,3,0.0,0.010530749789385,5,0.0,1
1419,11,1,3,0.0,0.010530749789385,5,0.0,1
1420,11,1,3,0.0,0.010530749789385,5,0.0,1
1421,11,1,3,0.0,0.010530749789385,5,0.0,1
1422,11,1,3,0.0,0.010530749789385,5,0.0,1
1423,11,1,3,0.0201564380264741,0.0145625225658924,3,0.0,1
1424,11,1,3,0.0060168471720818,0.0157660368275364,3,0.0,1
1425,11,1,3,0.0,0.0157660368275364,5,0.0,1
1426,11,1,3,0.0,0.0157660368275364,5,0.0,1
1427,11,1,3,0.0,0.0157660368275364,5,0.0,1
1428,11,1,3,0.0,0.0157660368275364,5,0.0,1
1429,11,1,3,0.0,0.0157660368275364,5,0.0,1
1430,11,1,3,0.0,0.0,5,0.0,1
1431,11,1,3,0.0,0.0,5,0.0,1
1432,11,1,3,0.0276774969915764,0.0055361656035624,4,0.0,1
1433,11,1,3,0.0,0.0055361656035624,5,0.0,1
1434,11,1,3,0.0,0.0055361656035624,5,0.0,1
1435,11,1,3,0.0,0.0055361656035624,5,0.0,1
1436,11,1,3,0.0,0.0055361656035624,5,0.0,1
1437,11,1,3,0.0,0.0055361656035624,5,0.0,1
1438,11,1,3,0.0,0.0055361656035624,5,0.0,1
1439,11,1,3,0.0,0.0055361656035624,5,0.0,1
1440,11,1,3,0.0,0.0055361656035624,5,0.0,1
1441,11,1,3,0.0,0.0055361656035624,5,0.0,1
1442,11,1,3,0.0,0.0055361656035624,5,0.0,1
1443,11,1,3,0.0,0.0055361656035624,5,0.0,1
1444,11,1,3,0.0,0.0055361656035624,5,0.0,1
1445,11,1,3,0.0120336943441636,0.0079431941268504,3,0.0,1
1446,11,1,3,0.0,0.0079431941268504,5,0.0,1
1447,11,1,3,0.0,0.0079431941268504,5,0.0,1
1448,11,1,3,0.0,0.0079431941268504,5,0.0,1
1449,11,1,3,0.0,0.0079431941268504,5,0.0,1
1450,11,1,3,0.0,0.0079431941268504,5,0.0,1
1451,11,1,3,0.0,0.0079431941268504,5,0.0,1
1452,11,1,3,0.0042117930204572,0.0087856541100012,3,0.0,1
1453,11,1,3,0.0,0.0087856541100012,5,0.0,1
1454,11,1,3,0.0,0.0087856541100012,5,0.0,1
1455,11,1,3,0.0,0.0087856541100012,5,0.0,1
1456,11,1,3,0.0,0.0087856541100012,5,0.0,1
1457,11,1,3,0.0093261131167268,0.0106511012155494,3,0.0,1
1458,11,1,3,0.0,0.0106511012155494,5,0.0,1
1459,11,1,3,0.0,0.0106511012155494,5,0.0,1
1460,11,1,3,0.0,0.0106511012155494,5,0.0,1
1461,11,1,1,0.0,0.0,5,0.0,1
1462,11,1,1,0.0,0.0,5,0.0,1
1463,11,1,1,0.0,0.0,5,0.0,1
1464,11,1,1,0.0,0.0,5,0.0,1
1465,11,1,1,0.0,0.0,5,0.0,1
1466,11,1,1,0.0,0.0,5,0.0,1
1467,11,1,1,0.0,0.0,5,0.0,1
1468,11,1,1,0.0,0.0,5,0.0,1
1469,11,1,1,0.0,0.0,5,0.0,1
1470,11,1,1,0.0,0.0,5,0.0,1
1471,11,1,1,0.0,0.0,5,0.0,1
1472,11,1,1,0.0,0.0,5,0.0,1
1473,11,1,1,0.0,0.0,5,0.0,1
1474,11,1,1,0.02647412755716,0.0052954627512336,4,0.0,1
1475,11,1,1,0.0,0.0052954627512336,5,0.0,1
1476,11,1,1,0.0,0.0052954627512336,5,0.0,1
1477,11,1,1,0.0,0.0052954627512336,5,0.0,1
1478,11,1,1,0.0,0.0052954627512336,5,0.0,1
1479,11,1,1,0.0803249097472924,0.021362378144181,4,0.0,2
1480,11,1,1,0.01323706377858,0.0240101095197978,3,0.0,1
1481,11,1,1,0.0186522262334536,0.0277410037308942,3,0.0,1
1482,11,1,1,0.0,0.0277410037308942,5,0.0,1
1483,11,1,1,0.0024067388688327,0.0282224094355518,3,0.0,1
1484,11,1,1,0.0,0.0282224094355518,5,0.0,1
1485,11,1,1,0.0,0.0282224094355518,5,0.0,1
1486,11,1,1,0.0,0.0282224094355518,5,0.0,1
1487,11,1,1,0.0,0.0282224094355518,5,0.0,1
1488,11,1,1,0.0,0.0282224094355518,5,0.0,1
1489,11,1,1,0.0,0.0282224094355518,5,0.0,1
1490,11,1,1,0.0,0.0282224094355518,5,0.0,1
1491,11,1,1,0.0,0.0282224094355518,5,0.0,1
1492,11,1,1,0.0646811070998796,0.012937778312673,4,0.0,2
1493,11,1,1,0.0737063778580024,0.027680828017812,4,0.0,2
1494,11,1,1,0.0249699157641395,0.0326754122036346,4,0.0,1
1495,11,1,1,0.0,0.0326754122036346,5,0.0,1
1496,11,1,1,0.0,0.0326754122036346,5,0.0,1
1497,11,1,1,0.0,0.0326754122036346,5,0.0,1
1498,11,1,1,0.0,0.0326754122036346,5,0.0,1
1499,11,1,1,0.0,0.0326754122036346,5,0.0,1
1500,11,1,1,0.0,0.0326754122036346,5,0.0,1
1501,11,1,1,0.0,0.0326754122036346,5,0.0,1
1502,11,1,1,0.0,0.0326754122036346,5,0.0,1
1503,11,1,1,0.0,0.0326754122036346,5,0.0,1
1504,11,1,1,0.0,0.0326754122036346,5,0.0,1
1505,11,1,1,0.0,0.0326754122036346,5,0.0,1
1506,11,1,1,0.0,0.0326754122036346,5,0.0,1
1507,11,1,1,0.0,0.0326754122036346,5,0.0,1
1508,11,1,1,0.0,0.0326754122036346,5,0.0,1
1509,11,1,1,0.0,0.0326754122036346,5,0.0,1
1510,11,1,1,0.0,0.0326754122036346,5,0.0,1
1511,11,1,1,0.0,0.0326754122036346,5,0.0,1
1512,11,1,1,0.0,0.0326754122036346,5,0.0,1
1513,11,1,1,0.0,0.0326754122036346,5,0.0,1
1514,11,1,1,0.0,0.0326754122036346,5,0.0,1
1515,11,1,1,0.0,0.0326754122036346,5,0.0,1
1516,11,1,1,0.0,0.0326754122036346,5,0.0,1
1517,11,1,1,0.0,0.0326754122036346,5,0.0,1
1518,11,1,1,0.0,0.0326754122036346,5,0.0,1
1519,11,1,1,0.0,0.0326754122036346,5,0.0,1
1520,11,1,1,0.0634777376654633,0.0453724876639788,4,0.0,2
1521,11,1,1,0.0,0.0,5,0.0,1
1522,11,1,1,0.0,0.0,5,0.0,1
1523,11,1,1,0.0087244283995186,0.0017450956793838,3,0.0,1
1524,11,1,1,0.0,0.0017450956793838,5,0.0,1
1525,11,1,1,0.0,0.0017450956793838,5,0.0,1
1526,11,1,1,0.0,0.0017450956793838,5,0.0,1
1527,11,1,1,0.0,0.0017450956793838,5,0.0,1
1528,11,1,1,0.0,0.0017450956793838,5,0.0,1
1529,11,1,1,0.0,0.0017450956793838,5,0.0,1
1530,11,1,1,0.0,0.0017450956793838,5,0.0,1
1531,11,1,1,0.0,0.0017450956793838,5,0.0,1
1532,11,1,1,0.0,0.0017450956793838,5,0.0,1
1533,11,1,1,0.0,0.0017450956793838,5,0.0,1
1534,11,1,1,0.0,0.0017450956793838,5,0.0,1
1535,11,1,1,0.0,0.0017450956793838,5,0.0,1
1536,11,1,1,0.0,0.0017450956793838,5,0.0,1
1537,11,1,1,0.0,0.0017450956793838,5,0.0,1
1538,11,1,1,0.0,0.0017450956793838,5,0.0,1
1539,11,1,1,0.0051143200962695,0.0027680828017812,3,0.0,1
1540,11,1,1,0.0,0.0027680828017812,5,0.0,1
1541,11,1,1,0.0,0.0027680828017812,5,0.0,1
1542,11,1,1,0.0,0.0027680828017812,5,0.0,1
1543,11,1,1,0.0,0.0027680828017812,5,0.0,1
1544,11,1,1,0.0,0.0027680828017812,5,0.0,1
1545,11,1,1,0.0,0.0027680828017812,5,0.0,1
1546,11,1,1,0.0,0.0027680828017812,5,0.0,1
1547,11,1,1,0.0,0.0027680828017812,5,0.0,1
1548,11,1,1,0.0,0.0027680828017812,5,0.0,1
1549,11,1,1,0.0,0.0027680828017812,5,0.0,1
1550,11,1,1,0.0,0.0027680828017812,5,0.0,1
1551,11,1,1,0.0,0.0027680828017812,5,0.0,1
1552,11,1,1,0.0,0.0,5,0.0,1
1553,11,1,1,0.0,0.0,5,0.0,1
1554,11,1,1,0.0,0.0,5,0.0,1
1555,11,1,1,0.0836341756919374,0.0167288482368516,4,0.0,2
1556,11,1,1,0.0,0.0167288482368516,5,0.0,1
1557,11,1,1,0.0,0.0167288482368516,5,0.0,1
1558,11,1,1,0.0,0.0167288482368516,5,0.0,1
1559,11,1,1,0.0,0.0167288482368516,5,0.0,1
1560,11,1,1,0.0,0.0167288482368516,5,0.0,1
1561,11,1,1,0.0,0.0167288482368516,5,0.0,1
1562,11,1,1,0.0,0.0167288482368516,5,0.0,1
1563,11,1,1,0.0,0.0167288482368516,5,0.0,1
1564,11,1,1,0.0,0.0167288482368516,5,0.0,1
1565,11,1,1,0.0,0.0167288482368516,5,0.0,1
1566,11,1,1,0.0,0.0167288482368516,5,0.0,1
1567,11,1,1,0.0,0.0167288482368516,5,0.0,1
1568,11,1,1,0.0,0.0167288482368516,5,0.0,1
1569,11,1,1,0.0,0.0167288482368516,5,0.0,1
1570,11,1,1,0.0,0.0167288482368516,5,0.0,1
1571,11,1,1,0.0,0.0167288482368516,5,0.0,1
1572,11,1,1,0.0,0.0167288482368516,5,0.0,1
1573,11,1,1,0.0,0.0167288482368516,5,0.0,1
1574,11,1,1,0.0,0.0167288482368516,5,0.0,1
1575,11,1,1,0.0,0.0167288482368516,5,0.0,1
1576,11,1,1,0.0108303249097472,0.0188951739078108,3,0.0,1
1577,11,1,1,0.0,0.0188951739078108,5,0.0,1
1578,11,1,1,0.0,0.0188951739078108,5,0.0,1
1579,11,1,1,0.0093261131167268,0.020760621013359,3,0.0,1
1580,11,1,1,0.0216606498194945,0.0250932723552774,3,0.0,1
1581,11,1,1,0.0,0.0250932723552774,5,0.0,1
1582,11,1,1,0.0351985559566787,0.0070405584306174,4,0.0,1
1583,11,1,1,0.0,0.0070405584306174,5,0.0,1
1584,11,1,1,0.0,0.0070405584306174,5,0.0,1
1585,11,1,1,0.0604693140794223,0.0191358767601396,4,0.0,2
1586,11,1,1,0.0024067388688327,0.0196172824647972,3,0.0,1
1587,11,1,1,0.0,0.0196172824647972,5,0.0,1
1588,11,1,1,0.065884476534296,0.032795763629799,4,0.0,2
1589,11,1,1,0.0342960288808664,0.0396557949211698,4,0.0,1
1590,11,1,1,0.0974729241877256,0.0591527259598026,4,0.0,2
1591,11,1,1,0.0,0.0591527259598026,5,0.0,1
1592,11,1,1,0.0009025270758122,0.0593332530990492,3,0.0,1
1593,11,1,1,0.0,0.0593332530990492,5,0.0,1
1594,11,1,1,0.0,0.0593332530990492,5,0.0,1
1595,11,1,1,0.0348977135980746,0.0663136358165844,4,0.0,1
1596,11,1,1,0.0093261131167268,0.0681790829221326,3,0.0,1
1597,11,1,1,0.0,0.0681790829221326,5,0.0,1
1598,11,1,1,0.0,0.0681790829221326,5,0.0,1
1599,11,1,1,0.0403128760529482,0.0762426284751474,4,0.0,1
1600,11,1,1,0.0135379061371841,0.0789505355638464,3,0.0,1
1601,11,1,1,0.0069193742478941,0.080334576964737,3,0.0,1
1602,11,1,1,0.0,0.080334576964737,5,0.0,1
1603,11,1,1,0.0120336943441636,0.082741605488025,3,0.0,1
1604,11,1,1,0.0009025270758122,0.0829221326272716,3,0.0,1
1605,11,1,1,0.0,0.0829221326272716,5,0.0,1
1606,11,1,1,0.0,0.0829221326272716,5,0.0,1
1607,11,1,1,0.0195547533092659,0.0868335539776146,3,0.0,1
1608,11,1,1,0.0,0.0868335539776146,5,0.0,1
1609,11,1,1,0.0,0.0868335539776146,5,0.0,1
1610,11,1,1,0.0,0.0868335539776146,5,0.0,1
1611,11,1,1,0.0670878459687124,0.1002527379949452,4,0.0,2
1612,11,1,1,0.0,0.1002527379949452,5,0.0,1
1613,11,1,1,0.1793020457280385,0.0358647249969912,2,0.0,0
1614,11,1,1,0.0601684717208182,0.0478998676134312,4,0.0,2
1615,11,1,1,0.1070998796630565,0.0693224214706944,2,0.0,0
1616,11,1,1,0.1407942238267148,0.097484655193164,2,0.0,0
1617,11,1,1,0.1266546329723225,0.1228186304007702,2,0.0,0
1618,11,1,1,0.0427196149217809,0.1313635816584426,4,0.0,1
1619,11,1,1,0.0351985559566787,0.13840414008906,4,0.0,1
1620,11,1,1,0.2211191335740072,0.182633289204477,6,0.3333333333333333,0
1621,11,1,1,0.0096269554753309,0.1845589120231074,3,0.0,1
1622,11,1,1,0.0409145607701564,0.1927428090022866,4,0.0,1
1623,11,1,1,0.0327918170878459,0.1993019617282464,4,0.0,1
1624,11,1,1,0.0433212996389891,0.2079672644120833,4,0.0,1
1625,11,1,1,0.2704572803850782,0.2620652304729811,6,0.3333333333333333,0
1626,11,1,1,0.2593261131167269,0.3139366951498375,6,0.3333333333333333,0
1627,11,1,1,0.0108303249097472,0.3161030208207966,3,0.0,1
1628,11,1,1,0.2509025270758123,0.3662895655313515,6,0.3333333333333333,0
1629,11,1,1,0.0601684717208182,0.3783247081477915,4,0.0,2
1630,11,1,1,0.0084235860409145,0.3800096281140931,3,0.0,1
1631,11,1,1,0.1236462093862816,0.4047418461908774,2,0.0,0
1632,11,1,1,0.1519253910950662,0.4351305812973883,2,0.0,0
1633,11,1,1,0.0060168471720818,0.4363340955590323,3,0.0,1
1634,11,1,1,0.0712996389891696,0.4505957395595137,4,0.0,2
1635,11,1,1,0.0815282791817088,0.46690335780479,4,0.0,2
1636,11,1,1,0.1323706377858002,0.493380671560958,2,0.0,0
1637,11,1,1,0.0252707581227436,0.4984354314598627,4,0.0,1
1638,11,1,1,0.0177496991576413,0.5019857985317127,3,0.0,1
1639,11,1,1,0.1043922984356197,0.522866770971236,4,0.0,2
1640,11,1,1,0.0102286401925391,0.5249127452160308,3,0.0,1
1641,11,1,1,0.0514440433212996,0.535202792153087,4,0.0,2
1642,11,1,1,0.3727436823104693,0.6097605006619328,1,0.6666666666666666,0
1643,11,1,1,0.0225631768953068,0.004513178481165,4,0.0,1
1644,11,1,1,0.0376052948255114,0.01203514261644,4,0.0,1
1645,11,1,1,0.0153429602888086,0.0151041039836322,3,0.0,1
1646,11,1,1,0.0580625752105896,0.0267180166084968,4,0.0,2
1647,11,1,1,0.0983754512635379,0.0463954747863762,4,0.0,2
1648,11,1,1,0.148315282791817,0.0760621013359008,2,0.0,0
1649,11,1,1,0.1179302045728038,0.0996509808641232,2,0.0,0
1650,11,1,1,0.0418170878459687,0.108015404982549,4,0.0,1
1651,11,1,1,0.0315884476534296,0.11433385485618,4,0.0,1
1652,11,1,1,0.0258724428399518,0.1195089661812492,4,0.0,1
1653,11,1,1,0.0255716004813477,0.1246239017932362,4,0.0,1
1654,11,1,1,0.03309265944645,0.1312432302322782,4,0.0,1
1655,11,1,1,0.0866425992779783,0.1485738355999518,4,0.0,2
1656,11,1,1,0.0,0.1485738355999518,5,0.0,1
1657,11,1,1,0.0108303249097472,0.150740161270911,3,0.0,1
1658,11,1,1,0.0270758122743682,0.156155975448309,4,0.0,1
1659,11,1,1,0.3267148014440433,0.2215067998555783,6,0.3333333333333333,0
1660,11,1,1,0.1862214199759326,0.2587555662534601,2,0.0,0
1661,11,1,1,0.1552346570397112,0.2898062342038753,2,0.0,0
1662,11,1,1,0.0147412755716004,0.2927548441449031,3,0.0,1
1663,11,1,1,0.0216606498194945,0.2970874954868215,3,0.0,1
1664,11,1,1,0.1450060168471721,0.3260921891924419,2,0.0,0
1665,11,1,1,0.0192539109506618,0.3299434348297027,3,0.0,1
1666,11,1,1,0.0105294825511432,0.3320495847875797,3,0.0,1
1667,11,1,1,0.04632972322503,0.3413166446022385,4,0.0,2
1668,11,1,1,0.0589651022864019,0.3531110843663497,4,0.0,2
1669,11,1,1,0.0697954271961492,0.3670718498014201,4,0.0,2
1670,11,1,1,0.0667870036101083,0.3804308581056685,4,0.0,2
1671,11,1,1,0.0162454873646209,0.3836803466121073,3,0.0,1
1672,11,1,1,0.092358604091456,0.4021542905283427,4,0.0,2
1673,11,1,1,0.1263537906137184,0.4274280900228667,2,0.0,0
1674,11,1,1,0.0634777376654633,0.0126970754603442,4,0.0,2
1675,11,1,1,0.0734055354993983,0.027379949452401,4,0.0,2
1676,11,1,1,0.0111311672683513,0.0296064508364424,3,0.0,1
1677,11,1,1,0.0090252707581227,0.0314117222289084,3,0.0,1
1678,11,1,1,0.0075210589651022,0.0329161150559634,3,0.0,1
1679,11,1,1,0.1808062575210589,0.0690817186183656,2,0.0,0
1680,11,1,1,0.3983152827918171,0.1487543627391984,1,0.6666666666666666,0
1681,11,1,1,0.0493381468110709,0.1586231796846792,4,0.0,2
1682,11,1,1,0.0361010830324909,0.1658442652545432,4,0.0,1
1683,11,1,1,0.0,0.1658442652545432,5,0.0,1
1684,11,1,1,0.3757521058965102,0.2410037308942111,1,0.6666666666666666,0
1685,11,1,1,0.0884476534296028,0.2586953905403779,4,0.0,2
1686,11,1,1,0.0306859205776173,0.2648333132747623,4,0.0,1
1687,11,1,1,0.0905535499398315,0.2829462029125045,4,0.0,2
1688,11,1,1,0.2686522262334537,0.3366831146949091,6,0.3333333333333333,0
1689,11,1,1,0.0207581227436823,0.3408352388975809,3,0.0,1
1690,11,1,1,0.2527075812274368,0.3913828378866289,6,0.3333333333333333,0
1691,11,1,1,0.0508423586040914,0.4015525333975207,4,0.0,2
1692,11,1,1,0.1639590854392298,0.4343482970273197,2,0.0,0
1693,11,1,1,0.0261732851985559,0.4395835840654711,4,0.0,1
1694,11,1,1,0.2108904933814681,0.4817667589360934,6,0.3333333333333333,0
1695,11,1,1,0.0174488567990373,0.485256950294861,3,0.0,1
1696,11,1,1,0.0129362214199759,0.4878445059573956,3,0.0,1
1697,11,1,1,0.0138387484957882,0.4906125887591767,3,0.0,1
1698,11,1,1,0.0782190132370637,0.5062582741605488,4,0.0,2
1699,11,1,1,0.1432009626955475,0.534901913587676,2,0.0,0
1700,11,1,1,0.1567388688327316,0.5662534601035022,2,0.0,0
1701,11,1,1,0.0225631768953068,0.5707666385846673,4,0.0,1
1702,11,1,1,0.00661853188929,0.5720905042724757,3,0.0,1
1703,11,1,1,0.003309265944645,0.5727524371163798,3,0.0,1
1704,11,1,1,0.1973525872442839,0.612227704898303,6,0.3333333333333333,0
1705,11,1,1,0.0610709987966305,0.0122156697556866,4,0.0,2
1706,11,1,1,0.2545126353790614,0.0631243230232278,6,0.3333333333333333,0
1707,11,1,1,0.0595667870036101,0.0750391142135034,4,0.0,2
1708,11,1,1,0.0141395908543922,0.0778673727283668,3,0.0,1
1709,11,1,1,0.0535499398315282,0.0885786496569984,4,0.0,2
1710,11,1,1,0.1248495788206979,0.1135515705861114,2,0.0,0
1711,11,1,1,0.0072202166064981,0.1149957877000842,3,0.0,1
1712,11,1,1,0.3318291215403128,0.1813695992297508,6,0.3333333333333333,0
1713,11,1,1,0.0415162454873646,0.1896738476350944,4,0.0,1
1714,11,1,1,0.0225631768953068,0.1941870261162594,4,0.0,1
1715,11,1,1,0.0144404332129963,0.197075460344205,3,0.0,1
1716,11,1,1,0.04632972322503,0.2063425201588638,4,0.0,2
1717,11,1,1,0.0,0.2063425201588638,5,0.0,1
1718,11,1,1,0.065884476534296,0.2195210013238656,4,0.0,2
1719,11,1,1,0.1495186522262334,0.2494283307257191,2,0.0,0
1720,11,1,1,0.2695547533092659,0.3033457696473703,6,0.3333333333333333,0
1721,11,1,1,0.4425391095066185,0.3918642435912866,1,0.6666666666666666,0
1722,11,1,1,0.049638989169675,0.4017932362498496,4,0.0,2
1723,11,1,1,0.1161251504211793,0.4250210614995787,2,0.0,0
1724,11,1,1,0.2797833935018051,0.4809844746660247,6,0.3333333333333333,0
1725,11,1,1,0.1176293622141997,0.504513178481165,2,0.0,0
1726,11,1,1,0.0,0.504513178481165,5,0.0,1
1727,11,1,1,0.0138387484957882,0.5072812612829461,3,0.0,1
1728,11,1,1,0.0370036101083032,0.5146828739920568,4,0.0,1
1729,11,1,1,0.1997593261131167,0.5546395474786376,6,0.3333333333333333,0
1730,11,1,1,0.0469314079422382,0.5640269587194607,4,0.0,2
1731,11,1,1,0.0258724428399518,0.56920207004453,4,0.0,1
1732,11,1,1,0.0189530685920577,0.5729931399687086,3,0.0,1
1733,11,1,1,0.1110108303249097,0.5951979780960405,2,0.0,0
1734,11,1,1,0.0336943441636582,0.6019376579612468,4,0.0,1
1735,11,1,1,0.0544524669073405,0.0108918040678782,4,0.0,2
1736,11,1,1,0.0105294825511432,0.0129979540257552,3,0.0,1
1737,11,1,1,0.029783393501805,0.018955349620893,4,0.0,1
1738,11,1,1,0.0021058965102286,0.0193765796124684,3,0.0,1
1739,11,1,1,0.0538507821901323,0.0301480322541822,4,0.0,2
1740,11,1,1,0.5661853188929001,0.1433987242748826,1,0.6666666666666666,0
1741,11,1,1,0.0475330926594464,0.1529064869418702,4,0.0,2
1742,11,1,1,0.0192539109506618,0.156757732579131,3,0.0,1
1743,11,1,1,0.0634777376654633,0.1694548080394752,4,0.0,2
1744,11,1,1,0.0312876052948255,0.175713082200024,4,0.0,1
1745,11,1,1,0.0078219013237063,0.1772776507401612,3,0.0,1
1746,11,1,1,0.0270758122743682,0.1826934649175592,4,0.0,1
1747,11,1,1,0.000300842358604,0.1827536406306414,3,0.0,1
1748,11,1,1,0.0081227436823104,0.1843783848838608,3,0.0,1
1749,11,1,1,0.0523465703971119,0.1948489589601637,4,0.0,2
1750,11,1,1,0.0234657039711191,0.1995426645805753,4,0.0,1
1751,11,1,1,0.0045126353790613,0.2004453002768083,3,0.0,1
1752,11,1,1,0.0012033694344163,0.200686003129137,3,0.0,1
1753,11,1,1,0.0228640192539109,0.2052593573233843,4,0.0,1
1754,11,1,1,0.0728038507821901,0.2198218798892766,4,0.0,2
1755,11,1,1,0.0333935018050541,0.2265013840414008,4,0.0,1
1756,11,1,1,0.0084235860409145,0.2281863040077024,3,0.0,1
1757,11,1,1,0.075812274368231,0.2433505837044168,4,0.0,2
1758,11,1,1,0.0391095066185318,0.2511734264051029,4,0.0,1
1759,11,1,1,0.0048134777376654,0.2521362378144181,3,0.0,1
1760,11,1,1,0.0015042117930204,0.2524371163798291,3,0.0,1
1761,11,1,1,0.2951263537906137,0.3114694909134673,6,0.3333333333333333,0
1762,11,1,1,0.0015042117930204,0.3117703694788783,3,0.0,1
1763,11,1,1,0.0851383874849578,0.3288000962811409,4,0.0,2
1764,11,1,1,0.0270758122743682,0.3342159104585389,4,0.0,1
1765,11,1,1,0.0057160048134777,0.3353592490071007,3,0.0,1
1766,11,1,1,0.0,0.0,5,0.0,1
1767,11,1,1,0.0,0.0,5,0.0,1
1768,11,1,1,0.0,0.0,5,0.0,1
1769,11,1,1,0.0081227436823104,0.0016247442532194,3,0.0,1
1770,11,1,1,0.0129362214199759,0.004212299915754,3,0.0,1
1771,11,1,1,0.0,0.004212299915754,5,0.0,1
1772,11,1,1,0.0,0.004212299915754,5,0.0,1
1773,11,1,1,0.0075210589651022,0.005716692742809,3,0.0,1
1774,11,1,1,0.0379061371841155,0.0132988325911662,4,0.0,1
1775,11,1,1,0.0,0.0132988325911662,5,0.0,1
1776,11,1,1,0.0,0.0132988325911662,5,0.0,1
1777,11,1,1,0.2885078219013237,0.071007341436996,6,0.3333333333333333,0
1778,11,1,1,0.0,0.071007341436996,5,0.0,1
1779,11,1,1,0.0270758122743682,0.076423155614394,4,0.0,1
1780,11,1,1,0.0,0.076423155614394,5,0.0,1
1781,11,1,1,0.0,0.076423155614394,5,0.0,1
1782,11,1,1,0.0,0.076423155614394,5,0.0,1
1783,11,1,1,0.0102286401925391,0.0784691298591888,3,0.0,1
1784,11,1,1,0.0893501805054151,0.0963413166446022,4,0.0,2
1785,11,1,1,0.0,0.0963413166446022,5,0.0,1
1786,11,1,1,0.8700361010830325,0.2703694788783247,0,1.0,0
1787,11,1,1,0.0,0.2703694788783247,5,0.0,1
1788,11,1,1,0.0,0.2703694788783247,5,0.0,1
1789,11,1,1,0.1585439229843562,0.3020820796726441,2,0.0,0
1790,11,1,1,0.0213598074608904,0.3063545553014803,3,0.0,1
1791,11,1,1,0.0081227436823104,0.3079792995546997,3,0.0,1
1792,11,1,1,0.0,0.3079792995546997,5,0.0,1
1793,11,1,1,0.1113116726835138,0.3302443133951137,2,0.0,0
1794,11,1,1,0.0,0.3302443133951137,5,0.0,1
1795,11,1,1,0.1046931407942238,0.3511854615477193,4,0.0,2
1796,11,1,1,0.0,0.0,5,0.0,1
1797,11,1,1,0.0,0.0,5,0.0,1
1798,11,1,1,0.0,0.0,5,0.0,1
1799,11,1,1,0.0,0.0,5,0.0,1
1800,11,1,1,0.0,0.0,5,0.0,1
1801,11,1,1,0.0,0.0,5,0.0,1
1802,11,1,1,0.0,0.0,5,0.0,1
1803,11,1,1,0.0,0.0,5,0.0,1
1804,11,1,1,0.0,0.0,5,0.0,1
1805,11,1,1,0.0,0.0,5,0.0,1
1806,11,1,1,0.0,0.0,5,0.0,1
1807,11,1,1,0.0,0.0,5,0.0,1
1808,11,1,1,0.0,0.0,5,0.0,1
1809,11,1,1,0.0,0.0,5,0.0,1
1810,11,1,1,0.0,0.0,5,0.0,1
1811,11,1,1,0.0,0.0,5,0.0,1
1812,11,1,1,0.0,0.0,5,0.0,1
1813,11,1,1,0.0,0.0,5,0.0,1
1814,11,1,1,0.0,0.0,5,0.0,1
1815,11,1,1,0.0,0.0,5,0.0,1
1816,11,1,1,0.0,0.0,5,0.0,1
1817,11,1,1,0.0,0.0,5,0.0,1
1818,11,1,1,0.0,0.0,5,0.0,1
1819,11,1,1,0.0,0.0,5,0.0,1
1820,11,1,1,0.0,0.0,5,0.0,1
1821,11,1,1,0.0,0.0,5,0.0,1
1822,11,1,1,0.0,0.0,5,0.0,1
1823,11,1,1,0.0,0.0,5,0.0,1
1824,11,1,1,0.0,0.0,5,0.0,1
1825,11,1,1,0.0,0.0,5,0.0,1
1826,11,1,1,0.0177496991576413,0.0035503670718498,3,0.0,1
0,4,1,3,0.0,0.0,5,0.0,1
1,4,1,3,0.0,0.0,5,0.0,1
2,4,1,3,0.0,0.0,5,0.0,1
3,4,1,3,0.01985559566787,0.0039715970634252,3,0.0,1
4,4,1,3,0.0,0.0039715970634252,5,0.0,1
5,4,1,3,0.0,0.0039715970634252,5,0.0,1
6,4,1,3,0.0,0.0039715970634252,5,0.0,1
7,4,1,3,0.0,0.0039715970634252,5,0.0,1
8,4,1,3,0.0,0.0039715970634252,5,0.0,1
9,4,1,3,0.0,0.0039715970634252,5,0.0,1
10,4,1,3,0.0,0.0039715970634252,5,0.0,1
11,4,1,3,0.0,0.0039715970634252,5,0.0,1
12,4,1,3,0.0,0.0039715970634252,5,0.0,1
13,4,1,3,0.0,0.0039715970634252,5,0.0,1
14,4,1,3,0.0,0.0039715970634252,5,0.0,1
15,4,1,3,0.0069193742478941,0.0053556384643158,3,0.0,1
16,4,1,3,0.0,0.0053556384643158,5,0.0,1
17,4,1,3,0.0,0.0053556384643158,5,0.0,1
18,4,1,3,0.0,0.0053556384643158,5,0.0,1
19,4,1,3,0.0,0.0053556384643158,5,0.0,1
20,4,1,3,0.0,0.0053556384643158,5,0.0,1
21,4,1,3,0.0,0.0053556384643158,5,0.0,1
22,4,1,3,0.0,0.0053556384643158,5,0.0,1
23,4,1,3,0.0,0.0053556384643158,5,0.0,1
24,4,1,3,0.0,0.0053556384643158,5,0.0,1
25,4,1,3,0.0252707581227436,0.0104103983632206,4,0.0,1
26,4,1,3,0.0,0.0104103983632206,5,0.0,1
27,4,1,3,0.0,0.0104103983632206,5,0.0,1
28,4,1,3,0.0,0.0104103983632206,5,0.0,1
29,4,1,3,0.0,0.0104103983632206,5,0.0,1
30,4,1,3,0.0,0.0104103983632206,5,0.0,1
31,4,1,3,0.0,0.0,5,0.0,1
32,4,1,3,0.0,0.0,5,0.0,1
33,4,1,3,0.0,0.0,5,0.0,1
34,4,1,3,0.0,0.0,5,0.0,1
35,4,1,3,0.0,0.0,5,0.0,1
36,4,1,3,0.0,0.0,5,0.0,1
37,4,1,3,0.0,0.0,5,0.0,1
38,4,1,3,0.0,0.0,5,0.0,1
39,4,1,3,0.0,0.0,5,0.0,1
40,4,1,3,0.0,0.0,5,0.0,1
41,4,1,3,0.0,0.0,5,0.0,1
42,4,1,3,0.0,0.0,5,0.0,1
43,4,1,3,0.0,0.0,5,0.0,1
44,4,1,3,0.0,0.0,5,0.0,1
45,4,1,3,0.0,0.0,5,0.0,1
46,4,1,3,0.0,0.0,5,0.0,1
47,4,1,3,0.0,0.0,5,0.0,1
48,4,1,3,0.0,0.0,5,0.0,1
49,4,1,3,0.0361010830324909,0.007221085569864,4,0.0,1
50,4,1,3,0.0,0.007221085569864,5,0.0,1
51,4,1,3,0.0,0.007221085569864,5,0.0,1
52,4,1,3,0.0,0.007221085569864,5,0.0,1
53,4,1,3,0.0,0.007221085569864,5,0.0,1
54,4,1,3,0.0,0.007221085569864,5,0.0,1
55,4,1,3,0.0249699157641395,0.0122156697556866,4,0.0,1
56,4,1,3,0.0,0.0122156697556866,5,0.0,1
57,4,1,3,0.0,0.0122156697556866,5,0.0,1
58,4,1,3,0.0,0.0122156697556866,5,0.0,1
59,4,1,3,0.0,0.0122156697556866,5,0.0,1
60,4,1,3,0.0,0.0,5,0.0,1
61,4,1,3,0.0048134777376654,0.0009628114093152,3,0.0,1
62,4,1,3,0.0,0.0009628114093152,5,0.0,1
63,4,1,3,0.0,0.0009628114093152,5,0.0,1
64,4,1,3,0.0,0.0009628114093152,5,0.0,1
65,4,1,3,0.0,0.0009628114093152,5,0.0,1
66,4,1,3,0.0,0.0009628114093152,5,0.0,1
67,4,1,3,0.0,0.0009628114093152,5,0.0,1
68,4,1,3,0.0,0.0009628114093152,5,0.0,1
69,4,1,3,0.0,0.0009628114093152,5,0.0,1
70,4,1,3,0.0,0.0009628114093152,5,0.0,1
71,4,1,3,0.0,0.0009628114093152,5,0.0,1
72,4,1,3,0.0,0.0009628114093152,5,0.0,1
73,4,1,3,0.0,0.0009628114093152,5,0.0,1
74,4,1,3,0.0,0.0009628114093152,5,0.0,1
75,4,1,3,0.0,0.0009628114093152,5,0.0,1
76,4,1,3,0.0,0.0009628114093152,5,0.0,1
77,4,1,3,0.0,0.0009628114093152,5,0.0,1
78,4,1,3,0.0072202166064981,0.002407028523288,3,0.0,1
79,4,1,3,0.0,0.002407028523288,5,0.0,1
80,4,1,3,0.0,0.002407028523288,5,0.0,1
81,4,1,3,0.0,0.002407028523288,5,0.0,1
82,4,1,3,0.0,0.002407028523288,5,0.0,1
83,4,1,3,0.0,0.002407028523288,5,0.0,1
84,4,1,3,0.0,0.002407028523288,5,0.0,1
85,4,1,3,0.0303850782190132,0.0084847755445902,4,0.0,1
86,4,1,3,0.0,0.0084847755445902,5,0.0,1
87,4,1,3,0.0,0.0084847755445902,5,0.0,1
88,4,1,3,0.0285800240673886,0.0142014682873992,4,0.0,1
89,4,1,3,0.0,0.0142014682873992,5,0.0,1
90,4,1,3,0.003309265944645,0.0148634011313034,3,0.0,1
91,4,1,3,0.0,0.0,5,0.0,1
92,4,1,3,0.0,0.0,5,0.0,1
93,4,1,3,0.0,0.0,5,0.0,1
94,4,1,3,0.0,0.0,5,0.0,1
95,4,1,3,0.0,0.0,5,0.0,1
96,4,1,3,0.0123345367027677,0.0024672042363702,3,0.0,1
97,4,1,3,0.0057160048134777,0.003610542784932,3,0.0,1
98,4,1,3,0.0,0.003610542784932,5,0.0,1
99,4,1,3,0.0,0.003610542784932,5,0.0,1
100,4,1,3,0.0,0.003610542784932,5,0.0,1
101,4,1,3,0.0111311672683513,0.0058370441689734,3,0.0,1
102,4,1,3,0.0,0.0058370441689734,5,0.0,1
103,4,1,3,0.0,0.0058370441689734,5,0.0,1
104,4,1,3,0.0,0.0058370441689734,5,0.0,1
105,4,1,3,0.0213598074608904,0.0101095197978096,3,0.0,1
106,4,1,3,0.0,0.0101095197978096,5,0.0,1
107,4,1,3,0.0,0.0101095197978096,5,0.0,1
108,4,1,3,0.0,0.0101095197978096,5,0.0,1
109,4,1,3,0.0,0.0101095197978096,5,0.0,1
110,4,1,3,0.0117328519855595,0.0124563726080154,3,0.0,1
111,4,1,3,0.0,0.0124563726080154,5,0.0,1
112,4,1,3,0.0,0.0124563726080154,5,0.0,1
113,4,1,3,0.0,0.0124563726080154,5,0.0,1
114,4,1,3,0.0,0.0124563726080154,5,0.0,1
115,4,1,3,0.0060168471720818,0.0136598868696594,3,0.0,1
116,4,1,3,0.016546329723225,0.0169695510891804,3,0.0,1
117,4,1,3,0.0,0.0169695510891804,5,0.0,1
118,4,1,3,0.0,0.0169695510891804,5,0.0,1
119,4,1,3,0.0,0.0169695510891804,5,0.0,1
120,4,1,3,0.0,0.0169695510891804,5,0.0,1
121,4,1,3,0.0,0.0,5,0.0,1
122,4,1,3,0.0072202166064981,0.0014442171139728,3,0.0,1
123,4,1,3,0.0258724428399518,0.006619328439042,4,0.0,1
124,4,1,3,0.003309265944645,0.0072812612829462,3,0.0,1
125,4,1,3,0.0069193742478941,0.0086653026838368,3,0.0,1
126,4,1,3,0.0,0.0086653026838368,5,0.0,1
127,4,1,3,0.0,0.0086653026838368,5,0.0,1
128,4,1,3,0.0,0.0086653026838368,5,0.0,1
129,4,1,3,0.0,0.0086653026838368,5,0.0,1
130,4,1,3,0.0,0.0086653026838368,5,0.0,1
131,4,1,3,0.0,0.0086653026838368,5,0.0,1
132,4,1,3,0.0,0.0086653026838368,5,0.0,1
133,4,1,3,0.0,0.0086653026838368,5,0.0,1
134,4,1,3,0.0006016847172081,0.0087856541100012,3,0.0,1
135,4,1,3,0.0,0.0087856541100012,5,0.0,1
136,4,1,3,0.0216606498194945,0.0131183054519196,3,0.0,1
137,4,1,3,0.0,0.0131183054519196,5,0.0,1
138,4,1,3,0.0090252707581227,0.0149235768443856,3,0.0,1
139,4,1,3,0.0,0.0149235768443856,5,0.0,1
140,4,1,3,0.0,0.0149235768443856,5,0.0,1
141,4,1,3,0.0,0.0149235768443856,5,0.0,1
142,4,1,3,0.0,0.0149235768443856,5,0.0,1
143,4,1,3,0.0,0.0149235768443856,5,0.0,1
144,4,1,3,0.0,0.0149235768443856,5,0.0,1
145,4,1,3,0.0,0.0149235768443856,5,0.0,1
146,4,1,3,0.0,0.0149235768443856,5,0.0,1
147,4,1,3,0.0,0.0149235768443856,5,0.0,1
148,4,1,3,0.0,0.0149235768443856,5,0.0,1
149,4,1,3,0.0,0.0149235768443856,5,0.0,1
150,4,1,3,0.0,0.0149235768443856,5,0.0,1
151,4,1,3,0.0,0.0149235768443856,5,0.0,1
152,4,1,3,0.089049338146811,0.0178120110723312,4,0.0,2
153,4,1,3,0.0580625752105896,0.0294259236971958,4,0.0,2
154,4,1,3,0.2530084235860409,0.080033698399326,6,0.3333333333333333,0
155,4,1,3,0.1040914560770156,0.1008544951257672,4,0.0,2
156,4,1,3,0.009927797833935,0.1028402936574798,3,0.0,1
157,4,1,3,0.0015042117930204,0.1031411722228908,3,0.0,1
158,4,1,3,0.0,0.1031411722228908,5,0.0,1
159,4,1,3,0.000300842358604,0.103201347935973,3,0.0,1
160,4,1,3,0.016546329723225,0.106511012155494,3,0.0,1
161,4,1,3,0.0081227436823104,0.1081357564087134,3,0.0,1
162,4,1,3,0.0,0.1081357564087134,5,0.0,1
163,4,1,3,0.0237665463297232,0.1128896377422072,4,0.0,1
164,4,1,3,0.0385078219013237,0.1205921290167288,4,0.0,1
165,4,1,3,0.0812274368231047,0.1368395715489228,4,0.0,2
166,4,1,3,0.0,0.1368395715489228,5,0.0,1
167,4,1,3,0.1149217809867629,0.1598266939463232,2,0.0,0
168,4,1,3,0.0445246690734055,0.1687326994824888,4,0.0,1
169,4,1,3,0.0285800240673886,0.1744493922252978,4,0.0,1
170,4,1,3,0.0,0.1744493922252978,5,0.0,1
171,4,1,3,0.049638989169675,0.1843783848838608,4,0.0,2
172,4,1,3,0.0472322503008423,0.1938259718377663,4,0.0,2
173,4,1,3,0.1031889290012033,0.2144662414249608,4,0.0,2
174,4,1,3,0.0051143200962695,0.2154892285473583,3,0.0,1
175,4,1,3,0.0367027677496991,0.2228306655433866,4,0.0,1
176,4,1,3,0.0018050541516245,0.2231917198218798,3,0.0,1
177,4,1,3,0.0424187725631768,0.2316764953664701,4,0.0,1
178,4,1,3,0.0009025270758122,0.2318570225057167,3,0.0,1
179,4,1,3,0.0,0.2318570225057167,5,0.0,1
180,4,1,3,0.003309265944645,0.2325189553496208,3,0.0,1
181,4,1,3,0.1293622141997593,0.2583945119749669,2,0.0,0
182,4,1,3,0.0222623345367027,0.0044530027680828,3,0.0,1
183,4,1,3,0.0457280385078219,0.0135997111565772,4,0.0,2
184,4,1,3,0.0,0.0135997111565772,5,0.0,1
185,4,1,3,0.0294825511432009,0.0194969310386328,4,0.0,1
186,4,1,3,0.072503008423586,0.033999277891443,4,0.0,2
187,4,1,3,0.0514440433212996,0.0442893248284992,4,0.0,2
188,4,1,3,0.0,0.0442893248284992,5,0.0,1
189,4,1,3,0.0532490974729241,0.0549404260440486,4,0.0,2
190,4,1,3,0.0276774969915764,0.060476591647611,4,0.0,1
191,4,1,3,0.0382069795427196,0.0681189072090504,4,0.0,1
192,4,1,3,0.0688929001203369,0.0818991455048742,4,0.0,2
193,4,1,3,0.0057160048134777,0.083042484053436,3,0.0,1
194,4,1,3,0.0249699157641395,0.0880370682392586,4,0.0,1
195,4,1,3,0.0553549939831528,0.0991093994463834,4,0.0,2
196,4,1,3,0.0342960288808664,0.1059694307377542,4,0.0,1
197,4,1,3,0.0499398315282791,0.1159585991093994,4,0.0,2
198,4,1,3,0.0,0.1159585991093994,5,0.0,1
199,4,1,3,0.0460288808664259,0.125165483210976,4,0.0,2
200,4,1,3,0.0342960288808664,0.1320255145023468,4,0.0,1
201,4,1,3,0.0318892900120336,0.13840414008906,4,0.0,1
202,4,1,3,0.0111311672683513,0.1406306414731014,3,0.0,1
203,4,1,3,0.0550541516245487,0.151642796967144,4,0.0,2
204,4,1,3,0.0,0.151642796967144,5,0.0,1
205,4,1,3,0.0207581227436823,0.1557949211698158,3,0.0,1
206,4,1,3,0.2358604091456077,0.2029726802262607,6,0.3333333333333333,0
207,4,1,3,0.0261732851985559,0.208207967264412,4,0.0,1
208,4,1,3,0.0409145607701564,0.2163918642435913,4,0.0,1
209,4,1,3,0.0454271961492178,0.2254783969190034,4,0.0,2
210,4,1,3,0.1314681107099879,0.2517751835359249,2,0.0,0
211,4,1,3,0.0183513838748495,0.2554459020339391,3,0.0,1
212,4,1,3,0.0228640192539109,0.2600192562281863,4,0.0,1
213,4,1,3,0.016546329723225,0.003309664219521,3,0.0,1
214,4,1,3,0.0761131167268351,0.0185341196293176,4,0.0,2
215,4,1,3,0.0279783393501805,0.0241304609459622,4,0.0,1
216,4,1,3,0.0484356197352587,0.0338187507521964,4,0.0,2
217,4,1,3,0.0535499398315282,0.044530027680828,4,0.0,2
218,4,1,3,0.0,0.044530027680828,5,0.0,1
219,4,1,3,0.0234657039711191,0.0492237333012396,4,0.0,1
220,4,1,3,0.1462093862815884,0.0784691298591888,2,0.0,0
221,4,1,3,0.0574608904933814,0.089962691057889,4,0.0,2
222,4,1,3,0.115222623345367,0.1130099891683716,2,0.0,0
223,4,1,3,0.0,0.1130099891683716,5,0.0,1
224,4,1,3,0.3255114320096269,0.178120110723312,6,0.3333333333333333,0
225,4,1,3,0.0481347773766546,0.187748224816464,4,0.0,2
226,4,1,3,0.0159446450060168,0.1909375376098206,3,0.0,1
227,4,1,3,0.003309265944645,0.1915994704537248,3,0.0,1
228,4,1,3,0.0995788206979542,0.211517631483933,4,0.0,2
229,4,1,3,0.0291817087845968,0.2173546756529064,4,0.0,1
230,4,1,3,0.0568592057761732,0.2287278854254423,4,0.0,2
231,4,1,3,0.2169073405535499,0.2721145745577085,6,0.3333333333333333,0
232,4,1,3,0.0809265944645006,0.2883018413768203,4,0.0,2
233,4,1,3,0.0361010830324909,0.2955229269466843,4,0.0,1
234,4,1,3,0.0279783393501805,0.3011192682633289,4,0.0,1
235,4,1,3,0.0108303249097472,0.3032855939342881,3,0.0,1
236,4,1,3,0.0171480144404332,0.3067156095799735,3,0.0,1
237,4,1,3,0.1134175691937424,0.3294018534119629,2,0.0,0
238,4,1,3,0.0267749699157641,0.3347574918762787,4,0.0,1
239,4,1,3,0.072503008423586,0.3492598387290889,4,0.0,2
240,4,1,3,0.0815282791817088,0.3655674569743651,4,0.0,2
241,4,1,3,0.0282791817087845,0.3712239740040919,4,0.0,1
242,4,1,3,0.069193742478941,0.3850643880129979,4,0.0,2
243,4,1,3,0.04632972322503,0.3943314478276567,4,0.0,2
244,4,1,3,0.0,0.0,5,0.0,1
245,4,1,3,0.0,0.0,5,0.0,1
246,4,1,3,0.0484356197352587,0.0096882898062342,4,0.0,2
247,4,1,3,0.0126353790613718,0.0122156697556866,3,0.0,1
248,4,1,3,0.0030084235860409,0.0128174268865086,3,0.0,1
249,4,1,3,0.0,0.0128174268865086,5,0.0,1
250,4,1,3,0.085740072202166,0.0299675051149356,4,0.0,2
251,4,1,3,0.1028880866425993,0.050547598989048,4,0.0,2
252,4,1,3,0.0015042117930204,0.050848477554459,3,0.0,1
253,4,1,3,0.0015042117930204,0.05114935611987,3,0.0,1
254,4,1,3,0.0893501805054151,0.0690215429052834,4,0.0,2
255,4,1,3,0.0520457280385078,0.079431941268504,4,0.0,2
256,4,1,3,0.0944645006016847,0.0983271151763148,4,0.0,2
257,4,1,3,0.0673886883273164,0.1118064749067276,4,0.0,2
258,4,1,3,0.0,0.1118064749067276,5,0.0,1
259,4,1,3,0.0168471720818291,0.1151763148393308,3,0.0,1
260,4,1,3,0.0848375451263537,0.1321458659285112,4,0.0,2
261,4,1,3,0.0315884476534296,0.1384643158021422,4,0.0,1
262,4,1,3,0.1092057761732852,0.1603080996509808,2,0.0,0
263,4,1,3,0.0,0.1603080996509808,5,0.0,1
264,4,1,3,0.118531889290012,0.1840173306053676,2,0.0,0
265,4,1,3,0.0932611311672683,0.2026718016608497,4,0.0,2
266,4,1,3,0.0,0.2026718016608497,5,0.0,1
267,4,1,3,0.0640794223826714,0.2154892285473583,4,0.0,2
268,4,1,3,0.04632972322503,0.224756288362017,4,0.0,2
269,4,1,3,0.1092057761732852,0.2466000722108557,2,0.0,0
270,4,1,3,0.0300842358604091,0.2526176435190757,4,0.0,1
271,4,1,3,0.0,0.2526176435190757,5,0.0,1
272,4,1,3,0.0105294825511432,0.2547237934769527,3,0.0,1
273,4,1,3,0.0150421179302045,0.2577325791310627,3,0.0,1
274,4,1,3,0.0006016847172081,0.0001203514261644,3,0.0,1
275,4,1,3,0.0716004813477737,0.014442171139728,4,0.0,2
276,4,1,3,0.0,0.014442171139728,5,0.0,1
277,4,1,3,0.0255716004813477,0.019557106751715,4,0.0,1
278,4,1,3,0.0027075812274368,0.0200986881694548,3,0.0,1
279,4,1,3,0.0147412755716004,0.0230472981104826,3,0.0,1
280,4,1,3,0.0102286401925391,0.0250932723552774,3,0.0,1
281,4,1,3,0.0075210589651022,0.0265976651823324,3,0.0,1
282,4,1,3,0.0,0.0265976651823324,5,0.0,1
283,4,1,3,0.0108303249097472,0.0287639908532916,3,0.0,1
284,4,1,3,0.0045126353790613,0.0296666265495246,3,0.0,1
285,4,1,3,0.02647412755716,0.0349620893007582,4,0.0,1
286,4,1,3,0.0207581227436823,0.03911421350343,3,0.0,1
287,4,1,3,0.0009025270758122,0.0392947406426766,3,0.0,1
288,4,1,3,0.0030084235860409,0.0398964977734986,3,0.0,1
289,4,1,3,0.003309265944645,0.0405584306174028,3,0.0,1
290,4,1,3,0.0237665463297232,0.0453123119508966,4,0.0,1
291,4,1,3,0.0318892900120336,0.0516909375376098,4,0.0,1
292,4,1,3,0.0,0.0516909375376098,5,0.0,1
293,4,1,3,0.0,0.0516909375376098,5,0.0,1
294,4,1,3,0.0,0.0516909375376098,5,0.0,1
295,4,1,3,0.0,0.0516909375376098,5,0.0,1
296,4,1,3,0.0929602888086642,0.0702852328800096,4,0.0,2
297,4,1,3,0.0180505415162454,0.0738957756649416,3,0.0,1
298,4,1,3,0.0030084235860409,0.0744975327957636,3,0.0,1
299,4,1,3,0.0460288808664259,0.0837044168973402,4,0.0,2
300,4,1,3,0.0499398315282791,0.0936935852689854,4,0.0,2
301,4,1,3,0.0126353790613718,0.0962209652184378,3,0.0,1
302,4,1,3,0.0,0.0962209652184378,5,0.0,1
303,4,1,3,0.0153429602888086,0.09928992658563,3,0.0,1
304,4,1,3,0.0177496991576413,0.1028402936574798,3,0.0,1
305,4,1,3,0.0,0.0,5,0.0,1
306,4,1,3,0.0105294825511432,0.002106149957877,3,0.0,1
307,4,1,3,0.0,0.002106149957877,5,0.0,1
308,4,1,3,0.0,0.002106149957877,5,0.0,1
309,4,1,3,0.0,0.002106149957877,5,0.0,1
310,4,1,3,0.0,0.002106149957877,5,0.0,1
311,4,1,3,0.0,0.002106149957877,5,0.0,1
312,4,1,3,0.0258724428399518,0.0072812612829462,4,0.0,1
313,4,1,3,0.0,0.0072812612829462,5,0.0,1
314,4,1,3,0.0,0.0072812612829462,5,0.0,1
315,4,1,3,0.0,0.0072812612829462,5,0.0,1
316,4,1,3,0.0135379061371841,0.0099891683716452,3,0.0,1
317,4,1,3,0.0460288808664259,0.0191960524732218,4,0.0,2
318,4,1,3,0.0,0.0191960524732218,5,0.0,1
319,4,1,3,0.0,0.0191960524732218,5,0.0,1
320,4,1,3,0.00661853188929,0.0205199181610302,3,0.0,1
321,4,1,3,0.0,0.0205199181610302,5,0.0,1
322,4,1,3,0.0,0.0205199181610302,5,0.0,1
323,4,1,3,0.0,0.0205199181610302,5,0.0,1
324,4,1,3,0.0,0.0205199181610302,5,0.0,1
325,4,1,3,0.0183513838748495,0.0241906366590444,3,0.0,1
326,4,1,3,0.0,0.0241906366590444,5,0.0,1
327,4,1,3,0.0,0.0241906366590444,5,0.0,1
328,4,1,3,0.0153429602888086,0.0272595980262366,3,0.0,1
329,4,1,3,0.0147412755716004,0.0302082079672644,3,0.0,1
330,4,1,3,0.0,0.0302082079672644,5,0.0,1
331,4,1,3,0.0,0.0302082079672644,5,0.0,1
332,4,1,3,0.0201564380264741,0.0342399807437718,3,0.0,1
333,4,1,3,0.0,0.0342399807437718,5,0.0,1
334,4,1,3,0.0,0.0342399807437718,5,0.0,1
335,4,1,3,0.0,0.0,5,0.0,1
336,4,1,3,0.0,0.0,5,0.0,1
337,4,1,3,0.0,0.0,5,0.0,1
338,4,1,3,0.0,0.0,5,0.0,1
339,4,1,3,0.0,0.0,5,0.0,1
340,4,1,3,0.0,0.0,5,0.0,1
341,4,1,3,0.0,0.0,5,0.0,1
342,4,1,3,0.0,0.0,5,0.0,1
343,4,1,3,0.0,0.0,5,0.0,1
344,4,1,3,0.0,0.0,5,0.0,1
345,4,1,3,0.0,0.0,5,0.0,1
346,4,1,3,0.0,0.0,5,0.0,1
347,4,1,3,0.0,0.0,5,0.0,1
348,4,1,3,0.0,0.0,5,0.0,1
349,4,1,3,0.0,0.0,5,0.0,1
350,4,1,3,0.0255716004813477,0.005114935611987,4,0.0,1
351,4,1,3,0.0,0.005114935611987,5,0.0,1
352,4,1,3,0.0,0.005114935611987,5,0.0,1
353,4,1,3,0.0,0.005114935611987,5,0.0,1
354,4,1,3,0.0,0.005114935611987,5,0.0,1
355,4,1,3,0.0,0.005114935611987,5,0.0,1
356,4,1,3,0.0,0.005114935611987,5,0.0,1
357,4,1,3,0.0,0.005114935611987,5,0.0,1
358,4,1,3,0.0,0.005114935611987,5,0.0,1
359,4,1,3,0.0,0.005114935611987,5,0.0,1
360,4,1,3,0.0,0.005114935611987,5,0.0,1
361,4,1,3,0.0,0.005114935611987,5,0.0,1
362,4,1,3,0.0,0.005114935611987,5,0.0,1
363,4,1,3,0.0,0.005114935611987,5,0.0,1
364,4,1,3,0.0,0.005114935611987,5,0.0,1
365,4,1,3,0.0,0.005114935611987,5,0.0,1
366,4,1,2,0.0072202166064981,0.0014442171139728,3,0.0,1
367,4,1,2,0.0,0.0014442171139728,5,0.0,1
368,4,1,2,0.0,0.0014442171139728,5,0.0,1
369,4,1,2,0.0,0.0014442171139728,5,0.0,1
370,4,1,2,0.0,0.0014442171139728,5,0.0,1
371,4,1,2,0.0,0.0014442171139728,5,0.0,1
372,4,1,2,0.0,0.0014442171139728,5,0.0,1
373,4,1,2,0.0854392298435619,0.0185341196293176,4,0.0,2
374,4,1,2,0.0,0.0185341196293176,5,0.0,1
375,4,1,2,0.0,0.0185341196293176,5,0.0,1
376,4,1,2,0.0276774969915764,0.02407028523288,4,0.0,1
377,4,1,2,0.0,0.02407028523288,5,0.0,1
378,4,1,2,0.0,0.02407028523288,5,0.0,1
379,4,1,2,0.0,0.02407028523288,5,0.0,1
380,4,1,2,0.0,0.02407028523288,5,0.0,1
381,4,1,2,0.0,0.02407028523288,5,0.0,1
382,4,1,2,0.0,0.02407028523288,5,0.0,1
383,4,1,2,0.0,0.02407028523288,5,0.0,1
384,4,1,2,0.0150421179302045,0.02707907088699,3,0.0,1
385,4,1,2,0.0442238267148014,0.0359249007100734,4,0.0,1
386,4,1,2,0.0,0.0359249007100734,5,0.0,1
387,4,1,2,0.0,0.0359249007100734,5,0.0,1
388,4,1,2,0.0409145607701564,0.0441087976892526,4,0.0,1
389,4,1,2,0.0,0.0441087976892526,5,0.0,1
390,4,1,2,0.0,0.0441087976892526,5,0.0,1
391,4,1,2,0.0,0.0441087976892526,5,0.0,1
392,4,1,2,0.0,0.0441087976892526,5,0.0,1
393,4,1,2,0.0,0.0441087976892526,5,0.0,1
394,4,1,2,0.0,0.0441087976892526,5,0.0,1
395,4,1,2,0.0,0.0441087976892526,5,0.0,1
396,4,1,2,0.0,0.0441087976892526,5,0.0,1
397,4,1,2,0.0788206979542719,0.0157660368275364,4,0.0,2
398,4,1,2,0.0009025270758122,0.015946563966783,3,0.0,1
399,4,1,2,0.0,0.015946563966783,5,0.0,1
400,4,1,2,0.0,0.015946563966783,5,0.0,1
401,4,1,2,0.0,0.015946563966783,5,0.0,1
402,4,1,2,0.0,0.015946563966783,5,0.0,1
403,4,1,2,0.0499398315282791,0.0259357323384282,4,0.0,2
404,4,1,2,0.0,0.0259357323384282,5,0.0,1
405,4,1,2,0.0,0.0259357323384282,5,0.0,1
406,4,1,2,0.0,0.0259357323384282,5,0.0,1
407,4,1,2,0.0,0.0259357323384282,5,0.0,1
408,4,1,2,0.0,0.0259357323384282,5,0.0,1
409,4,1,2,0.0,0.0259357323384282,5,0.0,1
410,4,1,2,0.0,0.0259357323384282,5,0.0,1
411,4,1,2,0.0,0.0259357323384282,5,0.0,1
412,4,1,2,0.0,0.0259357323384282,5,0.0,1
413,4,1,2,0.0,0.0259357323384282,5,0.0,1
414,4,1,2,0.0,0.0259357323384282,5,0.0,1
415,4,1,2,0.0,0.0259357323384282,5,0.0,1
416,4,1,2,0.0439229843561973,0.0347213864484294,4,0.0,1
417,4,1,2,0.0,0.0347213864484294,5,0.0,1
418,4,1,2,0.0,0.0347213864484294,5,0.0,1
419,4,1,2,0.0,0.0347213864484294,5,0.0,1
420,4,1,2,0.04632972322503,0.0439884462630882,4,0.0,2
421,4,1,2,0.0,0.0439884462630882,5,0.0,1
422,4,1,2,0.0159446450060168,0.0471777590564448,3,0.0,1
423,4,1,2,0.0,0.0471777590564448,5,0.0,1
424,4,1,2,0.0,0.0471777590564448,5,0.0,1
425,4,1,2,0.0,0.0,5,0.0,1
426,4,1,2,0.0,0.0,5,0.0,1
427,4,1,2,0.0,0.0,5,0.0,1
428,4,1,2,0.0,0.0,5,0.0,1
429,4,1,2,0.0478339350180505,0.0095679383800698,4,0.0,2
430,4,1,2,0.0,0.0095679383800698,5,0.0,1
431,4,1,2,0.0,0.0095679383800698,5,0.0,1
432,4,1,2,0.0,0.0095679383800698,5,0.0,1
433,4,1,2,0.0,0.0095679383800698,5,0.0,1
434,4,1,2,0.0,0.0095679383800698,5,0.0,1
435,4,1,2,0.0,0.0095679383800698,5,0.0,1
436,4,1,2,0.0,0.0095679383800698,5,0.0,1
437,4,1,2,0.0,0.0095679383800698,5,0.0,1
438,4,1,2,0.0,0.0095679383800698,5,0.0,1
439,4,1,2,0.0,0.0095679383800698,5,0.0,1
440,4,1,2,0.0,0.0095679383800698,5,0.0,1
441,4,1,2,0.0,0.0095679383800698,5,0.0,1
442,4,1,2,0.0,0.0095679383800698,5,0.0,1
443,4,1,2,0.0063176895306859,0.010831628354796,3,0.0,1
444,4,1,2,0.0024067388688327,0.0113130340594536,3,0.0,1
445,4,1,2,0.0,0.0113130340594536,5,0.0,1
446,4,1,2,0.0,0.0113130340594536,5,0.0,1
447,4,1,2,0.0,0.0113130340594536,5,0.0,1
448,4,1,2,0.0,0.0113130340594536,5,0.0,1
449,4,1,2,0.0,0.0113130340594536,5,0.0,1
450,4,1,2,0.0,0.0113130340594536,5,0.0,1
451,4,1,2,0.0,0.0113130340594536,5,0.0,1
452,4,1,2,0.0015042117930204,0.0116139126248646,3,0.0,1
453,4,1,2,0.0,0.0116139126248646,5,0.0,1
454,4,1,2,0.0,0.0116139126248646,5,0.0,1
455,4,1,2,0.0,0.0116139126248646,5,0.0,1
456,4,1,2,0.0,0.0,5,0.0,1
457,4,1,2,0.0,0.0,5,0.0,1
458,4,1,2,0.0,0.0,5,0.0,1
459,4,1,2,0.0842358604091456,0.016849199663016,4,0.0,2
460,4,1,2,0.0,0.016849199663016,5,0.0,1
461,4,1,2,0.0,0.016849199663016,5,0.0,1
462,4,1,2,0.0,0.016849199663016,5,0.0,1
463,4,1,2,0.0177496991576413,0.0203995667348658,3,0.0,1
464,4,1,2,0.0,0.0203995667348658,5,0.0,1
465,4,1,2,0.0,0.0203995667348658,5,0.0,1
466,4,1,2,0.0,0.0203995667348658,5,0.0,1
467,4,1,2,0.0,0.0203995667348658,5,0.0,1
468,4,1,2,0.0,0.0203995667348658,5,0.0,1
469,4,1,2,0.0,0.0203995667348658,5,0.0,1
470,4,1,2,0.0,0.0203995667348658,5,0.0,1
471,4,1,2,0.0,0.0203995667348658,5,0.0,1
472,4,1,2,0.0,0.0203995667348658,5,0.0,1
473,4,1,2,0.0595667870036101,0.0323143579251414,4,0.0,2
474,4,1,2,0.0,0.0323143579251414,5,0.0,1
475,4,1,2,0.0,0.0323143579251414,5,0.0,1
476,4,1,2,0.0,0.0323143579251414,5,0.0,1
477,4,1,2,0.0,0.0323143579251414,5,0.0,1
478,4,1,2,0.0,0.0323143579251414,5,0.0,1
479,4,1,2,0.0,0.0323143579251414,5,0.0,1
480,4,1,2,0.0,0.0323143579251414,5,0.0,1
481,4,1,2,0.0,0.0323143579251414,5,0.0,1
482,4,1,2,0.0303850782190132,0.0383921049464436,4,0.0,1
483,4,1,2,0.0,0.0383921049464436,5,0.0,1
484,4,1,2,0.0,0.0383921049464436,5,0.0,1
485,4,1,2,0.0,0.0383921049464436,5,0.0,1
486,4,1,2,0.0,0.0,5,0.0,1
487,4,1,2,0.0,0.0,5,0.0,1
488,4,1,2,0.0219614921780986,0.0043928270550006,3,0.0,1
489,4,1,2,0.0312876052948255,0.0106511012155494,4,0.0,1
490,4,1,2,0.0,0.0106511012155494,5,0.0,1
491,4,1,2,0.0180505415162454,0.0142616440004814,3,0.0,1
492,4,1,2,0.0,0.0142616440004814,5,0.0,1
493,4,1,2,0.0009025270758122,0.014442171139728,3,0.0,1
494,4,1,2,0.0,0.014442171139728,5,0.0,1
495,4,1,2,0.0,0.014442171139728,5,0.0,1
496,4,1,2,0.0,0.014442171139728,5,0.0,1
497,4,1,2,0.0279783393501805,0.0200385124563726,4,0.0,1
498,4,1,2,0.0,0.0200385124563726,5,0.0,1
499,4,1,2,0.0,0.0200385124563726,5,0.0,1
500,4,1,2,0.0,0.0200385124563726,5,0.0,1
501,4,1,2,0.0,0.0200385124563726,5,0.0,1
502,4,1,2,0.0300842358604091,0.0260560837645926,4,0.0,1
503,4,1,2,0.0192539109506618,0.0299073294018534,3,0.0,1
504,4,1,2,0.0,0.0299073294018534,5,0.0,1
505,4,1,2,0.0339951865222623,0.036707184980142,4,0.0,1
506,4,1,2,0.0,0.036707184980142,5,0.0,1
507,4,1,2,0.0030084235860409,0.037308942110964,3,0.0,1
508,4,1,2,0.0,0.037308942110964,5,0.0,1
509,4,1,2,0.0,0.037308942110964,5,0.0,1
510,4,1,2,0.0,0.037308942110964,5,0.0,1
511,4,1,2,0.0120336943441636,0.039715970634252,3,0.0,1
512,4,1,2,0.0,0.039715970634252,5,0.0,1
513,4,1,2,0.0,0.039715970634252,5,0.0,1
514,4,1,2,0.0054151624548736,0.0407991334697316,3,0.0,1
515,4,1,2,0.0,0.0407991334697316,5,0.0,1
516,4,1,2,0.0,0.0407991334697316,5,0.0,1
517,4,1,2,0.03309265944645,0.006619328439042,4,0.0,1
518,4,1,2,0.0752105896510228,0.021663256709592,4,0.0,2
519,4,1,2,0.1278580024067388,0.047237934769527,2,0.0,0
520,4,1,2,0.0,0.047237934769527,5,0.0,1
521,4,1,2,0.0084235860409145,0.0489228547358286,3,0.0,1
522,4,1,2,0.0072202166064981,0.0503670718498014,3,0.0,1
523,4,1,2,0.0451263537906137,0.0593934288121314,4,0.0,1
524,4,1,2,0.0797232250300842,0.0753399927789144,4,0.0,2
525,4,1,2,0.0457280385078219,0.0844867011674088,4,0.0,2
526,4,1,2,0.0848375451263537,0.1014562522565892,4,0.0,2
527,4,1,2,0.0210589651022864,0.1056685521723432,3,0.0,1
528,4,1,2,0.0998796630565583,0.1256468889156336,4,0.0,2
529,4,1,2,0.0219614921780986,0.1300397159706342,3,0.0,1
530,4,1,2,0.2409747292418772,0.1782404621494764,6,0.3333333333333333,0
531,4,1,2,0.0980746089049338,0.1978577446142737,4,0.0,2
532,4,1,2,0.0,0.1978577446142737,5,0.0,1
533,4,1,2,0.0063176895306859,0.1991214345889998,3,0.0,1
534,4,1,2,0.1302647412755715,0.2251775183535924,2,0.0,0
535,4,1,2,0.0839350180505415,0.2419665423035263,4,0.0,2
536,4,1,2,0.1456077015643802,0.2710915874353111,2,0.0,0
537,4,1,2,0.1107099879663056,0.2932362498495607,2,0.0,0
538,4,1,2,0.0,0.2932362498495607,5,0.0,1
539,4,1,2,0.1570397111913357,0.3246479720784691,2,0.0,0
540,4,1,2,0.0015042117930204,0.3249488506438801,3,0.0,1
541,4,1,2,0.029783393501805,0.3309062462390179,4,0.0,1
542,4,1,2,0.0225631768953068,0.3354194247201829,4,0.0,1
543,4,1,2,0.0,0.3354194247201829,5,0.0,1
544,4,1,2,0.0069193742478941,0.3368034661210735,3,0.0,1
545,4,1,2,0.0111311672683513,0.3390299675051149,3,0.0,1
546,4,1,2,0.0616726835138387,0.3513659886869659,4,0.0,2
547,4,1,2,0.1176293622141997,0.0235287038151402,2,0.0,0
548,4,1,2,0.0057160048134777,0.024672042363702,3,0.0,1
549,4,1,2,0.2864019253910951,0.0819593212179564,6,0.3333333333333333,0
550,4,1,2,0.0604693140794223,0.0940546395474786,4,0.0,2
551,4,1,2,0.0797232250300842,0.1100012035142616,4,0.0,2
552,4,1,2,0.0481347773766546,0.1196293176074136,4,0.0,2
553,4,1,2,0.2012635379061372,0.1598868696594054,6,0.3333333333333333,0
554,4,1,2,0.1043922984356197,0.1807678420989288,4,0.0,2
555,4,1,2,0.0716004813477737,0.1950896618124924,4,0.0,2
556,4,1,2,0.1344765342960289,0.2219882055602358,2,0.0,0
557,4,1,2,0.0385078219013237,0.2296906968347574,4,0.0,1
558,4,1,2,0.0153429602888086,0.2327596582019497,3,0.0,1
559,4,1,2,0.1046931407942238,0.2537008063545553,4,0.0,2
560,4,1,2,0.0749097472924187,0.2686845589120231,4,0.0,2
561,4,1,2,0.0201564380264741,0.2727163316885305,3,0.0,1
562,4,1,2,0.1293622141997593,0.2985918883138765,2,0.0,0
563,4,1,2,0.0755114320096269,0.3136959922975086,4,0.0,2
564,4,1,2,0.0147412755716004,0.3166446022385365,3,0.0,1
565,4,1,2,0.0394103489771359,0.3245276206523046,4,0.0,1
566,4,1,2,0.0093261131167268,0.3263930677578529,3,0.0,1
567,4,1,2,0.4386281588447654,0.4141292574317006,1,0.6666666666666666,0
568,4,1,2,0.0469314079422382,0.4235166686725237,4,0.0,2
569,4,1,2,0.0926594464500601,0.4420507883018413,4,0.0,2
570,4,1,2,0.0376052948255114,0.4495727524371163,4,0.0,1
571,4,1,2,0.0015042117930204,0.4498736310025273,3,0.0,1
572,4,1,2,0.0120336943441636,0.4522806595258153,3,0.0,1
573,4,1,2,0.0451263537906137,0.4613070164881453,4,0.0,1
574,4,1,2,0.0869434416365824,0.4786977975689012,4,0.0,2
575,4,1,2,0.0475330926594464,0.4882055602358887,4,0.0,2
576,4,1,2,0.2394705174488567,0.53610542784932,6,0.3333333333333333,0
577,4,1,2,0.023164861612515,0.5407389577566494,4,0.0,1
578,4,1,2,0.0,0.0,5,0.0,1
579,4,1,2,0.0,0.0,5,0.0,1
580,4,1,2,0.1040914560770156,0.0208207967264412,4,0.0,2
581,4,1,2,0.0376052948255114,0.0283427608617162,4,0.0,1
582,4,1,2,0.0,0.0283427608617162,5,0.0,1
583,4,1,2,0.0628760529482551,0.040919484895896,4,0.0,2
584,4,1,2,0.1098074608904933,0.062883620170899,2,0.0,0
585,4,1,2,0.0237665463297232,0.0676375015043928,4,0.0,1
586,4,1,2,0.0105294825511432,0.0697436514622698,3,0.0,1
587,4,1,2,0.0706979542719614,0.0838849440365868,4,0.0,2
588,4,1,2,0.0709987966305655,0.098086412323986,4,0.0,2
589,4,1,2,0.1787003610108303,0.1338307858948128,2,0.0,0
590,4,1,2,0.0688929001203369,0.1476110241906366,4,0.0,2
591,4,1,2,0.0,0.1476110241906366,5,0.0,1
592,4,1,2,0.0,0.1476110241906366,5,0.0,1
593,4,1,2,0.0977737665463297,0.1671681309423516,4,0.0,2
594,4,1,2,0.0204572803850782,0.1712600794319412,3,0.0,1
595,4,1,2,0.0562575210589651,0.1825129377783126,4,0.0,2
596,4,1,2,0.0773164861612515,0.197978096040438,4,0.0,2
597,4,1,2,0.0391095066185318,0.205800938741124,4,0.0,1
598,4,1,2,0.0249699157641395,0.2107955229269467,4,0.0,1
599,4,1,2,0.0249699157641395,0.2157901071127693,4,0.0,1
600,4,1,2,0.2223225030084236,0.2602599590805151,6,0.3333333333333333,0
601,4,1,2,0.1438026474127557,0.2890239499338067,2,0.0,0
602,4,1,2,0.1997593261131167,0.3289806234203875,6,0.3333333333333333,0
603,4,1,2,0.1104091456077015,0.3510651101215549,2,0.0,0
604,4,1,2,0.0884476534296028,0.3687567697677217,4,0.0,2
605,4,1,2,0.0096269554753309,0.3706823925863521,3,0.0,1
606,4,1,2,0.0433212996389891,0.3793476952701889,4,0.0,1
607,4,1,2,0.0048134777376654,0.3803105066795041,3,0.0,1
608,4,1,2,0.0,0.3803105066795041,5,0.0,1
609,4,1,2,0.0309867629362214,0.0061980984474666,4,0.0,1
610,4,1,2,0.0225631768953068,0.0107112769286316,4,0.0,1
611,4,1,2,0.0114320096269554,0.0129979540257552,3,0.0,1
612,4,1,2,0.1471119133574007,0.042423877722951,2,0.0,0
613,4,1,2,0.1305655836341757,0.0685401372006258,2,0.0,0
614,4,1,2,0.0475330926594464,0.0780478998676134,4,0.0,2
615,4,1,2,0.1320697954271961,0.1044650379106992,2,0.0,0
616,4,1,2,0.0370036101083032,0.1118666506198098,4,0.0,1
617,4,1,2,0.0072202166064981,0.1133108677337826,3,0.0,1
618,4,1,2,0.0514440433212996,0.1236009146708388,4,0.0,2
619,4,1,2,0.0351985559566787,0.1306414731014562,4,0.0,1
620,4,1,2,0.0442238267148014,0.1394873029245396,4,0.0,1
621,4,1,2,0.0255716004813477,0.1446022385365266,4,0.0,1
622,4,1,2,0.2557160048134777,0.1957515946563967,6,0.3333333333333333,0
623,4,1,2,0.0135379061371841,0.1984595017450957,3,0.0,1
624,4,1,2,0.0809265944645006,0.2146467685642074,4,0.0,2
625,4,1,2,0.0075210589651022,0.2161511613912624,3,0.0,1
626,4,1,2,0.0087244283995186,0.2178962570706463,3,0.0,1
627,4,1,2,0.1392900120336943,0.2457576122277048,2,0.0,0
628,4,1,2,0.0216606498194945,0.2500902635696233,3,0.0,1
629,4,1,2,0.0481347773766546,0.2597183776627753,4,0.0,2
630,4,1,2,0.0168471720818291,0.2630882175953785,3,0.0,1
631,4,1,2,0.0141395908543922,0.2659164761102419,3,0.0,1
632,4,1,2,0.0,0.2659164761102419,5,0.0,1
633,4,1,2,0.0288808664259927,0.2716933445661331,4,0.0,1
634,4,1,2,0.1702767749699157,0.3057527981706583,2,0.0,0
635,4,1,2,0.0111311672683513,0.3079792995546997,3,0.0,1
636,4,1,2,0.0851383874849578,0.3250090263569623,4,0.0,2
637,4,1,2,0.0048134777376654,0.3259718377662775,3,0.0,1
638,4,1,2,0.0171480144404332,0.3294018534119629,3,0.0,1
639,4,1,2,0.0078219013237063,0.0015645685401372,3,0.0,1
640,4,1,2,0.0670878459687124,0.0149837525574678,4,0.0,2
641,4,1,2,0.059265944645006,0.0268383680346612,4,0.0,2
642,4,1,2,0.0210589651022864,0.0310506679504152,3,0.0,1
643,4,1,2,0.0114320096269554,0.0333373450475388,3,0.0,1
644,4,1,2,0.02647412755716,0.0386328077987724,4,0.0,1
645,4,1,2,0.003309265944645,0.0392947406426766,3,0.0,1
646,4,1,2,0.0306859205776173,0.045432663377061,4,0.0,1
647,4,1,2,0.0078219013237063,0.0469972319171982,3,0.0,1
648,4,1,2,0.0048134777376654,0.0479600433265134,3,0.0,1
649,4,1,2,0.0237665463297232,0.0527139246600072,4,0.0,1
650,4,1,2,0.0123345367027677,0.0551811288963774,3,0.0,1
651,4,1,2,0.062575210589651,0.067697677217475,4,0.0,2
652,4,1,2,0.0021058965102286,0.0681189072090504,3,0.0,1
653,4,1,2,0.003309265944645,0.0687808400529546,3,0.0,1
654,4,1,2,0.0517448856799037,0.079131062703093,4,0.0,2
655,4,1,2,0.0523465703971119,0.0896016367793958,4,0.0,2
656,4,1,2,0.0860409145607701,0.106811890720905,4,0.0,2
657,4,1,2,0.0,0.106811890720905,5,0.0,1
658,4,1,2,0.0237665463297232,0.1115657720543988,4,0.0,1
659,4,1,2,0.003309265944645,0.112227704898303,3,0.0,1
660,4,1,2,0.0475330926594464,0.1217354675652906,4,0.0,2
661,4,1,2,0.1034897713598074,0.1424359128655674,4,0.0,2
662,4,1,2,0.01323706377858,0.1450836442411842,3,0.0,1
663,4,1,2,0.0773164861612515,0.1605488025033096,4,0.0,2
664,4,1,2,0.0565583634175691,0.1718618365627632,4,0.0,2
665,4,1,2,0.0075210589651022,0.1733662293898182,3,0.0,1
666,4,1,2,0.0045126353790613,0.1742688650860512,3,0.0,1
667,4,1,2,0.0183513838748495,0.1779395835840654,3,0.0,1
668,4,1,2,0.0327918170878459,0.1844987363100252,4,0.0,1
669,4,1,2,0.0,0.1844987363100252,5,0.0,1
670,4,1,2,0.0,0.0,5,0.0,1
671,4,1,2,0.0069193742478941,0.0013840414008906,3,0.0,1
672,4,1,2,0.0,0.0013840414008906,5,0.0,1
673,4,1,2,0.0075210589651022,0.0028884342279456,3,0.0,1
674,4,1,2,0.0018050541516245,0.0032494885064388,3,0.0,1
675,4,1,2,0.1013838748495788,0.0235287038151402,4,0.0,2
676,4,1,2,0.0228640192539109,0.0281020580093874,4,0.0,1
677,4,1,2,0.0,0.0281020580093874,5,0.0,1
678,4,1,2,0.0,0.0281020580093874,5,0.0,1
679,4,1,2,0.0,0.0281020580093874,5,0.0,1
680,4,1,2,0.0009025270758122,0.028282585148634,3,0.0,1
681,4,1,2,0.0282791817087845,0.0339391021783608,4,0.0,1
682,4,1,2,0.0,0.0339391021783608,5,0.0,1
683,4,1,2,0.0,0.0339391021783608,5,0.0,1
684,4,1,2,0.0,0.0339391021783608,5,0.0,1
685,4,1,2,0.0,0.0339391021783608,5,0.0,1
686,4,1,2,0.0,0.0339391021783608,5,0.0,1
687,4,1,2,0.0,0.0339391021783608,5,0.0,1
688,4,1,2,0.0,0.0339391021783608,5,0.0,1
689,4,1,2,0.0,0.0339391021783608,5,0.0,1
690,4,1,2,0.0,0.0339391021783608,5,0.0,1
691,4,1,2,0.0117328519855595,0.0362859549885666,3,0.0,1
692,4,1,2,0.0,0.0362859549885666,5,0.0,1
693,4,1,2,0.0,0.0362859549885666,5,0.0,1
694,4,1,2,0.0258724428399518,0.0414610663136358,4,0.0,1
695,4,1,2,0.0460288808664259,0.0506679504152124,4,0.0,2
696,4,1,2,0.0,0.0506679504152124,5,0.0,1
697,4,1,2,0.0,0.0506679504152124,5,0.0,1
698,4,1,2,0.0,0.0506679504152124,5,0.0,1
699,4,1,2,0.0,0.0506679504152124,5,0.0,1
700,4,1,2,0.0,0.0,5,0.0,1
701,4,1,2,0.0,0.0,5,0.0,1
702,4,1,2,0.0,0.0,5,0.0,1
703,4,1,2,0.0,0.0,5,0.0,1
704,4,1,2,0.0,0.0,5,0.0,1
705,4,1,2,0.0,0.0,5,0.0,1
706,4,1,2,0.0,0.0,5,0.0,1
707,4,1,2,0.0,0.0,5,0.0,1
708,4,1,2,0.0,0.0,5,0.0,1
709,4,1,2,0.0,0.0,5,0.0,1
710,4,1,2,0.0,0.0,5,0.0,1
711,4,1,2,0.0,0.0,5,0.0,1
712,4,1,2,0.0,0.0,5,0.0,1
713,4,1,2,0.0,0.0,5,0.0,1
714,4,1,2,0.0,0.0,5,0.0,1
715,4,1,2,0.0,0.0,5,0.0,1
716,4,1,2,0.0,0.0,5,0.0,1
717,4,1,2,0.0,0.0,5,0.0,1
718,4,1,2,0.0,0.0,5,0.0,1
719,4,1,2,0.0,0.0,5,0.0,1
720,4,1,2,0.0,0.0,5,0.0,1
721,4,1,2,0.0,0.0,5,0.0,1
722,4,1,2,0.0,0.0,5,0.0,1
723,4,1,2,0.0,0.0,5,0.0,1
724,4,1,2,0.0,0.0,5,0.0,1
725,4,1,2,0.0,0.0,5,0.0,1
726,4,1,2,0.0,0.0,5,0.0,1
727,4,1,2,0.0,0.0,5,0.0,1
728,4,1,2,0.0,0.0,5,0.0,1
729,4,1,2,0.0,0.0,5,0.0,1
730,4,1,2,0.0,0.0,5,0.0,1
731,4,1,0,0.0,0.0,5,0.0,1
732,4,1,0,0.0,0.0,5,0.0,1
733,4,1,0,0.0,0.0,5,0.0,1
734,4,1,0,0.0,0.0,5,0.0,1
735,4,1,0,0.0,0.0,5,0.0,1
736,4,1,0,0.0,0.0,5,0.0,1
737,4,1,0,0.0,0.0,5,0.0,1
738,4,1,0,0.0,0.0,5,0.0,1
739,4,1,0,0.0,0.0,5,0.0,1
740,4,1,0,0.0,0.0,5,0.0,1
741,4,1,0,0.0,0.0,5,0.0,1
742,4,1,0,0.0,0.0,5,0.0,1
743,4,1,0,0.0,0.0,5,0.0,1
744,4,1,0,0.0,0.0,5,0.0,1
745,4,1,0,0.0,0.0,5,0.0,1
746,4,1,0,0.0,0.0,5,0.0,1
747,4,1,0,0.0,0.0,5,0.0,1
748,4,1,0,0.0,0.0,5,0.0,1
749,4,1,0,0.0,0.0,5,0.0,1
750,4,1,0,0.0,0.0,5,0.0,1
751,4,1,0,0.0,0.0,5,0.0,1
752,4,1,0,0.0,0.0,5,0.0,1
753,4,1,0,0.0,0.0,5,0.0,1
754,4,1,0,0.0,0.0,5,0.0,1
755,4,1,0,0.0,0.0,5,0.0,1
756,4,1,0,0.0,0.0,5,0.0,1
757,4,1,0,0.0,0.0,5,0.0,1
758,4,1,0,0.0,0.0,5,0.0,1
759,4,1,0,0.0,0.0,5,0.0,1
760,4,1,0,0.0,0.0,5,0.0,1
761,4,1,0,0.0,0.0,5,0.0,1
762,4,1,0,0.0,0.0,5,0.0,1
763,4,1,0,0.0,0.0,5,0.0,1
764,4,1,0,0.0,0.0,5,0.0,1
765,4,1,0,0.0,0.0,5,0.0,1
766,4,1,0,0.0,0.0,5,0.0,1
767,4,1,0,0.0,0.0,5,0.0,1
768,4,1,0,0.0,0.0,5,0.0,1
769,4,1,0,0.0,0.0,5,0.0,1
770,4,1,0,0.0,0.0,5,0.0,1
771,4,1,0,0.0,0.0,5,0.0,1
772,4,1,0,0.0,0.0,5,0.0,1
773,4,1,0,0.0,0.0,5,0.0,1
774,4,1,0,0.0,0.0,5,0.0,1
775,4,1,0,0.0,0.0,5,0.0,1
776,4,1,0,0.0,0.0,5,0.0,1
777,4,1,0,0.0,0.0,5,0.0,1
778,4,1,0,0.0,0.0,5,0.0,1
779,4,1,0,0.0,0.0,5,0.0,1
780,4,1,0,0.0,0.0,5,0.0,1
781,4,1,0,0.0,0.0,5,0.0,1
782,4,1,0,0.0,0.0,5,0.0,1
783,4,1,0,0.0,0.0,5,0.0,1
784,4,1,0,0.0,0.0,5,0.0,1
785,4,1,0,0.0,0.0,5,0.0,1
786,4,1,0,0.0,0.0,5,0.0,1
787,4,1,0,0.0,0.0,5,0.0,1
788,4,1,0,0.0,0.0,5,0.0,1
789,4,1,0,0.0,0.0,5,0.0,1
790,4,1,0,0.0,0.0,5,0.0,1
791,4,1,0,0.0,0.0,5,0.0,1
792,4,1,0,0.0,0.0,5,0.0,1
793,4,1,0,0.0,0.0,5,0.0,1
794,4,1,0,0.0,0.0,5,0.0,1
795,4,1,0,0.0,0.0,5,0.0,1
796,4,1,0,0.0,0.0,5,0.0,1
797,4,1,0,0.0045126353790613,0.000902635696233,3,0.0,1
798,4,1,0,0.0,0.000902635696233,5,0.0,1
799,4,1,0,0.0,0.000902635696233,5,0.0,1
800,4,1,0,0.0,0.000902635696233,5,0.0,1
801,4,1,0,0.0,0.000902635696233,5,0.0,1
802,4,1,0,0.0,0.000902635696233,5,0.0,1
803,4,1,0,0.0,0.000902635696233,5,0.0,1
804,4,1,0,0.0,0.000902635696233,5,0.0,1
805,4,1,0,0.0348977135980746,0.0078830184137682,4,0.0,1
806,4,1,0,0.0,0.0078830184137682,5,0.0,1
807,4,1,0,0.0,0.0078830184137682,5,0.0,1
808,4,1,0,0.0,0.0078830184137682,5,0.0,1
809,4,1,0,0.0,0.0078830184137682,5,0.0,1
810,4,1,0,0.0,0.0078830184137682,5,0.0,1
811,4,1,0,0.0,0.0078830184137682,5,0.0,1
812,4,1,0,0.0,0.0078830184137682,5,0.0,1
813,4,1,0,0.0,0.0078830184137682,5,0.0,1
814,4,1,0,0.0,0.0078830184137682,5,0.0,1
815,4,1,0,0.0,0.0078830184137682,5,0.0,1
816,4,1,0,0.0081227436823104,0.0095077626669876,3,0.0,1
817,4,1,0,0.0,0.0095077626669876,5,0.0,1
818,4,1,0,0.0,0.0095077626669876,5,0.0,1
819,4,1,0,0.0,0.0095077626669876,5,0.0,1
820,4,1,0,0.0,0.0095077626669876,5,0.0,1
821,4,1,0,0.0,0.0,5,0.0,1
822,4,1,0,0.0,0.0,5,0.0,1
823,4,1,0,0.0012033694344163,0.0002407028523288,3,0.0,1
824,4,1,0,0.0,0.0002407028523288,5,0.0,1
825,4,1,0,0.00661853188929,0.0015645685401372,3,0.0,1
826,4,1,0,0.0,0.0015645685401372,5,0.0,1
827,4,1,0,0.0024067388688327,0.0020459742447948,3,0.0,1
828,4,1,0,0.0,0.0020459742447948,5,0.0,1
829,4,1,0,0.0,0.0020459742447948,5,0.0,1
830,4,1,0,0.0,0.0020459742447948,5,0.0,1
831,4,1,0,0.0,0.0020459742447948,5,0.0,1
832,4,1,0,0.0,0.0020459742447948,5,0.0,1
833,4,1,0,0.0,0.0020459742447948,5,0.0,1
834,4,1,0,0.0,0.0020459742447948,5,0.0,1
835,4,1,0,0.0,0.0020459742447948,5,0.0,1
836,4,1,0,0.0159446450060168,0.0052352870381514,3,0.0,1
837,4,1,0,0.0,0.0052352870381514,5,0.0,1
838,4,1,0,0.0,0.0052352870381514,5,0.0,1
839,4,1,0,0.0,0.0052352870381514,5,0.0,1
840,4,1,0,0.0,0.0052352870381514,5,0.0,1
841,4,1,0,0.0,0.0052352870381514,5,0.0,1
842,4,1,0,0.0,0.0052352870381514,5,0.0,1
843,4,1,0,0.0,0.0052352870381514,5,0.0,1
844,4,1,0,0.0,0.0052352870381514,5,0.0,1
845,4,1,0,0.0,0.0052352870381514,5,0.0,1
846,4,1,0,0.0,0.0052352870381514,5,0.0,1
847,4,1,0,0.0,0.0052352870381514,5,0.0,1
848,4,1,0,0.0,0.0052352870381514,5,0.0,1
849,4,1,0,0.0,0.0052352870381514,5,0.0,1
850,4,1,0,0.0,0.0052352870381514,5,0.0,1
851,4,1,0,0.0,0.0,5,0.0,1
852,4,1,0,0.0,0.0,5,0.0,1
853,4,1,0,0.0,0.0,5,0.0,1
854,4,1,0,0.0,0.0,5,0.0,1
855,4,1,0,0.0,0.0,5,0.0,1
856,4,1,0,0.0,0.0,5,0.0,1
857,4,1,0,0.0,0.0,5,0.0,1
858,4,1,0,0.0,0.0,5,0.0,1
859,4,1,0,0.0,0.0,5,0.0,1
860,4,1,0,0.0,0.0,5,0.0,1
861,4,1,0,0.0,0.0,5,0.0,1
862,4,1,0,0.0,0.0,5,0.0,1
863,4,1,0,0.0,0.0,5,0.0,1
864,4,1,0,0.0,0.0,5,0.0,1
865,4,1,0,0.0,0.0,5,0.0,1
866,4,1,0,0.0,0.0,5,0.0,1
867,4,1,0,0.0,0.0,5,0.0,1
868,4,1,0,0.0,0.0,5,0.0,1
869,4,1,0,0.0,0.0,5,0.0,1
870,4,1,0,0.0,0.0,5,0.0,1
871,4,1,0,0.0,0.0,5,0.0,1
872,4,1,0,0.0,0.0,5,0.0,1
873,4,1,0,0.0,0.0,5,0.0,1
874,4,1,0,0.0,0.0,5,0.0,1
875,4,1,0,0.0,0.0,5,0.0,1
876,4,1,0,0.0,0.0,5,0.0,1
877,4,1,0,0.0,0.0,5,0.0,1
878,4,1,0,0.0,0.0,5,0.0,1
879,4,1,0,0.0,0.0,5,0.0,1
880,4,1,0,0.0,0.0,5,0.0,1
881,4,1,0,0.0,0.0,5,0.0,1
882,4,1,0,0.0,0.0,5,0.0,1
883,4,1,0,0.0093261131167268,0.0018654471055482,3,0.0,1
884,4,1,0,0.0,0.0018654471055482,5,0.0,1
885,4,1,0,0.0,0.0018654471055482,5,0.0,1
886,4,1,0,0.0815282791817088,0.0181730653508244,4,0.0,2
887,4,1,0,0.0,0.0181730653508244,5,0.0,1
888,4,1,0,0.0,0.0181730653508244,5,0.0,1
889,4,1,0,0.0087244283995186,0.0199181610302082,3,0.0,1
890,4,1,0,0.0,0.0199181610302082,5,0.0,1
891,4,1,0,0.0,0.0199181610302082,5,0.0,1
892,4,1,0,0.0060168471720818,0.0211216752918522,3,0.0,1
893,4,1,0,0.0,0.0211216752918522,5,0.0,1
894,4,1,0,0.0,0.0211216752918522,5,0.0,1
895,4,1,0,0.0156438026474127,0.0242508123721266,3,0.0,1
896,4,1,0,0.0,0.0242508123721266,5,0.0,1
897,4,1,0,0.0162454873646209,0.0275003008785654,3,0.0,1
898,4,1,0,0.0,0.0275003008785654,5,0.0,1
899,4,1,0,0.0,0.0275003008785654,5,0.0,1
900,4,1,0,0.0622743682310469,0.0399566734865808,4,0.0,2
901,4,1,0,0.0108303249097472,0.04212299915754,3,0.0,1
902,4,1,0,0.0406137184115523,0.050246720423637,4,0.0,1
903,4,1,0,0.000300842358604,0.0503068961367192,3,0.0,1
904,4,1,0,0.0,0.0503068961367192,5,0.0,1
905,4,1,0,0.0884476534296028,0.067998555782886,4,0.0,2
906,4,1,0,0.0,0.067998555782886,5,0.0,1
907,4,1,0,0.0060168471720818,0.06920207004453,3,0.0,1
908,4,1,0,0.0,0.06920207004453,5,0.0,1
909,4,1,0,0.0240673886883273,0.074016127091106,4,0.0,1
910,4,1,0,0.0457280385078219,0.0831628354796004,4,0.0,2
911,4,1,0,0.0,0.0831628354796004,5,0.0,1
912,4,1,0,0.0,0.0,5,0.0,1
913,4,1,0,0.0144404332129963,0.0028884342279456,3,0.0,1
914,4,1,0,0.4563778580024067,0.094174990973643,1,0.6666666666666666,0
915,4,1,0,0.0,0.094174990973643,5,0.0,1
916,4,1,0,0.0006016847172081,0.0942953423998074,3,0.0,1
917,4,1,0,0.0,0.0942953423998074,5,0.0,1
918,4,1,0,0.0,0.0942953423998074,5,0.0,1
919,4,1,0,0.0,0.0942953423998074,5,0.0,1
920,4,1,0,0.0,0.0942953423998074,5,0.0,1
921,4,1,0,0.0294825511432009,0.100192562281863,4,0.0,1
922,4,1,0,0.0228640192539109,0.1047659164761102,4,0.0,1
923,4,1,0,0.0,0.1047659164761102,5,0.0,1
924,4,1,0,0.0926594464500601,0.1233000361054278,4,0.0,2
925,4,1,0,0.0,0.1233000361054278,5,0.0,1
926,4,1,0,0.0,0.1233000361054278,5,0.0,1
927,4,1,0,0.003610108303249,0.1240221446624142,3,0.0,1
928,4,1,0,0.0752105896510228,0.1390660729329642,4,0.0,2
929,4,1,0,0.0,0.1390660729329642,5,0.0,1
930,4,1,0,0.0,0.1390660729329642,5,0.0,1
931,4,1,0,0.0,0.1390660729329642,5,0.0,1
932,4,1,0,0.0,0.1390660729329642,5,0.0,1
933,4,1,0,0.0,0.1390660729329642,5,0.0,1
934,4,1,0,0.0,0.1390660729329642,5,0.0,1
935,4,1,0,0.0228640192539109,0.1436394271272114,4,0.0,1
936,4,1,0,0.0144404332129963,0.146527861355157,3,0.0,1
937,4,1,0,0.0,0.146527861355157,5,0.0,1
938,4,1,0,0.0039109506618531,0.1473101456252256,3,0.0,1
939,4,1,0,0.0,0.1473101456252256,5,0.0,1
940,4,1,0,0.0,0.1473101456252256,5,0.0,1
941,4,1,0,0.0451263537906137,0.1563365025875556,4,0.0,1
942,4,1,0,0.0,0.1563365025875556,5,0.0,1
943,4,1,0,0.0138387484957882,0.0027680828017812,3,0.0,1
944,4,1,0,0.0,0.0027680828017812,5,0.0,1
945,4,1,0,0.0258724428399518,0.0079431941268504,4,0.0,1
946,4,1,0,0.0,0.0079431941268504,5,0.0,1
947,4,1,0,0.0279783393501805,0.013539535443495,4,0.0,1
948,4,1,0,0.0,0.013539535443495,5,0.0,1
949,4,1,0,0.0,0.013539535443495,5,0.0,1
950,4,1,0,0.0,0.013539535443495,5,0.0,1
951,4,1,0,0.0018050541516245,0.0139005897219882,3,0.0,1
952,4,1,0,0.0,0.0139005897219882,5,0.0,1
953,4,1,0,0.0,0.0139005897219882,5,0.0,1
954,4,1,0,0.0,0.0139005897219882,5,0.0,1
955,4,1,0,0.0,0.0139005897219882,5,0.0,1
956,4,1,0,0.0,0.0139005897219882,5,0.0,1
957,4,1,0,0.0123345367027677,0.0163677939583584,3,0.0,1
958,4,1,0,0.0,0.0163677939583584,5,0.0,1
959,4,1,0,0.0315884476534296,0.0226862438319894,4,0.0,1
960,4,1,0,0.0,0.0226862438319894,5,0.0,1
961,4,1,0,0.1074007220216606,0.0441689734023348,2,0.0,0
962,4,1,0,0.0039109506618531,0.0449512576724034,3,0.0,1
963,4,1,0,0.0,0.0449512576724034,5,0.0,1
964,4,1,0,0.0,0.0449512576724034,5,0.0,1
965,4,1,0,0.0,0.0449512576724034,5,0.0,1
966,4,1,0,0.0,0.0449512576724034,5,0.0,1
967,4,1,0,0.0598676293622141,0.0569262245757612,4,0.0,2
968,4,1,0,0.0,0.0569262245757612,5,0.0,1
969,4,1,0,0.0,0.0569262245757612,5,0.0,1
970,4,1,0,0.0,0.0569262245757612,5,0.0,1
971,4,1,0,0.0,0.0569262245757612,5,0.0,1
972,4,1,0,0.0,0.0569262245757612,5,0.0,1
973,4,1,0,0.0129362214199759,0.0595137802382958,3,0.0,1
974,4,1,0,0.0,0.0,5,0.0,1
975,4,1,0,0.0418170878459687,0.0083644241184258,4,0.0,1
976,4,1,0,0.0,0.0083644241184258,5,0.0,1
977,4,1,0,0.0342960288808664,0.0152244554097966,4,0.0,1
978,4,1,0,0.0,0.0152244554097966,5,0.0,1
979,4,1,0,0.0027075812274368,0.0157660368275364,3,0.0,1
980,4,1,0,0.0,0.0157660368275364,5,0.0,1
981,4,1,0,0.0039109506618531,0.016548321097605,3,0.0,1
982,4,1,0,0.0740072202166065,0.0313515465158262,4,0.0,2
983,4,1,0,0.0,0.0313515465158262,5,0.0,1
984,4,1,0,0.0,0.0313515465158262,5,0.0,1
985,4,1,0,0.0,0.0313515465158262,5,0.0,1
986,4,1,0,0.0,0.0313515465158262,5,0.0,1
987,4,1,0,0.0162454873646209,0.034601035022265,3,0.0,1
988,4,1,0,0.0,0.034601035022265,5,0.0,1
989,4,1,0,0.049638989169675,0.044530027680828,4,0.0,2
990,4,1,0,0.0,0.044530027680828,5,0.0,1
991,4,1,0,0.0,0.044530027680828,5,0.0,1
992,4,1,0,0.0,0.044530027680828,5,0.0,1
993,4,1,0,0.0,0.044530027680828,5,0.0,1
994,4,1,0,0.0,0.044530027680828,5,0.0,1
995,4,1,0,0.0081227436823104,0.0461547719340474,3,0.0,1
996,4,1,0,0.0,0.0461547719340474,5,0.0,1
997,4,1,0,0.0,0.0461547719340474,5,0.0,1
998,4,1,0,0.0012033694344163,0.0463954747863762,3,0.0,1
999,4,1,0,0.0219614921780986,0.0507883018413768,3,0.0,1
1000,4,1,0,0.0577617328519855,0.0623420387531592,4,0.0,2
1001,4,1,0,0.0,0.0623420387531592,5,0.0,1
1002,4,1,0,0.0,0.0623420387531592,5,0.0,1
1003,4,1,0,0.0,0.0623420387531592,5,0.0,1
1004,4,1,0,0.0006016847172081,0.0001203514261644,3,0.0,1
1005,4,1,0,0.0,0.0001203514261644,5,0.0,1
1006,4,1,0,0.0009025270758122,0.000300878565411,3,0.0,1
1007,4,1,0,0.0,0.000300878565411,5,0.0,1
1008,4,1,0,0.0,0.000300878565411,5,0.0,1
1009,4,1,0,0.0,0.000300878565411,5,0.0,1
1010,4,1,0,0.0,0.000300878565411,5,0.0,1
1011,4,1,0,0.0,0.000300878565411,5,0.0,1
1012,4,1,0,0.0048134777376654,0.0012636899747262,3,0.0,1
1013,4,1,0,0.0,0.0012636899747262,5,0.0,1
1014,4,1,0,0.0,0.0012636899747262,5,0.0,1
1015,4,1,0,0.0057160048134777,0.002407028523288,3,0.0,1
1016,4,1,0,0.0012033694344163,0.0026477313756168,3,0.0,1
1017,4,1,0,0.0,0.0026477313756168,5,0.0,1
1018,4,1,0,0.0,0.0026477313756168,5,0.0,1
1019,4,1,0,0.0012033694344163,0.0028884342279456,3,0.0,1
1020,4,1,0,0.0,0.0028884342279456,5,0.0,1
1021,4,1,0,0.0,0.0028884342279456,5,0.0,1
1022,4,1,0,0.0042117930204572,0.0037308942110964,3,0.0,1
1023,4,1,0,0.0,0.0037308942110964,5,0.0,1
1024,4,1,0,0.0273766546329723,0.0092068841015766,4,0.0,1
1025,4,1,0,0.0,0.0092068841015766,5,0.0,1
1026,4,1,0,0.0,0.0092068841015766,5,0.0,1
1027,4,1,0,0.0,0.0092068841015766,5,0.0,1
1028,4,1,0,0.02647412755716,0.0145023468528102,4,0.0,1
1029,4,1,0,0.0,0.0145023468528102,5,0.0,1
1030,4,1,0,0.0,0.0145023468528102,5,0.0,1
1031,4,1,0,0.0,0.0145023468528102,5,0.0,1
1032,4,1,0,0.0,0.0145023468528102,5,0.0,1
1033,4,1,0,0.0111311672683513,0.0167288482368516,3,0.0,1
1034,4,1,0,0.0,0.0167288482368516,5,0.0,1
1035,4,1,0,0.0,0.0,5,0.0,1
1036,4,1,0,0.003610108303249,0.0007221085569864,3,0.0,1
1037,4,1,0,0.0,0.0007221085569864,5,0.0,1
1038,4,1,0,0.0,0.0007221085569864,5,0.0,1
1039,4,1,0,0.0,0.0007221085569864,5,0.0,1
1040,4,1,0,0.0,0.0007221085569864,5,0.0,1
1041,4,1,0,0.0,0.0007221085569864,5,0.0,1
1042,4,1,0,0.0,0.0007221085569864,5,0.0,1
1043,4,1,0,0.0,0.0007221085569864,5,0.0,1
1044,4,1,0,0.0,0.0007221085569864,5,0.0,1
1045,4,1,0,0.0,0.0007221085569864,5,0.0,1
1046,4,1,0,0.0,0.0007221085569864,5,0.0,1
1047,4,1,0,0.0,0.0007221085569864,5,0.0,1
1048,4,1,0,0.0,0.0007221085569864,5,0.0,1
1049,4,1,0,0.0,0.0007221085569864,5,0.0,1
1050,4,1,0,0.0,0.0007221085569864,5,0.0,1
1051,4,1,0,0.0,0.0007221085569864,5,0.0,1
1052,4,1,0,0.0,0.0007221085569864,5,0.0,1
1053,4,1,0,0.0,0.0007221085569864,5,0.0,1
1054,4,1,0,0.0,0.0007221085569864,5,0.0,1
1055,4,1,0,0.0,0.0007221085569864,5,0.0,1
1056,4,1,0,0.0,0.0007221085569864,5,0.0,1
1057,4,1,0,0.0,0.0007221085569864,5,0.0,1
1058,4,1,0,0.0,0.0007221085569864,5,0.0,1
1059,4,1,0,0.0,0.0007221085569864,5,0.0,1
1060,4,1,0,0.0,0.0007221085569864,5,0.0,1
1061,4,1,0,0.0,0.0007221085569864,5,0.0,1
1062,4,1,0,0.0,0.0007221085569864,5,0.0,1
1063,4,1,0,0.0,0.0007221085569864,5,0.0,1
1064,4,1,0,0.0,0.0007221085569864,5,0.0,1
1065,4,1,0,0.0,0.0,5,0.0,1
1066,4,1,0,0.0,0.0,5,0.0,1
1067,4,1,0,0.0,0.0,5,0.0,1
1068,4,1,0,0.0,0.0,5,0.0,1
1069,4,1,0,0.0,0.0,5,0.0,1
1070,4,1,0,0.0,0.0,5,0.0,1
1071,4,1,0,0.0,0.0,5,0.0,1
1072,4,1,0,0.0,0.0,5,0.0,1
1073,4,1,0,0.0,0.0,5,0.0,1
1074,4,1,0,0.0,0.0,5,0.0,1
1075,4,1,0,0.0,0.0,5,0.0,1
1076,4,1,0,0.0,0.0,5,0.0,1
1077,4,1,0,0.0,0.0,5,0.0,1
1078,4,1,0,0.0,0.0,5,0.0,1
1079,4,1,0,0.0,0.0,5,0.0,1
1080,4,1,0,0.0,0.0,5,0.0,1
1081,4,1,0,0.0,0.0,5,0.0,1
1082,4,1,0,0.0,0.0,5,0.0,1
1083,4,1,0,0.003309265944645,0.0006619328439042,3,0.0,1
1084,4,1,0,0.0,0.0006619328439042,5,0.0,1
1085,4,1,0,0.0,0.0006619328439042,5,0.0,1
1086,4,1,0,0.0,0.0006619328439042,5,0.0,1
1087,4,1,0,0.0,0.0006619328439042,5,0.0,1
1088,4,1,0,0.0,0.0006619328439042,5,0.0,1
1089,4,1,0,0.0,0.0006619328439042,5,0.0,1
1090,4,1,0,0.0,0.0006619328439042,5,0.0,1
1091,4,1,0,0.0,0.0006619328439042,5,0.0,1
1092,4,1,0,0.0,0.0006619328439042,5,0.0,1
1093,4,1,0,0.0,0.0006619328439042,5,0.0,1
1094,4,1,0,0.0,0.0006619328439042,5,0.0,1
1095,4,1,0,0.0,0.0006619328439042,5,0.0,1
1096,4,1,3,0.0,0.0,5,0.0,1
1097,4,1,3,0.0,0.0,5,0.0,1
1098,4,1,3,0.0,0.0,5,0.0,1
1099,4,1,3,0.0,0.0,5,0.0,1
1100,4,1,3,0.0,0.0,5,0.0,1
1101,4,1,3,0.0,0.0,5,0.0,1
1102,4,1,3,0.0,0.0,5,0.0,1
1103,4,1,3,0.0,0.0,5,0.0,1
1104,4,1,3,0.0,0.0,5,0.0,1
1105,4,1,3,0.0,0.0,5,0.0,1
1106,4,1,3,0.0,0.0,5,0.0,1
1107,4,1,3,0.0,0.0,5,0.0,1
1108,4,1,3,0.0,0.0,5,0.0,1
1109,4,1,3,0.0,0.0,5,0.0,1
1110,4,1,3,0.0,0.0,5,0.0,1
1111,4,1,3,0.0,0.0,5,0.0,1
1112,4,1,3,0.0,0.0,5,0.0,1
1113,4,1,3,0.0,0.0,5,0.0,1
1114,4,1,3,0.0,0.0,5,0.0,1
1115,4,1,3,0.00661853188929,0.0013238656878084,3,0.0,1
1116,4,1,3,0.0,0.0013238656878084,5,0.0,1
1117,4,1,3,0.0,0.0013238656878084,5,0.0,1
1118,4,1,3,0.0,0.0013238656878084,5,0.0,1
1119,4,1,3,0.0,0.0013238656878084,5,0.0,1
1120,4,1,3,0.0,0.0013238656878084,5,0.0,1
1121,4,1,3,0.0,0.0013238656878084,5,0.0,1
1122,4,1,3,0.0,0.0013238656878084,5,0.0,1
1123,4,1,3,0.0,0.0013238656878084,5,0.0,1
1124,4,1,3,0.0,0.0013238656878084,5,0.0,1
1125,4,1,3,0.0,0.0013238656878084,5,0.0,1
1126,4,1,3,0.0,0.0013238656878084,5,0.0,1
1127,4,1,3,0.0,0.0,5,0.0,1
1128,4,1,3,0.0,0.0,5,0.0,1
1129,4,1,3,0.0,0.0,5,0.0,1
1130,4,1,3,0.0,0.0,5,0.0,1
1131,4,1,3,0.0,0.0,5,0.0,1
1132,4,1,3,0.0,0.0,5,0.0,1
1133,4,1,3,0.0,0.0,5,0.0,1
1134,4,1,3,0.0,0.0,5,0.0,1
1135,4,1,3,0.0,0.0,5,0.0,1
1136,4,1,3,0.0,0.0,5,0.0,1
1137,4,1,3,0.0,0.0,5,0.0,1
1138,4,1,3,0.0,0.0,5,0.0,1
1139,4,1,3,0.0192539109506618,0.0038512456372608,3,0.0,1
1140,4,1,3,0.0,0.0038512456372608,5,0.0,1
1141,4,1,3,0.0,0.0038512456372608,5,0.0,1
1142,4,1,3,0.0,0.0038512456372608,5,0.0,1
1143,4,1,3,0.0,0.0038512456372608,5,0.0,1
1144,4,1,3,0.0,0.0038512456372608,5,0.0,1
1145,4,1,3,0.0,0.0038512456372608,5,0.0,1
1146,4,1,3,0.0,0.0038512456372608,5,0.0,1
1147,4,1,3,0.0,0.0038512456372608,5,0.0,1
1148,4,1,3,0.0,0.0038512456372608,5,0.0,1
1149,4,1,3,0.0135379061371841,0.0065591527259598,3,0.0,1
1150,4,1,3,0.0009025270758122,0.0067396798652064,3,0.0,1
1151,4,1,3,0.0,0.0067396798652064,5,0.0,1
1152,4,1,3,0.0,0.0067396798652064,5,0.0,1
1153,4,1,3,0.0,0.0067396798652064,5,0.0,1
1154,4,1,3,0.0,0.0067396798652064,5,0.0,1
1155,4,1,3,0.0,0.0,5,0.0,1
1156,4,1,3,0.0,0.0,5,0.0,1
1157,4,1,3,0.0,0.0,5,0.0,1
1158,4,1,3,0.0,0.0,5,0.0,1
1159,4,1,3,0.0,0.0,5,0.0,1
1160,4,1,3,0.0,0.0,5,0.0,1
1161,4,1,3,0.0,0.0,5,0.0,1
1162,4,1,3,0.0,0.0,5,0.0,1
1163,4,1,3,0.0,0.0,5,0.0,1
1164,4,1,3,0.0,0.0,5,0.0,1
1165,4,1,3,0.0,0.0,5,0.0,1
1166,4,1,3,0.0,0.0,5,0.0,1
1167,4,1,3,0.0,0.0,5,0.0,1
1168,4,1,3,0.0,0.0,5,0.0,1
1169,4,1,3,0.0,0.0,5,0.0,1
1170,4,1,3,0.0,0.0,5,0.0,1
1171,4,1,3,0.0,0.0,5,0.0,1
1172,4,1,3,0.0,0.0,5,0.0,1
1173,4,1,3,0.0,0.0,5,0.0,1
1174,4,1,3,0.0,0.0,5,0.0,1
1175,4,1,3,0.0,0.0,5,0.0,1
1176,4,1,3,0.0,0.0,5,0.0,1
1177,4,1,3,0.0,0.0,5,0.0,1
1178,4,1,3,0.0,0.0,5,0.0,1
1179,4,1,3,0.0,0.0,5,0.0,1
1180,4,1,3,0.0,0.0,5,0.0,1
1181,4,1,3,0.0,0.0,5,0.0,1
1182,4,1,3,0.0,0.0,5,0.0,1
1183,4,1,3,0.0,0.0,5,0.0,1
1184,4,1,3,0.0,0.0,5,0.0,1
1185,4,1,3,0.0,0.0,5,0.0,1
1186,4,1,3,0.0153429602888086,0.0030689613671922,3,0.0,1
1187,4,1,3,0.0,0.0030689613671922,5,0.0,1
1188,4,1,3,0.0,0.0030689613671922,5,0.0,1
1189,4,1,3,0.0,0.0030689613671922,5,0.0,1
1190,4,1,3,0.0,0.0030689613671922,5,0.0,1
1191,4,1,3,0.0,0.0030689613671922,5,0.0,1
1192,4,1,3,0.0,0.0030689613671922,5,0.0,1
1193,4,1,3,0.0,0.0030689613671922,5,0.0,1
1194,4,1,3,0.0,0.0030689613671922,5,0.0,1
1195,4,1,3,0.0,0.0030689613671922,5,0.0,1
1196,4,1,3,0.0204572803850782,0.0071609098567818,3,0.0,1
1197,4,1,3,0.0,0.0071609098567818,5,0.0,1
1198,4,1,3,0.0,0.0071609098567818,5,0.0,1
1199,4,1,3,0.0,0.0071609098567818,5,0.0,1
1200,4,1,3,0.0051143200962695,0.0081838969791792,3,0.0,1
1201,4,1,3,0.0,0.0081838969791792,5,0.0,1
1202,4,1,3,0.0,0.0081838969791792,5,0.0,1
1203,4,1,3,0.0,0.0081838969791792,5,0.0,1
1204,4,1,3,0.0,0.0081838969791792,5,0.0,1
1205,4,1,3,0.0,0.0081838969791792,5,0.0,1
1206,4,1,3,0.0240673886883273,0.0129979540257552,4,0.0,1
1207,4,1,3,0.0,0.0129979540257552,5,0.0,1
1208,4,1,3,0.0,0.0129979540257552,5,0.0,1
1209,4,1,3,0.0,0.0129979540257552,5,0.0,1
1210,4,1,3,0.0,0.0129979540257552,5,0.0,1
1211,4,1,3,0.0,0.0129979540257552,5,0.0,1
1212,4,1,3,0.0135379061371841,0.0157058611144542,3,0.0,1
1213,4,1,3,0.0,0.0157058611144542,5,0.0,1
1214,4,1,3,0.0,0.0157058611144542,5,0.0,1
1215,4,1,3,0.0,0.0157058611144542,5,0.0,1
1216,4,1,3,0.01985559566787,0.0039715970634252,3,0.0,1
1217,4,1,3,0.0,0.0039715970634252,5,0.0,1
1218,4,1,3,0.00661853188929,0.0052954627512336,3,0.0,1
1219,4,1,3,0.0,0.0052954627512336,5,0.0,1
1220,4,1,3,0.0,0.0052954627512336,5,0.0,1
1221,4,1,3,0.0,0.0052954627512336,5,0.0,1
1222,4,1,3,0.0,0.0052954627512336,5,0.0,1
1223,4,1,3,0.0345968712394705,0.0122156697556866,4,0.0,1
1224,4,1,3,0.0021058965102286,0.012636899747262,3,0.0,1
1225,4,1,3,0.023164861612515,0.0172704296545914,4,0.0,1
1226,4,1,3,0.0051143200962695,0.0182934167769888,3,0.0,1
1227,4,1,3,0.0,0.0182934167769888,5,0.0,1
1228,4,1,3,0.036401925391095,0.025574678059935,4,0.0,1
1229,4,1,3,0.0,0.025574678059935,5,0.0,1
1230,4,1,3,0.0207581227436823,0.0297268022626068,3,0.0,1
1231,4,1,3,0.0,0.0297268022626068,5,0.0,1
1232,4,1,3,0.0021058965102286,0.0301480322541822,3,0.0,1
1233,4,1,3,0.0,0.0301480322541822,5,0.0,1
1234,4,1,3,0.0,0.0301480322541822,5,0.0,1
1235,4,1,3,0.0,0.0301480322541822,5,0.0,1
1236,4,1,3,0.0,0.0301480322541822,5,0.0,1
1237,4,1,3,0.0171480144404332,0.0335780478998676,3,0.0,1
1238,4,1,3,0.0,0.0335780478998676,5,0.0,1
1239,4,1,3,0.0,0.0335780478998676,5,0.0,1
1240,4,1,3,0.0685920577617328,0.0472981104826092,4,0.0,2
1241,4,1,3,0.0273766546329723,0.0527741003730894,4,0.0,1
1242,4,1,3,0.0300842358604091,0.0587916716813094,4,0.0,1
1243,4,1,3,0.0,0.0587916716813094,5,0.0,1
1244,4,1,3,0.0,0.0587916716813094,5,0.0,1
1245,4,1,3,0.0252707581227436,0.0638464315802142,4,0.0,1
1246,4,1,3,0.0,0.0638464315802142,5,0.0,1
1247,4,1,3,0.0114320096269554,0.0022866770971236,3,0.0,1
1248,4,1,3,0.0595667870036101,0.0142014682873992,4,0.0,2
1249,4,1,3,0.0409145607701564,0.0223853652665784,4,0.0,1
1250,4,1,3,0.0147412755716004,0.0253339752076062,3,0.0,1
1251,4,1,3,0.0,0.0253339752076062,5,0.0,1
1252,4,1,3,0.0631768953068592,0.0379708749548682,4,0.0,2
1253,4,1,3,0.052647412755716,0.0485016247442532,4,0.0,2
1254,4,1,3,0.230445246690734,0.0945962209652184,6,0.3333333333333333,0
1255,4,1,3,0.0706979542719614,0.1087375135395354,4,0.0,2
1256,4,1,3,0.0138387484957882,0.1115055963413166,3,0.0,1
1257,4,1,3,0.0,0.1115055963413166,5,0.0,1
1258,4,1,3,0.0150421179302045,0.1145143819954266,3,0.0,1
1259,4,1,3,0.0,0.1145143819954266,5,0.0,1
1260,4,1,3,0.1820096269554753,0.1509206884101576,2,0.0,0
1261,4,1,3,0.0661853188929001,0.1641593452882416,4,0.0,2
1262,4,1,3,0.023164861612515,0.168792875195571,4,0.0,1
1263,4,1,3,0.1010830324909747,0.1890119147911902,4,0.0,2
1264,4,1,3,0.1660649819494584,0.2222289084125646,2,0.0,0
1265,4,1,3,0.0451263537906137,0.2312552653748947,4,0.0,1
1266,4,1,3,0.1140192539109506,0.2540618606330485,2,0.0,0
1267,4,1,3,0.0090252707581227,0.2558671320255145,3,0.0,1
1268,4,1,3,0.2000601684717208,0.2958839812251775,6,0.3333333333333333,0
1269,4,1,3,0.0147412755716004,0.2988325911662053,3,0.0,1
1270,4,1,3,0.1272563176895307,0.3242869177999759,2,0.0,0
1271,4,1,3,0.0141395908543922,0.3271151763148393,3,0.0,1
1272,4,1,3,0.0,0.3271151763148393,5,0.0,1
1273,4,1,3,0.0102286401925391,0.3291611505596341,3,0.0,1
1274,4,1,3,0.0,0.3291611505596341,5,0.0,1
1275,4,1,3,0.0752105896510228,0.3442050788301841,4,0.0,2
1276,4,1,3,0.0,0.3442050788301841,5,0.0,1
1277,4,1,3,0.1997593261131167,0.0399566734865808,6,0.3333333333333333,0
1278,4,1,3,0.0222623345367027,0.0444096762546636,3,0.0,1
1279,4,1,3,0.3998194945848375,0.1243831989409074,1,0.6666666666666666,0
1280,4,1,3,0.043020457280385,0.132988325911662,4,0.0,1
1281,4,1,3,0.0021058965102286,0.1334095559032374,3,0.0,1
1282,4,1,3,0.0,0.1334095559032374,5,0.0,1
1283,4,1,3,0.0667870036101083,0.1467685642074858,4,0.0,2
1284,4,1,3,0.0418170878459687,0.1551329883259116,4,0.0,1
1285,4,1,3,0.0821299638989169,0.1715609579973522,4,0.0,2
1286,4,1,3,0.0117328519855595,0.173907810807558,3,0.0,1
1287,4,1,3,0.0075210589651022,0.175412203634613,3,0.0,1
1288,4,1,3,0.0054151624548736,0.1764953664700926,3,0.0,1
1289,4,1,3,0.0156438026474127,0.179624503550367,3,0.0,1
1290,4,1,3,0.0090252707581227,0.181429774942833,3,0.0,1
1291,4,1,3,0.1771961492178098,0.2168732699482488,2,0.0,0
1292,4,1,3,0.0303850782190132,0.222951016969551,4,0.0,1
1293,4,1,3,0.00661853188929,0.2242748826573594,3,0.0,1
1294,4,1,3,0.0418170878459687,0.2326393067757853,4,0.0,1
1295,4,1,3,0.2099879663056558,0.2746419545071609,6,0.3333333333333333,0
1296,4,1,3,0.2963297232250301,0.3339150318931279,6,0.3333333333333333,0
1297,4,1,3,0.0571600481347773,0.3453484173787459,4,0.0,2
1298,4,1,3,0.0270758122743682,0.3507642315561439,4,0.0,1
1299,4,1,3,0.0153429602888086,0.3538331929233361,3,0.0,1
1300,4,1,3,0.0114320096269554,0.3561198700204597,3,0.0,1
1301,4,1,3,0.2030685920577617,0.3967384763509447,6,0.3333333333333333,0
1302,4,1,3,0.0234657039711191,0.4014321819713564,4,0.0,1
1303,4,1,3,0.0,0.4014321819713564,5,0.0,1
1304,4,1,3,0.190734055354994,0.4395835840654711,2,0.0,0
1305,4,1,3,0.0030084235860409,0.4401853411962931,3,0.0,1
1306,4,1,3,0.1116125150421179,0.4625105307497894,2,0.0,0
1307,4,1,3,0.1203369434416365,0.4865808159826694,2,0.0,0
1308,4,1,3,0.0009025270758122,0.0001805271392466,3,0.0,1
1309,4,1,3,0.0598676293622141,0.0121554940426044,4,0.0,2
1310,4,1,3,0.0300842358604091,0.0181730653508244,4,0.0,1
1311,4,1,3,0.0162454873646209,0.0214225538572632,3,0.0,1
1312,4,1,3,0.0421179302045728,0.0298471536887712,4,0.0,1
1313,4,1,3,0.0400120336943441,0.0378505235287038,4,0.0,1
1314,4,1,3,0.1107099879663056,0.0599951859429534,2,0.0,0
1315,4,1,3,0.1158243080625752,0.0831628354796004,2,0.0,0
1316,4,1,3,0.01323706377858,0.0858105668552172,3,0.0,1
1317,4,1,3,0.0348977135980746,0.0927909495727524,4,0.0,1
1318,4,1,3,0.0060168471720818,0.0939944638343964,3,0.0,1
1319,4,1,3,0.0920577617328519,0.1124082320375496,4,0.0,2
1320,4,1,3,0.0351985559566787,0.119448790468167,4,0.0,1
1321,4,1,3,0.1835138387484958,0.156155975448309,2,0.0,0
1322,4,1,3,0.0018050541516245,0.1565170297268022,3,0.0,1
1323,4,1,3,0.0057160048134777,0.157660368275364,3,0.0,1
1324,4,1,3,0.0,0.157660368275364,5,0.0,1
1325,4,1,3,0.0860409145607701,0.1748706222168732,4,0.0,2
1326,4,1,3,0.0977737665463297,0.1944277289685883,4,0.0,2
1327,4,1,3,0.0048134777376654,0.1953905403779034,3,0.0,1
1328,4,1,3,0.0063176895306859,0.1966542303526297,3,0.0,1
1329,4,1,3,0.092358604091456,0.215128174268865,4,0.0,2
1330,4,1,3,0.036401925391095,0.2224094355518113,4,0.0,1
1331,4,1,3,0.1209386281588447,0.2466000722108557,2,0.0,0
1332,4,1,3,0.0697954271961492,0.2605608376459261,4,0.0,2
1333,4,1,3,0.0376052948255114,0.2680828017812011,4,0.0,1
1334,4,1,3,0.3264139590854392,0.3333734504753881,6,0.3333333333333333,0
1335,4,1,3,0.0027075812274368,0.3339150318931279,3,0.0,1
1336,4,1,3,0.0267749699157641,0.3392706703574437,4,0.0,1
1337,4,1,3,0.0932611311672683,0.3579251414129257,4,0.0,2
1338,4,1,3,0.0192539109506618,0.3617763870501865,3,0.0,1
1339,4,1,3,0.003309265944645,0.0006619328439042,3,0.0,1
1340,4,1,3,0.0667870036101083,0.0140209411481526,4,0.0,2
1341,4,1,3,0.1326714801444043,0.0405584306174028,2,0.0,0
1342,4,1,3,0.0454271961492178,0.049644963292815,4,0.0,2
1343,4,1,3,0.0728038507821901,0.0642074858587074,4,0.0,2
1344,4,1,3,0.0547533092659446,0.0751594656396678,4,0.0,2
1345,4,1,3,0.1594464500601684,0.1070525935732338,2,0.0,0
1346,4,1,3,0.0,0.1070525935732338,5,0.0,1
1347,4,1,3,0.0159446450060168,0.1102419063665904,3,0.0,1
1348,4,1,3,0.0342960288808664,0.1171019376579612,4,0.0,1
1349,4,1,3,0.0093261131167268,0.1189673847635094,3,0.0,1
1350,4,1,3,0.003610108303249,0.1196894933204958,3,0.0,1
1351,4,1,3,0.0117328519855595,0.1220363461307016,3,0.0,1
1352,4,1,3,0.0354993983152827,0.1291370802744012,4,0.0,1
1353,4,1,3,0.0,0.1291370802744012,5,0.0,1
1354,4,1,3,0.0481347773766546,0.1387651943675532,4,0.0,2
1355,4,1,3,0.0177496991576413,0.142315561439403,3,0.0,1
1356,4,1,3,0.1425992779783393,0.1708388494403658,2,0.0,0
1357,4,1,3,0.0,0.1708388494403658,5,0.0,1
1358,4,1,3,0.0797232250300842,0.1867854134071488,4,0.0,2
1359,4,1,3,0.0147412755716004,0.1897340233481766,3,0.0,1
1360,4,1,3,0.055956678700361,0.2009267059814658,4,0.0,2
1361,4,1,3,0.0228640192539109,0.205500060175713,4,0.0,1
1362,4,1,3,0.0186522262334536,0.2092309543868094,3,0.0,1
1363,4,1,3,0.0409145607701564,0.2174148513659886,4,0.0,1
1364,4,1,3,0.0267749699157641,0.2227704898303044,4,0.0,1
1365,4,1,3,0.0303850782190132,0.2288482368516066,4,0.0,1
1366,4,1,3,0.095667870036101,0.2479841136117463,4,0.0,2
1367,4,1,3,0.0538507821901323,0.2587555662534601,4,0.0,2
1368,4,1,3,0.0114320096269554,0.2610422433505837,3,0.0,1
1369,4,1,3,0.003610108303249,0.0007221085569864,3,0.0,1
1370,4,1,3,0.0042117930204572,0.0015645685401372,3,0.0,1
1371,4,1,3,0.0081227436823104,0.0031893127933566,3,0.0,1
1372,4,1,3,0.0087244283995186,0.0049344084727404,3,0.0,1
1373,4,1,3,0.000300842358604,0.0049945841858226,3,0.0,1
1374,4,1,3,0.0,0.0049945841858226,5,0.0,1
1375,4,1,3,0.0279783393501805,0.0105909255024672,4,0.0,1
1376,4,1,3,0.0093261131167268,0.0124563726080154,3,0.0,1
1377,4,1,3,0.0,0.0124563726080154,5,0.0,1
1378,4,1,3,0.0252707581227436,0.0175111325069202,4,0.0,1
1379,4,1,3,0.0,0.0175111325069202,5,0.0,1
1380,4,1,3,0.0,0.0175111325069202,5,0.0,1
1381,4,1,3,0.0,0.0175111325069202,5,0.0,1
1382,4,1,3,0.0084235860409145,0.0191960524732218,3,0.0,1
1383,4,1,3,0.0141395908543922,0.0220243109880852,3,0.0,1
1384,4,1,3,0.0063176895306859,0.0232880009628114,3,0.0,1
1385,4,1,3,0.0261732851985559,0.0285232880009628,4,0.0,1
1386,4,1,3,0.0,0.0285232880009628,5,0.0,1
1387,4,1,3,0.0,0.0285232880009628,5,0.0,1
1388,4,1,3,0.0105294825511432,0.0306294379588398,3,0.0,1
1389,4,1,3,0.04632972322503,0.0398964977734986,4,0.0,2
1390,4,1,3,0.0,0.0398964977734986,5,0.0,1
1391,4,1,3,0.0228640192539109,0.0444698519677458,4,0.0,1
1392,4,1,3,0.0261732851985559,0.0497051390058972,4,0.0,1
1393,4,1,3,0.0147412755716004,0.052653748946925,3,0.0,1
1394,4,1,3,0.0012033694344163,0.0528944517992538,3,0.0,1
1395,4,1,3,0.0303850782190132,0.058972198820556,4,0.0,1
1396,4,1,3,0.0186522262334536,0.0627030930316524,3,0.0,1
1397,4,1,3,0.003309265944645,0.0633650258755566,3,0.0,1
1398,4,1,3,0.0141395908543922,0.06619328439042,3,0.0,1
1399,4,1,3,0.0252707581227436,0.0712480442893248,4,0.0,1
1400,4,1,3,0.0,0.0,5,0.0,1
1401,4,1,3,0.0,0.0,5,0.0,1
1402,4,1,3,0.0045126353790613,0.000902635696233,3,0.0,1
1403,4,1,3,0.0,0.000902635696233,5,0.0,1
1404,4,1,3,0.0,0.000902635696233,5,0.0,1
1405,4,1,3,0.03309265944645,0.007521964135275,4,0.0,1
1406,4,1,3,0.0,0.007521964135275,5,0.0,1
1407,4,1,3,0.0,0.007521964135275,5,0.0,1
1408,4,1,3,0.0577617328519855,0.0190757010470574,4,0.0,2
1409,4,1,3,0.0,0.0190757010470574,5,0.0,1
1410,4,1,3,0.0,0.0190757010470574,5,0.0,1
1411,4,1,3,0.0,0.0190757010470574,5,0.0,1
1412,4,1,3,0.0,0.0190757010470574,5,0.0,1
1413,4,1,3,0.0,0.0190757010470574,5,0.0,1
1414,4,1,3,0.0,0.0190757010470574,5,0.0,1
1415,4,1,3,0.0,0.0190757010470574,5,0.0,1
1416,4,1,3,0.0144404332129963,0.021964135275003,3,0.0,1
1417,4,1,3,0.0,0.021964135275003,5,0.0,1
1418,4,1,3,0.0,0.021964135275003,5,0.0,1
1419,4,1,3,0.0,0.021964135275003,5,0.0,1
1420,4,1,3,0.0,0.021964135275003,5,0.0,1
1421,4,1,3,0.0,0.021964135275003,5,0.0,1
1422,4,1,3,0.00661853188929,0.0232880009628114,3,0.0,1
1423,4,1,3,0.0,0.0232880009628114,5,0.0,1
1424,4,1,3,0.0379061371841155,0.0308701408111686,4,0.0,1
1425,4,1,3,0.0,0.0308701408111686,5,0.0,1
1426,4,1,3,0.0,0.0308701408111686,5,0.0,1
1427,4,1,3,0.0,0.0308701408111686,5,0.0,1
1428,4,1,3,0.0,0.0308701408111686,5,0.0,1
1429,4,1,3,0.0,0.0308701408111686,5,0.0,1
1430,4,1,3,0.0,0.0,5,0.0,1
1431,4,1,3,0.0,0.0,5,0.0,1
1432,4,1,3,0.0,0.0,5,0.0,1
1433,4,1,3,0.0,0.0,5,0.0,1
1434,4,1,3,0.0,0.0,5,0.0,1
1435,4,1,3,0.0,0.0,5,0.0,1
1436,4,1,3,0.0,0.0,5,0.0,1
1437,4,1,3,0.0,0.0,5,0.0,1
1438,4,1,3,0.0,0.0,5,0.0,1
1439,4,1,3,0.0,0.0,5,0.0,1
1440,4,1,3,0.0,0.0,5,0.0,1
1441,4,1,3,0.0,0.0,5,0.0,1
1442,4,1,3,0.0,0.0,5,0.0,1
1443,4,1,3,0.0,0.0,5,0.0,1
1444,4,1,3,0.003610108303249,0.0007221085569864,3,0.0,1
1445,4,1,3,0.0027075812274368,0.0012636899747262,3,0.0,1
1446,4,1,3,0.0,0.0012636899747262,5,0.0,1
1447,4,1,3,0.0,0.0012636899747262,5,0.0,1
1448,4,1,3,0.0,0.0012636899747262,5,0.0,1
1449,4,1,3,0.0,0.0012636899747262,5,0.0,1
1450,4,1,3,0.0,0.0012636899747262,5,0.0,1
1451,4,1,3,0.0,0.0012636899747262,5,0.0,1
1452,4,1,3,0.0,0.0012636899747262,5,0.0,1
1453,4,1,3,0.0,0.0012636899747262,5,0.0,1
1454,4,1,3,0.0,0.0012636899747262,5,0.0,1
1455,4,1,3,0.0,0.0012636899747262,5,0.0,1
1456,4,1,3,0.0,0.0012636899747262,5,0.0,1
1457,4,1,3,0.0006016847172081,0.0013840414008906,3,0.0,1
1458,4,1,3,0.0,0.0013840414008906,5,0.0,1
1459,4,1,3,0.0,0.0013840414008906,5,0.0,1
1460,4,1,3,0.0,0.0013840414008906,5,0.0,1
1461,4,1,1,0.0,0.0,5,0.0,1
1462,4,1,1,0.0,0.0,5,0.0,1
1463,4,1,1,0.0,0.0,5,0.0,1
1464,4,1,1,0.0,0.0,5,0.0,1
1465,4,1,1,0.0,0.0,5,0.0,1
1466,4,1,1,0.0938628158844765,0.0187748224816464,4,0.0,2
1467,4,1,1,0.0,0.0187748224816464,5,0.0,1
1468,4,1,1,0.0,0.0187748224816464,5,0.0,1
1469,4,1,1,0.0,0.0187748224816464,5,0.0,1
1470,4,1,1,0.0,0.0187748224816464,5,0.0,1
1471,4,1,1,0.0,0.0187748224816464,5,0.0,1
1472,4,1,1,0.0,0.0187748224816464,5,0.0,1
1473,4,1,1,0.003309265944645,0.0194367553255506,3,0.0,1
1474,4,1,1,0.0,0.0194367553255506,5,0.0,1
1475,4,1,1,0.0,0.0194367553255506,5,0.0,1
1476,4,1,1,0.0204572803850782,0.0235287038151402,3,0.0,1
1477,4,1,1,0.0,0.0235287038151402,5,0.0,1
1478,4,1,1,0.0,0.0235287038151402,5,0.0,1
1479,4,1,1,0.0,0.0235287038151402,5,0.0,1
1480,4,1,1,0.0,0.0235287038151402,5,0.0,1
1481,4,1,1,0.0,0.0235287038151402,5,0.0,1
1482,4,1,1,0.0,0.0235287038151402,5,0.0,1
1483,4,1,1,0.0,0.0235287038151402,5,0.0,1
1484,4,1,1,0.0,0.0235287038151402,5,0.0,1
1485,4,1,1,0.0,0.0235287038151402,5,0.0,1
1486,4,1,1,0.0,0.0235287038151402,5,0.0,1
1487,4,1,1,0.0,0.0235287038151402,5,0.0,1
1488,4,1,1,0.0,0.0235287038151402,5,0.0,1
1489,4,1,1,0.0,0.0235287038151402,5,0.0,1
1490,4,1,1,0.0,0.0235287038151402,5,0.0,1
1491,4,1,1,0.0,0.0235287038151402,5,0.0,1
1492,4,1,1,0.0060168471720818,0.001203514261644,3,0.0,1
1493,4,1,1,0.0009025270758122,0.0013840414008906,3,0.0,1
1494,4,1,1,0.0,0.0013840414008906,5,0.0,1
1495,4,1,1,0.0,0.0013840414008906,5,0.0,1
1496,4,1,1,0.0,0.0013840414008906,5,0.0,1
1497,4,1,1,0.0,0.0013840414008906,5,0.0,1
1498,4,1,1,0.0,0.0013840414008906,5,0.0,1
1499,4,1,1,0.0,0.0013840414008906,5,0.0,1
1500,4,1,1,0.0,0.0013840414008906,5,0.0,1
1501,4,1,1,0.0,0.0013840414008906,5,0.0,1
1502,4,1,1,0.0,0.0013840414008906,5,0.0,1
1503,4,1,1,0.0,0.0013840414008906,5,0.0,1
1504,4,1,1,0.0,0.0013840414008906,5,0.0,1
1505,4,1,1,0.0,0.0013840414008906,5,0.0,1
1506,4,1,1,0.0045126353790613,0.0022866770971236,3,0.0,1
1507,4,1,1,0.0,0.0022866770971236,5,0.0,1
1508,4,1,1,0.0,0.0022866770971236,5,0.0,1
1509,4,1,1,0.0,0.0022866770971236,5,0.0,1
1510,4,1,1,0.0,0.0022866770971236,5,0.0,1
1511,4,1,1,0.0,0.0022866770971236,5,0.0,1
1512,4,1,1,0.0,0.0022866770971236,5,0.0,1
1513,4,1,1,0.0,0.0022866770971236,5,0.0,1
1514,4,1,1,0.0,0.0022866770971236,5,0.0,1
1515,4,1,1,0.0,0.0022866770971236,5,0.0,1
1516,4,1,1,0.0,0.0022866770971236,5,0.0,1
1517,4,1,1,0.0,0.0022866770971236,5,0.0,1
1518,4,1,1,0.0,0.0022866770971236,5,0.0,1
1519,4,1,1,0.0382069795427196,0.009928992658563,4,0.0,1
1520,4,1,1,0.0,0.009928992658563,5,0.0,1
1521,4,1,1,0.0315884476534296,0.006318449873631,4,0.0,1
1522,4,1,1,0.0,0.006318449873631,5,0.0,1
1523,4,1,1,0.0,0.006318449873631,5,0.0,1
1524,4,1,1,0.0,0.006318449873631,5,0.0,1
1525,4,1,1,0.0,0.006318449873631,5,0.0,1
1526,4,1,1,0.0,0.006318449873631,5,0.0,1
1527,4,1,1,0.0,0.006318449873631,5,0.0,1
1528,4,1,1,0.0,0.006318449873631,5,0.0,1
1529,4,1,1,0.0,0.006318449873631,5,0.0,1
1530,4,1,1,0.0,0.006318449873631,5,0.0,1
1531,4,1,1,0.0,0.006318449873631,5,0.0,1
1532,4,1,1,0.0,0.006318449873631,5,0.0,1
1533,4,1,1,0.0,0.006318449873631,5,0.0,1
1534,4,1,1,0.0,0.006318449873631,5,0.0,1
1535,4,1,1,0.0,0.006318449873631,5,0.0,1
1536,4,1,1,0.0,0.006318449873631,5,0.0,1
1537,4,1,1,0.0,0.006318449873631,5,0.0,1
1538,4,1,1,0.0,0.006318449873631,5,0.0,1
1539,4,1,1,0.0015042117930204,0.006619328439042,3,0.0,1
1540,4,1,1,0.0,0.006619328439042,5,0.0,1
1541,4,1,1,0.0,0.006619328439042,5,0.0,1
1542,4,1,1,0.0,0.006619328439042,5,0.0,1
1543,4,1,1,0.0,0.006619328439042,5,0.0,1
1544,4,1,1,0.0,0.006619328439042,5,0.0,1
1545,4,1,1,0.0,0.006619328439042,5,0.0,1
1546,4,1,1,0.0,0.006619328439042,5,0.0,1
1547,4,1,1,0.0,0.006619328439042,5,0.0,1
1548,4,1,1,0.0,0.006619328439042,5,0.0,1
1549,4,1,1,0.0,0.006619328439042,5,0.0,1
1550,4,1,1,0.0,0.006619328439042,5,0.0,1
1551,4,1,1,0.0,0.006619328439042,5,0.0,1
1552,4,1,1,0.036401925391095,0.0072812612829462,4,0.0,1
1553,4,1,1,0.0,0.0072812612829462,5,0.0,1
1554,4,1,1,0.0246690734055354,0.0122156697556866,4,0.0,1
1555,4,1,1,0.0063176895306859,0.0134793597304128,3,0.0,1
1556,4,1,1,0.0,0.0134793597304128,5,0.0,1
1557,4,1,1,0.0,0.0134793597304128,5,0.0,1
1558,4,1,1,0.0,0.0134793597304128,5,0.0,1
1559,4,1,1,0.0,0.0134793597304128,5,0.0,1
1560,4,1,1,0.0,0.0134793597304128,5,0.0,1
1561,4,1,1,0.0,0.0134793597304128,5,0.0,1
1562,4,1,1,0.0,0.0134793597304128,5,0.0,1
1563,4,1,1,0.0,0.0134793597304128,5,0.0,1
1564,4,1,1,0.0,0.0134793597304128,5,0.0,1
1565,4,1,1,0.0,0.0134793597304128,5,0.0,1
1566,4,1,1,0.0,0.0134793597304128,5,0.0,1
1567,4,1,1,0.0,0.0134793597304128,5,0.0,1
1568,4,1,1,0.0,0.0134793597304128,5,0.0,1
1569,4,1,1,0.0,0.0134793597304128,5,0.0,1
1570,4,1,1,0.0150421179302045,0.0164881453845228,3,0.0,1
1571,4,1,1,0.0,0.0164881453845228,5,0.0,1
1572,4,1,1,0.0610709987966305,0.0287038151402094,4,0.0,2
1573,4,1,1,0.0,0.0287038151402094,5,0.0,1
1574,4,1,1,0.0084235860409145,0.030388735106511,3,0.0,1
1575,4,1,1,0.0,0.030388735106511,5,0.0,1
1576,4,1,1,0.0,0.030388735106511,5,0.0,1
1577,4,1,1,0.0,0.030388735106511,5,0.0,1
1578,4,1,1,0.0,0.030388735106511,5,0.0,1
1579,4,1,1,0.0,0.030388735106511,5,0.0,1
1580,4,1,1,0.0,0.030388735106511,5,0.0,1
1581,4,1,1,0.0,0.030388735106511,5,0.0,1
1582,4,1,1,0.0376052948255114,0.007521964135275,4,0.0,1
1583,4,1,1,0.0,0.007521964135275,5,0.0,1
1584,4,1,1,0.0093261131167268,0.0093874112408232,3,0.0,1
1585,4,1,1,0.0502406738868832,0.0194367553255506,4,0.0,2
1586,4,1,1,0.0,0.0194367553255506,5,0.0,1
1587,4,1,1,0.0345968712394705,0.0263569623300036,4,0.0,1
1588,4,1,1,0.0,0.0263569623300036,5,0.0,1
1589,4,1,1,0.0833333333333333,0.043025634853773,4,0.0,2
1590,4,1,1,0.0,0.043025634853773,5,0.0,1
1591,4,1,1,0.0,0.043025634853773,5,0.0,1
1592,4,1,1,0.0204572803850782,0.0471175833433626,3,0.0,1
1593,4,1,1,0.0,0.0471175833433626,5,0.0,1
1594,4,1,1,0.0709987966305655,0.0613190516307618,4,0.0,2
1595,4,1,1,0.0376052948255114,0.0688410157660368,4,0.0,1
1596,4,1,1,0.00661853188929,0.0701648814538452,3,0.0,1
1597,4,1,1,0.0,0.0701648814538452,5,0.0,1
1598,4,1,1,0.0,0.0701648814538452,5,0.0,1
1599,4,1,1,0.0300842358604091,0.0761824527620652,4,0.0,1
1600,4,1,1,0.0,0.0761824527620652,5,0.0,1
1601,4,1,1,0.0571600481347773,0.0876158382476832,4,0.0,2
1602,4,1,1,0.0,0.0876158382476832,5,0.0,1
1603,4,1,1,0.0303850782190132,0.0936935852689854,4,0.0,1
1604,4,1,1,0.0120336943441636,0.0961006137922734,3,0.0,1
1605,4,1,1,0.0,0.0961006137922734,5,0.0,1
1606,4,1,1,0.0060168471720818,0.0973041280539174,3,0.0,1
1607,4,1,1,0.0,0.0973041280539174,5,0.0,1
1608,4,1,1,0.0180505415162454,0.1009146708388494,3,0.0,1
1609,4,1,1,0.0,0.1009146708388494,5,0.0,1
1610,4,1,1,0.0,0.1009146708388494,5,0.0,1
1611,4,1,1,0.0051143200962695,0.1019376579612468,3,0.0,1
1612,4,1,1,0.0,0.1019376579612468,5,0.0,1
1613,4,1,1,0.059265944645006,0.0118546154771934,4,0.0,2
1614,4,1,1,0.4076413959085439,0.0933927067035744,1,0.6666666666666666,0
1615,4,1,1,0.0571600481347773,0.1048260921891924,4,0.0,2
1616,4,1,1,0.0063176895306859,0.1060897821639186,3,0.0,1
1617,4,1,1,0.0493381468110709,0.1159585991093994,4,0.0,2
1618,4,1,1,0.1588447653429603,0.147731375616801,2,0.0,0
1619,4,1,1,0.0213598074608904,0.1520038512456372,3,0.0,1
1620,4,1,1,0.0367027677496991,0.1593452882416656,4,0.0,1
1621,4,1,1,0.2475932611311672,0.2088699001083163,6,0.3333333333333333,0
1622,4,1,1,0.1895306859205776,0.2467805993501023,2,0.0,0
1623,4,1,1,0.194344163658243,0.2856541100012035,6,0.3333333333333333,0
1624,4,1,1,0.1275571600481347,0.3111686123480563,2,0.0,0
1625,4,1,1,0.0102286401925391,0.3132145865928511,3,0.0,1
1626,4,1,1,0.092358604091456,0.3316885305090865,4,0.0,2
1627,4,1,1,0.378459687123947,0.4073895775664941,1,0.6666666666666666,0
1628,4,1,1,0.0057160048134777,0.4085329161150559,3,0.0,1
1629,4,1,1,0.0114320096269554,0.4108195932121796,3,0.0,1
1630,4,1,1,0.0881468110709988,0.4284510771452641,4,0.0,2
1631,4,1,1,0.0818291215403128,0.4448188711036226,4,0.0,2
1632,4,1,1,0.0111311672683513,0.4470453724876639,3,0.0,1
1633,4,1,1,0.1946450060168472,0.4859790588518474,6,0.3333333333333333,0
1634,4,1,1,0.0388086642599278,0.4937417258394512,4,0.0,1
1635,4,1,1,0.0848375451263537,0.5107112769286316,4,0.0,2
1636,4,1,1,0.0,0.5107112769286316,5,0.0,1
1637,4,1,1,0.1173285198555956,0.5341798050306896,2,0.0,0
1638,4,1,1,0.00661853188929,0.535503670718498,3,0.0,1
1639,4,1,1,0.105294825511432,0.556565170297268,4,0.0,2
1640,4,1,1,0.0379061371841155,0.5641473101456252,4,0.0,1
1641,4,1,1,0.4067388688327316,0.6455048742327597,1,0.6666666666666666,0
1642,4,1,1,0.0460288808664259,0.6547117583343363,4,0.0,2
1643,4,1,1,0.0616726835138387,0.012336021181851,4,0.0,2
1644,4,1,1,0.2689530685920578,0.0661331086773378,6,0.3333333333333333,0
1645,4,1,1,0.0018050541516245,0.066494162955831,3,0.0,1
1646,4,1,1,0.0,0.066494162955831,5,0.0,1
1647,4,1,1,0.1567388688327316,0.0978457094716572,2,0.0,0
1648,4,1,1,0.1254512635379061,0.1229389818269346,2,0.0,0
1649,4,1,1,0.3853790613718411,0.2000240702852328,1,0.6666666666666666,0
1650,4,1,1,0.1077015643802647,0.2215669755686604,2,0.0,0
1651,4,1,1,0.0770156438026474,0.2369719581177037,4,0.0,2
1652,4,1,1,0.463898916967509,0.3297629076904561,1,0.6666666666666666,0
1653,4,1,1,0.3206979542719614,0.3939102178360814,6,0.3333333333333333,0
1654,4,1,1,0.0358002406738868,0.4010711276928631,4,0.0,1
1655,4,1,1,0.0737063778580024,0.4158141773980021,4,0.0,2
1656,4,1,1,0.1663658243080625,0.4490913467324587,2,0.0,0
1657,4,1,1,0.1585439229843562,0.4808039475267782,2,0.0,0
1658,4,1,1,0.0,0.4808039475267782,5,0.0,1
1659,4,1,1,0.6486161251504212,0.6105427849320014,0,1.0,0
1660,4,1,1,0.4265944645006017,0.6958719460825611,1,0.6666666666666666,0
1661,4,1,1,0.0105294825511432,0.6979780960404381,3,0.0,1
1662,4,1,1,0.1197352587244283,0.7219280298471537,2,0.0,0
1663,4,1,1,0.1176293622141997,0.7454567336622938,2,0.0,0
1664,4,1,1,0.1561371841155234,0.7766879287519557,2,0.0,0
1665,4,1,1,0.0,0.7766879287519557,5,0.0,1
1666,4,1,1,0.0204572803850782,0.7807798772415453,3,0.0,1
1667,4,1,1,0.1197352587244283,0.8047298110482609,2,0.0,0
1668,4,1,1,0.0021058965102286,0.8051510410398363,3,0.0,1
1669,4,1,1,0.4022262334536702,0.8856059694307378,1,0.6666666666666666,0
1670,4,1,1,0.0664861612515042,0.8989048020219039,4,0.0,2
1671,4,1,1,0.036401925391095,0.9061860633048502,4,0.0,1
1672,4,1,1,0.4271961492178099,0.9916355758815742,1,0.6666666666666666,0
1673,4,1,1,0.0418170878459687,1.0,4,0.0,1
1674,4,1,1,0.5204572803850782,0.104103983632206,1,0.6666666666666666,0
1675,4,1,1,0.1125150421179302,0.1266097003249488,2,0.0,0
1676,4,1,1,0.0225631768953068,0.1311228788061138,4,0.0,1
1677,4,1,1,0.0,0.1311228788061138,5,0.0,1
1678,4,1,1,0.003610108303249,0.1318449873631002,3,0.0,1
1679,4,1,1,0.0171480144404332,0.1352750030087856,3,0.0,1
1680,4,1,1,0.0318892900120336,0.1416536285954988,4,0.0,1
1681,4,1,1,0.0803249097472924,0.1577205439884462,4,0.0,2
1682,4,1,1,0.0403128760529482,0.165784089541461,4,0.0,1
1683,4,1,1,0.2000601684717208,0.205800938741124,6,0.3333333333333333,0
1684,4,1,1,0.0195547533092659,0.209712360091467,3,0.0,1
1685,4,1,1,0.0129362214199759,0.2122999157540016,3,0.0,1
1686,4,1,1,0.0544524669073405,0.2231917198218798,4,0.0,2
1687,4,1,1,0.0926594464500601,0.2417258394511975,4,0.0,2
1688,4,1,1,0.0634777376654633,0.2544229149115417,4,0.0,2
1689,4,1,1,0.1429001203369434,0.2830063786255867,2,0.0,0
1690,4,1,1,0.1380866425992779,0.3106270309303165,2,0.0,0
1691,4,1,1,0.0499398315282791,0.3206161993019616,4,0.0,2
1692,4,1,1,0.0345968712394705,0.3275364063064147,4,0.0,1
1693,4,1,1,0.0249699157641395,0.3325309904922373,4,0.0,1
1694,4,1,1,0.079121540312876,0.3483572030328559,4,0.0,2
1695,4,1,1,0.072503008423586,0.3628595498856661,4,0.0,2
1696,4,1,1,0.0842358604091456,0.3797087495486821,4,0.0,2
1697,4,1,1,0.1221419975932611,0.4041400890600554,2,0.0,0
1698,4,1,1,0.0312876052948255,0.4103983632206041,4,0.0,1
1699,4,1,1,0.0300842358604091,0.4164159345288241,4,0.0,1
1700,4,1,1,0.0974729241877256,0.4359128655674569,4,0.0,2
1701,4,1,1,0.03309265944645,0.4425321940064989,4,0.0,1
1702,4,1,1,0.1338748495788207,0.469310386328078,2,0.0,0
1703,4,1,1,0.0159446450060168,0.4724996991214346,3,0.0,1
1704,4,1,1,0.1934416365824308,0.5111926826332892,2,0.0,0
1705,4,1,1,0.0300842358604091,0.00601757130822,4,0.0,1
1706,4,1,1,0.207280385078219,0.0474786376218558,6,0.3333333333333333,0
1707,4,1,1,0.0,0.0474786376218558,5,0.0,1
1708,4,1,1,0.0144404332129963,0.0503670718498014,3,0.0,1
1709,4,1,1,0.1064981949458483,0.0716692742809002,4,0.0,0
1710,4,1,1,0.1380866425992779,0.09928992658563,2,0.0,0
1711,4,1,1,0.0833333333333333,0.1159585991093994,4,0.0,2
1712,4,1,1,0.0439229843561973,0.1247442532194006,4,0.0,1
1713,4,1,1,0.0084235860409145,0.1264291731857022,3,0.0,1
1714,4,1,1,0.1793020457280385,0.1622938981826934,2,0.0,0
1715,4,1,1,0.1004813477737665,0.1823925863521482,4,0.0,2
1716,4,1,1,0.0108303249097472,0.1845589120231074,3,0.0,1
1717,4,1,1,0.075812274368231,0.1997231917198218,4,0.0,2
1718,4,1,1,0.0664861612515042,0.213022024310988,4,0.0,2
1719,4,1,1,0.4055354993983153,0.2941388855457937,1,0.6666666666666666,0
1720,4,1,1,0.0237665463297232,0.2988927668792875,4,0.0,1
1721,4,1,1,0.0818291215403128,0.3152605608376459,4,0.0,2
1722,4,1,1,0.0,0.3152605608376459,5,0.0,1
1723,4,1,1,0.1131167268351383,0.3378866289565531,2,0.0,0
1724,4,1,1,0.0481347773766546,0.3475147430497051,4,0.0,2
1725,4,1,1,0.0327918170878459,0.3540738957756649,4,0.0,1
1726,4,1,1,0.0806257521058965,0.3702009868816945,4,0.0,2
1727,4,1,1,0.0869434416365824,0.3875917679624504,4,0.0,2
1728,4,1,1,0.1937424789410349,0.4263449271873871,2,0.0,0
1729,4,1,1,0.0126353790613718,0.4288723071368396,3,0.0,1
1730,4,1,1,0.0078219013237063,0.4304368756769767,3,0.0,1
1731,4,1,1,0.0,0.4304368756769767,5,0.0,1
1732,4,1,1,0.0472322503008423,0.4398844626308821,4,0.0,2
1733,4,1,1,0.0087244283995186,0.4416295583102659,3,0.0,1
1734,4,1,1,0.0839350180505415,0.4584185822601997,4,0.0,2
1735,4,1,1,0.0189530685920577,0.0037910699241786,3,0.0,1
1736,4,1,1,0.0866425992779783,0.0211216752918522,4,0.0,2
1737,4,1,1,0.0294825511432009,0.0270188951739078,4,0.0,1
1738,4,1,1,0.0093261131167268,0.028884342279456,3,0.0,1
1739,4,1,1,0.0604693140794223,0.0409796606089782,4,0.0,2
1740,4,1,1,0.0039109506618531,0.0417619448790468,3,0.0,1
1741,4,1,1,0.0367027677496991,0.0491033818750752,4,0.0,1
1742,4,1,1,0.0358002406738868,0.056264291731857,4,0.0,1
1743,4,1,1,0.0012033694344163,0.0565049945841858,3,0.0,1
1744,4,1,1,0.0379061371841155,0.064087134432543,4,0.0,1
1745,4,1,1,0.0655836341756919,0.0772054398844626,4,0.0,2
1746,4,1,1,0.0048134777376654,0.0781682512937778,3,0.0,1
1747,4,1,1,0.059265944645006,0.0900228667709712,4,0.0,2
1748,4,1,1,0.0090252707581227,0.0918281381634372,3,0.0,1
1749,4,1,1,0.0249699157641395,0.0968227223492598,4,0.0,1
1750,4,1,1,0.0027075812274368,0.0973643037669996,3,0.0,1
1751,4,1,1,0.0836341756919374,0.1140931520038512,4,0.0,2
1752,4,1,1,0.0249699157641395,0.1190877361896738,4,0.0,1
1753,4,1,1,0.0,0.1190877361896738,5,0.0,1
1754,4,1,1,0.0108303249097472,0.121254061860633,3,0.0,1
1755,4,1,1,0.0243682310469314,0.1261282946202912,4,0.0,1
1756,4,1,1,0.009927797833935,0.1281140931520038,3,0.0,1
1757,4,1,1,0.069193742478941,0.1419545071609098,4,0.0,2
1758,4,1,1,0.0321901323706377,0.1483933084607052,4,0.0,1
1759,4,1,1,0.023164861612515,0.1530268383680346,4,0.0,1
1760,4,1,1,0.0267749699157641,0.1583824768323504,4,0.0,1
1761,4,1,1,0.0469314079422382,0.1677698880731736,4,0.0,2
1762,4,1,1,0.2542117930204572,0.2186183656276326,6,0.3333333333333333,0
1763,4,1,1,0.079121540312876,0.2344445781682513,4,0.0,2
1764,4,1,1,0.0237665463297232,0.2391984595017451,4,0.0,1
1765,4,1,1,0.0,0.2391984595017451,5,0.0,1
1766,4,1,1,0.0,0.0,5,0.0,1
1767,4,1,1,0.0,0.0,5,0.0,1
1768,4,1,1,0.0,0.0,5,0.0,1
1769,4,1,1,0.0,0.0,5,0.0,1
1770,4,1,1,0.164560770156438,0.0329161150559634,2,0.0,0
1771,4,1,1,0.5451263537906137,0.1419545071609098,1,0.6666666666666666,0
1772,4,1,1,0.0276774969915764,0.1474906727644722,4,0.0,1
1773,4,1,1,0.0,0.1474906727644722,5,0.0,1
1774,4,1,1,0.036401925391095,0.1547719340474184,4,0.0,1
1775,4,1,1,0.0057160048134777,0.1559152725959802,3,0.0,1
1776,4,1,1,0.0,0.1559152725959802,5,0.0,1
1777,4,1,1,0.0,0.1559152725959802,5,0.0,1
1778,4,1,1,0.0,0.1559152725959802,5,0.0,1
1779,4,1,1,0.0,0.1559152725959802,5,0.0,1
1780,4,1,1,0.0,0.1559152725959802,5,0.0,1
1781,4,1,1,0.0448255114320096,0.164881453845228,4,0.0,1
1782,4,1,1,0.0,0.164881453845228,5,0.0,1
1783,4,1,1,0.0084235860409145,0.1665663738115296,3,0.0,1
1784,4,1,1,0.0,0.1665663738115296,5,0.0,1
1785,4,1,1,0.0057160048134777,0.1677097123600914,3,0.0,1
1786,4,1,1,0.0947653429602888,0.1866650619809844,4,0.0,2
1787,4,1,1,0.0700962695547533,0.200686003129137,4,0.0,2
1788,4,1,1,0.0276774969915764,0.2062221687326994,4,0.0,1
1789,4,1,1,0.0373044524669073,0.2136839571548923,4,0.0,1
1790,4,1,1,0.0,0.2136839571548923,5,0.0,1
1791,4,1,1,0.0,0.2136839571548923,5,0.0,1
1792,4,1,1,0.0,0.2136839571548923,5,0.0,1
1793,4,1,1,0.7268351383874849,0.3590684799614875,0,1.0,0
1794,4,1,1,0.0,0.3590684799614875,5,0.0,1
1795,4,1,1,0.1326714801444043,0.3856059694307377,2,0.0,0
1796,4,1,1,0.0,0.0,5,0.0,1
1797,4,1,1,0.0,0.0,5,0.0,1
1798,4,1,1,0.0,0.0,5,0.0,1
1799,4,1,1,0.0,0.0,5,0.0,1
1800,4,1,1,0.0,0.0,5,0.0,1
1801,4,1,1,0.0,0.0,5,0.0,1
1802,4,1,1,0.0,0.0,5,0.0,1
1803,4,1,1,0.03309265944645,0.006619328439042,4,0.0,1
1804,4,1,1,0.0,0.006619328439042,5,0.0,1
1805,4,1,1,0.0,0.006619328439042,5,0.0,1
1806,4,1,1,0.0,0.006619328439042,5,0.0,1
1807,4,1,1,0.1278580024067388,0.032194006498977,2,0.0,0
1808,4,1,1,0.0,0.032194006498977,5,0.0,1
1809,4,1,1,0.0,0.032194006498977,5,0.0,1
1810,4,1,1,0.0,0.032194006498977,5,0.0,1
1811,4,1,1,0.0478339350180505,0.0417619448790468,4,0.0,2
1812,4,1,1,0.0,0.0417619448790468,5,0.0,1
1813,4,1,1,0.0,0.0417619448790468,5,0.0,1
1814,4,1,1,0.0,0.0417619448790468,5,0.0,1
1815,4,1,1,0.0,0.0417619448790468,5,0.0,1
1816,4,1,1,0.0,0.0417619448790468,5,0.0,1
1817,4,1,1,0.0078219013237063,0.043326513419184,3,0.0,1
1818,4,1,1,0.0,0.043326513419184,5,0.0,1
1819,4,1,1,0.0,0.043326513419184,5,0.0,1
1820,4,1,1,0.0,0.043326513419184,5,0.0,1
1821,4,1,1,0.0,0.043326513419184,5,0.0,1
1822,4,1,1,0.0,0.043326513419184,5,0.0,1
1823,4,1,1,0.0,0.043326513419184,5,0.0,1
1824,4,1,1,0.0,0.043326513419184,5,0.0,1
1825,4,1,1,0.0,0.043326513419184,5,0.0,1
1826,4,1,1,0.0,0.043326513419184,5,0.0,1
0,8,1,3,0.0129362214199759,0.0025875556625346,3,0.0,1
1,8,1,3,0.0,0.0025875556625346,5,0.0,1
2,8,1,3,0.0,0.0025875556625346,5,0.0,1
3,8,1,3,0.0114320096269554,0.0048742327596582,3,0.0,1
4,8,1,3,0.0,0.0048742327596582,5,0.0,1
5,8,1,3,0.0,0.0048742327596582,5,0.0,1
6,8,1,3,0.0,0.0048742327596582,5,0.0,1
7,8,1,3,0.0,0.0048742327596582,5,0.0,1
8,8,1,3,0.0,0.0048742327596582,5,0.0,1
9,8,1,3,0.0,0.0048742327596582,5,0.0,1
10,8,1,3,0.0,0.0048742327596582,5,0.0,1
11,8,1,3,0.0,0.0048742327596582,5,0.0,1
12,8,1,3,0.0,0.0048742327596582,5,0.0,1
13,8,1,3,0.0,0.0048742327596582,5,0.0,1
14,8,1,3,0.0,0.0048742327596582,5,0.0,1
15,8,1,3,0.0,0.0048742327596582,5,0.0,1
16,8,1,3,0.0,0.0048742327596582,5,0.0,1
17,8,1,3,0.0,0.0048742327596582,5,0.0,1
18,8,1,3,0.0,0.0048742327596582,5,0.0,1
19,8,1,3,0.0159446450060168,0.0080635455530148,3,0.0,1
20,8,1,3,0.0,0.0080635455530148,5,0.0,1
21,8,1,3,0.0,0.0080635455530148,5,0.0,1
22,8,1,3,0.0,0.0080635455530148,5,0.0,1
23,8,1,3,0.0,0.0080635455530148,5,0.0,1
24,8,1,3,0.0,0.0080635455530148,5,0.0,1
25,8,1,3,0.0,0.0080635455530148,5,0.0,1
26,8,1,3,0.0,0.0080635455530148,5,0.0,1
27,8,1,3,0.0222623345367027,0.0125165483210976,3,0.0,1
28,8,1,3,0.0,0.0125165483210976,5,0.0,1
29,8,1,3,0.0,0.0125165483210976,5,0.0,1
30,8,1,3,0.0,0.0125165483210976,5,0.0,1
31,8,1,3,0.0,0.0,5,0.0,1
32,8,1,3,0.0135379061371841,0.002707907088699,3,0.0,1
33,8,1,3,0.0,0.002707907088699,5,0.0,1
34,8,1,3,0.0,0.002707907088699,5,0.0,1
35,8,1,3,0.0,0.002707907088699,5,0.0,1
36,8,1,3,0.0,0.002707907088699,5,0.0,1
37,8,1,3,0.0,0.002707907088699,5,0.0,1
38,8,1,3,0.0,0.002707907088699,5,0.0,1
39,8,1,3,0.0,0.002707907088699,5,0.0,1
40,8,1,3,0.0,0.002707907088699,5,0.0,1
41,8,1,3,0.0,0.002707907088699,5,0.0,1
42,8,1,3,0.0,0.002707907088699,5,0.0,1
43,8,1,3,0.0,0.002707907088699,5,0.0,1
44,8,1,3,0.0,0.002707907088699,5,0.0,1
45,8,1,3,0.0069193742478941,0.0040919484895896,3,0.0,1
46,8,1,3,0.0,0.0040919484895896,5,0.0,1
47,8,1,3,0.0,0.0040919484895896,5,0.0,1
48,8,1,3,0.0,0.0040919484895896,5,0.0,1
49,8,1,3,0.0,0.0040919484895896,5,0.0,1
50,8,1,3,0.0,0.0040919484895896,5,0.0,1
51,8,1,3,0.0,0.0040919484895896,5,0.0,1
52,8,1,3,0.0,0.0040919484895896,5,0.0,1
53,8,1,3,0.0,0.0040919484895896,5,0.0,1
54,8,1,3,0.0075210589651022,0.0055963413166446,3,0.0,1
55,8,1,3,0.0108303249097472,0.0077626669876038,3,0.0,1
56,8,1,3,0.0,0.0077626669876038,5,0.0,1
57,8,1,3,0.0,0.0077626669876038,5,0.0,1
58,8,1,3,0.0,0.0077626669876038,5,0.0,1
59,8,1,3,0.0,0.0077626669876038,5,0.0,1
60,8,1,3,0.0,0.0,5,0.0,1
61,8,1,3,0.0,0.0,5,0.0,1
62,8,1,3,0.0141395908543922,0.0028282585148634,3,0.0,1
63,8,1,3,0.0,0.0028282585148634,5,0.0,1
64,8,1,3,0.0,0.0028282585148634,5,0.0,1
65,8,1,3,0.0342960288808664,0.0096882898062342,4,0.0,1
66,8,1,3,0.0,0.0096882898062342,5,0.0,1
67,8,1,3,0.0,0.0096882898062342,5,0.0,1
68,8,1,3,0.0,0.0096882898062342,5,0.0,1
69,8,1,3,0.0354993983152827,0.0167890239499338,4,0.0,1
70,8,1,3,0.0,0.0167890239499338,5,0.0,1
71,8,1,3,0.0,0.0167890239499338,5,0.0,1
72,8,1,3,0.0,0.0167890239499338,5,0.0,1
73,8,1,3,0.0,0.0167890239499338,5,0.0,1
74,8,1,3,0.0,0.0167890239499338,5,0.0,1
75,8,1,3,0.0,0.0167890239499338,5,0.0,1
76,8,1,3,0.0,0.0167890239499338,5,0.0,1
77,8,1,3,0.0,0.0167890239499338,5,0.0,1
78,8,1,3,0.0,0.0167890239499338,5,0.0,1
79,8,1,3,0.0,0.0167890239499338,5,0.0,1
80,8,1,3,0.0,0.0167890239499338,5,0.0,1
81,8,1,3,0.0,0.0167890239499338,5,0.0,1
82,8,1,3,0.0,0.0167890239499338,5,0.0,1
83,8,1,3,0.0,0.0167890239499338,5,0.0,1
84,8,1,3,0.0,0.0167890239499338,5,0.0,1
85,8,1,3,0.0069193742478941,0.0181730653508244,3,0.0,1
86,8,1,3,0.0,0.0181730653508244,5,0.0,1
87,8,1,3,0.0,0.0181730653508244,5,0.0,1
88,8,1,3,0.0,0.0181730653508244,5,0.0,1
89,8,1,3,0.0,0.0181730653508244,5,0.0,1
90,8,1,3,0.0,0.0181730653508244,5,0.0,1
91,8,1,3,0.0,0.0,5,0.0,1
92,8,1,3,0.0,0.0,5,0.0,1
93,8,1,3,0.0,0.0,5,0.0,1
94,8,1,3,0.0,0.0,5,0.0,1
95,8,1,3,0.0,0.0,5,0.0,1
96,8,1,3,0.0,0.0,5,0.0,1
97,8,1,3,0.0,0.0,5,0.0,1
98,8,1,3,0.0,0.0,5,0.0,1
99,8,1,3,0.0,0.0,5,0.0,1
100,8,1,3,0.0027075812274368,0.0005415814177398,3,0.0,1
101,8,1,3,0.0,0.0005415814177398,5,0.0,1
102,8,1,3,0.0,0.0005415814177398,5,0.0,1
103,8,1,3,0.0,0.0005415814177398,5,0.0,1
104,8,1,3,0.0021058965102286,0.0009628114093152,3,0.0,1
105,8,1,3,0.0,0.0009628114093152,5,0.0,1
106,8,1,3,0.0,0.0009628114093152,5,0.0,1
107,8,1,3,0.0,0.0009628114093152,5,0.0,1
108,8,1,3,0.0,0.0009628114093152,5,0.0,1
109,8,1,3,0.009927797833935,0.0029486099410278,3,0.0,1
110,8,1,3,0.0189530685920577,0.0067396798652064,3,0.0,1
111,8,1,3,0.0045126353790613,0.0076423155614394,3,0.0,1
112,8,1,3,0.0,0.0076423155614394,5,0.0,1
113,8,1,3,0.0,0.0076423155614394,5,0.0,1
114,8,1,3,0.0,0.0076423155614394,5,0.0,1
115,8,1,3,0.0,0.0076423155614394,5,0.0,1
116,8,1,3,0.0,0.0076423155614394,5,0.0,1
117,8,1,3,0.0,0.0076423155614394,5,0.0,1
118,8,1,3,0.0,0.0076423155614394,5,0.0,1
119,8,1,3,0.0,0.0076423155614394,5,0.0,1
120,8,1,3,0.0,0.0076423155614394,5,0.0,1
121,8,1,3,0.0,0.0,5,0.0,1
122,8,1,3,0.0138387484957882,0.0027680828017812,3,0.0,1
123,8,1,3,0.0,0.0027680828017812,5,0.0,1
124,8,1,3,0.0,0.0027680828017812,5,0.0,1
125,8,1,3,0.0096269554753309,0.0046937056204116,3,0.0,1
126,8,1,3,0.0,0.0046937056204116,5,0.0,1
127,8,1,3,0.0,0.0046937056204116,5,0.0,1
128,8,1,3,0.0,0.0046937056204116,5,0.0,1
129,8,1,3,0.0054151624548736,0.0057768684558912,3,0.0,1
130,8,1,3,0.0,0.0057768684558912,5,0.0,1
131,8,1,3,0.0,0.0057768684558912,5,0.0,1
132,8,1,3,0.0279783393501805,0.0113732097725358,4,0.0,1
133,8,1,3,0.0,0.0113732097725358,5,0.0,1
134,8,1,3,0.0,0.0113732097725358,5,0.0,1
135,8,1,3,0.0048134777376654,0.012336021181851,3,0.0,1
136,8,1,3,0.0,0.012336021181851,5,0.0,1
137,8,1,3,0.0,0.012336021181851,5,0.0,1
138,8,1,3,0.0,0.012336021181851,5,0.0,1
139,8,1,3,0.0,0.012336021181851,5,0.0,1
140,8,1,3,0.0,0.012336021181851,5,0.0,1
141,8,1,3,0.0,0.012336021181851,5,0.0,1
142,8,1,3,0.0,0.012336021181851,5,0.0,1
143,8,1,3,0.0,0.012336021181851,5,0.0,1
144,8,1,3,0.0,0.012336021181851,5,0.0,1
145,8,1,3,0.02647412755716,0.0176314839330846,4,0.0,1
146,8,1,3,0.0030084235860409,0.0182332410639066,3,0.0,1
147,8,1,3,0.0,0.0182332410639066,5,0.0,1
148,8,1,3,0.0051143200962695,0.019256228186304,3,0.0,1
149,8,1,3,0.0,0.019256228186304,5,0.0,1
150,8,1,3,0.0,0.019256228186304,5,0.0,1
151,8,1,3,0.0,0.019256228186304,5,0.0,1
152,8,1,3,0.0204572803850782,0.0040919484895896,3,0.0,1
153,8,1,3,0.125150421179302,0.0291250451317848,2,0.0,0
154,8,1,3,0.0237665463297232,0.0338789264652786,4,0.0,1
155,8,1,3,0.0129362214199759,0.0364664821278132,3,0.0,1
156,8,1,3,0.0153429602888086,0.0395354434950054,3,0.0,1
157,8,1,3,0.1495186522262334,0.0694427728968588,2,0.0,0
158,8,1,3,0.0012033694344163,0.0696834757491876,3,0.0,1
159,8,1,3,0.04632972322503,0.0789505355638464,4,0.0,2
160,8,1,3,0.0096269554753309,0.0808761583824768,3,0.0,1
161,8,1,3,0.0938628158844765,0.0996509808641232,4,0.0,2
162,8,1,3,0.003309265944645,0.1003129137080274,3,0.0,1
163,8,1,3,0.0150421179302045,0.1033216993621374,3,0.0,1
164,8,1,3,0.0183513838748495,0.1069924178601516,3,0.0,1
165,8,1,3,0.0,0.1069924178601516,5,0.0,1
166,8,1,3,0.0752105896510228,0.1220363461307016,4,0.0,2
167,8,1,3,0.0069193742478941,0.1234203875315922,3,0.0,1
168,8,1,3,0.0027075812274368,0.123961968949332,3,0.0,1
169,8,1,3,0.0965703971119133,0.1432783728487182,4,0.0,2
170,8,1,3,0.0514440433212996,0.1535684197857744,4,0.0,2
171,8,1,3,0.0057160048134777,0.1547117583343362,3,0.0,1
172,8,1,3,0.0114320096269554,0.1569984354314598,3,0.0,1
173,8,1,3,0.0,0.1569984354314598,5,0.0,1
174,8,1,3,0.01323706377858,0.1596461668070766,3,0.0,1
175,8,1,3,0.0180505415162454,0.1632567095920086,3,0.0,1
176,8,1,3,0.0517448856799037,0.173606932242147,4,0.0,2
177,8,1,3,0.1386883273164861,0.2013479359730413,2,0.0,0
178,8,1,3,0.0279783393501805,0.2069442772896858,4,0.0,1
179,8,1,3,0.0048134777376654,0.207907088699001,3,0.0,1
180,8,1,3,0.0878459687123947,0.2254783969190034,4,0.0,2
181,8,1,3,0.0312876052948255,0.2317366710795523,4,0.0,1
182,8,1,3,0.1416967509025271,0.0283427608617162,2,0.0,0
183,8,1,3,0.1793020457280385,0.0642074858587074,2,0.0,0
184,8,1,3,0.0045126353790613,0.0651101215549404,3,0.0,1
185,8,1,3,0.0,0.0651101215549404,5,0.0,1
186,8,1,3,0.0,0.0651101215549404,5,0.0,1
187,8,1,3,0.003309265944645,0.0657720543988446,3,0.0,1
188,8,1,3,0.0057160048134777,0.0669153929474064,3,0.0,1
189,8,1,3,0.0,0.0669153929474064,5,0.0,1
190,8,1,3,0.0108303249097472,0.0690817186183656,3,0.0,1
191,8,1,3,0.0234657039711191,0.0737754242387772,4,0.0,1
192,8,1,3,0.0538507821901323,0.084546876880491,4,0.0,2
193,8,1,3,0.0321901323706377,0.0909856781802864,4,0.0,1
194,8,1,3,0.0009025270758122,0.091166205319533,3,0.0,1
195,8,1,3,0.0532490974729241,0.1018173065350824,4,0.0,2
196,8,1,3,0.3243080625752106,0.166686725237694,6,0.3333333333333333,0
197,8,1,3,0.01323706377858,0.1693344566133108,3,0.0,1
198,8,1,3,0.0111311672683513,0.1715609579973522,3,0.0,1
199,8,1,3,0.2042719614921781,0.212420267180166,6,0.3333333333333333,0
200,8,1,3,0.0370036101083032,0.2198218798892766,4,0.0,1
201,8,1,3,0.0367027677496991,0.227163316885305,4,0.0,1
202,8,1,3,0.0219614921780986,0.2315561439403057,3,0.0,1
203,8,1,3,0.0,0.2315561439403057,5,0.0,1
204,8,1,3,0.016546329723225,0.2348658081598267,3,0.0,1
205,8,1,3,0.0087244283995186,0.2366109038392105,3,0.0,1
206,8,1,3,0.0123345367027677,0.2390781080755807,3,0.0,1
207,8,1,3,0.125150421179302,0.2641112047177759,2,0.0,0
208,8,1,3,0.098977135980746,0.2839090143218197,4,0.0,2
209,8,1,3,0.0006016847172081,0.2840293657479841,3,0.0,1
210,8,1,3,0.0015042117930204,0.2843302443133951,3,0.0,1
211,8,1,3,0.0315884476534296,0.2906486941870261,4,0.0,1
212,8,1,3,0.0114320096269554,0.2929353712841497,3,0.0,1
213,8,1,3,0.0120336943441636,0.002407028523288,3,0.0,1
214,8,1,3,0.0210589651022864,0.006619328439042,3,0.0,1
215,8,1,3,0.1245487364620938,0.0315320736550728,2,0.0,0
216,8,1,3,0.0129362214199759,0.0341196293176074,3,0.0,1
217,8,1,3,0.0039109506618531,0.034901913587676,3,0.0,1
218,8,1,3,0.0243682310469314,0.0397761463473342,4,0.0,1
219,8,1,3,0.0944645006016847,0.058671320255145,4,0.0,2
220,8,1,3,0.1143200962695547,0.081538091226381,2,0.0,0
221,8,1,3,0.0616726835138387,0.093874112408232,4,0.0,2
222,8,1,3,0.0,0.093874112408232,5,0.0,1
223,8,1,3,0.0018050541516245,0.0942351666867252,3,0.0,1
224,8,1,3,0.0475330926594464,0.1037429293537128,4,0.0,2
225,8,1,3,0.0120336943441636,0.1061499578770008,3,0.0,1
226,8,1,3,0.0114320096269554,0.1084366349741244,3,0.0,1
227,8,1,3,0.1543321299638989,0.139306775785293,2,0.0,0
228,8,1,3,0.0345968712394705,0.146226982789746,4,0.0,1
229,8,1,3,0.0117328519855595,0.1485738355999518,3,0.0,1
230,8,1,3,0.0,0.1485738355999518,5,0.0,1
231,8,1,3,0.0312876052948255,0.1548321097605006,4,0.0,1
232,8,1,3,0.0,0.1548321097605006,5,0.0,1
233,8,1,3,0.0385078219013237,0.1625346010350222,4,0.0,1
234,8,1,3,0.0,0.1625346010350222,5,0.0,1
235,8,1,3,0.0,0.1625346010350222,5,0.0,1
236,8,1,3,0.0261732851985559,0.1677698880731736,4,0.0,1
237,8,1,3,0.000300842358604,0.1678300637862558,3,0.0,1
238,8,1,3,0.0424187725631768,0.176314839330846,4,0.0,1
239,8,1,3,0.0135379061371841,0.179022746419545,3,0.0,1
240,8,1,3,0.1522262334536702,0.2094716572391383,2,0.0,0
241,8,1,3,0.0475330926594464,0.2189794199061258,4,0.0,2
242,8,1,3,0.0300842358604091,0.2249969912143458,4,0.0,1
243,8,1,3,0.3754512635379061,0.3000962811409315,1,0.6666666666666666,0
244,8,1,3,0.1576413959085439,0.0315320736550728,2,0.0,0
245,8,1,3,0.0159446450060168,0.0347213864484294,3,0.0,1
246,8,1,3,0.1868231046931408,0.0720905042724756,2,0.0,0
247,8,1,3,0.0027075812274368,0.0726320856902154,3,0.0,1
248,8,1,3,0.0090252707581227,0.0744373570826814,3,0.0,1
249,8,1,3,0.0102286401925391,0.0764833313274762,3,0.0,1
250,8,1,3,0.0379061371841155,0.0840654711758334,4,0.0,1
251,8,1,3,0.0472322503008423,0.0935130581297388,4,0.0,2
252,8,1,3,0.0965703971119133,0.112829462029125,4,0.0,2
253,8,1,3,0.0279783393501805,0.1184258033457696,4,0.0,1
254,8,1,3,0.0312876052948255,0.1246840775063184,4,0.0,1
255,8,1,3,0.0433212996389891,0.1333493801901552,4,0.0,1
256,8,1,3,0.0,0.1333493801901552,5,0.0,1
257,8,1,3,0.0105294825511432,0.1354555301480322,3,0.0,1
258,8,1,3,0.1302647412755715,0.1615116139126248,2,0.0,0
259,8,1,3,0.0168471720818291,0.164881453845228,3,0.0,1
260,8,1,3,0.0,0.164881453845228,5,0.0,1
261,8,1,3,0.000300842358604,0.1649416295583102,3,0.0,1
262,8,1,3,0.0767148014440433,0.1802864363942712,4,0.0,2
263,8,1,3,0.0027075812274368,0.180828017812011,3,0.0,1
264,8,1,3,0.0938628158844765,0.1996028402936574,4,0.0,2
265,8,1,3,0.0,0.1996028402936574,5,0.0,1
266,8,1,3,0.095667870036101,0.218738717053797,4,0.0,2
267,8,1,3,0.0517448856799037,0.2290889397039354,4,0.0,2
268,8,1,3,0.0,0.2290889397039354,5,0.0,1
269,8,1,3,0.0520457280385078,0.2394993380671561,4,0.0,2
270,8,1,3,0.0752105896510228,0.2545432663377061,4,0.0,2
271,8,1,3,0.0881468110709988,0.2721747502707907,4,0.0,2
272,8,1,3,0.0012033694344163,0.2724154531231195,3,0.0,1
273,8,1,3,0.0797232250300842,0.2883620170899025,4,0.0,2
274,8,1,3,0.0030084235860409,0.000601757130822,3,0.0,1
275,8,1,3,0.0072202166064981,0.0020459742447948,3,0.0,1
276,8,1,3,0.0288808664259927,0.007822842700686,4,0.0,1
277,8,1,3,0.0,0.007822842700686,5,0.0,1
278,8,1,3,0.0186522262334536,0.0115537369117824,3,0.0,1
279,8,1,3,0.02647412755716,0.016849199663016,4,0.0,1
280,8,1,3,0.0,0.016849199663016,5,0.0,1
281,8,1,3,0.0009025270758122,0.0170297268022626,3,0.0,1
282,8,1,3,0.000300842358604,0.0170899025153448,3,0.0,1
283,8,1,3,0.0051143200962695,0.0181128896377422,3,0.0,1
284,8,1,3,0.0117328519855595,0.020459742447948,3,0.0,1
285,8,1,3,0.0063176895306859,0.0217234324226742,3,0.0,1
286,8,1,3,0.0114320096269554,0.0240101095197978,3,0.0,1
287,8,1,3,0.0,0.0240101095197978,5,0.0,1
288,8,1,3,0.0210589651022864,0.0282224094355518,3,0.0,1
289,8,1,3,0.003309265944645,0.028884342279456,3,0.0,1
290,8,1,3,0.0051143200962695,0.0299073294018534,3,0.0,1
291,8,1,3,0.0448255114320096,0.0388735106511012,4,0.0,1
292,8,1,3,0.0,0.0388735106511012,5,0.0,1
293,8,1,3,0.0093261131167268,0.0407389577566494,3,0.0,1
294,8,1,3,0.0012033694344163,0.0409796606089782,3,0.0,1
295,8,1,3,0.0583634175691937,0.052653748946925,4,0.0,2
296,8,1,3,0.0096269554753309,0.0545793717655554,3,0.0,1
297,8,1,3,0.0243682310469314,0.0594536045252136,4,0.0,1
298,8,1,3,0.0045126353790613,0.0603562402214466,3,0.0,1
299,8,1,3,0.0,0.0603562402214466,5,0.0,1
300,8,1,3,0.0,0.0603562402214466,5,0.0,1
301,8,1,3,0.0,0.0603562402214466,5,0.0,1
302,8,1,3,0.0039109506618531,0.0611385244915152,3,0.0,1
303,8,1,3,0.0,0.0611385244915152,5,0.0,1
304,8,1,3,0.0009025270758122,0.0613190516307618,3,0.0,1
305,8,1,3,0.0,0.0,5,0.0,1
306,8,1,3,0.01323706377858,0.0026477313756168,3,0.0,1
307,8,1,3,0.0,0.0026477313756168,5,0.0,1
308,8,1,3,0.0117328519855595,0.0049945841858226,3,0.0,1
309,8,1,3,0.0,0.0049945841858226,5,0.0,1
310,8,1,3,0.0249699157641395,0.0099891683716452,4,0.0,1
311,8,1,3,0.0,0.0099891683716452,5,0.0,1
312,8,1,3,0.0,0.0099891683716452,5,0.0,1
313,8,1,3,0.0,0.0099891683716452,5,0.0,1
314,8,1,3,0.0,0.0099891683716452,5,0.0,1
315,8,1,3,0.0,0.0099891683716452,5,0.0,1
316,8,1,3,0.0,0.0099891683716452,5,0.0,1
317,8,1,3,0.0057160048134777,0.011132506920207,3,0.0,1
318,8,1,3,0.0126353790613718,0.0136598868696594,3,0.0,1
319,8,1,3,0.0,0.0136598868696594,5,0.0,1
320,8,1,3,0.0,0.0136598868696594,5,0.0,1
321,8,1,3,0.0015042117930204,0.0139607654350704,3,0.0,1
322,8,1,3,0.0,0.0139607654350704,5,0.0,1
323,8,1,3,0.0,0.0139607654350704,5,0.0,1
324,8,1,3,0.00661853188929,0.0152846311228788,3,0.0,1
325,8,1,3,0.0168471720818291,0.018654471055482,3,0.0,1
326,8,1,3,0.0,0.018654471055482,5,0.0,1
327,8,1,3,0.0057160048134777,0.0197978096040438,3,0.0,1
328,8,1,3,0.0,0.0197978096040438,5,0.0,1
329,8,1,3,0.0,0.0197978096040438,5,0.0,1
330,8,1,3,0.0,0.0197978096040438,5,0.0,1
331,8,1,3,0.0,0.0197978096040438,5,0.0,1
332,8,1,3,0.036401925391095,0.02707907088699,4,0.0,1
333,8,1,3,0.0358002406738868,0.0342399807437718,4,0.0,1
334,8,1,3,0.0,0.0342399807437718,5,0.0,1
335,8,1,3,0.0,0.0,5,0.0,1
336,8,1,3,0.0,0.0,5,0.0,1
337,8,1,3,0.0,0.0,5,0.0,1
338,8,1,3,0.0,0.0,5,0.0,1
339,8,1,3,0.0,0.0,5,0.0,1
340,8,1,3,0.0225631768953068,0.004513178481165,4,0.0,1
341,8,1,3,0.0,0.004513178481165,5,0.0,1
342,8,1,3,0.0,0.004513178481165,5,0.0,1
343,8,1,3,0.00661853188929,0.0058370441689734,3,0.0,1
344,8,1,3,0.0,0.0058370441689734,5,0.0,1
345,8,1,3,0.0,0.0058370441689734,5,0.0,1
346,8,1,3,0.0,0.0058370441689734,5,0.0,1
347,8,1,3,0.0,0.0058370441689734,5,0.0,1
348,8,1,3,0.0,0.0058370441689734,5,0.0,1
349,8,1,3,0.0,0.0058370441689734,5,0.0,1
350,8,1,3,0.0,0.0058370441689734,5,0.0,1
351,8,1,3,0.0,0.0058370441689734,5,0.0,1
352,8,1,3,0.0054151624548736,0.006920207004453,3,0.0,1
353,8,1,3,0.0,0.006920207004453,5,0.0,1
354,8,1,3,0.0,0.006920207004453,5,0.0,1
355,8,1,3,0.0,0.006920207004453,5,0.0,1
356,8,1,3,0.0,0.006920207004453,5,0.0,1
357,8,1,3,0.0,0.006920207004453,5,0.0,1
358,8,1,3,0.0,0.006920207004453,5,0.0,1
359,8,1,3,0.0,0.006920207004453,5,0.0,1
360,8,1,3,0.0,0.006920207004453,5,0.0,1
361,8,1,3,0.0,0.006920207004453,5,0.0,1
362,8,1,3,0.0,0.006920207004453,5,0.0,1
363,8,1,3,0.0,0.006920207004453,5,0.0,1
364,8,1,3,0.0189530685920577,0.0107112769286316,3,0.0,1
365,8,1,3,0.0,0.0107112769286316,5,0.0,1
366,8,1,2,0.016546329723225,0.003309664219521,3,0.0,1
367,8,1,2,0.0,0.003309664219521,5,0.0,1
368,8,1,2,0.0171480144404332,0.0067396798652064,3,0.0,1
369,8,1,2,0.0327918170878459,0.0132988325911662,4,0.0,1
370,8,1,2,0.0,0.0132988325911662,5,0.0,1
371,8,1,2,0.0,0.0132988325911662,5,0.0,1
372,8,1,2,0.0,0.0132988325911662,5,0.0,1
373,8,1,2,0.0,0.0132988325911662,5,0.0,1
374,8,1,2,0.0,0.0132988325911662,5,0.0,1
375,8,1,2,0.0,0.0132988325911662,5,0.0,1
376,8,1,2,0.0252707581227436,0.018353592490071,4,0.0,1
377,8,1,2,0.0,0.018353592490071,5,0.0,1
378,8,1,2,0.0,0.018353592490071,5,0.0,1
379,8,1,2,0.0,0.018353592490071,5,0.0,1
380,8,1,2,0.0,0.018353592490071,5,0.0,1
381,8,1,2,0.0,0.018353592490071,5,0.0,1
382,8,1,2,0.0,0.018353592490071,5,0.0,1
383,8,1,2,0.0,0.018353592490071,5,0.0,1
384,8,1,2,0.0,0.018353592490071,5,0.0,1
385,8,1,2,0.0,0.018353592490071,5,0.0,1
386,8,1,2,0.069193742478941,0.032194006498977,4,0.0,2
387,8,1,2,0.1326714801444043,0.0587314959682272,2,0.0,0
388,8,1,2,0.0,0.0587314959682272,5,0.0,1
389,8,1,2,0.0,0.0587314959682272,5,0.0,1
390,8,1,2,0.0,0.0587314959682272,5,0.0,1
391,8,1,2,0.0,0.0587314959682272,5,0.0,1
392,8,1,2,0.0,0.0587314959682272,5,0.0,1
393,8,1,2,0.0,0.0587314959682272,5,0.0,1
394,8,1,2,0.0,0.0587314959682272,5,0.0,1
395,8,1,2,0.0,0.0587314959682272,5,0.0,1
396,8,1,2,0.0,0.0587314959682272,5,0.0,1
397,8,1,2,0.0,0.0,5,0.0,1
398,8,1,2,0.0,0.0,5,0.0,1
399,8,1,2,0.0,0.0,5,0.0,1
400,8,1,2,0.0213598074608904,0.0042724756288362,3,0.0,1
401,8,1,2,0.0,0.0042724756288362,5,0.0,1
402,8,1,2,0.0391095066185318,0.0120953183295222,4,0.0,1
403,8,1,2,0.0,0.0120953183295222,5,0.0,1
404,8,1,2,0.0,0.0120953183295222,5,0.0,1
405,8,1,2,0.0087244283995186,0.013840414008906,3,0.0,1
406,8,1,2,0.0177496991576413,0.0173907810807558,3,0.0,1
407,8,1,2,0.0195547533092659,0.0213022024310988,3,0.0,1
408,8,1,2,0.0,0.0213022024310988,5,0.0,1
409,8,1,2,0.0,0.0213022024310988,5,0.0,1
410,8,1,2,0.0,0.0213022024310988,5,0.0,1
411,8,1,2,0.0,0.0213022024310988,5,0.0,1
412,8,1,2,0.0,0.0213022024310988,5,0.0,1
413,8,1,2,0.0,0.0213022024310988,5,0.0,1
414,8,1,2,0.0,0.0213022024310988,5,0.0,1
415,8,1,2,0.0,0.0213022024310988,5,0.0,1
416,8,1,2,0.0,0.0213022024310988,5,0.0,1
417,8,1,2,0.0,0.0213022024310988,5,0.0,1
418,8,1,2,0.0,0.0213022024310988,5,0.0,1
419,8,1,2,0.0,0.0213022024310988,5,0.0,1
420,8,1,2,0.0,0.0213022024310988,5,0.0,1
421,8,1,2,0.0,0.0213022024310988,5,0.0,1
422,8,1,2,0.0234657039711191,0.0259959080515104,4,0.0,1
423,8,1,2,0.0,0.0259959080515104,5,0.0,1
424,8,1,2,0.0,0.0259959080515104,5,0.0,1
425,8,1,2,0.0,0.0,5,0.0,1
426,8,1,2,0.0,0.0,5,0.0,1
427,8,1,2,0.0,0.0,5,0.0,1
428,8,1,2,0.0,0.0,5,0.0,1
429,8,1,2,0.0,0.0,5,0.0,1
430,8,1,2,0.0,0.0,5,0.0,1
431,8,1,2,0.0,0.0,5,0.0,1
432,8,1,2,0.0,0.0,5,0.0,1
433,8,1,2,0.0,0.0,5,0.0,1
434,8,1,2,0.0,0.0,5,0.0,1
435,8,1,2,0.0,0.0,5,0.0,1
436,8,1,2,0.0,0.0,5,0.0,1
437,8,1,2,0.0216606498194945,0.0043326513419184,3,0.0,1
438,8,1,2,0.0,0.0043326513419184,5,0.0,1
439,8,1,2,0.0,0.0043326513419184,5,0.0,1
440,8,1,2,0.0,0.0043326513419184,5,0.0,1
441,8,1,2,0.0,0.0043326513419184,5,0.0,1
442,8,1,2,0.0,0.0043326513419184,5,0.0,1
443,8,1,2,0.0,0.0043326513419184,5,0.0,1
444,8,1,2,0.0,0.0043326513419184,5,0.0,1
445,8,1,2,0.0,0.0043326513419184,5,0.0,1
446,8,1,2,0.0,0.0043326513419184,5,0.0,1
447,8,1,2,0.0,0.0043326513419184,5,0.0,1
448,8,1,2,0.0,0.0043326513419184,5,0.0,1
449,8,1,2,0.0,0.0043326513419184,5,0.0,1
450,8,1,2,0.0,0.0043326513419184,5,0.0,1
451,8,1,2,0.0012033694344163,0.0045733541942472,3,0.0,1
452,8,1,2,0.0,0.0045733541942472,5,0.0,1
453,8,1,2,0.0,0.0045733541942472,5,0.0,1
454,8,1,2,0.0,0.0045733541942472,5,0.0,1
455,8,1,2,0.0,0.0045733541942472,5,0.0,1
456,8,1,2,0.0,0.0,5,0.0,1
457,8,1,2,0.0565583634175691,0.0113130340594536,4,0.0,2
458,8,1,2,0.0,0.0113130340594536,5,0.0,1
459,8,1,2,0.0,0.0113130340594536,5,0.0,1
460,8,1,2,0.0,0.0113130340594536,5,0.0,1
461,8,1,2,0.0,0.0113130340594536,5,0.0,1
462,8,1,2,0.0,0.0113130340594536,5,0.0,1
463,8,1,2,0.1299638989169675,0.037308942110964,2,0.0,0
464,8,1,2,0.0,0.037308942110964,5,0.0,1
465,8,1,2,0.0,0.037308942110964,5,0.0,1
466,8,1,2,0.0,0.037308942110964,5,0.0,1
467,8,1,2,0.0,0.037308942110964,5,0.0,1
468,8,1,2,0.0,0.037308942110964,5,0.0,1
469,8,1,2,0.0,0.037308942110964,5,0.0,1
470,8,1,2,0.0,0.037308942110964,5,0.0,1
471,8,1,2,0.0087244283995186,0.0390540377903478,3,0.0,1
472,8,1,2,0.0,0.0390540377903478,5,0.0,1
473,8,1,2,0.0,0.0390540377903478,5,0.0,1
474,8,1,2,0.0,0.0390540377903478,5,0.0,1
475,8,1,2,0.0048134777376654,0.040016849199663,3,0.0,1
476,8,1,2,0.0,0.040016849199663,5,0.0,1
477,8,1,2,0.0,0.040016849199663,5,0.0,1
478,8,1,2,0.0,0.040016849199663,5,0.0,1
479,8,1,2,0.0,0.040016849199663,5,0.0,1
480,8,1,2,0.04632972322503,0.0492839090143218,4,0.0,2
481,8,1,2,0.0,0.0492839090143218,5,0.0,1
482,8,1,2,0.0,0.0492839090143218,5,0.0,1
483,8,1,2,0.0,0.0492839090143218,5,0.0,1
484,8,1,2,0.0,0.0492839090143218,5,0.0,1
485,8,1,2,0.0,0.0492839090143218,5,0.0,1
486,8,1,2,0.0,0.0,5,0.0,1
487,8,1,2,0.0,0.0,5,0.0,1
488,8,1,2,0.000300842358604,6.017571308220002e-05,3,0.0,1
489,8,1,2,0.0339951865222623,0.0068600312913708,4,0.0,1
490,8,1,2,0.0090252707581227,0.0086653026838368,3,0.0,1
491,8,1,2,0.003610108303249,0.0093874112408232,3,0.0,1
492,8,1,2,0.0,0.0093874112408232,5,0.0,1
493,8,1,2,0.0,0.0093874112408232,5,0.0,1
494,8,1,2,0.0174488567990373,0.0128776025995908,3,0.0,1
495,8,1,2,0.0270758122743682,0.0182934167769888,4,0.0,1
496,8,1,2,0.0,0.0182934167769888,5,0.0,1
497,8,1,2,0.03971119133574,0.0262366109038392,4,0.0,1
498,8,1,2,0.0018050541516245,0.0265976651823324,3,0.0,1
499,8,1,2,0.0,0.0265976651823324,5,0.0,1
500,8,1,2,0.0,0.0265976651823324,5,0.0,1
501,8,1,2,0.0,0.0265976651823324,5,0.0,1
502,8,1,2,0.0,0.0265976651823324,5,0.0,1
503,8,1,2,0.0048134777376654,0.0275604765916476,3,0.0,1
504,8,1,2,0.0219614921780986,0.0319533036466482,3,0.0,1
505,8,1,2,0.0,0.0319533036466482,5,0.0,1
506,8,1,2,0.0535499398315282,0.0426645805752798,4,0.0,2
507,8,1,2,0.0249699157641395,0.0476591647611024,4,0.0,1
508,8,1,2,0.0108303249097472,0.0498254904320616,3,0.0,1
509,8,1,2,0.0,0.0498254904320616,5,0.0,1
510,8,1,2,0.0009025270758122,0.0500060175713082,3,0.0,1
511,8,1,2,0.0189530685920577,0.0537970874954868,3,0.0,1
512,8,1,2,0.0078219013237063,0.055361656035624,3,0.0,1
513,8,1,2,0.0288808664259927,0.0611385244915152,4,0.0,1
514,8,1,2,0.0327918170878459,0.067697677217475,4,0.0,1
515,8,1,2,0.0096269554753309,0.0696233000361054,3,0.0,1
516,8,1,2,0.0,0.0696233000361054,5,0.0,1
517,8,1,2,0.0776173285198556,0.0155253339752076,4,0.0,2
518,8,1,2,0.0282791817087845,0.0211818510049344,4,0.0,1
519,8,1,2,0.0598676293622141,0.0331568179082922,4,0.0,2
520,8,1,2,0.1729843561973525,0.0677578529305572,2,0.0,0
521,8,1,2,0.2605294825511431,0.1198700204597424,6,0.3333333333333333,0
522,8,1,2,0.1176293622141997,0.1433987242748826,2,0.0,0
523,8,1,2,0.0021058965102286,0.143819954266458,3,0.0,1
524,8,1,2,0.0075210589651022,0.145324347093513,3,0.0,1
525,8,1,2,0.0406137184115523,0.15344806835961,4,0.0,1
526,8,1,2,0.0,0.15344806835961,5,0.0,1
527,8,1,2,0.1600481347773766,0.1854615477193404,2,0.0,0
528,8,1,2,0.0117328519855595,0.1878084005295462,3,0.0,1
529,8,1,2,0.0201564380264741,0.1918401733060536,3,0.0,1
530,8,1,2,0.0306859205776173,0.197978096040438,4,0.0,1
531,8,1,2,0.0,0.197978096040438,5,0.0,1
532,8,1,2,0.2933212996389892,0.2566494162955831,6,0.3333333333333333,0
533,8,1,2,0.1236462093862816,0.2813816343723673,2,0.0,0
534,8,1,2,0.0,0.2813816343723673,5,0.0,1
535,8,1,2,0.0,0.2813816343723673,5,0.0,1
536,8,1,2,0.0502406738868832,0.2914309784570947,4,0.0,2
537,8,1,2,0.157942238267148,0.3230232278252496,2,0.0,0
538,8,1,2,0.0490373044524669,0.3328318690576483,4,0.0,2
539,8,1,2,0.01985559566787,0.3368034661210735,3,0.0,1
540,8,1,2,0.0249699157641395,0.3417980503068961,4,0.0,1
541,8,1,2,0.0102286401925391,0.3438440245516909,3,0.0,1
542,8,1,2,0.0562575210589651,0.3550968828980623,4,0.0,2
543,8,1,2,0.0379061371841155,0.3626790227464195,4,0.0,1
544,8,1,2,0.1101083032490974,0.3847033337345047,2,0.0,0
545,8,1,2,0.1113116726835138,0.4069683475749187,2,0.0,0
546,8,1,2,0.0983754512635379,0.4266458057527981,4,0.0,2
547,8,1,2,0.0228640192539109,0.0045733541942472,4,0.0,1
548,8,1,2,0.0794223826714801,0.020459742447948,4,0.0,2
549,8,1,2,0.0761131167268351,0.0356841978577446,4,0.0,2
550,8,1,2,0.0126353790613718,0.038211577807197,3,0.0,1
551,8,1,2,0.0210589651022864,0.042423877722951,3,0.0,1
552,8,1,2,0.0213598074608904,0.0466963533517872,3,0.0,1
553,8,1,2,0.0339951865222623,0.0534962089300758,4,0.0,1
554,8,1,2,0.1820096269554753,0.0899025153448068,2,0.0,0
555,8,1,2,0.1131167268351383,0.112528583463714,2,0.0,0
556,8,1,2,0.0048134777376654,0.1134913948730292,3,0.0,1
557,8,1,2,0.0818291215403128,0.1298591888313876,4,0.0,2
558,8,1,2,0.0,0.1298591888313876,5,0.0,1
559,8,1,2,0.0276774969915764,0.13539535443495,4,0.0,1
560,8,1,2,0.1188327316486161,0.159164761102419,2,0.0,0
561,8,1,2,0.1215403128760529,0.1834757491876278,2,0.0,0
562,8,1,2,0.0312876052948255,0.1897340233481766,4,0.0,1
563,8,1,2,0.0709987966305655,0.2039354916355758,4,0.0,2
564,8,1,2,0.3528880866425993,0.2745216030809965,1,0.6666666666666666,0
565,8,1,2,0.181107099879663,0.3107473823564809,2,0.0,0
566,8,1,2,0.5863417569193743,0.4280298471536887,1,0.6666666666666666,0
567,8,1,2,0.0285800240673886,0.4337465398964977,4,0.0,1
568,8,1,2,0.0767148014440433,0.4490913467324587,4,0.0,2
569,8,1,2,0.0,0.4490913467324587,5,0.0,1
570,8,1,2,0.0051143200962695,0.4501143338548561,3,0.0,1
571,8,1,2,0.0598676293622141,0.4620893007582139,4,0.0,2
572,8,1,2,0.0508423586040914,0.4722589962691057,4,0.0,2
573,8,1,2,0.0505415162454873,0.4823685160669154,4,0.0,2
574,8,1,2,0.191034897713598,0.5205800938741124,2,0.0,0
575,8,1,2,0.0586642599277978,0.5323143579251414,4,0.0,2
576,8,1,2,0.0418170878459687,0.5406787820435672,4,0.0,1
577,8,1,2,0.0947653429602888,0.5596341316644602,4,0.0,2
578,8,1,2,0.0746089049338146,0.0149235768443856,4,0.0,2
579,8,1,2,0.000300842358604,0.0149837525574678,3,0.0,1
580,8,1,2,0.0469314079422382,0.024371163798291,4,0.0,2
581,8,1,2,0.0673886883273164,0.0378505235287038,4,0.0,2
582,8,1,2,0.1302647412755715,0.0639066072932964,2,0.0,0
583,8,1,2,0.0,0.0639066072932964,5,0.0,1
584,8,1,2,0.0,0.0639066072932964,5,0.0,1
585,8,1,2,0.0728038507821901,0.0784691298591888,4,0.0,2
586,8,1,2,0.0126353790613718,0.0809965098086412,3,0.0,1
587,8,1,2,0.0842358604091456,0.0978457094716572,4,0.0,2
588,8,1,2,0.0812274368231047,0.1140931520038512,4,0.0,2
589,8,1,2,0.03309265944645,0.1207124804428932,4,0.0,1
590,8,1,2,0.0737063778580024,0.1354555301480322,4,0.0,2
591,8,1,2,0.0,0.1354555301480322,5,0.0,1
592,8,1,2,0.0782190132370637,0.1511012155494042,4,0.0,2
593,8,1,2,0.0706979542719614,0.1652425081237212,4,0.0,2
594,8,1,2,0.3209987966305656,0.2294499939824286,6,0.3333333333333333,0
595,8,1,2,0.4590854392298436,0.3212781321458659,1,0.6666666666666666,0
596,8,1,2,0.0848375451263537,0.3382476832350463,4,0.0,2
597,8,1,2,0.0006016847172081,0.3383680346612107,3,0.0,1
598,8,1,2,0.0457280385078219,0.3475147430497051,4,0.0,2
599,8,1,2,0.0752105896510228,0.3625586713202551,4,0.0,2
600,8,1,2,0.0583634175691937,0.3742327596582019,4,0.0,2
601,8,1,2,0.0309867629362214,0.3804308581056685,4,0.0,1
602,8,1,2,0.0361010830324909,0.3876519436755326,4,0.0,1
603,8,1,2,0.0327918170878459,0.3942110964014924,4,0.0,1
604,8,1,2,0.0021058965102286,0.3946323263930677,3,0.0,1
605,8,1,2,0.0719013237063778,0.4090143218197136,4,0.0,2
606,8,1,2,0.1441034897713598,0.4378384883860873,2,0.0,0
607,8,1,2,0.01985559566787,0.4418100854495126,3,0.0,1
608,8,1,2,0.0827316486161251,0.4583584065471176,4,0.0,2
609,8,1,2,0.1058965102286402,0.0211818510049344,4,0.0,0
610,8,1,2,0.0,0.0211818510049344,5,0.0,1
611,8,1,2,0.0601684717208182,0.0332169936213744,4,0.0,2
612,8,1,2,0.1107099879663056,0.055361656035624,2,0.0,0
613,8,1,2,0.0421179302045728,0.063786255867132,4,0.0,1
614,8,1,2,0.0929602888086642,0.0823805512095318,4,0.0,2
615,8,1,2,0.095667870036101,0.1015164279696714,4,0.0,2
616,8,1,2,0.1705776173285198,0.1356360572872788,2,0.0,0
617,8,1,2,0.0,0.1356360572872788,5,0.0,1
618,8,1,2,0.0039109506618531,0.1364183415573474,3,0.0,1
619,8,1,2,0.0147412755716004,0.1393669514983752,3,0.0,1
620,8,1,2,0.0541516245487364,0.1501985798531712,4,0.0,2
621,8,1,2,0.0,0.1501985798531712,5,0.0,1
622,8,1,2,0.2421780986762936,0.1986400288843423,6,0.3333333333333333,0
623,8,1,2,0.0682912154031287,0.2122999157540016,4,0.0,2
624,8,1,2,0.0183513838748495,0.2159706342520158,3,0.0,1
625,8,1,2,0.0054151624548736,0.2170537970874954,3,0.0,1
626,8,1,2,0.0348977135980746,0.2240341798050306,4,0.0,1
627,8,1,2,0.1083032490974729,0.2456974365146227,2,0.0,0
628,8,1,2,0.0619735258724428,0.2580936334095559,4,0.0,2
629,8,1,2,0.2123947051744885,0.3005776868455891,6,0.3333333333333333,0
630,8,1,2,0.1004813477737665,0.3206763750150439,4,0.0,2
631,8,1,2,0.1841155234657039,0.3575039114213503,2,0.0,0
632,8,1,2,0.0589651022864019,0.3692983511854615,4,0.0,2
633,8,1,2,0.0042117930204572,0.3701408111686123,3,0.0,1
634,8,1,2,0.0084235860409145,0.3718257311349139,3,0.0,1
635,8,1,2,0.0682912154031287,0.3854856180045733,4,0.0,2
636,8,1,2,0.1826113116726835,0.4220122758454687,2,0.0,0
637,8,1,2,0.01323706377858,0.4246600072210856,3,0.0,1
638,8,1,2,0.0135379061371841,0.4273679143097846,3,0.0,1
639,8,1,2,0.0318892900120336,0.0063786255867132,4,0.0,1
640,8,1,2,0.0087244283995186,0.008123721266097,3,0.0,1
641,8,1,2,0.0054151624548736,0.0092068841015766,3,0.0,1
642,8,1,2,0.0,0.0092068841015766,5,0.0,1
643,8,1,2,0.0228640192539109,0.0137802382958238,4,0.0,1
644,8,1,2,0.0156438026474127,0.0169093753760982,3,0.0,1
645,8,1,2,0.0030084235860409,0.0175111325069202,3,0.0,1
646,8,1,2,0.0102286401925391,0.019557106751715,3,0.0,1
647,8,1,2,0.0195547533092659,0.023468528102058,3,0.0,1
648,8,1,2,0.0144404332129963,0.0263569623300036,3,0.0,1
649,8,1,2,0.0042117930204572,0.0271994223131544,3,0.0,1
650,8,1,2,0.0156438026474127,0.0303285593934288,3,0.0,1
651,8,1,2,0.0276774969915764,0.0358647249969912,4,0.0,1
652,8,1,2,0.0123345367027677,0.0383319292333614,3,0.0,1
653,8,1,2,0.0258724428399518,0.0435070405584306,4,0.0,1
654,8,1,2,0.0800240673886883,0.0595137802382958,4,0.0,2
655,8,1,2,0.0306859205776173,0.0656517029726802,4,0.0,1
656,8,1,2,0.029783393501805,0.071609098567818,4,0.0,1
657,8,1,2,0.0,0.071609098567818,5,0.0,1
658,8,1,2,0.0412154031287605,0.0798531712600794,4,0.0,1
659,8,1,2,0.0794223826714801,0.0957395595137802,4,0.0,2
660,8,1,2,0.0,0.0957395595137802,5,0.0,1
661,8,1,2,0.0,0.0957395595137802,5,0.0,1
662,8,1,2,0.0273766546329723,0.1012155494042604,4,0.0,1
663,8,1,2,0.0060168471720818,0.1024190636659044,3,0.0,1
664,8,1,2,0.0102286401925391,0.1044650379106992,3,0.0,1
665,8,1,2,0.0015042117930204,0.1047659164761102,3,0.0,1
666,8,1,2,0.0,0.1047659164761102,5,0.0,1
667,8,1,2,0.0,0.1047659164761102,5,0.0,1
668,8,1,2,0.0228640192539109,0.1093392706703574,4,0.0,1
669,8,1,2,0.0189530685920577,0.113130340594536,3,0.0,1
670,8,1,2,0.0,0.0,5,0.0,1
671,8,1,2,0.0,0.0,5,0.0,1
672,8,1,2,0.0,0.0,5,0.0,1
673,8,1,2,0.0,0.0,5,0.0,1
674,8,1,2,0.0,0.0,5,0.0,1
675,8,1,2,0.0,0.0,5,0.0,1
676,8,1,2,0.0376052948255114,0.007521964135275,4,0.0,1
677,8,1,2,0.0309867629362214,0.0137200625827416,4,0.0,1
678,8,1,2,0.0309867629362214,0.0199181610302082,4,0.0,1
679,8,1,2,0.0,0.0199181610302082,5,0.0,1
680,8,1,2,0.0,0.0199181610302082,5,0.0,1
681,8,1,2,0.0688929001203369,0.033698399326032,4,0.0,2
682,8,1,2,0.0,0.033698399326032,5,0.0,1
683,8,1,2,0.0,0.033698399326032,5,0.0,1
684,8,1,2,0.0478339350180505,0.0432663377061018,4,0.0,2
685,8,1,2,0.0006016847172081,0.0433866891322662,3,0.0,1
686,8,1,2,0.0,0.0433866891322662,5,0.0,1
687,8,1,2,0.0406137184115523,0.0515104103983632,4,0.0,1
688,8,1,2,0.0,0.0515104103983632,5,0.0,1
689,8,1,2,0.0075210589651022,0.0530148032254182,3,0.0,1
690,8,1,2,0.0,0.0530148032254182,5,0.0,1
691,8,1,2,0.0,0.0530148032254182,5,0.0,1
692,8,1,2,0.0,0.0530148032254182,5,0.0,1
693,8,1,2,0.0,0.0530148032254182,5,0.0,1
694,8,1,2,0.0324909747292418,0.0595137802382958,4,0.0,1
695,8,1,2,0.0,0.0595137802382958,5,0.0,1
696,8,1,2,0.0833333333333333,0.0761824527620652,4,0.0,2
697,8,1,2,0.0,0.0761824527620652,5,0.0,1
698,8,1,2,0.0,0.0761824527620652,5,0.0,1
699,8,1,2,0.029783393501805,0.082139848357203,4,0.0,1
700,8,1,2,0.0276774969915764,0.0055361656035624,4,0.0,1
701,8,1,2,0.0,0.0055361656035624,5,0.0,1
702,8,1,2,0.0,0.0055361656035624,5,0.0,1
703,8,1,2,0.0,0.0055361656035624,5,0.0,1
704,8,1,2,0.0,0.0055361656035624,5,0.0,1
705,8,1,2,0.0,0.0055361656035624,5,0.0,1
706,8,1,2,0.0,0.0055361656035624,5,0.0,1
707,8,1,2,0.0,0.0055361656035624,5,0.0,1
708,8,1,2,0.0,0.0055361656035624,5,0.0,1
709,8,1,2,0.0156438026474127,0.0086653026838368,3,0.0,1
710,8,1,2,0.0,0.0086653026838368,5,0.0,1
711,8,1,2,0.0,0.0086653026838368,5,0.0,1
712,8,1,2,0.0,0.0086653026838368,5,0.0,1
713,8,1,2,0.0,0.0086653026838368,5,0.0,1
714,8,1,2,0.0,0.0086653026838368,5,0.0,1
715,8,1,2,0.0,0.0086653026838368,5,0.0,1
716,8,1,2,0.0,0.0086653026838368,5,0.0,1
717,8,1,2,0.0,0.0086653026838368,5,0.0,1
718,8,1,2,0.0,0.0086653026838368,5,0.0,1
719,8,1,2,0.0,0.0086653026838368,5,0.0,1
720,8,1,2,0.0,0.0086653026838368,5,0.0,1
721,8,1,2,0.0,0.0086653026838368,5,0.0,1
722,8,1,2,0.0,0.0086653026838368,5,0.0,1
723,8,1,2,0.0,0.0086653026838368,5,0.0,1
724,8,1,2,0.0,0.0086653026838368,5,0.0,1
725,8,1,2,0.0,0.0086653026838368,5,0.0,1
726,8,1,2,0.0,0.0086653026838368,5,0.0,1
727,8,1,2,0.0,0.0086653026838368,5,0.0,1
728,8,1,2,0.0117328519855595,0.0110121554940426,3,0.0,1
729,8,1,2,0.0,0.0110121554940426,5,0.0,1
730,8,1,2,0.0,0.0110121554940426,5,0.0,1
731,8,1,0,0.0,0.0,5,0.0,1
732,8,1,0,0.0,0.0,5,0.0,1
733,8,1,0,0.0,0.0,5,0.0,1
734,8,1,0,0.0,0.0,5,0.0,1
735,8,1,0,0.0,0.0,5,0.0,1
736,8,1,0,0.0,0.0,5,0.0,1
737,8,1,0,0.0,0.0,5,0.0,1
738,8,1,0,0.0,0.0,5,0.0,1
739,8,1,0,0.0,0.0,5,0.0,1
740,8,1,0,0.0,0.0,5,0.0,1
741,8,1,0,0.0,0.0,5,0.0,1
742,8,1,0,0.0,0.0,5,0.0,1
743,8,1,0,0.0,0.0,5,0.0,1
744,8,1,0,0.0,0.0,5,0.0,1
745,8,1,0,0.0,0.0,5,0.0,1
746,8,1,0,0.0,0.0,5,0.0,1
747,8,1,0,0.0,0.0,5,0.0,1
748,8,1,0,0.0,0.0,5,0.0,1
749,8,1,0,0.0,0.0,5,0.0,1
750,8,1,0,0.0,0.0,5,0.0,1
751,8,1,0,0.0,0.0,5,0.0,1
752,8,1,0,0.0,0.0,5,0.0,1
753,8,1,0,0.0,0.0,5,0.0,1
754,8,1,0,0.0,0.0,5,0.0,1
755,8,1,0,0.0,0.0,5,0.0,1
756,8,1,0,0.0,0.0,5,0.0,1
757,8,1,0,0.0,0.0,5,0.0,1
758,8,1,0,0.0,0.0,5,0.0,1
759,8,1,0,0.0,0.0,5,0.0,1
760,8,1,0,0.0,0.0,5,0.0,1
761,8,1,0,0.0,0.0,5,0.0,1
762,8,1,0,0.0,0.0,5,0.0,1
763,8,1,0,0.0,0.0,5,0.0,1
764,8,1,0,0.0,0.0,5,0.0,1
765,8,1,0,0.0,0.0,5,0.0,1
766,8,1,0,0.0,0.0,5,0.0,1
767,8,1,0,0.0,0.0,5,0.0,1
768,8,1,0,0.0,0.0,5,0.0,1
769,8,1,0,0.0,0.0,5,0.0,1
770,8,1,0,0.0,0.0,5,0.0,1
771,8,1,0,0.0,0.0,5,0.0,1
772,8,1,0,0.0,0.0,5,0.0,1
773,8,1,0,0.0,0.0,5,0.0,1
774,8,1,0,0.0,0.0,5,0.0,1
775,8,1,0,0.0,0.0,5,0.0,1
776,8,1,0,0.0,0.0,5,0.0,1
777,8,1,0,0.0,0.0,5,0.0,1
778,8,1,0,0.0,0.0,5,0.0,1
779,8,1,0,0.0,0.0,5,0.0,1
780,8,1,0,0.0,0.0,5,0.0,1
781,8,1,0,0.0,0.0,5,0.0,1
782,8,1,0,0.0,0.0,5,0.0,1
783,8,1,0,0.0,0.0,5,0.0,1
784,8,1,0,0.0,0.0,5,0.0,1
785,8,1,0,0.0,0.0,5,0.0,1
786,8,1,0,0.0,0.0,5,0.0,1
787,8,1,0,0.0,0.0,5,0.0,1
788,8,1,0,0.0,0.0,5,0.0,1
789,8,1,0,0.0,0.0,5,0.0,1
790,8,1,0,0.0,0.0,5,0.0,1
791,8,1,0,0.0,0.0,5,0.0,1
792,8,1,0,0.0,0.0,5,0.0,1
793,8,1,0,0.0,0.0,5,0.0,1
794,8,1,0,0.0,0.0,5,0.0,1
795,8,1,0,0.0,0.0,5,0.0,1
796,8,1,0,0.0,0.0,5,0.0,1
797,8,1,0,0.0,0.0,5,0.0,1
798,8,1,0,0.0,0.0,5,0.0,1
799,8,1,0,0.0,0.0,5,0.0,1
800,8,1,0,0.0,0.0,5,0.0,1
801,8,1,0,0.0,0.0,5,0.0,1
802,8,1,0,0.0,0.0,5,0.0,1
803,8,1,0,0.0,0.0,5,0.0,1
804,8,1,0,0.0057160048134777,0.0011433385485618,3,0.0,1
805,8,1,0,0.0,0.0011433385485618,5,0.0,1
806,8,1,0,0.0,0.0011433385485618,5,0.0,1
807,8,1,0,0.0,0.0011433385485618,5,0.0,1
808,8,1,0,0.0,0.0011433385485618,5,0.0,1
809,8,1,0,0.0,0.0011433385485618,5,0.0,1
810,8,1,0,0.0,0.0011433385485618,5,0.0,1
811,8,1,0,0.0,0.0011433385485618,5,0.0,1
812,8,1,0,0.0,0.0011433385485618,5,0.0,1
813,8,1,0,0.0,0.0011433385485618,5,0.0,1
814,8,1,0,0.0,0.0011433385485618,5,0.0,1
815,8,1,0,0.0,0.0011433385485618,5,0.0,1
816,8,1,0,0.0,0.0011433385485618,5,0.0,1
817,8,1,0,0.0,0.0011433385485618,5,0.0,1
818,8,1,0,0.0,0.0011433385485618,5,0.0,1
819,8,1,0,0.0,0.0011433385485618,5,0.0,1
820,8,1,0,0.0,0.0011433385485618,5,0.0,1
821,8,1,0,0.0,0.0,5,0.0,1
822,8,1,0,0.0,0.0,5,0.0,1
823,8,1,0,0.0,0.0,5,0.0,1
824,8,1,0,0.0,0.0,5,0.0,1
825,8,1,0,0.0,0.0,5,0.0,1
826,8,1,0,0.0,0.0,5,0.0,1
827,8,1,0,0.0,0.0,5,0.0,1
828,8,1,0,0.0,0.0,5,0.0,1
829,8,1,0,0.0,0.0,5,0.0,1
830,8,1,0,0.0,0.0,5,0.0,1
831,8,1,0,0.0,0.0,5,0.0,1
832,8,1,0,0.0,0.0,5,0.0,1
833,8,1,0,0.0,0.0,5,0.0,1
834,8,1,0,0.0,0.0,5,0.0,1
835,8,1,0,0.0,0.0,5,0.0,1
836,8,1,0,0.0,0.0,5,0.0,1
837,8,1,0,0.0,0.0,5,0.0,1
838,8,1,0,0.0,0.0,5,0.0,1
839,8,1,0,0.0096269554753309,0.0019256228186304,3,0.0,1
840,8,1,0,0.0,0.0019256228186304,5,0.0,1
841,8,1,0,0.0,0.0019256228186304,5,0.0,1
842,8,1,0,0.0,0.0019256228186304,5,0.0,1
843,8,1,0,0.0,0.0019256228186304,5,0.0,1
844,8,1,0,0.0,0.0019256228186304,5,0.0,1
845,8,1,0,0.0,0.0019256228186304,5,0.0,1
846,8,1,0,0.0,0.0019256228186304,5,0.0,1
847,8,1,0,0.0,0.0019256228186304,5,0.0,1
848,8,1,0,0.0,0.0019256228186304,5,0.0,1
849,8,1,0,0.0,0.0019256228186304,5,0.0,1
850,8,1,0,0.0,0.0019256228186304,5,0.0,1
851,8,1,0,0.0,0.0,5,0.0,1
852,8,1,0,0.0,0.0,5,0.0,1
853,8,1,0,0.0039109506618531,0.0007822842700686,3,0.0,1
854,8,1,0,0.0,0.0007822842700686,5,0.0,1
855,8,1,0,0.0,0.0007822842700686,5,0.0,1
856,8,1,0,0.0,0.0007822842700686,5,0.0,1
857,8,1,0,0.0,0.0007822842700686,5,0.0,1
858,8,1,0,0.0,0.0007822842700686,5,0.0,1
859,8,1,0,0.0,0.0007822842700686,5,0.0,1
860,8,1,0,0.0,0.0007822842700686,5,0.0,1
861,8,1,0,0.0,0.0007822842700686,5,0.0,1
862,8,1,0,0.0,0.0007822842700686,5,0.0,1
863,8,1,0,0.0,0.0007822842700686,5,0.0,1
864,8,1,0,0.0,0.0007822842700686,5,0.0,1
865,8,1,0,0.0,0.0007822842700686,5,0.0,1
866,8,1,0,0.0,0.0007822842700686,5,0.0,1
867,8,1,0,0.0,0.0007822842700686,5,0.0,1
868,8,1,0,0.0,0.0007822842700686,5,0.0,1
869,8,1,0,0.0,0.0007822842700686,5,0.0,1
870,8,1,0,0.0,0.0007822842700686,5,0.0,1
871,8,1,0,0.0,0.0007822842700686,5,0.0,1
872,8,1,0,0.0,0.0007822842700686,5,0.0,1
873,8,1,0,0.0,0.0007822842700686,5,0.0,1
874,8,1,0,0.0042117930204572,0.0016247442532194,3,0.0,1
875,8,1,0,0.0,0.0016247442532194,5,0.0,1
876,8,1,0,0.0,0.0016247442532194,5,0.0,1
877,8,1,0,0.0,0.0016247442532194,5,0.0,1
878,8,1,0,0.0,0.0016247442532194,5,0.0,1
879,8,1,0,0.0,0.0016247442532194,5,0.0,1
880,8,1,0,0.0102286401925391,0.0036707184980142,3,0.0,1
881,8,1,0,0.0,0.0036707184980142,5,0.0,1
882,8,1,0,0.0,0.0,5,0.0,1
883,8,1,0,0.0,0.0,5,0.0,1
884,8,1,0,0.0,0.0,5,0.0,1
885,8,1,0,0.0,0.0,5,0.0,1
886,8,1,0,0.0,0.0,5,0.0,1
887,8,1,0,0.0,0.0,5,0.0,1
888,8,1,0,0.0,0.0,5,0.0,1
889,8,1,0,0.0,0.0,5,0.0,1
890,8,1,0,0.0117328519855595,0.0023468528102058,3,0.0,1
891,8,1,0,0.0,0.0023468528102058,5,0.0,1
892,8,1,0,0.00661853188929,0.0036707184980142,3,0.0,1
893,8,1,0,0.0171480144404332,0.0071007341436996,3,0.0,1
894,8,1,0,0.0,0.0071007341436996,5,0.0,1
895,8,1,0,0.0,0.0071007341436996,5,0.0,1
896,8,1,0,0.0,0.0071007341436996,5,0.0,1
897,8,1,0,0.0,0.0071007341436996,5,0.0,1
898,8,1,0,0.0,0.0071007341436996,5,0.0,1
899,8,1,0,0.0,0.0071007341436996,5,0.0,1
900,8,1,0,0.0,0.0071007341436996,5,0.0,1
901,8,1,0,0.0,0.0071007341436996,5,0.0,1
902,8,1,0,0.0,0.0071007341436996,5,0.0,1
903,8,1,0,0.0,0.0071007341436996,5,0.0,1
904,8,1,0,0.0,0.0071007341436996,5,0.0,1
905,8,1,0,0.0,0.0071007341436996,5,0.0,1
906,8,1,0,0.0,0.0071007341436996,5,0.0,1
907,8,1,0,0.0030084235860409,0.0077024912745216,3,0.0,1
908,8,1,0,0.0,0.0077024912745216,5,0.0,1
909,8,1,0,0.0,0.0077024912745216,5,0.0,1
910,8,1,0,0.0,0.0077024912745216,5,0.0,1
911,8,1,0,0.0,0.0077024912745216,5,0.0,1
912,8,1,0,0.0,0.0,5,0.0,1
913,8,1,0,0.0201564380264741,0.0040317727765074,3,0.0,1
914,8,1,0,0.0,0.0040317727765074,5,0.0,1
915,8,1,0,0.0,0.0040317727765074,5,0.0,1
916,8,1,0,0.0,0.0040317727765074,5,0.0,1
917,8,1,0,0.0,0.0040317727765074,5,0.0,1
918,8,1,0,0.0,0.0040317727765074,5,0.0,1
919,8,1,0,0.0,0.0040317727765074,5,0.0,1
920,8,1,0,0.0,0.0040317727765074,5,0.0,1
921,8,1,0,0.0174488567990373,0.007521964135275,3,0.0,1
922,8,1,0,0.0,0.007521964135275,5,0.0,1
923,8,1,0,0.0,0.007521964135275,5,0.0,1
924,8,1,0,0.0,0.007521964135275,5,0.0,1
925,8,1,0,0.0072202166064981,0.0089661812492478,3,0.0,1
926,8,1,0,0.0,0.0089661812492478,5,0.0,1
927,8,1,0,0.0773164861612515,0.0244313395113732,4,0.0,2
928,8,1,0,0.0045126353790613,0.0253339752076062,3,0.0,1
929,8,1,0,0.0,0.0253339752076062,5,0.0,1
930,8,1,0,0.0,0.0253339752076062,5,0.0,1
931,8,1,0,0.0,0.0253339752076062,5,0.0,1
932,8,1,0,0.0,0.0253339752076062,5,0.0,1
933,8,1,0,0.0156438026474127,0.0284631122878806,3,0.0,1
934,8,1,0,0.0,0.0284631122878806,5,0.0,1
935,8,1,0,0.0,0.0284631122878806,5,0.0,1
936,8,1,0,0.0,0.0284631122878806,5,0.0,1
937,8,1,0,0.0,0.0284631122878806,5,0.0,1
938,8,1,0,0.0,0.0284631122878806,5,0.0,1
939,8,1,0,0.0,0.0284631122878806,5,0.0,1
940,8,1,0,0.0087244283995186,0.0302082079672644,3,0.0,1
941,8,1,0,0.0006016847172081,0.0303285593934288,3,0.0,1
942,8,1,0,0.0,0.0303285593934288,5,0.0,1
943,8,1,0,0.0,0.0,5,0.0,1
944,8,1,0,0.0060168471720818,0.001203514261644,3,0.0,1
945,8,1,0,0.0,0.001203514261644,5,0.0,1
946,8,1,0,0.0147412755716004,0.0041521242026718,3,0.0,1
947,8,1,0,0.0,0.0041521242026718,5,0.0,1
948,8,1,0,0.0063176895306859,0.005415814177398,3,0.0,1
949,8,1,0,0.0361010830324909,0.012636899747262,4,0.0,1
950,8,1,0,0.0556558363417569,0.023769406667469,4,0.0,2
951,8,1,0,0.0276774969915764,0.0293055722710314,4,0.0,1
952,8,1,0,0.0,0.0293055722710314,5,0.0,1
953,8,1,0,0.0,0.0293055722710314,5,0.0,1
954,8,1,0,0.0,0.0293055722710314,5,0.0,1
955,8,1,0,0.0,0.0293055722710314,5,0.0,1
956,8,1,0,0.0048134777376654,0.0302683836803466,3,0.0,1
957,8,1,0,0.0,0.0302683836803466,5,0.0,1
958,8,1,0,0.0,0.0302683836803466,5,0.0,1
959,8,1,0,0.0,0.0302683836803466,5,0.0,1
960,8,1,0,0.0021058965102286,0.030689613671922,3,0.0,1
961,8,1,0,0.0,0.030689613671922,5,0.0,1
962,8,1,0,0.0324909747292418,0.0371885906847996,4,0.0,1
963,8,1,0,0.0,0.0371885906847996,5,0.0,1
964,8,1,0,0.0,0.0371885906847996,5,0.0,1
965,8,1,0,0.0279783393501805,0.0427849320014442,4,0.0,1
966,8,1,0,0.0,0.0427849320014442,5,0.0,1
967,8,1,0,0.0,0.0427849320014442,5,0.0,1
968,8,1,0,0.0,0.0427849320014442,5,0.0,1
969,8,1,0,0.0,0.0427849320014442,5,0.0,1
970,8,1,0,0.0,0.0427849320014442,5,0.0,1
971,8,1,0,0.0,0.0427849320014442,5,0.0,1
972,8,1,0,0.0722021660649819,0.0572271031411722,4,0.0,2
973,8,1,0,0.0,0.0572271031411722,5,0.0,1
974,8,1,0,0.0,0.0,5,0.0,1
975,8,1,0,0.0,0.0,5,0.0,1
976,8,1,0,0.0,0.0,5,0.0,1
977,8,1,0,0.0,0.0,5,0.0,1
978,8,1,0,0.0354993983152827,0.0071007341436996,4,0.0,1
979,8,1,0,0.0,0.0071007341436996,5,0.0,1
980,8,1,0,0.0,0.0071007341436996,5,0.0,1
981,8,1,0,0.0,0.0071007341436996,5,0.0,1
982,8,1,0,0.03309265944645,0.0137200625827416,4,0.0,1
983,8,1,0,0.0237665463297232,0.0184739439162354,4,0.0,1
984,8,1,0,0.0,0.0184739439162354,5,0.0,1
985,8,1,0,0.0,0.0184739439162354,5,0.0,1
986,8,1,0,0.0,0.0184739439162354,5,0.0,1
987,8,1,0,0.0,0.0184739439162354,5,0.0,1
988,8,1,0,0.0,0.0184739439162354,5,0.0,1
989,8,1,0,0.0,0.0184739439162354,5,0.0,1
990,8,1,0,0.0,0.0184739439162354,5,0.0,1
991,8,1,0,0.0252707581227436,0.0235287038151402,4,0.0,1
992,8,1,0,0.0,0.0235287038151402,5,0.0,1
993,8,1,0,0.0,0.0235287038151402,5,0.0,1
994,8,1,0,0.0078219013237063,0.0250932723552774,3,0.0,1
995,8,1,0,0.0111311672683513,0.0273197737393188,3,0.0,1
996,8,1,0,0.0,0.0273197737393188,5,0.0,1
997,8,1,0,0.0093261131167268,0.029185220844867,3,0.0,1
998,8,1,0,0.0024067388688327,0.0296666265495246,3,0.0,1
999,8,1,0,0.0,0.0296666265495246,5,0.0,1
1000,8,1,0,0.0,0.0296666265495246,5,0.0,1
1001,8,1,0,0.0339951865222623,0.0364664821278132,4,0.0,1
1002,8,1,0,0.0,0.0364664821278132,5,0.0,1
1003,8,1,0,0.0740072202166065,0.0512697075460344,4,0.0,2
1004,8,1,0,0.0,0.0,5,0.0,1
1005,8,1,0,0.0,0.0,5,0.0,1
1006,8,1,0,0.0,0.0,5,0.0,1
1007,8,1,0,0.0,0.0,5,0.0,1
1008,8,1,0,0.0018050541516245,0.0003610542784932,3,0.0,1
1009,8,1,0,0.0,0.0003610542784932,5,0.0,1
1010,8,1,0,0.0,0.0003610542784932,5,0.0,1
1011,8,1,0,0.003309265944645,0.0010229871223974,3,0.0,1
1012,8,1,0,0.0,0.0010229871223974,5,0.0,1
1013,8,1,0,0.0,0.0010229871223974,5,0.0,1
1014,8,1,0,0.0,0.0010229871223974,5,0.0,1
1015,8,1,0,0.0,0.0010229871223974,5,0.0,1
1016,8,1,0,0.0,0.0010229871223974,5,0.0,1
1017,8,1,0,0.0156438026474127,0.0041521242026718,3,0.0,1
1018,8,1,0,0.0,0.0041521242026718,5,0.0,1
1019,8,1,0,0.0102286401925391,0.0061980984474666,3,0.0,1
1020,8,1,0,0.0111311672683513,0.008424599831508,3,0.0,1
1021,8,1,0,0.000300842358604,0.0084847755445902,3,0.0,1
1022,8,1,0,0.0,0.0084847755445902,5,0.0,1
1023,8,1,0,0.0,0.0084847755445902,5,0.0,1
1024,8,1,0,0.0,0.0084847755445902,5,0.0,1
1025,8,1,0,0.0,0.0084847755445902,5,0.0,1
1026,8,1,0,0.0,0.0084847755445902,5,0.0,1
1027,8,1,0,0.0,0.0084847755445902,5,0.0,1
1028,8,1,0,0.0,0.0084847755445902,5,0.0,1
1029,8,1,0,0.0105294825511432,0.0105909255024672,3,0.0,1
1030,8,1,0,0.0,0.0105909255024672,5,0.0,1
1031,8,1,0,0.0,0.0105909255024672,5,0.0,1
1032,8,1,0,0.0,0.0105909255024672,5,0.0,1
1033,8,1,0,0.0093261131167268,0.0124563726080154,3,0.0,1
1034,8,1,0,0.0006016847172081,0.0125767240341798,3,0.0,1
1035,8,1,0,0.0,0.0,5,0.0,1
1036,8,1,0,0.0,0.0,5,0.0,1
1037,8,1,0,0.0063176895306859,0.0012636899747262,3,0.0,1
1038,8,1,0,0.0,0.0012636899747262,5,0.0,1
1039,8,1,0,0.0,0.0012636899747262,5,0.0,1
1040,8,1,0,0.0,0.0012636899747262,5,0.0,1
1041,8,1,0,0.0,0.0012636899747262,5,0.0,1
1042,8,1,0,0.0024067388688327,0.0017450956793838,3,0.0,1
1043,8,1,0,0.0,0.0017450956793838,5,0.0,1
1044,8,1,0,0.0,0.0017450956793838,5,0.0,1
1045,8,1,0,0.0,0.0017450956793838,5,0.0,1
1046,8,1,0,0.01985559566787,0.005716692742809,3,0.0,1
1047,8,1,0,0.0,0.005716692742809,5,0.0,1
1048,8,1,0,0.0,0.005716692742809,5,0.0,1
1049,8,1,0,0.0,0.005716692742809,5,0.0,1
1050,8,1,0,0.0,0.005716692742809,5,0.0,1
1051,8,1,0,0.0,0.005716692742809,5,0.0,1
1052,8,1,0,0.0,0.005716692742809,5,0.0,1
1053,8,1,0,0.0,0.005716692742809,5,0.0,1
1054,8,1,0,0.0,0.005716692742809,5,0.0,1
1055,8,1,0,0.0,0.005716692742809,5,0.0,1
1056,8,1,0,0.0,0.005716692742809,5,0.0,1
1057,8,1,0,0.0,0.005716692742809,5,0.0,1
1058,8,1,0,0.0,0.005716692742809,5,0.0,1
1059,8,1,0,0.0,0.005716692742809,5,0.0,1
1060,8,1,0,0.0,0.005716692742809,5,0.0,1
1061,8,1,0,0.0,0.005716692742809,5,0.0,1
1062,8,1,0,0.0,0.005716692742809,5,0.0,1
1063,8,1,0,0.0,0.005716692742809,5,0.0,1
1064,8,1,0,0.0075210589651022,0.007221085569864,3,0.0,1
1065,8,1,0,0.0,0.0,5,0.0,1
1066,8,1,0,0.0,0.0,5,0.0,1
1067,8,1,0,0.0,0.0,5,0.0,1
1068,8,1,0,0.0,0.0,5,0.0,1
1069,8,1,0,0.0,0.0,5,0.0,1
1070,8,1,0,0.0,0.0,5,0.0,1
1071,8,1,0,0.0,0.0,5,0.0,1
1072,8,1,0,0.0,0.0,5,0.0,1
1073,8,1,0,0.0,0.0,5,0.0,1
1074,8,1,0,0.0,0.0,5,0.0,1
1075,8,1,0,0.0,0.0,5,0.0,1
1076,8,1,0,0.0,0.0,5,0.0,1
1077,8,1,0,0.0,0.0,5,0.0,1
1078,8,1,0,0.0,0.0,5,0.0,1
1079,8,1,0,0.0,0.0,5,0.0,1
1080,8,1,0,0.0,0.0,5,0.0,1
1081,8,1,0,0.0,0.0,5,0.0,1
1082,8,1,0,0.0,0.0,5,0.0,1
1083,8,1,0,0.0,0.0,5,0.0,1
1084,8,1,0,0.0,0.0,5,0.0,1
1085,8,1,0,0.0,0.0,5,0.0,1
1086,8,1,0,0.0,0.0,5,0.0,1
1087,8,1,0,0.0,0.0,5,0.0,1
1088,8,1,0,0.0,0.0,5,0.0,1
1089,8,1,0,0.0,0.0,5,0.0,1
1090,8,1,0,0.0,0.0,5,0.0,1
1091,8,1,0,0.0,0.0,5,0.0,1
1092,8,1,0,0.0,0.0,5,0.0,1
1093,8,1,0,0.0,0.0,5,0.0,1
1094,8,1,0,0.0,0.0,5,0.0,1
1095,8,1,0,0.0,0.0,5,0.0,1
1096,8,1,3,0.0,0.0,5,0.0,1
1097,8,1,3,0.0,0.0,5,0.0,1
1098,8,1,3,0.0351985559566787,0.0070405584306174,4,0.0,1
1099,8,1,3,0.0,0.0070405584306174,5,0.0,1
1100,8,1,3,0.0,0.0070405584306174,5,0.0,1
1101,8,1,3,0.0,0.0070405584306174,5,0.0,1
1102,8,1,3,0.0,0.0070405584306174,5,0.0,1
1103,8,1,3,0.0,0.0070405584306174,5,0.0,1
1104,8,1,3,0.0,0.0070405584306174,5,0.0,1
1105,8,1,3,0.0,0.0070405584306174,5,0.0,1
1106,8,1,3,0.0,0.0070405584306174,5,0.0,1
1107,8,1,3,0.0,0.0070405584306174,5,0.0,1
1108,8,1,3,0.0,0.0070405584306174,5,0.0,1
1109,8,1,3,0.0,0.0070405584306174,5,0.0,1
1110,8,1,3,0.0,0.0070405584306174,5,0.0,1
1111,8,1,3,0.0,0.0070405584306174,5,0.0,1
1112,8,1,3,0.0,0.0070405584306174,5,0.0,1
1113,8,1,3,0.0,0.0070405584306174,5,0.0,1
1114,8,1,3,0.0,0.0070405584306174,5,0.0,1
1115,8,1,3,0.0,0.0070405584306174,5,0.0,1
1116,8,1,3,0.0,0.0070405584306174,5,0.0,1
1117,8,1,3,0.0,0.0070405584306174,5,0.0,1
1118,8,1,3,0.0,0.0070405584306174,5,0.0,1
1119,8,1,3,0.0,0.0070405584306174,5,0.0,1
1120,8,1,3,0.0,0.0070405584306174,5,0.0,1
1121,8,1,3,0.0,0.0070405584306174,5,0.0,1
1122,8,1,3,0.0129362214199759,0.009628114093152,3,0.0,1
1123,8,1,3,0.0,0.009628114093152,5,0.0,1
1124,8,1,3,0.0,0.009628114093152,5,0.0,1
1125,8,1,3,0.0,0.009628114093152,5,0.0,1
1126,8,1,3,0.0,0.009628114093152,5,0.0,1
1127,8,1,3,0.0,0.0,5,0.0,1
1128,8,1,3,0.0,0.0,5,0.0,1
1129,8,1,3,0.0,0.0,5,0.0,1
1130,8,1,3,0.0,0.0,5,0.0,1
1131,8,1,3,0.0,0.0,5,0.0,1
1132,8,1,3,0.0,0.0,5,0.0,1
1133,8,1,3,0.0,0.0,5,0.0,1
1134,8,1,3,0.0562575210589651,0.0112528583463714,4,0.0,2
1135,8,1,3,0.0,0.0112528583463714,5,0.0,1
1136,8,1,3,0.0,0.0112528583463714,5,0.0,1
1137,8,1,3,0.0,0.0112528583463714,5,0.0,1
1138,8,1,3,0.0,0.0112528583463714,5,0.0,1
1139,8,1,3,0.0015042117930204,0.0115537369117824,3,0.0,1
1140,8,1,3,0.0,0.0115537369117824,5,0.0,1
1141,8,1,3,0.0,0.0115537369117824,5,0.0,1
1142,8,1,3,0.0,0.0115537369117824,5,0.0,1
1143,8,1,3,0.0,0.0115537369117824,5,0.0,1
1144,8,1,3,0.0,0.0115537369117824,5,0.0,1
1145,8,1,3,0.0,0.0115537369117824,5,0.0,1
1146,8,1,3,0.0493381468110709,0.0214225538572632,4,0.0,2
1147,8,1,3,0.0,0.0214225538572632,5,0.0,1
1148,8,1,3,0.0,0.0214225538572632,5,0.0,1
1149,8,1,3,0.0,0.0214225538572632,5,0.0,1
1150,8,1,3,0.0,0.0214225538572632,5,0.0,1
1151,8,1,3,0.0,0.0214225538572632,5,0.0,1
1152,8,1,3,0.0,0.0214225538572632,5,0.0,1
1153,8,1,3,0.0,0.0214225538572632,5,0.0,1
1154,8,1,3,0.0,0.0214225538572632,5,0.0,1
1155,8,1,3,0.0,0.0,5,0.0,1
1156,8,1,3,0.0,0.0,5,0.0,1
1157,8,1,3,0.0,0.0,5,0.0,1
1158,8,1,3,0.0,0.0,5,0.0,1
1159,8,1,3,0.0,0.0,5,0.0,1
1160,8,1,3,0.0,0.0,5,0.0,1
1161,8,1,3,0.0084235860409145,0.0016849199663016,3,0.0,1
1162,8,1,3,0.0,0.0016849199663016,5,0.0,1
1163,8,1,3,0.0,0.0016849199663016,5,0.0,1
1164,8,1,3,0.0,0.0016849199663016,5,0.0,1
1165,8,1,3,0.0,0.0016849199663016,5,0.0,1
1166,8,1,3,0.0,0.0016849199663016,5,0.0,1
1167,8,1,3,0.0,0.0016849199663016,5,0.0,1
1168,8,1,3,0.0,0.0016849199663016,5,0.0,1
1169,8,1,3,0.0,0.0016849199663016,5,0.0,1
1170,8,1,3,0.0,0.0016849199663016,5,0.0,1
1171,8,1,3,0.0,0.0016849199663016,5,0.0,1
1172,8,1,3,0.0,0.0016849199663016,5,0.0,1
1173,8,1,3,0.0,0.0016849199663016,5,0.0,1
1174,8,1,3,0.0,0.0016849199663016,5,0.0,1
1175,8,1,3,0.0,0.0016849199663016,5,0.0,1
1176,8,1,3,0.0,0.0016849199663016,5,0.0,1
1177,8,1,3,0.0,0.0016849199663016,5,0.0,1
1178,8,1,3,0.0574608904933814,0.0131784811650018,4,0.0,2
1179,8,1,3,0.0,0.0131784811650018,5,0.0,1
1180,8,1,3,0.0,0.0131784811650018,5,0.0,1
1181,8,1,3,0.0015042117930204,0.0134793597304128,3,0.0,1
1182,8,1,3,0.0,0.0134793597304128,5,0.0,1
1183,8,1,3,0.0,0.0134793597304128,5,0.0,1
1184,8,1,3,0.0,0.0134793597304128,5,0.0,1
1185,8,1,3,0.0,0.0134793597304128,5,0.0,1
1186,8,1,3,0.0,0.0,5,0.0,1
1187,8,1,3,0.0,0.0,5,0.0,1
1188,8,1,3,0.0,0.0,5,0.0,1
1189,8,1,3,0.0,0.0,5,0.0,1
1190,8,1,3,0.0,0.0,5,0.0,1
1191,8,1,3,0.0607701564380264,0.0121554940426044,4,0.0,2
1192,8,1,3,0.0,0.0121554940426044,5,0.0,1
1193,8,1,3,0.0,0.0121554940426044,5,0.0,1
1194,8,1,3,0.0,0.0121554940426044,5,0.0,1
1195,8,1,3,0.0,0.0121554940426044,5,0.0,1
1196,8,1,3,0.0090252707581227,0.0139607654350704,3,0.0,1
1197,8,1,3,0.0054151624548736,0.01504392827055,3,0.0,1
1198,8,1,3,0.0,0.01504392827055,5,0.0,1
1199,8,1,3,0.0,0.01504392827055,5,0.0,1
1200,8,1,3,0.0,0.01504392827055,5,0.0,1
1201,8,1,3,0.0,0.01504392827055,5,0.0,1
1202,8,1,3,0.0,0.01504392827055,5,0.0,1
1203,8,1,3,0.0,0.01504392827055,5,0.0,1
1204,8,1,3,0.0,0.01504392827055,5,0.0,1
1205,8,1,3,0.0054151624548736,0.0161270911060296,3,0.0,1
1206,8,1,3,0.0,0.0161270911060296,5,0.0,1
1207,8,1,3,0.0048134777376654,0.0170899025153448,3,0.0,1
1208,8,1,3,0.0,0.0170899025153448,5,0.0,1
1209,8,1,3,0.0,0.0170899025153448,5,0.0,1
1210,8,1,3,0.0276774969915764,0.0226260681189072,4,0.0,1
1211,8,1,3,0.0,0.0226260681189072,5,0.0,1
1212,8,1,3,0.0327918170878459,0.029185220844867,4,0.0,1
1213,8,1,3,0.0,0.029185220844867,5,0.0,1
1214,8,1,3,0.0156438026474127,0.0323143579251414,3,0.0,1
1215,8,1,3,0.0,0.0323143579251414,5,0.0,1
1216,8,1,3,0.0,0.0,5,0.0,1
1217,8,1,3,0.0,0.0,5,0.0,1
1218,8,1,3,0.0,0.0,5,0.0,1
1219,8,1,3,0.0006016847172081,0.0001203514261644,3,0.0,1
1220,8,1,3,0.0,0.0001203514261644,5,0.0,1
1221,8,1,3,0.0,0.0001203514261644,5,0.0,1
1222,8,1,3,0.0,0.0001203514261644,5,0.0,1
1223,8,1,3,0.0,0.0001203514261644,5,0.0,1
1224,8,1,3,0.0,0.0001203514261644,5,0.0,1
1225,8,1,3,0.0,0.0001203514261644,5,0.0,1
1226,8,1,3,0.0,0.0001203514261644,5,0.0,1
1227,8,1,3,0.0,0.0001203514261644,5,0.0,1
1228,8,1,3,0.0,0.0001203514261644,5,0.0,1
1229,8,1,3,0.0,0.0001203514261644,5,0.0,1
1230,8,1,3,0.0,0.0001203514261644,5,0.0,1
1231,8,1,3,0.0114320096269554,0.002407028523288,3,0.0,1
1232,8,1,3,0.0,0.002407028523288,5,0.0,1
1233,8,1,3,0.0,0.002407028523288,5,0.0,1
1234,8,1,3,0.0,0.002407028523288,5,0.0,1
1235,8,1,3,0.0,0.002407028523288,5,0.0,1
1236,8,1,3,0.0072202166064981,0.0038512456372608,3,0.0,1
1237,8,1,3,0.0,0.0038512456372608,5,0.0,1
1238,8,1,3,0.0,0.0038512456372608,5,0.0,1
1239,8,1,3,0.0,0.0038512456372608,5,0.0,1
1240,8,1,3,0.0,0.0038512456372608,5,0.0,1
1241,8,1,3,0.0336943441636582,0.0105909255024672,4,0.0,1
1242,8,1,3,0.0,0.0105909255024672,5,0.0,1
1243,8,1,3,0.0,0.0105909255024672,5,0.0,1
1244,8,1,3,0.0,0.0105909255024672,5,0.0,1
1245,8,1,3,0.0021058965102286,0.0110121554940426,3,0.0,1
1246,8,1,3,0.0,0.0110121554940426,5,0.0,1
1247,8,1,3,0.1299638989169675,0.0259959080515104,2,0.0,0
1248,8,1,3,0.1281588447653429,0.0516307618245276,2,0.0,0
1249,8,1,3,0.0273766546329723,0.0571067517150078,4,0.0,1
1250,8,1,3,0.0442238267148014,0.0659525815380912,4,0.0,1
1251,8,1,3,0.0499398315282791,0.0759417499097364,4,0.0,2
1252,8,1,3,0.0544524669073405,0.0868335539776146,4,0.0,2
1253,8,1,3,0.069193742478941,0.1006739679865206,4,0.0,2
1254,8,1,3,0.2229241877256317,0.1452641713804308,6,0.3333333333333333,0
1255,8,1,3,0.1074007220216606,0.1667469009507762,2,0.0,0
1256,8,1,3,0.0670878459687124,0.1801660849681068,4,0.0,2
1257,8,1,3,0.0833333333333333,0.1968347574918763,4,0.0,2
1258,8,1,3,0.0508423586040914,0.207004453002768,4,0.0,2
1259,8,1,3,0.0090252707581227,0.208809724395234,3,0.0,1
1260,8,1,3,0.125150421179302,0.2338428210374293,2,0.0,0
1261,8,1,3,0.2202166064981949,0.2778914430135997,6,0.3333333333333333,0
1262,8,1,3,0.0018050541516245,0.2782524972920929,3,0.0,1
1263,8,1,3,0.03309265944645,0.2848718257311349,4,0.0,1
1264,8,1,3,0.0,0.2848718257311349,5,0.0,1
1265,8,1,3,0.003309265944645,0.2855337585750391,3,0.0,1
1266,8,1,3,0.1058965102286402,0.3067156095799735,4,0.0,0
1267,8,1,3,0.0,0.3067156095799735,5,0.0,1
1268,8,1,3,0.0388086642599278,0.3144782765675773,4,0.0,1
1269,8,1,3,0.0,0.3144782765675773,5,0.0,1
1270,8,1,3,0.3279181708784597,0.3800698038271753,6,0.3333333333333333,0
1271,8,1,3,0.0102286401925391,0.3821157780719701,3,0.0,1
1272,8,1,3,0.1025872442839952,0.4026356962330004,4,0.0,2
1273,8,1,3,0.0,0.4026356962330004,5,0.0,1
1274,8,1,3,0.0324909747292418,0.4091346732458779,4,0.0,1
1275,8,1,3,0.0478339350180505,0.4187026116259477,4,0.0,2
1276,8,1,3,0.0574608904933814,0.4301961728246479,4,0.0,2
1277,8,1,3,0.0117328519855595,0.0023468528102058,3,0.0,1
1278,8,1,3,0.0848375451263537,0.0193164038993862,4,0.0,2
1279,8,1,3,0.0234657039711191,0.0240101095197978,4,0.0,1
1280,8,1,3,0.0556558363417569,0.0351426164400048,4,0.0,2
1281,8,1,3,0.0649819494584837,0.04814057046576,4,0.0,2
1282,8,1,3,0.1031889290012033,0.0687808400529546,4,0.0,2
1283,8,1,3,0.1293622141997593,0.0946563966783006,2,0.0,0
1284,8,1,3,0.0276774969915764,0.100192562281863,4,0.0,1
1285,8,1,3,0.0111311672683513,0.1024190636659044,3,0.0,1
1286,8,1,3,0.0529482551143201,0.1130099891683716,4,0.0,2
1287,8,1,3,0.016546329723225,0.1163196533878926,3,0.0,1
1288,8,1,3,0.0069193742478941,0.1177036947887832,3,0.0,1
1289,8,1,3,0.0833333333333333,0.1343723673125526,4,0.0,2
1290,8,1,3,0.0096269554753309,0.136297990131183,3,0.0,1
1291,8,1,3,0.0192539109506618,0.1401492357684438,3,0.0,1
1292,8,1,3,0.0,0.1401492357684438,5,0.0,1
1293,8,1,3,0.095667870036101,0.1592851125285834,4,0.0,2
1294,8,1,3,0.1380866425992779,0.1869057648333132,2,0.0,0
1295,8,1,3,0.0550541516245487,0.1979179203273558,4,0.0,2
1296,8,1,3,0.0358002406738868,0.2050788301841377,4,0.0,1
1297,8,1,3,0.0764139590854392,0.2203634613070164,4,0.0,2
1298,8,1,3,0.00661853188929,0.2216873269948248,3,0.0,1
1299,8,1,3,0.0246690734055354,0.2266217354675653,4,0.0,1
1300,8,1,3,0.0243682310469314,0.2314959682272235,4,0.0,1
1301,8,1,3,0.0,0.2314959682272235,5,0.0,1
1302,8,1,3,0.1501203369434416,0.2615236490552413,2,0.0,0
1303,8,1,3,0.0,0.2615236490552413,5,0.0,1
1304,8,1,3,0.0216606498194945,0.2658563003971597,3,0.0,1
1305,8,1,3,0.0424187725631768,0.2743410759417499,4,0.0,1
1306,8,1,3,0.0240673886883273,0.2791551329883259,4,0.0,1
1307,8,1,3,0.0159446450060168,0.2823444457816825,3,0.0,1
1308,8,1,3,0.0391095066185318,0.007822842700686,4,0.0,1
1309,8,1,3,0.0156438026474127,0.0109519797809604,3,0.0,1
1310,8,1,3,0.0180505415162454,0.0145625225658924,3,0.0,1
1311,8,1,3,0.0207581227436823,0.0187146467685642,3,0.0,1
1312,8,1,3,0.0893501805054151,0.0365868335539776,4,0.0,2
1313,8,1,3,0.0186522262334536,0.040317727765074,3,0.0,1
1314,8,1,3,0.0929602888086642,0.0589120231074738,4,0.0,2
1315,8,1,3,0.0490373044524669,0.0687206643398724,4,0.0,2
1316,8,1,3,0.0574608904933814,0.0802142255385726,4,0.0,2
1317,8,1,3,0.1540312876052948,0.111024190636659,2,0.0,0
1318,8,1,3,0.0,0.111024190636659,5,0.0,1
1319,8,1,3,0.0219614921780986,0.1154170176916596,3,0.0,1
1320,8,1,3,0.03309265944645,0.1220363461307016,4,0.0,1
1321,8,1,3,0.0309867629362214,0.1282344445781682,4,0.0,1
1322,8,1,3,0.1344765342960289,0.1551329883259116,2,0.0,0
1323,8,1,3,0.1895306859205776,0.1930436875676976,2,0.0,0
1324,8,1,3,0.03309265944645,0.1996630160067397,4,0.0,1
1325,8,1,3,0.0941636582430806,0.2184980142014683,4,0.0,2
1326,8,1,3,0.0153429602888086,0.2215669755686604,3,0.0,1
1327,8,1,3,0.1140192539109506,0.2443735708268143,2,0.0,0
1328,8,1,3,0.0,0.2443735708268143,5,0.0,1
1329,8,1,3,0.0436221419975932,0.2530990492237333,4,0.0,1
1330,8,1,3,0.0141395908543922,0.2559273077385967,3,0.0,1
1331,8,1,3,0.0385078219013237,0.2636297990131183,4,0.0,1
1332,8,1,3,0.0060168471720818,0.2648333132747623,3,0.0,1
1333,8,1,3,0.0598676293622141,0.2768082801781201,4,0.0,2
1334,8,1,3,0.0219614921780986,0.2812011072331207,3,0.0,1
1335,8,1,3,0.0529482551143201,0.2917920327355879,4,0.0,2
1336,8,1,3,0.125150421179302,0.3168251293777831,2,0.0,0
1337,8,1,3,0.0,0.3168251293777831,5,0.0,1
1338,8,1,3,0.0114320096269554,0.3191118064749066,3,0.0,1
1339,8,1,3,0.0661853188929001,0.013238656878084,4,0.0,2
1340,8,1,3,0.0315884476534296,0.019557106751715,4,0.0,1
1341,8,1,3,0.0243682310469314,0.0244313395113732,4,0.0,1
1342,8,1,3,0.0180505415162454,0.0280418822963052,3,0.0,1
1343,8,1,3,0.0042117930204572,0.028884342279456,3,0.0,1
1344,8,1,3,0.3047533092659446,0.0898423396317246,6,0.3333333333333333,0
1345,8,1,3,0.0,0.0898423396317246,5,0.0,1
1346,8,1,3,0.0144404332129963,0.0927307738596702,3,0.0,1
1347,8,1,3,0.0030084235860409,0.0933325309904922,3,0.0,1
1348,8,1,3,0.0,0.0933325309904922,5,0.0,1
1349,8,1,3,0.0538507821901323,0.104103983632206,4,0.0,2
1350,8,1,3,0.1561371841155234,0.1353351787218678,2,0.0,0
1351,8,1,3,0.0051143200962695,0.1363581658442652,3,0.0,1
1352,8,1,3,0.1904332129963898,0.1744493922252978,2,0.0,0
1353,8,1,3,0.0054151624548736,0.1755325550607774,3,0.0,1
1354,8,1,3,0.1134175691937424,0.1982187988927668,2,0.0,0
1355,8,1,3,0.03309265944645,0.2048381273318088,4,0.0,1
1356,8,1,3,0.0075210589651022,0.2063425201588638,3,0.0,1
1357,8,1,3,0.0252707581227436,0.2113972800577687,4,0.0,1
1358,8,1,3,0.0,0.2113972800577687,5,0.0,1
1359,8,1,3,0.0027075812274368,0.2119388614755084,3,0.0,1
1360,8,1,3,0.0514440433212996,0.2222289084125646,4,0.0,2
1361,8,1,3,0.0541516245487364,0.2330605367673607,4,0.0,2
1362,8,1,3,0.0,0.2330605367673607,5,0.0,1
1363,8,1,3,0.1236462093862816,0.2577927548441449,2,0.0,0
1364,8,1,3,0.0063176895306859,0.2590564448188711,3,0.0,1
1365,8,1,3,0.0108303249097472,0.2612227704898303,3,0.0,1
1366,8,1,3,0.0436221419975932,0.2699482488867493,4,0.0,1
1367,8,1,3,0.0276774969915764,0.2754844144903117,4,0.0,1
1368,8,1,3,0.0144404332129963,0.2783728487182573,3,0.0,1
1369,8,1,3,0.0,0.0,5,0.0,1
1370,8,1,3,0.0078219013237063,0.0015645685401372,3,0.0,1
1371,8,1,3,0.0,0.0015645685401372,5,0.0,1
1372,8,1,3,0.0105294825511432,0.0036707184980142,3,0.0,1
1373,8,1,3,0.0114320096269554,0.0059573955951378,3,0.0,1
1374,8,1,3,0.0072202166064981,0.0074016127091106,3,0.0,1
1375,8,1,3,0.0282791817087845,0.0130581297388374,4,0.0,1
1376,8,1,3,0.0451263537906137,0.0220844867011674,4,0.0,1
1377,8,1,3,0.0087244283995186,0.0238295823805512,3,0.0,1
1378,8,1,3,0.003610108303249,0.0245516909375376,3,0.0,1
1379,8,1,3,0.0039109506618531,0.0253339752076062,3,0.0,1
1380,8,1,3,0.0550541516245487,0.0363461307016488,4,0.0,2
1381,8,1,3,0.0171480144404332,0.0397761463473342,3,0.0,1
1382,8,1,3,0.0051143200962695,0.0407991334697316,3,0.0,1
1383,8,1,3,0.0240673886883273,0.0456131905163076,4,0.0,1
1384,8,1,3,0.0,0.0456131905163076,5,0.0,1
1385,8,1,3,0.0090252707581227,0.0474184619087736,3,0.0,1
1386,8,1,3,0.0120336943441636,0.0498254904320616,3,0.0,1
1387,8,1,3,0.0261732851985559,0.055060777470213,4,0.0,1
1388,8,1,3,0.0,0.055060777470213,5,0.0,1
1389,8,1,3,0.0123345367027677,0.0575279817065832,3,0.0,1
1390,8,1,3,0.0,0.0575279817065832,5,0.0,1
1391,8,1,3,0.0,0.0575279817065832,5,0.0,1
1392,8,1,3,0.0012033694344163,0.057768684558912,3,0.0,1
1393,8,1,3,0.0445246690734055,0.0666746900950776,4,0.0,1
1394,8,1,3,0.0445246690734055,0.0755806956312432,4,0.0,1
1395,8,1,3,0.0,0.0755806956312432,5,0.0,1
1396,8,1,3,0.01985559566787,0.0795522926946684,3,0.0,1
1397,8,1,3,0.0012033694344163,0.0797929955469972,3,0.0,1
1398,8,1,3,0.0,0.0797929955469972,5,0.0,1
1399,8,1,3,0.003309265944645,0.0804549283909014,3,0.0,1
1400,8,1,3,0.0,0.0,5,0.0,1
1401,8,1,3,0.0,0.0,5,0.0,1
1402,8,1,3,0.0,0.0,5,0.0,1
1403,8,1,3,0.0,0.0,5,0.0,1
1404,8,1,3,0.0,0.0,5,0.0,1
1405,8,1,3,0.0,0.0,5,0.0,1
1406,8,1,3,0.0,0.0,5,0.0,1
1407,8,1,3,0.0,0.0,5,0.0,1
1408,8,1,3,0.0,0.0,5,0.0,1
1409,8,1,3,0.0324909747292418,0.0064989770128776,4,0.0,1
1410,8,1,3,0.0,0.0064989770128776,5,0.0,1
1411,8,1,3,0.0096269554753309,0.008424599831508,3,0.0,1
1412,8,1,3,0.0012033694344163,0.0086653026838368,3,0.0,1
1413,8,1,3,0.0,0.0086653026838368,5,0.0,1
1414,8,1,3,0.0,0.0086653026838368,5,0.0,1
1415,8,1,3,0.0,0.0086653026838368,5,0.0,1
1416,8,1,3,0.0,0.0086653026838368,5,0.0,1
1417,8,1,3,0.0,0.0086653026838368,5,0.0,1
1418,8,1,3,0.0,0.0086653026838368,5,0.0,1
1419,8,1,3,0.0,0.0086653026838368,5,0.0,1
1420,8,1,3,0.01323706377858,0.0113130340594536,3,0.0,1
1421,8,1,3,0.0,0.0113130340594536,5,0.0,1
1422,8,1,3,0.0,0.0113130340594536,5,0.0,1
1423,8,1,3,0.0120336943441636,0.0137200625827416,3,0.0,1
1424,8,1,3,0.0,0.0137200625827416,5,0.0,1
1425,8,1,3,0.0,0.0137200625827416,5,0.0,1
1426,8,1,3,0.0,0.0137200625827416,5,0.0,1
1427,8,1,3,0.0045126353790613,0.0146226982789746,3,0.0,1
1428,8,1,3,0.0114320096269554,0.0169093753760982,3,0.0,1
1429,8,1,3,0.0,0.0169093753760982,5,0.0,1
1430,8,1,3,0.0,0.0,5,0.0,1
1431,8,1,3,0.0,0.0,5,0.0,1
1432,8,1,3,0.0,0.0,5,0.0,1
1433,8,1,3,0.0,0.0,5,0.0,1
1434,8,1,3,0.0,0.0,5,0.0,1
1435,8,1,3,0.0,0.0,5,0.0,1
1436,8,1,3,0.0,0.0,5,0.0,1
1437,8,1,3,0.0,0.0,5,0.0,1
1438,8,1,3,0.0,0.0,5,0.0,1
1439,8,1,3,0.0,0.0,5,0.0,1
1440,8,1,3,0.0,0.0,5,0.0,1
1441,8,1,3,0.0,0.0,5,0.0,1
1442,8,1,3,0.0,0.0,5,0.0,1
1443,8,1,3,0.0111311672683513,0.0022265013840414,3,0.0,1
1444,8,1,3,0.0,0.0022265013840414,5,0.0,1
1445,8,1,3,0.0,0.0022265013840414,5,0.0,1
1446,8,1,3,0.0,0.0022265013840414,5,0.0,1
1447,8,1,3,0.0186522262334536,0.0059573955951378,3,0.0,1
1448,8,1,3,0.0,0.0059573955951378,5,0.0,1
1449,8,1,3,0.0,0.0059573955951378,5,0.0,1
1450,8,1,3,0.0,0.0059573955951378,5,0.0,1
1451,8,1,3,0.0,0.0059573955951378,5,0.0,1
1452,8,1,3,0.0,0.0059573955951378,5,0.0,1
1453,8,1,3,0.0,0.0059573955951378,5,0.0,1
1454,8,1,3,0.0,0.0059573955951378,5,0.0,1
1455,8,1,3,0.003610108303249,0.0066795041521242,3,0.0,1
1456,8,1,3,0.0,0.0066795041521242,5,0.0,1
1457,8,1,3,0.0,0.0066795041521242,5,0.0,1
1458,8,1,3,0.0,0.0066795041521242,5,0.0,1
1459,8,1,3,0.0,0.0066795041521242,5,0.0,1
1460,8,1,3,0.0,0.0066795041521242,5,0.0,1
1461,8,1,1,0.0,0.0,5,0.0,1
1462,8,1,1,0.0,0.0,5,0.0,1
1463,8,1,1,0.0,0.0,5,0.0,1
1464,8,1,1,0.0,0.0,5,0.0,1
1465,8,1,1,0.0,0.0,5,0.0,1
1466,8,1,1,0.0,0.0,5,0.0,1
1467,8,1,1,0.0,0.0,5,0.0,1
1468,8,1,1,0.0,0.0,5,0.0,1
1469,8,1,1,0.0,0.0,5,0.0,1
1470,8,1,1,0.0,0.0,5,0.0,1
1471,8,1,1,0.0,0.0,5,0.0,1
1472,8,1,1,0.0,0.0,5,0.0,1
1473,8,1,1,0.0,0.0,5,0.0,1
1474,8,1,1,0.0,0.0,5,0.0,1
1475,8,1,1,0.0,0.0,5,0.0,1
1476,8,1,1,0.0042117930204572,0.0008424599831508,3,0.0,1
1477,8,1,1,0.0,0.0008424599831508,5,0.0,1
1478,8,1,1,0.0,0.0008424599831508,5,0.0,1
1479,8,1,1,0.0,0.0008424599831508,5,0.0,1
1480,8,1,1,0.0,0.0008424599831508,5,0.0,1
1481,8,1,1,0.0,0.0008424599831508,5,0.0,1
1482,8,1,1,0.0,0.0008424599831508,5,0.0,1
1483,8,1,1,0.0,0.0008424599831508,5,0.0,1
1484,8,1,1,0.0345968712394705,0.0077626669876038,4,0.0,1
1485,8,1,1,0.0,0.0077626669876038,5,0.0,1
1486,8,1,1,0.0,0.0077626669876038,5,0.0,1
1487,8,1,1,0.0445246690734055,0.0166686725237694,4,0.0,1
1488,8,1,1,0.0,0.0166686725237694,5,0.0,1
1489,8,1,1,0.0,0.0166686725237694,5,0.0,1
1490,8,1,1,0.0,0.0166686725237694,5,0.0,1
1491,8,1,1,0.0,0.0166686725237694,5,0.0,1
1492,8,1,1,0.0,0.0,5,0.0,1
1493,8,1,1,0.0,0.0,5,0.0,1
1494,8,1,1,0.0024067388688327,0.0004814057046576,3,0.0,1
1495,8,1,1,0.0,0.0004814057046576,5,0.0,1
1496,8,1,1,0.0,0.0004814057046576,5,0.0,1
1497,8,1,1,0.0,0.0004814057046576,5,0.0,1
1498,8,1,1,0.0,0.0004814057046576,5,0.0,1
1499,8,1,1,0.0,0.0004814057046576,5,0.0,1
1500,8,1,1,0.0,0.0004814057046576,5,0.0,1
1501,8,1,1,0.0,0.0004814057046576,5,0.0,1
1502,8,1,1,0.0,0.0004814057046576,5,0.0,1
1503,8,1,1,0.0,0.0004814057046576,5,0.0,1
1504,8,1,1,0.0,0.0004814057046576,5,0.0,1
1505,8,1,1,0.0,0.0004814057046576,5,0.0,1
1506,8,1,1,0.016546329723225,0.0037910699241786,3,0.0,1
1507,8,1,1,0.0,0.0037910699241786,5,0.0,1
1508,8,1,1,0.0,0.0037910699241786,5,0.0,1
1509,8,1,1,0.0,0.0037910699241786,5,0.0,1
1510,8,1,1,0.0,0.0037910699241786,5,0.0,1
1511,8,1,1,0.0,0.0037910699241786,5,0.0,1
1512,8,1,1,0.0,0.0037910699241786,5,0.0,1
1513,8,1,1,0.0,0.0037910699241786,5,0.0,1
1514,8,1,1,0.0,0.0037910699241786,5,0.0,1
1515,8,1,1,0.0,0.0037910699241786,5,0.0,1
1516,8,1,1,0.0,0.0037910699241786,5,0.0,1
1517,8,1,1,0.0,0.0037910699241786,5,0.0,1
1518,8,1,1,0.0,0.0037910699241786,5,0.0,1
1519,8,1,1,0.0,0.0037910699241786,5,0.0,1
1520,8,1,1,0.0207581227436823,0.0079431941268504,3,0.0,1
1521,8,1,1,0.0,0.0,5,0.0,1
1522,8,1,1,0.0,0.0,5,0.0,1
1523,8,1,1,0.0,0.0,5,0.0,1
1524,8,1,1,0.0,0.0,5,0.0,1
1525,8,1,1,0.0,0.0,5,0.0,1
1526,8,1,1,0.0,0.0,5,0.0,1
1527,8,1,1,0.0,0.0,5,0.0,1
1528,8,1,1,0.0,0.0,5,0.0,1
1529,8,1,1,0.0,0.0,5,0.0,1
1530,8,1,1,0.0,0.0,5,0.0,1
1531,8,1,1,0.0,0.0,5,0.0,1
1532,8,1,1,0.0,0.0,5,0.0,1
1533,8,1,1,0.0,0.0,5,0.0,1
1534,8,1,1,0.0303850782190132,0.0060777470213022,4,0.0,1
1535,8,1,1,0.0,0.0060777470213022,5,0.0,1
1536,8,1,1,0.0,0.0060777470213022,5,0.0,1
1537,8,1,1,0.0,0.0060777470213022,5,0.0,1
1538,8,1,1,0.0,0.0060777470213022,5,0.0,1
1539,8,1,1,0.0,0.0060777470213022,5,0.0,1
1540,8,1,1,0.1143200962695547,0.0289445179925382,2,0.0,0
1541,8,1,1,0.0,0.0289445179925382,5,0.0,1
1542,8,1,1,0.0,0.0289445179925382,5,0.0,1
1543,8,1,1,0.0,0.0289445179925382,5,0.0,1
1544,8,1,1,0.0,0.0289445179925382,5,0.0,1
1545,8,1,1,0.0006016847172081,0.0290648694187026,3,0.0,1
1546,8,1,1,0.0,0.0290648694187026,5,0.0,1
1547,8,1,1,0.0,0.0290648694187026,5,0.0,1
1548,8,1,1,0.0,0.0290648694187026,5,0.0,1
1549,8,1,1,0.062575210589651,0.0415814177398002,4,0.0,2
1550,8,1,1,0.0,0.0415814177398002,5,0.0,1
1551,8,1,1,0.0222623345367027,0.046034420507883,3,0.0,1
1552,8,1,1,0.0,0.0,5,0.0,1
1553,8,1,1,0.0,0.0,5,0.0,1
1554,8,1,1,0.0,0.0,5,0.0,1
1555,8,1,1,0.0,0.0,5,0.0,1
1556,8,1,1,0.0,0.0,5,0.0,1
1557,8,1,1,0.0,0.0,5,0.0,1
1558,8,1,1,0.0818291215403128,0.0163677939583584,4,0.0,2
1559,8,1,1,0.0,0.0163677939583584,5,0.0,1
1560,8,1,1,0.0,0.0163677939583584,5,0.0,1
1561,8,1,1,0.0,0.0163677939583584,5,0.0,1
1562,8,1,1,0.0219614921780986,0.020760621013359,3,0.0,1
1563,8,1,1,0.0,0.020760621013359,5,0.0,1
1564,8,1,1,0.0,0.020760621013359,5,0.0,1
1565,8,1,1,0.0,0.020760621013359,5,0.0,1
1566,8,1,1,0.0015042117930204,0.02106149957877,3,0.0,1
1567,8,1,1,0.0,0.02106149957877,5,0.0,1
1568,8,1,1,0.0,0.02106149957877,5,0.0,1
1569,8,1,1,0.0,0.02106149957877,5,0.0,1
1570,8,1,1,0.0,0.02106149957877,5,0.0,1
1571,8,1,1,0.0,0.02106149957877,5,0.0,1
1572,8,1,1,0.0126353790613718,0.0235888795282224,3,0.0,1
1573,8,1,1,0.0,0.0235888795282224,5,0.0,1
1574,8,1,1,0.0,0.0235888795282224,5,0.0,1
1575,8,1,1,0.0,0.0235888795282224,5,0.0,1
1576,8,1,1,0.0261732851985559,0.0288241665663738,4,0.0,1
1577,8,1,1,0.0,0.0288241665663738,5,0.0,1
1578,8,1,1,0.0,0.0288241665663738,5,0.0,1
1579,8,1,1,0.0,0.0288241665663738,5,0.0,1
1580,8,1,1,0.0,0.0288241665663738,5,0.0,1
1581,8,1,1,0.0,0.0288241665663738,5,0.0,1
1582,8,1,1,0.0141395908543922,0.0028282585148634,3,0.0,1
1583,8,1,1,0.01323706377858,0.0054759898904802,3,0.0,1
1584,8,1,1,0.0,0.0054759898904802,5,0.0,1
1585,8,1,1,0.0,0.0054759898904802,5,0.0,1
1586,8,1,1,0.0,0.0054759898904802,5,0.0,1
1587,8,1,1,0.0,0.0054759898904802,5,0.0,1
1588,8,1,1,0.0210589651022864,0.0096882898062342,3,0.0,1
1589,8,1,1,0.0,0.0096882898062342,5,0.0,1
1590,8,1,1,0.0640794223826714,0.0225057166927428,4,0.0,2
1591,8,1,1,0.0,0.0225057166927428,5,0.0,1
1592,8,1,1,0.0,0.0225057166927428,5,0.0,1
1593,8,1,1,0.0,0.0225057166927428,5,0.0,1
1594,8,1,1,0.0,0.0225057166927428,5,0.0,1
1595,8,1,1,0.0,0.0225057166927428,5,0.0,1
1596,8,1,1,0.0102286401925391,0.0245516909375376,3,0.0,1
1597,8,1,1,0.0,0.0245516909375376,5,0.0,1
1598,8,1,1,0.0,0.0245516909375376,5,0.0,1
1599,8,1,1,0.0,0.0245516909375376,5,0.0,1
1600,8,1,1,0.0,0.0245516909375376,5,0.0,1
1601,8,1,1,0.003610108303249,0.025273799494524,3,0.0,1
1602,8,1,1,0.0189530685920577,0.0290648694187026,3,0.0,1
1603,8,1,1,0.0,0.0290648694187026,5,0.0,1
1604,8,1,1,0.0,0.0290648694187026,5,0.0,1
1605,8,1,1,0.0153429602888086,0.0321338307858948,3,0.0,1
1606,8,1,1,0.0,0.0321338307858948,5,0.0,1
1607,8,1,1,0.0,0.0321338307858948,5,0.0,1
1608,8,1,1,0.0054151624548736,0.0332169936213744,3,0.0,1
1609,8,1,1,0.0,0.0332169936213744,5,0.0,1
1610,8,1,1,0.0,0.0332169936213744,5,0.0,1
1611,8,1,1,0.0150421179302045,0.0362257792754844,3,0.0,1
1612,8,1,1,0.0,0.0362257792754844,5,0.0,1
1613,8,1,1,0.0577617328519855,0.0115537369117824,4,0.0,2
1614,8,1,1,0.309265944645006,0.073414369960284,6,0.3333333333333333,0
1615,8,1,1,0.1886281588447653,0.1111445420628234,2,0.0,0
1616,8,1,1,0.1092057761732852,0.132988325911662,2,0.0,0
1617,8,1,1,0.1621540312876053,0.1654230352629678,2,0.0,0
1618,8,1,1,0.029783393501805,0.1713804308581056,4,0.0,1
1619,8,1,1,0.0670878459687124,0.1847996148754362,4,0.0,2
1620,8,1,1,0.0382069795427196,0.1924419304368756,4,0.0,1
1621,8,1,1,0.1973525872442839,0.2319171982187988,6,0.3333333333333333,0
1622,8,1,1,0.0,0.2319171982187988,5,0.0,1
1623,8,1,1,0.0114320096269554,0.2342038753159225,3,0.0,1
1624,8,1,1,0.3802647412755716,0.3102659766518233,1,0.6666666666666666,0
1625,8,1,1,0.0153429602888086,0.3133349380190155,3,0.0,1
1626,8,1,1,0.0872442839951865,0.3307858948128535,4,0.0,2
1627,8,1,1,0.1064981949458483,0.3520880972439523,4,0.0,0
1628,8,1,1,0.095367027677497,0.3711637982910097,4,0.0,2
1629,8,1,1,0.0577617328519855,0.3827175352027921,4,0.0,2
1630,8,1,1,0.0021058965102286,0.3831387651943675,3,0.0,1
1631,8,1,1,0.0102286401925391,0.3851847394391623,3,0.0,1
1632,8,1,1,0.0171480144404332,0.3886147550848477,3,0.0,1
1633,8,1,1,0.0123345367027677,0.3910819593212179,3,0.0,1
1634,8,1,1,0.1016847172081829,0.4114213503430016,4,0.0,2
1635,8,1,1,0.009927797833935,0.4134071488747141,3,0.0,1
1636,8,1,1,0.3835740072202166,0.4901311830545192,1,0.6666666666666666,0
1637,8,1,1,0.1341756919374248,0.5169695510891804,2,0.0,0
1638,8,1,1,0.0072202166064981,0.5184137682031532,3,0.0,1
1639,8,1,1,0.2132972322503008,0.561078348778433,6,0.3333333333333333,0
1640,8,1,1,0.1122141997593261,0.5835238897580937,2,0.0,0
1641,8,1,1,0.0111311672683513,0.585750391142135,3,0.0,1
1642,8,1,1,0.036401925391095,0.5930316524250813,4,0.0,1
1643,8,1,1,0.0598676293622141,0.0119749669033578,4,0.0,2
1644,8,1,1,0.0394103489771359,0.019857985317126,4,0.0,1
1645,8,1,1,0.1128158844765343,0.042423877722951,2,0.0,0
1646,8,1,1,0.0,0.042423877722951,5,0.0,1
1647,8,1,1,0.0189530685920577,0.0462149476471296,3,0.0,1
1648,8,1,1,0.0911552346570397,0.0644481887110362,4,0.0,2
1649,8,1,1,0.0,0.0644481887110362,5,0.0,1
1650,8,1,1,0.3838748495788207,0.1412323986039234,1,0.6666666666666666,0
1651,8,1,1,0.0550541516245487,0.152244554097966,4,0.0,2
1652,8,1,1,0.230445246690734,0.1983391503189313,6,0.3333333333333333,0
1653,8,1,1,0.0688929001203369,0.212119388614755,4,0.0,2
1654,8,1,1,0.0342960288808664,0.2189794199061258,4,0.0,1
1655,8,1,1,0.0517448856799037,0.2293296425562643,4,0.0,2
1656,8,1,1,0.0201564380264741,0.2333614153327717,3,0.0,1
1657,8,1,1,0.1137184115523465,0.2561078348778433,2,0.0,0
1658,8,1,1,0.0027075812274368,0.2566494162955831,3,0.0,1
1659,8,1,1,0.1320697954271961,0.2830665543386689,2,0.0,0
1660,8,1,1,0.1438026474127557,0.3118305451919605,2,0.0,0
1661,8,1,1,0.00661853188929,0.3131544108797689,3,0.0,1
1662,8,1,1,0.2145006016847172,0.3560596943073775,6,0.3333333333333333,0
1663,8,1,1,0.00661853188929,0.3573835599951859,3,0.0,1
1664,8,1,1,0.115222623345367,0.3804308581056685,2,0.0,0
1665,8,1,1,0.2906137184115523,0.4385605969430737,6,0.3333333333333333,0
1666,8,1,1,0.2924187725631769,0.4970513900589722,6,0.3333333333333333,0
1667,8,1,1,0.1582430806257521,0.5287038151402094,2,0.0,0
1668,8,1,1,0.2584235860409146,0.5803947526778193,6,0.3333333333333333,0
1669,8,1,1,0.0619735258724428,0.5927909495727525,4,0.0,2
1670,8,1,1,0.0009025270758122,0.592971476711999,3,0.0,1
1671,8,1,1,0.0,0.592971476711999,5,0.0,1
1672,8,1,1,0.0087244283995186,0.5947165723913828,3,0.0,1
1673,8,1,1,0.0321901323706377,0.6011553736911782,4,0.0,1
1674,8,1,1,0.0045126353790613,0.000902635696233,3,0.0,1
1675,8,1,1,0.1299638989169675,0.0268985437477434,2,0.0,0
1676,8,1,1,0.161251504211793,0.0591527259598026,2,0.0,0
1677,8,1,1,0.0815282791817088,0.0754603442050788,4,0.0,2
1678,8,1,1,0.0706979542719614,0.0896016367793958,4,0.0,2
1679,8,1,1,0.0842358604091456,0.1064508364424118,4,0.0,2
1680,8,1,1,0.0090252707581227,0.1082561078348778,3,0.0,1
1681,8,1,1,0.3405535499398315,0.1763750150439282,6,0.3333333333333333,0
1682,8,1,1,0.003309265944645,0.1770369478878324,3,0.0,1
1683,8,1,1,0.1146209386281588,0.1999638945721507,2,0.0,0
1684,8,1,1,0.1871239470517449,0.2373931881092791,2,0.0,0
1685,8,1,1,0.0755114320096269,0.2524972920929113,4,0.0,2
1686,8,1,1,0.0655836341756919,0.2656155975448309,4,0.0,2
1687,8,1,1,0.4142599277978339,0.3484775544590203,1,0.6666666666666666,0
1688,8,1,1,0.1919374247894103,0.3868696594054639,2,0.0,0
1689,8,1,1,0.0015042117930204,0.3871705379708749,3,0.0,1
1690,8,1,1,0.0373044524669073,0.3946323263930677,4,0.0,1
1691,8,1,1,0.115222623345367,0.4176796245035504,2,0.0,0
1692,8,1,1,0.1471119133574007,0.4471055482007461,2,0.0,0
1693,8,1,1,0.0084235860409145,0.4487904681670477,3,0.0,1
1694,8,1,1,0.0060168471720818,0.4499939824286917,3,0.0,1
1695,8,1,1,0.2472924187725632,0.4994584185822602,6,0.3333333333333333,0
1696,8,1,1,0.0243682310469314,0.5043326513419184,4,0.0,1
1697,8,1,1,0.0806257521058965,0.520459742447948,4,0.0,2
1698,8,1,1,0.2424789410348977,0.5689613671922013,6,0.3333333333333333,0
1699,8,1,1,0.0418170878459687,0.577325791310627,4,0.0,1
1700,8,1,1,0.1961492178098676,0.6165603562402214,6,0.3333333333333333,0
1701,8,1,1,0.2343561973525872,0.6634372367312552,6,0.3333333333333333,0
1702,8,1,1,0.0586642599277978,0.6751715007822843,4,0.0,2
1703,8,1,1,0.0893501805054151,0.6930436875676976,4,0.0,2
1704,8,1,1,0.0,0.6930436875676976,5,0.0,1
1705,8,1,1,0.1759927797833935,0.035202792153087,2,0.0,0
1706,8,1,1,0.1110108303249097,0.0574076302804188,2,0.0,0
1707,8,1,1,0.2298435619735259,0.1033818750752196,6,0.3333333333333333,0
1708,8,1,1,0.0153429602888086,0.1064508364424118,3,0.0,1
1709,8,1,1,0.0117328519855595,0.1087976892526176,3,0.0,1
1710,8,1,1,0.125150421179302,0.1338307858948128,2,0.0,0
1711,8,1,1,0.0270758122743682,0.1392466000722108,4,0.0,1
1712,8,1,1,0.0054151624548736,0.1403297629076904,3,0.0,1
1713,8,1,1,0.000300842358604,0.1403899386207726,3,0.0,1
1714,8,1,1,0.0273766546329723,0.1458659285112528,4,0.0,1
1715,8,1,1,0.0944645006016847,0.1647611024190636,4,0.0,2
1716,8,1,1,0.0300842358604091,0.1707786737272836,4,0.0,1
1717,8,1,1,0.0676895306859205,0.1843182091707786,4,0.0,2
1718,8,1,1,0.2018652226233453,0.2246961126489348,6,0.3333333333333333,0
1719,8,1,1,0.0237665463297232,0.2294499939824286,4,0.0,1
1720,8,1,1,0.0971720818291215,0.2488867493079793,4,0.0,2
1721,8,1,1,0.0722021660649819,0.2633289204477073,4,0.0,2
1722,8,1,1,0.4184717208182912,0.3470333373450475,1,0.6666666666666666,0
1723,8,1,1,0.0719013237063778,0.3614153327716933,4,0.0,2
1724,8,1,1,0.0568592057761732,0.3727885425442291,4,0.0,2
1725,8,1,1,0.3005415162454874,0.4329040799133469,6,0.3333333333333333,0
1726,8,1,1,0.0388086642599278,0.4406667469009507,4,0.0,1
1727,8,1,1,0.0,0.4406667469009507,5,0.0,1
1728,8,1,1,0.0180505415162454,0.4442772896858827,3,0.0,1
1729,8,1,1,0.1137184115523465,0.4670237092309544,2,0.0,0
1730,8,1,1,0.0418170878459687,0.4753881333493802,4,0.0,1
1731,8,1,1,0.089049338146811,0.4932001444217114,4,0.0,2
1732,8,1,1,0.0102286401925391,0.4952461186665062,3,0.0,1
1733,8,1,1,0.1164259927797834,0.5185341196293176,2,0.0,0
1734,8,1,1,0.1681708784596871,0.5521723432422674,2,0.0,0
1735,8,1,1,0.0093261131167268,0.0018654471055482,3,0.0,1
1736,8,1,1,0.0030084235860409,0.0024672042363702,3,0.0,1
1737,8,1,1,0.0300842358604091,0.0084847755445902,4,0.0,1
1738,8,1,1,0.0255716004813477,0.0135997111565772,4,0.0,1
1739,8,1,1,0.0147412755716004,0.016548321097605,3,0.0,1
1740,8,1,1,0.0,0.016548321097605,5,0.0,1
1741,8,1,1,0.003610108303249,0.0172704296545914,3,0.0,1
1742,8,1,1,0.0703971119133574,0.0313515465158262,4,0.0,2
1743,8,1,1,0.0595667870036101,0.0432663377061018,4,0.0,2
1744,8,1,1,0.0499398315282791,0.053255506077747,4,0.0,2
1745,8,1,1,0.0950661853188929,0.0722710314117222,4,0.0,2
1746,8,1,1,0.0024067388688327,0.0727524371163798,3,0.0,1
1747,8,1,1,0.1161251504211793,0.095980262366109,2,0.0,0
1748,8,1,1,0.0141395908543922,0.0988085208809724,3,0.0,1
1749,8,1,1,0.0219614921780986,0.103201347935973,3,0.0,1
1750,8,1,1,0.0719013237063778,0.1175833433626188,4,0.0,2
1751,8,1,1,0.0,0.1175833433626188,5,0.0,1
1752,8,1,1,0.0556558363417569,0.1287158502828258,4,0.0,2
1753,8,1,1,0.0279783393501805,0.1343121915994704,4,0.0,1
1754,8,1,1,0.1991576413959085,0.1741485136598868,6,0.3333333333333333,0
1755,8,1,1,0.0078219013237063,0.175713082200024,3,0.0,1
1756,8,1,1,0.0030084235860409,0.176314839330846,3,0.0,1
1757,8,1,1,0.016546329723225,0.179624503550367,3,0.0,1
1758,8,1,1,0.0162454873646209,0.1828739920568058,3,0.0,1
1759,8,1,1,0.0448255114320096,0.1918401733060536,4,0.0,1
1760,8,1,1,0.0532490974729241,0.202491274521603,4,0.0,2
1761,8,1,1,0.0977737665463297,0.222048381273318,4,0.0,2
1762,8,1,1,0.1146209386281588,0.2449753279576363,2,0.0,0
1763,8,1,1,0.0586642599277978,0.2567095920086653,4,0.0,2
1764,8,1,1,0.0009025270758122,0.2568901191479119,3,0.0,1
1765,8,1,1,0.0382069795427196,0.2645324347093513,4,0.0,1
1766,8,1,1,0.0709987966305655,0.0142014682873992,4,0.0,2
1767,8,1,1,0.0,0.0142014682873992,5,0.0,1
1768,8,1,1,0.0084235860409145,0.0158863882537008,3,0.0,1
1769,8,1,1,0.0,0.0158863882537008,5,0.0,1
1770,8,1,1,0.003610108303249,0.0166084968106872,3,0.0,1
1771,8,1,1,0.04632972322503,0.025875556625346,4,0.0,2
1772,8,1,1,0.0,0.025875556625346,5,0.0,1
1773,8,1,1,0.0,0.025875556625346,5,0.0,1
1774,8,1,1,0.0123345367027677,0.0283427608617162,3,0.0,1
1775,8,1,1,0.0,0.0283427608617162,5,0.0,1
1776,8,1,1,0.0,0.0283427608617162,5,0.0,1
1777,8,1,1,0.0267749699157641,0.033698399326032,4,0.0,1
1778,8,1,1,0.0,0.033698399326032,5,0.0,1
1779,8,1,1,0.0141395908543922,0.0365266578408954,3,0.0,1
1780,8,1,1,0.0084235860409145,0.038211577807197,3,0.0,1
1781,8,1,1,0.0,0.038211577807197,5,0.0,1
1782,8,1,1,0.0171480144404332,0.0416415934528824,3,0.0,1
1783,8,1,1,0.0424187725631768,0.0501263689974726,4,0.0,1
1784,8,1,1,0.0556558363417569,0.0612588759176796,4,0.0,2
1785,8,1,1,0.0598676293622141,0.0732338428210374,4,0.0,2
1786,8,1,1,0.0,0.0732338428210374,5,0.0,1
1787,8,1,1,0.0,0.0732338428210374,5,0.0,1
1788,8,1,1,0.0,0.0732338428210374,5,0.0,1
1789,8,1,1,0.0,0.0732338428210374,5,0.0,1
1790,8,1,1,0.0,0.0732338428210374,5,0.0,1
1791,8,1,1,0.1600481347773766,0.1052473221807678,2,0.0,0
1792,8,1,1,0.0,0.1052473221807678,5,0.0,1
1793,8,1,1,0.0186522262334536,0.1089782163918642,3,0.0,1
1794,8,1,1,0.0,0.1089782163918642,5,0.0,1
1795,8,1,1,0.0219614921780986,0.1133710434468648,3,0.0,1
1796,8,1,1,0.0,0.0,5,0.0,1
1797,8,1,1,0.0,0.0,5,0.0,1
1798,8,1,1,0.0,0.0,5,0.0,1
1799,8,1,1,0.0,0.0,5,0.0,1
1800,8,1,1,0.0,0.0,5,0.0,1
1801,8,1,1,0.0168471720818291,0.0033698399326032,3,0.0,1
1802,8,1,1,0.0,0.0033698399326032,5,0.0,1
1803,8,1,1,0.0481347773766546,0.0129979540257552,4,0.0,2
1804,8,1,1,0.0051143200962695,0.0140209411481526,3,0.0,1
1805,8,1,1,0.0,0.0140209411481526,5,0.0,1
1806,8,1,1,0.0,0.0140209411481526,5,0.0,1
1807,8,1,1,0.0,0.0140209411481526,5,0.0,1
1808,8,1,1,0.0,0.0140209411481526,5,0.0,1
1809,8,1,1,0.0499398315282791,0.0240101095197978,4,0.0,2
1810,8,1,1,0.0,0.0240101095197978,5,0.0,1
1811,8,1,1,0.0,0.0240101095197978,5,0.0,1
1812,8,1,1,0.0,0.0240101095197978,5,0.0,1
1813,8,1,1,0.0,0.0240101095197978,5,0.0,1
1814,8,1,1,0.0,0.0240101095197978,5,0.0,1
1815,8,1,1,0.0,0.0240101095197978,5,0.0,1
1816,8,1,1,0.0,0.0240101095197978,5,0.0,1
1817,8,1,1,0.0,0.0240101095197978,5,0.0,1
1818,8,1,1,0.0,0.0240101095197978,5,0.0,1
1819,8,1,1,0.0,0.0240101095197978,5,0.0,1
1820,8,1,1,0.1444043321299639,0.0528944517992538,2,0.0,0
1821,8,1,1,0.0,0.0528944517992538,5,0.0,1
1822,8,1,1,0.0,0.0528944517992538,5,0.0,1
1823,8,1,1,0.0,0.0528944517992538,5,0.0,1
1824,8,1,1,0.0,0.0528944517992538,5,0.0,1
1825,8,1,1,0.0,0.0528944517992538,5,0.0,1
1826,8,1,1,0.0114320096269554,0.0551811288963774,3,0.0,1
0,6,1,3,0.0,0.0,5,0.0,1
1,6,1,3,0.0,0.0,5,0.0,1
2,6,1,3,0.0,0.0,5,0.0,1
3,6,1,3,0.0,0.0,5,0.0,1
4,6,1,3,0.0,0.0,5,0.0,1
5,6,1,3,0.0,0.0,5,0.0,1
6,6,1,3,0.0,0.0,5,0.0,1
7,6,1,3,0.0,0.0,5,0.0,1
8,6,1,3,0.0,0.0,5,0.0,1
9,6,1,3,0.0,0.0,5,0.0,1
10,6,1,3,0.0,0.0,5,0.0,1
11,6,1,3,0.0,0.0,5,0.0,1
12,6,1,3,0.0192539109506618,0.0038512456372608,3,0.0,1
13,6,1,3,0.0,0.0038512456372608,5,0.0,1
14,6,1,3,0.0,0.0038512456372608,5,0.0,1
15,6,1,3,0.0,0.0038512456372608,5,0.0,1
16,6,1,3,0.0,0.0038512456372608,5,0.0,1
17,6,1,3,0.0063176895306859,0.005114935611987,3,0.0,1
18,6,1,3,0.0,0.005114935611987,5,0.0,1
19,6,1,3,0.0,0.005114935611987,5,0.0,1
20,6,1,3,0.0,0.005114935611987,5,0.0,1
21,6,1,3,0.0,0.005114935611987,5,0.0,1
22,6,1,3,0.0,0.005114935611987,5,0.0,1
23,6,1,3,0.0,0.005114935611987,5,0.0,1
24,6,1,3,0.0,0.005114935611987,5,0.0,1
25,6,1,3,0.0,0.005114935611987,5,0.0,1
26,6,1,3,0.0,0.005114935611987,5,0.0,1
27,6,1,3,0.0,0.005114935611987,5,0.0,1
28,6,1,3,0.0,0.005114935611987,5,0.0,1
29,6,1,3,0.0,0.005114935611987,5,0.0,1
30,6,1,3,0.00661853188929,0.0064388012997954,3,0.0,1
31,6,1,3,0.0,0.0,5,0.0,1
32,6,1,3,0.0,0.0,5,0.0,1
33,6,1,3,0.0,0.0,5,0.0,1
34,6,1,3,0.0,0.0,5,0.0,1
35,6,1,3,0.0,0.0,5,0.0,1
36,6,1,3,0.0,0.0,5,0.0,1
37,6,1,3,0.0,0.0,5,0.0,1
38,6,1,3,0.0,0.0,5,0.0,1
39,6,1,3,0.0,0.0,5,0.0,1
40,6,1,3,0.0,0.0,5,0.0,1
41,6,1,3,0.0,0.0,5,0.0,1
42,6,1,3,0.0,0.0,5,0.0,1
43,6,1,3,0.0,0.0,5,0.0,1
44,6,1,3,0.0,0.0,5,0.0,1
45,6,1,3,0.0,0.0,5,0.0,1
46,6,1,3,0.0,0.0,5,0.0,1
47,6,1,3,0.0060168471720818,0.001203514261644,3,0.0,1
48,6,1,3,0.0,0.001203514261644,5,0.0,1
49,6,1,3,0.0,0.001203514261644,5,0.0,1
50,6,1,3,0.0,0.001203514261644,5,0.0,1
51,6,1,3,0.0,0.001203514261644,5,0.0,1
52,6,1,3,0.0,0.001203514261644,5,0.0,1
53,6,1,3,0.0,0.001203514261644,5,0.0,1
54,6,1,3,0.0,0.001203514261644,5,0.0,1
55,6,1,3,0.0,0.001203514261644,5,0.0,1
56,6,1,3,0.0,0.001203514261644,5,0.0,1
57,6,1,3,0.0,0.001203514261644,5,0.0,1
58,6,1,3,0.0,0.001203514261644,5,0.0,1
59,6,1,3,0.0,0.001203514261644,5,0.0,1
60,6,1,3,0.0,0.0,5,0.0,1
61,6,1,3,0.0,0.0,5,0.0,1
62,6,1,3,0.0,0.0,5,0.0,1
63,6,1,3,0.0,0.0,5,0.0,1
64,6,1,3,0.0,0.0,5,0.0,1
65,6,1,3,0.0,0.0,5,0.0,1
66,6,1,3,0.0,0.0,5,0.0,1
67,6,1,3,0.0,0.0,5,0.0,1
68,6,1,3,0.0,0.0,5,0.0,1
69,6,1,3,0.0,0.0,5,0.0,1
70,6,1,3,0.0,0.0,5,0.0,1
71,6,1,3,0.0,0.0,5,0.0,1
72,6,1,3,0.0,0.0,5,0.0,1
73,6,1,3,0.0,0.0,5,0.0,1
74,6,1,3,0.0,0.0,5,0.0,1
75,6,1,3,0.0,0.0,5,0.0,1
76,6,1,3,0.0,0.0,5,0.0,1
77,6,1,3,0.0,0.0,5,0.0,1
78,6,1,3,0.0,0.0,5,0.0,1
79,6,1,3,0.0,0.0,5,0.0,1
80,6,1,3,0.016546329723225,0.003309664219521,3,0.0,1
81,6,1,3,0.0,0.003309664219521,5,0.0,1
82,6,1,3,0.0,0.003309664219521,5,0.0,1
83,6,1,3,0.0,0.003309664219521,5,0.0,1
84,6,1,3,0.0,0.003309664219521,5,0.0,1
85,6,1,3,0.0,0.003309664219521,5,0.0,1
86,6,1,3,0.0,0.003309664219521,5,0.0,1
87,6,1,3,0.0,0.003309664219521,5,0.0,1
88,6,1,3,0.0,0.003309664219521,5,0.0,1
89,6,1,3,0.0,0.003309664219521,5,0.0,1
90,6,1,3,0.0045126353790613,0.004212299915754,3,0.0,1
91,6,1,3,0.0,0.0,5,0.0,1
92,6,1,3,0.0,0.0,5,0.0,1
93,6,1,3,0.0306859205776173,0.0061379227343844,4,0.0,1
94,6,1,3,0.0,0.0061379227343844,5,0.0,1
95,6,1,3,0.0,0.0061379227343844,5,0.0,1
96,6,1,3,0.0,0.0061379227343844,5,0.0,1
97,6,1,3,0.0,0.0061379227343844,5,0.0,1
98,6,1,3,0.0,0.0061379227343844,5,0.0,1
99,6,1,3,0.0,0.0061379227343844,5,0.0,1
100,6,1,3,0.0078219013237063,0.0077024912745216,3,0.0,1
101,6,1,3,0.0,0.0077024912745216,5,0.0,1
102,6,1,3,0.0,0.0077024912745216,5,0.0,1
103,6,1,3,0.003309265944645,0.0083644241184258,3,0.0,1
104,6,1,3,0.0,0.0083644241184258,5,0.0,1
105,6,1,3,0.0,0.0083644241184258,5,0.0,1
106,6,1,3,0.0,0.0083644241184258,5,0.0,1
107,6,1,3,0.0,0.0083644241184258,5,0.0,1
108,6,1,3,0.0,0.0083644241184258,5,0.0,1
109,6,1,3,0.0,0.0083644241184258,5,0.0,1
110,6,1,3,0.0,0.0083644241184258,5,0.0,1
111,6,1,3,0.0060168471720818,0.0095679383800698,3,0.0,1
112,6,1,3,0.0,0.0095679383800698,5,0.0,1
113,6,1,3,0.0,0.0095679383800698,5,0.0,1
114,6,1,3,0.0,0.0095679383800698,5,0.0,1
115,6,1,3,0.0,0.0095679383800698,5,0.0,1
116,6,1,3,0.0,0.0095679383800698,5,0.0,1
117,6,1,3,0.0,0.0095679383800698,5,0.0,1
118,6,1,3,0.0,0.0095679383800698,5,0.0,1
119,6,1,3,0.0117328519855595,0.0119147911902756,3,0.0,1
120,6,1,3,0.0,0.0119147911902756,5,0.0,1
121,6,1,3,0.0,0.0,5,0.0,1
122,6,1,3,0.0,0.0,5,0.0,1
123,6,1,3,0.0,0.0,5,0.0,1
124,6,1,3,0.0,0.0,5,0.0,1
125,6,1,3,0.0,0.0,5,0.0,1
126,6,1,3,0.0,0.0,5,0.0,1
127,6,1,3,0.0090252707581227,0.001805271392466,3,0.0,1
128,6,1,3,0.0,0.001805271392466,5,0.0,1
129,6,1,3,0.0,0.001805271392466,5,0.0,1
130,6,1,3,0.0,0.001805271392466,5,0.0,1
131,6,1,3,0.0373044524669073,0.0092670598146588,4,0.0,1
132,6,1,3,0.0,0.0092670598146588,5,0.0,1
133,6,1,3,0.009927797833935,0.0112528583463714,3,0.0,1
134,6,1,3,0.0,0.0112528583463714,5,0.0,1
135,6,1,3,0.0,0.0112528583463714,5,0.0,1
136,6,1,3,0.0183513838748495,0.0149235768443856,3,0.0,1
137,6,1,3,0.0135379061371841,0.0176314839330846,3,0.0,1
138,6,1,3,0.0090252707581227,0.0194367553255506,3,0.0,1
139,6,1,3,0.0,0.0194367553255506,5,0.0,1
140,6,1,3,0.0,0.0194367553255506,5,0.0,1
141,6,1,3,0.0108303249097472,0.0216030809965098,3,0.0,1
142,6,1,3,0.0,0.0216030809965098,5,0.0,1
143,6,1,3,0.0,0.0216030809965098,5,0.0,1
144,6,1,3,0.0,0.0216030809965098,5,0.0,1
145,6,1,3,0.0,0.0216030809965098,5,0.0,1
146,6,1,3,0.0385078219013237,0.0293055722710314,4,0.0,1
147,6,1,3,0.0,0.0293055722710314,5,0.0,1
148,6,1,3,0.0,0.0293055722710314,5,0.0,1
149,6,1,3,0.0,0.0293055722710314,5,0.0,1
150,6,1,3,0.0162454873646209,0.0325550607774702,3,0.0,1
151,6,1,3,0.023164861612515,0.0371885906847996,4,0.0,1
152,6,1,3,0.0027075812274368,0.0005415814177398,3,0.0,1
153,6,1,3,0.0,0.0005415814177398,5,0.0,1
154,6,1,3,0.0,0.0005415814177398,5,0.0,1
155,6,1,3,0.0102286401925391,0.0025875556625346,3,0.0,1
156,6,1,3,0.0030084235860409,0.0031893127933566,3,0.0,1
157,6,1,3,0.0174488567990373,0.0066795041521242,3,0.0,1
158,6,1,3,0.1206377858002406,0.0308099650980864,2,0.0,0
159,6,1,3,0.0,0.0308099650980864,5,0.0,1
160,6,1,3,0.1796028880866426,0.0667348658081598,2,0.0,0
161,6,1,3,0.0661853188929001,0.0799735226862438,4,0.0,2
162,6,1,3,0.0634777376654633,0.092670598146588,4,0.0,2
163,6,1,3,0.1070998796630565,0.1140931520038512,2,0.0,0
164,6,1,3,0.0351985559566787,0.1211337104344686,4,0.0,1
165,6,1,3,0.0797232250300842,0.1370802744012516,4,0.0,2
166,6,1,3,0.0,0.1370802744012516,5,0.0,1
167,6,1,3,0.0421179302045728,0.1455048742327596,4,0.0,1
168,6,1,3,0.286101083032491,0.2027319773739318,6,0.3333333333333333,0
169,6,1,3,0.029783393501805,0.2086893729690697,4,0.0,1
170,6,1,3,0.0,0.2086893729690697,5,0.0,1
171,6,1,3,0.0129362214199759,0.2112769286316043,3,0.0,1
172,6,1,3,0.0045126353790613,0.2121795643278373,3,0.0,1
173,6,1,3,0.0048134777376654,0.2131423757371524,3,0.0,1
174,6,1,3,0.0141395908543922,0.2159706342520158,3,0.0,1
175,6,1,3,0.0,0.2159706342520158,5,0.0,1
176,6,1,3,0.0478339350180505,0.2255385726320856,4,0.0,2
177,6,1,3,0.0135379061371841,0.2282464797207846,3,0.0,1
178,6,1,3,0.0162454873646209,0.2314959682272235,3,0.0,1
179,6,1,3,0.0072202166064981,0.2329401853411963,3,0.0,1
180,6,1,3,0.0273766546329723,0.2384161752316765,4,0.0,1
181,6,1,3,0.0445246690734055,0.2473221807678421,4,0.0,1
182,6,1,3,0.0015042117930204,0.000300878565411,3,0.0,1
183,6,1,3,0.0,0.000300878565411,5,0.0,1
184,6,1,3,0.1113116726835138,0.022565892405825,2,0.0,0
185,6,1,3,0.0135379061371841,0.025273799494524,3,0.0,1
186,6,1,3,0.0,0.025273799494524,5,0.0,1
187,6,1,3,0.0348977135980746,0.0322541822120592,4,0.0,1
188,6,1,3,0.0785198555956678,0.0479600433265134,4,0.0,2
189,6,1,3,0.0490373044524669,0.057768684558912,4,0.0,2
190,6,1,3,0.0388086642599278,0.0655313515465158,4,0.0,1
191,6,1,3,0.0069193742478941,0.0669153929474064,3,0.0,1
192,6,1,3,0.0403128760529482,0.0749789385004212,4,0.0,1
193,6,1,3,0.0090252707581227,0.0767842098928872,3,0.0,1
194,6,1,3,0.03971119133574,0.0847274040197376,4,0.0,1
195,6,1,3,0.0255716004813477,0.0898423396317246,4,0.0,1
196,6,1,3,0.03309265944645,0.0964616680707666,4,0.0,1
197,6,1,3,0.2030685920577617,0.1370802744012516,6,0.3333333333333333,0
198,6,1,3,0.1323706377858002,0.1635575881574196,2,0.0,0
199,6,1,3,0.111913357400722,0.185942953423998,2,0.0,0
200,6,1,3,0.0327918170878459,0.1925021061499578,4,0.0,1
201,6,1,3,0.0,0.1925021061499578,5,0.0,1
202,6,1,3,0.0643802647412755,0.2053797087495487,4,0.0,2
203,6,1,3,0.0992779783393501,0.2252376940666746,4,0.0,2
204,6,1,3,0.00661853188929,0.226561559754483,3,0.0,1
205,6,1,3,0.1004813477737665,0.2466602479239378,4,0.0,2
206,6,1,3,0.0279783393501805,0.2522565892405825,4,0.0,1
207,6,1,3,0.0222623345367027,0.2567095920086653,3,0.0,1
208,6,1,3,0.0222623345367027,0.2611625947767481,3,0.0,1
209,6,1,3,0.0177496991576413,0.2647129618485979,3,0.0,1
210,6,1,3,0.0487364620938628,0.2744614273679143,4,0.0,2
211,6,1,3,0.0553549939831528,0.2855337585750391,4,0.0,2
212,6,1,3,0.0120336943441636,0.2879407870983271,3,0.0,1
213,6,1,3,0.0809265944645006,0.0161872668191118,4,0.0,2
214,6,1,3,0.0,0.0161872668191118,5,0.0,1
215,6,1,3,0.0144404332129963,0.0190757010470574,3,0.0,1
216,6,1,3,0.003309265944645,0.0197376338909616,3,0.0,1
217,6,1,3,0.0580625752105896,0.0313515465158262,4,0.0,2
218,6,1,3,0.0021058965102286,0.0317727765074016,3,0.0,1
219,6,1,3,0.0318892900120336,0.0381514020941148,4,0.0,1
220,6,1,3,0.0610709987966305,0.0503670718498014,4,0.0,2
221,6,1,3,0.0670878459687124,0.063786255867132,4,0.0,2
222,6,1,3,0.0899518652226233,0.0817787940787098,4,0.0,2
223,6,1,3,0.0637785800240673,0.0945360452521362,4,0.0,2
224,6,1,3,0.098977135980746,0.11433385485618,4,0.0,2
225,6,1,3,0.0183513838748495,0.1180045733541942,3,0.0,1
226,6,1,3,0.0177496991576413,0.121554940426044,3,0.0,1
227,6,1,3,0.0354993983152827,0.1286556745697436,4,0.0,1
228,6,1,3,0.1074007220216606,0.150138404140089,2,0.0,0
229,6,1,3,0.0093261131167268,0.1520038512456372,3,0.0,1
230,6,1,3,0.0379061371841155,0.1595859910939944,4,0.0,1
231,6,1,3,0.0649819494584837,0.1725839451197496,4,0.0,2
232,6,1,3,0.1750902527075812,0.20760621013359,2,0.0,0
233,6,1,3,0.0219614921780986,0.2119990371885906,3,0.0,1
234,6,1,3,0.0863417569193742,0.229269466843182,4,0.0,2
235,6,1,3,0.0216606498194945,0.2336021181851005,3,0.0,1
236,6,1,3,0.0345968712394705,0.2405223251895535,4,0.0,1
237,6,1,3,0.0105294825511432,0.2426284751474305,3,0.0,1
238,6,1,3,0.0415162454873646,0.2509327235527741,4,0.0,1
239,6,1,3,0.0108303249097472,0.2530990492237333,3,0.0,1
240,6,1,3,0.1486161251504212,0.2828258514863401,2,0.0,0
241,6,1,3,0.0,0.2828258514863401,5,0.0,1
242,6,1,3,0.1070998796630565,0.3042484053436033,2,0.0,0
243,6,1,3,0.0854392298435619,0.3213383078589481,4,0.0,2
244,6,1,3,0.1188327316486161,0.023769406667469,2,0.0,0
245,6,1,3,0.0,0.023769406667469,5,0.0,1
246,6,1,3,0.0547533092659446,0.0347213864484294,4,0.0,2
247,6,1,3,0.0385078219013237,0.042423877722951,4,0.0,1
248,6,1,3,0.0216606498194945,0.0467565290648694,3,0.0,1
249,6,1,3,0.0947653429602888,0.0657118786857624,4,0.0,2
250,6,1,3,0.0,0.0657118786857624,5,0.0,1
251,6,1,3,0.0433212996389891,0.0743771813695992,4,0.0,1
252,6,1,3,0.0773164861612515,0.0898423396317246,4,0.0,2
253,6,1,3,0.0,0.0898423396317246,5,0.0,1
254,6,1,3,0.0291817087845968,0.095679383800698,4,0.0,1
255,6,1,3,0.3017448856799037,0.1560356240221446,6,0.3333333333333333,0
256,6,1,3,0.0887484957882069,0.1737874593813936,4,0.0,2
257,6,1,3,0.0300842358604091,0.1798050306896136,4,0.0,1
258,6,1,3,0.0123345367027677,0.1822722349259838,3,0.0,1
259,6,1,3,0.1122141997593261,0.2047177759056444,2,0.0,0
260,6,1,3,0.0,0.2047177759056444,5,0.0,1
261,6,1,3,0.1107099879663056,0.226862438319894,2,0.0,0
262,6,1,3,0.0285800240673886,0.2325791310627031,4,0.0,1
263,6,1,3,0.016546329723225,0.2358887952822241,3,0.0,1
264,6,1,3,0.0252707581227436,0.2409435551811288,4,0.0,1
265,6,1,3,0.0063176895306859,0.2422072451558551,3,0.0,1
266,6,1,3,0.0150421179302045,0.2452160308099651,3,0.0,1
267,6,1,3,0.0,0.2452160308099651,5,0.0,1
268,6,1,3,0.0312876052948255,0.2514743049705139,4,0.0,1
269,6,1,3,0.0,0.2514743049705139,5,0.0,1
270,6,1,3,0.0138387484957882,0.2542423877722951,3,0.0,1
271,6,1,3,0.0875451263537906,0.2717535202792153,4,0.0,2
272,6,1,3,0.0,0.2717535202792153,5,0.0,1
273,6,1,3,0.0929602888086642,0.2903478156216151,4,0.0,2
274,6,1,3,0.0394103489771359,0.0078830184137682,4,0.0,1
275,6,1,3,0.0,0.0078830184137682,5,0.0,1
276,6,1,3,0.0006016847172081,0.0080033698399326,3,0.0,1
277,6,1,3,0.0192539109506618,0.0118546154771934,3,0.0,1
278,6,1,3,0.0042117930204572,0.0126970754603442,3,0.0,1
279,6,1,3,0.0475330926594464,0.0222048381273318,4,0.0,2
280,6,1,3,0.0,0.0222048381273318,5,0.0,1
281,6,1,3,0.0138387484957882,0.024972920929113,3,0.0,1
282,6,1,3,0.0006016847172081,0.0250932723552774,3,0.0,1
283,6,1,3,0.0,0.0250932723552774,5,0.0,1
284,6,1,3,0.0006016847172081,0.0252136237814418,3,0.0,1
285,6,1,3,0.052647412755716,0.0357443735708268,4,0.0,2
286,6,1,3,0.0096269554753309,0.0376699963894572,3,0.0,1
287,6,1,3,0.003309265944645,0.0383319292333614,3,0.0,1
288,6,1,3,0.0216606498194945,0.0426645805752798,3,0.0,1
289,6,1,3,0.0685920577617328,0.0563846431580214,4,0.0,2
290,6,1,3,0.0,0.0563846431580214,5,0.0,1
291,6,1,3,0.0409145607701564,0.0645685401372006,4,0.0,1
292,6,1,3,0.0108303249097472,0.0667348658081598,3,0.0,1
293,6,1,3,0.0,0.0667348658081598,5,0.0,1
294,6,1,3,0.0045126353790613,0.0676375015043928,3,0.0,1
295,6,1,3,0.0123345367027677,0.070104705740763,3,0.0,1
296,6,1,3,0.0,0.070104705740763,5,0.0,1
297,6,1,3,0.0024067388688327,0.0705861114454206,3,0.0,1
298,6,1,3,0.0406137184115523,0.0787098327115176,4,0.0,1
299,6,1,3,0.0,0.0787098327115176,5,0.0,1
300,6,1,3,0.0153429602888086,0.0817787940787098,3,0.0,1
301,6,1,3,0.0042117930204572,0.0826212540618606,3,0.0,1
302,6,1,3,0.0415162454873646,0.0909255024672042,4,0.0,1
303,6,1,3,0.0,0.0909255024672042,5,0.0,1
304,6,1,3,0.0171480144404332,0.0943555181128896,3,0.0,1
305,6,1,3,0.0213598074608904,0.0042724756288362,3,0.0,1
306,6,1,3,0.0015042117930204,0.0045733541942472,3,0.0,1
307,6,1,3,0.0195547533092659,0.0084847755445902,3,0.0,1
308,6,1,3,0.0093261131167268,0.0103502226501384,3,0.0,1
309,6,1,3,0.0120336943441636,0.0127572511734264,3,0.0,1
310,6,1,3,0.0147412755716004,0.0157058611144542,3,0.0,1
311,6,1,3,0.0168471720818291,0.0190757010470574,3,0.0,1
312,6,1,3,0.0078219013237063,0.0206402695871946,3,0.0,1
313,6,1,3,0.0475330926594464,0.0301480322541822,4,0.0,2
314,6,1,3,0.0021058965102286,0.0305692622457576,3,0.0,1
315,6,1,3,0.0,0.0305692622457576,5,0.0,1
316,6,1,3,0.0,0.0305692622457576,5,0.0,1
317,6,1,3,0.0,0.0305692622457576,5,0.0,1
318,6,1,3,0.0,0.0305692622457576,5,0.0,1
319,6,1,3,0.0,0.0305692622457576,5,0.0,1
320,6,1,3,0.0499398315282791,0.0405584306174028,4,0.0,2
321,6,1,3,0.0,0.0405584306174028,5,0.0,1
322,6,1,3,0.0246690734055354,0.0454928390901432,4,0.0,1
323,6,1,3,0.0,0.0454928390901432,5,0.0,1
324,6,1,3,0.0,0.0454928390901432,5,0.0,1
325,6,1,3,0.0,0.0454928390901432,5,0.0,1
326,6,1,3,0.0,0.0454928390901432,5,0.0,1
327,6,1,3,0.0,0.0454928390901432,5,0.0,1
328,6,1,3,0.0096269554753309,0.0474184619087736,3,0.0,1
329,6,1,3,0.0622743682310469,0.059874834516789,4,0.0,2
330,6,1,3,0.0,0.059874834516789,5,0.0,1
331,6,1,3,0.0,0.059874834516789,5,0.0,1
332,6,1,3,0.0,0.059874834516789,5,0.0,1
333,6,1,3,0.0,0.059874834516789,5,0.0,1
334,6,1,3,0.0,0.059874834516789,5,0.0,1
335,6,1,3,0.0,0.0,5,0.0,1
336,6,1,3,0.0,0.0,5,0.0,1
337,6,1,3,0.0,0.0,5,0.0,1
338,6,1,3,0.0,0.0,5,0.0,1
339,6,1,3,0.0,0.0,5,0.0,1
340,6,1,3,0.0,0.0,5,0.0,1
341,6,1,3,0.0,0.0,5,0.0,1
342,6,1,3,0.0,0.0,5,0.0,1
343,6,1,3,0.0,0.0,5,0.0,1
344,6,1,3,0.0,0.0,5,0.0,1
345,6,1,3,0.0,0.0,5,0.0,1
346,6,1,3,0.0,0.0,5,0.0,1
347,6,1,3,0.0,0.0,5,0.0,1
348,6,1,3,0.0,0.0,5,0.0,1
349,6,1,3,0.0,0.0,5,0.0,1
350,6,1,3,0.0,0.0,5,0.0,1
351,6,1,3,0.0,0.0,5,0.0,1
352,6,1,3,0.0,0.0,5,0.0,1
353,6,1,3,0.0,0.0,5,0.0,1
354,6,1,3,0.0,0.0,5,0.0,1
355,6,1,3,0.0,0.0,5,0.0,1
356,6,1,3,0.0,0.0,5,0.0,1
357,6,1,3,0.0,0.0,5,0.0,1
358,6,1,3,0.0,0.0,5,0.0,1
359,6,1,3,0.0,0.0,5,0.0,1
360,6,1,3,0.0,0.0,5,0.0,1
361,6,1,3,0.0,0.0,5,0.0,1
362,6,1,3,0.0,0.0,5,0.0,1
363,6,1,3,0.0,0.0,5,0.0,1
364,6,1,3,0.0,0.0,5,0.0,1
365,6,1,3,0.0,0.0,5,0.0,1
366,6,1,2,0.0,0.0,5,0.0,1
367,6,1,2,0.0,0.0,5,0.0,1
368,6,1,2,0.0,0.0,5,0.0,1
369,6,1,2,0.0,0.0,5,0.0,1
370,6,1,2,0.0,0.0,5,0.0,1
371,6,1,2,0.0,0.0,5,0.0,1
372,6,1,2,0.0,0.0,5,0.0,1
373,6,1,2,0.0,0.0,5,0.0,1
374,6,1,2,0.0,0.0,5,0.0,1
375,6,1,2,0.0,0.0,5,0.0,1
376,6,1,2,0.0,0.0,5,0.0,1
377,6,1,2,0.0,0.0,5,0.0,1
378,6,1,2,0.0,0.0,5,0.0,1
379,6,1,2,0.0,0.0,5,0.0,1
380,6,1,2,0.0,0.0,5,0.0,1
381,6,1,2,0.0,0.0,5,0.0,1
382,6,1,2,0.0,0.0,5,0.0,1
383,6,1,2,0.0,0.0,5,0.0,1
384,6,1,2,0.0,0.0,5,0.0,1
385,6,1,2,0.0,0.0,5,0.0,1
386,6,1,2,0.0,0.0,5,0.0,1
387,6,1,2,0.0,0.0,5,0.0,1
388,6,1,2,0.0,0.0,5,0.0,1
389,6,1,2,0.0,0.0,5,0.0,1
390,6,1,2,0.0,0.0,5,0.0,1
391,6,1,2,0.0,0.0,5,0.0,1
392,6,1,2,0.0,0.0,5,0.0,1
393,6,1,2,0.003309265944645,0.0006619328439042,3,0.0,1
394,6,1,2,0.0,0.0006619328439042,5,0.0,1
395,6,1,2,0.0,0.0006619328439042,5,0.0,1
396,6,1,2,0.0,0.0006619328439042,5,0.0,1
397,6,1,2,0.0,0.0,5,0.0,1
398,6,1,2,0.0,0.0,5,0.0,1
399,6,1,2,0.0123345367027677,0.0024672042363702,3,0.0,1
400,6,1,2,0.0,0.0024672042363702,5,0.0,1
401,6,1,2,0.0,0.0024672042363702,5,0.0,1
402,6,1,2,0.0,0.0024672042363702,5,0.0,1
403,6,1,2,0.0,0.0024672042363702,5,0.0,1
404,6,1,2,0.0,0.0024672042363702,5,0.0,1
405,6,1,2,0.0,0.0024672042363702,5,0.0,1
406,6,1,2,0.0,0.0024672042363702,5,0.0,1
407,6,1,2,0.0,0.0024672042363702,5,0.0,1
408,6,1,2,0.0,0.0024672042363702,5,0.0,1
409,6,1,2,0.0,0.0024672042363702,5,0.0,1
410,6,1,2,0.0,0.0024672042363702,5,0.0,1
411,6,1,2,0.0,0.0024672042363702,5,0.0,1
412,6,1,2,0.0,0.0024672042363702,5,0.0,1
413,6,1,2,0.0,0.0024672042363702,5,0.0,1
414,6,1,2,0.0,0.0024672042363702,5,0.0,1
415,6,1,2,0.0,0.0024672042363702,5,0.0,1
416,6,1,2,0.0135379061371841,0.0051751113250692,3,0.0,1
417,6,1,2,0.0,0.0051751113250692,5,0.0,1
418,6,1,2,0.0,0.0051751113250692,5,0.0,1
419,6,1,2,0.0249699157641395,0.0101696955108918,4,0.0,1
420,6,1,2,0.0,0.0101696955108918,5,0.0,1
421,6,1,2,0.0,0.0101696955108918,5,0.0,1
422,6,1,2,0.0,0.0101696955108918,5,0.0,1
423,6,1,2,0.0,0.0101696955108918,5,0.0,1
424,6,1,2,0.0,0.0101696955108918,5,0.0,1
425,6,1,2,0.0,0.0,5,0.0,1
426,6,1,2,0.0252707581227436,0.0050547598989048,4,0.0,1
427,6,1,2,0.0,0.0050547598989048,5,0.0,1
428,6,1,2,0.0,0.0050547598989048,5,0.0,1
429,6,1,2,0.0039109506618531,0.0058370441689734,3,0.0,1
430,6,1,2,0.0,0.0058370441689734,5,0.0,1
431,6,1,2,0.0,0.0058370441689734,5,0.0,1
432,6,1,2,0.0,0.0058370441689734,5,0.0,1
433,6,1,2,0.0,0.0058370441689734,5,0.0,1
434,6,1,2,0.0,0.0058370441689734,5,0.0,1
435,6,1,2,0.0,0.0058370441689734,5,0.0,1
436,6,1,2,0.0,0.0058370441689734,5,0.0,1
437,6,1,2,0.0,0.0058370441689734,5,0.0,1
438,6,1,2,0.0,0.0058370441689734,5,0.0,1
439,6,1,2,0.0,0.0058370441689734,5,0.0,1
440,6,1,2,0.0,0.0058370441689734,5,0.0,1
441,6,1,2,0.0,0.0058370441689734,5,0.0,1
442,6,1,2,0.0,0.0058370441689734,5,0.0,1
443,6,1,2,0.0,0.0058370441689734,5,0.0,1
444,6,1,2,0.0,0.0058370441689734,5,0.0,1
445,6,1,2,0.0,0.0058370441689734,5,0.0,1
446,6,1,2,0.0,0.0058370441689734,5,0.0,1
447,6,1,2,0.0,0.0058370441689734,5,0.0,1
448,6,1,2,0.0267749699157641,0.0111926826332892,4,0.0,1
449,6,1,2,0.0,0.0111926826332892,5,0.0,1
450,6,1,2,0.0,0.0111926826332892,5,0.0,1
451,6,1,2,0.0,0.0111926826332892,5,0.0,1
452,6,1,2,0.0,0.0111926826332892,5,0.0,1
453,6,1,2,0.0,0.0111926826332892,5,0.0,1
454,6,1,2,0.0,0.0111926826332892,5,0.0,1
455,6,1,2,0.0,0.0111926826332892,5,0.0,1
456,6,1,2,0.0,0.0,5,0.0,1
457,6,1,2,0.0,0.0,5,0.0,1
458,6,1,2,0.0,0.0,5,0.0,1
459,6,1,2,0.0950661853188929,0.0190155253339752,4,0.0,2
460,6,1,2,0.0,0.0190155253339752,5,0.0,1
461,6,1,2,0.0,0.0190155253339752,5,0.0,1
462,6,1,2,0.0,0.0190155253339752,5,0.0,1
463,6,1,2,0.0,0.0190155253339752,5,0.0,1
464,6,1,2,0.0261732851985559,0.0242508123721266,4,0.0,1
465,6,1,2,0.0,0.0242508123721266,5,0.0,1
466,6,1,2,0.0,0.0242508123721266,5,0.0,1
467,6,1,2,0.0,0.0242508123721266,5,0.0,1
468,6,1,2,0.0,0.0242508123721266,5,0.0,1
469,6,1,2,0.0,0.0242508123721266,5,0.0,1
470,6,1,2,0.0,0.0242508123721266,5,0.0,1
471,6,1,2,0.0520457280385078,0.0346612107353472,4,0.0,2
472,6,1,2,0.0,0.0346612107353472,5,0.0,1
473,6,1,2,0.0,0.0346612107353472,5,0.0,1
474,6,1,2,0.0,0.0346612107353472,5,0.0,1
475,6,1,2,0.0,0.0346612107353472,5,0.0,1
476,6,1,2,0.0,0.0346612107353472,5,0.0,1
477,6,1,2,0.0,0.0346612107353472,5,0.0,1
478,6,1,2,0.0,0.0346612107353472,5,0.0,1
479,6,1,2,0.0,0.0346612107353472,5,0.0,1
480,6,1,2,0.0,0.0346612107353472,5,0.0,1
481,6,1,2,0.0,0.0346612107353472,5,0.0,1
482,6,1,2,0.0,0.0346612107353472,5,0.0,1
483,6,1,2,0.0,0.0346612107353472,5,0.0,1
484,6,1,2,0.0,0.0346612107353472,5,0.0,1
485,6,1,2,0.0,0.0346612107353472,5,0.0,1
486,6,1,2,0.0069193742478941,0.0013840414008906,3,0.0,1
487,6,1,2,0.0,0.0013840414008906,5,0.0,1
488,6,1,2,0.0,0.0013840414008906,5,0.0,1
489,6,1,2,0.0,0.0013840414008906,5,0.0,1
490,6,1,2,0.0222623345367027,0.0058370441689734,3,0.0,1
491,6,1,2,0.0568592057761732,0.0172102539415092,4,0.0,2
492,6,1,2,0.0809265944645006,0.033397520760621,4,0.0,2
493,6,1,2,0.0,0.033397520760621,5,0.0,1
494,6,1,2,0.0,0.033397520760621,5,0.0,1
495,6,1,2,0.0,0.033397520760621,5,0.0,1
496,6,1,2,0.0096269554753309,0.0353231435792514,3,0.0,1
497,6,1,2,0.0,0.0353231435792514,5,0.0,1
498,6,1,2,0.0,0.0353231435792514,5,0.0,1
499,6,1,2,0.0,0.0353231435792514,5,0.0,1
500,6,1,2,0.0129362214199759,0.037910699241786,3,0.0,1
501,6,1,2,0.0,0.037910699241786,5,0.0,1
502,6,1,2,0.0,0.037910699241786,5,0.0,1
503,6,1,2,0.0,0.037910699241786,5,0.0,1
504,6,1,2,0.02647412755716,0.0432061619930196,4,0.0,1
505,6,1,2,0.0,0.0432061619930196,5,0.0,1
506,6,1,2,0.0,0.0432061619930196,5,0.0,1
507,6,1,2,0.0,0.0432061619930196,5,0.0,1
508,6,1,2,0.0096269554753309,0.04513178481165,3,0.0,1
509,6,1,2,0.0,0.04513178481165,5,0.0,1
510,6,1,2,0.0,0.04513178481165,5,0.0,1
511,6,1,2,0.0,0.04513178481165,5,0.0,1
512,6,1,2,0.0,0.04513178481165,5,0.0,1
513,6,1,2,0.0012033694344163,0.0453724876639788,3,0.0,1
514,6,1,2,0.0114320096269554,0.0476591647611024,3,0.0,1
515,6,1,2,0.0,0.0476591647611024,5,0.0,1
516,6,1,2,0.0,0.0476591647611024,5,0.0,1
517,6,1,2,0.128459687123947,0.0256950294860994,2,0.0,0
518,6,1,2,0.0400120336943441,0.033698399326032,4,0.0,1
519,6,1,2,0.0394103489771359,0.0415814177398002,4,0.0,1
520,6,1,2,0.0682912154031287,0.0552413046094596,4,0.0,2
521,6,1,2,0.0589651022864019,0.0670357443735708,4,0.0,2
522,6,1,2,0.0646811070998796,0.0799735226862438,4,0.0,2
523,6,1,2,0.0090252707581227,0.0817787940787098,3,0.0,1
524,6,1,2,0.0,0.0817787940787098,5,0.0,1
525,6,1,2,0.0,0.0817787940787098,5,0.0,1
526,6,1,2,0.0481347773766546,0.0914069081718618,4,0.0,2
527,6,1,2,0.174488567990373,0.1263088217595378,2,0.0,0
528,6,1,2,0.138387484957882,0.1539896497773498,2,0.0,0
529,6,1,2,0.0102286401925391,0.1560356240221446,3,0.0,1
530,6,1,2,0.0764139590854392,0.1713202551450234,4,0.0,2
531,6,1,2,0.0932611311672683,0.1899747262005054,4,0.0,2
532,6,1,2,0.0069193742478941,0.191358767601396,3,0.0,1
533,6,1,2,0.1221419975932611,0.2157901071127693,2,0.0,0
534,6,1,2,0.0646811070998796,0.2287278854254423,4,0.0,2
535,6,1,2,0.023164861612515,0.2333614153327717,4,0.0,1
536,6,1,2,0.2148014440433213,0.2763268744734625,6,0.3333333333333333,0
537,6,1,2,0.0258724428399518,0.2815019857985317,4,0.0,1
538,6,1,2,0.0171480144404332,0.2849320014442171,3,0.0,1
539,6,1,2,0.0006016847172081,0.2850523528703815,3,0.0,1
540,6,1,2,0.003309265944645,0.2857142857142857,3,0.0,1
541,6,1,2,0.0361010830324909,0.2929353712841497,4,0.0,1
542,6,1,2,0.0427196149217809,0.3014803225418221,4,0.0,1
543,6,1,2,0.0776173285198556,0.3170056565170296,4,0.0,2
544,6,1,2,0.0421179302045728,0.3254302563485376,4,0.0,1
545,6,1,2,0.0538507821901323,0.3362017089902515,4,0.0,2
546,6,1,2,0.0634777376654633,0.3488987844505957,4,0.0,2
547,6,1,2,0.0,0.0,5,0.0,1
548,6,1,2,0.0288808664259927,0.0057768684558912,4,0.0,1
549,6,1,2,0.4299037304452467,0.091767962450355,1,0.6666666666666666,0
550,6,1,2,0.0327918170878459,0.0983271151763148,4,0.0,1
551,6,1,2,0.1266546329723225,0.123661090383921,2,0.0,0
552,6,1,2,0.0716004813477737,0.1379829100974846,4,0.0,2
553,6,1,2,0.5315884476534296,0.2443133951137321,1,0.6666666666666666,0
554,6,1,2,0.1013838748495788,0.2645926104224335,4,0.0,2
555,6,1,2,0.0,0.2645926104224335,5,0.0,1
556,6,1,2,0.0619735258724428,0.2769888073173667,4,0.0,2
557,6,1,2,0.118531889290012,0.3006980382717535,2,0.0,0
558,6,1,2,0.3366425992779783,0.3680346612107353,6,0.3333333333333333,0
559,6,1,2,0.0878459687123947,0.3856059694307377,4,0.0,2
560,6,1,2,0.0,0.3856059694307377,5,0.0,1
561,6,1,2,0.0192539109506618,0.3894572150679986,3,0.0,1
562,6,1,2,0.0291817087845968,0.3952942592369719,4,0.0,1
563,6,1,2,0.0342960288808664,0.4021542905283427,4,0.0,1
564,6,1,2,0.0451263537906137,0.4111806474906727,4,0.0,1
565,6,1,2,0.1107099879663056,0.4333253099049223,2,0.0,0
566,6,1,2,0.0809265944645006,0.4495125767240341,4,0.0,2
567,6,1,2,0.0427196149217809,0.4580575279817066,4,0.0,1
568,6,1,2,0.1080024067388688,0.4796606089782164,2,0.0,0
569,6,1,2,0.0129362214199759,0.482248164640751,3,0.0,1
570,6,1,2,0.0673886883273164,0.4957275243711637,4,0.0,2
571,6,1,2,0.0213598074608904,0.5,3,0.0,1
572,6,1,2,0.1209386281588447,0.5241906366590444,2,0.0,0
573,6,1,2,0.0502406738868832,0.5342399807437718,4,0.0,2
574,6,1,2,0.1323706377858002,0.5607172944999398,2,0.0,0
575,6,1,2,0.0511432009626955,0.5709471657239138,4,0.0,2
576,6,1,2,0.0782190132370637,0.5865928511252858,4,0.0,2
577,6,1,2,0.0057160048134777,0.5877361896738477,3,0.0,1
578,6,1,2,0.0,0.0,5,0.0,1
579,6,1,2,0.0,0.0,5,0.0,1
580,6,1,2,0.0902527075812274,0.01805271392466,4,0.0,2
581,6,1,2,0.0123345367027677,0.0205199181610302,3,0.0,1
582,6,1,2,0.0604693140794223,0.0326152364905524,4,0.0,2
583,6,1,2,0.0108303249097472,0.0347815621615116,3,0.0,1
584,6,1,2,0.0442238267148014,0.043627391984595,4,0.0,1
585,6,1,2,0.0442238267148014,0.0524732218076784,4,0.0,1
586,6,1,2,0.0,0.0524732218076784,5,0.0,1
587,6,1,2,0.0351985559566787,0.0595137802382958,4,0.0,1
588,6,1,2,0.1471119133574007,0.0889397039354916,2,0.0,0
589,6,1,2,0.0081227436823104,0.090564448188711,3,0.0,1
590,6,1,2,0.0,0.090564448188711,5,0.0,1
591,6,1,2,0.0087244283995186,0.0923095438680948,3,0.0,1
592,6,1,2,0.0006016847172081,0.0924298952942592,3,0.0,1
593,6,1,2,0.0135379061371841,0.0951378023829582,3,0.0,1
594,6,1,2,0.0186522262334536,0.0988686965940546,3,0.0,1
595,6,1,2,0.496690734055355,0.1982187988927668,1,0.6666666666666666,0
596,6,1,2,0.0141395908543922,0.2010470574076303,3,0.0,1
597,6,1,2,0.2087845968712395,0.2428090022866771,6,0.3333333333333333,0
598,6,1,2,0.03309265944645,0.2494283307257191,4,0.0,1
599,6,1,2,0.0806257521058965,0.2655554218317487,4,0.0,2
600,6,1,2,0.0376052948255114,0.2730773859670237,4,0.0,1
601,6,1,2,0.1820096269554753,0.3094836923817546,2,0.0,0
602,6,1,2,0.0,0.3094836923817546,5,0.0,1
603,6,1,2,0.1070998796630565,0.3309062462390179,2,0.0,0
604,6,1,2,0.0105294825511432,0.3330123961968949,3,0.0,1
605,6,1,2,0.0195547533092659,0.3369238175472379,3,0.0,1
606,6,1,2,0.1311672683513838,0.3631604284510771,2,0.0,0
607,6,1,2,0.0063176895306859,0.3644241184258033,3,0.0,1
608,6,1,2,0.0601684717208182,0.3764592610422433,4,0.0,2
609,6,1,2,0.1104091456077015,0.0220844867011674,2,0.0,0
610,6,1,2,0.0460288808664259,0.031291370802744,4,0.0,2
611,6,1,2,0.0108303249097472,0.0334576964737032,3,0.0,1
612,6,1,2,0.1161251504211793,0.0566855217234324,2,0.0,0
613,6,1,2,0.1621540312876053,0.0891202310747382,2,0.0,0
614,6,1,2,0.144705174488568,0.1180647490672764,2,0.0,0
615,6,1,2,0.0812274368231047,0.1343121915994704,4,0.0,2
616,6,1,2,0.0018050541516245,0.1346732458779636,3,0.0,1
617,6,1,2,0.0,0.1346732458779636,5,0.0,1
618,6,1,2,0.1314681107099879,0.160970032494885,2,0.0,0
619,6,1,2,0.1684717208182912,0.194668431820917,2,0.0,0
620,6,1,2,0.0,0.194668431820917,5,0.0,1
621,6,1,2,0.0770156438026474,0.2100734143699603,4,0.0,2
622,6,1,2,0.1074007220216606,0.2315561439403057,2,0.0,0
623,6,1,2,0.0288808664259927,0.2373330123961968,4,0.0,1
624,6,1,2,0.1925391095066185,0.2758454687688049,2,0.0,0
625,6,1,2,0.023164861612515,0.2804789986761343,4,0.0,1
626,6,1,2,0.0171480144404332,0.2839090143218197,3,0.0,1
627,6,1,2,0.0237665463297232,0.2886628956553135,4,0.0,1
628,6,1,2,0.0054151624548736,0.2897460584907931,3,0.0,1
629,6,1,2,0.1642599277978339,0.3226019978336743,2,0.0,0
630,6,1,2,0.0,0.3226019978336743,5,0.0,1
631,6,1,2,0.0508423586040914,0.3327716933445661,4,0.0,2
632,6,1,2,0.0529482551143201,0.3433626188470333,4,0.0,2
633,6,1,2,0.3375451263537906,0.4108797689252617,6,0.3333333333333333,0
634,6,1,2,0.2397713598074609,0.4588398122517751,6,0.3333333333333333,0
635,6,1,2,0.0722021660649819,0.4732819833915032,4,0.0,2
636,6,1,2,0.0965703971119133,0.4925983872908894,4,0.0,2
637,6,1,2,0.0234657039711191,0.497292092911301,4,0.0,1
638,6,1,2,0.1380866425992779,0.5249127452160308,2,0.0,0
639,6,1,2,0.0,0.0,5,0.0,1
640,6,1,2,0.04632972322503,0.0092670598146588,4,0.0,2
641,6,1,2,0.0,0.0092670598146588,5,0.0,1
642,6,1,2,0.0499398315282791,0.019256228186304,4,0.0,2
643,6,1,2,0.003610108303249,0.0199783367432904,3,0.0,1
644,6,1,2,0.0084235860409145,0.021663256709592,3,0.0,1
645,6,1,2,0.0373044524669073,0.0291250451317848,4,0.0,1
646,6,1,2,0.0177496991576413,0.0326754122036346,3,0.0,1
647,6,1,2,0.0270758122743682,0.0380912263810326,4,0.0,1
648,6,1,2,0.0024067388688327,0.0385726320856902,3,0.0,1
649,6,1,2,0.0,0.0385726320856902,5,0.0,1
650,6,1,2,0.0006016847172081,0.0386929835118546,3,0.0,1
651,6,1,2,0.0,0.0386929835118546,5,0.0,1
652,6,1,2,0.003309265944645,0.0393549163557588,3,0.0,1
653,6,1,2,0.000300842358604,0.039415092068841,3,0.0,1
654,6,1,2,0.0249699157641395,0.0444096762546636,4,0.0,1
655,6,1,2,0.0336943441636582,0.05114935611987,4,0.0,1
656,6,1,2,0.0216606498194945,0.0554820074617884,3,0.0,1
657,6,1,2,0.0105294825511432,0.0575881574196654,3,0.0,1
658,6,1,2,0.0391095066185318,0.0654110001203514,4,0.0,1
659,6,1,2,0.0201564380264741,0.0694427728968588,3,0.0,1
660,6,1,2,0.0168471720818291,0.072812612829462,3,0.0,1
661,6,1,2,0.0634777376654633,0.0855096882898062,4,0.0,2
662,6,1,2,0.0535499398315282,0.0962209652184378,4,0.0,2
663,6,1,2,0.0216606498194945,0.1005536165603562,3,0.0,1
664,6,1,2,0.0415162454873646,0.1088578649656998,4,0.0,1
665,6,1,2,0.0,0.1088578649656998,5,0.0,1
666,6,1,2,0.0039109506618531,0.1096401492357684,3,0.0,1
667,6,1,2,0.0204572803850782,0.113732097725358,3,0.0,1
668,6,1,2,0.0,0.113732097725358,5,0.0,1
669,6,1,2,0.0186522262334536,0.1174629919364544,3,0.0,1
670,6,1,2,0.0,0.0,5,0.0,1
671,6,1,2,0.0,0.0,5,0.0,1
672,6,1,2,0.0,0.0,5,0.0,1
673,6,1,2,0.0,0.0,5,0.0,1
674,6,1,2,0.0,0.0,5,0.0,1
675,6,1,2,0.0,0.0,5,0.0,1
676,6,1,2,0.0015042117930204,0.000300878565411,3,0.0,1
677,6,1,2,0.0,0.000300878565411,5,0.0,1
678,6,1,2,0.0063176895306859,0.0015645685401372,3,0.0,1
679,6,1,2,0.0213598074608904,0.0058370441689734,3,0.0,1
680,6,1,2,0.0,0.0058370441689734,5,0.0,1
681,6,1,2,0.0270758122743682,0.0112528583463714,4,0.0,1
682,6,1,2,0.0,0.0112528583463714,5,0.0,1
683,6,1,2,0.0,0.0112528583463714,5,0.0,1
684,6,1,2,0.0,0.0112528583463714,5,0.0,1
685,6,1,2,0.0,0.0112528583463714,5,0.0,1
686,6,1,2,0.0,0.0112528583463714,5,0.0,1
687,6,1,2,0.0195547533092659,0.0151642796967144,3,0.0,1
688,6,1,2,0.0,0.0151642796967144,5,0.0,1
689,6,1,2,0.0,0.0151642796967144,5,0.0,1
690,6,1,2,0.0803249097472924,0.0312311950896618,4,0.0,2
691,6,1,2,0.0096269554753309,0.0331568179082922,3,0.0,1
692,6,1,2,0.0,0.0331568179082922,5,0.0,1
693,6,1,2,0.0,0.0331568179082922,5,0.0,1
694,6,1,2,0.1362815884476534,0.0604164159345288,2,0.0,0
695,6,1,2,0.115222623345367,0.0834637140450114,2,0.0,0
696,6,1,2,0.0096269554753309,0.0853893368636418,3,0.0,1
697,6,1,2,0.0,0.0853893368636418,5,0.0,1
698,6,1,2,0.0,0.0853893368636418,5,0.0,1
699,6,1,2,0.0,0.0853893368636418,5,0.0,1
700,6,1,2,0.0,0.0,5,0.0,1
701,6,1,2,0.0102286401925391,0.0020459742447948,3,0.0,1
702,6,1,2,0.0,0.0020459742447948,5,0.0,1
703,6,1,2,0.0700962695547533,0.0160669153929474,4,0.0,2
704,6,1,2,0.0123345367027677,0.0185341196293176,3,0.0,1
705,6,1,2,0.0,0.0185341196293176,5,0.0,1
706,6,1,2,0.0,0.0185341196293176,5,0.0,1
707,6,1,2,0.0303850782190132,0.0246118666506198,4,0.0,1
708,6,1,2,0.0,0.0246118666506198,5,0.0,1
709,6,1,2,0.0,0.0246118666506198,5,0.0,1
710,6,1,2,0.0370036101083032,0.0320134793597304,4,0.0,1
711,6,1,2,0.0,0.0320134793597304,5,0.0,1
712,6,1,2,0.0,0.0320134793597304,5,0.0,1
713,6,1,2,0.0,0.0320134793597304,5,0.0,1
714,6,1,2,0.0,0.0320134793597304,5,0.0,1
715,6,1,2,0.0,0.0320134793597304,5,0.0,1
716,6,1,2,0.0,0.0320134793597304,5,0.0,1
717,6,1,2,0.0,0.0320134793597304,5,0.0,1
718,6,1,2,0.0,0.0320134793597304,5,0.0,1
719,6,1,2,0.0,0.0320134793597304,5,0.0,1
720,6,1,2,0.0,0.0320134793597304,5,0.0,1
721,6,1,2,0.0,0.0320134793597304,5,0.0,1
722,6,1,2,0.0162454873646209,0.0352629678661692,3,0.0,1
723,6,1,2,0.0,0.0352629678661692,5,0.0,1
724,6,1,2,0.0,0.0352629678661692,5,0.0,1
725,6,1,2,0.0,0.0352629678661692,5,0.0,1
726,6,1,2,0.0,0.0352629678661692,5,0.0,1
727,6,1,2,0.0,0.0352629678661692,5,0.0,1
728,6,1,2,0.0,0.0352629678661692,5,0.0,1
729,6,1,2,0.0,0.0352629678661692,5,0.0,1
730,6,1,2,0.0,0.0352629678661692,5,0.0,1
731,6,1,0,0.0,0.0,5,0.0,1
732,6,1,0,0.0,0.0,5,0.0,1
733,6,1,0,0.0,0.0,5,0.0,1
734,6,1,0,0.0,0.0,5,0.0,1
735,6,1,0,0.0,0.0,5,0.0,1
736,6,1,0,0.0,0.0,5,0.0,1
737,6,1,0,0.0,0.0,5,0.0,1
738,6,1,0,0.0,0.0,5,0.0,1
739,6,1,0,0.0,0.0,5,0.0,1
740,6,1,0,0.0,0.0,5,0.0,1
741,6,1,0,0.0,0.0,5,0.0,1
742,6,1,0,0.0,0.0,5,0.0,1
743,6,1,0,0.0,0.0,5,0.0,1
744,6,1,0,0.0,0.0,5,0.0,1
745,6,1,0,0.0,0.0,5,0.0,1
746,6,1,0,0.0,0.0,5,0.0,1
747,6,1,0,0.0,0.0,5,0.0,1
748,6,1,0,0.0,0.0,5,0.0,1
749,6,1,0,0.0,0.0,5,0.0,1
750,6,1,0,0.0,0.0,5,0.0,1
751,6,1,0,0.0,0.0,5,0.0,1
752,6,1,0,0.0358002406738868,0.0071609098567818,4,0.0,1
753,6,1,0,0.0,0.0071609098567818,5,0.0,1
754,6,1,0,0.0,0.0071609098567818,5,0.0,1
755,6,1,0,0.0,0.0071609098567818,5,0.0,1
756,6,1,0,0.0,0.0071609098567818,5,0.0,1
757,6,1,0,0.0,0.0071609098567818,5,0.0,1
758,6,1,0,0.0,0.0071609098567818,5,0.0,1
759,6,1,0,0.0,0.0071609098567818,5,0.0,1
760,6,1,0,0.0,0.0071609098567818,5,0.0,1
761,6,1,0,0.0,0.0071609098567818,5,0.0,1
762,6,1,0,0.0,0.0,5,0.0,1
763,6,1,0,0.0,0.0,5,0.0,1
764,6,1,0,0.0,0.0,5,0.0,1
765,6,1,0,0.0,0.0,5,0.0,1
766,6,1,0,0.0,0.0,5,0.0,1
767,6,1,0,0.0,0.0,5,0.0,1
768,6,1,0,0.0,0.0,5,0.0,1
769,6,1,0,0.0,0.0,5,0.0,1
770,6,1,0,0.0,0.0,5,0.0,1
771,6,1,0,0.0,0.0,5,0.0,1
772,6,1,0,0.0,0.0,5,0.0,1
773,6,1,0,0.0,0.0,5,0.0,1
774,6,1,0,0.0,0.0,5,0.0,1
775,6,1,0,0.0,0.0,5,0.0,1
776,6,1,0,0.0,0.0,5,0.0,1
777,6,1,0,0.0,0.0,5,0.0,1
778,6,1,0,0.0,0.0,5,0.0,1
779,6,1,0,0.0,0.0,5,0.0,1
780,6,1,0,0.0,0.0,5,0.0,1
781,6,1,0,0.0,0.0,5,0.0,1
782,6,1,0,0.0,0.0,5,0.0,1
783,6,1,0,0.0,0.0,5,0.0,1
784,6,1,0,0.0,0.0,5,0.0,1
785,6,1,0,0.0,0.0,5,0.0,1
786,6,1,0,0.0,0.0,5,0.0,1
787,6,1,0,0.0,0.0,5,0.0,1
788,6,1,0,0.0,0.0,5,0.0,1
789,6,1,0,0.0,0.0,5,0.0,1
790,6,1,0,0.0,0.0,5,0.0,1
791,6,1,0,0.0,0.0,5,0.0,1
792,6,1,0,0.0,0.0,5,0.0,1
793,6,1,0,0.0,0.0,5,0.0,1
794,6,1,0,0.0,0.0,5,0.0,1
795,6,1,0,0.0,0.0,5,0.0,1
796,6,1,0,0.0,0.0,5,0.0,1
797,6,1,0,0.0,0.0,5,0.0,1
798,6,1,0,0.0,0.0,5,0.0,1
799,6,1,0,0.0,0.0,5,0.0,1
800,6,1,0,0.0,0.0,5,0.0,1
801,6,1,0,0.0,0.0,5,0.0,1
802,6,1,0,0.0,0.0,5,0.0,1
803,6,1,0,0.0,0.0,5,0.0,1
804,6,1,0,0.0,0.0,5,0.0,1
805,6,1,0,0.0,0.0,5,0.0,1
806,6,1,0,0.0,0.0,5,0.0,1
807,6,1,0,0.0,0.0,5,0.0,1
808,6,1,0,0.0,0.0,5,0.0,1
809,6,1,0,0.0,0.0,5,0.0,1
810,6,1,0,0.0,0.0,5,0.0,1
811,6,1,0,0.0,0.0,5,0.0,1
812,6,1,0,0.0,0.0,5,0.0,1
813,6,1,0,0.0,0.0,5,0.0,1
814,6,1,0,0.0,0.0,5,0.0,1
815,6,1,0,0.0,0.0,5,0.0,1
816,6,1,0,0.0,0.0,5,0.0,1
817,6,1,0,0.0,0.0,5,0.0,1
818,6,1,0,0.0,0.0,5,0.0,1
819,6,1,0,0.0,0.0,5,0.0,1
820,6,1,0,0.0,0.0,5,0.0,1
821,6,1,0,0.0,0.0,5,0.0,1
822,6,1,0,0.0,0.0,5,0.0,1
823,6,1,0,0.0,0.0,5,0.0,1
824,6,1,0,0.0,0.0,5,0.0,1
825,6,1,0,0.0168471720818291,0.0033698399326032,3,0.0,1
826,6,1,0,0.0,0.0033698399326032,5,0.0,1
827,6,1,0,0.0,0.0033698399326032,5,0.0,1
828,6,1,0,0.0,0.0033698399326032,5,0.0,1
829,6,1,0,0.0,0.0033698399326032,5,0.0,1
830,6,1,0,0.0,0.0033698399326032,5,0.0,1
831,6,1,0,0.0,0.0033698399326032,5,0.0,1
832,6,1,0,0.0,0.0033698399326032,5,0.0,1
833,6,1,0,0.0,0.0033698399326032,5,0.0,1
834,6,1,0,0.0,0.0033698399326032,5,0.0,1
835,6,1,0,0.0,0.0033698399326032,5,0.0,1
836,6,1,0,0.0,0.0033698399326032,5,0.0,1
837,6,1,0,0.0,0.0033698399326032,5,0.0,1
838,6,1,0,0.0,0.0033698399326032,5,0.0,1
839,6,1,0,0.0,0.0033698399326032,5,0.0,1
840,6,1,0,0.0189530685920577,0.0071609098567818,3,0.0,1
841,6,1,0,0.0,0.0071609098567818,5,0.0,1
842,6,1,0,0.0,0.0071609098567818,5,0.0,1
843,6,1,0,0.0,0.0071609098567818,5,0.0,1
844,6,1,0,0.0,0.0071609098567818,5,0.0,1
845,6,1,0,0.0,0.0071609098567818,5,0.0,1
846,6,1,0,0.0,0.0071609098567818,5,0.0,1
847,6,1,0,0.0,0.0071609098567818,5,0.0,1
848,6,1,0,0.000300842358604,0.007221085569864,3,0.0,1
849,6,1,0,0.0,0.007221085569864,5,0.0,1
850,6,1,0,0.0,0.007221085569864,5,0.0,1
851,6,1,0,0.0,0.0,5,0.0,1
852,6,1,0,0.0072202166064981,0.0014442171139728,3,0.0,1
853,6,1,0,0.009927797833935,0.0034300156456854,3,0.0,1
854,6,1,0,0.0,0.0034300156456854,5,0.0,1
855,6,1,0,0.0,0.0034300156456854,5,0.0,1
856,6,1,0,0.0,0.0034300156456854,5,0.0,1
857,6,1,0,0.0,0.0034300156456854,5,0.0,1
858,6,1,0,0.0,0.0034300156456854,5,0.0,1
859,6,1,0,0.0,0.0034300156456854,5,0.0,1
860,6,1,0,0.0,0.0034300156456854,5,0.0,1
861,6,1,0,0.0,0.0034300156456854,5,0.0,1
862,6,1,0,0.0027075812274368,0.0039715970634252,3,0.0,1
863,6,1,0,0.0,0.0039715970634252,5,0.0,1
864,6,1,0,0.0027075812274368,0.004513178481165,3,0.0,1
865,6,1,0,0.0,0.004513178481165,5,0.0,1
866,6,1,0,0.0,0.004513178481165,5,0.0,1
867,6,1,0,0.0,0.004513178481165,5,0.0,1
868,6,1,0,0.0,0.004513178481165,5,0.0,1
869,6,1,0,0.000300842358604,0.0045733541942472,3,0.0,1
870,6,1,0,0.0,0.0045733541942472,5,0.0,1
871,6,1,0,0.0,0.0045733541942472,5,0.0,1
872,6,1,0,0.0027075812274368,0.005114935611987,3,0.0,1
873,6,1,0,0.0,0.005114935611987,5,0.0,1
874,6,1,0,0.0,0.005114935611987,5,0.0,1
875,6,1,0,0.0,0.005114935611987,5,0.0,1
876,6,1,0,0.0,0.005114935611987,5,0.0,1
877,6,1,0,0.0,0.005114935611987,5,0.0,1
878,6,1,0,0.0,0.005114935611987,5,0.0,1
879,6,1,0,0.0,0.005114935611987,5,0.0,1
880,6,1,0,0.0,0.005114935611987,5,0.0,1
881,6,1,0,0.0,0.005114935611987,5,0.0,1
882,6,1,0,0.0,0.0,5,0.0,1
883,6,1,0,0.0,0.0,5,0.0,1
884,6,1,0,0.003610108303249,0.0007221085569864,3,0.0,1
885,6,1,0,0.0108303249097472,0.0028884342279456,3,0.0,1
886,6,1,0,0.1356799037304452,0.0300276808280178,2,0.0,0
887,6,1,0,0.0,0.0300276808280178,5,0.0,1
888,6,1,0,0.0631768953068592,0.0426645805752798,4,0.0,2
889,6,1,0,0.0,0.0426645805752798,5,0.0,1
890,6,1,0,0.0054151624548736,0.0437477434107594,3,0.0,1
891,6,1,0,0.0,0.0437477434107594,5,0.0,1
892,6,1,0,0.0,0.0437477434107594,5,0.0,1
893,6,1,0,0.000300842358604,0.0438079191238416,3,0.0,1
894,6,1,0,0.0,0.0438079191238416,5,0.0,1
895,6,1,0,0.0,0.0438079191238416,5,0.0,1
896,6,1,0,0.0,0.0438079191238416,5,0.0,1
897,6,1,0,0.0204572803850782,0.0478998676134312,3,0.0,1
898,6,1,0,0.0,0.0478998676134312,5,0.0,1
899,6,1,0,0.0,0.0478998676134312,5,0.0,1
900,6,1,0,0.0,0.0478998676134312,5,0.0,1
901,6,1,0,0.0,0.0478998676134312,5,0.0,1
902,6,1,0,0.0,0.0478998676134312,5,0.0,1
903,6,1,0,0.0,0.0478998676134312,5,0.0,1
904,6,1,0,0.0,0.0478998676134312,5,0.0,1
905,6,1,0,0.0,0.0478998676134312,5,0.0,1
906,6,1,0,0.0,0.0478998676134312,5,0.0,1
907,6,1,0,0.0,0.0478998676134312,5,0.0,1
908,6,1,0,0.0,0.0478998676134312,5,0.0,1
909,6,1,0,0.0800240673886883,0.0639066072932964,4,0.0,2
910,6,1,0,0.0,0.0639066072932964,5,0.0,1
911,6,1,0,0.0,0.0639066072932964,5,0.0,1
912,6,1,0,0.0,0.0,5,0.0,1
913,6,1,0,0.0327918170878459,0.0065591527259598,4,0.0,1
914,6,1,0,0.0,0.0065591527259598,5,0.0,1
915,6,1,0,0.0,0.0065591527259598,5,0.0,1
916,6,1,0,0.0,0.0065591527259598,5,0.0,1
917,6,1,0,0.0,0.0065591527259598,5,0.0,1
918,6,1,0,0.0,0.0065591527259598,5,0.0,1
919,6,1,0,0.0,0.0065591527259598,5,0.0,1
920,6,1,0,0.0,0.0065591527259598,5,0.0,1
921,6,1,0,0.0,0.0065591527259598,5,0.0,1
922,6,1,0,0.0,0.0065591527259598,5,0.0,1
923,6,1,0,0.0,0.0065591527259598,5,0.0,1
924,6,1,0,0.0276774969915764,0.0120953183295222,4,0.0,1
925,6,1,0,0.0,0.0120953183295222,5,0.0,1
926,6,1,0,0.0,0.0120953183295222,5,0.0,1
927,6,1,0,0.0,0.0120953183295222,5,0.0,1
928,6,1,0,0.0,0.0120953183295222,5,0.0,1
929,6,1,0,0.01323706377858,0.014743049705139,3,0.0,1
930,6,1,0,0.0,0.014743049705139,5,0.0,1
931,6,1,0,0.0,0.014743049705139,5,0.0,1
932,6,1,0,0.0261732851985559,0.0199783367432904,4,0.0,1
933,6,1,0,0.0388086642599278,0.0277410037308942,4,0.0,1
934,6,1,0,0.0472322503008423,0.0371885906847996,4,0.0,2
935,6,1,0,0.0246690734055354,0.04212299915754,4,0.0,1
936,6,1,0,0.0,0.04212299915754,5,0.0,1
937,6,1,0,0.0598676293622141,0.0540979660608978,4,0.0,2
938,6,1,0,0.0,0.0540979660608978,5,0.0,1
939,6,1,0,0.0,0.0540979660608978,5,0.0,1
940,6,1,0,0.0,0.0540979660608978,5,0.0,1
941,6,1,0,0.0,0.0540979660608978,5,0.0,1
942,6,1,0,0.0,0.0540979660608978,5,0.0,1
943,6,1,0,0.0,0.0,5,0.0,1
944,6,1,0,0.0,0.0,5,0.0,1
945,6,1,0,0.0,0.0,5,0.0,1
946,6,1,0,0.0300842358604091,0.00601757130822,4,0.0,1
947,6,1,0,0.0171480144404332,0.0094475869539054,3,0.0,1
948,6,1,0,0.0,0.0094475869539054,5,0.0,1
949,6,1,0,0.0111311672683513,0.0116740883379468,3,0.0,1
950,6,1,0,0.0,0.0116740883379468,5,0.0,1
951,6,1,0,0.0523465703971119,0.0221446624142496,4,0.0,2
952,6,1,0,0.0126353790613718,0.024672042363702,3,0.0,1
953,6,1,0,0.0,0.024672042363702,5,0.0,1
954,6,1,0,0.0,0.024672042363702,5,0.0,1
955,6,1,0,0.0249699157641395,0.0296666265495246,4,0.0,1
956,6,1,0,0.0,0.0296666265495246,5,0.0,1
957,6,1,0,0.0785198555956678,0.0453724876639788,4,0.0,2
958,6,1,0,0.0,0.0453724876639788,5,0.0,1
959,6,1,0,0.0,0.0453724876639788,5,0.0,1
960,6,1,0,0.0,0.0453724876639788,5,0.0,1
961,6,1,0,0.0039109506618531,0.0461547719340474,3,0.0,1
962,6,1,0,0.0,0.0461547719340474,5,0.0,1
963,6,1,0,0.0117328519855595,0.0485016247442532,3,0.0,1
964,6,1,0,0.0018050541516245,0.0488626790227464,3,0.0,1
965,6,1,0,0.0,0.0488626790227464,5,0.0,1
966,6,1,0,0.0,0.0488626790227464,5,0.0,1
967,6,1,0,0.0,0.0488626790227464,5,0.0,1
968,6,1,0,0.0351985559566787,0.0559032374533638,4,0.0,1
969,6,1,0,0.0171480144404332,0.0593332530990492,3,0.0,1
970,6,1,0,0.0,0.0593332530990492,5,0.0,1
971,6,1,0,0.0240673886883273,0.0641473101456252,4,0.0,1
972,6,1,0,0.0,0.0641473101456252,5,0.0,1
973,6,1,0,0.0024067388688327,0.0646287158502828,3,0.0,1
974,6,1,0,0.0,0.0,5,0.0,1
975,6,1,0,0.0,0.0,5,0.0,1
976,6,1,0,0.0111311672683513,0.0022265013840414,3,0.0,1
977,6,1,0,0.0,0.0022265013840414,5,0.0,1
978,6,1,0,0.0,0.0022265013840414,5,0.0,1
979,6,1,0,0.0,0.0022265013840414,5,0.0,1
980,6,1,0,0.0,0.0022265013840414,5,0.0,1
981,6,1,0,0.0,0.0022265013840414,5,0.0,1
982,6,1,0,0.0081227436823104,0.0038512456372608,3,0.0,1
983,6,1,0,0.0069193742478941,0.0052352870381514,3,0.0,1
984,6,1,0,0.0,0.0052352870381514,5,0.0,1
985,6,1,0,0.0,0.0052352870381514,5,0.0,1
986,6,1,0,0.0,0.0052352870381514,5,0.0,1
987,6,1,0,0.0,0.0052352870381514,5,0.0,1
988,6,1,0,0.0123345367027677,0.0077024912745216,3,0.0,1
989,6,1,0,0.0,0.0077024912745216,5,0.0,1
990,6,1,0,0.0,0.0077024912745216,5,0.0,1
991,6,1,0,0.0219614921780986,0.0120953183295222,3,0.0,1
992,6,1,0,0.0,0.0120953183295222,5,0.0,1
993,6,1,0,0.0027075812274368,0.012636899747262,3,0.0,1
994,6,1,0,0.0315884476534296,0.018955349620893,4,0.0,1
995,6,1,0,0.0069193742478941,0.0203393910217836,3,0.0,1
996,6,1,0,0.029783393501805,0.0262967866169214,4,0.0,1
997,6,1,0,0.000300842358604,0.0263569623300036,3,0.0,1
998,6,1,0,0.0021058965102286,0.026778192321579,3,0.0,1
999,6,1,0,0.0240673886883273,0.031592249368155,4,0.0,1
1000,6,1,0,0.0,0.031592249368155,5,0.0,1
1001,6,1,0,0.0,0.031592249368155,5,0.0,1
1002,6,1,0,0.0,0.031592249368155,5,0.0,1
1003,6,1,0,0.0,0.031592249368155,5,0.0,1
1004,6,1,0,0.0081227436823104,0.0016247442532194,3,0.0,1
1005,6,1,0,0.0,0.0016247442532194,5,0.0,1
1006,6,1,0,0.0,0.0016247442532194,5,0.0,1
1007,6,1,0,0.0,0.0016247442532194,5,0.0,1
1008,6,1,0,0.0,0.0016247442532194,5,0.0,1
1009,6,1,0,0.0,0.0016247442532194,5,0.0,1
1010,6,1,0,0.0,0.0016247442532194,5,0.0,1
1011,6,1,0,0.0,0.0016247442532194,5,0.0,1
1012,6,1,0,0.0069193742478941,0.00300878565411,3,0.0,1
1013,6,1,0,0.0,0.00300878565411,5,0.0,1
1014,6,1,0,0.009927797833935,0.0049945841858226,3,0.0,1
1015,6,1,0,0.0,0.0049945841858226,5,0.0,1
1016,6,1,0,0.003309265944645,0.0056565170297268,3,0.0,1
1017,6,1,0,0.0,0.0056565170297268,5,0.0,1
1018,6,1,0,0.0,0.0056565170297268,5,0.0,1
1019,6,1,0,0.0,0.0056565170297268,5,0.0,1
1020,6,1,0,0.0,0.0056565170297268,5,0.0,1
1021,6,1,0,0.0,0.0056565170297268,5,0.0,1
1022,6,1,0,0.0069193742478941,0.0070405584306174,3,0.0,1
1023,6,1,0,0.0,0.0070405584306174,5,0.0,1
1024,6,1,0,0.0021058965102286,0.0074617884221928,3,0.0,1
1025,6,1,0,0.0,0.0074617884221928,5,0.0,1
1026,6,1,0,0.0177496991576413,0.0110121554940426,3,0.0,1
1027,6,1,0,0.0,0.0110121554940426,5,0.0,1
1028,6,1,0,0.0057160048134777,0.0121554940426044,3,0.0,1
1029,6,1,0,0.0,0.0121554940426044,5,0.0,1
1030,6,1,0,0.0,0.0121554940426044,5,0.0,1
1031,6,1,0,0.0093261131167268,0.0140209411481526,3,0.0,1
1032,6,1,0,0.0,0.0140209411481526,5,0.0,1
1033,6,1,0,0.0,0.0140209411481526,5,0.0,1
1034,6,1,0,0.0,0.0140209411481526,5,0.0,1
1035,6,1,0,0.0,0.0,5,0.0,1
1036,6,1,0,0.0,0.0,5,0.0,1
1037,6,1,0,0.0,0.0,5,0.0,1
1038,6,1,0,0.0,0.0,5,0.0,1
1039,6,1,0,0.0,0.0,5,0.0,1
1040,6,1,0,0.0,0.0,5,0.0,1
1041,6,1,0,0.0,0.0,5,0.0,1
1042,6,1,0,0.0,0.0,5,0.0,1
1043,6,1,0,0.0,0.0,5,0.0,1
1044,6,1,0,0.0,0.0,5,0.0,1
1045,6,1,0,0.0,0.0,5,0.0,1
1046,6,1,0,0.0,0.0,5,0.0,1
1047,6,1,0,0.0,0.0,5,0.0,1
1048,6,1,0,0.0,0.0,5,0.0,1
1049,6,1,0,0.0,0.0,5,0.0,1
1050,6,1,0,0.0,0.0,5,0.0,1
1051,6,1,0,0.0,0.0,5,0.0,1
1052,6,1,0,0.0,0.0,5,0.0,1
1053,6,1,0,0.0,0.0,5,0.0,1
1054,6,1,0,0.0,0.0,5,0.0,1
1055,6,1,0,0.0,0.0,5,0.0,1
1056,6,1,0,0.0,0.0,5,0.0,1
1057,6,1,0,0.0,0.0,5,0.0,1
1058,6,1,0,0.0,0.0,5,0.0,1
1059,6,1,0,0.0,0.0,5,0.0,1
1060,6,1,0,0.0,0.0,5,0.0,1
1061,6,1,0,0.0,0.0,5,0.0,1
1062,6,1,0,0.0,0.0,5,0.0,1
1063,6,1,0,0.0,0.0,5,0.0,1
1064,6,1,0,0.0,0.0,5,0.0,1
1065,6,1,0,0.0,0.0,5,0.0,1
1066,6,1,0,0.0,0.0,5,0.0,1
1067,6,1,0,0.0,0.0,5,0.0,1
1068,6,1,0,0.0,0.0,5,0.0,1
1069,6,1,0,0.0,0.0,5,0.0,1
1070,6,1,0,0.0,0.0,5,0.0,1
1071,6,1,0,0.0,0.0,5,0.0,1
1072,6,1,0,0.0,0.0,5,0.0,1
1073,6,1,0,0.0,0.0,5,0.0,1
1074,6,1,0,0.0,0.0,5,0.0,1
1075,6,1,0,0.0,0.0,5,0.0,1
1076,6,1,0,0.0,0.0,5,0.0,1
1077,6,1,0,0.0,0.0,5,0.0,1
1078,6,1,0,0.0,0.0,5,0.0,1
1079,6,1,0,0.0,0.0,5,0.0,1
1080,6,1,0,0.0,0.0,5,0.0,1
1081,6,1,0,0.0,0.0,5,0.0,1
1082,6,1,0,0.0,0.0,5,0.0,1
1083,6,1,0,0.0,0.0,5,0.0,1
1084,6,1,0,0.0,0.0,5,0.0,1
1085,6,1,0,0.0,0.0,5,0.0,1
1086,6,1,0,0.0,0.0,5,0.0,1
1087,6,1,0,0.0,0.0,5,0.0,1
1088,6,1,0,0.0,0.0,5,0.0,1
1089,6,1,0,0.0,0.0,5,0.0,1
1090,6,1,0,0.0,0.0,5,0.0,1
1091,6,1,0,0.0,0.0,5,0.0,1
1092,6,1,0,0.0,0.0,5,0.0,1
1093,6,1,0,0.0,0.0,5,0.0,1
1094,6,1,0,0.0,0.0,5,0.0,1
1095,6,1,0,0.0,0.0,5,0.0,1
1096,6,1,3,0.0,0.0,5,0.0,1
1097,6,1,3,0.0,0.0,5,0.0,1
1098,6,1,3,0.0,0.0,5,0.0,1
1099,6,1,3,0.0,0.0,5,0.0,1
1100,6,1,3,0.0,0.0,5,0.0,1
1101,6,1,3,0.0,0.0,5,0.0,1
1102,6,1,3,0.0,0.0,5,0.0,1
1103,6,1,3,0.0,0.0,5,0.0,1
1104,6,1,3,0.0,0.0,5,0.0,1
1105,6,1,3,0.0,0.0,5,0.0,1
1106,6,1,3,0.0,0.0,5,0.0,1
1107,6,1,3,0.0,0.0,5,0.0,1
1108,6,1,3,0.0,0.0,5,0.0,1
1109,6,1,3,0.0,0.0,5,0.0,1
1110,6,1,3,0.0,0.0,5,0.0,1
1111,6,1,3,0.0,0.0,5,0.0,1
1112,6,1,3,0.0,0.0,5,0.0,1
1113,6,1,3,0.0,0.0,5,0.0,1
1114,6,1,3,0.0,0.0,5,0.0,1
1115,6,1,3,0.0,0.0,5,0.0,1
1116,6,1,3,0.0102286401925391,0.0020459742447948,3,0.0,1
1117,6,1,3,0.0,0.0020459742447948,5,0.0,1
1118,6,1,3,0.0,0.0020459742447948,5,0.0,1
1119,6,1,3,0.0,0.0020459742447948,5,0.0,1
1120,6,1,3,0.0,0.0020459742447948,5,0.0,1
1121,6,1,3,0.0,0.0020459742447948,5,0.0,1
1122,6,1,3,0.0,0.0020459742447948,5,0.0,1
1123,6,1,3,0.0,0.0020459742447948,5,0.0,1
1124,6,1,3,0.0,0.0020459742447948,5,0.0,1
1125,6,1,3,0.0,0.0020459742447948,5,0.0,1
1126,6,1,3,0.0,0.0020459742447948,5,0.0,1
1127,6,1,3,0.0,0.0,5,0.0,1
1128,6,1,3,0.0,0.0,5,0.0,1
1129,6,1,3,0.0,0.0,5,0.0,1
1130,6,1,3,0.0,0.0,5,0.0,1
1131,6,1,3,0.0,0.0,5,0.0,1
1132,6,1,3,0.0,0.0,5,0.0,1
1133,6,1,3,0.0,0.0,5,0.0,1
1134,6,1,3,0.0,0.0,5,0.0,1
1135,6,1,3,0.0,0.0,5,0.0,1
1136,6,1,3,0.0,0.0,5,0.0,1
1137,6,1,3,0.0,0.0,5,0.0,1
1138,6,1,3,0.0,0.0,5,0.0,1
1139,6,1,3,0.0,0.0,5,0.0,1
1140,6,1,3,0.0,0.0,5,0.0,1
1141,6,1,3,0.0,0.0,5,0.0,1
1142,6,1,3,0.0,0.0,5,0.0,1
1143,6,1,3,0.0,0.0,5,0.0,1
1144,6,1,3,0.0,0.0,5,0.0,1
1145,6,1,3,0.0,0.0,5,0.0,1
1146,6,1,3,0.0,0.0,5,0.0,1
1147,6,1,3,0.0,0.0,5,0.0,1
1148,6,1,3,0.0,0.0,5,0.0,1
1149,6,1,3,0.0,0.0,5,0.0,1
1150,6,1,3,0.0,0.0,5,0.0,1
1151,6,1,3,0.0,0.0,5,0.0,1
1152,6,1,3,0.0,0.0,5,0.0,1
1153,6,1,3,0.0,0.0,5,0.0,1
1154,6,1,3,0.0,0.0,5,0.0,1
1155,6,1,3,0.0171480144404332,0.0034300156456854,3,0.0,1
1156,6,1,3,0.0,0.0034300156456854,5,0.0,1
1157,6,1,3,0.0,0.0034300156456854,5,0.0,1
1158,6,1,3,0.0108303249097472,0.0055963413166446,3,0.0,1
1159,6,1,3,0.0,0.0055963413166446,5,0.0,1
1160,6,1,3,0.0,0.0055963413166446,5,0.0,1
1161,6,1,3,0.0,0.0055963413166446,5,0.0,1
1162,6,1,3,0.0,0.0055963413166446,5,0.0,1
1163,6,1,3,0.0,0.0055963413166446,5,0.0,1
1164,6,1,3,0.0,0.0055963413166446,5,0.0,1
1165,6,1,3,0.0,0.0055963413166446,5,0.0,1
1166,6,1,3,0.0,0.0055963413166446,5,0.0,1
1167,6,1,3,0.0,0.0055963413166446,5,0.0,1
1168,6,1,3,0.0,0.0055963413166446,5,0.0,1
1169,6,1,3,0.0,0.0055963413166446,5,0.0,1
1170,6,1,3,0.0,0.0055963413166446,5,0.0,1
1171,6,1,3,0.0,0.0055963413166446,5,0.0,1
1172,6,1,3,0.0,0.0055963413166446,5,0.0,1
1173,6,1,3,0.0114320096269554,0.0078830184137682,3,0.0,1
1174,6,1,3,0.0,0.0078830184137682,5,0.0,1
1175,6,1,3,0.0,0.0078830184137682,5,0.0,1
1176,6,1,3,0.0,0.0078830184137682,5,0.0,1
1177,6,1,3,0.0087244283995186,0.009628114093152,3,0.0,1
1178,6,1,3,0.0,0.009628114093152,5,0.0,1
1179,6,1,3,0.0,0.009628114093152,5,0.0,1
1180,6,1,3,0.0,0.009628114093152,5,0.0,1
1181,6,1,3,0.0,0.009628114093152,5,0.0,1
1182,6,1,3,0.0,0.009628114093152,5,0.0,1
1183,6,1,3,0.0,0.009628114093152,5,0.0,1
1184,6,1,3,0.0,0.009628114093152,5,0.0,1
1185,6,1,3,0.0,0.009628114093152,5,0.0,1
1186,6,1,3,0.0,0.0,5,0.0,1
1187,6,1,3,0.0,0.0,5,0.0,1
1188,6,1,3,0.0,0.0,5,0.0,1
1189,6,1,3,0.0,0.0,5,0.0,1
1190,6,1,3,0.0,0.0,5,0.0,1
1191,6,1,3,0.0051143200962695,0.0010229871223974,3,0.0,1
1192,6,1,3,0.0,0.0010229871223974,5,0.0,1
1193,6,1,3,0.0006016847172081,0.0011433385485618,3,0.0,1
1194,6,1,3,0.0,0.0011433385485618,5,0.0,1
1195,6,1,3,0.0,0.0011433385485618,5,0.0,1
1196,6,1,3,0.0,0.0011433385485618,5,0.0,1
1197,6,1,3,0.0,0.0011433385485618,5,0.0,1
1198,6,1,3,0.0,0.0011433385485618,5,0.0,1
1199,6,1,3,0.0,0.0011433385485618,5,0.0,1
1200,6,1,3,0.003309265944645,0.001805271392466,3,0.0,1
1201,6,1,3,0.0321901323706377,0.0082440726922614,4,0.0,1
1202,6,1,3,0.0,0.0082440726922614,5,0.0,1
1203,6,1,3,0.0,0.0082440726922614,5,0.0,1
1204,6,1,3,0.0,0.0082440726922614,5,0.0,1
1205,6,1,3,0.0306859205776173,0.0143819954266458,4,0.0,1
1206,6,1,3,0.0,0.0143819954266458,5,0.0,1
1207,6,1,3,0.0177496991576413,0.0179323624984956,3,0.0,1
1208,6,1,3,0.0102286401925391,0.0199783367432904,3,0.0,1
1209,6,1,3,0.0,0.0199783367432904,5,0.0,1
1210,6,1,3,0.0,0.0199783367432904,5,0.0,1
1211,6,1,3,0.0,0.0199783367432904,5,0.0,1
1212,6,1,3,0.0168471720818291,0.0233481766758936,3,0.0,1
1213,6,1,3,0.0,0.0233481766758936,5,0.0,1
1214,6,1,3,0.0,0.0233481766758936,5,0.0,1
1215,6,1,3,0.0,0.0233481766758936,5,0.0,1
1216,6,1,3,0.0213598074608904,0.0042724756288362,3,0.0,1
1217,6,1,3,0.0,0.0042724756288362,5,0.0,1
1218,6,1,3,0.0,0.0042724756288362,5,0.0,1
1219,6,1,3,0.0,0.0042724756288362,5,0.0,1
1220,6,1,3,0.0243682310469314,0.0091467083884944,4,0.0,1
1221,6,1,3,0.0,0.0091467083884944,5,0.0,1
1222,6,1,3,0.0030084235860409,0.0097484655193164,3,0.0,1
1223,6,1,3,0.0273766546329723,0.0152244554097966,4,0.0,1
1224,6,1,3,0.0,0.0152244554097966,5,0.0,1
1225,6,1,3,0.0081227436823104,0.016849199663016,3,0.0,1
1226,6,1,3,0.0075210589651022,0.018353592490071,3,0.0,1
1227,6,1,3,0.0,0.018353592490071,5,0.0,1
1228,6,1,3,0.0,0.018353592490071,5,0.0,1
1229,6,1,3,0.03971119133574,0.0262967866169214,4,0.0,1
1230,6,1,3,0.0,0.0262967866169214,5,0.0,1
1231,6,1,3,0.0,0.0262967866169214,5,0.0,1
1232,6,1,3,0.0,0.0262967866169214,5,0.0,1
1233,6,1,3,0.0093261131167268,0.0281622337224696,3,0.0,1
1234,6,1,3,0.0,0.0281622337224696,5,0.0,1
1235,6,1,3,0.0,0.0281622337224696,5,0.0,1
1236,6,1,3,0.0,0.0281622337224696,5,0.0,1
1237,6,1,3,0.0,0.0281622337224696,5,0.0,1
1238,6,1,3,0.0,0.0281622337224696,5,0.0,1
1239,6,1,3,0.0174488567990373,0.0316524250812372,3,0.0,1
1240,6,1,3,0.0,0.0316524250812372,5,0.0,1
1241,6,1,3,0.0,0.0316524250812372,5,0.0,1
1242,6,1,3,0.0,0.0316524250812372,5,0.0,1
1243,6,1,3,0.0,0.0316524250812372,5,0.0,1
1244,6,1,3,0.0,0.0316524250812372,5,0.0,1
1245,6,1,3,0.0261732851985559,0.0368877121193886,4,0.0,1
1246,6,1,3,0.0,0.0368877121193886,5,0.0,1
1247,6,1,3,0.1717809867629362,0.0343603321699362,2,0.0,0
1248,6,1,3,0.0021058965102286,0.0347815621615116,3,0.0,1
1249,6,1,3,0.0,0.0347815621615116,5,0.0,1
1250,6,1,3,0.04632972322503,0.0440486219761704,4,0.0,2
1251,6,1,3,0.0418170878459687,0.0524130460945962,4,0.0,1
1252,6,1,3,0.0767148014440433,0.0677578529305572,4,0.0,2
1253,6,1,3,0.0974729241877256,0.08725478396919,4,0.0,2
1254,6,1,3,0.2635379061371841,0.1399687086291972,6,0.3333333333333333,0
1255,6,1,3,0.1212394705174488,0.1642195210013238,2,0.0,0
1256,6,1,3,0.0971720818291215,0.1836562763268744,4,0.0,2
1257,6,1,3,0.0547533092659446,0.1946082561078348,4,0.0,2
1258,6,1,3,0.0613718411552346,0.2068841015766037,4,0.0,2
1259,6,1,3,0.0105294825511432,0.2089902515344807,3,0.0,1
1260,6,1,3,0.0595667870036101,0.2209050427247563,4,0.0,2
1261,6,1,3,0.0541516245487364,0.2317366710795523,4,0.0,2
1262,6,1,3,0.1976534296028881,0.2712721145745577,6,0.3333333333333333,0
1263,6,1,3,0.0,0.2712721145745577,5,0.0,1
1264,6,1,3,0.1365824308062575,0.2985918883138765,2,0.0,0
1265,6,1,3,0.0030084235860409,0.2991936454446985,3,0.0,1
1266,6,1,3,0.0902527075812274,0.3172463593693585,4,0.0,2
1267,6,1,3,0.0180505415162454,0.3208569021542905,3,0.0,1
1268,6,1,3,0.0234657039711191,0.3255506077747021,4,0.0,1
1269,6,1,3,0.0884476534296028,0.3432422674208689,4,0.0,2
1270,6,1,3,0.0195547533092659,0.3471536887712119,3,0.0,1
1271,6,1,3,0.0941636582430806,0.3659886869659405,4,0.0,2
1272,6,1,3,0.0367027677496991,0.3733301239619689,4,0.0,1
1273,6,1,3,0.0,0.3733301239619689,5,0.0,1
1274,6,1,3,0.3282190132370637,0.4389818269346491,6,0.3333333333333333,0
1275,6,1,3,0.0081227436823104,0.4406065711878686,3,0.0,1
1276,6,1,3,0.0,0.4406065711878686,5,0.0,1
1277,6,1,3,0.0667870036101083,0.0133590083042484,4,0.0,2
1278,6,1,3,0.0084235860409145,0.01504392827055,3,0.0,1
1279,6,1,3,0.0294825511432009,0.0209411481526056,4,0.0,1
1280,6,1,3,0.0303850782190132,0.0270188951739078,4,0.0,1
1281,6,1,3,0.1191335740072202,0.050848477554459,2,0.0,0
1282,6,1,3,0.043020457280385,0.0594536045252136,4,0.0,1
1283,6,1,3,0.0,0.0594536045252136,5,0.0,1
1284,6,1,3,0.0797232250300842,0.0754001684919966,4,0.0,2
1285,6,1,3,0.0186522262334536,0.079131062703093,3,0.0,1
1286,6,1,3,0.0,0.079131062703093,5,0.0,1
1287,6,1,3,0.062575210589651,0.0916476110241906,4,0.0,2
1288,6,1,3,0.0291817087845968,0.097484655193164,4,0.0,1
1289,6,1,3,0.098977135980746,0.1172824647972078,4,0.0,2
1290,6,1,3,0.0354993983152827,0.1243831989409074,4,0.0,1
1291,6,1,3,0.0,0.1243831989409074,5,0.0,1
1292,6,1,3,0.0291817087845968,0.1302202431098808,4,0.0,1
1293,6,1,3,0.0722021660649819,0.1446624142496088,4,0.0,2
1294,6,1,3,0.0755114320096269,0.159766518233241,4,0.0,2
1295,6,1,3,0.0523465703971119,0.1702370923095438,4,0.0,2
1296,6,1,3,0.0300842358604091,0.1762546636177638,4,0.0,1
1297,6,1,3,0.0174488567990373,0.1797448549765314,3,0.0,1
1298,6,1,3,0.0246690734055354,0.1846792634492718,4,0.0,1
1299,6,1,3,0.0493381468110709,0.1945480803947527,4,0.0,2
1300,6,1,3,0.0,0.1945480803947527,5,0.0,1
1301,6,1,3,0.00661853188929,0.195871946082561,3,0.0,1
1302,6,1,3,0.0977737665463297,0.215429052834276,4,0.0,2
1303,6,1,3,0.1636582430806257,0.2481646407509928,2,0.0,0
1304,6,1,3,0.0,0.2481646407509928,5,0.0,1
1305,6,1,3,0.0,0.2481646407509928,5,0.0,1
1306,6,1,3,0.0,0.2481646407509928,5,0.0,1
1307,6,1,3,0.0604693140794223,0.2602599590805151,4,0.0,2
1308,6,1,3,0.2181107099879663,0.043627391984595,6,0.3333333333333333,0
1309,6,1,3,0.0,0.043627391984595,5,0.0,1
1310,6,1,3,0.0451263537906137,0.052653748946925,4,0.0,1
1311,6,1,3,0.0995788206979542,0.0725719099771332,4,0.0,2
1312,6,1,3,0.0,0.0725719099771332,5,0.0,1
1313,6,1,3,0.0039109506618531,0.0733541942472018,3,0.0,1
1314,6,1,3,0.0288808664259927,0.079131062703093,4,0.0,1
1315,6,1,3,0.0550541516245487,0.0901432181971356,4,0.0,2
1316,6,1,3,0.0,0.0901432181971356,5,0.0,1
1317,6,1,3,0.0640794223826714,0.1029606450836442,4,0.0,2
1318,6,1,3,0.0,0.1029606450836442,5,0.0,1
1319,6,1,3,0.0604693140794223,0.1150559634131664,4,0.0,2
1320,6,1,3,0.1468110709987966,0.14442171139728,2,0.0,0
1321,6,1,3,0.0409145607701564,0.1526056083764592,4,0.0,1
1322,6,1,3,0.0481347773766546,0.1622337224696112,4,0.0,2
1323,6,1,3,0.0427196149217809,0.1707786737272836,4,0.0,1
1324,6,1,3,0.0968712394705174,0.190155253339752,4,0.0,2
1325,6,1,3,0.0,0.190155253339752,5,0.0,1
1326,6,1,3,0.0,0.190155253339752,5,0.0,1
1327,6,1,3,0.01985559566787,0.1941268504031773,3,0.0,1
1328,6,1,3,0.0216606498194945,0.1984595017450957,3,0.0,1
1329,6,1,3,0.0848375451263537,0.215429052834276,4,0.0,2
1330,6,1,3,0.1206377858002406,0.2395595137802383,2,0.0,0
1331,6,1,3,0.0,0.2395595137802383,5,0.0,1
1332,6,1,3,0.0,0.2395595137802383,5,0.0,1
1333,6,1,3,0.2557160048134777,0.2907088699001083,6,0.3333333333333333,0
1334,6,1,3,0.1083032490974729,0.3123721266097003,2,0.0,0
1335,6,1,3,0.0021058965102286,0.3127933566012756,3,0.0,1
1336,6,1,3,0.0021058965102286,0.3132145865928511,3,0.0,1
1337,6,1,3,0.0460288808664259,0.3224214706944276,4,0.0,2
1338,6,1,3,0.0764139590854392,0.3377061018173065,4,0.0,2
1339,6,1,3,0.0415162454873646,0.0083042484053436,4,0.0,1
1340,6,1,3,0.0318892900120336,0.0146828739920568,4,0.0,1
1341,6,1,3,0.0514440433212996,0.024972920929113,4,0.0,2
1342,6,1,3,0.0,0.024972920929113,5,0.0,1
1343,6,1,3,0.0156438026474127,0.0281020580093874,3,0.0,1
1344,6,1,3,0.03309265944645,0.0347213864484294,4,0.0,1
1345,6,1,3,0.0,0.0347213864484294,5,0.0,1
1346,6,1,3,0.0171480144404332,0.0381514020941148,3,0.0,1
1347,6,1,3,0.0081227436823104,0.0397761463473342,3,0.0,1
1348,6,1,3,0.0105294825511432,0.0418822963052112,3,0.0,1
1349,6,1,3,0.1236462093862816,0.0666145143819954,2,0.0,0
1350,6,1,3,0.0367027677496991,0.0739559513780238,4,0.0,1
1351,6,1,3,0.0201564380264741,0.0779877241545312,3,0.0,1
1352,6,1,3,0.2190132370637786,0.1217956432783728,6,0.3333333333333333,0
1353,6,1,3,0.0424187725631768,0.130280418822963,4,0.0,1
1354,6,1,3,0.1501203369434416,0.1603080996509808,2,0.0,0
1355,6,1,3,0.0,0.1603080996509808,5,0.0,1
1356,6,1,3,0.0529482551143201,0.170899025153448,4,0.0,2
1357,6,1,3,0.0445246690734055,0.1798050306896136,4,0.0,1
1358,6,1,3,0.0,0.1798050306896136,5,0.0,1
1359,6,1,3,0.095367027677497,0.198880731736671,4,0.0,2
1360,6,1,3,0.0,0.198880731736671,5,0.0,1
1361,6,1,3,0.1296630565583634,0.2248164640750993,2,0.0,0
1362,6,1,3,0.0213598074608904,0.2290889397039354,3,0.0,1
1363,6,1,3,0.0532490974729241,0.2397400409194848,4,0.0,2
1364,6,1,3,0.0210589651022864,0.2439523408352388,3,0.0,1
1365,6,1,3,0.0938628158844765,0.2627271633168853,4,0.0,2
1366,6,1,3,0.1630565583634176,0.2953423998074377,2,0.0,0
1367,6,1,3,0.009927797833935,0.2973281983391503,3,0.0,1
1368,6,1,3,0.0418170878459687,0.3056926224575761,4,0.0,1
1369,6,1,3,0.0153429602888086,0.0030689613671922,3,0.0,1
1370,6,1,3,0.0114320096269554,0.0053556384643158,3,0.0,1
1371,6,1,3,0.0,0.0053556384643158,5,0.0,1
1372,6,1,3,0.0,0.0053556384643158,5,0.0,1
1373,6,1,3,0.0102286401925391,0.0074016127091106,3,0.0,1
1374,6,1,3,0.0288808664259927,0.0131784811650018,4,0.0,1
1375,6,1,3,0.0,0.0131784811650018,5,0.0,1
1376,6,1,3,0.0150421179302045,0.0161872668191118,3,0.0,1
1377,6,1,3,0.0057160048134777,0.0173306053676736,3,0.0,1
1378,6,1,3,0.0021058965102286,0.017751835359249,3,0.0,1
1379,6,1,3,0.0439229843561973,0.0265374894692502,4,0.0,1
1380,6,1,3,0.0072202166064981,0.027981706583223,3,0.0,1
1381,6,1,3,0.0078219013237063,0.0295462751233602,3,0.0,1
1382,6,1,3,0.0024067388688327,0.0300276808280178,3,0.0,1
1383,6,1,3,0.0018050541516245,0.030388735106511,3,0.0,1
1384,6,1,3,0.0075210589651022,0.031893127933566,3,0.0,1
1385,6,1,3,0.0078219013237063,0.0334576964737032,3,0.0,1
1386,6,1,3,0.0315884476534296,0.0397761463473342,4,0.0,1
1387,6,1,3,0.0189530685920577,0.0435672162715128,3,0.0,1
1388,6,1,3,0.0219614921780986,0.0479600433265134,3,0.0,1
1389,6,1,3,0.0114320096269554,0.050246720423637,3,0.0,1
1390,6,1,3,0.0024067388688327,0.0507281261282946,3,0.0,1
1391,6,1,3,0.0138387484957882,0.0534962089300758,3,0.0,1
1392,6,1,3,0.0030084235860409,0.0540979660608978,3,0.0,1
1393,6,1,3,0.0072202166064981,0.0555421831748706,3,0.0,1
1394,6,1,3,0.04632972322503,0.0648092429895294,4,0.0,2
1395,6,1,3,0.0042117930204572,0.0656517029726802,3,0.0,1
1396,6,1,3,0.0252707581227436,0.070706462871585,4,0.0,1
1397,6,1,3,0.0153429602888086,0.0737754242387772,3,0.0,1
1398,6,1,3,0.0024067388688327,0.0742568299434348,3,0.0,1
1399,6,1,3,0.0,0.0742568299434348,5,0.0,1
1400,6,1,3,0.0024067388688327,0.0004814057046576,3,0.0,1
1401,6,1,3,0.0394103489771359,0.0083644241184258,4,0.0,1
1402,6,1,3,0.0,0.0083644241184258,5,0.0,1
1403,6,1,3,0.0,0.0083644241184258,5,0.0,1
1404,6,1,3,0.0141395908543922,0.0111926826332892,3,0.0,1
1405,6,1,3,0.0,0.0111926826332892,5,0.0,1
1406,6,1,3,0.0,0.0111926826332892,5,0.0,1
1407,6,1,3,0.052647412755716,0.0217234324226742,4,0.0,2
1408,6,1,3,0.0,0.0217234324226742,5,0.0,1
1409,6,1,3,0.0,0.0217234324226742,5,0.0,1
1410,6,1,3,0.0,0.0217234324226742,5,0.0,1
1411,6,1,3,0.0273766546329723,0.0271994223131544,4,0.0,1
1412,6,1,3,0.0,0.0271994223131544,5,0.0,1
1413,6,1,3,0.0,0.0271994223131544,5,0.0,1
1414,6,1,3,0.0012033694344163,0.0274401251654832,3,0.0,1
1415,6,1,3,0.0072202166064981,0.028884342279456,3,0.0,1
1416,6,1,3,0.0123345367027677,0.0313515465158262,3,0.0,1
1417,6,1,3,0.0,0.0313515465158262,5,0.0,1
1418,6,1,3,0.0,0.0313515465158262,5,0.0,1
1419,6,1,3,0.0,0.0313515465158262,5,0.0,1
1420,6,1,3,0.0,0.0313515465158262,5,0.0,1
1421,6,1,3,0.0,0.0313515465158262,5,0.0,1
1422,6,1,3,0.0021058965102286,0.0317727765074016,3,0.0,1
1423,6,1,3,0.0,0.0317727765074016,5,0.0,1
1424,6,1,3,0.0,0.0317727765074016,5,0.0,1
1425,6,1,3,0.0,0.0317727765074016,5,0.0,1
1426,6,1,3,0.0315884476534296,0.0380912263810326,4,0.0,1
1427,6,1,3,0.0,0.0380912263810326,5,0.0,1
1428,6,1,3,0.01323706377858,0.0407389577566494,3,0.0,1
1429,6,1,3,0.0,0.0407389577566494,5,0.0,1
1430,6,1,3,0.0279783393501805,0.0055963413166446,4,0.0,1
1431,6,1,3,0.0,0.0055963413166446,5,0.0,1
1432,6,1,3,0.0,0.0055963413166446,5,0.0,1
1433,6,1,3,0.0021058965102286,0.00601757130822,3,0.0,1
1434,6,1,3,0.0,0.00601757130822,5,0.0,1
1435,6,1,3,0.0,0.00601757130822,5,0.0,1
1436,6,1,3,0.0,0.00601757130822,5,0.0,1
1437,6,1,3,0.0,0.00601757130822,5,0.0,1
1438,6,1,3,0.0,0.00601757130822,5,0.0,1
1439,6,1,3,0.0,0.00601757130822,5,0.0,1
1440,6,1,3,0.0,0.00601757130822,5,0.0,1
1441,6,1,3,0.0,0.00601757130822,5,0.0,1
1442,6,1,3,0.0,0.00601757130822,5,0.0,1
1443,6,1,3,0.0,0.00601757130822,5,0.0,1
1444,6,1,3,0.0,0.00601757130822,5,0.0,1
1445,6,1,3,0.0,0.00601757130822,5,0.0,1
1446,6,1,3,0.0,0.00601757130822,5,0.0,1
1447,6,1,3,0.0,0.00601757130822,5,0.0,1
1448,6,1,3,0.0,0.00601757130822,5,0.0,1
1449,6,1,3,0.0,0.00601757130822,5,0.0,1
1450,6,1,3,0.0,0.00601757130822,5,0.0,1
1451,6,1,3,0.0,0.00601757130822,5,0.0,1
1452,6,1,3,0.0,0.00601757130822,5,0.0,1
1453,6,1,3,0.0,0.00601757130822,5,0.0,1
1454,6,1,3,0.0,0.00601757130822,5,0.0,1
1455,6,1,3,0.0210589651022864,0.010229871223974,3,0.0,1
1456,6,1,3,0.0,0.010229871223974,5,0.0,1
1457,6,1,3,0.0,0.010229871223974,5,0.0,1
1458,6,1,3,0.0,0.010229871223974,5,0.0,1
1459,6,1,3,0.0,0.010229871223974,5,0.0,1
1460,6,1,3,0.0,0.010229871223974,5,0.0,1
1461,6,1,1,0.0,0.0,5,0.0,1
1462,6,1,1,0.0,0.0,5,0.0,1
1463,6,1,1,0.0321901323706377,0.0064388012997954,4,0.0,1
1464,6,1,1,0.0,0.0064388012997954,5,0.0,1
1465,6,1,1,0.0,0.0064388012997954,5,0.0,1
1466,6,1,1,0.0,0.0064388012997954,5,0.0,1
1467,6,1,1,0.0,0.0064388012997954,5,0.0,1
1468,6,1,1,0.1296630565583634,0.0323745336382236,2,0.0,0
1469,6,1,1,0.0,0.0323745336382236,5,0.0,1
1470,6,1,1,0.0,0.0323745336382236,5,0.0,1
1471,6,1,1,0.0,0.0323745336382236,5,0.0,1
1472,6,1,1,0.0911552346570397,0.0506077747021302,4,0.0,2
1473,6,1,1,0.0105294825511432,0.0527139246600072,3,0.0,1
1474,6,1,1,0.0,0.0527139246600072,5,0.0,1
1475,6,1,1,0.0,0.0527139246600072,5,0.0,1
1476,6,1,1,0.0,0.0527139246600072,5,0.0,1
1477,6,1,1,0.0,0.0527139246600072,5,0.0,1
1478,6,1,1,0.0,0.0527139246600072,5,0.0,1
1479,6,1,1,0.0168471720818291,0.0560837645926104,3,0.0,1
1480,6,1,1,0.0,0.0560837645926104,5,0.0,1
1481,6,1,1,0.0,0.0560837645926104,5,0.0,1
1482,6,1,1,0.0,0.0560837645926104,5,0.0,1
1483,6,1,1,0.0358002406738868,0.0632446744493922,4,0.0,1
1484,6,1,1,0.0,0.0632446744493922,5,0.0,1
1485,6,1,1,0.0225631768953068,0.0677578529305572,4,0.0,1
1486,6,1,1,0.0,0.0677578529305572,5,0.0,1
1487,6,1,1,0.0,0.0677578529305572,5,0.0,1
1488,6,1,1,0.0,0.0677578529305572,5,0.0,1
1489,6,1,1,0.0,0.0677578529305572,5,0.0,1
1490,6,1,1,0.0,0.0677578529305572,5,0.0,1
1491,6,1,1,0.0,0.0677578529305572,5,0.0,1
1492,6,1,1,0.0,0.0,5,0.0,1
1493,6,1,1,0.0,0.0,5,0.0,1
1494,6,1,1,0.0,0.0,5,0.0,1
1495,6,1,1,0.0,0.0,5,0.0,1
1496,6,1,1,0.0490373044524669,0.0098086412323986,4,0.0,2
1497,6,1,1,0.0,0.0098086412323986,5,0.0,1
1498,6,1,1,0.0,0.0098086412323986,5,0.0,1
1499,6,1,1,0.0,0.0098086412323986,5,0.0,1
1500,6,1,1,0.0,0.0098086412323986,5,0.0,1
1501,6,1,1,0.0,0.0098086412323986,5,0.0,1
1502,6,1,1,0.1013838748495788,0.0300878565411,4,0.0,2
1503,6,1,1,0.0,0.0300878565411,5,0.0,1
1504,6,1,1,0.0,0.0300878565411,5,0.0,1
1505,6,1,1,0.0,0.0300878565411,5,0.0,1
1506,6,1,1,0.0,0.0300878565411,5,0.0,1
1507,6,1,1,0.0,0.0300878565411,5,0.0,1
1508,6,1,1,0.0418170878459687,0.0384522806595258,4,0.0,1
1509,6,1,1,0.0063176895306859,0.039715970634252,3,0.0,1
1510,6,1,1,0.0,0.039715970634252,5,0.0,1
1511,6,1,1,0.0276774969915764,0.0452521362378144,4,0.0,1
1512,6,1,1,0.0,0.0452521362378144,5,0.0,1
1513,6,1,1,0.0,0.0452521362378144,5,0.0,1
1514,6,1,1,0.0505415162454873,0.055361656035624,4,0.0,2
1515,6,1,1,0.0096269554753309,0.0572872788542544,3,0.0,1
1516,6,1,1,0.0117328519855595,0.0596341316644602,3,0.0,1
1517,6,1,1,0.0,0.0596341316644602,5,0.0,1
1518,6,1,1,0.0,0.0596341316644602,5,0.0,1
1519,6,1,1,0.0547533092659446,0.0705861114454206,4,0.0,2
1520,6,1,1,0.0,0.0705861114454206,5,0.0,1
1521,6,1,1,0.0,0.0,5,0.0,1
1522,6,1,1,0.0,0.0,5,0.0,1
1523,6,1,1,0.0,0.0,5,0.0,1
1524,6,1,1,0.0,0.0,5,0.0,1
1525,6,1,1,0.0,0.0,5,0.0,1
1526,6,1,1,0.0,0.0,5,0.0,1
1527,6,1,1,0.0021058965102286,0.0004212299915754,3,0.0,1
1528,6,1,1,0.0,0.0004212299915754,5,0.0,1
1529,6,1,1,0.0,0.0004212299915754,5,0.0,1
1530,6,1,1,0.0,0.0004212299915754,5,0.0,1
1531,6,1,1,0.0,0.0004212299915754,5,0.0,1
1532,6,1,1,0.0,0.0004212299915754,5,0.0,1
1533,6,1,1,0.0,0.0004212299915754,5,0.0,1
1534,6,1,1,0.0,0.0004212299915754,5,0.0,1
1535,6,1,1,0.0,0.0004212299915754,5,0.0,1
1536,6,1,1,0.0,0.0004212299915754,5,0.0,1
1537,6,1,1,0.0,0.0004212299915754,5,0.0,1
1538,6,1,1,0.0,0.0004212299915754,5,0.0,1
1539,6,1,1,0.0,0.0004212299915754,5,0.0,1
1540,6,1,1,0.0,0.0004212299915754,5,0.0,1
1541,6,1,1,0.0,0.0004212299915754,5,0.0,1
1542,6,1,1,0.0752105896510228,0.0154651582621254,4,0.0,2
1543,6,1,1,0.0,0.0154651582621254,5,0.0,1
1544,6,1,1,0.0,0.0154651582621254,5,0.0,1
1545,6,1,1,0.0,0.0154651582621254,5,0.0,1
1546,6,1,1,0.0,0.0154651582621254,5,0.0,1
1547,6,1,1,0.0,0.0154651582621254,5,0.0,1
1548,6,1,1,0.0006016847172081,0.0155855096882898,3,0.0,1
1549,6,1,1,0.0,0.0155855096882898,5,0.0,1
1550,6,1,1,0.0,0.0155855096882898,5,0.0,1
1551,6,1,1,0.0,0.0155855096882898,5,0.0,1
1552,6,1,1,0.0,0.0,5,0.0,1
1553,6,1,1,0.0,0.0,5,0.0,1
1554,6,1,1,0.0424187725631768,0.0084847755445902,4,0.0,1
1555,6,1,1,0.0,0.0084847755445902,5,0.0,1
1556,6,1,1,0.0,0.0084847755445902,5,0.0,1
1557,6,1,1,0.009927797833935,0.0104705740763028,3,0.0,1
1558,6,1,1,0.0,0.0104705740763028,5,0.0,1
1559,6,1,1,0.0490373044524669,0.0202792153087014,4,0.0,2
1560,6,1,1,0.0,0.0202792153087014,5,0.0,1
1561,6,1,1,0.0,0.0202792153087014,5,0.0,1
1562,6,1,1,0.0,0.0202792153087014,5,0.0,1
1563,6,1,1,0.0,0.0202792153087014,5,0.0,1
1564,6,1,1,0.0373044524669073,0.0277410037308942,4,0.0,1
1565,6,1,1,0.0192539109506618,0.031592249368155,3,0.0,1
1566,6,1,1,0.0,0.031592249368155,5,0.0,1
1567,6,1,1,0.0,0.031592249368155,5,0.0,1
1568,6,1,1,0.0400120336943441,0.0395956192080876,4,0.0,1
1569,6,1,1,0.0616726835138387,0.0519316403899386,4,0.0,2
1570,6,1,1,0.0,0.0519316403899386,5,0.0,1
1571,6,1,1,0.0,0.0519316403899386,5,0.0,1
1572,6,1,1,0.0,0.0519316403899386,5,0.0,1
1573,6,1,1,0.0030084235860409,0.0525333975207606,3,0.0,1
1574,6,1,1,0.0,0.0525333975207606,5,0.0,1
1575,6,1,1,0.0,0.0525333975207606,5,0.0,1
1576,6,1,1,0.0,0.0525333975207606,5,0.0,1
1577,6,1,1,0.0,0.0525333975207606,5,0.0,1
1578,6,1,1,0.0,0.0525333975207606,5,0.0,1
1579,6,1,1,0.023164861612515,0.05716692742809,4,0.0,1
1580,6,1,1,0.0102286401925391,0.0592129016728848,3,0.0,1
1581,6,1,1,0.0388086642599278,0.0669755686604886,4,0.0,1
1582,6,1,1,0.0093261131167268,0.0018654471055482,3,0.0,1
1583,6,1,1,0.0,0.0018654471055482,5,0.0,1
1584,6,1,1,0.0457280385078219,0.0110121554940426,4,0.0,2
1585,6,1,1,0.0060168471720818,0.0122156697556866,3,0.0,1
1586,6,1,1,0.0204572803850782,0.0163076182452762,3,0.0,1
1587,6,1,1,0.0,0.0163076182452762,5,0.0,1
1588,6,1,1,0.0,0.0163076182452762,5,0.0,1
1589,6,1,1,0.0568592057761732,0.027680828017812,4,0.0,2
1590,6,1,1,0.0,0.027680828017812,5,0.0,1
1591,6,1,1,0.0,0.027680828017812,5,0.0,1
1592,6,1,1,0.0,0.027680828017812,5,0.0,1
1593,6,1,1,0.0,0.027680828017812,5,0.0,1
1594,6,1,1,0.000300842358604,0.0277410037308942,3,0.0,1
1595,6,1,1,0.0,0.0277410037308942,5,0.0,1
1596,6,1,1,0.0502406738868832,0.0377903478156216,4,0.0,2
1597,6,1,1,0.0,0.0377903478156216,5,0.0,1
1598,6,1,1,0.0,0.0377903478156216,5,0.0,1
1599,6,1,1,0.0,0.0377903478156216,5,0.0,1
1600,6,1,1,0.003309265944645,0.0384522806595258,3,0.0,1
1601,6,1,1,0.0,0.0384522806595258,5,0.0,1
1602,6,1,1,0.0300842358604091,0.0444698519677458,4,0.0,1
1603,6,1,1,0.0,0.0444698519677458,5,0.0,1
1604,6,1,1,0.0012033694344163,0.0447105548200746,3,0.0,1
1605,6,1,1,0.0,0.0447105548200746,5,0.0,1
1606,6,1,1,0.0054151624548736,0.0457937176555542,3,0.0,1
1607,6,1,1,0.0006016847172081,0.0459140690817186,3,0.0,1
1608,6,1,1,0.0069193742478941,0.0472981104826092,3,0.0,1
1609,6,1,1,0.0,0.0472981104826092,5,0.0,1
1610,6,1,1,0.0664861612515042,0.0605969430737754,4,0.0,2
1611,6,1,1,0.0,0.0605969430737754,5,0.0,1
1612,6,1,1,0.0183513838748495,0.0642676615717896,3,0.0,1
1613,6,1,1,0.036401925391095,0.0072812612829462,4,0.0,1
1614,6,1,1,0.3231046931407942,0.071909977133229,6,0.3333333333333333,0
1615,6,1,1,0.0,0.071909977133229,5,0.0,1
1616,6,1,1,0.0610709987966305,0.0841256468889156,4,0.0,2
1617,6,1,1,0.0740072202166065,0.0989288723071368,4,0.0,2
1618,6,1,1,0.0057160048134777,0.1000722108556986,3,0.0,1
1619,6,1,1,0.1732851985559567,0.1347334215910458,2,0.0,0
1620,6,1,1,0.0114320096269554,0.1370200986881694,3,0.0,1
1621,6,1,1,0.0415162454873646,0.145324347093513,4,0.0,1
1622,6,1,1,0.0051143200962695,0.1463473342159104,3,0.0,1
1623,6,1,1,0.0288808664259927,0.1521242026718016,4,0.0,1
1624,6,1,1,0.1236462093862816,0.1768564207485858,2,0.0,0
1625,6,1,1,0.0544524669073405,0.187748224816464,4,0.0,2
1626,6,1,1,0.2891095066185319,0.2455770850884583,6,0.3333333333333333,0
1627,6,1,1,0.0084235860409145,0.2472620050547598,3,0.0,1
1628,6,1,1,0.0225631768953068,0.2517751835359249,4,0.0,1
1629,6,1,1,0.0619735258724428,0.2641713804308581,4,0.0,2
1630,6,1,1,0.0815282791817088,0.2804789986761343,4,0.0,2
1631,6,1,1,0.1624548736462094,0.3129738837405223,2,0.0,0
1632,6,1,1,0.0749097472924187,0.3279576362979901,4,0.0,2
1633,6,1,1,0.0024067388688327,0.3284390420026477,3,0.0,1
1634,6,1,1,0.1034897713598074,0.3491394873029245,4,0.0,2
1635,6,1,1,0.0391095066185318,0.3569623300036105,4,0.0,1
1636,6,1,1,0.1522262334536702,0.3874112408232037,2,0.0,0
1637,6,1,1,0.0042117930204572,0.3882537008063546,3,0.0,1
1638,6,1,1,0.0,0.3882537008063546,5,0.0,1
1639,6,1,1,0.0520457280385078,0.3986640991695751,4,0.0,2
1640,6,1,1,0.2169073405535499,0.4420507883018413,6,0.3333333333333333,0
1641,6,1,1,0.2126955475330926,0.4845950174509567,6,0.3333333333333333,0
1642,6,1,1,0.0598676293622141,0.4965699843543146,4,0.0,2
1643,6,1,1,0.0078219013237063,0.0015645685401372,3,0.0,1
1644,6,1,1,0.0836341756919374,0.0182934167769888,4,0.0,2
1645,6,1,1,0.0117328519855595,0.0206402695871946,3,0.0,1
1646,6,1,1,0.0237665463297232,0.0253941509206884,4,0.0,1
1647,6,1,1,0.0700962695547533,0.039415092068841,4,0.0,2
1648,6,1,1,0.1759927797833935,0.074617884221928,2,0.0,0
1649,6,1,1,0.1735860409145607,0.1093392706703574,2,0.0,0
1650,6,1,1,0.0162454873646209,0.1125887591767962,3,0.0,1
1651,6,1,1,0.0012033694344163,0.112829462029125,3,0.0,1
1652,6,1,1,0.0764139590854392,0.1281140931520038,4,0.0,2
1653,6,1,1,0.009927797833935,0.1300998916837164,3,0.0,1
1654,6,1,1,0.0878459687123947,0.1476711999037188,4,0.0,2
1655,6,1,1,0.2427797833935018,0.1962330003610543,6,0.3333333333333333,0
1656,6,1,1,0.335740072202166,0.2633890961607895,6,0.3333333333333333,0
1657,6,1,1,0.0039109506618531,0.2641713804308581,3,0.0,1
1658,6,1,1,0.0,0.2641713804308581,5,0.0,1
1659,6,1,1,0.0490373044524669,0.2739800216632567,4,0.0,2
1660,6,1,1,0.0162454873646209,0.2772295101696955,3,0.0,1
1661,6,1,1,0.0,0.2772295101696955,5,0.0,1
1662,6,1,1,0.0655836341756919,0.2903478156216151,4,0.0,2
1663,6,1,1,0.2776774969915764,0.3458899987964857,6,0.3333333333333333,0
1664,6,1,1,0.1874247894103489,0.3833794680466963,2,0.0,0
1665,6,1,1,0.0586642599277978,0.3951137320977254,4,0.0,2
1666,6,1,1,0.3023465703971119,0.4555903237453363,6,0.3333333333333333,0
1667,6,1,1,0.0848375451263537,0.4725598748345167,4,0.0,2
1668,6,1,1,0.0872442839951865,0.4900108316283547,4,0.0,2
1669,6,1,1,0.1444043321299639,0.5188951739078108,2,0.0,0
1670,6,1,1,0.1221419975932611,0.543326513419184,2,0.0,0
1671,6,1,1,0.2132972322503008,0.5859910939944638,6,0.3333333333333333,0
1672,6,1,1,0.0108303249097472,0.588157419665423,3,0.0,1
1673,6,1,1,0.0147412755716004,0.5911060296064508,3,0.0,1
1674,6,1,1,0.0192539109506618,0.0038512456372608,3,0.0,1
1675,6,1,1,0.0015042117930204,0.0041521242026718,3,0.0,1
1676,6,1,1,0.1750902527075812,0.0391743892165122,2,0.0,0
1677,6,1,1,0.0848375451263537,0.0561439403056926,4,0.0,2
1678,6,1,1,0.0084235860409145,0.0578288602719942,3,0.0,1
1679,6,1,1,0.1732851985559567,0.0924900710073414,2,0.0,0
1680,6,1,1,0.1549338146811071,0.1234805632446744,2,0.0,0
1681,6,1,1,0.4626955475330927,0.216030809965098,1,0.6666666666666666,0
1682,6,1,1,0.0300842358604091,0.222048381273318,4,0.0,1
1683,6,1,1,0.0764139590854392,0.2373330123961968,4,0.0,2
1684,6,1,1,0.0797232250300842,0.2532795763629799,4,0.0,2
1685,6,1,1,0.3167870036101083,0.3166446022385365,6,0.3333333333333333,0
1686,6,1,1,0.0,0.3166446022385365,5,0.0,1
1687,6,1,1,0.246991576413959,0.3660488626790227,6,0.3333333333333333,0
1688,6,1,1,0.1296630565583634,0.3919845950174509,2,0.0,0
1689,6,1,1,0.2274368231046931,0.4374774341075941,6,0.3333333333333333,0
1690,6,1,1,0.1850180505415162,0.4744854976531472,2,0.0,0
1691,6,1,1,0.1332731648616125,0.5011433385485617,2,0.0,0
1692,6,1,1,0.1501203369434416,0.5311710193765796,2,0.0,0
1693,6,1,1,0.0096269554753309,0.53309664219521,3,0.0,1
1694,6,1,1,0.1001805054151624,0.5531351546515826,4,0.0,2
1695,6,1,1,0.003309265944645,0.5537970874954867,3,0.0,1
1696,6,1,1,0.1504211793020457,0.5838849440365868,2,0.0,0
1697,6,1,1,0.0737063778580024,0.5986279937417258,4,0.0,2
1698,6,1,1,0.1131167268351383,0.621254061860633,2,0.0,0
1699,6,1,1,0.1696750902527075,0.6551931640389939,2,0.0,0
1700,6,1,1,0.1468110709987966,0.6845589120231074,2,0.0,0
1701,6,1,1,0.0773164861612515,0.7000240702852328,4,0.0,2
1702,6,1,1,0.0965703971119133,0.7193404741846191,4,0.0,2
1703,6,1,1,0.0021058965102286,0.7197617041761945,3,0.0,1
1704,6,1,1,0.259927797833935,0.7717535202792153,6,0.3333333333333333,0
1705,6,1,1,0.0839350180505415,0.0167890239499338,4,0.0,2
1706,6,1,1,0.1212394705174488,0.0410398363220604,2,0.0,0
1707,6,1,1,0.1293622141997593,0.0669153929474064,2,0.0,0
1708,6,1,1,0.0400120336943441,0.074918762787339,4,0.0,1
1709,6,1,1,0.0878459687123947,0.0924900710073414,4,0.0,2
1710,6,1,1,0.0358002406738868,0.0996509808641232,4,0.0,1
1711,6,1,1,0.1101083032490974,0.1216752918522084,2,0.0,0
1712,6,1,1,0.2521058965102286,0.172102539415092,6,0.3333333333333333,0
1713,6,1,1,0.0030084235860409,0.172704296545914,3,0.0,1
1714,6,1,1,0.3802647412755716,0.2487663978818148,1,0.6666666666666666,0
1715,6,1,1,0.0090252707581227,0.2505716692742809,3,0.0,1
1716,6,1,1,0.237063778580024,0.2979901311830545,6,0.3333333333333333,0
1717,6,1,1,0.2054753309265944,0.3390901432181971,6,0.3333333333333333,0
1718,6,1,1,0.0015042117930204,0.3393910217836081,3,0.0,1
1719,6,1,1,0.1104091456077015,0.3614755084847755,2,0.0,0
1720,6,1,1,0.0580625752105896,0.3730894211096401,4,0.0,2
1721,6,1,1,0.0249699157641395,0.3780840052954627,4,0.0,1
1722,6,1,1,0.0117328519855595,0.3804308581056685,3,0.0,1
1723,6,1,1,0.1729843561973525,0.4150318931279336,2,0.0,0
1724,6,1,1,0.190734055354994,0.4531832952220483,2,0.0,0
1725,6,1,1,0.1257521058965102,0.478336743290408,2,0.0,0
1726,6,1,1,0.1344765342960289,0.5052352870381513,2,0.0,0
1727,6,1,1,0.1973525872442839,0.5447105548200746,6,0.3333333333333333,0
1728,6,1,1,0.0752105896510228,0.5597544830906246,4,0.0,2
1729,6,1,1,0.0379061371841155,0.5673366229389818,4,0.0,1
1730,6,1,1,0.0351985559566787,0.5743771813695993,4,0.0,1
1731,6,1,1,0.3589049338146811,0.6461668070766639,1,0.6666666666666666,0
1732,6,1,1,0.0433212996389891,0.6548321097605007,4,0.0,1
1733,6,1,1,0.0541516245487364,0.6656637381152967,4,0.0,2
1734,6,1,1,0.0418170878459687,0.6740281622337224,4,0.0,1
1735,6,1,1,0.0123345367027677,0.0024672042363702,3,0.0,1
1736,6,1,1,0.0057160048134777,0.003610542784932,3,0.0,1
1737,6,1,1,0.0084235860409145,0.0052954627512336,3,0.0,1
1738,6,1,1,0.0628760529482551,0.0178721867854134,4,0.0,2
1739,6,1,1,0.0415162454873646,0.026176435190757,4,0.0,1
1740,6,1,1,0.0096269554753309,0.0281020580093874,3,0.0,1
1741,6,1,1,0.0415162454873646,0.036406306414731,4,0.0,1
1742,6,1,1,0.0051143200962695,0.0374292935371284,3,0.0,1
1743,6,1,1,0.095667870036101,0.056565170297268,4,0.0,2
1744,6,1,1,0.0183513838748495,0.0602358887952822,3,0.0,1
1745,6,1,1,0.0,0.0602358887952822,5,0.0,1
1746,6,1,1,0.0012033694344163,0.060476591647611,3,0.0,1
1747,6,1,1,0.0135379061371841,0.06318449873631,3,0.0,1
1748,6,1,1,0.0351985559566787,0.0702250571669274,4,0.0,1
1749,6,1,1,0.01323706377858,0.0728727885425442,3,0.0,1
1750,6,1,1,0.0303850782190132,0.0789505355638464,4,0.0,1
1751,6,1,1,0.0517448856799037,0.0893007582139848,4,0.0,2
1752,6,1,1,0.0258724428399518,0.094475869539054,4,0.0,1
1753,6,1,1,0.0342960288808664,0.1013359008304248,4,0.0,1
1754,6,1,1,0.0114320096269554,0.1036225779275484,3,0.0,1
1755,6,1,1,0.0688929001203369,0.1174028162233722,4,0.0,2
1756,6,1,1,0.0433212996389891,0.126068118907209,4,0.0,1
1757,6,1,1,0.0,0.126068118907209,5,0.0,1
1758,6,1,1,0.0195547533092659,0.129979540257552,3,0.0,1
1759,6,1,1,0.1371841155234657,0.1574196654230352,2,0.0,0
1760,6,1,1,0.0460288808664259,0.1666265495246118,4,0.0,2
1761,6,1,1,0.0054151624548736,0.1677097123600914,3,0.0,1
1762,6,1,1,0.0255716004813477,0.1728246479720784,4,0.0,1
1763,6,1,1,0.0183513838748495,0.1764953664700926,3,0.0,1
1764,6,1,1,0.0075210589651022,0.1779997592971476,3,0.0,1
1765,6,1,1,0.016546329723225,0.1813094235166686,3,0.0,1
1766,6,1,1,0.0,0.0,5,0.0,1
1767,6,1,1,0.7981347773766547,0.1596461668070766,0,1.0,0
1768,6,1,1,0.0,0.1596461668070766,5,0.0,1
1769,6,1,1,0.0180505415162454,0.1632567095920086,3,0.0,1
1770,6,1,1,0.0168471720818291,0.1666265495246118,3,0.0,1
1771,6,1,1,0.0,0.1666265495246118,5,0.0,1
1772,6,1,1,0.0,0.1666265495246118,5,0.0,1
1773,6,1,1,0.0,0.1666265495246118,5,0.0,1
1774,6,1,1,0.0,0.1666265495246118,5,0.0,1
1775,6,1,1,0.0,0.1666265495246118,5,0.0,1
1776,6,1,1,0.029783393501805,0.1725839451197496,4,0.0,1
1777,6,1,1,0.0,0.1725839451197496,5,0.0,1
1778,6,1,1,0.0225631768953068,0.1770971236009146,4,0.0,1
1779,6,1,1,0.003610108303249,0.177819232157901,3,0.0,1
1780,6,1,1,0.0,0.177819232157901,5,0.0,1
1781,6,1,1,0.0,0.177819232157901,5,0.0,1
1782,6,1,1,0.0,0.177819232157901,5,0.0,1
1783,6,1,1,0.0141395908543922,0.1806474906727644,3,0.0,1
1784,6,1,1,0.0,0.1806474906727644,5,0.0,1
1785,6,1,1,0.9708182912154032,0.3748345167890239,0,1.0,0
1786,6,1,1,0.5367027677496992,0.4821879889276687,1,0.6666666666666666,0
1787,6,1,1,0.0,0.4821879889276687,5,0.0,1
1788,6,1,1,0.0517448856799037,0.4925382115778072,4,0.0,2
1789,6,1,1,0.0,0.4925382115778072,5,0.0,1
1790,6,1,1,0.0610709987966305,0.5047538813334937,4,0.0,2
1791,6,1,1,0.0141395908543922,0.5075821398483572,3,0.0,1
1792,6,1,1,0.0,0.5075821398483572,5,0.0,1
1793,6,1,1,0.0,0.5075821398483572,5,0.0,1
1794,6,1,1,0.0,0.5075821398483572,5,0.0,1
1795,6,1,1,0.0294825511432009,0.5134793597304128,4,0.0,1
1796,6,1,1,0.0180505415162454,0.003610542784932,3,0.0,1
1797,6,1,1,0.0,0.003610542784932,5,0.0,1
1798,6,1,1,0.0,0.003610542784932,5,0.0,1
1799,6,1,1,0.0,0.003610542784932,5,0.0,1
1800,6,1,1,0.0541516245487364,0.014442171139728,4,0.0,2
1801,6,1,1,0.0,0.014442171139728,5,0.0,1
1802,6,1,1,0.0535499398315282,0.0251534480683596,4,0.0,2
1803,6,1,1,0.0,0.0251534480683596,5,0.0,1
1804,6,1,1,0.0,0.0251534480683596,5,0.0,1
1805,6,1,1,0.0,0.0251534480683596,5,0.0,1
1806,6,1,1,0.0,0.0251534480683596,5,0.0,1
1807,6,1,1,0.0,0.0251534480683596,5,0.0,1
1808,6,1,1,0.0,0.0251534480683596,5,0.0,1
1809,6,1,1,0.0,0.0251534480683596,5,0.0,1
1810,6,1,1,0.1525270758122743,0.055662534601035,2,0.0,0
1811,6,1,1,0.0,0.055662534601035,5,0.0,1
1812,6,1,1,0.0,0.055662534601035,5,0.0,1
1813,6,1,1,0.0,0.055662534601035,5,0.0,1
1814,6,1,1,0.0,0.055662534601035,5,0.0,1
1815,6,1,1,0.0,0.055662534601035,5,0.0,1
1816,6,1,1,0.0,0.055662534601035,5,0.0,1
1817,6,1,1,0.0,0.055662534601035,5,0.0,1
1818,6,1,1,0.0207581227436823,0.0598146588037068,3,0.0,1
1819,6,1,1,0.0,0.0598146588037068,5,0.0,1
1820,6,1,1,0.0,0.0598146588037068,5,0.0,1
1821,6,1,1,0.0,0.0598146588037068,5,0.0,1
1822,6,1,1,0.0,0.0598146588037068,5,0.0,1
1823,6,1,1,0.0,0.0598146588037068,5,0.0,1
1824,6,1,1,0.0,0.0598146588037068,5,0.0,1
1825,6,1,1,0.0,0.0598146588037068,5,0.0,1
1826,6,1,1,0.0339951865222623,0.0666145143819954,4,0.0,1
