District,State,Year,Case_Type,Annual_Rainfall_mm,Jan_mm,Feb_mm,Mar_mm,Apr_mm,May_mm,Jun_mm,Jul_mm,Aug_mm,Sep_mm,Oct_mm,Nov_mm,Dec_mm,Monsoon_Rainfall_mm,Monsoon_Percent,Rainfall_Category,Flood_Risk
Visakhapatnam,Andhra Pradesh,0.0,urban_flood,0.4321379392923426,0.5126436781609196,0.4038461538461538,0.46361185983827485,0.4038461538461538,0.4598743893928821,0.44302514193025133,0.44800950683303625,0.45531105677804945,0.41395071542130374,0.4491719017704169,0.4307282415630551,0.39514348785871967,0.4432855726156687,0.6514522821576763,Excess,High
Visakhapatnam,Andhra Pradesh,0.11111111111111427,normal,0.329820990241274,0.0,0.002136752136752137,0.0,0.47939560439560436,0.3921842288904397,0.3653690186536902,0.34961378490790257,0.3465091007878294,0.31677265500794916,0.35065676756139347,0.23001776198934282,0.3664459161147903,0.34596313647710564,0.7178423236514524,Normal,Medium
Visakhapatnam,Andhra Pradesh,0.22222222222220012,flood,0.4089385140393941,0.6528735632183907,0.33547008547008544,0.33692722371967654,0.31730769230769235,0.46545708304256805,0.4205190592051905,0.41354723707664887,0.3936430317848411,0.40500794912559623,0.41147915476870356,0.4333925399644761,0.6269315673289183,0.4079950757446227,0.5601659751037342,Excess,High
Visakhapatnam,Andhra Pradesh,0.3333333333333144,drought,0.17805184697359755,0.0735632183908046,0.11752136752136752,0.3584905660377358,0.02197802197802198,0.22749476622470347,0.19890510948905107,0.17159833630421867,0.16761749524585712,0.1569952305246423,0.17018846373500857,0.2149200710479574,0.12141280353200884,0.17251991929692576,0.4398340248962658,Deficient,Low
Visakhapatnam,Andhra Pradesh,0.44444444444442865,waterlogging,0.45006884990720225,0.10344827586206896,0.16452991452991453,0.16981132075471697,0.5151098901098901,0.3942777390090719,0.4628953771289538,0.4427807486631016,0.4403694648193426,0.41554054054054057,0.45459737292975444,0.34191829484902314,0.163355408388521,0.44229388229661803,0.5103734439834029,Excess,High
Visakhapatnam,Andhra Pradesh,0.5555555555555429,extreme_flood,0.6349757528587678,0.7425287356321838,0.2264957264957265,0.8840970350404311,0.4560439560439561,0.7187718073970691,0.6508515815085157,0.6524064171122995,0.6431676174952459,0.6373211446740861,0.57824100513992,0.5452930728241564,0.24724061810154527,0.6383407995075745,0.5933609958506225,Extremely Excess,Extreme
Visakhapatnam,Andhra Pradesh,0.6666666666666572,mild,0.24022630665149974,0.0,0.08547008547008547,0.18598382749326145,0.07967032967032966,0.29099790648988144,0.2558799675587997,0.23517528223410578,0.24572127139364303,0.2056836248012719,0.24757281553398056,0.3658969804618118,0.08830022075055188,0.2377321068289847,0.5145228215767634,Normal,Low
Visakhapatnam,Andhra Pradesh,0.7777777777777715,severe_drought,0.0945339160629827,0.0,0.23717948717948717,0.0,0.0,0.1325889741800419,0.07461476074614759,0.11075460487225193,0.07919043738114644,0.09538950715421304,0.0825242718446602,0.18472468916518653,0.40838852097130246,0.09068836986629278,0.385892116182573,Severely Deficient,Low
Visakhapatnam,Andhra Pradesh,0.8888888888888857,urban_flood,0.3975633119798838,0.3908045977011494,0.37393162393162394,0.45552560646900264,0.28983516483516486,0.49197487787857647,0.408353609083536,0.41212121212121217,0.4100787829394187,0.37440381558028624,0.41804683038263846,0.36412078152753113,0.576158940397351,0.405190985876962,0.6265560165975104,Excess,High
Visakhapatnam,Andhra Pradesh,1.0,normal,0.3015027240615458,0.5287356321839081,0.3696581196581197,0.49326145552560646,0.3159340659340659,0.4033496161898117,0.32278994322789945,0.3017231134878194,0.31037761477859277,0.26232114467408585,0.28241005139920045,0.34902309058614567,0.11479028697571746,0.2983620011626714,0.5228215767634858,Normal,Low
Vizianagaram,Andhra Pradesh,0.0,normal,0.2887205891157277,0.2045977011494253,0.002136752136752137,0.1347708894878706,0.3324175824175824,0.3147243545010468,0.3055555555555556,0.2972073677956031,0.2995110024449878,0.2740461049284579,0.3212450028555111,0.2593250444049734,0.20088300220750552,0.298088431419485,0.6556016597510377,Normal,Low
Vizianagaram,Andhra Pradesh,0.11111111111111427,flood,0.5060767526791594,0.632183908045977,0.5213675213675214,0.16981132075471697,0.6758241758241759,0.5436147941381717,0.5523114355231142,0.494949494949495,0.5252648736756316,0.47456279809220986,0.5045688178183896,0.3880994671403198,0.6357615894039735,0.509899805081558,0.5975103734439835,Extremely Excess,High
Vizianagaram,Andhra Pradesh,0.22222222222220012,drought,0.17787223852002632,0.2160919540229885,0.09829059829059829,0.0,0.28434065934065933,0.18283321702721567,0.2019464720194647,0.19477124183006533,0.20198315675088294,0.1889904610492846,0.13963449457452884,0.15896980461811724,0.315673289183223,0.1901993639503471,0.7344398340248963,Deficient,Low
Vizianagaram,Andhra Pradesh,0.3333333333333144,waterlogging,0.3506555708555349,0.31724137931034485,0.0,0.11051212938005389,0.1620879120879121,0.41521284019539434,0.3471208434712084,0.3477124183006536,0.3724531377343113,0.3519475357710652,0.30639634494574525,0.261101243339254,0.37086092715231794,0.3496221317922238,0.5518672199170127,Excess,Medium
Vizianagaram,Andhra Pradesh,0.44444444444442865,extreme_flood,0.6500628629587499,0.3517241379310345,0.7735042735042735,0.7169811320754716,0.6510989010989011,0.6517794836008374,0.6820762368207622,0.6436125965537731,0.649823417549579,0.6206279809220987,0.6050828098229584,0.7353463587921848,0.6688741721854305,0.6430940737954383,0.5394190871369293,Extremely Excess,Extreme
Vizianagaram,Andhra Pradesh,0.5555555555555429,mild,0.2395677423217386,0.029885057471264367,0.04487179487179487,0.0,0.23214285714285712,0.21074668527564555,0.2629764801297648,0.2386215092097445,0.23105134474327632,0.20091414944356123,0.20331239291833236,0.2992895204262878,0.17660044150110377,0.23010635023766374,0.4232365145228214,Normal,Low
Vizianagaram,Andhra Pradesh,0.6666666666666572,severe_drought,0.0780398730766928,0.36551724137931035,0.39957264957264954,0.0,0.17857142857142858,0.04954640614096303,0.05778588807785888,0.09185977421271539,0.07552295571855475,0.06140699523052465,0.09394631639063393,0.19538188277087037,0.17439293598233999,0.07700988270697261,0.44398340248962676,Severely Deficient,Low
Vizianagaram,Andhra Pradesh,0.7777777777777715,urban_flood,0.4461773334131593,0.21839080459770116,0.5405982905982907,0.18598382749326145,0.6346153846153847,0.48220516399162605,0.4436334144363341,0.4639334521687463,0.4597935343656615,0.42031001589825123,0.41290691033695026,0.4396092362344583,0.04635761589403974,0.44585028895804124,0.5643153526970957,Excess,High
Vizianagaram,Andhra Pradesh,0.8888888888888857,normal,0.25648087169969463,0.17701149425287357,0.13247863247863248,0.2398921832884097,0.1826923076923077,0.28401953942777397,0.29034874290348744,0.2461081402257873,0.26174952458571044,0.22416534181240066,0.2752712735579668,0.23889875666074603,0.26490066225165565,0.257223951031016,0.5560165975103737,Normal,Low
Vizianagaram,Andhra Pradesh,1.0,flood,0.3946895767227444,0.09195402298850575,0.3055555555555556,0.2776280323450135,0.5824175824175823,0.4501046755059317,0.42376317923763174,0.4112893642305407,0.38209725618038576,0.38672496025437203,0.39577384351798967,0.5124333925399646,0.18543046357615897,0.3999589645385221,0.6099585062240664,Excess,High
Srikakulam,Andhra Pradesh,0.0,flood,0.44626713763994486,0.09885057471264368,0.038461538461538464,0.7870619946091644,0.5192307692307692,0.5024424284717377,0.4478913219789131,0.4512180629827689,0.4327628361858191,0.43422098569157397,0.4785836664762992,0.5355239786856129,0.25386313465783666,0.44636323222651575,0.5684647302904566,Excess,High
Srikakulam,Andhra Pradesh,0.11111111111111427,drought,0.21217745315212833,0.011494252873563218,0.4700854700854701,0.5876010781671159,0.35714285714285715,0.2519190509420796,0.24594484995944846,0.20843731431966728,0.23105134474327632,0.2090620031796503,0.1724728726442033,0.18650088809946716,0.0,0.21625688198885207,0.5975103734439835,Deficient,Low
Srikakulam,Andhra Pradesh,0.22222222222220012,waterlogging,0.4717715380470574,0.3793103448275862,0.3653846153846154,0.5768194070080862,0.41758241758241754,0.3907885554780182,0.5066909975669099,0.4623885918003565,0.4765009508285792,0.4439586645468999,0.4274700171330668,0.5541740674955595,0.6931567328918322,0.4660602537359368,0.5311203319502078,Excess,High
Srikakulam,Andhra Pradesh,0.3333333333333144,extreme_flood,0.8084775190085612,0.9333333333333333,0.7841880341880343,0.6307277628032344,0.6085164835164835,0.7613398464759247,0.8128548256285482,0.7944147355912062,0.7939418636240152,0.809220985691574,0.741290691033695,0.8294849023090588,0.3929359823399559,0.7935916287658584,0.5186721991701244,Extremely Excess,Extreme
Srikakulam,Andhra Pradesh,0.44444444444442865,mild,0.23816080943543072,0.0,0.30982905982905984,0.045822102425876005,0.22527472527472525,0.26099092812281927,0.2716950527169505,0.2496732026143791,0.23336049986416735,0.20588235294117646,0.20102798400913763,0.197158081705151,0.04856512141280354,0.2359197072803748,0.5145228215767634,Normal,Low
Srikakulam,Andhra Pradesh,0.5555555555555429,severe_drought,0.08258995390049692,0.22298850574712642,0.21581196581196582,0.0,0.06593406593406594,0.036985345429169585,0.10928629359286293,0.07142008318478908,0.09549035588155394,0.08962639109697934,0.11450599657338664,0.04706927175843695,0.00883002207505519,0.09215880723591971,0.7551867219917012,Severely Deficient,Low
Srikakulam,Andhra Pradesh,0.6666666666666572,urban_flood,0.4583907082560019,0.22758620689655173,0.27564102564102566,0.20754716981132074,0.44368131868131866,0.3586880669923238,0.4916869424168694,0.44503862150920975,0.4633251833740832,0.4356120826709063,0.4557395773843517,0.5683836589698047,0.4657836644591612,0.4571692370823787,0.5601659751037342,Excess,High
Srikakulam,Andhra Pradesh,0.7777777777777715,normal,0.27016104891336884,0.19310344827586207,0.23076923076923078,0.3099730458221024,0.36126373626373626,0.23168178646196794,0.259529602595296,0.2695187165775401,0.29326270035316493,0.24105723370429255,0.3041119360365505,0.2904085257548846,0.20309050772626933,0.2730567999179291,0.5850622406639006,Normal,Low
Srikakulam,Andhra Pradesh,0.8888888888888857,flood,0.5566365323594563,0.432183908045977,0.5705128205128205,0.4582210242587601,0.717032967032967,0.5854849965108164,0.585360908353609,0.5515151515151515,0.5711763107851127,0.5530604133545309,0.5205596801827528,0.44316163410301956,0.6379690949227373,0.558732004240331,0.5850622406639006,Extremely Excess,High
Srikakulam,Andhra Pradesh,1.0,drought,0.21196790995629522,0.16781609195402297,0.2393162393162393,0.5175202156334231,0.21565934065934064,0.31891137473831127,0.22769667477696673,0.22697563874034465,0.2332246672099973,0.22058823529411764,0.18503712164477443,0.261101243339254,0.12141280353200884,0.22254898608213936,0.6929460580912861,Deficient,Low
East Godavari,Andhra Pradesh,0.0,drought,0.14251930790875889,0.0896551724137931,0.0,0.45013477088948783,0.0,0.2554082344731333,0.14375506893755066,0.14153297682709448,0.12754686226568868,0.11387122416534184,0.1393489434608795,0.2788632326820604,0.0,0.13336524980337175,0.3402489626556018,Deficient,Low
East Godavari,Andhra Pradesh,0.11111111111111427,waterlogging,0.49021133928036875,0.6643678160919539,0.3504273504273504,0.33962264150943394,0.37912087912087916,0.5073272854152128,0.4772911597729115,0.47439096850861556,0.4914425427872861,0.45310015898251194,0.4583095374071958,0.39964476021314393,0.2295805739514349,0.4735834216735629,0.45643153526970925,Excess,High
East Godavari,Andhra Pradesh,0.22222222222220012,extreme_flood,0.6368317068790037,0.18620689655172412,0.2393162393162393,0.7088948787061994,0.8186813186813187,0.7229588276343336,0.6492295214922952,0.6251931075460487,0.6464276011953274,0.6242050874403817,0.6613363792118789,0.48934280639431627,0.6887417218543047,0.6387511541223541,0.5892116182572615,Extremely Excess,Extreme
East Godavari,Andhra Pradesh,0.3333333333333144,mild,0.26537149015146977,0.05747126436781609,0.3247863247863248,0.07277628032345014,0.3516483516483517,0.27773900907187726,0.2727088402270884,0.2704693998811646,0.26120619396903016,0.26728934817170114,0.2578526556253569,0.2371225577264654,0.445916114790287,0.2664569298635571,0.5643153526970957,Normal,Low
East Godavari,Andhra Pradesh,0.44444444444442865,severe_drought,0.13015625935460695,0.0,0.0,0.032345013477088944,0.28846153846153844,0.24982554082344738,0.16849148418491483,0.14878193701723114,0.12659603368649824,0.14964228934817173,0.11450599657338664,0.048845470692717594,0.42604856512141287,0.14256403241801457,0.7717842323651452,Severely Deficient,Low
East Godavari,Andhra Pradesh,0.5555555555555429,urban_flood,0.43564030413698135,0.49885057471264366,0.057692307692307696,0.6172506738544473,0.5961538461538461,0.3852058618283322,0.44302514193025133,0.4330362448009507,0.450013583265417,0.4087837837837839,0.39948600799543116,0.4120781527531084,0.2229580573951435,0.430803953082789,0.5311203319502078,Excess,High
East Godavari,Andhra Pradesh,0.6666666666666572,normal,0.35595402023588574,0.12413793103448277,0.28632478632478636,0.7169811320754716,0.4217032967032967,0.435450104675506,0.39618815896188153,0.36743909685086157,0.36851399076337954,0.373012718600954,0.3937749857224443,0.34191829484902314,0.00883002207505519,0.37667134014977943,0.7510373443983402,Normal,Medium
East Godavari,Andhra Pradesh,0.7777777777777715,flood,0.47686044423157514,0.15862068965517243,0.3183760683760684,0.16981132075471697,0.5192307692307692,0.446615491974878,0.516220600162206,0.49518716577540106,0.4830209182287422,0.4521065182829889,0.47458595088520844,0.5683836589698047,0.3222958057395144,0.48579147146325624,0.6307053941908713,Excess,High
East Godavari,Andhra Pradesh,0.8888888888888857,drought,0.18646350954918278,0.01839080459770115,0.1346153846153846,0.12668463611859837,0.10714285714285714,0.20167480809490584,0.1857258718572587,0.1857397504456328,0.19220320565063842,0.19137519872813993,0.17561393489434607,0.3170515097690942,0.40838852097130246,0.18712170433950007,0.5435684647302907,Deficient,Low
East Godavari,Andhra Pradesh,1.0,waterlogging,0.39358199125905524,0.16551724137931034,0.2777777777777778,0.07277628032345014,0.33791208791208793,0.44382414515003493,0.4184914841849148,0.40023767082590617,0.406547133930997,0.36506359300476954,0.37378640776699024,0.43516873889875674,0.5739514348785872,0.39568443730123454,0.5809128630705391,Excess,Medium
West Godavari,Andhra Pradesh,0.0,waterlogging,0.38573908878644547,0.1793103448275862,0.004273504273504274,0.555256064690027,0.19093406593406595,0.35938590369853457,0.4014598540145985,0.40308972073677957,0.3734039663135018,0.3692368839427664,0.33923472301541974,0.3392539964476022,0.3973509933774835,0.3818691652703211,0.5311203319502078,Excess,High
West Godavari,Andhra Pradesh,0.11111111111111427,extreme_flood,0.5844459079207327,0.2804597701149425,0.20085470085470086,0.628032345013477,0.6565934065934066,0.6078157711095604,0.6287510137875101,0.5675579322638147,0.5944036946481934,0.5786963434022259,0.5770988006853227,0.6811722912966254,0.1434878587196468,0.5876962008001916,0.5933609958506225,Extremely Excess,Extreme
West Godavari,Andhra Pradesh,0.22222222222220012,mild,0.2525294857211279,0.44367816091954027,0.21794871794871795,0.1320754716981132,0.3914835164835165,0.17794836008374043,0.2607461476074614,0.25656565656565655,0.26500950828579195,0.21780604133545312,0.22958309537407198,0.23889875666074603,0.3002207505518764,0.24949560578600005,0.5103734439834029,Normal,Low
West Godavari,Andhra Pradesh,0.3333333333333144,severe_drought,0.10554990121535052,0.1954022988505747,0.0,0.5229110512129379,0.28983516483516486,0.12561060711793443,0.14071370640713704,0.11146761734997028,0.12768269491985876,0.1154610492845787,0.15276984580239863,0.24422735346358795,0.0,0.12611565160893207,1.0000000000000004,Severely Deficient,Low
West Godavari,Andhra Pradesh,0.44444444444442865,urban_flood,0.36939471951146496,0.23908045977011494,0.5833333333333334,0.21024258760107814,0.23763736263736265,0.45219818562456393,0.379764801297648,0.3863339275103981,0.3599565335506656,0.3680445151033387,0.3592233009708738,0.25399644760213147,0.434878587196468,0.3721916356051021,0.5892116182572615,Excess,High
West Godavari,Andhra Pradesh,0.5555555555555429,normal,0.259594084894929,0.0,0.0,0.0,0.44505494505494503,0.31891137473831127,0.2956204379562044,0.2690433749257279,0.2654170062483021,0.23748012718600958,0.30211307824100514,0.23268206039076378,0.20309050772626933,0.2711418117156243,0.6887966804979255,Normal,Low
West Godavari,Andhra Pradesh,0.6666666666666572,flood,0.4253427527988983,0.6896551724137931,0.12606837606837606,0.2830188679245283,0.5041208791208791,0.33147243545010474,0.44647201946472015,0.4265002970885324,0.4208095626188536,0.3986486486486487,0.41890348372358654,0.3809946714031972,0.315673289183223,0.4227336456587901,0.5477178423236513,Excess,High
West Godavari,Andhra Pradesh,0.7777777777777715,drought,0.1409627013111417,0.4666666666666667,0.0,0.0,0.10439560439560439,0.1772505233775297,0.1605839416058394,0.14141414141414144,0.16612333604998641,0.12221780604133545,0.16533409480296973,0.19982238010657197,0.34216335540838855,0.15042916253462368,0.705394190871369,Deficient,Low
West Godavari,Andhra Pradesh,0.8888888888888857,waterlogging,0.42651020774711124,0.6298850574712643,0.5042735042735043,0.5822102425876011,0.3626373626373626,0.3503140265177949,0.4144363341443633,0.4192513368983958,0.4280086932898669,0.41673290937996826,0.4420331239291833,0.5399644760213145,0.09271523178807949,0.4229388229661799,0.5394190871369293,Excess,High
West Godavari,Andhra Pradesh,1.0,extreme_flood,0.5465784589594683,0.5149425287356322,0.576923076923077,0.8113207547169811,0.7197802197802198,0.6371249127704117,0.5569748580697486,0.5434343434343435,0.5362673186634066,0.5459062003179651,0.5468303826384923,0.6207815275310836,0.16777041942604856,0.5447457511199261,0.5643153526970957,Extremely Excess,Extreme
Krishna,Andhra Pradesh,0.0,extreme_flood,0.5682512123570616,0.5241379310344828,0.27136752136752135,0.2830188679245283,0.7087912087912088,0.46406140963014664,0.5833333333333333,0.5554367201426026,0.5704971475142624,0.5852543720190779,0.547401484865791,0.63854351687389,0.19646799116997796,0.5681017679444653,0.5726141078838176,Extremely Excess,Extreme
Krishna,Andhra Pradesh,0.11111111111111427,mild,0.20020355624738068,0.11954022988505747,0.10897435897435898,0.3584905660377358,0.15934065934065933,0.2581995812979763,0.21958637469586376,0.2003565062388592,0.202118989405053,0.19693958664546904,0.16619074814391777,0.3019538188277087,0.2803532008830022,0.1993639503470916,0.5228215767634858,Normal,Low
Krishna,Andhra Pradesh,0.22222222222220012,severe_drought,0.08001556606597618,0.11954022988505747,0.0,0.03504043126684636,0.07417582417582418,0.06350314026517795,0.06042173560421735,0.093048128342246,0.06900298831839174,0.07670906200317967,0.10565391205025701,0.14476021314387214,0.39514348785871967,0.08019013097151456,0.4813278008298756,Severely Deficient,Low
Krishna,Andhra Pradesh,0.3333333333333144,urban_flood,0.3230258037478297,0.5333333333333333,0.0,0.3584905660377358,0.2967032967032967,0.3328681088625262,0.32765612327656113,0.314795008912656,0.3079326270035317,0.3133942766295708,0.3495145631067961,0.29218472468916523,0.08609271523178809,0.31915330164483807,0.5186721991701244,Excess,Medium
Krishna,Andhra Pradesh,0.44444444444442865,normal,0.21894270490331075,0.0,0.008547008547008548,0.0,0.14285714285714285,0.13956734124214937,0.20377128953771287,0.23517528223410578,0.20986145069274653,0.21224165341812407,0.24414620217018843,0.22113676731793963,0.0,0.2206339978798345,0.5643153526970957,Normal,Low
Krishna,Andhra Pradesh,0.5555555555555429,flood,0.35535532539064835,0.2597701149425288,0.30128205128205127,0.2371967654986523,0.4807692307692308,0.4103279832519191,0.39476885644768855,0.34105763517528226,0.3758489540885629,0.33803656597774245,0.3832095945174186,0.40497335701598586,0.6158940397350994,0.36340320760523886,0.6348547717842328,Excess,High
Krishna,Andhra Pradesh,0.6666666666666572,drought,0.15344548883434111,0.05747126436781609,0.14102564102564102,0.07547169811320753,0.12499999999999999,0.1193300767620377,0.16342254663422545,0.16399286987522282,0.14914425427872863,0.14487281399046106,0.12564249000571104,0.08436944937833038,0.0,0.1522757583011319,0.5020746887966809,Deficient,Low
Krishna,Andhra Pradesh,0.7777777777777715,waterlogging,0.3813686164162126,0.0,0.09615384615384616,0.4743935309973046,0.21703296703296704,0.46196789951151435,0.4085563665855636,0.40035650623885916,0.38603640315131754,0.35850556438791736,0.38006853226727577,0.49200710479573717,0.326710816777042,0.3885032315425914,0.6265560165975104,Excess,High
Krishna,Andhra Pradesh,0.8888888888888857,extreme_flood,0.5223612524696162,0.6942528735632184,0.32051282051282054,0.10512129380053907,0.4148351648351648,0.4759246336357293,0.5602189781021897,0.5221628045157457,0.5241782124422711,0.500993640699523,0.5428326670474015,0.6216696269982239,0.7417218543046359,0.5279212119139622,0.6099585062240664,Extremely Excess,Extreme
Krishna,Andhra Pradesh,1.0,mild,0.2062204394420164,0.5126436781609196,0.3653846153846154,0.36657681940700804,0.12362637362637363,0.15980460572226102,0.19687753446877532,0.22495543672014262,0.20252648736756318,0.19316375198728142,0.20816676185037122,0.2957371225577265,0.41059602649006627,0.2070922955921075,0.5518672199170127,Normal,Low
Guntur,Andhra Pradesh,0.0,mild,0.18029695264323772,0.12183908045977011,0.3782051282051282,0.4582210242587601,0.04120879120879121,0.12281926029309144,0.17903487429034873,0.16898395721925136,0.18187992393371366,0.14686009538950717,0.1896059394631639,0.130550621669627,0.2273730684326711,0.17258831173272238,0.4066390041493779,Normal,Low
Guntur,Andhra Pradesh,0.11111111111111427,severe_drought,0.032539064838651745,0.38620689655172413,0.3311965811965812,0.0,0.0,0.00488485694347523,0.039740470397404706,0.021152703505644688,0.043194784026079874,0.01768680445151033,0.03255282695602513,0.14920071047957373,0.19426048565121415,0.030605615018978904,0.30705394190871393,Severely Deficient,Low
Guntur,Andhra Pradesh,0.22222222222220012,urban_flood,0.38403280847751897,0.2252873563218391,0.5598290598290598,0.6037735849056602,0.3324175824175824,0.4103279832519191,0.38503649635036497,0.39964349376114083,0.37258897038848143,0.3559220985691574,0.35122786978869214,0.3543516873889876,0.4768211920529802,0.37704749854666075,0.5062240663900415,Excess,High
Guntur,Andhra Pradesh,0.3333333333333144,normal,0.23525713943602944,0.2045977011494253,0.0,0.18867924528301885,0.07554945054945054,0.1849267271458479,0.2731143552311436,0.2285204991087344,0.25441456126052703,0.2430445151033387,0.20702455739577383,0.27531083481349916,0.0,0.24248538111684848,0.6390041493775933,Normal,Low
Guntur,Andhra Pradesh,0.44444444444442865,flood,0.4055558881638029,0.43908045977011495,0.5192307692307693,0.3881401617250674,0.5824175824175823,0.3105373342637823,0.4071370640713706,0.41532976827094475,0.406547133930997,0.37500000000000006,0.36521987435750997,0.483126110124334,0.31346578366445915,0.39879629312997983,0.5103734439834029,Extremely Excess,High
Guntur,Andhra Pradesh,0.5555555555555429,drought,0.15140992636053402,0.3103448275862069,0.0811965811965812,0.07277628032345014,0.18406593406593408,0.24912770411723661,0.1759935117599351,0.13784907902554966,0.1640858462374355,0.1665341812400636,0.17447173043974873,0.08703374777975136,0.13245033112582782,0.16020928085353758,0.6846473029045641,Deficient,Low
Guntur,Andhra Pradesh,0.6666666666666572,waterlogging,0.2919236065377477,0.15862068965517243,0.5192307692307693,0.6442048517520215,0.21703296703296704,0.2651779483600838,0.31042173560421726,0.31146761734997025,0.2821244227112198,0.26689189189189194,0.3223872073101085,0.2957371225577265,0.5099337748344371,0.2975412919331122,0.6141078838174279,Excess,Medium
Guntur,Andhra Pradesh,0.7777777777777715,extreme_flood,0.4772196611387176,0.4206896551724138,0.2606837606837607,0.32075471698113206,0.45467032967032966,0.4577808792742499,0.48398215733982153,0.4936423054070113,0.4908992121706059,0.47953100158982515,0.4491719017704169,0.483126110124334,0.5673289183222958,0.48356871729986667,0.6141078838174279,Extremely Excess,Extreme
Guntur,Andhra Pradesh,0.8888888888888857,mild,0.21567981799676705,0.09195402298850575,0.358974358974359,0.4231805929919137,0.08928571428571429,0.3042568039078856,0.2232360097323601,0.21877599524658348,0.21828307525129043,0.20945945945945948,0.22815533980582522,0.22912966252220252,0.43267108167770424,0.2189241869849195,0.5850622406639006,Normal,Low
Guntur,Andhra Pradesh,1.0,severe_drought,0.06690414895527749,0.016091954022988506,0.02564102564102564,0.3504043126684636,0.03846153846153846,0.02861130495464062,0.04886455798864557,0.08496732026143791,0.08883455582722086,0.03457869634340223,0.06167904054825814,0.010657193605683837,0.0,0.0683924357966009,0.5103734439834029,Severely Deficient,Low
Prakasam,Andhra Pradesh,0.0,severe_drought,0.07812967730347842,0.0,0.3952991452991453,0.0,0.260989010989011,0.11304954640614097,0.07907542579075424,0.07712418300653595,0.093452866069003,0.05743243243243244,0.09994288977727014,0.1119005328596803,0.07947019867549669,0.08090825154737885,0.5560165975103737,Severely Deficient,Low
Prakasam,Andhra Pradesh,0.11111111111111427,urban_flood,0.35559480332874327,0.3425287356321839,0.4935897435897436,0.5417789757412399,0.17582417582417584,0.41521284019539434,0.35178426601784263,0.3724301841948901,0.34134745992936705,0.33485691573926873,0.31696173615077095,0.3481349911190054,0.5055187637969095,0.34801490955100367,0.49377593360995853,Excess,High
Prakasam,Andhra Pradesh,0.22222222222220012,normal,0.20526252768963657,0.0,0.06837606837606838,0.47708894878706193,0.07967032967032966,0.16120027913468252,0.18998377939983777,0.2162804515745692,0.2056506384134746,0.18382352941176472,0.22644203312392922,0.17673179396092364,0.33333333333333337,0.2048011489929214,0.5311203319502078,Normal,Low
Prakasam,Andhra Pradesh,0.3333333333333144,flood,0.39178590672334307,0.13793103448275862,0.6132478632478633,0.11859838274932614,0.3131868131868132,0.325191905094208,0.3963909164639091,0.39334521687462864,0.3970388481390927,0.4018282988871225,0.41890348372358654,0.31172291296625226,0.40176600441501104,0.39930923639845434,0.6265560165975104,Extremely Excess,High
Prakasam,Andhra Pradesh,0.44444444444442865,drought,0.09160031132131952,0.07586206896551724,0.0,0.0,0.11675824175824176,0.15980460572226102,0.07461476074614759,0.10956625074272135,0.1060853029068188,0.06259936406995231,0.1367789834380354,0.12166962699822381,0.43046357615894043,0.09797216427863079,0.6597510373443982,Deficient,Low
Prakasam,Andhra Pradesh,0.5555555555555429,waterlogging,0.27767466922109796,0.271264367816092,0.09401709401709403,0.12938005390835577,0.33104395604395603,0.3740404745289603,0.30839416058394153,0.2887700534759359,0.28456941048628087,0.292329093799682,0.27612792689891485,0.38454706927175847,0.45695364238410596,0.29012071264918105,0.6929460580912861,Excess,Medium
Prakasam,Andhra Pradesh,0.6666666666666572,extreme_flood,0.4533616715560079,0.5678160919540229,0.0405982905982906,0.3045822102425876,0.3434065934065934,0.4508025122121424,0.482765612327656,0.4407605466428996,0.45816354251562075,0.4682034976152623,0.4211878926327812,0.4884547069271759,0.4282560706401766,0.4546045207400062,0.5767634854771786,Extremely Excess,Extreme
Prakasam,Andhra Pradesh,0.7777777777777715,mild,0.16134826079147457,0.14022988505747125,0.2799145299145299,0.0,0.3434065934065934,0.18143754361479417,0.14314679643146797,0.15555555555555556,0.1845965770171149,0.15620031796502387,0.1322101656196459,0.1252220248667851,0.12141280353200884,0.15808911534384298,0.4688796680497931,Normal,Low
Prakasam,Andhra Pradesh,0.8888888888888857,severe_drought,0.022241513500568764,0.0,0.0405982905982906,0.0,0.09615384615384615,0.10048848569434754,0.01419302514193025,0.03161021984551396,0.03287150230915513,0.03954689984101749,0.056824671616219305,0.15097690941385436,0.04194260485651214,0.03337550866874124,0.9917012448132776,Severely Deficient,Low
Prakasam,Andhra Pradesh,1.0,urban_flood,0.29183380231096206,0.6,0.002136752136752137,0.2776280323450135,0.12912087912087913,0.3914863921842289,0.33252230332522303,0.30267379679144385,0.2902743819614235,0.2666931637519873,0.2701313535122787,0.19804618117229134,0.26490066225165565,0.2944978285401635,0.5850622406639006,Excess,High
Nellore,Andhra Pradesh,0.0,urban_flood,0.3385320002394779,0.16551724137931034,0.3525641025641026,0.5283018867924528,0.15384615384615383,0.3272854152128402,0.36090835360908347,0.3537730243612597,0.3420266232002174,0.35572337042925284,0.3146773272415762,0.20959147424511548,0.2693156732891832,0.34767294737202065,0.6473029045643157,Excess,Medium
Nellore,Andhra Pradesh,0.11111111111111427,normal,0.24007663294019038,0.4413793103448276,0.029914529914529912,0.10242587601078165,0.37912087912087916,0.2951849267271459,0.25527169505271696,0.25074272133095665,0.24137462646020102,0.2003179650238474,0.19902912621359223,0.25488454706927177,0.0,0.23427828882125634,0.4730290456431536,Normal,Low
Nellore,Andhra Pradesh,0.22222222222220012,flood,0.3461354247739927,0.6206896551724138,0.5085470085470085,0.07008086253369272,0.1510989010989011,0.44173063503140275,0.3459042984590429,0.3374925727866905,0.35832654170062483,0.3120031796502385,0.3218161050828098,0.4724689165186502,0.37969094922737306,0.33789282905310675,0.4813278008298756,Excess,High
Nellore,Andhra Pradesh,0.3333333333333144,drought,0.14216009100161647,0.07126436781609195,0.3076923076923077,0.0,0.3626373626373626,0.23447313328681094,0.15936739659367397,0.13000594177064767,0.15512089106221136,0.1567965023847377,0.14962878355225587,0.1261101243339254,0.0,0.14824060458913244,0.6390041493775933,Deficient,Low
Nellore,Andhra Pradesh,0.44444444444442865,waterlogging,0.37574088487098123,0.5862068965517241,0.042735042735042736,0.5849056603773585,0.18543956043956045,0.47452896022330787,0.3963909164639091,0.38003565062388595,0.371773974463461,0.3905007949125597,0.35037121644774416,0.46003552397868563,0.6291390728476822,0.3789624867489656,0.5892116182572615,Excess,High
Nellore,Andhra Pradesh,0.5555555555555429,extreme_flood,0.6462012812069687,0.542528735632184,0.2136752136752137,0.5983827493261454,0.6071428571428572,0.5666434054431263,0.6595701540957014,0.6414735591206181,0.6363759847867427,0.6307631160572338,0.6079383209594518,0.6190053285968029,0.20088300220750552,0.6373833054064222,0.5311203319502078,Extremely Excess,Extreme
Nellore,Andhra Pradesh,0.6666666666666572,mild,0.24513560438244625,0.43908045977011495,0.2393162393162393,0.5444743935309972,0.45467032967032966,0.17376133984647596,0.26480129764801297,0.26619132501485443,0.269627818527574,0.24085850556438798,0.2138777841233581,0.2779751332149201,0.0,0.25619806449406696,0.6846473029045641,Normal,Low
Nellore,Andhra Pradesh,0.7777777777777715,severe_drought,0.045201460815422374,0.3816091954022989,0.0,0.19137466307277626,0.0,0.162595952547104,0.06751824817518247,0.043969102792632206,0.06207552295571857,0.012321144674085849,0.04568817818389492,0.0035523978685612794,0.18543046357615897,0.04725917313545122,0.5145228215767634,Severely Deficient,Low
Nellore,Andhra Pradesh,0.8888888888888857,urban_flood,0.33449081003412556,0.21839080459770116,0.12606837606837606,0.3450134770889488,0.28434065934065933,0.3817166782972785,0.3187347931873479,0.3420083184789067,0.3279000271665309,0.3100158982511924,0.35665334094802964,0.45737122557726473,0.15673289183222958,0.3307800157302602,0.5228215767634858,Excess,Medium
Nellore,Andhra Pradesh,1.0,normal,0.28195533736454526,0.0,0.3183760683760684,0.4959568733153638,0.1565934065934066,0.2742498255408235,0.3181265206812651,0.2708259061200238,0.2667753327900027,0.27682829888712246,0.2752712735579668,0.36856127886323276,0.5187637969094923,0.27934890401121637,0.5228215767634858,Normal,Medium
Kurnool,Andhra Pradesh,0.0,normal,0.13237143028198525,0.05747126436781609,0.11538461538461539,0.22911051212938005,0.3598901098901099,0.19120725750174464,0.1354420113544201,0.12810457516339868,0.15525672371638144,0.10075516693163752,0.15705311250713877,0.26909413854351694,0.2384105960264901,0.13493827582669357,0.5643153526970957,Normal,Low
Kurnool,Andhra Pradesh,0.11111111111111427,flood,0.2287613003652038,0.0,0.10897435897435898,0.41239892183288407,0.31043956043956045,0.3293789253314725,0.26236820762368207,0.24349376114081994,0.25020374898125514,0.20508744038155807,0.21901770416904626,0.20959147424511548,0.2406181015452539,0.23882638580173038,0.6763485477178426,Excess,High
Kurnool,Andhra Pradesh,0.22222222222220012,drought,0.077081961324313,0.0,0.0,0.026954177897574122,0.03159340659340659,0.19120725750174464,0.10969180859691807,0.09459298871063578,0.08815539255637056,0.05822734499205087,0.08966304968589378,0.19094138543516875,0.0,0.08867079301029307,0.8257261410788383,Deficient,Low
Kurnool,Andhra Pradesh,0.3333333333333144,waterlogging,0.21597916541938572,0.0,0.38675213675213677,0.48247978436657674,0.05219780219780219,0.25471039776692256,0.22729115977291156,0.2077243018419489,0.2063298016843249,0.22197933227344996,0.22387207310108512,0.3587921847246892,0.5099337748344371,0.21506001436241157,0.5269709543568464,Excess,High
Kurnool,Andhra Pradesh,0.44444444444442865,extreme_flood,0.40537627971023166,0.08045977011494253,0.6004273504273505,0.1967654986522911,0.3942307692307692,0.4584787159804606,0.4014598540145985,0.409863339275104,0.39690301548492257,0.3708267090620032,0.36579097658480864,0.36056838365896987,0.0022075055187637973,0.39318811339465853,0.46473029045643166,Extremely Excess,Extreme
Kurnool,Andhra Pradesh,0.5555555555555429,mild,0.1162366042028378,0.23448275862068962,0.05128205128205128,0.0,0.0,0.08862526168876483,0.10563665855636659,0.13713606654783123,0.10690029883183919,0.12460254372019078,0.13021130782410054,0.15985790408525757,0.12582781456953643,0.12122559244947509,0.6182572614107884,Normal,Low
Kurnool,Andhra Pradesh,0.6666666666666572,severe_drought,0.04583009040292164,0.0,0.24786324786324787,0.12398921832884095,0.03846153846153846,0.16468946266573625,0.06021897810218976,0.037076648841354726,0.04740559630535181,0.053060413354531,0.07224443175328384,0.19005328596802842,0.0,0.050542010053688066,0.6224066390041494,Severely Deficient,Low
Kurnool,Andhra Pradesh,0.7777777777777715,urban_flood,0.22944979943722682,0.18160919540229886,0.24145299145299148,0.6118598382749325,0.4478021978021978,0.3161200279134683,0.23236009732360094,0.2467023172905526,0.23974463461016027,0.2150238473767886,0.19103369503141063,0.3143872113676732,0.20309050772626933,0.2304141161987484,0.5560165975103737,Excess,High
Kurnool,Andhra Pradesh,0.8888888888888857,normal,0.1542237921331497,0.3218390804597701,0.32905982905982906,0.016172506738544472,0.3049450549450549,0.18073970690858343,0.16281427412814273,0.16446821152703506,0.1395001358326542,0.12062798092209859,0.1413478012564249,0.30373001776198943,0.0,0.14759087644906474,0.39834024896265596,Normal,Low
Kurnool,Andhra Pradesh,1.0,flood,0.22046937675866612,0.0,0.07905982905982907,0.09164420485175201,0.4258241758241758,0.3042568039078856,0.22465531224655313,0.20701128936423058,0.23865797337679978,0.2197933227344992,0.19246145059965733,0.36678507992895204,0.0,0.218411243716445,0.5145228215767634,Excess,High
Kadapa,Andhra Pradesh,0.0,flood,0.32054122014009456,0.13793103448275862,0.21794871794871795,0.5660377358490566,0.4065934065934066,0.4173063503140266,0.34083536090835354,0.30897207367795604,0.3406682966585167,0.32591414944356123,0.3358081096516276,0.20426287744227356,0.19867549668874174,0.3284546729131758,0.6348547717842328,Extremely Excess,High
Kadapa,Andhra Pradesh,0.11111111111111427,drought,0.07082560019158235,0.3103448275862069,0.2094017094017094,0.41239892183288407,0.2967032967032967,0.15003489183531055,0.10969180859691807,0.07961972667855022,0.056913882097256174,0.0321939586645469,0.0659623072529983,0.1873889875666075,0.326710816777042,0.06917894880826182,0.41493775933609944,Deficient,Low
Kadapa,Andhra Pradesh,0.22222222222220012,waterlogging,0.2691432676764653,0.0,0.0,0.61455525606469,0.20604395604395603,0.2896022330774599,0.31042173560421726,0.26880570409982174,0.28049443086117903,0.2527821939586646,0.29154768703597944,0.2850799289520427,0.05518763796909493,0.27873337208904697,0.6639004149377592,Excess,High
Kadapa,Andhra Pradesh,0.3333333333333144,extreme_flood,0.3742441477578878,0.15402298850574714,0.3183760683760684,0.5390835579514824,0.5673076923076923,0.4159106769016051,0.4051094890510949,0.36482471776589426,0.3735397989676718,0.3583068362480128,0.38492290119931466,0.3170515097690942,0.17660044150110377,0.37509831412645767,0.5684647302904566,Extremely Excess,Extreme
Kadapa,Andhra Pradesh,0.44444444444442865,mild,0.13982518110519065,0.35402298850574715,0.1794871794871795,0.0,0.0,0.1297976273551989,0.16605839416058393,0.15068330362448012,0.15308340124966044,0.14586645468998413,0.12707024557395774,0.174955595026643,0.163355408388521,0.15022398522723387,0.7219917012448134,Normal,Low
Kadapa,Andhra Pradesh,0.5555555555555429,severe_drought,0.048404478237442365,0.38620689655172413,0.0,0.31805929919137466,0.14972527472527472,0.08862526168876483,0.07360097323600971,0.06904337492572787,0.03450149415919587,0.01788553259141494,0.07995431182181612,0.0,0.0772626931567329,0.053619669664535116,0.6431535269709543,Severely Deficient,Low
Kadapa,Andhra Pradesh,0.6666666666666572,urban_flood,0.23534694366281506,0.05747126436781609,0.3269230769230769,0.0,0.40934065934065933,0.23447313328681094,0.24695863746958638,0.2401663695781343,0.24585710404781308,0.21581875993640698,0.20217018846373502,0.19893428063943164,0.0,0.23400471907806997,0.5269709543568464,Excess,High
Kadapa,Andhra Pradesh,0.7777777777777715,normal,0.17499850326288688,0.041379310344827586,0.44871794871794873,0.5714285714285714,0.24999999999999997,0.2142358688066993,0.21512570965125707,0.1926322043969103,0.19057321380059766,0.15381558028616854,0.16733295259851513,0.11456483126110126,0.15231788079470202,0.18619840645624594,0.7178423236514524,Normal,Low
Kadapa,Andhra Pradesh,0.8888888888888857,flood,0.33344309405496014,0.5724137931034482,0.023504273504273508,0.0,0.5096153846153846,0.34542916957431963,0.3282643957826439,0.34236482471776586,0.3437924477044282,0.30027821939586646,0.309537407195888,0.21758436944937837,0.08609271523178809,0.32917279348904016,0.5186721991701244,Extremely Excess,High
Kadapa,Andhra Pradesh,1.0,drought,0.06899958091360833,0.0,0.19871794871794873,0.0,0.0,0.014654570830425684,0.06670721816707217,0.06654783125371361,0.06384134745992938,0.07432432432432434,0.12050256996002284,0.10834813499111902,0.3774834437086093,0.07369284957083748,0.6182572614107884,Deficient,Low
Anantapur,Andhra Pradesh,0.0,drought,0.055918098545171525,0.0,0.01282051282051282,0.0,0.08791208791208792,0.11165387299371947,0.06224655312246552,0.07617349970291148,0.07647378429774518,0.05842607313195548,0.06424900057110224,0.0,0.004415011037527595,0.06941832233354991,0.9419087136929458,Deficient,Low
Anantapur,Andhra Pradesh,0.11111111111111427,waterlogging,0.18963659222894091,0.029885057471264367,0.0,0.5390835579514824,0.29945054945054944,0.22749476622470347,0.21816707218167072,0.20534759358288773,0.19369736484650912,0.2023052464228935,0.2284408909194746,0.14564831261101244,0.24282560706401768,0.20681872584892114,0.804979253112033,Excess,High
Anantapur,Andhra Pradesh,0.22222222222220012,extreme_flood,0.3143147937496258,0.30114942528735633,0.5363247863247864,0.16442048517520214,0.5274725274725275,0.4040474528960224,0.3246147607461476,0.3284610814022579,0.32980168432491175,0.3141891891891892,0.2964020559680183,0.2371225577264654,0.3774834437086093,0.3218548028588038,0.6348547717842328,Extremely Excess,Extreme
Anantapur,Andhra Pradesh,0.3333333333333144,mild,0.1167454948212896,0.0,0.20512820512820512,0.09703504043126684,0.31043956043956045,0.09839497557571529,0.12469586374695862,0.12156862745098039,0.10690029883183919,0.11963434022257552,0.15162764134780127,0.02397868561278864,0.0,0.121670143282153,0.6182572614107884,Normal,Low
Anantapur,Andhra Pradesh,0.44444444444442865,severe_drought,0.0,0.3471264367816092,0.13675213675213677,0.4150943396226415,0.05219780219780219,0.09002093510118633,0.0,0.0,0.0,0.0,0.0,0.14476021314387214,0.3509933774834437,0.0,0.24481327800829877,Severely Deficient,Low
Anantapur,Andhra Pradesh,0.5555555555555429,urban_flood,0.16485062563611325,0.0,0.0,0.0,0.0782967032967033,0.16887648290300072,0.19566098945660987,0.15888294711824125,0.16938331975006793,0.18044515103338635,0.18360936607652772,0.26376554174067496,0.18763796909492275,0.17440071128133228,0.6929460580912861,Excess,Medium
Anantapur,Andhra Pradesh,0.6666666666666572,normal,0.14581212955756448,0.20689655172413793,0.0,0.0,0.13324175824175824,0.1835310537334264,0.17234387672343873,0.14676173499702916,0.15919587068731325,0.15321939586645472,0.1353512278697887,0.2957371225577265,0.2384105960264901,0.15395137297814862,0.6763485477178426,Normal,Medium
Anantapur,Andhra Pradesh,0.7777777777777715,flood,0.24384841046518585,0.2597701149425288,0.358974358974359,0.47708894878706193,0.4313186813186813,0.18073970690858343,0.25892133008921325,0.24468211527035055,0.2656886715566422,0.20985691573926868,0.2858366647629926,0.35523978685612795,0.0,0.25130800533461,0.6431535269709543,Extremely Excess,High
Anantapur,Andhra Pradesh,0.8888888888888857,drought,0.05980961503921451,0.22988505747126436,0.2264957264957265,0.4204851752021563,0.21703296703296704,0.042568039078855556,0.06832927818329276,0.07177658942364826,0.049986416734583,0.0319952305246423,0.06739006282124502,0.03730017761989343,0.315673289183223,0.058338747734500554,0.39834024896265596,Deficient,Low
Anantapur,Andhra Pradesh,1.0,waterlogging,0.18379931748787642,0.06896551724137931,0.38461538461538464,0.45013477088948783,0.4134615384615385,0.2707606420097698,0.18917274939172748,0.17433155080213902,0.2023906547133931,0.147456279809221,0.17447173043974873,0.31349911190053287,0.47240618101545256,0.17929077044078925,0.4605809128630707,Excess,High
Chittoor,Andhra Pradesh,0.0,waterlogging,0.2906663473627492,0.38620689655172413,0.0,0.3126684636118598,0.32554945054945056,0.26448011165387303,0.27676399026763987,0.28401663695781343,0.2894593860364032,0.2762321144674086,0.2969731581953169,0.35612788632326825,0.12582781456953643,0.2843757480422665,0.48547717842323657,Excess,High
Chittoor,Andhra Pradesh,0.11111111111111427,extreme_flood,0.44348320660959106,0.041379310344827586,0.05341880341880342,0.2425876010781671,0.5453296703296704,0.4668527564549896,0.474655312246553,0.4549019607843138,0.46223852214072264,0.4453497615262322,0.47601370645345514,0.5390763765541742,0.4150110375275939,0.46096501726909006,0.6970954356846475,Extremely Excess,Extreme
Chittoor,Andhra Pradesh,0.22222222222220012,mild,0.177034065736694,0.0,0.4764957264957265,0.0,0.3008241758241758,0.2588974180041871,0.179845904298459,0.17005347593582892,0.16544417277913612,0.1818362480127186,0.17675613934894346,0.2522202486678508,0.43708609271523186,0.17337482474438326,0.4688796680497931,Normal,Low
Chittoor,Andhra Pradesh,0.3333333333333144,severe_drought,0.02592348679877867,0.3425287356321839,0.0,0.0,0.24587912087912087,0.15352407536636428,0.01581508515815084,0.036482471776589434,0.014805759304536814,0.02543720190779014,0.0648201027984009,0.11012433392539966,0.0,0.029032588995657083,0.5435684647302907,Severely Deficient,Low
Chittoor,Andhra Pradesh,0.44444444444442865,urban_flood,0.28875052385798955,0.18160919540229886,0.2948717948717949,0.6064690026954177,0.4807692307692308,0.20237264480111655,0.28163017031630166,0.2779560308972074,0.2807660961695192,0.26907790143084265,0.28783552255853795,0.3294849023090587,0.3973509933774835,0.27893854939643675,0.44813278008298774,Excess,High
Chittoor,Andhra Pradesh,0.5555555555555429,normal,0.22609710830389745,0.5448275862068965,0.297008547008547,0.5202156334231806,0.36126373626373626,0.1967899511514306,0.26034063260340634,0.2133095662507427,0.21040478130942677,0.2023052464228935,0.2244431753283838,0.27619893428063946,0.0,0.21995007352186846,0.4605809128630707,Normal,Medium
Chittoor,Andhra Pradesh,0.6666666666666572,flood,0.3491887684847033,0.5080459770114942,0.07905982905982907,0.2830188679245283,0.36813186813186816,0.3419399860432659,0.3807785888077858,0.36815210932857995,0.3657973376799783,0.31319554848966613,0.37121644774414614,0.23357015985790414,0.11479028697571746,0.36059911773757825,0.6680497925311206,Extremely Excess,High
Chittoor,Andhra Pradesh,0.7777777777777715,drought,0.08618212297192121,0.0,0.11111111111111112,0.25606469002695414,0.10576923076923077,0.20307048150732732,0.07948094079480938,0.10005941770647654,0.1060853029068188,0.08028616852146264,0.09023415191319246,0.14031971580817054,0.04856512141280354,0.09352665595185172,0.6887966804979255,Deficient,Low
Chittoor,Andhra Pradesh,0.8888888888888857,waterlogging,0.284529725199066,0.19310344827586207,0.16880341880341881,0.4528301886792453,0.13324175824175824,0.2219120725750175,0.3181265206812651,0.2972073677956031,0.2802227655528389,0.2666931637519873,0.31981724728726435,0.3756660746003553,0.31788079470198677,0.29391649283589233,0.6556016597510377,Excess,High
Chittoor,Andhra Pradesh,1.0,extreme_flood,0.4254624917679458,0.04597701149425287,0.2905982905982906,0.5606469002695418,0.5645604395604396,0.49685973482205165,0.41159772911597725,0.41830065359477125,0.42325455039391474,0.39586645468998416,0.4437464306110793,0.48756660746003555,0.35540838852097134,0.4176042129740451,0.5062240663900415,Extremely Excess,Extreme
Alluri Sitharama Raju,Andhra Pradesh,0.0,extreme_flood,0.9999999999999999,0.5563218390804597,1.0,0.628032345013477,0.8186813186813187,0.9999999999999999,1.0,1.0,1.0,1.0,1.0,1.0,1.0,1.0,0.5850622406639006,Extremely Excess,Extreme
Alluri Sitharama Raju,Andhra Pradesh,0.11111111111111427,mild,0.2953062324133389,0.12873563218390804,0.25213675213675213,0.2371967654986523,0.19917582417582416,0.26168876482903003,0.33475263584752635,0.29090909090909095,0.29380603096984514,0.2551669316375199,0.3232438606510565,0.20870337477797515,0.052980132450331126,0.2967547789214513,0.5684647302904566,Normal,Low
Alluri Sitharama Raju,Andhra Pradesh,0.22222222222220012,severe_drought,0.08878644554870382,0.36551724137931035,0.0,0.3584905660377358,0.24725274725274726,0.19888346127006282,0.07461476074614759,0.08330362448009508,0.10350448247758762,0.061009538950715425,0.07824100513992005,0.028419182948490235,0.0,0.08248127757070069,0.31120331950207447,Severely Deficient,Low
Alluri Sitharama Raju,Andhra Pradesh,0.3333333333333144,urban_flood,0.5517871041130336,0.18850574712643675,0.30982905982905984,0.47708894878706193,0.35027472527472525,0.5177948360083741,0.5435928629359286,0.5525846702317292,0.5691388209725619,0.5590222575516695,0.5022844089091948,0.5559502664298402,0.6600441501103753,0.5503197346373492,0.5643153526970957,Excess,High
Alluri Sitharama Raju,Andhra Pradesh,0.44444444444442865,normal,0.35939651559600067,0.48965517241379314,0.5384615384615384,0.6091644204851752,0.2074175824175824,0.2588974180041871,0.35401459854014594,0.3536541889483066,0.36851399076337954,0.3416136724960255,0.3720731010850942,0.3188277087033748,0.0684326710816777,0.3575898505625278,0.5435684647302907,Normal,Low
Alluri Sitharama Raju,Andhra Pradesh,0.5555555555555429,flood,0.5676225827695623,0.7333333333333333,0.7286324786324787,0.3126684636118598,0.6785714285714285,0.5087229588276343,0.6078669910786698,0.5566250742721331,0.5783754414561262,0.531200317965024,0.5939463163906339,0.5968028419182949,0.675496688741722,0.5708374653763293,0.5933609958506225,Excess,High
Alluri Sitharama Raju,Andhra Pradesh,0.6666666666666572,drought,0.22618691253068307,0.19080459770114944,0.2692307692307692,0.2641509433962264,0.23351648351648352,0.2916957431960922,0.21796431467964314,0.21794414735591205,0.22806302635153491,0.2052861685214627,0.19131924614505996,0.3312611012433393,0.3774834437086093,0.2151284067982081,0.39419087136929454,Deficient,Low
Alluri Sitharama Raju,Andhra Pradesh,0.7777777777777715,waterlogging,0.5285577441178231,0.7701149425287356,0.1346153846153846,0.7304582210242587,0.42857142857142855,0.49197487787857647,0.5275750202757501,0.5401069518716578,0.5182015756587883,0.5373608903020668,0.529982866933181,0.39076376554174075,0.6269315673289183,0.5307936942174196,0.5850622406639006,Excess,High
Alluri Sitharama Raju,Andhra Pradesh,0.8888888888888857,extreme_flood,0.8957971621864335,1.0,0.829059829059829,0.894878706199461,0.9999999999999999,0.8150732728541522,0.9207218167072181,0.886868686868687,0.9183645748437925,0.8664546899841019,0.8249571673329527,0.788632326820604,0.6931567328918322,0.8895804124063877,0.5601659751037342,Extremely Excess,Extreme
Alluri Sitharama Raju,Andhra Pradesh,1.0,mild,0.29491708076393464,0.30114942528735633,0.4807692307692308,0.46900269541778966,0.3598901098901099,0.3970690858339149,0.3351581508515815,0.30944741532976827,0.3038576473784298,0.28358505564387926,0.2515705311250714,0.32859680284191833,0.5739514348785872,0.30099510994084056,0.6182572614107884,Normal,Low
Anakapalli,Andhra Pradesh,0.0,mild,0.26881398551158475,0.12873563218390804,0.0,0.5094339622641508,0.385989010989011,0.37473831123517104,0.3037307380373073,0.2739156268568034,0.25713121434392827,0.2573529411764706,0.25242718446601936,0.2806394316163411,0.09933774834437087,0.26929521594911604,0.5560165975103737,Normal,Low
Anakapalli,Andhra Pradesh,0.11111111111111427,severe_drought,0.10776507214272885,0.35402298850574715,0.0,0.21563342318059298,0.10989010989010989,0.21284019539427776,0.09813463098134631,0.1191919191919192,0.13175767454496062,0.07869634340222575,0.08909194745859508,0.18561278863232683,0.2958057395143488,0.10823102964812092,0.5103734439834029,Severely Deficient,Low
Anakapalli,Andhra Pradesh,0.22222222222220012,urban_flood,0.4169011554810513,0.42758620689655175,0.14316239316239318,0.3962264150943396,0.2623626373626374,0.37822749476622475,0.4182887266828872,0.4169934640522876,0.4387394729693018,0.3869236883942767,0.40119931467732717,0.4396092362344583,0.6357615894039735,0.41562083233594366,0.5560165975103737,Excess,High
Anakapalli,Andhra Pradesh,0.3333333333333144,normal,0.2590253247919535,0.5195402298850575,0.0,0.25606469002695414,0.25824175824175827,0.20725750174459182,0.26155717761557173,0.2606060606060606,0.27845694104862806,0.2756359300476948,0.2607081667618504,0.36678507992895204,0.29359823399558505,0.2678589747973874,0.6556016597510377,Normal,Low
Anakapalli,Andhra Pradesh,0.44444444444442865,flood,0.43399389331257854,0.15632183908045977,0.28418803418803423,0.4474393530997305,0.24999999999999997,0.3572923935799024,0.45478507704785076,0.4261437908496732,0.45205107307796794,0.4125596184419714,0.3920616790405482,0.31349911190053287,0.6401766004415012,0.4310775228259755,0.5435684647302907,Excess,High
Anakapalli,Andhra Pradesh,0.5555555555555429,drought,0.12847991378794227,0.0,0.3547008547008547,0.0,0.22527472527472525,0.21284019539427776,0.14476885644768855,0.14901960784313728,0.14180929095354522,0.09558823529411767,0.1393489434608795,0.21047957371225579,0.326710816777042,0.13613514345313407,0.6721991701244812,Deficient,Low
Anakapalli,Andhra Pradesh,0.6666666666666572,waterlogging,0.3477818355983955,0.4505747126436782,0.4871794871794872,0.5525606469002695,0.364010989010989,0.3419399860432659,0.3641524736415247,0.35769459298871065,0.36946481934257,0.3439984101748808,0.376927470017133,0.4014209591474246,0.0022075055187637973,0.36169339671032386,0.6887966804979255,Excess,Medium
Anakapalli,Andhra Pradesh,0.7777777777777715,extreme_flood,0.652547446566485,0.38620689655172413,0.358974358974359,0.5094339622641508,0.5618131868131868,0.6517794836008374,0.6818734793187347,0.6445632798573977,0.641401792991035,0.6142686804451511,0.6407766990291263,0.5355239786856129,0.18763796909492275,0.6443935300755737,0.5352697095435688,Extremely Excess,Extreme
Anakapalli,Andhra Pradesh,0.8888888888888857,mild,0.2759085194276477,0.271264367816092,0.0,0.5633423180592991,0.49175824175824173,0.27285415212840197,0.26013787510137876,0.265359477124183,0.27560445531105676,0.28835453100158986,0.2450028555111365,0.3703374777975134,0.0,0.26857709537325175,0.4688796680497931,Normal,Low
Anakapalli,Andhra Pradesh,1.0,severe_drought,0.07507633359276777,0.19080459770114944,0.0,0.19946091644204852,0.2912087912087912,0.025122121423586885,0.09793187347931873,0.08354129530600118,0.06710133116001087,0.035969793322734506,0.041404911479154774,0.11367673179396094,0.37969094922737306,0.06859761310399069,0.26970954356846466,Severely Deficient,Low
Bapatla,Andhra Pradesh,0.0,severe_drought,0.07049631802670178,0.23448275862068962,0.07692307692307693,0.16711590296495957,0.0,0.17096999302163296,0.09529602595296024,0.09292929292929293,0.06710133116001087,0.04451510333863275,0.04711593375214164,0.22468916518650092,0.2693156732891832,0.07300892521287146,0.5477178423236513,Severely Deficient,Low
Bapatla,Andhra Pradesh,0.11111111111111427,urban_flood,0.3175776806561695,0.31264367816091954,0.20085470085470086,0.0431266846361186,0.19093406593406595,0.4193998604326588,0.3185320356853203,0.3360665478312537,0.30480847595762023,0.30465023847376793,0.2829811536264991,0.18916518650088812,0.3002207505518764,0.31347672947372024,0.5145228215767634,Excess,High
Bapatla,Andhra Pradesh,0.22222222222220012,normal,0.21298569119319882,0.34942528735632183,0.30982905982905984,0.0,0.41620879120879123,0.2714584787159805,0.21188158961881587,0.22400475341651815,0.22711219777234448,0.19336248012718604,0.20445459737292976,0.19005328596802842,0.26490066225165565,0.2151284067982081,0.5726141078838176,Normal,Low
Bapatla,Andhra Pradesh,0.3333333333333144,flood,0.4392923426929294,0.14482758620689654,0.5854700854700855,0.051212938005390826,0.5082417582417582,0.4180041870202373,0.47181670721816704,0.44907902554961376,0.44267861994023366,0.43660572337042935,0.43118218161050825,0.5124333925399646,0.33995584988962474,0.44701296036658345,0.6265560165975104,Extremely Excess,High
Bapatla,Andhra Pradesh,0.44444444444442865,drought,0.13099443213793927,0.0,0.19230769230769232,0.0,0.19093406593406595,0.07955338450802513,0.12003244120032439,0.1322638146167558,0.1328443357783211,0.10731319554848967,0.10536836093660765,0.031971580817051516,0.0,0.12283281469069521,0.3402489626556018,Deficient,Low
Bapatla,Andhra Pradesh,0.5555555555555429,waterlogging,0.31018379931748785,0.24367816091954023,0.39743589743589747,0.2964959568733153,0.4903846153846154,0.21842288904396376,0.30352798053527985,0.3073083778966132,0.31784841075794623,0.3205484896661368,0.29497430039977157,0.2522202486678508,0.0,0.31012550011968676,0.5560165975103737,Excess,Medium
Bapatla,Andhra Pradesh,0.6666666666666572,extreme_flood,0.6113273064718913,0.4183908045977011,0.5128205128205128,0.981132075471698,0.3942307692307692,0.5226796929518492,0.6457826439578264,0.6228163992869876,0.6263243683781581,0.601550079491256,0.6362078812107368,0.5541740674955595,0.5496688741721855,0.6255172177957118,0.6556016597510377,Extremely Excess,Extreme
Bapatla,Andhra Pradesh,0.7777777777777715,mild,0.1811051906843082,0.1103448275862069,0.3034188034188034,0.0,0.38873626373626374,0.23447313328681094,0.17883211678832114,0.19453357100415924,0.16883998913338769,0.19932432432432434,0.1459166190748144,0.3143872113676732,0.0022075055187637973,0.18041924563143316,0.5186721991701244,Normal,Low
Bapatla,Andhra Pradesh,0.8888888888888857,severe_drought,0.07830928575704962,0.0,0.0,0.3099730458221024,0.12499999999999999,0.018841591067690164,0.08090024330900242,0.0784313725490196,0.08598207008964956,0.07869634340222575,0.11593375214163337,0.10657193605683837,0.01766004415011038,0.08528536743836132,0.6846473029045641,Severely Deficient,Low
Bapatla,Andhra Pradesh,1.0,urban_flood,0.31542237921331495,0.4850574712643678,0.39316239316239315,0.2479784366576819,0.3365384615384615,0.3551988834612701,0.3077858880778589,0.3013666072489602,0.3124151045911437,0.31041335453100166,0.31153626499143344,0.3703374777975134,0.4768211920529802,0.30800533460999213,0.4813278008298756,Excess,High
Eluru,Andhra Pradesh,0.0,urban_flood,0.382655810333473,0.0735632183908046,0.5277777777777778,0.444743935309973,0.48901098901098905,0.4263782274947663,0.42497972424979713,0.3776589423648248,0.3954088562890519,0.3636724960254372,0.36807538549400337,0.30639431616341034,0.20971302428256072,0.3865540471223883,0.5975103734439835,Excess,High
Eluru,Andhra Pradesh,0.11111111111111427,normal,0.2976710770520265,0.11724137931034481,0.0811965811965812,0.3746630727762803,0.2129120879120879,0.2986741102581996,0.3304947283049472,0.29102792632204394,0.2992393371366477,0.29372019077901435,0.29982866933181035,0.4298401420959148,0.37086092715231794,0.30126867968402693,0.5933609958506225,Normal,Medium
Eluru,Andhra Pradesh,0.22222222222220012,flood,0.4571933185655271,0.7057471264367816,0.30128205128205127,0.33423180592991913,0.2706043956043956,0.3866015352407537,0.45620437956204374,0.44765300059417706,0.4717468079326271,0.44813195548489676,0.4623072529982867,0.5301953818827709,0.18984547461368653,0.45699825599288724,0.5684647302904566,Extremely Excess,High
Eluru,Andhra Pradesh,0.3333333333333144,drought,0.1313536490450817,0.27816091954022987,0.05555555555555556,0.0,0.13324175824175824,0.23447313328681094,0.13564476885644766,0.12953060011883544,0.1560717196414018,0.13016693163751988,0.12564249000571104,0.048845470692717594,0.3200883002207506,0.13688746024689671,0.6265560165975104,Deficient,Low
Eluru,Andhra Pradesh,0.44444444444442865,waterlogging,0.38008142249895227,0.6160919540229886,0.11965811965811965,0.07008086253369272,0.4807692307692308,0.31891137473831127,0.37408759124087587,0.3759952465834819,0.3973105134474328,0.3714228934817171,0.33552255853797824,0.36678507992895204,0.43267108167770424,0.3754060800875423,0.5228215767634858,Excess,High
Eluru,Andhra Pradesh,0.5555555555555429,extreme_flood,0.6089325270909417,0.5494252873563218,0.2884615384615385,0.8679245283018868,0.6236263736263736,0.639218422889044,0.6557177615571775,0.6070112893642307,0.6283618581907091,0.5675675675675675,0.5528269560251284,0.6039076376554174,0.35540838852097134,0.6073248298738159,0.5684647302904566,Extremely Excess,Extreme
Eluru,Andhra Pradesh,0.6666666666666572,mild,0.21163862779141474,0.041379310344827586,0.0641025641025641,0.4150943396226415,0.2623626373626374,0.28471737613398473,0.24290348742903486,0.22745098039215683,0.21284976908448794,0.19674085850556441,0.250428326670474,0.26909413854351694,0.0,0.22384844236227475,0.7136929460580914,Normal,Low
Eluru,Andhra Pradesh,0.7777777777777715,severe_drought,0.07268155421181824,0.0,0.3952991452991453,0.0,0.15247252747252746,0.14096301465457087,0.06873479318734792,0.09423648247177659,0.09223037218147243,0.08783783783783783,0.03997715591090806,0.12166962699822381,0.0,0.08183154943063298,0.7551867219917012,Severely Deficient,Low
Eluru,Andhra Pradesh,0.8888888888888857,urban_flood,0.4204334550679518,0.4482758620689655,0.3547008547008547,0.10512129380053907,0.4409340659340659,0.44591765526866717,0.4626926196269262,0.42543077837195487,0.4437652811735941,0.4368044515103339,0.4257567104511707,0.41385435168738904,0.3200883002207506,0.4383271210204151,0.705394190871369,Excess,High
Eluru,Andhra Pradesh,1.0,normal,0.2933305394240555,0.0,0.0,0.0,0.4148351648351648,0.26657362177250526,0.31407137064071367,0.30005941770647654,0.2931268676989949,0.28457869634340227,0.3041119360365505,0.41651865008881,0.2980132450331126,0.2984987860342646,0.6099585062240664,Normal,Medium
Konaseema,Andhra Pradesh,0.0,normal,0.3515236783811291,0.004597701149425287,0.5705128205128205,0.3773584905660377,0.48626373626373626,0.26029309141660856,0.36009732360097313,0.34545454545454546,0.3463732681336593,0.35810810810810817,0.35779554540262704,0.3348134991119006,0.0,0.351810689737715,0.5643153526970957,Normal,Low
Konaseema,Andhra Pradesh,0.11111111111111427,flood,0.6242591151290187,0.8298850574712644,0.2948717948717949,0.22911051212938005,0.625,0.7034193998604327,0.6668694241686941,0.6278074866310162,0.6202118989405054,0.6021462639109698,0.6413478012564249,0.591474245115453,0.24724061810154527,0.6296891563793046,0.6058091286307055,Extremely Excess,High
Konaseema,Andhra Pradesh,0.22222222222220012,drought,0.16760462192420522,0.006896551724137931,0.0,0.15902964959568733,0.364010989010989,0.21842288904396376,0.15206812652068125,0.1538918597742127,0.16327085031241512,0.1494435612082671,0.1956025128498001,0.31172291296625226,0.0816777041942605,0.16017508463563931,0.39834024896265596,Deficient,Low
Konaseema,Andhra Pradesh,0.3333333333333144,waterlogging,0.48338621804466264,0.7448275862068965,0.532051282051282,0.5849056603773585,0.3090659340659341,0.4403349616189812,0.5239253852392538,0.47427213309566246,0.5016299918500409,0.48370429252782204,0.4614505996573386,0.47602131438721146,0.41721854304635764,0.4896214478678658,0.6141078838174279,Excess,High
Konaseema,Andhra Pradesh,0.44444444444442865,extreme_flood,0.8178470933365264,0.6712643678160919,0.3782051282051282,0.9973045822102425,0.7513736263736264,0.8862526168876483,0.8254257907542578,0.8084373143196674,0.8147242597120348,0.8094197138314787,0.8258138206739006,0.6793960923623447,0.48785871964679917,0.8151352460417878,0.5684647302904566,Extremely Excess,Extreme
Konaseema,Andhra Pradesh,0.5555555555555429,mild,0.30015566065976174,0.232183908045977,0.21153846153846154,0.568733153638814,0.48901098901098905,0.3028611304954641,0.32400648824006484,0.31384432560903147,0.3053518065743005,0.27722575516693165,0.31010850942318674,0.32770870337477803,0.5187637969094923,0.30667168211195844,0.6224066390041494,Normal,Low
Konaseema,Andhra Pradesh,0.6666666666666572,severe_drought,0.055738490091600305,0.3586206896551724,0.09188034188034187,0.0,0.026098901098901096,0.12561060711793443,0.06366585563665855,0.07759952465834818,0.05745721271393643,0.035771065182829895,0.09251856082238721,0.10035523978685615,0.19426048565121415,0.06476763669938104,0.7800829875518676,Severely Deficient,Low
Konaseema,Andhra Pradesh,0.7777777777777715,urban_flood,0.5305334371071064,0.5586206896551724,0.358974358974359,0.21293800539083557,0.5590659340659341,0.6043265875785067,0.5417680454176804,0.54640522875817,0.534773159467536,0.5262321144674087,0.546544831524843,0.5275310834813499,0.15231788079470202,0.5392401600382999,0.6265560165975104,Excess,High
Konaseema,Andhra Pradesh,0.8888888888888857,normal,0.3858288930132311,0.15402298850574714,0.4401709401709402,0.3908355795148248,0.3846153846153846,0.3328681088625262,0.4132197891321978,0.3743315508021391,0.4102146155935887,0.3954689984101749,0.38292404340376923,0.3614564831261102,0.17439293598233999,0.39459015832848887,0.6390041493775933,Normal,Medium
Konaseema,Andhra Pradesh,1.0,flood,0.5375681015386456,0.7080459770114943,0.2692307692307692,0.5229110512129379,0.4230769230769231,0.4940683879972087,0.5350770478507704,0.556149732620321,0.5445531105677806,0.5399443561208268,0.4902912621359223,0.480461811722913,0.6887417218543047,0.5390007865130118,0.5809128630705391,Excess,High
Parvathipuram Manyam,Andhra Pradesh,0.0,flood,0.47961444051966706,0.17011494252873563,0.452991452991453,0.568733153638814,0.6181318681318682,0.5652477320307049,0.47323600973236,0.47260843731431973,0.48084759576202124,0.43859300476947544,0.43260993717875496,0.39165186500888105,0.3730684326710817,0.46414526553363195,0.46473029045643166,Excess,High
Parvathipuram Manyam,Andhra Pradesh,0.11111111111111427,drought,0.17631563192240915,0.42758620689655175,0.042735042735042736,0.5417789757412399,0.39697802197802196,0.18073970690858343,0.17031630170316298,0.17278669043374928,0.1923390383048085,0.1528219395866455,0.1699029126213592,0.18916518650088812,0.2119205298013245,0.1735116096159765,0.48547717842323657,Deficient,Low
Parvathipuram Manyam,Andhra Pradesh,0.22222222222220012,waterlogging,0.5405615757648327,0.26436781609195403,0.32264957264957267,0.33423180592991913,0.478021978021978,0.4473133286810887,0.5484590429845904,0.5555555555555557,0.5364031513175769,0.5212639109697934,0.565676756139349,0.5799289520426288,0.4415011037527594,0.544848339773621,0.601659751037344,Excess,High
Parvathipuram Manyam,Andhra Pradesh,0.3333333333333144,extreme_flood,0.8694545889959886,0.4413793103448276,0.6282051282051282,0.5121293800539083,0.728021978021978,0.7620376831821354,0.882603406326034,0.8639334521687463,0.89119804400978,0.842408585055644,0.8389491719017703,0.8952042628774424,0.880794701986755,0.8672502821187977,0.5726141078838176,Extremely Excess,Extreme
Parvathipuram Manyam,Andhra Pradesh,0.44444444444442865,mild,0.32700712446865826,0.13793103448275862,0.2606837606837607,0.07816711590296495,0.21153846153846154,0.31821353803210056,0.3544201135442011,0.33071895424836606,0.34718826405867975,0.3360492845786964,0.28383780696744715,0.34724689165186506,0.34437086092715236,0.334165441302192,0.6307053941908713,Normal,Low
Parvathipuram Manyam,Andhra Pradesh,0.5555555555555429,severe_drought,0.14811710471172843,0.0,0.15598290598290598,0.0,0.0,0.18283321702721567,0.17477696674776963,0.1619726678550208,0.13379516435751157,0.13255166931637521,0.11422044545973731,0.1030195381882771,0.0,0.14625722395103102,0.48547717842323657,Severely Deficient,Low
Parvathipuram Manyam,Andhra Pradesh,0.6666666666666572,urban_flood,0.47302879722205593,0.2850574712643678,0.2264957264957265,0.8382749326145552,0.41208791208791207,0.5498953244940684,0.468978102189781,0.48401663695781344,0.4593860364031513,0.4594594594594596,0.4209023415191319,0.5417406749555951,0.6777041942604857,0.46349553739356425,0.5020746887966809,Excess,High
Parvathipuram Manyam,Andhra Pradesh,0.7777777777777715,normal,0.3109321678740346,0.5701149425287356,0.4273504273504274,0.2048517520215633,0.4931318681318681,0.27355198883461274,0.3181265206812651,0.29946524064171126,0.32178755772887807,0.2722575516693164,0.3072529982866933,0.3632326820603908,0.4746136865342164,0.3044831241664672,0.489626556016598,Normal,Low
Parvathipuram Manyam,Andhra Pradesh,0.8888888888888857,flood,0.49236664072322334,0.5862068965517241,0.5213675213675214,0.5309973045822102,0.526098901098901,0.3998604326587579,0.5139902676399026,0.48960190136660725,0.5115457756044552,0.4697933227344993,0.4880068532267276,0.45648312611012437,0.6445916114790288,0.49563998221796673,0.5933609958506225,Excess,High
Parvathipuram Manyam,Andhra Pradesh,1.0,drought,0.17655510986050407,0.0,0.3162393162393163,0.12668463611859837,0.23763736263736265,0.09211444521981857,0.21451743714517438,0.19393939393939397,0.18636240152132574,0.1377186009538951,0.1699029126213592,0.32238010657193605,0.28256070640176606,0.18294976575590738,0.6348547717842328,Deficient,Low
Sri Sathya Sai,Andhra Pradesh,0.0,drought,0.062413937615997124,0.0528735632183908,0.37393162393162394,0.12398921832884095,0.0,0.10956036287508725,0.05717761557177614,0.052881758764111705,0.06329801684324912,0.05624006359300476,0.02998286693318104,0.10923623445825935,0.08388520971302428,0.054064220497213,0.1659751037344397,Deficient,Low
Sri Sathya Sai,Andhra Pradesh,0.11111111111111427,waterlogging,0.2371130934562653,0.16321839080459769,0.23504273504273504,0.4474393530997305,0.42032967032967034,0.2226099092812282,0.2548661800486618,0.24741532976827096,0.22317305080141264,0.24463434022257552,0.22758423757852655,0.2948490230905862,0.18763796909492275,0.23971548746708615,0.5809128630705391,Excess,High
Sri Sathya Sai,Andhra Pradesh,0.22222222222220012,extreme_flood,0.4031910435251152,0.4965517241379311,0.11965811965811965,0.5336927223719676,0.5535714285714285,0.34682484298674116,0.43309002433090016,0.4101010101010101,0.426107036131486,0.3777821939586646,0.36693318103940603,0.34724689165186506,0.16777041942604856,0.40727695516875834,0.5975103734439835,Extremely Excess,Extreme
Sri Sathya Sai,Andhra Pradesh,0.3333333333333144,mild,0.1423995689397114,0.30344827586206896,0.24145299145299148,0.0,0.31868131868131866,0.25471039776692256,0.1542984590429846,0.15187165775401068,0.14724259712034773,0.11963434022257552,0.12935465448315248,0.11545293072824157,0.0,0.14287179837909927,0.5269709543568464,Normal,Low
Sri Sathya Sai,Andhra Pradesh,0.44444444444442865,severe_drought,0.049811411123750225,0.31724137931034485,0.0405982905982906,0.0,0.2664835164835165,0.014654570830425684,0.061638280616382796,0.03874034462269757,0.042108122792719374,0.046502384737678856,0.0733866362078812,0.10390763765541741,0.31346578366445915,0.04893478781246795,0.4024896265560165,Severely Deficient,Low
Sri Sathya Sai,Andhra Pradesh,0.5555555555555429,urban_flood,0.2681554211818236,0.4206896551724138,0.19871794871794873,0.549865229110512,0.12912087912087913,0.3147243545010468,0.2812246553122465,0.25989304812834224,0.29204020646563433,0.24801271860095392,0.27755568246716156,0.37744227353463594,0.23399558498896247,0.2716547549840988,0.5933609958506225,Excess,High
Sri Sathya Sai,Andhra Pradesh,0.6666666666666572,normal,0.13799916182721667,0.3586206896551724,0.03418803418803419,0.5525606469002695,0.3241758241758242,0.22958827634333567,0.13909164639091645,0.1512774806892454,0.16259168704156482,0.12957074721780604,0.14106225014277557,0.031971580817051516,0.26490066225165565,0.14711212939848853,0.6970954356846475,Normal,Low
Sri Sathya Sai,Andhra Pradesh,0.7777777777777715,flood,0.29374962581572167,0.08505747126436781,0.1217948717948718,0.3045822102425876,0.13186813186813187,0.2142358688066993,0.3012976480129764,0.28817587641117054,0.29448519424069547,0.28040540540540543,0.3329525985151342,0.4174067495559503,0.00883002207505519,0.29600246212768866,0.5767634854771786,Extremely Excess,High
Sri Sathya Sai,Andhra Pradesh,0.8888888888888857,drought,0.09749745554690772,0.0,0.1047008547008547,0.0,0.0728021978021978,0.16817864619679,0.1021897810218978,0.11289364230540701,0.11124694376528119,0.11406995230524644,0.10793832095945174,0.2051509769094139,0.0,0.11028280272201896,0.8215767634854774,Deficient,Low
Sri Sathya Sai,Andhra Pradesh,1.0,waterlogging,0.21095012871939167,0.12643678160919541,0.12393162393162394,0.0,0.2403846153846154,0.13886950453593863,0.24574209245742093,0.19893048128342244,0.21352893235533826,0.18799682034976156,0.18360936607652772,0.3010657193605684,0.32891832229580575,0.2067845296310228,0.4813278008298756,Excess,High
Tirupati,Andhra Pradesh,0.0,waterlogging,0.2625875591211159,0.32643678160919537,0.405982905982906,0.4959568733153638,0.11263736263736263,0.3105373342637823,0.28771289537712896,0.27866904337492576,0.26745449606085303,0.24980127186009543,0.30211307824100514,0.3507992895204263,0.26490066225165565,0.275211161645522,0.7012448132780085,Excess,Medium
Tirupati,Andhra Pradesh,0.11111111111111427,extreme_flood,0.4559360593905286,0.6206896551724138,0.3269230769230769,0.11859838274932614,0.43956043956043955,0.5296580600139568,0.4677615571776155,0.4404040404040404,0.46468350991578383,0.4741653418124007,0.4740148486579097,0.4751332149200711,0.642384105960265,0.46096501726909006,0.6058091286307055,Extremely Excess,Extreme
Tirupati,Andhra Pradesh,0.22222222222220012,mild,0.19358797820750762,0.18160919540229886,0.2264957264957265,0.39892183288409705,0.3598901098901099,0.11444521981856247,0.22120843471208432,0.19548425430778377,0.20483564248845423,0.19932432432432434,0.19988577955454023,0.11900532859680286,0.11479028697571746,0.20336490784119277,0.6846473029045641,Normal,Low
Tirupati,Andhra Pradesh,0.3333333333333144,severe_drought,0.023379033706519788,0.18160919540229886,0.33760683760683763,0.2991913746630727,0.015109890109890112,0.06629448709002095,0.019464720194647192,0.02982768865121807,0.020239065471339315,0.02821939586645468,0.013706453455168476,0.18206039076376557,0.15673289183222958,0.023458605478234112,0.37759336099585106,Severely Deficient,Low
Tirupati,Andhra Pradesh,0.44444444444442865,urban_flood,0.2700113752020595,0.0,0.5427350427350427,0.05660377358490566,0.21016483516483517,0.21702721563154226,0.30819140308191395,0.27855020796197266,0.27478945938603644,0.2629173290937997,0.2538549400342661,0.3090586145648313,0.17660044150110377,0.27695516875833537,0.6307053941908713,Excess,Medium
Tirupati,Andhra Pradesh,0.5555555555555429,normal,0.19041489552774948,0.28735632183908044,0.08547008547008547,0.4393530997304582,0.17857142857142858,0.2058618283321703,0.21877534468775342,0.19227569815805112,0.21407226297201848,0.19773449920508746,0.22158766419189038,0.32859680284191833,0.09933774834437087,0.20668194097732792,0.7883817427385891,Normal,Low
Tirupati,Andhra Pradesh,0.6666666666666572,flood,0.3475722924025624,0.432183908045977,0.3888888888888889,0.7169811320754716,0.2706043956043956,0.30704815073272856,0.38625304136253036,0.3607843137254902,0.3398533007334963,0.3410174880763116,0.3646487721302113,0.308170515097691,0.24503311258278146,0.3568717299866635,0.6473029045643157,Excess,High
Tirupati,Andhra Pradesh,0.7777777777777715,drought,0.11533856193498174,0.09885057471264368,0.27564102564102566,0.0,0.11813186813186813,0.09979064898813678,0.13158961881589618,0.12953060011883544,0.10282531920673732,0.0850556438791733,0.13592233009708737,0.20426287744227356,0.17439293598233999,0.11626714085422152,0.5269709543568464,Deficient,Low
Tirupati,Andhra Pradesh,0.8888888888888857,waterlogging,0.32422319343830447,0.2804597701149425,0.02777777777777778,0.4797843665768194,0.37912087912087916,0.3475226796929519,0.3398215733982157,0.34260249554367206,0.31350176582450423,0.28815580286168524,0.29154768703597944,0.2584369449378331,0.33112582781456956,0.31932428273432956,0.5103734439834029,Excess,High
Tirupati,Andhra Pradesh,1.0,extreme_flood,0.5043405376279709,0.2367816091954023,0.38461538461538464,0.47708894878706193,0.48214285714285715,0.5603628750872296,0.5184509326845093,0.5149138443256092,0.49497419179570773,0.49483306836248026,0.520845231296402,0.4014209591474246,0.37969094922737306,0.507745443353965,0.5933609958506225,Extremely Excess,Extreme
Hyderabad,Telangana,0.0,extreme_flood,0.49045081721846373,0.19310344827586207,0.5448717948717949,0.14016172506738545,0.673076923076923,0.47732030704815076,0.49594484995944843,0.47831253713606653,0.49185004074979627,0.4886724960254372,0.4448886350656767,0.42273534635879223,0.6158940397350994,0.48247443832712106,0.5145228215767634,Extremely Excess,Extreme
Hyderabad,Telangana,0.11111111111111427,mild,0.17981799676704782,0.0,0.0,0.5283018867924528,0.11675824175824176,0.12700628053035593,0.22080291970802915,0.1768270944741533,0.16924748709589787,0.16752782193958668,0.17789834380354086,0.31172291296625226,0.0,0.1808637964641111,0.5477178423236513,Normal,Low
Hyderabad,Telangana,0.22222222222220012,severe_drought,0.02260073040771119,0.0,0.3055555555555556,0.018867924528301883,0.0,0.06699232379623168,0.03304947283049471,0.016874628639334525,0.03178484107579463,0.0035771065182829825,0.011136493432324385,0.06127886323268207,0.0,0.02038094586738707,0.24481327800829877,Severely Deficient,Low
Hyderabad,Telangana,0.3333333333333144,urban_flood,0.2752499550978866,0.5057471264367817,0.00641025641025641,0.10781671159029649,0.24450549450549453,0.23586880669923244,0.26987023519870235,0.28805704099821744,0.2728878022276555,0.24165341812400637,0.277841233580811,0.1829484902309059,0.13907284768211922,0.2719625209451835,0.5145228215767634,Excess,High
Hyderabad,Telangana,0.44444444444442865,normal,0.22561815242770755,0.11494252873563218,0.27564102564102566,0.25336927223719674,0.09752747252747251,0.26796929518492674,0.2585158150851581,0.21461675579322637,0.2405596305351807,0.22674880763116056,0.2584237578526556,0.133214920071048,0.0684326710816777,0.23588551106247652,0.6804979253112036,Normal,Medium
Hyderabad,Telangana,0.5555555555555429,flood,0.3517332215769622,0.0,0.43162393162393164,0.6442048517520215,0.3434065934065934,0.34054431263084445,0.35158150851581504,0.33666072489601906,0.34338494974191797,0.3696343402225756,0.3789263278126785,0.28863232682060397,0.598233995584989,0.35160551243032523,0.5601659751037342,Extremely Excess,High
Hyderabad,Telangana,0.6666666666666572,drought,0.09902412740226305,0.0,0.0,0.4528301886792453,0.33104395604395603,0.08304256803907886,0.12064071370640711,0.09756387403446228,0.08774789459386037,0.08286963434022257,0.11079383209594518,0.025754884547069274,0.315673289183223,0.09804055671442738,0.4688796680497931,Deficient,Low
Hyderabad,Telangana,0.7777777777777715,waterlogging,0.2803987307669281,0.06436781609195402,0.2905982905982906,0.5283018867924528,0.22527472527472525,0.33007676203768327,0.288118410381184,0.30005941770647654,0.2959793534365662,0.26132750397456284,0.23814962878355225,0.3294849023090587,0.03752759381898455,0.28293950689053793,0.5809128630705391,Excess,High
Hyderabad,Telangana,0.8888888888888857,extreme_flood,0.4087888403280847,0.6436781609195402,0.6431623931623932,0.22102425876010778,0.3324175824175824,0.33775296580600145,0.4205190592051905,0.42388591800356507,0.4213528932355338,0.41832273449920515,0.37864077669902907,0.46358792184724695,0.6092715231788081,0.4163047566939097,0.6265560165975104,Extremely Excess,Extreme
Hyderabad,Telangana,1.0,mild,0.16233610728611625,0.28965517241379307,0.08333333333333333,0.016172506738544472,0.3818681318681319,0.1465457083042568,0.14882400648824004,0.16232917409387998,0.16490084216245585,0.16732909379968205,0.2053112507138778,0.2673179396092363,0.43708609271523186,0.16670656225421468,0.601659751037344,Normal,Low
Rangareddy,Telangana,0.0,mild,0.1662575585224211,0.31264367816091954,0.02777777777777778,0.0,0.135989010989011,0.22330774598743897,0.1630170316301703,0.18312537136066548,0.18283075251290412,0.1379173290937997,0.1559109080525414,0.2726465364120782,0.0,0.1686215504565195,0.5684647302904566,Normal,Low
Rangareddy,Telangana,0.11111111111111427,severe_drought,0.03502364844638687,0.0,0.24786324786324787,0.0,0.0,0.07536636427076064,0.03710462287104621,0.04468211527035057,0.030426514534094007,0.04988076311605724,0.06767561393489434,0.0,0.24503311258278146,0.04346339294873987,0.8008298755186725,Severely Deficient,Low
Rangareddy,Telangana,0.22222222222220012,urban_flood,0.3283841226127043,0.5908045977011493,0.4166666666666667,0.029649595687331536,0.37225274725274726,0.2875087229588277,0.3700324412003244,0.3387997623291741,0.33740831295843526,0.32929252782193963,0.31981724728726435,0.2966252220248668,0.5629139072847682,0.33980781725541154,0.6721991701244812,Excess,High
Rangareddy,Telangana,0.3333333333333144,normal,0.18679279171406332,0.0,0.10042735042735043,0.44204851752021557,0.271978021978022,0.29727843684577815,0.1735604217356042,0.20522875816993463,0.1860907362129856,0.17507949125596187,0.18389491719017703,0.10213143872113678,0.0022075055187637973,0.18732688164688988,0.5435684647302907,Normal,Low
Rangareddy,Telangana,0.44444444444442865,flood,0.34748248817577676,0.0,0.04487179487179487,0.0,0.5054945054945055,0.3754361479413818,0.34063260340632595,0.3595959595959596,0.3709589785384407,0.3626788553259142,0.3794974300399771,0.21580817051509774,0.3465783664459161,0.36217214376090007,0.6970954356846475,Extremely Excess,High
Rangareddy,Telangana,0.5555555555555429,drought,0.0889959887445369,0.14482758620689654,0.0,0.0,0.09752747252747251,0.1088625261688765,0.12793998377939983,0.07724301841948901,0.08571040478130942,0.1003577106518283,0.11050828098229581,0.20426287744227356,0.20309050772626933,0.09588619498683446,0.6763485477178426,Deficient,Low
Rangareddy,Telangana,0.6666666666666572,waterlogging,0.2906663473627492,0.25057471264367814,0.049145299145299144,0.549865229110512,0.33379120879120877,0.2219120725750175,0.32157339821573394,0.31004159239453355,0.28891605541972293,0.267885532591415,0.2532838378069674,0.3401420959147425,0.5496688741721855,0.29261703655575694,0.5767634854771786,Excess,High
Rangareddy,Telangana,0.7777777777777715,extreme_flood,0.39980841764952396,0.32873563218390806,0.057692307692307696,0.0215633423180593,0.4739010989010989,0.47662247034194005,0.404095701540957,0.41532976827094475,0.3884813909263787,0.37321144674085854,0.4277555682467161,0.39609236234458267,0.3973509933774835,0.40091645863967446,0.5726141078838176,Extremely Excess,Extreme
Rangareddy,Telangana,0.8888888888888857,mild,0.14584206429982635,0.0,0.0,0.4959568733153638,0.02197802197802198,0.23586880669923244,0.1467964314679643,0.16066547831253714,0.14506927465362673,0.12201907790143085,0.11621930325528268,0.10923623445825935,0.11920529801324505,0.14242724754642136,0.4522821576763487,Normal,Low
Rangareddy,Telangana,1.0,severe_drought,0.06337184936837692,0.04827586206896552,0.3782051282051282,0.12938005390835577,0.0,0.06769016050244243,0.08353609083536088,0.05858585858585859,0.07633795164357512,0.05405405405405406,0.031696173615077095,0.16785079928952043,0.11920529801324505,0.06326300311185584,0.4522821576763487,Severely Deficient,Low
Medchal Malkajgiri,Telangana,0.0,severe_drought,0.022900077830329872,0.03218390804597701,0.0,0.36657681940700804,0.0,0.1402651779483601,0.03386050283860502,0.021628045157456928,0.040613963596848685,0.02523847376788553,0.02627070245573958,0.09325044404973358,0.2317880794701987,0.029648120917826495,0.7427385892116183,Severely Deficient,Low
Medchal Malkajgiri,Telangana,0.11111111111111427,urban_flood,0.3326348560138897,0.5057471264367817,0.05341880341880342,0.6037735849056602,0.1620879120879121,0.2742498255408235,0.3532035685320357,0.32156862745098036,0.34134745992936705,0.31041335453100166,0.3232438606510565,0.2850799289520427,0.0,0.3301644838080908,0.5352697095435688,Excess,High
Medchal Malkajgiri,Telangana,0.22222222222220012,normal,0.20586122253487393,0.5103448275862069,0.25,0.061994609164420476,0.41620879120879123,0.1953942777390091,0.22891321978913218,0.21426024955436718,0.22901385493072535,0.22038950715421307,0.17818389491719017,0.11101243339253998,0.3885209713024283,0.21718017987210614,0.705394190871369,Normal,Low
Medchal Malkajgiri,Telangana,0.3333333333333144,flood,0.382206789199545,0.3218390804597701,0.4252136752136752,0.03504043126684636,0.27472527472527475,0.30983949755757156,0.40227088402270883,0.37373737373737376,0.36864982341754965,0.35949920508744043,0.3917761279268989,0.3987566607460036,0.20088300220750552,0.37697910611086416,0.5186721991701244,Extremely Excess,High
Medchal Malkajgiri,Telangana,0.44444444444442865,drought,0.12904867389091776,0.0,0.0,0.2021563342318059,0.14835164835164835,0.1353803210048849,0.11780210867802107,0.1334521687462864,0.12401521325726705,0.11267885532591415,0.1550542547115934,0.26909413854351694,0.3090507726269316,0.12744930410696578,0.4771784232365146,Deficient,Low
Medchal Malkajgiri,Telangana,0.5555555555555429,waterlogging,0.2777644734478836,0.3103448275862069,0.38675213675213677,0.21832884097035038,0.23626373626373626,0.20935101186322402,0.3043390105433901,0.29292929292929293,0.27478945938603644,0.284181240063593,0.28640776699029125,0.36056838365896987,0.17660044150110377,0.28800054713948636,0.6680497925311206,Excess,High
Medchal Malkajgiri,Telangana,0.6666666666666572,extreme_flood,0.5206250374184278,0.37011494252873567,0.1388888888888889,0.5471698113207547,0.4986263736263736,0.46057222609909293,0.5604217356042173,0.5177658942364826,0.5059766367834828,0.5019872813990462,0.5019988577955454,0.5976909413854352,0.6136865342163356,0.5173887768012857,0.5518672199170127,Extremely Excess,Extreme
Medchal Malkajgiri,Telangana,0.7777777777777715,mild,0.16095910914207026,0.3908045977011494,0.0,0.05660377358490566,0.012362637362637362,0.08374040474528961,0.18227899432278993,0.18003565062388593,0.16544417277913612,0.1715023847376789,0.1907481439177613,0.22557726465364122,0.46799116997792495,0.17655507300892523,0.804979253112033,Normal,Low
Medchal Malkajgiri,Telangana,0.8888888888888857,severe_drought,0.06651499730587318,0.0,0.26282051282051283,0.25336927223719674,0.059065934065934064,0.0,0.05798864557988645,0.08187759952465835,0.06112469437652812,0.08664546899841019,0.09194745859508852,0.09147424511545295,0.12803532008830024,0.07465034367198989,0.7302904564315353,Severely Deficient,Low
Medchal Malkajgiri,Telangana,1.0,urban_flood,0.31221936179129495,0.5954022988505747,0.03632478632478633,0.1347708894878706,0.41208791208791207,0.26308443824145156,0.3475263584752636,0.30956625074272137,0.30372181472425974,0.27464228934817175,0.317818389491719,0.40230905861456484,0.11258278145695365,0.30947577197961906,0.5269709543568464,Excess,High
Sangareddy,Telangana,0.0,urban_flood,0.3570616056995749,0.4850574712643678,0.004273504273504274,0.4177897574123989,0.3942307692307692,0.29727843684577815,0.3605028386050284,0.35805109922756984,0.34297745177940775,0.32531796502384747,0.3238149628783552,0.3232682060390764,0.4591611479028698,0.3449372499401566,0.4522821576763487,Excess,High
Sangareddy,Telangana,0.11111111111111427,normal,0.23917859067233432,0.0,0.36324786324786323,0.3908355795148248,0.42032967032967034,0.3475226796929519,0.2278994322789943,0.22756981580510993,0.2560445531105678,0.20866454689984104,0.2138777841233581,0.352575488454707,0.49889624724061815,0.2299011729302739,0.42738589211618283,Normal,Medium
Sangareddy,Telangana,0.22222222222220012,flood,0.3285936658085374,0.5218390804597701,0.49572649572649574,0.4204851752021563,0.36813186813186816,0.3489183531053734,0.3294809407948094,0.3355912061794415,0.3226025536538984,0.29868839427662963,0.317818389491719,0.38543516873889877,0.35320088300220753,0.3228122969599562,0.5020746887966809,Excess,High
Sangareddy,Telangana,0.3333333333333144,drought,0.14587199904208822,0.24597701149425286,0.0,0.0,0.005494505494505495,0.09769713886950454,0.16180048661800486,0.16209150326797384,0.16666666666666669,0.1299682034976153,0.15619645916619074,0.2504440497335702,0.01545253863134658,0.15696064015319905,0.7344398340248963,Deficient,Low
Sangareddy,Telangana,0.44444444444442865,waterlogging,0.308088367359157,0.04367816091954023,0.23504273504273504,0.051212938005390826,0.30631868131868134,0.2923935799023029,0.31670721816707215,0.3018419489007724,0.297745177940777,0.284181240063593,0.28355225585379784,0.374777975133215,0.40176600441501104,0.298088431419485,0.4522821576763487,Excess,High
Sangareddy,Telangana,0.5555555555555429,extreme_flood,0.5193977129856912,0.14942528735632182,0.4444444444444445,0.16711590296495957,0.31730769230769235,0.4801116538729938,0.5196674776966747,0.5240641711229947,0.5410214615593589,0.5210651828298889,0.5302684180468304,0.6207815275310836,0.5033112582781457,0.5278186232602675,0.6265560165975104,Extremely Excess,Extreme
Sangareddy,Telangana,0.6666666666666572,mild,0.19023528707417828,0.24827586206896554,0.4017094017094017,0.11859838274932614,0.33516483516483514,0.23586880669923244,0.18917274939172748,0.17670825906120025,0.18310241782124423,0.19197138314785375,0.20017133066818962,0.1474245115452931,0.12803532008830024,0.18585644427726292,0.46473029045643166,Normal,Low
Sangareddy,Telangana,0.7777777777777715,severe_drought,0.06295276297671076,0.0,0.03205128205128205,0.026954177897574122,0.11401098901098902,0.09002093510118633,0.06366585563665855,0.07700534759358289,0.05025808204292313,0.025635930047694752,0.06510565391205025,0.19982238010657197,0.0,0.05775741203022945,0.2780082987551866,Severely Deficient,Low
Sangareddy,Telangana,0.8888888888888857,urban_flood,0.29069628210501103,0.5517241379310345,0.02564102564102564,0.19946091644204852,0.39972527472527475,0.2477320307048151,0.28669910786699104,0.2900772430184195,0.30684596577017115,0.30465023847376793,0.2490005711022273,0.20781527531083482,0.5496688741721855,0.29131758027562155,0.5601659751037342,Excess,High
Sangareddy,Telangana,1.0,normal,0.22400167634556667,0.24137931034482757,0.391025641025641,0.0,0.04395604395604396,0.333565945568737,0.25527169505271696,0.23636363636363633,0.2146155935886987,0.21224165341812407,0.2629925756710451,0.352575488454707,0.0,0.23311561741271414,0.6680497925311206,Normal,Low
Medak,Telangana,0.0,normal,0.25043405376279704,0.0,0.5192307692307693,0.1967654986522911,0.46428571428571425,0.2323796231681787,0.2495944849959448,0.24717765894236482,0.2644661776691117,0.22217806041335458,0.2821245002855511,0.2850799289520427,0.5275938189845475,0.2518209486030845,0.5643153526970957,Normal,Low
Medak,Telangana,0.11111111111111427,flood,0.44048973238340416,0.15402298850574714,0.6367521367521368,0.0673854447439353,0.24862637362637363,0.5303558967201676,0.4833738848337388,0.42982768865121807,0.4424069546318935,0.4290540540540541,0.4628783552255853,0.46447602131438726,0.5386313465783664,0.44585028895804124,0.6099585062240664,Extremely Excess,High
Medak,Telangana,0.22222222222220012,drought,0.12464826677842303,0.22988505747126436,0.27136752136752135,0.34231805929919135,0.0,0.059316120027913484,0.12611516626115163,0.1132501485442662,0.12469437652811738,0.10830683624801271,0.16676185037121644,0.16696269982238013,0.2604856512141281,0.12385870122764422,0.49377593360995853,Deficient,Low
Medak,Telangana,0.3333333333333144,waterlogging,0.35227204693767583,0.26436781609195403,0.0,0.18328840970350402,0.49175824175824173,0.4389392882065597,0.3566504460665044,0.3474747474747475,0.373947296930182,0.33267090620031803,0.3609366076527698,0.29307282415630553,0.02428256070640177,0.3547515644769689,0.5850622406639006,Excess,High
Medak,Telangana,0.44444444444442865,extreme_flood,0.5367598634975752,0.7379310344827587,0.4893162393162393,0.2857142857142857,0.6071428571428572,0.5833914863921843,0.5421735604217355,0.5399881164587047,0.5482205922303722,0.5049682034976153,0.5636778983438036,0.502664298401421,0.7439293598233997,0.5392401600382999,0.5892116182572615,Extremely Excess,Extreme
Medak,Telangana,0.5555555555555429,mild,0.18302101418906783,0.16321839080459769,0.0,0.0,0.0989010989010989,0.1772505233775297,0.18957826439578263,0.2005941770647653,0.19328986688399893,0.16911764705882357,0.2284408909194746,0.23179396092362348,0.04856512141280354,0.19481585336661766,0.7219917012448134,Normal,Low
Medak,Telangana,0.6666666666666572,severe_drought,0.07118481709872479,0.08505747126436781,0.3247863247863248,0.4231805929919137,0.04945054945054945,0.10607117934403351,0.06589618815896188,0.08033273915626858,0.09616951915240424,0.08147853736089031,0.06824671616219304,0.0,0.3929359823399559,0.08063468180419246,0.7676348547717842,Severely Deficient,Low
Medak,Telangana,0.7777777777777715,urban_flood,0.33077890199365384,0.14482758620689654,0.14957264957264957,0.32884097035040427,0.5315934065934066,0.43684577808792746,0.33130575831305753,0.32822341057635174,0.33577832110839445,0.2907392686804452,0.29954311821816104,0.44849023090586154,0.0,0.3207605238860582,0.4605809128630707,Excess,High
Medak,Telangana,0.8888888888888857,normal,0.20654972160689697,0.135632183908046,0.3269230769230769,0.037735849056603765,0.14835164835164835,0.1786461967899512,0.24026763990267638,0.20047534165181224,0.21380059766367837,0.2261526232114468,0.2284408909194746,0.1785079928952043,0.35982339955849896,0.2183086550627501,0.7095435684647304,Normal,Low
Medak,Telangana,1.0,flood,0.43602945578638563,0.2804597701149425,0.47435897435897434,0.08894878706199459,0.6016483516483516,0.3489183531053734,0.44302514193025133,0.43945335710041594,0.4305895137190981,0.4338235294117648,0.43260993717875496,0.4840142095914743,0.2560706401766005,0.43603597442122904,0.5684647302904566,Extremely Excess,High
Nizamabad,Telangana,0.0,flood,0.40462791115368496,0.5586206896551724,0.5192307692307693,0.5768194070080862,0.42719780219780223,0.4403349616189812,0.39375506893755063,0.4057040998217469,0.42366204835642496,0.400039745627981,0.4357509994288977,0.3348134991119006,0.06181015452538632,0.4108333618301816,0.6141078838174279,Excess,High
Nizamabad,Telangana,0.11111111111111427,drought,0.14401604502185233,0.0,0.3141025641025641,0.0,0.18681318681318682,0.22609909281228194,0.17153284671532845,0.14795008912655971,0.16816082586253736,0.13394276629570748,0.13021130782410054,0.11367673179396094,0.2980132450331126,0.15248093560852172,0.6846473029045641,Deficient,Low
Nizamabad,Telangana,0.22222222222220012,waterlogging,0.33583787343590965,0.23448275862068962,0.0,0.18328840970350402,0.4958791208791209,0.4033496161898117,0.3639497161394971,0.32144979203802737,0.32097256180385764,0.31379173290938,0.33009708737864074,0.4458259325044406,0.20309050772626933,0.3282152993878877,0.48547717842323657,Excess,High
Nizamabad,Telangana,0.3333333333333144,extreme_flood,0.5266119858708016,0.48735632183908045,0.6730769230769231,0.7061994609164419,0.668956043956044,0.4508025122121424,0.5200729927007299,0.5294117647058825,0.5387123064384678,0.5421303656597773,0.5031410622501429,0.4662522202486679,0.43046357615894043,0.5292206681940979,0.5892116182572615,Extremely Excess,Extreme
Nizamabad,Telangana,0.44444444444442865,mild,0.22373226366520982,0.25057471264367814,0.3333333333333333,0.14285714285714285,0.3942307692307692,0.16887648290300072,0.2238442822384428,0.23695781342840166,0.221678891605542,0.22356915739268685,0.20702455739577383,0.15364120781527535,0.06401766004415012,0.22501111377081695,0.5601659751037342,Normal,Low
Nizamabad,Telangana,0.5555555555555429,severe_drought,0.09145063761001015,0.07586206896551724,0.0,0.0,0.0,0.16538729937194702,0.08394160583941604,0.09946524064171124,0.07688128226025537,0.10174880763116056,0.07224443175328384,0.0,0.0,0.08829463461341175,0.4024896265560165,Severely Deficient,Low
Nizamabad,Telangana,0.6666666666666572,urban_flood,0.4043884332155899,0.1793103448275862,0.32051282051282054,0.32884097035040427,0.32554945054945056,0.4933705512909979,0.4361313868613138,0.415805109922757,0.4098071176310785,0.41275834658187605,0.3940605368360936,0.3889875666074601,0.32450331125827814,0.41459494579899464,0.6473029045643157,Excess,High
Nizamabad,Telangana,0.7777777777777715,normal,0.23007842902472608,0.5011494252873563,0.0405982905982906,0.0026954177897574125,0.14423076923076922,0.30774598743893933,0.25770478507704775,0.23089720736779562,0.21488725889703886,0.24821144674085854,0.19988577955454023,0.3365896980461812,0.3885209713024283,0.2306534897240365,0.5518672199170127,Normal,Low
Nizamabad,Telangana,0.8888888888888857,flood,0.46036640124528516,0.5747126436781609,0.25,0.2371967654986523,0.4107142857142857,0.39357990230286116,0.4888483373884833,0.4736779560308972,0.4705243140450965,0.4304451510333864,0.41147915476870356,0.4689165186500888,0.3465783664459161,0.4605546626543104,0.5684647302904566,Extremely Excess,High
Nizamabad,Telangana,1.0,drought,0.11366221636831705,0.029885057471264367,0.1388888888888889,0.2479784366576819,0.13324175824175824,0.2309839497557572,0.09570154095701539,0.1237076648841355,0.1351534908992122,0.08823529411764708,0.09594517418617933,0.20870337477797515,0.10596026490066225,0.11243716444961188,0.4730290456431536,Deficient,Low
Kamareddy,Telangana,0.0,drought,0.15434353110219717,0.21379310344827587,0.4123931623931624,0.0,0.03846153846153846,0.20935101186322402,0.15936739659367397,0.170291146761735,0.15620755229557184,0.1569952305246423,0.16476299257567104,0.07371225577264655,0.28918322295805743,0.16195328796635092,0.6639004149377592,Deficient,Low
Kamareddy,Telangana,0.11111111111111427,waterlogging,0.3292222953960366,0.020689655172413793,0.3055555555555556,0.2021563342318059,0.3241758241758242,0.3175157013258898,0.3181265206812651,0.31978609625668447,0.3168975821787558,0.3000794912559619,0.356082238720731,0.20426287744227356,0.2295805739514349,0.3197346373491092,0.46473029045643166,Excess,High
Kamareddy,Telangana,0.22222222222220012,extreme_flood,0.579147458540382,0.20229885057471267,0.2692307692307692,0.7439353099730458,0.6318681318681318,0.5799023028611305,0.5762368207623682,0.5904931669637553,0.5685954903558816,0.5457074721780604,0.5896630496858938,0.5186500888099468,0.3355408388520971,0.5747700304346339,0.5477178423236513,Extremely Excess,Extreme
Kamareddy,Telangana,0.3333333333333144,mild,0.18269173202418726,0.0528735632183908,0.057692307692307696,0.36118598382749323,0.10027472527472527,0.16050244242847175,0.2100567721005677,0.20130718954248367,0.19206737299646837,0.14904610492845788,0.18989149057681323,0.2344582593250444,0.04415011037527594,0.1900967752966522,0.6514522821576763,Normal,Low
Kamareddy,Telangana,0.44444444444442865,severe_drought,0.07768065616955036,0.28735632183908044,0.1346153846153846,0.0,0.1923076923076923,0.18143754361479417,0.07137064071370638,0.09863339275103981,0.09358869872317305,0.05604133545310015,0.09594517418617933,0.05595026642984015,0.0,0.08511438634886981,0.6970954356846475,Severely Deficient,Low
Kamareddy,Telangana,0.5555555555555429,urban_flood,0.3625396635334969,0.42528735632183906,0.36324786324786323,0.07547169811320753,0.3214285714285714,0.44382414515003493,0.3556366585563665,0.3489007724301842,0.35438739472969305,0.3368441971383148,0.38206739006282125,0.40053285968028424,0.0,0.35331532332524024,0.4813278008298756,Excess,High
Kamareddy,Telangana,0.6666666666666572,normal,0.19550380171226722,0.22988505747126436,0.2564102564102564,0.0,0.26373626373626374,0.15422191207257505,0.19647201946472018,0.19595959595959594,0.1845965770171149,0.2130365659777425,0.23900628212450029,0.197158081705151,0.01545253863134658,0.20127893854939644,0.6224066390041494,Normal,Low
Kamareddy,Telangana,0.7777777777777715,flood,0.42600131712865946,0.5793103448275861,0.4786324786324786,0.3908355795148248,0.39285714285714285,0.48220516399162605,0.44180859691808594,0.4337492572786691,0.43303450149415923,0.4274642289348172,0.38349514563106796,0.38454706927175847,0.12582781456953643,0.42782888212563697,0.5809128630705391,Extremely Excess,High
Kamareddy,Telangana,0.8888888888888857,drought,0.10492127162785128,0.0,0.10683760683760685,0.0,0.3269230769230769,0.12840195394277742,0.08718572587185724,0.11586452762923354,0.10038033143167618,0.0717408585055644,0.14020559680182754,0.05062166962699823,0.0,0.10245186882330815,0.43568464730290435,Deficient,Low
Kamareddy,Telangana,1.0,waterlogging,0.27788421241693106,0.40459770114942534,0.32905982905982906,0.0,0.17994505494505494,0.32868108862526174,0.2688564476885644,0.28377896613190734,0.27071447976093455,0.264308426073132,0.3083952027412906,0.23268206039076378,0.35982339955849896,0.27757070068050477,0.5477178423236513,Excess,Medium
Jagtial,Telangana,0.0,waterlogging,0.3558642160091001,0.027586206896551724,0.19444444444444445,0.6361185983827493,0.5604395604395603,0.43056524773203075,0.348742903487429,0.35282234105763516,0.3738114642760119,0.34817170111287765,0.37492861222158763,0.42895204262877445,0.00883002207505519,0.35926546523954456,0.5933609958506225,Excess,High
Jagtial,Telangana,0.11111111111111427,extreme_flood,0.5678620607076573,0.45517241379310347,0.7222222222222222,0.8706199460916441,0.5288461538461539,0.4717376133984648,0.5788726682887266,0.570053475935829,0.5884270578647106,0.5439189189189191,0.5371216447744146,0.5772646536412079,0.4547461368653422,0.567725609547584,0.5726141078838176,Extremely Excess,Extreme
Jagtial,Telangana,0.22222222222220012,mild,0.20849547985391848,0.0,0.17307692307692307,0.4528301886792453,0.3447802197802198,0.32030704815073274,0.21248986212489862,0.20831847890671423,0.19288236892148872,0.21800476947535774,0.2233009708737864,0.2957371225577265,0.16556291390728478,0.2085969291796327,0.5394190871369293,Normal,Low
Jagtial,Telangana,0.3333333333333144,severe_drought,0.10096988564928455,0.0,0.0,0.029649595687331536,0.0,0.03419399860432659,0.11435523114355231,0.09530600118835413,0.11097527845694105,0.116852146263911,0.13592233009708737,0.06127886323268207,0.0,0.11103511951578157,0.7468879668049793,Severely Deficient,Low
Jagtial,Telangana,0.44444444444442865,urban_flood,0.43103035382865346,0.7057471264367816,0.25854700854700857,0.3935309973045822,0.28846153846153844,0.4724354501046755,0.440794809407948,0.4437314319667261,0.4384678076609617,0.3926868044515104,0.4089091947458595,0.5035523978685613,0.4746136865342164,0.4289573573162808,0.5518672199170127,Excess,High
Jagtial,Telangana,0.5555555555555429,normal,0.2740226306651499,0.3632183908045977,0.29273504273504275,0.39892183288409705,0.34065934065934067,0.28890439637124915,0.3019059205190592,0.2724896019013666,0.2775061124694377,0.25775039745627987,0.2484294688749286,0.2344582593250444,0.0,0.27329617344321716,0.5435684647302907,Normal,Low
Jagtial,Telangana,0.6666666666666572,flood,0.39516853259893425,0.2597701149425288,0.05128205128205128,0.16711590296495957,0.2980769230769231,0.33775296580600145,0.4000405515004055,0.3846702317290553,0.40899212170605814,0.37480127186009543,0.35636778983438033,0.4147424511545294,0.11037527593818985,0.3882980542352016,0.5062240663900415,Excess,High
Jagtial,Telangana,0.7777777777777715,drought,0.11129737172962939,0.0,0.057692307692307696,0.2964959568733153,0.19917582417582416,0.026517794836008385,0.13868613138686128,0.10980392156862746,0.12347188264058678,0.0737281399046105,0.10908052541404911,0.008880994671403198,0.3222958057395144,0.11182163252744248,0.5145228215767634,Deficient,Low
Jagtial,Telangana,0.8888888888888857,waterlogging,0.3332934203436508,0.4091954022988506,0.12606837606837606,0.0431266846361186,0.521978021978022,0.3572923935799024,0.3700324412003244,0.32905525846702316,0.35112741102961154,0.34896661367249604,0.32095945174186175,0.44227353463587926,0.16777041942604856,0.34397975583900425,0.6639004149377592,Excess,Medium
Jagtial,Telangana,1.0,extreme_flood,0.5641202179249236,0.806896551724138,0.7222222222222222,0.32614555256064687,0.6964285714285715,0.5198883461270063,0.6100973236009731,0.5775401069518716,0.5846237435479489,0.5568362480127187,0.5322672758423758,0.4591474245115454,0.4657836644591612,0.5758301131894812,0.6431535269709543,Extremely Excess,Extreme
Rajanna Sircilla,Telangana,0.0,extreme_flood,0.6164461473986709,0.6735632183908046,0.25854700854700857,0.6226415094339622,0.5782967032967034,0.540125610607118,0.6372668288726682,0.6090314913844326,0.6218418907905461,0.5866454689984102,0.6342090234151913,0.5435168738898758,0.5584988962472407,0.6161816503094757,0.5767634854771786,Extremely Excess,Extreme
Rajanna Sircilla,Telangana,0.11111111111111427,mild,0.19667125666048016,0.2735632183908046,0.02564102564102564,0.5849056603773585,0.17582417582417584,0.2323796231681787,0.19018653690186535,0.2133095662507427,0.21380059766367837,0.17130365659777427,0.23472301541976012,0.09058614564831262,0.34437086092715236,0.204869541428718,0.6597510373443982,Normal,Low
Rajanna Sircilla,Telangana,0.22222222222220012,severe_drought,0.06310243668802012,0.31264367816091954,0.05341880341880342,0.0,0.0,0.18911374738311237,0.06184103811841038,0.05573380867498516,0.08054876392284706,0.026430842607313196,0.034837235865219876,0.039964476021314393,0.0,0.05546626543104333,0.195020746887967,Severely Deficient,Low
Rajanna Sircilla,Telangana,0.3333333333333144,urban_flood,0.4214213015625935,0.48735632183908045,0.34401709401709407,0.6657681940700808,0.4931318681318681,0.3510118632240056,0.41889699918896994,0.4366013071895425,0.41904373811464274,0.40719395866454694,0.40462592804111935,0.2939609236234459,0.4768211920529802,0.4203057141880108,0.5560165975103737,Excess,High
Rajanna Sircilla,Telangana,0.44444444444442865,normal,0.2578279351014788,0.3517241379310345,0.07264957264957266,0.1940700808625337,0.14972527472527472,0.24982554082344738,0.2789943227899432,0.2768865121806299,0.2690844879108938,0.24880763116057242,0.25071387778412335,0.16252220248667854,0.20750551876379694,0.2673118353110146,0.6639004149377592,Normal,Low
Rajanna Sircilla,Telangana,0.5555555555555429,flood,0.357271148895408,0.3632183908045977,0.4337606837606838,0.7223719676549865,0.28296703296703296,0.33845080251221216,0.35137875101378746,0.37326203208556147,0.37489812550937246,0.3628775834658188,0.3146773272415762,0.37122557726465366,0.11920529801324505,0.36118045344184935,0.5975103734439835,Excess,High
Rajanna Sircilla,Telangana,0.6666666666666572,drought,0.11114769801832006,0.31264367816091954,0.0,0.14016172506738545,0.15247252747252746,0.07048150732728542,0.12023519870235197,0.09958407605466428,0.095626188535724,0.12400635930047696,0.11079383209594518,0.24511545293072828,0.11037527593818985,0.10761549772595153,0.41908713692946087,Deficient,Low
Rajanna Sircilla,Telangana,0.7777777777777715,waterlogging,0.3432916242591151,0.15632183908045977,0.00641025641025641,0.1940700808625337,0.3983516483516483,0.40195394277739016,0.35888077858880774,0.35508021390374334,0.3337408312958435,0.3374403815580287,0.3720731010850942,0.2682060390763766,0.10375275938189847,0.3493485620490374,0.6182572614107884,Excess,High
Rajanna Sircilla,Telangana,0.8888888888888857,extreme_flood,0.6320720828593664,0.7333333333333333,0.32051282051282054,0.4716981132075471,0.673076923076923,0.5945568736915562,0.6573398215733981,0.6323232323232324,0.6471067644661777,0.6406995230524644,0.6459166190748145,0.630550621669627,0.5717439293598234,0.6433334473207264,0.6390041493775933,Extremely Excess,Extreme
Rajanna Sircilla,Telangana,1.0,mild,0.21567981799676705,0.0,0.05555555555555556,0.0,0.21153846153846154,0.30076762037683186,0.2327656123276561,0.2255496137849079,0.20768812822602553,0.1911764705882353,0.1887492861222159,0.3214920071047958,0.04415011037527594,0.21194815853366616,0.489626556016598,Normal,Low
Karimnagar,Telangana,0.0,mild,0.2358857690235287,0.0,0.0,0.12668463611859837,0.18543956043956045,0.21074668527564555,0.2534468775344687,0.23279857397504455,0.2514262428687857,0.20111287758346585,0.2218732153055397,0.29307282415630553,0.2737306843267108,0.2342098963854598,0.5228215767634858,Normal,Low
Karimnagar,Telangana,0.11111111111111427,severe_drought,0.04274681194994911,0.022988505747126436,0.0,0.18328840970350402,0.0,0.10188415910676903,0.04886455798864557,0.03957219251336898,0.05772887802227657,0.01470588235294118,0.022844089091947465,0.0,0.30242825607064017,0.03942823923674042,0.28215767634854805,Severely Deficient,Low
Karimnagar,Telangana,0.22222222222220012,urban_flood,0.39157636352750996,0.3448275862068966,0.0641025641025641,0.07277628032345014,0.32967032967032966,0.3949755757152827,0.41768045417680444,0.3938205585264409,0.40939961966856836,0.37321144674085854,0.3449457452884066,0.36678507992895204,0.04635761589403974,0.39236740416509935,0.5726141078838176,Excess,High
Karimnagar,Telangana,0.3333333333333144,normal,0.25666048015326587,0.5655172413793104,0.4423076923076923,0.05660377358490566,0.2239010989010989,0.25122121423586885,0.28446877534468773,0.24325609031491385,0.2424612876935615,0.22337042925278222,0.26784694460308395,0.24333925399644762,0.4525386313465784,0.24952980200389835,0.4605809128630707,Normal,Low
Karimnagar,Telangana,0.44444444444442865,flood,0.3975932467221457,0.3310344827586207,0.44658119658119655,0.4339622641509434,0.3282967032967033,0.32449406838799727,0.41403081914030815,0.38704693998811646,0.4198587340396632,0.3889109697933228,0.3632210165619646,0.4502664298401422,0.06181015452538632,0.39732585576035295,0.5643153526970957,Excess,High
Karimnagar,Telangana,0.5555555555555429,drought,0.1688618810992037,0.13333333333333333,0.0,0.0,0.39697802197802196,0.13677599441730637,0.2068126520681265,0.17278669043374928,0.17372996468350993,0.13434022257551673,0.21159337521416335,0.2504440497335702,0.16777041942604856,0.1767944465342133,0.6639004149377592,Deficient,Low
Karimnagar,Telangana,0.6666666666666572,waterlogging,0.33470035322995867,0.06666666666666667,0.2264957264957265,0.22911051212938005,0.3708791208791209,0.24982554082344738,0.3197485806974858,0.33773024361259657,0.31988590057049715,0.29769475357710656,0.32067390062821244,0.219360568383659,0.20309050772626933,0.3212734671545327,0.4315352697095438,Excess,Medium
Karimnagar,Telangana,0.7777777777777715,extreme_flood,0.5585523558642159,0.24597701149425286,0.3675213675213675,0.23450134770889483,0.4903846153846154,0.5338450802512212,0.5952960259529602,0.5749257278669044,0.5547405596305353,0.5345786963434023,0.5505425471159338,0.438721136767318,0.34437086092715236,0.5634168860923983,0.601659751037344,Extremely Excess,Extreme
Karimnagar,Telangana,0.8888888888888857,mild,0.2048135065557085,0.1057471264367816,0.0,0.2722371967654986,0.2857142857142857,0.31960921144452203,0.19728304947283049,0.19797979797979798,0.22765552838902475,0.21641494435612085,0.21730439748715022,0.31083481349911196,0.0,0.21081968334302226,0.6265560165975104,Normal,Low
Karimnagar,Telangana,1.0,severe_drought,0.10034125606178529,0.3632183908045977,0.0,0.1347708894878706,0.3090659340659341,0.15771109560362878,0.11942416869424166,0.10695187165775401,0.09576202118989405,0.1190381558028617,0.10308395202741291,0.07726465364120783,0.2560706401766005,0.1078548712512396,0.6846473029045641,Severely Deficient,Low
Peddapalli,Telangana,0.0,severe_drought,0.08360773513740047,0.0,0.0,0.0,0.0,0.1311933007676204,0.09306569343065693,0.07878787878787878,0.07036131486009237,0.04531001589825119,0.11222158766419188,0.02930728241563055,0.0,0.0773176486680573,0.29875518672199197,Severely Deficient,Low
Peddapalli,Telangana,0.11111111111111427,urban_flood,0.3517332215769622,0.062068965517241385,0.5213675213675214,0.14555256064690028,0.5494505494505495,0.28401953942777397,0.35016220600162207,0.36743909685086157,0.35316490084216245,0.32710651828298887,0.36407766990291257,0.23179396092362348,0.5496688741721855,0.3535888930684266,0.5767634854771786,Excess,Medium
Peddapalli,Telangana,0.22222222222220012,normal,0.3062922828234449,0.0,0.4401709401709402,0.6873315363881402,0.31730769230769235,0.3265875785066295,0.32988645579886455,0.30089126559714796,0.3168975821787558,0.29411764705882354,0.2961165048543689,0.41829484902309066,0.4547461368653422,0.3080737270457888,0.5726141078838176,Normal,Medium
Peddapalli,Telangana,0.3333333333333144,flood,0.512782134945818,0.6597701149425287,0.10256410256410256,0.5876010781671159,0.5906593406593407,0.5394277739009072,0.5148012976480129,0.5114676173499704,0.4980983428416191,0.47714626391096987,0.5062821245002855,0.5159857904085259,0.2119205298013245,0.5021372636186439,0.5020746887966809,Extremely Excess,High
Peddapalli,Telangana,0.44444444444442865,drought,0.14967371130934562,0.12873563218390804,0.0,0.0,0.22802197802197804,0.26936496859734826,0.16889699918896997,0.14022578728461083,0.16748166259168706,0.13553259141494436,0.11907481439177611,0.19804618117229134,0.0,0.14858256676811543,0.5020746887966809,Deficient,Low
Peddapalli,Telangana,0.5555555555555429,waterlogging,0.3737651918816978,0.1954022988505747,0.3888888888888889,0.31805929919137466,0.2184065934065934,0.31542219120725756,0.38746958637469575,0.3864527629233512,0.3581907090464547,0.3696343402225756,0.33552255853797824,0.3987566607460036,0.5298013245033113,0.37051602092808533,0.5352697095435688,Excess,High
Peddapalli,Telangana,0.6666666666666572,extreme_flood,0.5733101837993174,0.46896551724137925,0.6153846153846154,0.29110512129380056,0.4217032967032967,0.6461967899511515,0.6019870235198701,0.5826500297088534,0.591415376256452,0.5639904610492845,0.5576813249571674,0.5630550621669628,0.598233995584989,0.5819170399753788,0.6265560165975104,Extremely Excess,Extreme
Peddapalli,Telangana,0.7777777777777715,mild,0.23331138118900796,0.0,0.0,0.6307277628032344,0.06868131868131869,0.28820655966503844,0.2716950527169505,0.22352941176470587,0.24694376528117362,0.211248012718601,0.21187892632781266,0.3392539964476022,0.4746136865342164,0.23403891529596826,0.5560165975103737,Normal,Low
Peddapalli,Telangana,0.8888888888888857,severe_drought,0.063132371430282,0.1724137931034483,0.0,0.32884097035040427,0.2541208791208791,0.04745289602233078,0.08110300081103,0.08128342245989306,0.04835642488454224,0.07472178060413356,0.07824100513992005,0.07104795737122559,0.09271523178807949,0.07147009540744795,0.7427385892116183,Severely Deficient,Low
Peddapalli,Telangana,1.0,urban_flood,0.4408190145482847,0.5241379310344828,0.34615384615384615,0.42587601078167114,0.6085164835164835,0.3817166782972785,0.43106244931062443,0.44907902554961376,0.4532735669654985,0.4338235294117648,0.4120502569960023,0.3756660746003553,0.434878587196468,0.44003693191533017,0.5601659751037342,Excess,High
Jayashankar Bhupalpally,Telangana,0.0,urban_flood,0.4406094713524516,0.37011494252873567,0.23717948717948717,0.444743935309973,0.3324175824175824,0.3740404745289603,0.4695863746958636,0.4383838383838384,0.43398533007334966,0.45071542130365666,0.4237578526556253,0.32770870337477803,0.49448123620309054,0.44290941421878743,0.5850622406639006,Excess,High
Jayashankar Bhupalpally,Telangana,0.11111111111111427,normal,0.3057235227204693,0.31264367816091954,0.32905982905982906,0.6873315363881402,0.1923076923076923,0.26657362177250526,0.3446877534468775,0.31633986928104574,0.3082042923118718,0.30902225755166934,0.2961165048543689,0.285968028419183,0.028697571743929364,0.31539171767602503,0.6556016597510377,Normal,Low
Jayashankar Bhupalpally,Telangana,0.22222222222220012,flood,0.5180207148416451,0.26666666666666666,0.48504273504273504,0.4231805929919137,0.6607142857142857,0.5666434054431263,0.5125709651257095,0.522519310754605,0.5308340124966042,0.5073529411764706,0.4728726442033124,0.5,0.3686534216335541,0.5143795096262354,0.5477178423236513,Excess,High
Jayashankar Bhupalpally,Telangana,0.3333333333333144,drought,0.16613781955337364,0.21839080459770116,0.03632478632478633,0.0,0.28846153846153844,0.12142358688066994,0.19505271695052714,0.18716577540106955,0.16843249117087747,0.17468203497615264,0.14191890348372357,0.2655417406749556,0.4613686534216336,0.17621311082994223,0.7012448132780085,Deficient,Low
Jayashankar Bhupalpally,Telangana,0.44444444444442865,waterlogging,0.4440519667125665,0.2045977011494253,0.13034188034188035,0.7762803234501348,0.375,0.4403349616189812,0.45478507704785076,0.44361259655377305,0.4591143710948112,0.4588632750397457,0.44717304397487145,0.5550621669626999,0.1545253863134658,0.45245015901241326,0.6307053941908713,Excess,High
Jayashankar Bhupalpally,Telangana,0.5555555555555429,extreme_flood,0.7456744297431598,0.7333333333333333,0.7008547008547008,0.9164420485175202,0.6552197802197802,0.801814375436148,0.7429034874290348,0.7373737373737375,0.7481662591687042,0.7386724960254374,0.7055968018275272,0.8099467140319717,0.5496688741721855,0.7374414389768493,0.5435684647302907,Extremely Excess,Extreme
Jayashankar Bhupalpally,Telangana,0.6666666666666572,mild,0.2518709213913668,0.44597701149425284,0.5085470085470085,0.14016172506738545,0.2925824175824176,0.27913468248429874,0.28203568532035683,0.24278074866310162,0.27030698179842433,0.2547694753577107,0.21245002855511136,0.2797513321492007,0.0,0.2547618233423383,0.5850622406639006,Normal,Low
Jayashankar Bhupalpally,Telangana,0.7777777777777715,severe_drought,0.09166018080584323,0.1724137931034483,0.18162393162393162,0.4663072776280323,0.03983516483516483,0.18422889043963717,0.09793187347931873,0.10207961972667857,0.10907362129856019,0.09538950715421304,0.12478583666476298,0.1563055062166963,0.2980132450331126,0.10470881920459599,0.8381742738589208,Severely Deficient,Low
Jayashankar Bhupalpally,Telangana,0.8888888888888857,urban_flood,0.5205951026761659,0.7126436781609196,0.29273504273504275,0.889487870619946,0.33516483516483514,0.5366364270760642,0.5362935928629359,0.5122994652406417,0.5260798696006521,0.48310810810810817,0.5131353512278698,0.5959147424511546,0.17660044150110377,0.5148924528947099,0.5352697095435688,Excess,High
Jayashankar Bhupalpally,Telangana,1.0,normal,0.3097946476680835,0.36091954022988504,0.1623931623931624,0.2479784366576819,0.25686813186813184,0.3119330076762038,0.3146796431467964,0.29994058229352344,0.30195599022004893,0.2740461049284579,0.3046830382638492,0.4058614564831262,0.0,0.2990459255206374,0.44398340248962676,Normal,Low
Mulugu,Telangana,0.0,normal,0.38753517332215764,0.27586206896551724,0.5448717948717949,0.2776280323450135,0.4752747252747253,0.3670621074668528,0.404095701540957,0.39964349376114083,0.410893778864439,0.35472972972972977,0.38406624785836657,0.2850799289520427,0.006622516556291391,0.3936326642273365,0.6141078838174279,Normal,Low
Mulugu,Telangana,0.11111111111111427,flood,0.6337783631682931,0.8528735632183908,0.5448717948717949,0.2641509433962264,0.43956043956043955,0.578506629448709,0.6443633414436333,0.6165181224004754,0.6517250747079599,0.6198330683624802,0.6590519703026843,0.7042628774422736,0.49889624724061815,0.6357418869473037,0.5892116182572615,Extremely Excess,High
Mulugu,Telangana,0.22222222222220012,drought,0.2226845476860444,0.07586206896551724,0.0641025641025641,0.0,0.2623626373626374,0.1465457083042568,0.23073803730738038,0.21984551396316104,0.23920130399348005,0.2052861685214627,0.25870930896630495,0.15364120781527535,0.4812362030905078,0.2287043053038334,0.6265560165975104,Deficient,Low
Mulugu,Telangana,0.3333333333333144,waterlogging,0.514159133089864,0.16551724137931034,0.39957264957264954,0.3126684636118598,0.614010989010989,0.5380321004884857,0.5034468775344687,0.5125371360665479,0.5340939961966857,0.49721780604133553,0.5231296402055968,0.3925399644760214,0.653421633554084,0.5150634339842013,0.5767634854771786,Excess,High
Mulugu,Telangana,0.44444444444442865,extreme_flood,0.8268275160150871,0.9770114942528736,0.6452991452991453,1.0,0.993131868131868,0.845778087927425,0.8523925385239253,0.8210338680926917,0.8117359413202934,0.8100158982511925,0.7932609937178754,0.8596802841918296,0.434878587196468,0.8187600451390076,0.5477178423236513,Extremely Excess,Extreme
Mulugu,Telangana,0.5555555555555429,mild,0.34059749745554685,0.0,0.5213675213675214,0.4797843665768194,0.3200549450549451,0.2951849267271459,0.33454987834549876,0.3462863933452169,0.34134745992936705,0.34439586645469006,0.37178754997144486,0.2868561278863233,0.38189845474613693,0.34579215538761415,0.6099585062240664,Normal,Low
Mulugu,Telangana,0.6666666666666572,severe_drought,0.10102975513380827,0.0,0.17735042735042736,0.018867924528301883,0.0,0.1151430565247732,0.08556366585563664,0.11004159239453358,0.10690029883183919,0.09121621621621623,0.14563106796116504,0.22912966252220252,0.24724061810154527,0.1061450603563246,0.6224066390041494,Severely Deficient,Low
Mulugu,Telangana,0.7777777777777715,urban_flood,0.544123810093995,0.2804597701149425,0.10256410256410256,0.22102425876010778,0.46428571428571425,0.4703419399860433,0.5648824006488239,0.54640522875817,0.5437381146427602,0.5504769475357711,0.5508280982295831,0.571936056838366,0.434878587196468,0.550080361112061,0.6099585062240664,Excess,High
Mulugu,Telangana,0.8888888888888857,normal,0.3253906483865174,0.232183908045977,0.26282051282051283,0.2884097035040431,0.13324175824175824,0.36217725052337757,0.32360097323600967,0.31194295900178254,0.3299375169790818,0.33982511923688397,0.2818389491719017,0.19804618117229134,0.32891832229580575,0.3196320486954143,0.5020746887966809,Normal,Low
Mulugu,Telangana,1.0,flood,0.5923486798778662,0.15402298850574714,0.19871794871794873,0.84366576819407,0.5631868131868132,0.5003489183531054,0.5886050283860501,0.5970291146761736,0.5893778864439012,0.5522655007949127,0.5885208452312964,0.44049733570159866,0.20971302428256072,0.5849605033683276,0.5311203319502078,Excess,High
Bhadradri Kothagudem,Telangana,0.0,flood,0.49407292103214984,0.16551724137931034,0.5512820512820513,0.1536388140161725,0.3475274725274725,0.4759246336357293,0.4878345498783454,0.5043374925727867,0.49769084487910903,0.5053656597774245,0.4437464306110793,0.5728241563055063,0.16556291390728478,0.4928016961324078,0.5643153526970957,Excess,High
Bhadradri Kothagudem,Telangana,0.11111111111111427,drought,0.24190265221816437,0.09885057471264368,0.2094017094017094,0.0,0.3557692307692307,0.19190509420795537,0.2787915652879156,0.2510992275698158,0.23770714479760935,0.21740858505564392,0.2144488863506568,0.33392539964476026,0.16997792494481237,0.2422118113736621,0.5518672199170127,Deficient,Low
Bhadradri Kothagudem,Telangana,0.22222222222220012,waterlogging,0.45659462372028975,0.6965517241379311,0.5491452991452992,0.5202156334231806,0.5824175824175823,0.37264480111653875,0.4821573398215734,0.45204991087344026,0.46848682423254556,0.4729729729729731,0.47144488863506556,0.4618117229129663,0.5298013245033113,0.46718872892658075,0.6473029045643157,Excess,Medium
Bhadradri Kothagudem,Telangana,0.3333333333333144,extreme_flood,0.7853379632401364,0.4850574712643678,0.297008547008547,0.889487870619946,0.6126373626373627,0.7501744591765528,0.8156934306569341,0.7985739750445633,0.793398533007335,0.7559618441971385,0.7587093089663051,0.7815275310834815,0.40838852097130246,0.788051841466334,0.5933609958506225,Extremely Excess,Extreme
Bhadradri Kothagudem,Telangana,0.44444444444442865,mild,0.3256001915823505,0.464367816091954,0.2777777777777778,0.6226415094339622,0.2239010989010989,0.33775296580600145,0.36253041362530414,0.3355912061794415,0.3425699538168976,0.2982909379968204,0.32866933181039404,0.2806394316163411,0.3774834437086093,0.3346441883527682,0.6473029045643157,Normal,Low
Bhadradri Kothagudem,Telangana,0.5555555555555429,severe_drought,0.10540022750404118,0.19999999999999998,0.18162393162393162,0.32345013477088946,0.2596153846153846,0.03349616189811585,0.14213300892133007,0.10647653000594177,0.09684868242325456,0.12082670906200321,0.1367789834380354,0.11101243339253998,0.17439293598233999,0.11616455220052663,0.7634854771784232,Severely Deficient,Low
Bhadradri Kothagudem,Telangana,0.6666666666666572,urban_flood,0.4745255343351493,0.3379310344827586,0.3055555555555556,0.6711590296495956,0.4464285714285714,0.5226796929518492,0.5075020275750202,0.47201426024955434,0.4762292855202391,0.46442766295707477,0.42204454597372926,0.3792184724689166,0.6114790286975718,0.471771022124953,0.5518672199170127,Excess,High
Bhadradri Kothagudem,Telangana,0.7777777777777715,normal,0.38154822486978385,0.034482758620689655,0.3888888888888889,0.0,0.4038461538461538,0.3112351709699931,0.4168694241686942,0.387997623291741,0.3681064928008693,0.3789745627980923,0.4094802969731582,0.4396092362344583,0.05739514348785873,0.3888793899394727,0.6265560165975104,Normal,Low
Bhadradri Kothagudem,Telangana,0.8888888888888857,flood,0.5925881578159612,0.5632183908045977,0.5384615384615384,0.8113207547169811,0.5027472527472527,0.5491974877878576,0.5916463909164638,0.5918003565062389,0.5929095354523228,0.5560413354531002,0.5551113649343232,0.46447602131438726,0.5055187637969095,0.581506685360599,0.5103734439834029,Extremely Excess,High
Bhadradri Kothagudem,Telangana,1.0,drought,0.17008920553194035,0.04367816091954023,0.3547008547008547,0.25067385444743934,0.2032967032967033,0.27843684577808797,0.17660178426601783,0.18764111705288178,0.17794077696278185,0.15441176470588236,0.16105082809822957,0.2966252220248668,0.20088300220750552,0.17443490749923057,0.601659751037344,Deficient,Low
Khammam,Telangana,0.0,drought,0.14263904687780637,0.15632183908045977,0.0,0.0,0.017857142857142856,0.19888346127006282,0.16970802919708028,0.14046345811051697,0.1437109481119261,0.15023847376788554,0.10651056539120501,0.1207815275310835,0.00883002207505519,0.14382929248025167,0.5394190871369293,Deficient,Low
Khammam,Telangana,0.11111111111111427,waterlogging,0.4060947135245165,0.6160919540229886,0.02564102564102564,0.6819407008086253,0.43543956043956045,0.4235868806699233,0.4480940794809407,0.3950089126559715,0.4013854930725346,0.3789745627980923,0.3966304968589377,0.42095914742451157,0.4812362030905078,0.4030024279314708,0.5394190871369293,Excess,High
Khammam,Telangana,0.22222222222220012,extreme_flood,0.562204394420164,0.41379310344827586,0.7029914529914529,0.5148247978436657,0.6854395604395604,0.4696441032798326,0.5660989456609894,0.5715983363042186,0.5711763107851127,0.5470985691573926,0.5628212450028555,0.61101243339254,0.7086092715231789,0.5652976780768046,0.5933609958506225,Extremely Excess,Extreme
Khammam,Telangana,0.3333333333333144,mild,0.2497156199485122,0.3218390804597701,0.13247863247863248,0.6091644204851752,0.260989010989011,0.24075366364270762,0.288118410381184,0.23529411764705882,0.24748709589785384,0.2595389507154213,0.24585950885208455,0.22024866785079933,0.2737306843267108,0.2527100502684403,0.5850622406639006,Normal,Low
Khammam,Telangana,0.44444444444442865,severe_drought,0.07292103214991319,0.0,0.0,0.0,0.2815934065934066,0.19050942079553387,0.05738037307380371,0.08591800356506239,0.08421624558543875,0.07114467408585055,0.041404911479154774,0.04262877442273535,0.24724061810154527,0.07280374790548165,0.46473029045643166,Severely Deficient,Low
Khammam,Telangana,0.5555555555555429,urban_flood,0.4260312518709214,0.03218390804597701,0.3525641025641026,0.7035040431266846,0.5865384615384616,0.5073272854152128,0.4422141119221411,0.42685680332739157,0.4198587340396632,0.4368044515103339,0.4440319817247287,0.5142095914742452,0.163355408388521,0.43145368122285677,0.6099585062240664,Excess,High
Khammam,Telangana,0.6666666666666572,normal,0.26168951685325986,0.37011494252873567,0.48290598290598297,0.6118598382749325,0.2912087912087912,0.3000697836706211,0.24999999999999997,0.25692216280451574,0.26786199402336325,0.2740461049284579,0.26013706453455165,0.2957371225577265,0.0,0.26184044044728655,0.5518672199170127,Normal,Low
Khammam,Telangana,0.7777777777777715,flood,0.5441836795785188,0.44597701149425284,0.20085470085470086,0.39892183288409705,0.543956043956044,0.4584787159804606,0.5421735604217355,0.5600713012477719,0.5634338494974191,0.5101351351351353,0.5119931467732725,0.5586145648312612,0.2737306843267108,0.5435488834934856,0.5684647302904566,Extremely Excess,High
Khammam,Telangana,0.8888888888888857,drought,0.12210381368616416,0.26436781609195403,0.0,0.008086253369272236,0.061813186813186816,0.06769016050244243,0.10969180859691807,0.11372549019607843,0.14602010323281717,0.12579491255961847,0.16619074814391777,0.1660746003552398,0.00883002207505519,0.1295352733987621,0.6721991701244812,Deficient,Low
Khammam,Telangana,1.0,waterlogging,0.36861641621265634,0.30344827586206896,0.2884615384615385,0.5956873315363881,0.38873626373626374,0.3063503140265178,0.4012570965125709,0.35852644087938207,0.37421896223852213,0.3304848966613673,0.35237007424328953,0.4120781527531084,0.06401766004415012,0.36412132818110315,0.5228215767634858,Excess,Medium
Nalgonda,Telangana,0.0,waterlogging,0.27423217386098303,0.271264367816092,0.4893162393162393,0.25876010781671155,0.11675824175824176,0.20795533845080255,0.2727088402270884,0.28805704099821744,0.2688128226025537,0.2702702702702703,0.23729297544260422,0.20248667850799293,0.31346578366445915,0.27148377389460726,0.5186721991701244,Excess,High
Nalgonda,Telangana,0.11111111111111427,extreme_flood,0.39361192600131706,0.48275862068965514,0.2777777777777778,0.21563342318059298,0.5549450549450549,0.42986741102582005,0.381184103811841,0.40190136660724896,0.38562890518880744,0.40759141494435613,0.35779554540262704,0.41918294849023097,0.1501103752759382,0.3900078651301166,0.5352697095435688,Extremely Excess,Extreme
Nalgonda,Telangana,0.22222222222220012,mild,0.1880799856313237,0.05517241379310345,0.22222222222222224,0.0,0.2032967032967033,0.22470341939986047,0.21532846715328466,0.19393939393939397,0.20103232817169248,0.19932432432432434,0.17418617932609937,0.16252220248667854,0.0,0.1978935129774647,0.6887966804979255,Normal,Low
Nalgonda,Telangana,0.3333333333333144,severe_drought,0.04801532658803808,0.3954022988505747,0.21581196581196582,0.4797843665768194,0.06456043956043957,0.12281926029309144,0.03588807785888076,0.05002970885323828,0.05881553925563707,0.035572337042925284,0.017418617932609935,0.031971580817051516,0.18322295805739516,0.04346339294873987,0.24896265560165975,Severely Deficient,Low
Nalgonda,Telangana,0.44444444444442865,urban_flood,0.28144644674609354,0.21379310344827587,0.45940170940170943,0.10512129380053907,0.3447802197802198,0.36147941381716686,0.3122465531224655,0.275222816399287,0.2677261613691932,0.2575516693163752,0.2527127355796687,0.16252220248667854,0.11037527593818985,0.27384331292959,0.4688796680497931,Excess,High
Nalgonda,Telangana,0.5555555555555429,normal,0.19783871160869304,0.28735632183908044,0.09401709401709403,0.0,0.24999999999999997,0.2637822749476623,0.22060016220600162,0.21426024955436718,0.19288236892148872,0.18779809220985694,0.19960022844089093,0.16696269982238013,0.3002207505518764,0.20363847758437917,0.6224066390041494,Normal,Low
Nalgonda,Telangana,0.6666666666666572,flood,0.2765072142728851,0.45517241379310347,0.0,0.1967654986522911,0.3365384615384615,0.2686671318911375,0.2980535279805352,0.26322043969102793,0.2959793534365662,0.24085850556438798,0.25756710451170756,0.22912966252220252,0.0,0.272817426392641,0.5103734439834029,Excess,High
Nalgonda,Telangana,0.7777777777777715,drought,0.0795066754475244,0.33563218390804594,0.26495726495726496,0.3018867924528301,0.18956043956043958,0.011863224005582698,0.07623682076236821,0.06654783125371361,0.06642216788916055,0.04232909379968203,0.06196459166190749,0.0,0.0,0.06343398420134734,0.0,Deficient,Low
Nalgonda,Telangana,0.8888888888888857,waterlogging,0.2546249176794587,0.43448275862068964,0.0,0.660377358490566,0.33791208791208793,0.34054431263084445,0.2761557177615571,0.26773618538324423,0.2511545775604455,0.22972972972972971,0.2689891490576813,0.2815275310834814,0.2229580573951435,0.258591799746948,0.5975103734439835,Excess,Medium
Nalgonda,Telangana,1.0,extreme_flood,0.40654373465844457,0.15862068965517243,0.3525641025641026,0.33153638814016173,0.603021978021978,0.41660851360781587,0.41666666666666663,0.4247177658942365,0.39418636240152133,0.3819554848966614,0.3866362078812107,0.49378330373001783,0.5077262693156733,0.40375474472523337,0.5435684647302907,Extremely Excess,Extreme
Suryapet,Telangana,0.0,extreme_flood,0.4394120816619768,0.6275862068965518,0.0641025641025641,0.42857142857142855,0.5068681318681318,0.3970690858339149,0.4280210867802108,0.43267973856209146,0.4430861179027438,0.4173290937996821,0.4237578526556253,0.32060390763765545,0.033112582781456956,0.430803953082789,0.5020746887966809,Extremely Excess,Extreme
Suryapet,Telangana,0.11111111111111427,mild,0.19089385140393939,0.0,0.03418803418803419,0.34231805929919135,0.3557692307692307,0.16748080949057922,0.21086780210867798,0.19370172311348782,0.17726161369193152,0.17527821939586646,0.15362649914334667,0.3312611012433393,0.3465783664459161,0.1844885955613309,0.43568464730290435,Normal,Low
Suryapet,Telangana,0.22222222222220012,severe_drought,0.037478297311860136,0.0,0.0,0.0,0.020604395604395604,0.1493370551290998,0.03994322789943226,0.05098039215686276,0.02838902472154306,0.030007949125596192,0.04711593375214164,0.09591474245115456,0.17880794701986755,0.039359846800943815,0.4979253112033195,Severely Deficient,Low
Suryapet,Telangana,0.3333333333333144,urban_flood,0.32880320900437043,0.09885057471264368,0.1901709401709402,0.0,0.3914835164835165,0.42428471737613405,0.3353609083536091,0.34830659536541886,0.33727248030426515,0.30087440381558034,0.32809822958309537,0.3676731793960924,0.3841059602649007,0.3327633963683617,0.5975103734439835,Excess,High
Suryapet,Telangana,0.44444444444442865,normal,0.21100999820391547,0.0,0.0,0.018867924528301883,0.3282967032967033,0.22330774598743897,0.23256285482562852,0.2253119429590018,0.21828307525129043,0.19912559618441972,0.2047401484865791,0.23534635879218477,0.0,0.2177957117942756,0.6348547717842328,Normal,Low
Suryapet,Telangana,0.5555555555555429,flood,0.36277914147159185,0.5954022988505747,0.4893162393162393,0.6253369272237196,0.5082417582417582,0.29727843684577815,0.4065287915652879,0.3708853238265003,0.36389568052159743,0.37500000000000006,0.36493432324386066,0.49200710479573717,0.4657836644591612,0.3751325103443559,0.6721991701244812,Extremely Excess,High
Suryapet,Telangana,0.6666666666666572,drought,0.09902412740226305,0.27586206896551724,0.24786324786324787,0.0,0.28846153846153844,0.04396371249127704,0.10016220600162204,0.10837789661319074,0.10296115186090737,0.09996025437201911,0.14905768132495717,0.013321492007104797,0.27593818984547464,0.10905173887768013,0.7510373443983402,Deficient,Low
Suryapet,Telangana,0.7777777777777715,waterlogging,0.30338861282404356,0.11494252873563218,0.08974358974358974,0.2641509433962264,0.2733516483516483,0.3112351709699931,0.2984590429845905,0.3061200237670826,0.3205650638413475,0.3155802861685215,0.31553398058252424,0.2513321492007105,0.5033112582781457,0.31121977909243237,0.6390041493775933,Excess,High
Suryapet,Telangana,0.8888888888888857,extreme_flood,0.4589594683589774,0.19999999999999998,0.12393162393162394,0.8247978436657681,0.2912087912087912,0.46057222609909293,0.45579886455798857,0.4737967914438503,0.45069274653626734,0.46184419713831487,0.4209023415191319,0.5630550621669628,0.47902869757174393,0.4565537051602093,0.5518672199170127,Extremely Excess,Extreme
Suryapet,Telangana,1.0,mild,0.16874214213015623,0.4804597701149425,0.16666666666666666,0.09703504043126684,0.054945054945054944,0.23028611304954644,0.18511759935117597,0.16280451574569227,0.16327085031241512,0.1420906200317965,0.1724728726442033,0.06749555950266431,0.01545253863134658,0.16427863078343538,0.4522821576763487,Normal,Low
Yadadri Bhuvanagiri,Telangana,0.0,mild,0.1898162006825121,0.2620689655172414,0.3696581196581197,0.4070080862533692,0.016483516483516484,0.21842288904396376,0.19687753446877532,0.18859180035650625,0.2146155935886987,0.1889904610492846,0.1716162193032553,0.21580817051509774,0.0,0.19457647984132953,0.6099585062240664,Normal,Low
Yadadri Bhuvanagiri,Telangana,0.11111111111111427,severe_drought,0.0643896306052805,0.0,0.0,0.0,0.0,0.1444521981856246,0.08698296836982967,0.06856803327391563,0.06139635968486826,0.048290937996820354,0.10622501427755568,0.0,0.0,0.07088875970317685,0.6804979253112036,Severely Deficient,Low
Yadadri Bhuvanagiri,Telangana,0.22222222222220012,urban_flood,0.28264383643656826,0.26436781609195403,0.0,0.0,0.3804945054945055,0.27913468248429874,0.3221816707218167,0.3004159239453357,0.2780494430861179,0.2649046104928458,0.3172472872644203,0.31083481349911196,0.1545253863134658,0.2943610436685703,0.6846473029045641,Excess,High
Yadadri Bhuvanagiri,Telangana,0.3333333333333144,normal,0.2273244327366341,0.5011494252873563,0.3034188034188034,0.02425876010781671,0.37912087912087916,0.2219120725750175,0.25081103000811034,0.2303030303030303,0.24993208367291497,0.19137519872813993,0.1993146773272416,0.15896980461811724,0.01545253863134658,0.22829395068905378,0.5560165975103737,Normal,Medium
Yadadri Bhuvanagiri,Telangana,0.44444444444442865,flood,0.3052745015865413,0.027586206896551724,0.37179487179487175,0.0862533692722372,0.21016483516483517,0.2477320307048151,0.31163828061638277,0.32453951277480686,0.30440097799511007,0.2825914149443562,0.2661336379211878,0.27087033747779754,0.07947019867549669,0.3030810792326369,0.5311203319502078,Excess,High
Yadadri Bhuvanagiri,Telangana,0.5555555555555429,drought,0.12683350296353946,0.0,0.0,0.0,0.06868131868131869,0.21702721563154226,0.1542984590429846,0.13392751039809864,0.12306438467807662,0.106120826709062,0.1407766990291262,0.2149200710479574,0.04856512141280354,0.13066374858940602,0.5933609958506225,Deficient,Low
Yadadri Bhuvanagiri,Telangana,0.6666666666666572,waterlogging,0.2893791534454888,0.5218390804597701,0.3333333333333333,0.32884097035040427,0.12774725274725277,0.22889043963712496,0.2834549878345498,0.29673202614379085,0.27791361043194784,0.2507949125596185,0.27584237578526555,0.3534635879218473,0.3730684326710817,0.27934890401121637,0.44398340248962676,Excess,High
Yadadri Bhuvanagiri,Telangana,0.7777777777777715,extreme_flood,0.5353229958690056,0.5793103448275861,0.48504273504273504,0.5094339622641508,0.4107142857142857,0.540125610607118,0.5598134630981345,0.5231134878193703,0.5421081227927194,0.49980127186009554,0.526556253569389,0.4236234458259326,0.17439293598233999,0.5304859282563348,0.5435684647302907,Extremely Excess,Extreme
Yadadri Bhuvanagiri,Telangana,0.8888888888888857,mild,0.15919295934862,0.43908045977011495,0.20726495726495725,0.0,0.008241758241758242,0.18283321702721567,0.14781021897810218,0.17314319667260847,0.1638141809290954,0.16275834658187602,0.15476870359794404,0.23357015985790414,0.2715231788079471,0.16253462367062205,0.5850622406639006,Normal,Low
Yadadri Bhuvanagiri,Telangana,1.0,severe_drought,0.05310423277255583,0.31264367816091954,0.1217948717948718,0.14824797843665766,0.008241758241758242,0.16608513607815772,0.06265206812652067,0.0540701128936423,0.0597663678348275,0.022456279809220978,0.04254711593375214,0.033747779751332155,0.0816777041942605,0.05013165543890845,0.32780082987551884,Severely Deficient,Low
Mahabubnagar,Telangana,0.0,severe_drought,0.04609950308327845,0.0,0.0,0.12668463611859837,0.22802197802197804,0.05233775296580601,0.05312246553122464,0.04349376114081997,0.06356968215158924,0.013910969793322736,0.027698458023986298,0.21225577264653642,0.18543046357615897,0.043189823205553465,0.31120331950207447,Severely Deficient,Low
Mahabubnagar,Telangana,0.11111111111111427,urban_flood,0.2594144764413578,0.43448275862068964,0.5341880341880342,0.0215633423180593,0.39697802197802196,0.23517096999302167,0.28527980535279807,0.26999405822935235,0.28429774517794076,0.22575516693163755,0.21673329525985152,0.3348134991119006,0.2693156732891832,0.2621824026262695,0.5809128630705391,Excess,High
Mahabubnagar,Telangana,0.22222222222220012,normal,0.182063102436688,0.3471264367816092,0.15598290598290598,0.0862533692722372,0.31730769230769235,0.17096999302163296,0.20012165450121652,0.19988116458704697,0.17291496875848955,0.14268680445151036,0.16476299257567104,0.2797513321492007,0.20971302428256072,0.17908559313339945,0.48547717842323657,Normal,Low
Mahabubnagar,Telangana,0.3333333333333144,flood,0.3288331437466323,0.31724137931034485,0.11538461538461539,0.549865229110512,0.4052197802197802,0.40055826936496863,0.3519870235198702,0.32976827094474154,0.32423254550393915,0.29153418124006364,0.3092518560822387,0.20959147424511548,0.2273730684326711,0.3230858667031426,0.5020746887966809,Extremely Excess,High
Mahabubnagar,Telangana,0.44444444444442865,drought,0.07387894390229299,0.22988505747126436,0.0,0.0,0.24725274725274726,0.003489183531053734,0.09813463098134631,0.09387997623291743,0.06275468622656888,0.06776629570747218,0.07824100513992005,0.1829484902309059,0.16777041942604856,0.08039530827890434,0.6721991701244812,Deficient,Low
Mahabubnagar,Telangana,0.5555555555555429,waterlogging,0.22621684727294494,0.0,0.18162393162393162,0.5606469002695418,0.4134615384615385,0.15910676901605028,0.259529602595296,0.21307189542483662,0.21420809562618853,0.24383942766295713,0.21816105082809822,0.1252220248667851,0.17880794701986755,0.22709708306261328,0.5560165975103737,Excess,Medium
Mahabubnagar,Telangana,0.6666666666666572,extreme_flood,0.3412261270430461,0.0,0.3141025641025641,0.11320754716981132,0.4024725274725275,0.30983949755757156,0.33211678832116787,0.3611408199643494,0.33550665580005434,0.30445151033386336,0.31838949171901765,0.27531083481349916,0.1501103752759382,0.3349177580959546,0.5020746887966809,Extremely Excess,Extreme
Mahabubnagar,Telangana,0.7777777777777715,mild,0.13982518110519065,0.3517241379310345,0.0,0.045822102425876005,0.004120879120879121,0.2581995812979763,0.12814274128142739,0.14319667260843733,0.14384678076609617,0.14666136724960258,0.12564249000571104,0.22557726465364122,0.0,0.13931539171767604,0.5062240663900415,Normal,Low
Mahabubnagar,Telangana,0.8888888888888857,severe_drought,0.058253008441597316,0.0,0.059829059829059825,0.0,0.03846153846153846,0.11095603628750873,0.04521492295214921,0.05549613784907903,0.07049714751426242,0.06915739268680446,0.07538549400342662,0.09591474245115456,0.0,0.06227131279280511,0.5933609958506225,Severely Deficient,Low
Mahabubnagar,Telangana,1.0,urban_flood,0.2299586900556786,0.5264367816091954,0.0,0.23180592991913743,0.3557692307692307,0.18004187020237267,0.23884833738848335,0.23315508021390374,0.2248030426514534,0.24224960254372024,0.2675613934894346,0.3090586145648313,0.0,0.23769791061108642,0.6473029045643157,Excess,High
Nagarkurnool,Telangana,0.0,urban_flood,0.2741423696341974,0.05747126436781609,0.07692307692307693,0.029649595687331536,0.3200549450549451,0.2707606420097698,0.26763990267639903,0.29269162210338684,0.2679978266775333,0.2802066772655008,0.2327241576242147,0.19804618117229134,0.445916114790287,0.2729200150463359,0.5394190871369293,Excess,High
Nagarkurnool,Telangana,0.11111111111111427,normal,0.18017721367419026,0.271264367816092,0.11324786324786325,0.14824797843665766,0.050824175824175824,0.12561060711793443,0.21634225466342252,0.1825311942959002,0.18378158109209455,0.18004769475357713,0.14220445459737294,0.20692717584369452,0.41942604856512145,0.1832917279348904,0.5809128630705391,Normal,Low
Nagarkurnool,Telangana,0.22222222222220012,flood,0.28243429324073516,0.18850574712643675,0.202991452991453,0.5795148247978437,0.3434065934065934,0.3419399860432659,0.3079886455798865,0.2695187165775401,0.306438467807661,0.284181240063593,0.2881210736721873,0.16785079928952043,0.5165562913907285,0.2900523202133844,0.6390041493775933,Excess,High
Nagarkurnool,Telangana,0.3333333333333144,drought,0.09034305214632102,0.38620689655172413,0.042735042735042736,0.18328840970350402,0.28434065934065933,0.10258199581297978,0.08008921330089212,0.09221628045157458,0.09032871502309156,0.09439586645468998,0.1273557966876071,0.0,0.09492273730684327,0.09427897274561434,0.5933609958506225,Deficient,Low
Nagarkurnool,Telangana,0.44444444444442865,waterlogging,0.23319164221996047,0.0,0.3034188034188034,0.5202156334231806,0.271978021978022,0.18004187020237267,0.2599351175993512,0.2374331550802139,0.25020374898125514,0.2505961844197138,0.22758423757852655,0.197158081705151,0.05960264900662252,0.24552884450979723,0.705394190871369,Excess,Medium
Nagarkurnool,Telangana,0.5555555555555429,extreme_flood,0.44950008980422673,0.703448275862069,0.2136752136752137,0.41239892183288407,0.4835164835164836,0.5408234473133288,0.44910786699107863,0.4677361853832442,0.45476772616136923,0.4519077901430843,0.4648772130211308,0.34902309058614567,0.6777041942604857,0.45826351605512433,0.6348547717842328,Extremely Excess,Extreme
Nagarkurnool,Telangana,0.6666666666666572,mild,0.1717954858408669,0.4183908045977011,0.37393162393162394,0.053908355795148244,0.342032967032967,0.26796929518492674,0.16808596918085966,0.16399286987522282,0.18704156479217607,0.166335453100159,0.14220445459737294,0.16429840142095917,0.04635761589403974,0.1682795882775365,0.4688796680497931,Normal,Low
Nagarkurnool,Telangana,0.7777777777777715,severe_drought,0.04675806741303957,0.013793103448275862,0.15811965811965814,0.32345013477088946,0.16758241758241757,0.09490579204466155,0.07988645579886455,0.04266191325014855,0.05202390654713393,0.05246422893481717,0.032838378069674476,0.0026642984014209592,0.18763796909492275,0.05180727011592519,0.6348547717842328,Severely Deficient,Low
Nagarkurnool,Telangana,0.8888888888888857,urban_flood,0.2855774411782314,0.5195402298850575,0.20085470085470086,0.4716981132075471,0.1662087912087912,0.2540125610607118,0.30596107055961064,0.27605466428995845,0.30861179027438196,0.2527821939586646,0.3081096516276413,0.24422735346358795,0.3973509933774835,0.28912902233013027,0.5933609958506225,Excess,High
Nagarkurnool,Telangana,1.0,normal,0.17308267975812724,0.33563218390804594,0.41025641025641024,0.2722371967654986,0.059065934065934064,0.28262386601535244,0.1855231143552311,0.1676767676767677,0.17400162999185007,0.17627186009538953,0.2141633352370074,0.30017761989342806,0.0,0.17932496665868758,0.6348547717842328,Normal,Low
Wanaparthy,Telangana,0.0,normal,0.20158055439142666,0.25057471264367814,0.11752136752136752,0.19137466307277626,0.34615384615384615,0.2868108862526169,0.22222222222222218,0.18954248366013077,0.2188264058679707,0.16315580286168524,0.19446030839520276,0.20248667850799293,0.18322295805739516,0.19847484868173582,0.489626556016598,Normal,Medium
Wanaparthy,Telangana,0.11111111111111427,flood,0.2693228761300365,0.1839080459770115,0.405982905982906,0.09703504043126684,0.4148351648351648,0.1758548499651082,0.259529602595296,0.28770053475935825,0.2726161369193154,0.2321144674085851,0.2784123358081096,0.266429840142096,0.0,0.2684745067195568,0.5394190871369293,Excess,High
Wanaparthy,Telangana,0.22222222222220012,drought,0.08555349338442195,0.17701149425287357,0.17307692307692307,0.42857142857142855,0.11401098901098902,0.023726448011165392,0.07116788321167883,0.08710635769459299,0.07756044553110568,0.10095389507154215,0.06881781838949173,0.0808170515097691,0.10375275938189847,0.08220770782751427,0.385892116182573,Deficient,Low
Wanaparthy,Telangana,0.3333333333333144,waterlogging,0.2411842184038795,0.3310344827586207,0.2692307692307692,0.6118598382749325,0.39697802197802196,0.27285415212840197,0.2495944849959448,0.24860368389780158,0.25074707959793535,0.21701112877583473,0.2144488863506568,0.25754884547069273,0.0816777041942605,0.23978387990288275,0.5269709543568464,Excess,Medium
Wanaparthy,Telangana,0.44444444444442865,extreme_flood,0.40956714362689334,0.004597701149425287,0.4401709401709402,0.04851752021563342,0.5123626373626373,0.3475226796929519,0.4034874290348742,0.4152109328579917,0.43357783211083945,0.3938791732909381,0.43432324386065096,0.285968028419183,0.33995584988962474,0.4164757377834012,0.6224066390041494,Extremely Excess,Extreme
Wanaparthy,Telangana,0.5555555555555429,mild,0.16188708615218822,0.07126436781609195,0.0,0.0,0.14148351648351648,0.2281926029309142,0.2019464720194647,0.16458704693998816,0.1582450421081228,0.14268680445151036,0.1313535122786979,0.16873889875666076,0.23399558498896247,0.16154293335157133,0.5186721991701244,Normal,Low
Wanaparthy,Telangana,0.6666666666666572,severe_drought,0.045979764114230985,0.0,0.14957264957264957,0.21293800539083557,0.08241758241758242,0.162595952547104,0.039740470397404706,0.06333927510398099,0.037625645205107305,0.022257551669316367,0.03055396916047973,0.18117229129662524,0.2604856512141281,0.04189036692541806,0.26141078838174314,Severely Deficient,Low
Wanaparthy,Telangana,0.7777777777777715,urban_flood,0.2648925342752798,0.15172413793103448,0.0,0.4393530997304582,0.4739010989010989,0.33217027215631545,0.2605433901054338,0.25965537730243615,0.26636783482749254,0.249006359300477,0.24157624214734438,0.3516873889875667,0.41721854304635764,0.25749752077420235,0.46473029045643166,Excess,High
Wanaparthy,Telangana,0.8888888888888857,normal,0.1925402622283422,0.0,0.4358974358974359,0.08086253369272237,0.02197802197802198,0.23517096999302167,0.21776155717761556,0.20237670825906123,0.19274653626731866,0.20389507154213038,0.18332381496287833,0.219360568383659,0.4525386313465784,0.20052662175563385,0.6597510373443982,Normal,Low
Wanaparthy,Telangana,1.0,flood,0.32090043704723703,0.0,0.43803418803418803,0.6522911051212937,0.4684065934065934,0.3210048848569435,0.3536090835360908,0.30849673202614375,0.3154034229828851,0.33207472178060415,0.27869788692175895,0.2966252220248668,0.5077262693156733,0.3183325924152789,0.5311203319502078,Extremely Excess,High
Gadwal,Telangana,0.0,flood,0.25360713644255517,0.0,0.18589743589743588,0.45552560646900264,0.19642857142857142,0.3482205163991626,0.2921735604217356,0.24503862150920974,0.2416462917685412,0.23131955484896666,0.251284980011422,0.17229129662522202,0.04635761589403974,0.25052149232294907,0.5103734439834029,Excess,High
Gadwal,Telangana,0.11111111111111427,drought,0.09998203915464285,0.2574712643678161,0.16452991452991453,0.2964959568733153,0.0,0.04535938590369855,0.12104622871046228,0.11206179441473559,0.11926107036131486,0.09538950715421304,0.11222158766419188,0.09946714031971582,0.315673289183223,0.11253975310330677,0.8132780082987554,Deficient,Low
Gadwal,Telangana,0.22222222222220012,waterlogging,0.24049571933185654,0.1839080459770115,0.1217948717948718,0.0,0.3804945054945055,0.2868108862526169,0.24837793998377936,0.24408793820558528,0.26120619396903016,0.2527821939586646,0.2138777841233581,0.3454706927175844,0.21633554083885212,0.24699928187942416,0.6307053941908713,Excess,High
Gadwal,Telangana,0.3333333333333144,extreme_flood,0.32197808776866427,0.14942528735632182,0.3803418803418804,0.6469002695417789,0.17307692307692307,0.34961618981158415,0.34570154095701533,0.31681521093285797,0.33686498234175494,0.2875596184419714,0.2966876070816676,0.1918294849023091,0.2715231788079471,0.3192900865164313,0.5311203319502078,Extremely Excess,Extreme
Gadwal,Telangana,0.44444444444442865,mild,0.12318146440759145,0.0,0.36324786324786323,0.0,0.17994505494505494,0.09351011863224007,0.13888888888888887,0.13297682709447417,0.1371909807117631,0.10115262321144675,0.0905197030268418,0.24245115452930732,0.43267108167770424,0.12447423314981365,0.5352697095435688,Normal,Low
Gadwal,Telangana,0.5555555555555429,severe_drought,0.04903310782494163,0.0,0.24786324786324787,0.07008086253369272,0.13873626373626372,0.0956036287508723,0.05961070559610704,0.060130718954248374,0.058679706601467,0.044117647058823525,0.027984009137635633,0.1785079928952043,0.23620309050772628,0.0530725301781623,0.5933609958506225,Severely Deficient,Low
Gadwal,Telangana,0.6666666666666572,urban_flood,0.26617972819254027,0.43908045977011495,0.27350427350427353,0.61455525606469,0.3475274725274725,0.23517096999302167,0.2583130575831305,0.27308377896613195,0.280358598207009,0.27503974562798095,0.24728726442033125,0.3818827708703375,0.2803532008830022,0.2696713743459973,0.5933609958506225,Excess,High
Gadwal,Telangana,0.7777777777777715,normal,0.16757468718194335,0.37471264367816093,0.4273504273504274,0.018867924528301883,0.14835164835164835,0.26657362177250526,0.19829683698296835,0.1679144385026738,0.17101331160010866,0.17050874403815583,0.13420902341519134,0.15186500888099472,0.0,0.17022877269773964,0.5726141078838176,Normal,Low
Gadwal,Telangana,0.8888888888888857,flood,0.2607016703586182,0.4206896551724138,0.0,0.6657681940700808,0.2651098901098901,0.3265875785066295,0.26358475263584746,0.2634581105169341,0.2841619125237707,0.2615262321144674,0.21987435750999426,0.19893428063943164,0.06401766004415012,0.26313989672742194,0.5767634854771786,Excess,High
Gadwal,Telangana,1.0,drought,0.1012093635873795,0.296551724137931,0.21794871794871795,0.0,0.25686813186813184,0.05443126308443825,0.089213300892133,0.11883541295306004,0.0858462374354795,0.06538155802861685,0.14448886350656767,0.06216696269982239,0.2869757174392936,0.09940840543035942,0.44813278008298774,Deficient,Low
Narayanpet,Telangana,0.0,drought,0.09249835358917557,0.0,0.28632478632478636,0.0,0.20467032967032966,0.08792742498255408,0.10442011354420111,0.11289364230540701,0.08761206193969032,0.07094594594594594,0.08223872073101085,0.08614564831261101,0.1501103752759382,0.09421058030981774,0.5352697095435688,Deficient,Low
Narayanpet,Telangana,0.11111111111111427,waterlogging,0.25043405376279704,0.4965517241379311,0.0,0.38544474393531,0.30769230769230765,0.28122819260293097,0.2800081103000811,0.269281045751634,0.265145340939962,0.22038950715421307,0.2898343803540833,0.35790408525754885,0.08388520971302428,0.26409739082857436,0.7178423236514524,Excess,High
Narayanpet,Telangana,0.22222222222220012,extreme_flood,0.3411063880739987,0.5057471264367817,0.5790598290598291,0.0431266846361186,0.4148351648351648,0.24214933705512914,0.32603406326034057,0.3538918597742128,0.35832654170062483,0.32134340222575525,0.3329525985151342,0.41651865008881,0.5209713024282562,0.3422015525082926,0.5684647302904566,Extremely Excess,Extreme
Narayanpet,Telangana,0.3333333333333144,mild,0.1313536490450817,0.32873563218390806,0.0,0.11320754716981132,0.24999999999999997,0.1877180739706909,0.14132197891321976,0.14165181224004753,0.11790274381961424,0.10890302066772659,0.11279268989149058,0.04351687388987568,0.0,0.12652600622371166,0.4107883817427389,Normal,Low
Narayanpet,Telangana,0.44444444444442865,severe_drought,0.051936777824342924,0.3471264367816092,0.08974358974358974,0.07277628032345014,0.07142857142857142,0.17096999302163296,0.08738848337388483,0.04658348187759953,0.04034229828850856,0.015898251192368845,0.049400342661336374,0.06216696269982239,0.0,0.04695140717436652,0.24896265560165975,Severely Deficient,Low
Narayanpet,Telangana,0.5555555555555429,urban_flood,0.2772855175716937,0.4781609195402299,0.38461538461538464,0.274932614555256,0.4532967032967033,0.37822749476622475,0.31305758313057575,0.27189542483660134,0.29665851670741644,0.25794912559618444,0.24414620217018843,0.349911190053286,0.4415011037527594,0.27934890401121637,0.5767634854771786,Excess,High
Narayanpet,Telangana,0.6666666666666572,normal,0.19071424295036815,0.16551724137931034,0.00641025641025641,0.0,0.17857142857142858,0.220516399162596,0.20133819951338197,0.18241235888294716,0.19016571583808747,0.20548489666136727,0.19046259280411193,0.21136767317939611,0.1545253863134658,0.19249051054953326,0.5643153526970957,Normal,Medium
Narayanpet,Telangana,0.7777777777777715,flood,0.2610608872657606,0.0,0.042735042735042736,0.2722371967654986,0.3131868131868132,0.2651779483600838,0.2645985401459854,0.27510398098633393,0.27356696549850584,0.27722575516693165,0.22044545973729296,0.33570159857904086,0.0,0.2667646958246418,0.6182572614107884,Excess,High
Narayanpet,Telangana,0.8888888888888857,drought,0.07387894390229299,0.3770114942528735,0.2606837606837607,0.2371967654986523,0.06593406593406594,0.0013956734124214963,0.0681265206812652,0.07783719548425432,0.07565878837272481,0.06180445151033387,0.04226156482010279,0.1394316163410302,0.052980132450331126,0.068631809321889,0.30705394190871393,Deficient,Low
Narayanpet,Telangana,1.0,waterlogging,0.20256840088606834,0.4919540229885057,0.0,0.0,0.32967032967032966,0.1835310537334264,0.22039740470397404,0.18859180035650625,0.20442814452594404,0.16414944356120828,0.1801827527127356,0.13676731793960925,0.4922737306843268,0.19272988407482133,0.39004149377593356,Excess,Medium
Vikarabad,Telangana,0.0,waterlogging,0.2741124348919356,0.4781609195402299,0.1752136752136752,0.5768194070080862,0.3585164835164835,0.1786461967899512,0.26257096512570965,0.2604872251931076,0.26202118989405054,0.2470190779014309,0.297829811536265,0.34458259325044405,0.06401766004415012,0.2633792702527101,0.42738589211618283,Excess,Medium
Vikarabad,Telangana,0.11111111111111427,extreme_flood,0.4662036759863497,0.639080459770115,0.08974358974358974,0.5094339622641508,0.3090659340659341,0.5645498953244941,0.47789943227899423,0.4827094474153298,0.45626188535723994,0.4841017488076312,0.41890348372358654,0.33570159857904086,0.5894039735099338,0.46783845706664845,0.5809128630705391,Extremely Excess,Extreme
Vikarabad,Telangana,0.22222222222220012,mild,0.19179189367179547,0.006896551724137931,0.004273504273504274,0.18867924528301885,0.3983516483516483,0.23168178646196794,0.22283049472830493,0.20867498514557342,0.18160825862537355,0.18640699523052467,0.2364363221016562,0.10124333925399646,0.1346578366445916,0.2037410662380741,0.7219917012448134,Normal,Low
Vikarabad,Telangana,0.3333333333333144,severe_drought,0.06558702029575525,0.4206896551724138,0.0,0.0215633423180593,0.2032967032967033,0.107466852756455,0.09732360097323597,0.056090314913844336,0.07226297201847326,0.0624006359300477,0.10137064534551685,0.1882770870337478,0.06181015452538632,0.07362445713504087,0.7302904564315353,Severely Deficient,Low
Vikarabad,Telangana,0.44444444444442865,urban_flood,0.31602107405855234,0.0,0.3782051282051282,0.0,0.39010989010989006,0.32240055826936503,0.35644768856447684,0.30683303624480096,0.31581092094539526,0.3267090620031797,0.3146773272415762,0.4031971580817052,0.2693156732891832,0.32182060664090556,0.6141078838174279,Excess,High
Vikarabad,Telangana,0.5555555555555429,normal,0.22008022510926178,0.464367816091954,0.0,0.5444743935309972,0.10851648351648352,0.28541521284019544,0.23540145985401453,0.21770647653000597,0.243412116272752,0.23012718600953896,0.20359794403198175,0.15452930728241565,0.09933774834437087,0.2276100263310878,0.6473029045643157,Normal,Low
Vikarabad,Telangana,0.6666666666666572,flood,0.3171585942645034,0.041379310344827586,0.5363247863247864,0.6388140161725067,0.48489010989010983,0.31332868108862527,0.3475263584752636,0.3150326797385621,0.3363216517250747,0.3306836248012719,0.317818389491719,0.3143872113676732,0.2869757174392936,0.3288992237458537,0.6763485477178426,Excess,High
Vikarabad,Telangana,0.7777777777777715,drought,0.09462372028976829,0.0,0.02564102564102564,0.35309973045822096,0.20054945054945053,0.1863224005582694,0.10097323600973235,0.08568033273915629,0.10038033143167618,0.05743243243243244,0.09623072529982865,0.04262877442273535,0.32891832229580575,0.08836302704920837,0.3236514522821583,Deficient,Low
Vikarabad,Telangana,0.8888888888888857,waterlogging,0.26133029994611745,0.2160919540229885,0.14316239316239318,0.5525606469002695,0.3049450549450549,0.2651779483600838,0.2789943227899432,0.2550207961972668,0.2667753327900027,0.24205087440381562,0.22758423757852655,0.3481349911190054,0.13245033112582782,0.2565058304551517,0.49377593360995853,Excess,Medium
Vikarabad,Telangana,1.0,extreme_flood,0.4470454409387534,0.03218390804597701,0.05341880341880342,0.2398921832884097,0.37912087912087916,0.48499651081646905,0.4539740470397404,0.45941770647653,0.4549035588155393,0.4268680445151034,0.4089091947458595,0.3028419182948491,0.2847682119205298,0.44571350408644805,0.5601659751037342,Extremely Excess,Extreme
Siddipet,Telangana,0.0,extreme_flood,0.5376579057654313,0.3517241379310345,0.608974358974359,0.1967654986522911,0.37362637362637363,0.4724354501046755,0.5547445255474451,0.5468805704099823,0.5581363759847868,0.5121224165341813,0.4928612221587663,0.5186500888099468,0.2958057395143488,0.538590431898232,0.5809128630705391,Extremely Excess,Extreme
Siddipet,Telangana,0.11111111111111427,mild,0.2348081183021014,0.0,0.0,0.45552560646900264,0.2074175824175824,0.2588974180041871,0.2654095701540957,0.24420677361853832,0.2436837815810921,0.23529411764705888,0.19845802398629353,0.1394316163410302,0.27593818984547464,0.24063878535034028,0.6224066390041494,Normal,Low
Siddipet,Telangana,0.22222222222220012,severe_drought,0.05247560318505657,0.41609195402298854,0.27350427350427353,0.43126684636118595,0.0,0.10188415910676903,0.03223844282238442,0.06571598336304219,0.03871230643846782,0.05325914149443561,0.03740719588806396,0.10923623445825935,0.0,0.04773792018602743,0.26141078838174314,Severely Deficient,Low
Siddipet,Telangana,0.3333333333333144,urban_flood,0.30745973777165775,0.3977011494252874,0.21794871794871795,0.4959568733153638,0.13873626373626372,0.31960921144452203,0.2929845904298458,0.2976827094474154,0.3235533822330888,0.28060413354531005,0.270416904625928,0.21580817051509774,0.019867549668874173,0.2971993297541292,0.44813278008298774,Excess,Medium
Siddipet,Telangana,0.44444444444442865,normal,0.26656887984194455,0.29885057471264365,0.40811965811965817,0.08086253369272237,0.3365384615384615,0.3586880669923238,0.28061638280616374,0.28294711824123586,0.2595762021189894,0.28398251192368845,0.23015419760137065,0.34458259325044405,0.03090507726269316,0.27052627979345484,0.5975103734439835,Normal,Medium
Siddipet,Telangana,0.5555555555555429,flood,0.3354786565287673,0.3310344827586207,0.1517094017094017,0.11590296495956871,0.3214285714285714,0.44173063503140275,0.3566504460665044,0.33024361259655377,0.3596848682423255,0.3116057233704293,0.35065676756139347,0.2735346358792185,0.4613686534216336,0.34134664706083506,0.6141078838174279,Excess,High
Siddipet,Telangana,0.6666666666666572,drought,0.14129198347602226,0.19080459770114944,0.1047008547008547,0.0,0.21428571428571427,0.23656664340544314,0.12266828872668287,0.15377302436125967,0.1615050258082043,0.13831478537360892,0.12592804111936037,0.12433392539964477,0.3002207505518764,0.1444790206203194,0.5809128630705391,Deficient,Low
Siddipet,Telangana,0.7777777777777715,waterlogging,0.32197808776866427,0.0,0.00641025641025641,0.1536388140161725,0.2912087912087912,0.2986741102581996,0.3534063260340632,0.314795008912656,0.3227383863080685,0.3300874403815581,0.34408909194745857,0.24600355239786859,0.17880794701986755,0.32944636323222654,0.6307053941908713,Excess,High
Siddipet,Telangana,0.8888888888888857,extreme_flood,0.4888642758785846,0.12643678160919541,0.4145299145299145,0.33153638814016173,0.4931318681318681,0.5010467550593162,0.5107461476074614,0.5061200237670826,0.4822059223037218,0.5011923688394277,0.4397487150199885,0.3481349911190054,0.13245033112582782,0.4920835755565434,0.5933609958506225,Extremely Excess,Extreme
Siddipet,Telangana,1.0,mild,0.21582949170807636,0.21839080459770116,0.0,0.0,0.24999999999999997,0.3237962316817865,0.2076236820762368,0.21081402257872844,0.2049714751426243,0.211248012718601,0.2544260422615648,0.1607460035523979,0.17218543046357618,0.2141025202612591,0.5186721991701244,Normal,Low
Jangaon,Telangana,0.0,mild,0.2393581991259055,0.36091954022988504,0.2200854700854701,0.36657681940700804,0.3543956043956044,0.29727843684577815,0.24999999999999997,0.23493761140819963,0.23200217332246675,0.2539745627980923,0.20245573957738436,0.20781527531083482,0.33333333333333337,0.2361248845877646,0.5020746887966809,Normal,Low
Jangaon,Telangana,0.11111111111111427,severe_drought,0.07223253307789018,0.041379310344827586,0.0,0.0,0.18681318681318682,0.09071877180739708,0.07137064071370638,0.07237076648841356,0.07416462917685412,0.0735294117647059,0.08937749857224443,0.0,0.0,0.074889717197278,0.5518672199170127,Severely Deficient,Low
Jangaon,Telangana,0.22222222222220012,urban_flood,0.3235945638508052,0.0,0.43803418803418803,0.61455525606469,0.3021978021978022,0.4263782274947663,0.35867802108678015,0.33915626856803327,0.3226025536538984,0.3400238473767886,0.34180468303826383,0.2868561278863233,0.5275938189845475,0.3387477345005643,0.7095435684647304,Excess,Medium
Jangaon,Telangana,0.3333333333333144,normal,0.21621864335748064,0.24827586206896554,0.19871794871794873,0.0,0.3873626373626373,0.18283321702721567,0.21978913219789128,0.21889483065953652,0.23376799782667756,0.2116454689984102,0.22358652198743575,0.19360568383658974,0.04415011037527594,0.22210443524946138,0.6224066390041494,Normal,Low
Jangaon,Telangana,0.44444444444442865,flood,0.39956893971142904,0.17011494252873563,0.2136752136752137,0.3504043126684636,0.548076923076923,0.4891835310537335,0.4336982968369829,0.4026143790849674,0.41252377071447976,0.37877583465818765,0.38949171901770413,0.510657193605684,0.2295805739514349,0.40467804260848755,0.6058091286307055,Excess,High
Jangaon,Telangana,0.5555555555555429,drought,0.11339280368796023,0.10114942528735633,0.2094017094017094,0.0,0.0,0.09141660851360782,0.14781021897810218,0.12394533571004158,0.10690029883183919,0.109697933227345,0.13392347230154197,0.14476021314387214,0.2869757174392936,0.12242246007591562,0.7136929460580914,Deficient,Low
Jangaon,Telangana,0.6666666666666572,waterlogging,0.30425672034963774,0.0528735632183908,0.5470085470085471,0.3099730458221024,0.14423076923076922,0.27006280530355903,0.28649635036496346,0.31004159239453355,0.3291225210540614,0.2990858505564388,0.31153626499143344,0.2628774422735347,0.0816777041942605,0.30916800601853434,0.6058091286307055,Excess,Medium
Jangaon,Telangana,0.7777777777777715,extreme_flood,0.5767826139016943,0.7517241379310345,0.1282051282051282,0.61455525606469,0.5384615384615385,0.589672016748081,0.6143552311435523,0.5757575757575758,0.5692746536267319,0.5576311605723372,0.5322672758423758,0.44049733570159866,0.3752759381898455,0.5723079027459563,0.5477178423236513,Extremely Excess,Extreme
Jangaon,Telangana,0.8888888888888857,mild,0.22313356881997243,0.041379310344827586,0.45726495726495725,0.3908355795148248,0.3214285714285714,0.2749476622470342,0.204176804541768,0.2377896613190731,0.2447704428144526,0.18422098569157394,0.23329525985151342,0.283303730017762,0.0,0.22412201210546118,0.5560165975103737,Normal,Low
Jangaon,Telangana,1.0,severe_drought,0.08935520565167931,0.18850574712643675,0.0,0.4959568733153638,0.004120879120879121,0.14724354501046757,0.09691808596918086,0.10184194890077243,0.07783211083944581,0.10671701112877585,0.07195888063963449,0.04262877442273535,0.13245033112582782,0.0922271996717163,0.5643153526970957,Severely Deficient,Low
Warangal,Telangana,0.0,severe_drought,0.058282943183859175,0.0367816091954023,0.0,0.0,0.20604395604395603,0.16538729937194702,0.050689375506893744,0.07284610814022578,0.04400977995110025,0.021661367249602548,0.05825242718446602,0.0,0.0,0.05129432684745068,0.19917012448132843,Severely Deficient,Low
Warangal,Telangana,0.11111111111111427,urban_flood,0.39720409507274135,0.5839080459770114,0.4935897435897436,0.2641509433962264,0.5576923076923077,0.4682484298674111,0.41281427412814264,0.39857397504456327,0.3835914153762565,0.36546104928457873,0.35522558537978294,0.3987566607460036,0.4415011037527594,0.38631467359710014,0.4730290456431536,Excess,High
Warangal,Telangana,0.22222222222220012,normal,0.27300484942824643,0.49885057471264366,0.3269230769230769,0.549865229110512,0.14148351648351648,0.212142358688067,0.31062449310624496,0.2709447415329768,0.2659603368649823,0.28716216216216217,0.3126784694460308,0.3179396092362345,0.15894039735099338,0.2841705707348767,0.6804979253112036,Normal,Low
Warangal,Telangana,0.3333333333333144,flood,0.4494701550619649,0.04367816091954023,0.12393162393162394,0.33692722371967654,0.5892857142857143,0.4047452896022331,0.4375506893755069,0.4469399881164587,0.4432219505569139,0.41176470588235303,0.4320388349514563,0.3987566607460036,0.5187637969094923,0.43658311390760185,0.4730290456431536,Extremely Excess,High
Warangal,Telangana,0.44444444444442865,drought,0.11168652337903368,0.034482758620689655,0.008547008547008548,0.25876010781671155,0.3021978021978022,0.05582693649685975,0.14051094890510948,0.11990493166963755,0.0973920130399348,0.11784578696343403,0.12164477441462024,0.21758436944937837,0.052980132450331126,0.11756659713435696,0.6390041493775933,Deficient,Low
Warangal,Telangana,0.5555555555555429,waterlogging,0.3762797102316949,0.11494252873563218,0.10256410256410256,0.2479784366576819,0.39285714285714285,0.4228890439637126,0.4002433090024331,0.39013666072489606,0.3776147785927737,0.38990461049284586,0.3372358652198743,0.28952042628774427,0.43046357615894043,0.382313716102999,0.6141078838174279,Excess,High
Warangal,Telangana,0.6666666666666572,extreme_flood,0.5492725857630365,0.22298850574712642,0.6709401709401709,0.18328840970350402,0.7458791208791208,0.6147941381716678,0.588199513381995,0.5549613784907903,0.5421081227927194,0.5554451510333864,0.49771559109080526,0.5488454706927176,0.3973509933774835,0.5505591081626373,0.5809128630705391,Extremely Excess,Extreme
Warangal,Telangana,0.7777777777777715,mild,0.24169310902233132,0.0,0.13034188034188035,0.2371967654986523,0.11813186813186813,0.23377529658060017,0.27818329278183296,0.24396910279263218,0.23621298560173865,0.23330683624801274,0.2047401484865791,0.19804618117229134,0.3973509933774835,0.24125431727250968,0.5394190871369293,Normal,Low
Warangal,Telangana,0.8888888888888857,severe_drought,0.08016523977728551,0.0,0.13247863247863248,0.0,0.3090659340659341,0.16050244242847175,0.06650446066504459,0.08068924539512776,0.08462374354794894,0.051470588235294115,0.10593946316390634,0.2007104795737123,0.0,0.07728345245015902,0.39004149377593356,Severely Deficient,Low
Warangal,Telangana,1.0,urban_flood,0.3454169909597078,0.14942528735632182,0.5876068376068376,0.2722371967654986,0.21978021978021978,0.26936496859734826,0.3830089213300891,0.35912061794414735,0.35465906003803316,0.33704292527821944,0.36521987435750997,0.2966252220248668,0.37969094922737306,0.35895769927845983,0.6887966804979255,Excess,Medium
Hanamkonda,Telangana,0.0,urban_flood,0.404148955277495,0.3954022988505747,0.10683760683760685,0.7951482479784366,0.5384615384615385,0.4012561060711794,0.4255879967558799,0.4155674390968509,0.4068187992393371,0.40739268680445156,0.4209023415191319,0.3872113676731795,0.12362030905077263,0.4142871798379099,0.6473029045643157,Excess,High
Hanamkonda,Telangana,0.11111111111111427,normal,0.2682751601508711,0.27586206896551724,0.22222222222222224,0.0,0.39972527472527475,0.28471737613398473,0.2761557177615571,0.2827094474153298,0.26052703069817984,0.24423688394276633,0.27984009137635635,0.24777975133214922,0.09933774834437087,0.26905584242382796,0.5601659751037342,Normal,Low
Hanamkonda,Telangana,0.22222222222220012,flood,0.38026103095252345,0.31494252873563217,0.4786324786324786,0.628032345013477,0.5082417582417582,0.46196789951151435,0.3667883211678832,0.3997623291740939,0.3816897582178756,0.3509538950715422,0.4149057681324957,0.46269982238010665,0.5960264900662252,0.3830660328967616,0.5892116182572615,Excess,High
Hanamkonda,Telangana,0.3333333333333144,drought,0.14422558821768544,0.31494252873563217,0.1452991452991453,0.19946091644204852,0.35714285714285715,0.21074668527564555,0.15835360908353607,0.14450386215092098,0.13528932355338225,0.11128775834658189,0.1322101656196459,0.21758436944937837,0.0,0.1373320110795746,0.385892116182573,Deficient,Low
Hanamkonda,Telangana,0.44444444444442865,waterlogging,0.3245824103454469,0.0,0.48504273504273504,0.12129380053908355,0.21428571428571427,0.3063503140265178,0.3452960259529603,0.33036244800950687,0.3463732681336593,0.3247217806041336,0.326956025128498,0.3836589698046182,0.37969094922737306,0.335533290018124,0.6680497925311206,Excess,Medium
Hanamkonda,Telangana,0.5555555555555429,extreme_flood,0.6499431239897024,0.5816091954022988,0.6923076923076923,0.9460916442048517,0.717032967032967,0.6029309141660851,0.6547039740470396,0.6551396316102199,0.6591958706873133,0.6094992050874406,0.653055396916048,0.5426287744227354,0.21633554083885212,0.6479841329548952,0.5684647302904566,Extremely Excess,Extreme
Hanamkonda,Telangana,0.6666666666666572,mild,0.20343650841166255,0.296551724137931,0.1901709401709402,0.5013477088948787,0.06318681318681318,0.28541521284019544,0.22364152473641521,0.19691027926322047,0.21773974463461016,0.20767090620031797,0.1724728726442033,0.1571936056838366,0.2737306843267108,0.2055876620045823,0.5684647302904566,Normal,Low
Hanamkonda,Telangana,0.7777777777777715,severe_drought,0.05957013710111956,0.2620689655172414,0.09615384615384616,0.3800539083557951,0.0,0.1311933007676204,0.06609894566098945,0.06500297088532384,0.055691388209725634,0.0361685214626391,0.04226156482010279,0.05772646536412079,0.0,0.05515849946995863,0.294605809128631,Severely Deficient,Low
Hanamkonda,Telangana,0.8888888888888857,urban_flood,0.3473926839489912,0.6183908045977011,0.24572649572649574,0.4959568733153638,0.30631868131868134,0.36496859734822057,0.3607055961070559,0.35401069518716577,0.360907362129856,0.34638314785373614,0.36579097658480864,0.25310834813499117,0.019867549668874173,0.3569743186403584,0.6514522821576763,Excess,High
Hanamkonda,Telangana,1.0,normal,0.24911692510327482,0.2114942528735632,0.03205128205128205,0.48247978436657674,0.3585164835164835,0.34542916957431963,0.27473641524736414,0.23838383838383842,0.2603911980440098,0.23350556438791736,0.22901199314677326,0.2868561278863233,0.08388520971302428,0.24809356085216971,0.5352697095435688,Normal,Low
Mahabubabad,Telangana,0.0,normal,0.28186553313775964,0.30114942528735633,0.25,0.0,0.23489010989010992,0.3503140265177949,0.2848742903487429,0.2853238265002971,0.2802227655528389,0.2533783783783784,0.2549971444888635,0.35523978685612795,0.32450331125827814,0.2748350032486407,0.4730290456431536,Normal,Low
Mahabubabad,Telangana,0.11111111111111427,flood,0.5123630485541519,0.37241379310344824,0.48290598290598297,0.4743935309973046,0.4986263736263736,0.578506629448709,0.5255474452554744,0.5289364230540702,0.5214615593588698,0.47615262321144675,0.4637350085665334,0.6225577264653641,0.34216335540838855,0.5095920391204734,0.5518672199170127,Extremely Excess,High
Mahabubabad,Telangana,0.22222222222220012,drought,0.16059989223492785,0.10804597701149425,0.0,0.0,0.06868131868131869,0.1981856245638521,0.17376317923763177,0.15852644087938206,0.14683509915783757,0.1401033386327504,0.1564820102798401,0.24955595026642988,0.3068432671081678,0.1547378859898095,0.41908713692946087,Deficient,Low
Mahabubabad,Telangana,0.3333333333333144,waterlogging,0.3553253906483865,0.11724137931034481,0.3653846153846154,0.48247978436657674,0.39010989010989006,0.27634333565945574,0.3556366585563665,0.3411764705882353,0.37041564792176035,0.3628775834658188,0.38692175899486003,0.24422735346358795,0.5629139072847682,0.36018876312279857,0.6058091286307055,Excess,Medium
Mahabubabad,Telangana,0.44444444444442865,extreme_flood,0.7251092618092557,0.9333333333333333,0.7264957264957265,0.49865229110512127,0.6071428571428572,0.7418004187020237,0.7552716950527169,0.7306001188354131,0.7229013854930726,0.7140302066772655,0.6864648772130212,0.7095914742451156,0.7461368653421634,0.7246862497007831,0.5767634854771786,Extremely Excess,Extreme
Mahabubabad,Telangana,0.5555555555555429,mild,0.2526492246901754,0.1793103448275862,0.2264957264957265,0.4851752021563342,0.1607142857142857,0.20376831821353808,0.26358475263584746,0.25573380867498513,0.23784297745177946,0.24721780604133547,0.24585950885208455,0.283303730017762,0.4922737306843268,0.24990596040077967,0.5145228215767634,Normal,Low
Mahabubabad,Telangana,0.6666666666666572,severe_drought,0.06202478596659281,0.0,0.0,0.0,0.24587912087912087,0.09490579204466155,0.10077047850770476,0.059061200237670836,0.049307253463732686,0.04054054054054054,0.11336379211878925,0.15808170515097694,0.35320088300220753,0.06695619464487229,0.6265560165975104,Severely Deficient,Low
Mahabubabad,Telangana,0.7777777777777715,urban_flood,0.4156139615637909,0.19770114942528735,0.6175213675213675,0.1940700808625337,0.37774725274725274,0.37055129099790657,0.4387672343876723,0.4147355912061795,0.4386036403151318,0.43243243243243246,0.37378640776699024,0.522202486678508,0.5364238410596027,0.4229388229661799,0.6224066390041494,Excess,High
Mahabubabad,Telangana,0.8888888888888857,normal,0.29614440519667123,0.16551724137931034,0.35683760683760685,0.555256064690027,0.4478021978021978,0.3670621074668528,0.29764801297648014,0.28781937017231135,0.30249932083672915,0.27086645468998416,0.318675042832667,0.18028419182948494,0.20088300220750552,0.2939506890537906,0.5311203319502078,Normal,Low
Mahabubabad,Telangana,1.0,flood,0.4882655810333473,0.11954022988505747,0.49786324786324787,0.26145552560646895,0.33379120879120877,0.44173063503140275,0.4744525547445254,0.4943553178847297,0.48560173865797335,0.5063593004769475,0.4431753283837807,0.5781527531083481,0.39072847682119205,0.4847313887084089,0.5477178423236513,Extremely Excess,High
Nirmal,Telangana,0.0,flood,0.4047177153804706,0.5885057471264368,0.07051282051282051,0.5202156334231806,0.30631868131868134,0.39357990230286116,0.42335766423357657,0.4218657159833631,0.40029883183917414,0.3869236883942767,0.37235865219874353,0.3570159857904086,0.0816777041942605,0.40474643504428415,0.5643153526970957,Excess,High
Nirmal,Telangana,0.11111111111111427,drought,0.1670358618212297,0.20229885057471267,0.22863247863247863,0.0,0.16483516483516483,0.0865317515701326,0.14943227899432276,0.16423054070112897,0.17128497690844882,0.16852146263910972,0.19331810394060536,0.1607460035523979,0.32450331125827814,0.1677324487911637,0.5394190871369293,Deficient,Low
Nirmal,Telangana,0.22222222222220012,waterlogging,0.4242950368197329,0.4505747126436782,0.10256410256410256,0.2479784366576819,0.44230769230769235,0.487787857641312,0.4328872668288726,0.4428995840760547,0.43534365661505026,0.4020270270270271,0.42204454597372926,0.38277087033747786,0.6181015452538632,0.42977806654584,0.6099585062240664,Excess,High
Nirmal,Telangana,0.3333333333333144,extreme_flood,0.5611267436987367,0.27586206896551724,0.17307692307692307,0.7897574123989218,0.42719780219780223,0.6008374040474529,0.581508515815085,0.573856209150327,0.5853029068187994,0.5288155802861685,0.5171330668189605,0.5737122557726466,0.13907284768211922,0.5634852785281947,0.5892116182572615,Extremely Excess,Extreme
Nirmal,Telangana,0.44444444444442865,mild,0.2745315212836017,0.15862068965517243,0.1623931623931624,0.3450134770889488,0.22664835164835165,0.24075366364270762,0.26865369018653684,0.28544266191325013,0.2900027166530834,0.2704689984101749,0.251284980011422,0.33392539964476026,0.006622516556291391,0.27709195362992856,0.5809128630705391,Normal,Low
Nirmal,Telangana,0.5555555555555429,severe_drought,0.11189606657486678,0.08275862068965517,0.09401709401709403,0.0,0.18956043956043958,0.2323796231681787,0.12692619626926196,0.12168746286393343,0.10812279271936973,0.09181240063593005,0.09251856082238721,0.14120781527531084,0.0,0.11052217624730706,0.4688796680497931,Severely Deficient,Low
Nirmal,Telangana,0.6666666666666572,urban_flood,0.44016045021852357,0.3471264367816092,0.4252136752136752,0.08894878706199459,0.6016483516483516,0.4117236566643406,0.43714517437145173,0.44206773618538325,0.46196685683238253,0.4405802861685215,0.41804683038263846,0.37744227353463594,0.4635761589403974,0.44311459152617716,0.5892116182572615,Excess,High
Nirmal,Telangana,0.7777777777777715,normal,0.2609411482967131,0.14022988505747125,0.202991452991453,0.4851752021563342,0.2074175824175824,0.330774598743894,0.2899432278994323,0.24705882352941178,0.2529204020646564,0.25973767885532595,0.260422615648201,0.14476021314387214,0.13024282560706404,0.2595492938481004,0.5311203319502078,Normal,Low
Nirmal,Telangana,0.8888888888888857,flood,0.48838532000239476,0.7471264367816092,0.1901709401709402,0.1967654986522911,0.4313186813186813,0.4926727145847872,0.5139902676399026,0.4849673202614379,0.4815267590328715,0.4475357710651829,0.4505996573386636,0.3658969804618118,0.2207505518763797,0.4784392846151216,0.5020746887966809,Extremely Excess,High
Nirmal,Telangana,1.0,drought,0.14847632161887087,0.0,0.07692307692307693,0.0,0.20879120879120877,0.13956734124214937,0.1670721816707218,0.16244800950683302,0.13637598478674273,0.13155802861685215,0.19446030839520276,0.03730017761989343,0.11479028697571746,0.15518243682248745,0.6473029045643157,Deficient,Low
Adilabad,Telangana,0.0,drought,0.16975992336705978,0.38620689655172413,0.017094017094017096,0.4150943396226415,0.0,0.18283321702721567,0.1693025141930251,0.18467023172905528,0.17046998098342842,0.13414149443561207,0.19160479725870933,0.05950266429840143,0.04635761589403974,0.17063912731251923,0.5435684647302907,Deficient,Low
Adilabad,Telangana,0.11111111111111427,waterlogging,0.4218403879542597,0.5241379310344828,0.21153846153846154,0.09703504043126684,0.5604395604395603,0.3175157013258898,0.4590429845904298,0.409863339275104,0.410893778864439,0.39089825119236893,0.38406624785836657,0.49200710479573717,0.5474613686534217,0.4120644256745204,0.489626556016598,Excess,High
Adilabad,Telangana,0.22222222222220012,extreme_flood,0.6177632760581931,0.23908045977011494,0.5170940170940171,0.7574123989218329,0.6304945054945055,0.5038381018841591,0.6514598540145984,0.6259061200237672,0.63053518065743,0.5884340222575517,0.5645345516847516,0.7202486678507993,0.47240618101545256,0.617583695243306,0.5767634854771786,Extremely Excess,Extreme
Adilabad,Telangana,0.3333333333333144,mild,0.28267377117883014,0.0,0.23504273504273504,0.2964959568733153,0.14285714285714285,0.2588974180041871,0.3187347931873479,0.29257278669043374,0.29665851670741644,0.2947138314785374,0.26527698458023985,0.36678507992895204,0.0,0.2951133604623329,0.6929460580912861,Normal,Low
Adilabad,Telangana,0.44444444444442865,severe_drought,0.09303717894988922,0.12873563218390804,0.05341880341880342,0.0,0.09478021978021979,0.18562456385205864,0.11638280616382804,0.0954248366013072,0.11695191524042381,0.1003577106518283,0.06167904054825814,0.1873889875666075,0.24503311258278146,0.10118660876107102,0.705394190871369,Severely Deficient,Low
Adilabad,Telangana,0.5555555555555429,urban_flood,0.3935221217745315,0.6298850574712643,0.2905982905982906,0.18059299191374661,0.37912087912087916,0.4633635729239358,0.39233576642335766,0.41057635175282237,0.38019559902200495,0.35810810810810817,0.39577384351798967,0.39076376554174075,0.434878587196468,0.3890503710289642,0.5269709543568464,Excess,Medium
Adilabad,Telangana,0.6666666666666572,normal,0.2708495479853918,0.07586206896551724,0.3547008547008547,0.1563342318059299,0.2074175824175824,0.3461270062805304,0.30089213300892126,0.2827094474153298,0.28063026351534914,0.2875596184419714,0.22929754426042262,0.18650088809946716,0.20529801324503313,0.2796908661901994,0.6514522821576763,Normal,Low
Adilabad,Telangana,0.7777777777777715,flood,0.45312219361791295,0.23908045977011494,0.6623931623931624,0.07816711590296495,0.2596153846153846,0.540125610607118,0.44748580697485807,0.4386215092097445,0.4557185547405596,0.4646263910969794,0.4274700171330668,0.5568383658969805,0.6070640176600441,0.44756009985295625,0.5269709543568464,Excess,High
Adilabad,Telangana,0.8888888888888857,drought,0.15353529306112673,0.1057471264367816,0.4123931623931624,0.0,0.0,0.104675505931612,0.14699918896999187,0.14616755793226383,0.13922847052431403,0.1565977742448331,0.12935465448315248,0.16252220248667854,0.0,0.14434223574872618,0.3526970954356847,Deficient,Low
Adilabad,Telangana,1.0,waterlogging,0.4081302759983236,0.27586206896551724,0.5876068376068376,0.5714285714285714,0.581043956043956,0.4047452896022331,0.40227088402270883,0.4070112893642306,0.4163270850312415,0.39964228934817175,0.43517989720159905,0.4262877442273535,0.17218543046357618,0.4106623807406901,0.5850622406639006,Excess,High
Kumuram Bheem,Telangana,0.0,waterlogging,0.5354726695803149,0.21839080459770116,0.39743589743589747,0.8328840970350403,0.6167582417582417,0.5331472435450104,0.5632603406326033,0.534402852049911,0.5353164900842162,0.5315977742448332,0.5431182181610509,0.6314387211367674,0.6490066225165563,0.540060869267859,0.601659751037344,Excess,High
Kumuram Bheem,Telangana,0.11111111111111427,extreme_flood,0.91944560857331,0.4735632183908046,1.0,0.6253369272237196,0.7101648351648352,0.9169574319609213,0.9523519870235198,0.934640522875817,0.9339853300733496,0.8998410174880764,0.8974871501998857,0.8854351687388989,0.8852097130242826,0.9270252710050269,0.6141078838174279,Extremely Excess,Extreme
Kumuram Bheem,Telangana,0.22222222222220012,mild,0.31383583787343583,0.1954022988505747,0.37179487179487175,0.11051212938005389,0.2651098901098901,0.22958827634333567,0.34570154095701533,0.3013666072489602,0.31010594947025266,0.3284976152623212,0.3163906339234723,0.24245115452930732,0.5894039735099338,0.31751188318571966,0.5933609958506225,Normal,Low
Kumuram Bheem,Telangana,0.3333333333333144,severe_drought,0.14024426749685684,0.0,0.0,0.2803234501347709,0.04395604395604396,0.16538729937194702,0.1299675587996756,0.15056446821152702,0.1462917685411573,0.15838632750397458,0.11422044545973731,0.17140319715808172,0.011037527593818985,0.1430085832506925,0.5726141078838176,Severely Deficient,Low
Kumuram Bheem,Telangana,0.44444444444442865,urban_flood,0.5271807459737771,0.232183908045977,0.6794871794871795,0.46361185983827485,0.4945054945054945,0.5778087927424983,0.5681265206812651,0.5282234105763518,0.5423797881010595,0.4944356120826709,0.49343232438606505,0.5586145648312612,0.7019867549668874,0.5285367438361317,0.5809128630705391,Excess,High
Kumuram Bheem,Telangana,0.5555555555555429,normal,0.3189247440579536,0.025287356321839084,0.561965811965812,0.0,0.14285714285714285,0.330774598743894,0.314882400648824,0.31455733808674985,0.328171692474871,0.2994833068362481,0.358652198743575,0.24955595026642988,0.5077262693156733,0.32072632766815995,0.5767634854771786,Normal,Low
Kumuram Bheem,Telangana,0.6666666666666572,flood,0.6334790157456744,0.4758620689655172,0.8012820512820513,0.4339622641509434,0.45192307692307687,0.6315422191207258,0.6214517437145174,0.6329174093879977,0.6511817440912795,0.6166534181240064,0.5908052541404911,0.5364120781527532,0.772626931567329,0.6277399719591013,0.5477178423236513,Extremely Excess,High
Kumuram Bheem,Telangana,0.7777777777777715,drought,0.21627851284200444,0.0,0.16025641025641027,0.32614555256064687,0.2403846153846154,0.28820655966503844,0.19748580697485804,0.21200237670825905,0.22398804672643302,0.20826709062003185,0.18418046830382637,0.1438721136767318,0.3576158940397351,0.2085969291796327,0.4315352697095438,Deficient,Low
Kumuram Bheem,Telangana,0.8888888888888857,waterlogging,0.48670897443573,0.503448275862069,0.5811965811965812,0.5444743935309972,0.40934065934065933,0.48499651081646905,0.4797242497972424,0.4800950683303625,0.4971475142624287,0.44793322734499214,0.433466590519703,0.5746003552397869,0.6975717439293599,0.47320726327668156,0.4771784232365146,Excess,High
Kumuram Bheem,Telangana,1.0,extreme_flood,0.9044483027001137,0.5310344827586208,0.8397435897435896,0.8167115902964959,0.6923076923076923,0.9316120027913469,0.9454582319545821,0.9107546048722521,0.9281445259440371,0.9207074721780606,0.8472301541976014,0.921847246891652,0.8035320088300221,0.91509079095852,0.6224066390041494,Extremely Excess,Extreme
Mancherial,Telangana,0.0,extreme_flood,0.7036161168652336,0.9126436781609196,0.7478632478632479,0.5849056603773585,0.8653846153846154,0.7613398464759247,0.7351987023519869,0.7190730837789662,0.7059223037218147,0.7040937996820351,0.6404911479154769,0.682948490230906,0.6975717439293599,0.7064938617788874,0.5933609958506225,Extremely Excess,Extreme
Mancherial,Telangana,0.11111111111111427,mild,0.24067532778542777,0.47126436781609193,0.19230769230769232,0.07816711590296495,0.28021978021978017,0.3356594556873692,0.2633819951338199,0.26013071895424833,0.24314045096441184,0.2398648648648649,0.25242718446601936,0.1829484902309059,0.37086092715231794,0.251991929692576,0.6929460580912861,Normal,Low
Mancherial,Telangana,0.22222222222220012,severe_drought,0.04361491947554331,0.11724137931034481,0.0,0.0,0.27747252747252743,0.0432658757850663,0.05312246553122464,0.05430778371954843,0.04849225753871231,0.04749602543720191,0.012849800114220444,0.12433392539964477,0.0,0.04650685634168862,0.5477178423236513,Severely Deficient,Low
Mancherial,Telangana,0.3333333333333144,urban_flood,0.46090522660599886,0.14022988505747125,0.057692307692307696,0.09973045822102426,0.4711538461538461,0.3970690858339149,0.4914841849148418,0.4468211527035057,0.454360228198859,0.46939586645469006,0.4126213592233009,0.524866785079929,0.11479028697571746,0.4560407618917348,0.5352697095435688,Excess,High
Mancherial,Telangana,0.44444444444442865,normal,0.3163503562234329,0.47126436781609193,0.07692307692307693,0.2452830188679245,0.3118131868131868,0.29937194696441033,0.31163828061638277,0.30944741532976827,0.3285791904373812,0.28497615262321147,0.29497430039977157,0.20337477797513323,0.0772626931567329,0.3086892589679581,0.4813278008298756,Normal,Medium
Mancherial,Telangana,0.5555555555555429,flood,0.38367359157037656,0.464367816091954,0.2435897435897436,0.2857142857142857,0.385989010989011,0.3342637822749477,0.3890916463909164,0.3891859774212716,0.3767997826677534,0.370429252782194,0.38435179897201593,0.283303730017762,0.18763796909492275,0.3822453236672024,0.5518672199170127,Excess,High
Mancherial,Telangana,0.6666666666666572,drought,0.1635634317188529,0.0896551724137931,0.28632478632478636,0.0,0.1771978021978022,0.24633635729239362,0.15206812652068125,0.18158051099227568,0.16612333604998641,0.15242448330683625,0.1796116504854369,0.19449378330373004,0.3664459161147903,0.1674588790479773,0.5933609958506225,Deficient,Low
Mancherial,Telangana,0.7777777777777715,waterlogging,0.3633479015745674,0.05747126436781609,0.1388888888888889,0.7681940700808625,0.2074175824175824,0.37194696441032804,0.39355231143552305,0.3776589423648248,0.38630806845965776,0.3819554848966614,0.3629354654483152,0.29218472468916523,0.31346578366445915,0.38149300687343984,0.7261410788381739,Excess,Medium
Mancherial,Telangana,0.8888888888888857,extreme_flood,0.7057714183080883,0.5586206896551724,0.3888888888888889,0.9353099730458221,0.8228021978021978,0.6950453593859037,0.7309407948094079,0.7061200237670827,0.7211355609888619,0.7166136724960255,0.6424900057110223,0.7921847246891653,0.44812362030905084,0.7082720651095988,0.5892116182572615,Extremely Excess,Extreme
Mancherial,Telangana,1.0,mild,0.2417230437645932,0.12643678160919541,0.4230769230769231,0.4474393530997305,0.12912087912087913,0.2330774598743894,0.22303325223033246,0.25585264408793823,0.23553382233088838,0.20647853736089034,0.25613934894346085,0.1785079928952043,0.24282560706401768,0.236740416509934,0.4813278008298756,Normal,Low
Asifabad,Telangana,0.0,mild,0.2562413937615997,0.4298850574712643,0.5213675213675214,0.0,0.4148351648351648,0.26308443824145156,0.24067315490673155,0.26024955436720143,0.2601195327356697,0.26907790143084265,0.24271844660194172,0.3348134991119006,0.0,0.25633484936566014,0.5518672199170127,Normal,Low
Asifabad,Telangana,0.11111111111111427,severe_drought,0.08199125905525953,0.12183908045977011,0.0,0.0,0.009615384615384614,0.15352407536636428,0.11800486618004863,0.07332144979203803,0.08883455582722086,0.051271860095389504,0.05197030268418047,0.0,0.04415011037527594,0.07841192764080294,0.37344398340248963,Severely Deficient,Low
Asifabad,Telangana,0.22222222222220012,urban_flood,0.4597677064000478,0.49885057471264366,0.2884615384615385,0.23450134770889483,0.29532967032967034,0.4703419399860433,0.4576236820762368,0.4571598336304219,0.4443086117902744,0.43362480127186015,0.4634494574528841,0.34724689165186506,0.4768211920529802,0.4507061518995999,0.5020746887966809,Excess,High
Asifabad,Telangana,0.3333333333333144,normal,0.35783990899838347,0.5632183908045977,0.06623931623931624,0.33423180592991913,0.5302197802197802,0.40823447313328687,0.39355231143552305,0.35626856803327395,0.3622656886715566,0.3706279809220986,0.3472301541976013,0.4014209591474246,0.24503311258278146,0.3654549806791369,0.6307053941908713,Normal,Medium
Asifabad,Telangana,0.44444444444442865,flood,0.5514278872058911,0.5333333333333333,0.38675213675213677,0.5741239892183289,0.5851648351648352,0.6203768318213538,0.578669910786699,0.5600713012477719,0.5747079597935345,0.5141096979332274,0.5111364934323244,0.480461811722913,0.7328918322295807,0.5531238245050099,0.5850622406639006,Extremely Excess,High
Asifabad,Telangana,0.5555555555555429,drought,0.15742680955516972,0.19770114942528735,0.0,0.0,0.09203296703296704,0.21702721563154226,0.14375506893755066,0.1706476530005942,0.1541700624830209,0.16136724960254373,0.15077098800685323,0.15808170515097694,0.0,0.15798652669014807,0.5352697095435688,Deficient,Low
Asifabad,Telangana,0.6666666666666572,waterlogging,0.39986828713404776,0.367816091954023,0.4038461538461538,0.0673854447439353,0.25824175824175827,0.3014654570830426,0.39334955393349547,0.3921568627450981,0.41198044009779955,0.3628775834658188,0.4094802969731582,0.36856127886323276,0.09050772626931568,0.39438498102109903,0.5186721991701244,Excess,Medium
Asifabad,Telangana,0.7777777777777715,extreme_flood,0.8508950487936298,0.6896551724137931,0.5064102564102564,0.444743935309973,0.7431318681318682,0.8436845778087928,0.8566504460665044,0.8521687462863934,0.8454224395544689,0.810810810810811,0.8161050828098229,0.7575488454706928,0.4900662251655629,0.8397907191464624,0.5352697095435688,Extremely Excess,Extreme
Asifabad,Telangana,0.8888888888888857,mild,0.28267377117883014,0.17471264367816092,0.5213675213675214,0.3908355795148248,0.2403846153846154,0.23028611304954644,0.30494728304947283,0.30065359477124187,0.2923118717739745,0.29173290937996826,0.2972587093089663,0.4085257548845471,0.17880794701986755,0.2973361146257224,0.7178423236514524,Normal,Low
Asifabad,Telangana,1.0,severe_drought,0.11647608214093275,0.12873563218390804,0.0,0.0,0.11538461538461539,0.16887648290300072,0.14821573398215732,0.10409982174688058,0.13936430317848414,0.12957074721780604,0.1550542547115934,0.1793960923623446,0.09492273730684327,0.13090312211469413,0.8340248962655603,Severely Deficient,Low
