State,Year,Annual_Rainfall_mm,Normal_Rainfall_mm,Departure_Percent,Monsoon_Rainfall_mm,Monsoon_Percent_of_Annual,Rainfall_Category,Flood_Events,Drought_Declared,Peak_Month,Peak_Month_Rainfall_mm,Jan_mm,Feb_mm,Mar_mm,Apr_mm,May_mm,Jun_mm,Jul_mm,Aug_mm,Sep_mm,Oct_mm,Nov_mm,Dec_mm
Andhra Pradesh,0.0,0.06712287662326838,0.0930546190155091,0.3755795981452859,0.06698395066457273,0.44892086330935266,Normal,0.0,0.0,Jul,0.071741970057273,0.22847399829497017,0.1382734912146677,0.09365781710914453,0.015285599356395816,0.04443980805341123,0.06153084790498186,0.07613587119570651,0.07330258581581732,0.07719472493516527,0.05669421487603305,0.1314868804664723,0.15956678700361013
Andhra Pradesh,0.11111111111111427,0.05895444012869455,0.0930546190155091,0.21329211746522414,0.05669935266403647,0.4057553956834534,Normal,0.0,0.0,Jul,0.06011990487992767,0.0,0.0,0.0,0.0667739340305712,0.05946171500104319,0.05861651820081381,0.06456881896063202,0.05814305156509904,0.05992385366661149,0.05999999999999999,0.06297376093294461,0.13862815884476534
Andhra Pradesh,0.22222222222220012,0.058312634404120905,0.0930546190155091,0.2009273570324575,0.06140115677787568,0.5093525179856115,Normal,0.0,0.0,Jul,0.06400509093344944,0.07075873827791987,0.08708938120702826,0.0,0.07924376508447305,0.036928854579595244,0.053007808204113056,0.06843561452048401,0.07001360955693331,0.07068366164542295,0.05735537190082645,0.020699708454810496,0.10902527075812274
Andhra Pradesh,0.3333333333333144,0.07043192691749879,0.0930546190155091,0.4420401854714065,0.07018232657907841,0.4474820143884892,Normal,0.0,0.0,Jul,0.0676223331212111,0.0,0.06875477463712758,0.0,0.13958165728077235,0.05633215105361987,0.0781370284834488,0.07203573452448413,0.07538182368062905,0.07691883242288805,0.06537190082644627,0.13498542274052477,0.14584837545126353
Andhra Pradesh,0.44444444444442865,0.0955873772650741,0.0930546190155091,0.9443585780525503,0.09391159459148889,0.43453237410071943,Excess,0.8571428571428571,0.0,Jul,0.09307700036842281,0.23870417732310317,0.12299465240641712,0.21460176991150443,0.03177795655671762,0.07636136031712916,0.08940943582975916,0.097369912330411,0.09848026614244669,0.09584505876510512,0.1115702479338843,0.08979591836734693,0.024548736462093865
Andhra Pradesh,0.5555555555555429,0.062155133612282656,0.0930546190155091,0.27666151468315303,0.06107557360094994,0.43021582733812935,Normal,0.0,0.0,Jul,0.055330408279465455,0.0,0.0,0.0,0.053499597747385365,0.05946171500104319,0.061805784669526014,0.05980199339977999,0.06226372296990775,0.07233901671908624,0.07719008264462811,0.08396501457725948,0.18194945848375452
Andhra Pradesh,0.6666666666666572,0.08105922949972494,0.0930546190155091,0.6537867078825348,0.08286091852759797,0.4791366906474821,Normal,0.21428571428571427,0.0,Jul,0.08306259838563822,0.23017902813299235,0.18640183346065697,0.061946902654867256,0.018905872888173775,0.07636136031712916,0.0887495875948532,0.08740291343044768,0.08706336004838953,0.08149864812668985,0.08834710743801653,0.07784256559766764,0.21155234657039712
Andhra Pradesh,0.7777777777777715,0.08658542684248255,0.0930546190155091,0.7650695517774343,0.08208526448845138,0.3928057553956834,Normal,0.5,0.0,Jul,0.08112000535887731,0.11594202898550725,0.16730328495034374,0.0803834808259587,0.09292035398230089,0.08658460254537868,0.08011657318816673,0.08546951565052167,0.08411462271283834,0.09496220272581803,0.08570247933884298,0.09825072886297377,0.19783393501805055
Andhra Pradesh,0.8888888888888857,0.07870872022271493,0.0930546190155091,0.60741885625966,0.07898264833186502,0.45755395683453237,Normal,0.0,0.0,Jul,0.08014870884549688,0.10059676044330777,0.0,0.20575221238938052,0.09774738535800484,0.10098059670352598,0.09111404376993291,0.08450281676055868,0.08022077725691819,0.07542901285659107,0.08256198347107438,0.05597667638483965,0.04909747292418773
Andhra Pradesh,1.0,0.0927534299098138,0.0930546190155091,0.8871715610510046,0.08960240548511895,0.41438848920863314,Excess,0.07142857142857142,0.0,Jul,0.08590950195933952,0.04092071611253197,0.0,0.04498525073746312,0.16090104585679807,0.07990819945754225,0.09985703288243705,0.09023634121137371,0.09511568123393316,0.09374827567179828,0.0868595041322314,0.10758017492711369,0.08086642599277978
Telangana,0.0,0.05558704385950289,0.09530231512699483,0.1205564142194745,0.05849006013712797,0.5079136690647483,Deficient,0.0,0.0,Jul,0.061560103158388314,0.0076726342710997444,0.1917494270435447,0.0022123893805309734,0.06234915526950925,0.07865637387857292,0.05685692290773123,0.06600220007333576,0.06725389384545591,0.055675108977542354,0.060991735537190075,0.04139941690962099,0.0
Telangana,0.11111111111111427,0.05131945254805208,0.09530231512699483,0.037094281298299836,0.05059945608457502,0.4316546762589928,Deficient,0.0,1.0,Jul,0.046186823860401245,0.09633418584825236,0.053475935828877004,0.0,0.019710378117457766,0.0913832672647611,0.04987352908830969,0.0507016900563352,0.05583698775139875,0.06764884401037356,0.048347107438016526,0.08017492711370262,0.12490974729241879
Telangana,0.22222222222220012,0.06164669011619185,0.09530231512699483,0.23802163833075735,0.05851878806450378,0.3913669064748202,Normal,0.0,0.0,Jul,0.06581371202733027,0.1466325660699062,0.0213903743315508,0.09882005899705015,0.08688656476267097,0.07072814521176717,0.05685692290773123,0.07023567452248407,0.06358687433842432,0.060254924681344156,0.05190082644628099,0.08163265306122448,0.10974729241877257
Telangana,0.3333333333333144,0.05026922499874974,0.09530231512699483,0.017001545595054124,0.048856628490443185,0.41582733812949635,Deficient,0.0,1.0,Jul,0.05576581706132566,0.061381074168797956,0.0,0.09292035398230088,0.002011263073209976,0.07218860838723139,0.052128010557571755,0.06023534117803927,0.04948586118251927,0.05236439883021576,0.043057851239669424,0.10845481049562683,0.15740072202166067
Telangana,0.44444444444442865,0.06269691766549419,0.09530231512699483,0.2596599690880989,0.06490596391772321,0.49064748201438846,Normal,0.0,0.0,Jul,0.06772281207087115,0.12446717817561807,0.15966386554621848,0.07743362831858407,0.07119871279163315,0.04715209680784478,0.05795666996590784,0.07213573785792858,0.0734159987902616,0.07118026816752193,0.0628099173553719,0.05451895043731778,0.12490974729241879
Telangana,0.5555555555555429,0.09559571240435427,0.09530231512699483,0.9010819165378671,0.09552993450032558,0.4546762589928057,Excess,0.14285714285714285,0.0,Jul,0.09686170747228455,0.2361466325660699,0.17876241405653168,0.13200589970501472,0.03097345132743363,0.07344043396620072,0.10821511052457937,0.10113670455681854,0.09273400877060335,0.09209292059813498,0.10611570247933884,0.0489795918367347,0.0
Telangana,0.6666666666666572,0.07441612349342358,0.09530231512699483,0.48840803709428127,0.07452024361282417,0.4532374100719425,Normal,0.0,0.0,Jul,0.0723783367384533,0.06479113384484228,0.2245989304812834,0.0,0.0,0.08011683705403715,0.07142857142857144,0.07676922564085469,0.08271586269469226,0.08475417977156101,0.07338842975206611,0.0892128279883382,0.07220216606498195
Telangana,0.7777777777777715,0.08216780302398854,0.09530231512699483,0.6398763523956723,0.08473780978281688,0.49064748201438846,Normal,0.2857142857142857,0.0,Jul,0.07994775094617677,0.005115089514066497,0.10847975553857905,0.21902654867256635,0.08286403861625101,0.1222616315460046,0.08473551083250853,0.08430281009366977,0.08895357628912746,0.09126524306130332,0.09950413223140496,0.06093294460641399,0.07581227436823106
Telangana,0.8888888888888857,0.05066931168419825,0.09530231512699483,0.02472952086553326,0.05227525184816333,0.48201438848920874,Deficient,0.0,1.0,Aug,0.049201192350202635,0.10741687979539642,0.0,0.1799410029498525,0.12791633145615447,0.0913832672647611,0.052128010557571755,0.048334944498149936,0.061810071072130636,0.05468189593334437,0.07165289256198347,0.11341107871720116,0.15090252707581228
Telangana,1.0,0.0645723240035341,0.09530231512699483,0.2952086553323029,0.06696479871298885,0.4935251798561151,Normal,0.0,0.0,Jul,0.06688548749037077,0.03324808184143223,0.17188693659281892,0.008112094395280236,0.014883346741753822,0.07531817233465471,0.07835697789508414,0.07130237674589152,0.07027823983063662,0.06119295922308669,0.07380165289256198,0.13119533527696792,0.0
Tamil Nadu,0.0,0.08024238585026755,0.10069678579456057,0.5208655332302936,0.08561879955567474,0.530935251798561,Normal,0.0,0.0,Jul,0.08416786683189872,0.216538789428815,0.15278838808250572,0.13421828908554573,0.11584875301689462,0.07469225954517004,0.07973166171780491,0.0885029500983366,0.08955844548616361,0.09374827567179828,0.09917355371900827,0.09183673469387756,0.07509025270758123
Tamil Nadu,0.11111111111111427,0.09538733392234984,0.10069678579456057,0.8021638330757341,0.09254223005324244,0.4201438848920864,Excess,0.7142857142857142,0.0,Jul,0.08979468801286129,0.15515771526001707,0.15431627196333078,0.17699115044247787,0.16049879324215607,0.0880450657208429,0.09650280435499836,0.09410313677122568,0.10116437320429457,0.09043756552447167,0.09942148760330578,0.11137026239067056,0.025992779783393503
Tamil Nadu,0.22222222222220012,0.09873805991298115,0.10069678579456057,0.8639876352395672,0.10283640402957063,0.5050359712230215,Excess,0.21428571428571427,0.0,Jul,0.09552198814348394,0.022165387894288152,0.0,0.03466076696165192,0.10699919549477073,0.09034007928228667,0.10975475640602662,0.09980332677755924,0.11035082413428096,0.1030734425867682,0.11520661157024793,0.07434402332361516,0.06498194945848376
Tamil Nadu,0.3333333333333144,0.08668544851384466,0.10069678579456057,0.6398763523956723,0.08469950587964915,0.42733812949640293,Normal,0.3571428571428571,0.0,Jul,0.08567505107679942,0.17220801364023872,0.23071046600458364,0.08702064896755163,0.061142397425583264,0.11746296682662216,0.085560321126141,0.09000300010000332,0.08490851353394828,0.0815538266291453,0.10719008264462809,0.13644314868804663,0.1371841155234657
Tamil Nadu,0.44444444444442865,0.055370330238218274,0.10069678579456057,0.0587326120556414,0.05878691538667791,0.5179856115107915,Deficient,0.0,1.0,Jul,0.05687108550758616,0.20460358056265987,0.03896103896103895,0.0,0.0,0.03505111621114125,0.06917408995930936,0.06133537784592819,0.06029789807954029,0.0643933123655024,0.05876033057851239,0.0912536443148688,0.0
Tamil Nadu,0.5555555555555429,0.08282627902712254,0.10069678579456057,0.5687789799072642,0.08265024706017544,0.45035971223021587,Normal,0.0,0.0,Jul,0.08902434939880095,0.0,0.0,0.03171091445427728,0.02011263073209976,0.055080325474650534,0.08264599142197296,0.0933364445481516,0.08252684107061847,0.07758097445235336,0.09677685950413223,0.1291545189504373,0.03249097472924188
Tamil Nadu,0.6666666666666572,0.07734175738076583,0.10069678579456057,0.4667697063369397,0.07880070479181829,0.47482014388489224,Normal,0.0,0.0,Jul,0.08289513346953814,0.13640238704177324,0.0,0.20648967551622419,0.1427996781979083,0.06342582933444607,0.07071373584075663,0.08723624120804026,0.08195977619839709,0.08365060972245214,0.0887603305785124,0.10087463556851312,0.20072202166064984
Tamil Nadu,0.7777777777777715,0.10327237568139763,0.10069678579456057,0.9489953632148377,0.10676255410426325,0.49640287769784175,Excess,0.9285714285714285,0.0,Jul,0.10731151823692936,0.236999147485081,0.14209320091673033,0.1851032448377581,0.13395012067578438,0.11558522845816817,0.0988672605300781,0.11153705123504115,0.11269469227279601,0.11129503945262925,0.11892561983471074,0.13236151603498542,0.010108303249097473
Tamil Nadu,0.8888888888888857,0.05597046026639105,0.10069678579456057,0.06955177743431218,0.05594285057647375,0.4474820143884892,Deficient,0.0,1.0,Jul,0.060253876812807715,0.0,0.0,0.0,0.08930008045052293,0.026288337158355938,0.05625206202573408,0.06470215673855793,0.053417510963254186,0.06847652154720521,0.05421487603305784,0.02040816326530612,0.1104693140794224
Tamil Nadu,1.0,0.08622701585343491,0.10069678579456057,0.6321483771251932,0.09020569196001074,0.5079136690647483,Normal,1.0,0.0,Jul,0.09012961784506145,0.22335890878090367,0.15660809778456836,0.1710914454277286,0.053901850362027354,0.06551220529939496,0.0956779940613659,0.09443648121604051,0.09825344019355814,0.08966506649009547,0.0871900826446281,0.1291545189504373,0.03393501805054152
Kerala,0.0,0.26034807541634014,0.3256911665542819,0.5641421947449768,0.25845558662427703,0.4517985611510791,Normal,0.0,0.0,Jul,0.26091033928392,0.18329070758738278,0.2994652406417112,0.30678466076696165,0.21480289621882542,0.25641560609221786,0.26322445837457387,0.2644088136271209,0.2628912747618327,0.2600562820725046,0.2509090909090909,0.22740524781341107,0.3631768953068592
Kerala,0.11111111111111427,0.3067164552319669,0.3256911665542819,0.8516228748068007,0.30374037614432914,0.45035971223021587,Excess,0.5,0.0,Jul,0.30207321566131895,0.27024722932651324,0.42627960275019094,0.3289085545722714,0.29887369267900243,0.3125391195493428,0.29918618717694934,0.3053768458948632,0.31237713594435196,0.31170336037079954,0.3005785123966942,0.38017492711370265,0.3523465703971119
Kerala,0.22222222222220012,0.18385650224215247,0.3256911665542819,0.09119010819165374,0.18263301030374998,0.4517985611510791,Deficient,0.0,0.0,Jul,0.17895300934454234,0.19266837169650472,0.03896103896103895,0.18289085545722714,0.17377312952534194,0.222407677863551,0.18349279665676896,0.1828394279809327,0.18282171480417356,0.1942835071456161,0.1921487603305785,0.15276967930029153,0.04404332129963899
Kerala,0.3333333333333144,0.2829613082834614,0.3256911665542819,0.704791344667697,0.2874516413222508,0.4805755395683453,Normal,0.42857142857142855,0.0,Jul,0.2819774257293097,0.15004262574595056,0.3628724216959511,0.3163716814159292,0.21158487530168948,0.2547465053202587,0.29555702188496646,0.2853761792059735,0.28515802207772567,0.2938255255752359,0.3013223140495868,0.3597667638483965,0.3234657039711191
Kerala,0.44444444444442865,0.2841365629219664,0.3256911665542819,0.7109737248840804,0.28446393687516763,0.46330935251798566,Normal,0.5,0.0,Jul,0.2815420169474495,0.29070758738277924,0.22841864018334604,0.31710914454277284,0.23974255832662913,0.27623617775923226,0.28455955130320026,0.28494283142771426,0.2868592166943898,0.28968713789107764,0.29561983471074377,0.3355685131195335,0.3444043321299639
Kerala,0.5555555555555429,0.2902878957107373,0.3256911665542819,0.749613601236476,0.28987436319760984,0.460431654676259,Normal,0.7857142857142857,0.0,Jul,0.2972167330944167,0.3316283034953112,0.41252864782276544,0.22492625368731564,0.251407884151247,0.3273523889004799,0.2860442098317387,0.3005433514450482,0.2870482383184636,0.3045853335540474,0.2786776859504132,0.3565597667638484,0.2649819494584838
Kerala,0.6666666666666572,0.31841899078133595,0.3256911665542819,0.9227202472952086,0.32142720343202974,0.4733812949640288,Excess,0.5714285714285714,0.0,Jul,0.3259202197139699,0.247229326513214,0.3567608861726509,0.16150442477876104,0.2594529364440869,0.30127268933861884,0.31540745628505445,0.3291109703656788,0.3254952366550733,0.31959388622192797,0.32950413223140496,0.3889212827988338,0.41371841155234657
Kerala,0.7777777777777715,0.23315051594512146,0.3256911665542819,0.3956723338485317,0.2303213697475773,0.446043165467626,Normal,0.0,0.0,Jul,0.23049871052014606,0.11082693947144076,0.16883116883116883,0.11430678466076696,0.25462590506838295,0.2301272689338619,0.22962718574727817,0.23414113803793457,0.23533192197187355,0.23219113833250568,0.23561983471074383,0.19650145772594754,0.14368231046931407
Kerala,0.8888888888888857,0.23586777135045928,0.3256911665542819,0.4126738794435858,0.2380300302600835,0.4719424460431656,Normal,0.0,0.0,Jul,0.23743175804668926,0.2821824381926684,0.15202444614209318,0.10545722713864307,0.16532582461786002,0.2789484665136658,0.23639063015506434,0.2410413680456015,0.2464841977922274,0.23097721127848592,0.2523140495867769,0.2597667638483965,0.11263537906137185
Kerala,1.0,0.23586777135045928,0.3256911665542819,0.4126738794435858,0.2342666717738538,0.4532374100719425,Normal,0.0,0.0,Jul,0.2407810563686908,0.3418584825234442,0.21543162719633305,0.35693215339233036,0.21359613837489946,0.26309200918005426,0.23589574397888488,0.2443748124937498,0.24119159231816117,0.23053578325884239,0.22454545454545452,0.2110787172011662,0.06931407942238267
Karnataka,0.0,0.07189891143081001,0.12879298718813215,0.07573415765069547,0.07198261002796186,0.4532374100719425,Deficient,0.0,1.0,Jul,0.07509126837927455,0.14492753623188406,0.08174178762414055,0.14233038348082597,0.14159292035398233,0.08512413936991446,0.08099637083470804,0.07946931564385479,0.0747013458339634,0.07167687468962093,0.06752066115702479,0.05276967930029155,0.0021660649819494585
Karnataka,0.11111111111111427,0.0808175104605998,0.12879298718813215,0.20865533230293665,0.08326310951085916,0.48920863309352525,Normal,0.0,0.0,Jul,0.08028268077837693,0.2173913043478261,0.15813598166539342,0.0,0.04666130329847144,0.04715209680784478,0.08479049818541735,0.0846361545384846,0.09042794495690307,0.08199525464878883,0.09652892561983471,0.1457725947521866,0.0
Karnataka,0.22222222222220012,0.1203427409272009,0.12879298718813215,0.7959814528593508,0.1265369441146053,0.5179856115107915,Excess,0.21428571428571427,0.0,Jul,0.12569916602471784,0.16027280477408357,0.11000763941940411,0.08849557522123894,0.167739340305712,0.13811808887961613,0.1306499505113824,0.12983766125537516,0.12664448812944198,0.13607018705512333,0.12884297520661156,0.14839650145772595,0.12563176895306857
Karnataka,0.3333333333333144,0.12794438795072266,0.12879298718813215,0.9088098918083463,0.13207185812234268,0.49640287769784175,Excess,0.14285714285714285,0.0,Jul,0.13393843989684162,0.08525149190110827,0.12681436210847977,0.20206489675516223,0.11263073209975866,0.14437721677446277,0.13944792697679534,0.1380379345978199,0.1270981400272191,0.14241571483749935,0.13256198347107437,0.11224489795918367,0.10397111913357401
Karnataka,0.44444444444442865,0.10878190274559488,0.12879298718813215,0.624420401854714,0.1088884207300724,0.45755395683453237,Normal,0.21428571428571427,0.0,Jul,0.10982349197843051,0.06564364876385337,0.0160427807486631,0.12536873156342182,0.08527755430410298,0.11808887961610684,0.11162432640492688,0.11403713457115235,0.11182519280205655,0.11835788776692602,0.10322314049586777,0.1434402332361516,0.07364620938628158
Karnataka,0.5555555555555429,0.10164702352176304,0.12879298718813215,0.517774343122102,0.09981997165511168,0.43453237410071943,Normal,0.0,0.0,Jul,0.09525404427772381,0.2710997442455243,0.12987012987012986,0.014011799410029498,0.15567176186645215,0.09493010640517421,0.10205652699879028,0.09953665122170736,0.10694843490095267,0.10765325829057,0.10198347107438016,0.1588921282798834,0.0
Karnataka,0.6666666666666572,0.08912764432293664,0.12879298718813215,0.3323029366306028,0.08604014249051979,0.41438848920863314,Normal,0.0,0.0,Jul,0.08728271427136014,0.03665814151747655,0.0,0.07890855457227137,0.12188254223652455,0.09618193198414356,0.08550533377323216,0.09160305343511448,0.08619386057765008,0.10257683606466922,0.08057851239669421,0.11107871720116619,0.22310469314079423
Karnataka,0.7777777777777715,0.10308900261723374,0.12879298718813215,0.5394126738794436,0.10147661546711612,0.4374100719424461,Normal,0.0,0.0,Jul,0.0982349197843052,0.25660699062233594,0.019098548510313215,0.1733038348082596,0.11021721641190668,0.1276862090548717,0.09721763994281317,0.10250341678055934,0.10210948132466353,0.11245378800419358,0.11958677685950413,0.14373177842565596,0.0
Karnataka,0.8888888888888857,0.12544384616666943,0.12879298718813215,0.8717156105100463,0.12530164323744591,0.45611510791366916,Excess,0.7142857142857142,0.0,Jul,0.1299862678768798,0.0843989769820972,0.08938120702826584,0.0,0.16492357200321803,0.10515334863342375,0.13037501374683824,0.13410447014900495,0.12373355511870557,0.1313248358439552,0.12148760330578512,0.119533527696793,0.10613718411552346
Karnataka,1.0,0.12016770300231716,0.12879298718813215,0.7928902627511591,0.11845482054621367,0.4402877697841727,Excess,0.9285714285714285,0.0,Jul,0.11511538332719295,0.1287297527706735,0.0,0.1224188790560472,0.1355591311343524,0.14688086793240143,0.12223688551633126,0.11930397679922662,0.12142749130500527,0.12227556144126249,0.1299173553719008,0.14052478134110788,0.06787003610108304
Goa,0.0,0.21753880007334922,0.3180489997752304,0.3323029366306028,0.2188110468456736,0.4676258992805755,Normal,0.0,0.0,Jul,0.21241249958133773,0.3768115942028986,0.05423987776928953,0.11651917404129794,0.19428801287208367,0.2228249530565408,0.22781260310128673,0.2161405380179339,0.22648570996521997,0.21216134194117972,0.23297520661157023,0.18221574344023322,0.05415162454873646
Goa,0.11111111111111427,0.2757764182239485,0.3180489997752304,0.7001545595054096,0.28117937717853453,0.4863309352517986,Normal,0.9285714285714285,0.0,Jul,0.2763171115651271,0.45780051150895146,0.37967914438502676,0.2713864306784661,0.33909895414320196,0.2407677863551012,0.28818871659518314,0.27974265808860294,0.28334341448661726,0.28687303426585004,0.2866115702479339,0.29970845481049563,0.2375451263537906
Goa,0.22222222222220012,0.2872955807091536,0.3180489997752304,0.7727975270479135,0.28511510322901906,0.4517985611510791,Excess,0.07142857142857142,0.0,Jul,0.28947985397059317,0.19352088661551578,0.21466768525592053,0.23746312684365783,0.2843925985518906,0.2722720634258294,0.2806554492466733,0.2928430947698257,0.2882579767125359,0.29305302654085974,0.2794214876033058,0.30553935860058307,0.26353790613718414
Goa,0.3333333333333144,0.22371513827996065,0.3180489997752304,0.37094281298299847,0.21799708890335928,0.43021582733812935,Normal,0.0,0.0,Jul,0.2193120541246609,0.21909633418584826,0.22536287242169595,0.21755162241887904,0.17377312952534194,0.24535781347798874,0.2171450566369735,0.22300743358111935,0.22047482231967333,0.21966561827512004,0.2268595041322314,0.2533527696793003,0.28375451263537904
Goa,0.44444444444442865,0.18200610132195308,0.3180489997752304,0.10664605873261201,0.18191481211935498,0.4589928057553956,Deficient,0.0,0.0,Jul,0.1806276585055431,0.3120204603580563,0.24751718869365924,0.13938053097345132,0.251005631536605,0.22929271854788236,0.17848894754206535,0.18450615020500682,0.19283986088008462,0.19157976052529935,0.1714876033057851,0.23002915451895045,0.2577617328519856
Goa,0.5555555555555429,0.2842782602897294,0.3180489997752304,0.7542503863987635,0.28667598728310417,0.4719424460431656,Normal,0.9285714285714285,0.0,Jul,0.2825133134608299,0.3989769820971867,0.3651642475171886,0.1644542772861357,0.23773129525341916,0.3018986021281035,0.29511712306169585,0.28590953031767724,0.2897701497051262,0.29228052750648353,0.286198347107438,0.3294460641399417,0.3667870036101083
Goa,0.6666666666666572,0.21293780319069133,0.3180489997752304,0.3029366306027821,0.2161010456965565,0.4791366906474821,Normal,0.0,0.0,Jul,0.21877616639314065,0.30861040068201195,0.20168067226890754,0.11504424778761062,0.27554304102976673,0.20947214688086796,0.21654019575497638,0.2224740824694156,0.21915167095115676,0.208960988798764,0.2316528925619835,0.2446064139941691,0.14223826714801444
Goa,0.7777777777777715,0.18718222281494326,0.3180489997752304,0.14064914992272026,0.1840502547209561,0.4402877697841727,Deficient,0.0,0.0,Jul,0.18491476035770507,0.29752770673486784,0.21390374331550802,0.18067846607669616,0.24979887369267903,0.21760901314416858,0.18239304959859234,0.1887729590986366,0.18777408135490695,0.19720796777575456,0.17611570247933883,0.2107871720116618,0.24332129963898919
Goa,0.8888888888888857,0.3043326053978362,0.3180489997752304,0.8809891808346213,0.30423832688550967,0.46187050359712223,Excess,0.21428571428571427,0.0,Jul,0.3091067421375222,0.26342710997442453,0.3827349121466768,0.16002949852507373,0.35518905872888173,0.27957437930315043,0.30375013746838225,0.3123770792359745,0.3031528806895508,0.3022126579484633,0.3150413223140496,0.35131195335276966,0.3097472924187726
Goa,1.0,0.254888559187824,0.3180489997752304,0.5687789799072642,0.2554678821771939,0.4647482014388489,Normal,0.0,0.0,Jul,0.25444619352245706,0.340153452685422,0.2696715049656226,0.3274336283185841,0.3258246178600161,0.24807010223242232,0.25107225338172223,0.2579752658421947,0.25589747467110235,0.261601280141257,0.27231404958677685,0.23177842565597667,0.1104693140794224
Maharashtra,0.0,0.07899211495824095,0.12081366599235782,0.25656877897990726,0.07744091622936379,0.43021582733812935,Normal,0.0,0.0,Jul,0.08078507552667716,0.1636828644501279,0.10618792971734148,0.0,0.14923572003218022,0.10932610056332151,0.07252831848674805,0.08513617120570684,0.08770603357024043,0.08160900513160074,0.07,0.039941690962099125,0.0
Maharashtra,0.11111111111111427,0.11625852267991399,0.12081366599235782,0.8438948995363216,0.1163289539204045,0.45755395683453237,Excess,0.7142857142857142,0.0,Jul,0.11394312891449242,0.26513213981244677,0.0,0.030235988200589967,0.06436041834271923,0.09618193198414356,0.1272957219839437,0.11813727124237473,0.11794949342204747,0.11537824863433208,0.12479338842975206,0.1142857142857143,0.17617328519855596
Maharashtra,0.22222222222220012,0.1138580025672229,0.12081366599235782,0.8068006182380216,0.11314015398169075,0.44892086330935266,Excess,0.5714285714285714,0.0,Jul,0.11173259202197139,0.0,0.058823529411764705,0.07595870206489676,0.12188254223652455,0.15501773419570208,0.1141537446387331,0.11593719790659686,0.12199455617722665,0.11797163824973791,0.10975206611570248,0.12011661807580176,0.0
Maharashtra,0.3333333333333144,0.09949655758747729,0.12081366599235782,0.5795981452859351,0.09983912360669553,0.4589928057553956,Normal,0.0,0.0,Jul,0.09552198814348394,0.0,0.0,0.037610619469026545,0.14682220434432824,0.08700187773836847,0.09716265258990432,0.09980332677755924,0.10430213216391955,0.11526789162942119,0.10322314049586777,0.11749271137026238,0.1956678700361011
Maharashtra,0.44444444444442865,0.09678763732141964,0.12081366599235782,0.5378670788253478,0.09802926418202017,0.47050359712230216,Normal,0.0,0.0,Jul,0.09461767759654353,0.0,0.03284950343773873,0.03466076696165192,0.08286403861625101,0.09680784477362821,0.1072253381722204,0.09890329677655921,0.1008619386057765,0.1048391546653424,0.09785123966942148,0.14723032069970846,0.11407942238267149
Maharashtra,0.5555555555555429,0.08141764048877258,0.12081366599235782,0.2952086553323029,0.08039989274907114,0.4388489208633095,Normal,0.0,0.0,Jul,0.0758616069933349,0.1628303495311168,0.08861726508785331,0.08775811209439528,0.08125502815768303,0.08721051533486335,0.0912240184757506,0.08023600786692889,0.0835097535158022,0.07741543894498705,0.09504132231404959,0.06530612244897958,0.19061371841155234
Maharashtra,0.6666666666666572,0.09624585326820811,0.12081366599235782,0.5285935085007728,0.09550120657294979,0.446043165467626,Normal,0.0,0.0,Jul,0.09277556351944267,0.2071611253196931,0.23987776928953397,0.19100294985250735,0.15768302493966213,0.09472146880867932,0.10123171670515782,0.09706990233007766,0.09621200665356115,0.10163880152292668,0.10454545454545454,0.08862973760932943,0.10830324909747292
Maharashtra,0.7777777777777715,0.11925917282077783,0.12081366599235782,0.8918083462132921,0.12294595319263035,0.4935251798561151,Excess,0.7142857142857142,0.0,Jul,0.1253977291757377,0.14748508098891733,0.1825821237585943,0.20058997050147492,0.1995172968624296,0.13394533694971836,0.1296051908061146,0.12953765125504182,0.13050052926054737,0.11648181868344093,0.12107438016528925,0.1107871720116618,0.0
Maharashtra,0.8888888888888857,0.06811475819760948,0.12081366599235782,0.0865533230293663,0.06964607193473016,0.4776978417266189,Deficient,0.0,0.0,Jul,0.07207689988947315,0.0,0.0,0.0,0.08487530168946099,0.06759858126434384,0.08088639612889036,0.07646921564052134,0.07035384848026614,0.06831098603983889,0.06950413223140495,0.08833819241982507,0.0
Maharashtra,1.0,0.10246386717122044,0.12081366599235782,0.6275115919629057,0.10575707664611025,0.4935251798561151,Normal,0.21428571428571427,0.0,Jul,0.09753156713668487,0.08013640238704178,0.11535523300229182,0.07743362831858407,0.07160096540627514,0.1460463175464219,0.11206422522819753,0.1018033934464482,0.11258127929835172,0.10743254428074822,0.12057851239669422,0.14868804664723032,0.07220216606498195
Gujarat,0.0,0.06563088669211663,0.08204090806922903,0.5146831530139103,0.06770214884896772,0.4863309352517986,Normal,0.0,0.0,Aug,0.062062497906688545,0.15601023017902815,0.12605042016806722,0.03466076696165192,0.023732904263877717,0.08387231379094515,0.06807434290113275,0.06486882896096535,0.07632693180099803,0.07537383435413562,0.07710743801652892,0.11282798833819242,0.07075812274368232
Gujarat,0.11111111111111427,0.07927550969376698,0.08204090806922903,0.8191653786707882,0.076263071206956,0.40863309352517985,Excess,0.3571428571428571,0.0,Jul,0.07422045081555415,0.08695652173913043,0.0,0.0471976401179941,0.08205953338696702,0.10369288545795954,0.07461783789728363,0.07860262008733623,0.0802963859065477,0.07951222203829389,0.09223140495867768,0.06034985422740524,0.11263537906137185
Gujarat,0.22222222222220012,0.05043592778435328,0.08204090806922903,0.17619783616692425,0.048693836901980314,0.40863309352517985,Normal,0.0,0.0,Jul,0.0532538433198245,0.19863597612958228,0.026737967914438502,0.015486725663716814,0.057522123893805316,0.018777383684539954,0.047399098207412296,0.05773525784192807,0.04880538333585362,0.058323677095403634,0.047520661157024795,0.04635568513119533,0.0
Gujarat,0.3333333333333144,0.05856268858252622,0.08204090806922903,0.357032457496136,0.058145325008618395,0.4402877697841727,Normal,0.0,0.0,Jul,0.061359145259068236,0.14066496163682865,0.0,0.07669616519174041,0.0583266291230893,0.07823909868558315,0.07241834378093039,0.06580219340644687,0.05889913806139421,0.05379903989405728,0.05619834710743801,0.07871720116618075,0.0
Gujarat,0.44444444444442865,0.0649057295747412,0.08204090806922903,0.49922720247295205,0.06606465698854713,0.47050359712230216,Normal,0.0,0.0,Jul,0.06454097866496969,0.10571184995737426,0.014514896867838042,0.14233038348082597,0.005229283990345938,0.03546839140413103,0.07412295172110415,0.06896896563218773,0.07239528202026312,0.06897312806930421,0.061900826446281,0.11166180758017492,0.148014440433213
Gujarat,0.5555555555555429,0.07384933402237152,0.08204090806922903,0.6986089644513137,0.0737254376220937,0.45035971223021587,Normal,0.3571428571428571,0.0,Jul,0.07961282111397662,0.004262574595055414,0.10084033613445377,0.029498525073746312,0.011263073209975865,0.11475067807218861,0.06994391290003299,0.08396946564885495,0.07765008316951459,0.07233901671908624,0.08057851239669421,0.1274052478134111,0.13646209386281588
Gujarat,0.6666666666666572,0.07674996249187324,0.08204090806922903,0.7619783616692426,0.07581300034473515,0.4388489208633095,Normal,0.42857142857142855,0.0,Jul,0.07050272967813244,0.16112531969309463,0.11764705882352941,0.21533923303834807,0.14481094127111827,0.0951387440016691,0.08506543494996151,0.07490249674989165,0.08392560108876454,0.07211830270926448,0.0849586776859504,0.14518950437317782,0.08808664259927798
Gujarat,0.7777777777777715,0.0838014903229033,0.08204090806922903,0.9196290571870169,0.0882043130194967,0.5151079136690648,Excess,0.5714285714285714,0.0,Jul,0.0832300633017383,0.0,0.14285714285714285,0.01991150442477876,0.15486725663716816,0.1291466722303359,0.09754756406026616,0.08756958565285508,0.09386813851504612,0.09678309330684766,0.08305785123966943,0.1326530612244898,0.0
Gujarat,0.8888888888888857,0.05290312901128577,0.08204090806922903,0.23183925811437403,0.05190178879227794,0.4258992805755395,Normal,0.0,0.0,Jul,0.05007200991392304,0.0,0.0,0.10988200589970501,0.03097345132743363,0.07782182349259337,0.047619047619047616,0.054568485616187205,0.05818085588991379,0.06488991888760139,0.05239669421487603,0.07638483965014577,0.1624548736462094
Gujarat,1.0,0.07029856468901595,0.08204090806922903,0.6182380216383307,0.07537250545830622,0.5352517985611511,Normal,0.3571428571428571,0.0,Jul,0.07589509997655491,0.0,0.0,0.17699115044247787,0.0,0.10765699979136241,0.07505773672055428,0.08026934231141036,0.07946469076062301,0.08674060585995697,0.07074380165289255,0.11137026239067056,0.03754512635379061
Rajasthan,0.0,0.02038775067931385,0.02371319397617442,0.482225656877898,0.019391350978664727,0.3784172661870504,Normal,0.0,0.0,Jul,0.023009679472150588,0.0545609548167093,0.0,0.0,0.0,0.012726893386188192,0.02551413174969757,0.02763425447514917,0.017616815363677603,0.025492468134414834,0.019504132231404958,0.06880466472303207,0.0851985559566787
Rajasthan,0.11111111111111427,0.022246486738793404,0.02371319397617442,0.5919629057187017,0.023930363504041062,0.5021582733812948,Normal,0.0,0.0,Jul,0.027866162039052823,0.0,0.15126050420168066,0.0,0.0,0.01919465887752973,0.01858572528318487,0.032467748924964165,0.03149100257069408,0.022733543011642668,0.030909090909090907,0.08600583090379009,0.13574007220216608
Rajasthan,0.22222222222220012,0.022438194942237484,0.02371319397617442,0.6027820710973725,0.0216034013866013,0.3913669064748202,Normal,0.0,0.0,Aug,0.022942693505710553,0.16709292412617222,0.17570664629488159,0.09660766961651918,0.0,0.020237846860004172,0.03447707027383702,0.023000766692223073,0.03217148041735974,0.019864260883959612,0.013223140495867768,0.016326530612244896,0.0
Rajasthan,0.3333333333333144,0.028489506059646254,0.02371319397617442,0.9613601236476044,0.028890718964262457,0.44892086330935266,Excess,0.21428571428571427,0.0,Jul,0.028368556787353054,0.1466325660699062,0.12375859434682962,0.06858407079646019,0.0,0.036094304193615694,0.03519190586165182,0.03296776559218641,0.029600786329956143,0.03459692103956299,0.033884297520661154,0.09416909620991253,0.1444043321299639
Rajasthan,0.44444444444442865,0.016061813392901796,0.02371319397617442,0.22565687789799072,0.019247711341785732,0.5985611510791367,Normal,0.0,0.0,Jul,0.012392403791405701,0.0,0.03132161955691367,0.0471976401179941,0.034191472244569594,0.0,0.029033322335862755,0.01706723557451915,0.015197338575533037,0.030513711857860178,0.03694214876033058,0.06530612244897958,0.10830324909747292
Rajasthan,0.5555555555555429,0.023363395402337173,0.02371319397617442,0.6584234930448223,0.023058949706975147,0.4172661870503598,Normal,0.5714285714285714,0.0,Jul,0.022808721572830495,0.04774083546462063,0.0,0.0,0.008045052292839904,0.009388691842269977,0.03288243703948092,0.027434247808260277,0.02177529109330107,0.023009435523919885,0.03520661157024793,0.0,0.12707581227436823
Rajasthan,0.6666666666666572,0.027222564889059293,0.02371319397617442,0.8871715610510046,0.030853794001608766,0.5712230215827339,Excess,0.9285714285714285,0.0,Jul,0.029875741032253746,0.0392156862745098,0.15431627196333078,0.05014749262536873,0.0583266291230893,0.036928854579595244,0.03981084350599363,0.034467815593853125,0.032284893391804015,0.041107984329305305,0.024545454545454544,0.0,0.0
Rajasthan,0.7777777777777715,0.026447396936002798,0.02371319397617442,0.8408037094281298,0.028162944804075538,0.4992805755395684,Excess,0.14285714285714285,0.0,Jul,0.030947516495294237,0.10059676044330777,0.08479755538579067,0.06342182890855456,0.07200321802091714,0.0039641143334028794,0.03937094468272297,0.03553451781726057,0.024043550582186594,0.03939745075318656,0.019917355371900827,0.014868804664723031,0.09819494584837546
Rajasthan,0.8888888888888857,0.026122326504075883,0.02371319397617442,0.8222565687789799,0.02905351055272532,0.5467625899280577,Excess,1.0,0.0,Jul,0.027430753257192624,0.14578005115089515,0.0320855614973262,0.0,0.0,0.04193615689547257,0.041295502034532056,0.03203440114670489,0.027219113866626336,0.03487281355184021,0.03322314049586777,0.06647230320699708,0.0
Rajasthan,1.0,0.0125610548952273,0.02371319397617442,0.018547140649149918,0.014727850767993262,0.5553956834532374,Deficient,0.0,1.0,Aug,0.013430686271226178,0.0,0.12070282658517953,0.0,0.0,0.03984978093052369,0.023644561750797318,0.012367078902630087,0.021435052169968244,0.028306571759642445,0.007355371900826447,0.05102040816326531,0.07653429602888087
Madhya Pradesh,0.0,0.07942554220081018,0.102832097100472,0.4760432766615147,0.0788294327191941,0.4446043165467626,Normal,0.0,0.0,Jul,0.08115349834209734,0.0,0.0,0.17920353982300885,0.16130329847144007,0.10014604631754642,0.08226107995161114,0.08550285009500316,0.08547557840616966,0.08227114716106605,0.07033057851239669,0.1271137026239067,0.03682310469314079
Madhya Pradesh,0.11111111111111427,0.09844633003817495,0.102832097100472,0.8222565687789799,0.09965718006664881,0.47050359712230216,Excess,0.2857142857142857,0.0,Jul,0.10305790936798741,0.022165387894288152,0.0,0.0,0.09573612228479486,0.14166492802002922,0.09353348729792148,0.10730357678589285,0.1034326326931801,0.11090878993544116,0.09694214876033057,0.14927113702623906,0.16895306859205775
Madhya Pradesh,0.22222222222220012,0.08939436877990231,0.102832097100472,0.6568778979907264,0.09101007392653312,0.47625899280575545,Normal,0.14285714285714285,0.0,Jul,0.09106742137522189,0.020460358056265986,0.22536287242169595,0.0,0.08125502815768303,0.13248487377425414,0.09155394259320357,0.09536984566152203,0.09243157417208528,0.08977542349500635,0.11057851239669422,0.08950437317784256,0.19638989169675092
Madhya Pradesh,0.3333333333333144,0.06507243236034474,0.102832097100472,0.2148377125193199,0.06997165511165589,0.5366906474820143,Normal,0.0,0.0,Aug,0.061158187359748144,0.0,0.11153552330022917,0.024336283185840708,0.12711182622687048,0.06885040684331317,0.07951171230616959,0.06500216673889128,0.07530621503099955,0.07669811841306627,0.07942148760330578,0.11486880466472303,0.1371841155234657
Madhya Pradesh,0.44444444444442865,0.08783569773450915,0.102832097100472,0.6290571870170015,0.08609759834527139,0.4316546762589928,Normal,0.42857142857142855,0.0,Jul,0.08252671065411796,0.0,0.0,0.20722713864306785,0.10941271118262269,0.11871479240559149,0.09133399318156825,0.08686956231874395,0.08676092544987145,0.09727969982894666,0.09074380165289256,0.06355685131195335,0.07870036101083033
Madhya Pradesh,0.5555555555555429,0.08539350192541717,0.102832097100472,0.5842349304482226,0.08365572451832844,0.43021582733812935,Normal,0.0,0.0,Jul,0.08376595103325853,0.014492753623188406,0.17494270435446904,0.025073746312684365,0.08085277554304104,0.05069893594825788,0.07995161112944024,0.0881029367645588,0.08970966278542264,0.09297577663742207,0.08371900826446281,0.11865889212827989,0.18339350180505415
Madhya Pradesh,0.6666666666666572,0.09629586410388918,0.102832097100472,0.7836166924265842,0.09716742636074617,0.4661870503597121,Excess,0.14285714285714285,0.0,Jul,0.09612486184144423,0.0,0.08785332314744079,0.0,0.05711987127916331,0.14312539119549342,0.09226877818101838,0.10040334677822593,0.10267654619688492,0.10605308171936213,0.10338842975206611,0.05014577259475218,0.038267148014440436
Madhya Pradesh,0.7777777777777715,0.08276793305216129,0.102832097100472,0.5363214837712519,0.08446010648485082,0.4776978417266189,Normal,0.0,0.0,Jul,0.07854104565093613,0.22165387894288152,0.0,0.17404129793510326,0.06275140788415125,0.07406634675568538,0.097272627295722,0.0829027634254475,0.09027672765764402,0.09523809523809525,0.07289256198347108,0.11311953352769678,0.2072202166064982
Madhya Pradesh,0.8888888888888857,0.06017137046360045,0.102832097100472,0.125193199381762,0.06635193626230514,0.5669064748201438,Deficient,0.0,0.0,Jul,0.06584720501055029,0.2028985507246377,0.08938120702826584,0.09292035398230088,0.08205953338696702,0.04944711036928855,0.07395798966237767,0.07026900896696556,0.06672463329804929,0.07195276720189815,0.06933884297520661,0.06763848396501457,0.10397111913357401
Madhya Pradesh,1.0,0.0838014903229033,0.102832097100472,0.5548686244204019,0.08607844639368753,0.4848920863309354,Normal,0.0,0.0,Jul,0.08661285460695983,0.12531969309462915,0.16883116883116883,0.07374631268436578,0.012872083668543846,0.06196536615898185,0.08644011877268229,0.09093636454548483,0.08982307575986692,0.09247917011532307,0.08834710743801653,0.10787172011661808,0.02815884476534296
Chhattisgarh,0.0,0.1022888292463367,0.13373791863340076,0.47295208655332305,0.10131382387865324,0.4446043165467626,Normal,0.0,0.0,Jul,0.10419667079746792,0.19437340153452687,0.21313980137509547,0.07595870206489676,0.03097345132743363,0.08011683705403715,0.0955130320026394,0.10843694789826325,0.10430213216391955,0.10848093582740165,0.10719008264462809,0.06472303206997085,0.06570397111913358
Chhattisgarh,0.11111111111111427,0.08481004217580475,0.13373791863340076,0.22102009273570325,0.08904699888918682,0.5122302158273382,Normal,0.0,0.0,Jul,0.08925880028134106,0.06479113384484228,0.0,0.18067846607669616,0.03539823008849558,0.1293553098268308,0.08693500494886176,0.09356978565952197,0.09137305307727203,0.09540363074546158,0.09892561983471074,0.09591836734693877,0.09097472924187726
Chhattisgarh,0.22222222222220012,0.10535616050144198,0.13373791863340076,0.5162287480680061,0.10837131803730803,0.48920863309352525,Normal,0.0,0.0,Jul,0.10731151823692936,0.14407502131287298,0.0,0.06784660766961652,0.1246983105390185,0.11975798038806594,0.11552842846145388,0.11153705123504115,0.11734462422501134,0.10583236770954038,0.10578512396694215,0.1032069970845481,0.08664259927797835
Chhattisgarh,0.3333333333333144,0.1278943771150416,0.13373791863340076,0.8392581143740341,0.1259911134944651,0.4402877697841727,Excess,1.0,0.0,Jul,0.12804367485011892,0.04688832054560955,0.20702826585179526,0.09070796460176991,0.14561544650040226,0.14521176716044232,0.12861541845375565,0.13217107236907896,0.13106759413276875,0.1234343099928268,0.1306611570247934,0.09358600583090379,0.08880866425992781
Chhattisgarh,0.44444444444442865,0.10540617133712304,0.13373791863340076,0.517774343122102,0.10483778297008466,0.44892086330935266,Normal,0.0,0.0,Jul,0.1074119971865894,0.06564364876385337,0.1306340718105424,0.0,0.09010458567980692,0.15063634466930942,0.10381612229187288,0.1116370545684856,0.10732647814910026,0.11670253269326271,0.09826446280991735,0.1717201166180758,0.08303249097472924
Chhattisgarh,0.5555555555555429,0.0858936102822278,0.13373791863340076,0.23647604327666152,0.08542728003983607,0.4474820143884892,Normal,0.0,0.0,Jul,0.08232575275479788,0.0,0.0,0.08702064896755163,0.06234915526950925,0.11954934279157105,0.08830968877158255,0.08666955565185505,0.09228035687282625,0.09584505876510512,0.08008264462809918,0.05772594752186589,0.0
Chhattisgarh,0.6666666666666572,0.12091786553753311,0.13373791863340076,0.740340030911901,0.11791856590186542,0.42733812949640293,Normal,0.9285714285714285,0.0,Jul,0.11692400442107378,0.18584825234441604,0.10847975553857905,0.21386430678466076,0.17176186645213196,0.13415397454621322,0.1326294952161003,0.12110403680122668,0.1195750793890821,0.12095127738233184,0.1112396694214876,0.13673469387755102,0.236101083032491
Chhattisgarh,0.7777777777777715,0.11417473785986965,0.13373791863340076,0.642967542503864,0.11406902363350828,0.45611510791366916,Normal,0.5,0.0,Jul,0.11273738151857185,0.028985507246376812,0.012223071046600458,0.0,0.05229283990345938,0.12747757145837682,0.1219619487517871,0.11693723124104134,0.11840314531982457,0.1234343099928268,0.10322314049586777,0.1055393586005831,0.24043321299638987
Chhattisgarh,0.8888888888888857,0.10120526113991364,0.13373791863340076,0.4574961360123648,0.10337265867391889,0.4805755395683453,Normal,0.0,0.0,Jul,0.10382824798204776,0.11508951406649617,0.09472880061115355,0.14380530973451328,0.04545454545454546,0.06822449405382851,0.10079181788188718,0.10807026900896695,0.10127778617873885,0.11030182640843128,0.12181818181818183,0.06501457725947522,0.14296028880866427
Chhattisgarh,1.0,0.10043842832613732,0.13373791863340076,0.44513137557959814,0.10405255295514614,0.49784172661870496,Normal,0.0,0.0,Jul,0.10027799176072612,0.23444160272804776,0.0,0.15117994100294985,0.15728077232502014,0.14375130398497812,0.10827009787748819,0.10453681789392978,0.10679721760169363,0.11383325056557966,0.10785123966942148,0.056851311953352766,0.21660649819494585
Odisha,0.0,0.13649624085218465,0.15587772533153516,0.6924265842349304,0.13837285019343473,0.47482014388489224,Normal,0.6428571428571428,0.0,Jul,0.13862745754764377,0.20630861040068202,0.04354469060351413,0.1733038348082596,0.12027353177795656,0.15522637179219698,0.13125481139337952,0.14270475682522749,0.14853319219718733,0.13154554985377698,0.1571074380165289,0.13877551020408163,0.23032490974729242
Odisha,0.11111111111111427,0.08816910330571624,0.15587772533153516,0.09119010819165374,0.09241774236794731,0.510791366906475,Deficient,0.0,0.0,Jul,0.09334494423418294,0.023870417732310314,0.0,0.1275811209439528,0.1335478680611424,0.12977258501982059,0.09072913229957111,0.09763658788626287,0.09848026614244669,0.08949953098272913,0.10553719008264463,0.08425655976676384,0.023104693140794226
Odisha,0.22222222222220012,0.13322886625435512,0.15587772533153516,0.6522411128284389,0.13265599264565062,0.4532374100719425,Normal,1.0,0.0,Jul,0.1345413135948019,0.08354646206308611,0.16730328495034374,0.1556047197640118,0.14440868865647627,0.1293553098268308,0.1377433190366216,0.1386379545984866,0.138401633146832,0.13706340009932133,0.12198347107438015,0.15626822157434403,0.024548736462093865
Odisha,0.3333333333333144,0.1308450164202244,0.15587772533153516,0.6228748068006182,0.1286436587888306,0.4374100719424461,Normal,0.5,0.0,Jul,0.12871353451451922,0.1278772378516624,0.08861726508785331,0.22861356932153393,0.1351568785197104,0.1351971625286877,0.1238865061035962,0.1328377612587086,0.13352487524572806,0.13364233294708383,0.13834710743801654,0.14752186588921282,0.14945848375451262
Odisha,0.44444444444442865,0.1464483971527164,0.15587772533153516,0.8160741885625966,0.14828398513808558,0.4733812949640288,Excess,0.14285714285714285,0.0,Jul,0.15185718591954986,0.23017902813299235,0.27883880825057294,0.0,0.09814963797264682,0.11162111412476529,0.15302980314527662,0.15587186239541315,0.14705882352941174,0.1608453346576174,0.13661157024793388,0.2107871720116618,0.08953068592057763
Odisha,0.5555555555555429,0.09428709553736643,0.15587772533153516,0.16692426584234932,0.09608534109625773,0.4776978417266189,Normal,0.0,0.0,Jul,0.08862243360016075,0.1423699914748508,0.09931245225362871,0.13864306784660768,0.16572807723250202,0.10306697266847487,0.09991202023534587,0.0929364312143738,0.10214728564947828,0.09739005683385754,0.11520661157024793,0.14285714285714285,0.09314079422382672
Odisha,0.6666666666666572,0.09081134245753246,0.15587772533153516,0.12364760432766614,0.09132608112766692,0.46187050359712223,Deficient,0.0,0.0,Jul,0.09622534079110427,0.22165387894288152,0.18029029793735676,0.0,0.06033789219629928,0.12142708116002505,0.08775981524249424,0.10050335011167039,0.0942461817631937,0.08701649837223417,0.10644628099173555,0.08688046647230321,0.09169675090252707
Odisha,0.7777777777777715,0.08992781769383366,0.15587772533153516,0.11282843894899536,0.09208258321522965,0.48201438848920874,Deficient,0.0,0.0,Jul,0.08537361422781926,0.0,0.12987012987012986,0.08923303834808259,0.10780370072405471,0.12059253077404548,0.09705267788408667,0.08970299009966998,0.09239376984727052,0.10423219113833251,0.1040495867768595,0.10728862973760932,0.012274368231046932
Odisha,0.8888888888888857,0.10523113341223932,0.15587772533153516,0.3029366306027821,0.10344926648025435,0.43597122302158287,Normal,0.0,0.0,Jul,0.1040961918478079,0.19266837169650472,0.2093200916730328,0.14896755162241887,0.15728077232502014,0.13373669935322344,0.10128670405806665,0.10833694456481882,0.10452895811280809,0.10461844065552062,0.1224793388429752,0.11370262390670553,0.10685920577617329
Odisha,1.0,0.09526230683314718,0.15587772533153516,0.17928902627511595,0.09300187689125523,0.42733812949640293,Normal,0.0,0.0,Jul,0.08919181431490103,0.0392156862745098,0.0106951871657754,0.0029498525073746312,0.11987127916331457,0.08116002503651158,0.10200153964588146,0.09350311677055902,0.09443520338726749,0.0955691662528279,0.10363636363636364,0.12682215743440234,0.07148014440433213
West Bengal,0.0,0.12450197542800939,0.1663295122499438,0.4482225656877898,0.12691998314628264,0.4805755395683453,Normal,0.0,0.0,Jul,0.12991928191043978,0.20971867007672637,0.0,0.06858407079646019,0.1773934030571199,0.13936991445858543,0.12449136698559332,0.13403780126004197,0.13314683199758048,0.12442752303702478,0.13421487603305784,0.14810495626822157,0.08447653429602887
West Bengal,0.11111111111111427,0.11774217747178556,0.1663295122499438,0.36785162287480677,0.11758340674914776,0.4546762589928057,Normal,0.0,0.0,Jul,0.119569950095455,0.0733162830349531,0.1489686783804431,0.09218289085545722,0.17296862429605794,0.13811808887961613,0.11189926316947103,0.12373745791526383,0.11881899289278693,0.12492412955912378,0.1286776859504132,0.09854227405247812,0.09458483754512635
West Bengal,0.22222222222220012,0.10260556453898344,0.1663295122499438,0.19165378670788252,0.10376527368138813,0.46906474820143873,Normal,0.0,0.0,Jul,0.10356030411628764,0.0,0.06264323911382734,0.05530973451327434,0.1846339501206758,0.1043187982474442,0.10271637523369627,0.10780359345311509,0.100937547255406,0.11802681675219336,0.1121487603305785,0.14373177842565596,0.0
West Bengal,0.3333333333333144,0.12139296847650324,0.1663295122499438,0.41112828438948995,0.12014019228559392,0.4446043165467626,Normal,0.0,0.0,Jul,0.11977090799477509,0.10400682011935208,0.21543162719633305,0.0,0.09090909090909093,0.1677446275818903,0.1244363796326845,0.12393746458215271,0.12017994858611825,0.13695304309441042,0.11041322314049586,0.16122448979591836,0.18772563176895307
West Bengal,0.44444444444442865,0.10718155600380082,0.1663295122499438,0.24420401854714066,0.1039567931972268,0.4201438848920864,Normal,0.0,0.0,Jul,0.10717754630404931,0.17391304347826086,0.0,0.028761061946902654,0.15567176186645215,0.14375130398497812,0.1132739469921918,0.11140371345711522,0.10657039165280507,0.10274237157203553,0.09958677685950414,0.08688046647230321,0.05198555956678701
West Bengal,0.5555555555555429,0.11894243752813109,0.1663295122499438,0.38330757341576505,0.1229363772168384,0.49640287769784175,Normal,0.0,0.0,Jul,0.123890544930837,0.07502131287297528,0.03514132925897631,0.11356932153392331,0.17296862429605794,0.10682244940538287,0.13229957109864732,0.1280376012533751,0.11836534099500982,0.13038680130221267,0.12636363636363637,0.13877551020408163,0.07653429602888087
West Bengal,0.6666666666666572,0.12924466967843032,0.1663295122499438,0.5038639876352395,0.12894051403838053,0.4546762589928057,Normal,0.0,0.0,Jul,0.12442643266235724,0.10315430520034101,0.1359816653934301,0.1570796460176991,0.1584875301689461,0.13811808887961613,0.13763334433080393,0.12857095236507882,0.12940420384091939,0.1413673232908459,0.12826446280991735,0.08629737609329446,0.017328519855595668
West Bengal,0.7777777777777715,0.1054561821728041,0.1663295122499438,0.2241112828438949,0.10734668862757116,0.4776978417266189,Normal,0.0,0.0,Jul,0.10677563050540913,0.27024722932651324,0.12452253628724216,0.22640117994100295,0.11987127916331457,0.10995201335280619,0.10513581876168482,0.11100370012333743,0.10456676243762286,0.11946145781603489,0.12140495867768596,0.0956268221574344,0.22743682310469315
West Bengal,0.8888888888888857,0.1570256888992615,0.1663295122499438,0.8284389489953632,0.15783123300264298,0.4647482014388489,Excess,0.42857142857142855,0.0,Jul,0.16086679840573403,0.22335890878090367,0.03361344537815126,0.137905604719764,0.1584875301689461,0.14083037763404965,0.15099527108764987,0.16483882796093202,0.15575381823680626,0.16399050929757766,0.17611570247933883,0.21486880466472302,0.07725631768953069
West Bengal,1.0,0.08631870238551687,0.1663295122499438,0.0,0.08620293407898266,0.4517985611510791,Deficient,0.0,1.0,Jul,0.08225876678835783,0.0,0.11611917494270434,0.0420353982300885,0.07079646017699116,0.09785103275610266,0.08347080171560542,0.08660288676289207,0.09069257523060638,0.09727969982894666,0.09553719008264462,0.07317784256559767,0.05992779783393502
Jharkhand,0.0,0.07509960491439813,0.12339851652056641,0.1715610510046368,0.0737254376220937,0.4316546762589928,Normal,0.0,0.0,Jul,0.07663194560739525,0.0,0.160427807486631,0.0022123893805309734,0.02654867256637168,0.09722511996661799,0.08176619377543165,0.08100270009000299,0.0756086496295176,0.07465651382221487,0.07115702479338842,0.04693877551020408,0.11552346570397112
Jharkhand,0.11111111111111427,0.11914248087085536,0.12339851652056641,0.8516228748068007,0.12004443252767458,0.4661870503597121,Excess,0.3571428571428571,0.0,Jul,0.11883310446461466,0.20460358056265987,0.20397249809014512,0.08259587020648967,0.14561544650040226,0.11308157730022951,0.12328164522159904,0.12300410013667121,0.11878118856797215,0.12177895491916349,0.13942148760330578,0.10204081632653061,0.0028880866425992783
Jharkhand,0.22222222222220012,0.06525580542450865,0.12339851652056641,0.020092735703245768,0.06793197226797411,0.49784172661870496,Deficient,0.0,1.0,Aug,0.06273235757108886,0.0,0.14514896867838042,0.0,0.07441673370876911,0.04756937200083455,0.05867150555372264,0.0659355311843728,0.07708301829729321,0.07741543894498705,0.08586776859504132,0.07346938775510203,0.0
Jharkhand,0.3333333333333144,0.09962991981596013,0.12339851652056641,0.5502318392581144,0.09967633201823269,0.45611510791366916,Normal,0.0,0.0,Jul,0.10265599356934722,0.09207161125319695,0.20168067226890754,0.0,0.1001609010458568,0.07656999791362405,0.09958209611789288,0.10690356345211506,0.10384848026614243,0.10213540804502566,0.1012396694214876,0.10612244897959183,0.17400722021660653
Jharkhand,0.44444444444442865,0.12200143364395619,0.12339851652056641,0.8964451313755796,0.1227640096525836,0.4647482014388489,Excess,0.7857142857142857,0.0,Jul,0.12653649060521824,0.28644501278772383,0.20473644003055766,0.058997050147492625,0.15366049879324217,0.12288754433548926,0.1202023534587045,0.13067102236741224,0.11953727506426734,0.13595983005021245,0.1256198347107438,0.15043731778425656,0.15667870036101084
Jharkhand,0.5555555555555429,0.09327020854518478,0.12339851652056641,0.4528593508500773,0.0931646684797181,0.4532374100719425,Normal,0.0,0.0,Jul,0.09234015473758247,0.008525149190110827,0.21008403361344535,0.07300884955752213,0.15728077232502014,0.0665553932818694,0.10788518640712637,0.09663655455181838,0.0910328141539392,0.08839596093362026,0.10661157024793388,0.1227405247813411,0.1732851985559567
Jharkhand,0.6666666666666572,0.07085701902078784,0.12339851652056641,0.10664605873261201,0.07534377753093041,0.525179856115108,Deficient,0.0,0.0,Jul,0.07649797367451519,0.0,0.07333842627960274,0.03466076696165192,0.06798069187449718,0.11808887961610684,0.08534037171450566,0.08086936231207706,0.07976712535914107,0.07311151575346246,0.07330578512396695,0.08658892128279883,0.16173285198555956
Jharkhand,0.7777777777777715,0.0684731691866571,0.12339851652056641,0.06955177743431218,0.06789366836480638,0.44172661870503616,Deficient,0.0,1.0,Jul,0.0745553806477543,0.050298380221653886,0.0,0.0700589970501475,0.13596138374899436,0.09805967035259755,0.06664467172550315,0.07893596453215106,0.07564645395433238,0.06317938531148265,0.06578512396694214,0.05014577259475218,0.0
Jharkhand,0.8888888888888857,0.12641072232317002,0.12339851652056641,0.964451313755796,0.1277818209675566,0.47050359712230216,Excess,0.07142857142857142,0.0,Jul,0.12620156077301808,0.1278772378516624,0.24216959511077155,0.06489675516224189,0.0675784392598552,0.13039849780930524,0.12146706257560762,0.1303376779225974,0.13726750340238922,0.13193179937096508,0.13512396694214876,0.0988338192419825,0.0
Jharkhand,1.0,0.12434360778168604,0.12339851652056641,0.9319938176197836,0.12469835676255411,0.460431654676259,Excess,1.0,0.0,Jul,0.12084268345781558,0.0392156862745098,0.0802139037433155,0.09513274336283185,0.1162510056315366,0.1399958272480701,0.13763334433080393,0.12500416680556017,0.12312868592166942,0.12277216796336149,0.14206611570247935,0.15364431486880467,0.051263537906137184
Bihar,0.0,0.10194708853584944,0.10406832996178916,0.8655332302936631,0.10533573371126519,0.4949640287769783,Excess,0.42857142857142855,0.0,Jul,0.10486653046186824,0.22847399829497017,0.22689075630252098,0.022123893805309734,0.14521319388576026,0.10473607344043398,0.1132739469921918,0.10910363678789291,0.11069106305761378,0.11063289742316394,0.09636363636363636,0.11865889212827989,0.23321299638989168
Bihar,0.11111111111111427,0.0840182039441879,0.10406832996178916,0.5425038639876352,0.08349293292986557,0.446043165467626,Normal,0.0,0.0,Jul,0.07914391934889642,0.16965046888320545,0.0,0.13421828908554573,0.021319388576025746,0.12893803463384101,0.08775981524249424,0.0835027834261142,0.08623166490246484,0.08751310489433317,0.0977685950413223,0.1227405247813411,0.1104693140794224
Bihar,0.22222222222220012,0.059871305449514065,0.10406832996178916,0.10664605873261201,0.06318228827517525,0.5122302158273382,Deficient,0.0,0.0,Jul,0.06032086277924776,0.0,0.0,0.08112094395280237,0.12429605792437651,0.060504902983517635,0.0566369734960959,0.06476882562752091,0.06925752306063813,0.07073884014787839,0.07793388429752066,0.04314868804664723,0.0
Bihar,0.3333333333333144,0.10297231066731125,0.10406832996178916,0.8840803709428129,0.10557513310606352,0.4863309352517986,Excess,1.0,0.0,Jul,0.10118230230766653,0.16538789428815004,0.04201680672268907,0.168141592920354,0.15607401448109412,0.11871479240559149,0.11085450346420324,0.10543684789492981,0.10812036897021018,0.10875682833967887,0.11958677685950413,0.15393586005830903,0.19061371841155234
Bihar,0.44444444444442865,0.06524747028522847,0.10406832996178916,0.20401854714064915,0.06955031217681082,0.5266187050359712,Normal,0.0,0.0,Jul,0.07160799812439293,0.22932651321398123,0.025210084033613443,0.011799410029498525,0.01246983105390185,0.055080325474650534,0.07769712966017818,0.07600253341778057,0.06789656736730681,0.06963527009876952,0.07801652892561983,0.11982507288629737,0.08880866425992781
Bihar,0.5555555555555429,0.07577475119609249,0.10406832996178916,0.39258114374034003,0.07695254146397519,0.47050359712230216,Normal,0.0,0.0,Jul,0.07006732089627223,0.05370843989769821,0.13445378151260504,0.0,0.09814963797264682,0.06989359482578761,0.08633014406686464,0.07446914897163237,0.08173295024950854,0.08078132759476908,0.08578512396694214,0.03498542274052478,0.09386281588447654
Bihar,0.6666666666666572,0.08524346941837398,0.10406832996178916,0.5641421947449768,0.08332056536561076,0.42733812949640293,Normal,0.0,0.0,Jul,0.08500519141239911,0.11423699914748509,0.11535523300229182,0.1327433628318584,0.13716814159292037,0.07218860838723139,0.09633784229627186,0.08933631121037368,0.08343414486617269,0.08089168459967996,0.0849586776859504,0.12886297376093295,0.13935018050541517
Bihar,0.7777777777777715,0.09789621084568323,0.10406832996178916,0.7928902627511591,0.09922626115601181,0.4719424460431656,Excess,0.07142857142857142,0.0,Jul,0.09401480389858324,0.11253196930946291,0.07715813598166539,0.0,0.07280772325020113,0.09847694554558732,0.0926536896513802,0.09830327677589251,0.10396189324058672,0.10837057882249077,0.11950413223140495,0.15947521865889214,0.13140794223826716
Bihar,0.8888888888888857,0.08947772017270408,0.10406832996178916,0.6398763523956723,0.09386371471252922,0.5122302158273382,Normal,1.0,0.0,Jul,0.09532103024416384,0.09633418584825236,0.0,0.13938053097345132,0.17135961383748996,0.11621114124765285,0.09864731111844277,0.09960332011067033,0.08959624981097837,0.09628648678474867,0.11049586776859503,0.061224489795918366,0.1407942238267148
Bihar,1.0,0.10028839581909413,0.10406832996178916,0.8361669242658424,0.10349714635921402,0.4935251798561151,Excess,0.42857142857142855,0.0,Jul,0.10513447432762836,0.031543052003410066,0.10313216195569136,0.03466076696165192,0.17337087691069994,0.08637596494888379,0.10255141317496977,0.10937031234374477,0.11004838953576289,0.09860398388787728,0.11537190082644627,0.10670553935860058,0.08736462093862817
Uttar Pradesh,0.0,0.0769083301381966,0.08923353562598335,0.633693972179289,0.07477879495920635,0.4201438848920864,Normal,0.5714285714285714,0.0,Jul,0.07298121043641356,0.0,0.19938884644766997,0.19395280235988202,0.1251005631536605,0.04193615689547257,0.07120862201693612,0.07736924564152137,0.07594888855285044,0.08011918556530376,0.09619834710743802,0.08367346938775509,0.0
Uttar Pradesh,0.11111111111111427,0.04903562438528347,0.08923353562598335,0.05718701700154555,0.049172635691576976,0.44892086330935266,Deficient,0.0,1.0,Jul,0.052148574873563995,0.0,0.0,0.0,0.11866452131938858,0.03421656582516169,0.048333883206862424,0.05663522117403913,0.052963859065477084,0.06075153120344314,0.040247933884297524,0.056268221574344024,0.0
Uttar Pradesh,0.22222222222220012,0.04931068398152934,0.08923353562598335,0.06336939721792889,0.05245719538821006,0.5179856115107915,Deficient,0.0,1.0,Aug,0.04447868171618046,0.19522591645353793,0.0,0.05825958702064897,0.03901850362027353,0.04256206968495723,0.062410645551523154,0.047068235607853594,0.056479661273249646,0.0651658113998786,0.056859504132231405,0.10903790087463557,0.0
Uttar Pradesh,0.3333333333333144,0.06659776284861721,0.08923353562598335,0.4204018547140649,0.06858313862182558,0.4848920863309354,Normal,0.0,0.0,Jul,0.0671869243393509,0.0,0.1367456073338426,0.20648967551622419,0.03097345132743363,0.08554141456290425,0.06411525349169692,0.07160238674622486,0.07069408740359896,0.08249186117088783,0.0756198347107438,0.058600583090379015,0.0
Uttar Pradesh,0.44444444444442865,0.05361161585010085,0.08923353562598335,0.15146831530139104,0.05431493469184511,0.46187050359712223,Deficient,0.0,0.0,Jul,0.058076832903506716,0.0,0.0,0.15634218289085544,0.0675784392598552,0.06154809096599208,0.049433630265039046,0.06253541784726156,0.06165885377287161,0.04966065220989903,0.06595041322314049,0.06763848396501457,0.0
Uttar Pradesh,0.5555555555555429,0.068514844883058,0.08923353562598335,0.4605873261205564,0.06790324434059831,0.4402877697841727,Normal,0.0,0.0,Jul,0.06705295240647084,0.07075873827791987,0.0,0.1976401179941003,0.12831858407079647,0.08867097851032757,0.07181348289893325,0.07146904896829893,0.07541962800544381,0.07498758483694754,0.05942148760330579,0.07959183673469387,0.15306859205776174
Uttar Pradesh,0.6666666666666572,0.06856485571873906,0.08923353562598335,0.4621329211746522,0.07008656682115909,0.47625899280575545,Normal,0.0,0.0,Jul,0.07170847707405299,0.0,0.1558441558441558,0.0,0.0329847144006436,0.046734821614854996,0.06895414054767404,0.07610253675122503,0.07349160743989111,0.06753848700546268,0.08644628099173553,0.12244897959183673,0.17184115523465704
Uttar Pradesh,0.7777777777777715,0.05786253688299131,0.08923353562598335,0.23956723338485317,0.058719883556134375,0.4661870503597121,Normal,0.0,0.0,Jul,0.06300030143684898,0.04859335038363172,0.20702826585179526,0.1364306784660767,0.0,0.02774880033382016,0.06131089849334653,0.06743558118603953,0.06309541811583244,0.06340009932130443,0.05024793388429752,0.08542274052478134,0.148014440433213
Uttar Pradesh,0.8888888888888857,0.06473902678913765,0.08923353562598335,0.38176197836166925,0.06820967556594017,0.5122302158273382,Normal,0.0,0.0,Jul,0.06547878219513012,0.16624040920716113,0.20702826585179526,0.0,0.07200321802091714,0.05299394950970165,0.07533267348509844,0.06990233007766924,0.07141236957507938,0.07680847541797715,0.06669421487603305,0.1227405247813411,0.07075812274368232
Uttar Pradesh,1.0,0.053936686282027774,0.08923353562598335,0.15919629057187018,0.05202627647757307,0.40863309352517985,Normal,0.0,0.0,Jul,0.06005291891348762,0.1278772378516624,0.14438502673796788,0.0,0.11544650040225261,0.09388691842269978,0.05333773232156604,0.06450215007166904,0.053190685014365635,0.05297136235722563,0.04900826446280991,0.10874635568513119,0.09675090252707581
Uttarakhand,0.0,0.09560404754363444,0.16003596313778376,0.15301391035548684,0.10038495422683573,0.5136690647482016,Deficient,0.0,0.0,Jul,0.10171819003918679,0.08354646206308611,0.1283422459893048,0.0,0.1596942880128721,0.12706029626538703,0.09958209611789288,0.10597019900663354,0.09893391804022378,0.11157093196490647,0.10628099173553718,0.12244897959183673,0.0
Uttarakhand,0.11111111111111427,0.15594212079283845,0.16003596313778376,0.8856259659969088,0.157113034818248,0.4676258992805755,Excess,0.14285714285714285,0.0,Jul,0.16130220718759422,0.14066496163682865,0.04507257448433919,0.0,0.16572807723250202,0.16440642603797204,0.16397228637413397,0.16527217573919128,0.15401481929532737,0.16592175688351818,0.15024793388429752,0.21166180758017492,0.2324909747292419
Uttarakhand,0.22222222222220012,0.09218664043876172,0.16003596313778376,0.11128284389489951,0.09383498678515342,0.47625899280575545,Deficient,0.0,0.0,Jul,0.0962923267575443,0.18925831202046037,0.23911382734912145,0.20501474926253688,0.11906677393403058,0.0828291258084707,0.09067414494666227,0.10057001900063334,0.10252532889762588,0.09805219886332285,0.08892561983471074,0.05801749271137026,0.0
Uttarakhand,0.3333333333333144,0.142480870855352,0.16003596313778376,0.7217928902627511,0.14669437315662467,0.4935251798561151,Normal,0.9285714285714285,0.0,Jul,0.14358441906420608,0.12446717817561807,0.2597402597402597,0.20206489675516223,0.09372485921158488,0.1581472981431254,0.14439678873859016,0.14763825460848692,0.15053682141236954,0.1542239143629642,0.15859504132231406,0.1271137026239067,0.0
Uttarakhand,0.44444444444442865,0.13893010152199645,0.16003596313778376,0.6800618238021638,0.14039338108553262,0.47050359712230216,Normal,0.3571428571428571,0.0,Jul,0.14348394011454602,0.08866155157715261,0.1894576012223071,0.0014749262536873156,0.08769106999195496,0.17483830586271648,0.13631364786099198,0.14753825127504247,0.14006502343868135,0.147105887546212,0.15016528925619835,0.15364431486880467,0.06931407942238267
Uttarakhand,0.5555555555555429,0.08576858319302515,0.16003596313778376,0.03400309119010819,0.08960240548511895,0.5064748201438849,Deficient,0.0,1.0,Jul,0.08778510901966037,0.02728047740835465,0.1306340718105424,0.21017699115044247,0.14843121480289623,0.11412476528270396,0.09606290553172771,0.09210307010233672,0.08676092544987145,0.1001489819566297,0.09661157024793389,0.10349854227405247,0.0
Uttarakhand,0.6666666666666572,0.11998432993815325,0.16003596313778376,0.44976816074188564,0.11973800130233272,0.4546762589928057,Normal,0.0,0.0,Jul,0.11890009043105469,0.11508951406649617,0.22689075630252098,0.12536873156342182,0.10217216411906677,0.16586688921343629,0.11503354228527439,0.12307076902563417,0.11757145017389987,0.13038680130221267,0.1387603305785124,0.10670553935860058,0.21299638989169675
Uttarakhand,0.7777777777777715,0.10718989114308099,0.16003596313778376,0.2936630602782071,0.10994177806718505,0.4863309352517986,Normal,0.0,0.0,Jul,0.10446461466322805,0.2557544757033248,0.18105423987776928,0.1902654867256637,0.03177795655671762,0.15188817024827875,0.1159133399318157,0.10870362345411512,0.11670195070316042,0.10759807978811456,0.12454545454545453,0.07346938775510203,0.15667870036101084
Uttarakhand,0.8888888888888857,0.12772767432943805,0.16003596313778376,0.5425038639876352,0.1265369441146053,0.446043165467626,Normal,0.0,0.0,Jul,0.12499581337709749,0.0,0.04354469060351413,0.0,0.12389380530973453,0.11725432923012728,0.13339931815682393,0.12913763792126404,0.12921518221684558,0.13816697014843018,0.11768595041322315,0.18746355685131194,0.21732851985559568
Uttarakhand,1.0,0.1382382849617417,0.16003596313778376,0.6707882534775889,0.14192553721224194,0.49064748201438846,Normal,0.2857142857142857,0.0,Jul,0.13202933985330076,0.17902813299232737,0.25210084033613445,0.03466076696165192,0.07160096540627514,0.12267890673899437,0.14813592873639064,0.1361378712623754,0.14395886889460152,0.15416873586050875,0.15479338842975207,0.15393586005830903,0.0
Himachal Pradesh,0.0,0.09722939970326903,0.15363002922004945,0.22102009273570325,0.09542459876661433,0.433093525179856,Normal,0.0,0.0,Jul,0.10319188130086746,0.10144927536231885,0.16730328495034374,0.09882005899705015,0.024537409493161706,0.13415397454621322,0.09149895524029475,0.10743691456381876,0.0946242250113413,0.10682558075373835,0.08851239669421487,0.15626822157434403,0.07942238267148015
Himachal Pradesh,0.11111111111111427,0.09064463967192891,0.15363002922004945,0.13755795981452856,0.09132608112766692,0.46330935251798566,Deficient,0.0,0.0,Jul,0.09234015473758247,0.044330775788576304,0.0,0.0,0.16532582461786002,0.09221781765074068,0.10090179258770483,0.09663655455181838,0.0979132012702253,0.08784417590906583,0.08702479338842975,0.13498542274052477,0.21949458483754514
Himachal Pradesh,0.22222222222220012,0.10060513111174087,0.15363002922004945,0.26429675425038635,0.10117976021756617,0.46187050359712223,Normal,0.0,0.0,Jul,0.09381384599926315,0.031543052003410066,0.08938120702826584,0.23672566371681417,0.06556717618664522,0.0988942207385771,0.11299901022764765,0.0981032701090036,0.09821563586874338,0.10814986481266899,0.11917355371900826,0.08134110787172011,0.08375451263537906
Himachal Pradesh,0.3333333333333144,0.11555003584109891,0.15363002922004945,0.4528593508500773,0.11772704638602675,0.4791366906474821,Normal,0.0,0.0,Jul,0.11598620089091337,0.11508951406649617,0.1489686783804431,0.09882005899705015,0.10901045856798071,0.11954934279157105,0.12119212581106346,0.12017067235574518,0.1254347497353697,0.11074325442807482,0.13157024793388428,0.16763848396501457,0.043321299638989175
Himachal Pradesh,0.44444444444442865,0.11654191741544001,0.15363002922004945,0.4652241112828439,0.12049450338989545,0.49784172661870496,Normal,0.0,0.0,Jul,0.11357470609907223,0.10400682011935208,0.025974025974025972,0.07817109144542772,0.04505229283990346,0.1041101606509493,0.12713075992521722,0.11777059235307841,0.1258884016331468,0.12238591844617339,0.1340495867768595,0.13731778425655977,0.0
Himachal Pradesh,0.5555555555555429,0.1334539150149199,0.15363002922004945,0.6785162287480679,0.13696518175202055,0.48920863309352525,Normal,0.8571428571428571,0.0,Jul,0.13859396456442377,0.0,0.11306340718105423,0.24999999999999997,0.08085277554304104,0.13039849780930524,0.14197734521060157,0.142671422380746,0.14051867533645845,0.13314572642498484,0.1440495867768595,0.1227405247813411,0.18411552346570398
Himachal Pradesh,0.6666666666666572,0.1450564288929268,0.15363002922004945,0.8253477588871716,0.14484620982878157,0.45611510791366916,Excess,0.8571428571428571,0.0,Jul,0.14763707003382795,0.0,0.18029029793735676,0.0014749262536873156,0.10699919549477073,0.11454204047569373,0.15066534697019687,0.15167172239074633,0.1436942386208982,0.14743695856094466,0.14834710743801652,0.14314868804664724,0.021660649819494587
Himachal Pradesh,0.7777777777777715,0.12344341273942686,0.15363002922004945,0.5517774343122102,0.12720726242004063,0.4935251798561151,Normal,0.0,0.0,Jul,0.1253642361925177,0.26854219948849106,0.08938120702826584,0.061946902654867256,0.16532582461786002,0.1222616315460046,0.13021005168811176,0.12950431681056035,0.13382730984424615,0.13071787231694534,0.1284297520661157,0.09358600583090379,0.0014440433212996391
Himachal Pradesh,0.8888888888888857,0.09198659709603747,0.15363002922004945,0.1545595054095827,0.09654498793427052,0.5122302158273382,Normal,0.0,0.0,Jul,0.0960913688582242,0.0,0.13216195569136746,0.15781710914454275,0.09935639581657281,0.1255998330899228,0.10667546464313209,0.10037001233374444,0.09950098291244516,0.09799702036086741,0.09545454545454546,0.054227405247813415,0.05559566787003611
Himachal Pradesh,1.0,0.1521329621417974,0.15363002922004945,0.9149922720247294,0.15198988776956374,0.45755395683453237,Excess,0.8571428571428571,0.0,Jul,0.1569481193689922,0.2668371696504689,0.05805958747135217,0.12979351032448377,0.20353982300884957,0.1222616315460046,0.15291982843945895,0.16093869795659851,0.15514894903977014,0.14771285107322188,0.15818181818181817,0.20816326530612247,0.16317689530685922
Punjab,0.0,0.0599296514244753,0.061474488649134636,0.8021638330757341,0.06245451411498833,0.49784172661870496,Excess,0.3571428571428571,0.0,Jul,0.057875875004186624,0.17732310315430522,0.16959511077158135,0.18141592920353983,0.052695092518101366,0.05090757354475277,0.06598482349059717,0.062335411180372675,0.06611976410101315,0.07002151961595764,0.07157024793388429,0.05451895043731778,0.0
Punjab,0.11111111111111427,0.05456182172804108,0.061474488649134636,0.6491499227202473,0.054065959321254846,0.4374100719424461,Normal,0.5714285714285714,0.0,Jul,0.0475935291556419,0.0,0.13521772345301755,0.1851032448377581,0.03258246178600161,0.06217400375547674,0.056197074672825253,0.052101736724557486,0.05750037804324814,0.06660045246372014,0.06322314049586776,0.017201166180758017,0.15306859205776174
Punjab,0.22222222222220012,0.04467634654175072,0.061474488649134636,0.366306027820711,0.04497835829471024,0.4517985611510791,Normal,0.0,0.0,Aug,0.038248986837257595,0.0,0.19556913674560733,0.030973451327433628,0.07924376508447305,0.02065512205299395,0.04871879467722424,0.04250141671389046,0.049448056857704516,0.06058599569607681,0.04644628099173554,0.0,0.0
Punjab,0.3333333333333144,0.04550152533048828,0.061474488649134636,0.3894899536321484,0.04889493239361092,0.5280575539568346,Normal,0.0,0.0,Aug,0.04501456944770071,0.0,0.0,0.12094395280235987,0.04304102976669348,0.03400792822866681,0.05867150555372264,0.04450148338277942,0.057084530470285784,0.04706726259449319,0.06388429752066116,0.06618075801749271,0.13862815884476534
Punjab,0.44444444444442865,0.06645606548085418,0.061474488649134636,0.9891808346213291,0.06746274945416939,0.4676258992805755,Excess,0.7142857142857142,0.0,Jul,0.06152661017516831,0.0017050298380221656,0.20702826585179526,0.03171091445427728,0.051488334674175386,0.0592530774045483,0.07153854613438909,0.06596886562885429,0.07190382579767125,0.07289080174364068,0.08049586776859505,0.11486880466472303,0.04548736462093863
Punjab,0.5555555555555429,0.06092986813809659,0.061474488649134636,0.8299845440494591,0.06413030987857664,0.5093525179856115,Excess,0.2857142857142857,0.0,Jul,0.06122517332618816,0.13981244671781756,0.0,0.0612094395280236,0.09332260659694289,0.044857083246401,0.07241834378093039,0.06566885562852094,0.060524724028428845,0.06831098603983889,0.08289256198347107,0.02944606413994169,0.14945848375451262
Punjab,0.6666666666666572,0.04598496340873856,0.061474488649134636,0.4034003091190108,0.04356111387750412,0.3870503597122301,Normal,0.0,0.0,Jul,0.044210737850420345,0.22165387894288152,0.16424751718869365,0.08259587020648967,0.06154465004022527,0.06217400375547674,0.043769932915429445,0.04873495783192773,0.04370179948586118,0.05109529327374055,0.05297520661157024,0.022740524781341108,0.17906137184115525
Punjab,0.7777777777777715,0.06383883174687849,0.061474488649134636,0.9134466769706338,0.0666296395602712,0.5007194244604316,Excess,0.8571428571428571,0.0,Jul,0.06748836118833104,0.14748508098891733,0.07410236822001527,0.1710914454277286,0.008045052292839904,0.09409555601919467,0.059771252611899264,0.07190239674655821,0.06509904733101467,0.07769133145726426,0.08396694214876033,0.032361516034985424,0.04981949458483755
Punjab,0.8888888888888857,0.048852251321119575,0.061474488649134636,0.4853168469860896,0.05054200022982342,0.4848920863309354,Normal,0.0,0.0,Jul,0.046957162474461606,0.17988064791133848,0.07715813598166539,0.011799410029498525,0.01850362027353178,0.030252451491758817,0.058946442318266803,0.05146838227940931,0.05371994556177226,0.05429564641615627,0.05694214876033058,0.10029154518950437,0.18628158844765344
Punjab,1.0,0.04618500675146282,0.061474488649134636,0.4095826893353941,0.049450338989543034,0.5237410071942445,Normal,0.0,0.0,Jul,0.05054091167900325,0.16538789428815004,0.1283422459893048,0.06784660766961652,0.12389380530973453,0.027331525140830377,0.04195535026943803,0.05503516783892796,0.04993951308029638,0.05948242564696794,0.06471074380165288,0.0037900874635568515,0.15595667870036103
Haryana,0.0,0.044726357377431775,0.05754102045403461,0.44976816074188564,0.04567740452752136,0.4676258992805755,Normal,0.0,0.0,Jul,0.047325585289881775,0.05541346973572038,0.0855614973262032,0.17035398230088497,0.0,0.04882119757980388,0.053227757615748376,0.05183506116870562,0.05232118554362618,0.04232191138332506,0.04363636363636363,0.03673469387755102,0.13212996389891699
Haryana,0.11111111111111427,0.03909180322403187,0.05754102045403461,0.2797527047913446,0.04070747309150803,0.4863309352517986,Normal,0.0,0.0,Jul,0.03590447801185652,0.0,0.18105423987776928,0.0,0.12349155269509252,0.05987899019403297,0.05075332673485098,0.04046801560052001,0.03644336912142748,0.05004690172708713,0.05578512396694215,0.07551020408163264,0.0
Haryana,0.22222222222220012,0.05487855702068782,0.05754102045403461,0.7573415765069551,0.05172942122802315,0.38273381294964026,Normal,0.21428571428571427,0.0,Jul,0.05435911176608501,0.15430520034100598,0.10389610389610389,0.13200589970501472,0.11423974255832663,0.07051950761527227,0.05009347849994501,0.05883529450981699,0.05315288068955088,0.05843403410031452,0.05727272727272727,0.013411078717201165,0.009386281588447653
Haryana,0.3333333333333144,0.05084434960908196,0.05754102045403461,0.6352395672333848,0.05109740682575555,0.4517985611510791,Normal,0.5714285714285714,0.0,Aug,0.04819640285360217,0.0843989769820972,0.1122994652406417,0.0,0.0,0.08762779052785312,0.059166391729902124,0.04980166005533517,0.060675941327687874,0.050764222259007896,0.0556198347107438,0.01836734693877551,0.10974729241877257
Haryana,0.44444444444442865,0.03964192241652359,0.05754102045403461,0.29675425038639874,0.040726625043091894,0.4719424460431656,Normal,0.0,0.0,Jul,0.03684228154201696,0.0,0.0,0.12979351032448377,0.11303298471440065,0.0377634049655748,0.053007808204113056,0.04140138004600154,0.04396642975956449,0.03928709374827567,0.049917355371900826,0.10379008746355685,0.06931407942238267
Haryana,0.5555555555555429,0.04171737209728775,0.05754102045403461,0.3601236476043277,0.04139694334852722,0.43453237410071943,Normal,0.0,0.0,Jul,0.04297149747127977,0.0988917306052856,0.0,0.1570796460176991,0.04666130329847144,0.043605257667431674,0.04800395908940944,0.047501583386112864,0.03992136700438529,0.05142636428847321,0.03876033057851239,0.07492711370262391,0.13429602888086645
Haryana,0.6666666666666572,0.05656225515528365,0.05754102045403461,0.8083462132921175,0.05391274370858391,0.39568345323741005,Excess,0.07142857142857142,0.0,Jul,0.05332082928626453,0.08184143222506395,0.06340718105423988,0.0,0.10458567980691875,0.043605257667431674,0.06076102496425822,0.057801926730891025,0.05568577045213972,0.06500027589251228,0.04727272727272727,0.09475218658892127,0.0014440433212996391
Haryana,0.7777777777777715,0.04681847733675629,0.05754102045403461,0.5131375579598145,0.04345577814379286,0.3654676258992806,Normal,0.0,0.0,Aug,0.04330642730347992,0.0,0.0,0.10766961651917403,0.0,0.08116002503651158,0.04025074232926427,0.047568252275075835,0.05515650990473309,0.04839154665342383,0.03925619834710744,0.03906705539358601,0.0
Haryana,0.8888888888888857,0.05784586660443096,0.05754102045403461,0.8469860896445132,0.05908377063622784,0.4733812949640288,Excess,0.5714285714285714,0.0,Jul,0.06373714706768932,0.0017050298380221656,0.14667685255920548,0.17182890855457228,0.05108608205953338,0.09805967035259755,0.05938634114153745,0.06816893896463214,0.056290639649175855,0.06753848700546268,0.0631404958677686,0.05393586005830904,0.09386281588447654
Haryana,1.0,0.05229466384383283,0.05754102045403461,0.6785162287480679,0.053089209790477654,0.4647482014388489,Normal,0.07142857142857142,0.0,Jul,0.05429212579964498,0.0,0.0,0.16224188790560473,0.005229283990345938,0.03984978093052369,0.048443857912680084,0.058768625620854026,0.06370028731286859,0.0528058268498593,0.05702479338842975,0.07696793002915452,0.19494584837545126
Delhi,0.0,0.05603714138063247,0.07810743987412902,0.3616692426584235,0.054841613360401435,0.4244604316546763,Normal,0.0,0.0,Jul,0.053957195967444825,0.21909633418584826,0.057295645530939646,0.035398230088495575,0.05309734513274336,0.0377634049655748,0.057406796436819535,0.058435281176039196,0.05394677151066081,0.06753848700546268,0.05876033057851239,0.10262390670553936,0.1552346570397112
Delhi,0.11111111111111427,0.04964408955273643,0.07810743987412902,0.21329211746522414,0.0501876891255219,0.4589928057553956,Normal,0.0,0.0,Jul,0.0465217536926014,0.11082693947144076,0.0427807486631016,0.16150442477876104,0.008045052292839904,0.07051950761527227,0.05636203673155175,0.05103503450115003,0.04884318766066838,0.058599569607680854,0.06305785123966942,0.03702623906705539,0.09025270758122744
Delhi,0.22222222222220012,0.057554136729624755,0.07810743987412902,0.3972179289026275,0.05563641935113189,0.4115107913669065,Normal,0.0,0.0,Jul,0.05201460294068393,0.13810741687979539,0.0,0.1710914454277286,0.026950925181013677,0.052576674316711876,0.05207302320466293,0.0565018833961132,0.06245274459398154,0.05799260608067097,0.07413223140495868,0.01020408163265306,0.020216606498194945
Delhi,0.3333333333333144,0.05506193008485172,0.07810743987412902,0.33848531684698613,0.05611521814072855,0.46906474820143873,Normal,0.0,0.0,Jul,0.05600026794386576,0.0,0.0,0.028761061946902654,0.05792437650844731,0.05320258710619654,0.059991202023534584,0.060468682289409645,0.05232118554362618,0.059868675164156046,0.07586776859504132,0.06618075801749271,0.10397111913357401
Delhi,0.44444444444442865,0.05396169169986831,0.07810743987412902,0.31375579598145287,0.052782778565135795,0.42302158273381285,Normal,0.0,0.0,Jul,0.05723950832300633,0.15515771526001707,0.1382734912146677,0.058997050147492625,0.13435237329042637,0.0287919883162946,0.047619047619047616,0.061702056735224504,0.06328443973990625,0.051150471776196,0.05173553719008264,0.006705539358600582,0.0
Delhi,0.5555555555555429,0.07387433944021204,0.07810743987412902,0.777434312210201,0.0780825066074233,0.5179856115107915,Excess,0.5714285714285714,0.0,Jul,0.0799812439293968,0.08780903665814153,0.026737967914438502,0.0331858407079646,0.0,0.06321719173795118,0.08116133289343451,0.08433614453815126,0.08373657946469075,0.06880759256193787,0.09239669421487604,0.11690962099125364,0.15018050541516245
Delhi,0.6666666666666572,0.049435711070732,0.07810743987412902,0.20865533230293665,0.05130807829317808,0.48920863309352525,Normal,0.0,0.0,Aug,0.04467963961550055,0.0,0.17265087853323147,0.11135693215339233,0.12389380530973453,0.06405174212393074,0.05317277026283955,0.04770159005300176,0.0567064872221382,0.056889036031562104,0.07115702479338842,0.02769679300291545,0.057039711191335746
Delhi,0.7777777777777715,0.06859819627585978,0.07810743987412902,0.6537867078825348,0.07114950013406367,0.4935251798561151,Normal,0.2857142857142857,0.0,Jul,0.07361757711759385,0.12531969309462915,0.08708938120702826,0.14749262536873156,0.024537409493161706,0.09346964322970999,0.07538766083800727,0.07800260008666954,0.07848177831543929,0.07002151961595764,0.06661157024793388,0.13440233236151602,0.07220216606498195
Delhi,0.8888888888888857,0.05725407171553837,0.07810743987412902,0.3894899536321484,0.05720687938100893,0.4474820143884892,Normal,0.0,0.0,Jul,0.062162976856348605,0.12446717817561807,0.0,0.01032448377581121,0.12831858407079647,0.045900271228875446,0.06081601231716705,0.06660222007400246,0.0650612430061999,0.053136897864591956,0.05107438016528925,0.009037900874635569,0.0924187725631769
Delhi,1.0,0.059821294613832995,0.07810743987412902,0.44976816074188564,0.05985942467537443,0.45035971223021587,Normal,0.0,0.0,Jul,0.053823224034564764,0.0,0.20015278838808248,0.06710914454277286,0.022123893805309734,0.06592948049238473,0.06801935554822391,0.058301943398113266,0.06105398457583546,0.07217348121171993,0.06396694214876034,0.07463556851311953,0.03754512635379061
Jammu & Kashmir,0.0,0.05537866537749846,0.10215778826702629,0.04327666151468318,0.06129582104416441,0.5683453237410072,Deficient,0.0,1.0,Jul,0.05898114345044713,0.0,0.03972498090145149,0.0,0.0,0.09013144168579179,0.07021884966457714,0.06343544784826159,0.06540148192953273,0.05528885946035425,0.07611570247933884,0.029154518950437316,0.18339350180505415
Jammu & Kashmir,0.11111111111111427,0.10746495073932687,0.10215778826702629,1.0,0.1081031907151339,0.46330935251798566,Excess,0.14285714285714285,0.0,Jul,0.10165120407274676,0.1884057971014493,0.2513368983957219,0.12094395280235987,0.07079646017699116,0.10828291258084707,0.1132739469921918,0.10590353011767058,0.11386662634205351,0.12332395298791592,0.10223140495867769,0.15306122448979592,0.21588447653429602
Jammu & Kashmir,0.22222222222220012,0.09122809942154132,0.10215778826702629,0.7017001545595054,0.09221664687631671,0.4676258992805755,Normal,0.9285714285714285,0.0,Jul,0.08848846166728071,0.0639386189258312,0.22765469824293352,0.22345132743362833,0.07642799678197909,0.12685165866889214,0.10112174199934017,0.09280309343644787,0.09175109632541963,0.09562434475528335,0.10570247933884298,0.15568513119533528,0.16028880866425993
Jammu & Kashmir,0.3333333333333144,0.0803007318252288,0.10215778826702629,0.500772797527048,0.08208526448845138,0.4791366906474821,Normal,0.0,0.0,Jul,0.07636400174163513,0.0,0.0,0.03392330383480826,0.15205148833467416,0.06384310452743586,0.08726492906631475,0.08073602453415113,0.0822244064721004,0.09341720465706561,0.0931404958677686,0.04344023323615161,0.05415162454873646
Jammu & Kashmir,0.44444444444442865,0.054578492006601434,0.10215778826702629,0.0293663060278207,0.057647374267437865,0.510791366906475,Deficient,0.0,1.0,Jul,0.06082325752754799,0.05541346973572038,0.10542398777692895,0.0,0.024537409493161706,0.0521593991237221,0.06807434290113275,0.06526884229474315,0.05235898986844094,0.06593831043425481,0.05586776859504131,0.05102040816326531,0.12563176895306857
Jammu & Kashmir,0.5555555555555429,0.10328071082067782,0.10215778826702629,0.9227202472952086,0.1021948136515111,0.44316546762589937,Excess,0.7142857142857142,0.0,Jul,0.10128278125732659,0.26513213981244677,0.12375859434682962,0.05457227138643068,0.1516492357200322,0.08867097851032757,0.10843505993621468,0.10553685122837426,0.11019960683502192,0.102797550074491,0.09818181818181818,0.16355685131195336,0.0
Jammu & Kashmir,0.6666666666666572,0.09897977895210629,0.10215778826702629,0.8438948995363216,0.09926456505917954,0.4589928057553956,Excess,0.9285714285714285,0.0,Jul,0.09793348293532504,0.19352088661551578,0.012987012987012986,0.22713864306784662,0.044650040225261464,0.12017525558105571,0.09672275376663368,0.10220340678022599,0.10687282625132313,0.10566683220217404,0.10173553719008263,0.08979591836734693,0.1891696750902527
Jammu & Kashmir,0.7777777777777715,0.07231566839481889,0.10215778826702629,0.35394126738794435,0.07102501244876855,0.4316546762589928,Normal,0.0,0.0,Jul,0.07200991392303313,0.21483375959079284,0.20855614973262032,0.1851032448377581,0.06275140788415125,0.10181514708950554,0.07588254701418674,0.07640254675155837,0.07247089066989264,0.0797881145505711,0.06727272727272728,0.06268221574344023,0.1703971119133574
Jammu & Kashmir,0.8888888888888857,0.06432226982512877,0.10215778826702629,0.20865533230293665,0.0687363542344965,0.5294964028776978,Normal,0.0,0.0,Jul,0.06852664366815152,0.0,0.0,0.1924778761061947,0.06918744971842317,0.0627999165449614,0.07533267348509844,0.07293576452548417,0.06642219869953123,0.07410472879766045,0.07867768595041322,0.09183673469387756,0.0
Jammu & Kashmir,1.0,0.10095520696150832,0.10215778826702629,0.8794435857805254,0.09890067797908608,0.4316546762589928,Excess,0.42857142857142855,0.0,Jul,0.09411528284824329,0.12276214833759591,0.03132161955691367,0.07227138643067847,0.028962188254223656,0.07594408512413937,0.11057956669965908,0.09840328010933697,0.10426432783910479,0.10671522374882747,0.09132231404958678,0.16734693877551018,0.013718411552346571
Ladakh,0.0,0.0,0.0,0.010819165378670781,0.0033515915271766193,0.9884892086330936,Deficient,0.0,1.0,Jul,0.001272733362360585,0.0,0.12223071046600457,0.0,0.0,0.0,0.009952710876498407,0.006000200006666888,0.0035158022077725684,0.011697842520553992,0.009586776859504131,0.052478134110787174,0.09675090252707581
Ladakh,0.11111111111111427,0.0013419574241085577,0.0,0.25502318392581147,0.0005362546443482595,0.18561151079136684,Normal,0.0,0.0,Jul,0.0042536088689419565,0.0,0.0,0.0,0.08728881737731295,0.0,0.0,0.008966965565518849,0.006766974141841827,0.0,0.003305785123966942,0.0,0.07942238267148015
Ladakh,0.22222222222220012,5.834597496124239e-05,0.0,0.021638330757341562,0.0017811314972995748,0.6474820143884892,Deficient,0.0,1.0,Jul,0.005492849248082527,0.0,0.0106951871657754,0.0,0.02654867256637168,0.004590027122887545,0.0018695699989002533,0.01020034001133371,0.006842582791471343,0.0,0.008016528925619834,0.03906705539358601,0.06570397111913358
Ladakh,0.3333333333333144,0.000891859902978979,0.0,0.1731066460587326,0.0007565020875627227,0.28920863309352507,Normal,0.0,0.0,Sep,0.002210536892521017,0.1679454390451833,0.0,0.0,0.0,0.0,0.0124271417573958,0.0,0.0,0.014567124648237046,0.0017355371900826446,0.0,0.0
Ladakh,0.44444444444442865,0.000725157117375432,0.0,0.14219474497681606,0.0013789405140383817,0.4316546762589928,Deficient,0.0,0.0,Aug,0.0,0.0,0.056531703590527116,0.0,0.0,0.0287919883162946,0.009347849994501264,0.004000133337777927,0.006275517919249961,0.0025382111129503945,0.006115702479338843,0.007871720116618077,0.0
Ladakh,0.5555555555555429,0.004951072732425359,0.0,0.9103554868624419,0.006588271344850041,0.5568345323741009,Excess,0.3571428571428571,0.0,Jun,0.00458853870114211,0.0,0.0962566844919786,0.0,0.0583266291230893,0.02065512205299395,0.017321016166281757,0.003733457781926064,0.010623015272947223,0.010925343486177786,0.01768595041322314,0.015451895043731777,0.020938628158844765
Ladakh,0.6666666666666572,0.0027339256838981793,0.0,0.5069551777434312,0.0011203891676561852,0.11366906474820149,Normal,0.0,0.0,Aug,0.005995243996382759,0.08354646206308611,0.11917494270435446,0.0,0.05671761866452132,0.013144168579177969,0.005278785879247773,0.00196673222440748,0.013042492061091789,0.0011035700491088673,0.0023966942148760328,0.0,0.11480144404332131
Ladakh,0.7777777777777715,0.003659126143997866,0.0,0.6754250386398764,0.003370743478760487,0.31942446043165473,Normal,0.7857142857142857,0.0,Jun,0.004622031684362127,0.11082693947144076,0.0,0.045722713864306784,0.02091713596138375,0.03755476736907991,0.01737600351919059,0.001300043334777826,0.011076667170724329,0.0,0.011239669421487603,0.0,0.0
Ladakh,0.8888888888888857,0.0022171470485271814,0.0,0.4142194744976816,0.0,0.0,Normal,0.0,0.0,Sep,0.0007033526476203228,0.1568627450980392,0.0,0.11873156342182892,0.0249396621078037,0.0,0.003849114703618168,0.0008000266675555852,0.0044987146529562975,0.012084092037742095,0.0,0.0,0.0
Ladakh,1.0,0.005367829696434227,0.0,0.9860896445131375,0.011060252039682845,1.0,Excess,0.7142857142857142,0.0,Jul,0.011354121311585225,0.1091219096334186,0.08174178762414055,0.0,0.05631536604987933,0.035259753807636136,0.012372154404486968,0.01603386779559319,0.007485256313322242,0.02102300943552392,0.024958677685950413,0.0,0.0
Assam,0.0,0.1857902545551536,0.30523713193976176,0.18083462132921174,0.18322672080284985,0.44316546762589937,Normal,0.0,0.0,Jul,0.18397695682754467,0.35635123614663256,0.057295645530939646,0.1415929203539823,0.22325020112630733,0.20905487168787817,0.18701198724293416,0.18783959465315508,0.18864358082564642,0.18523423274292336,0.18041322314049588,0.19941690962099126,0.0996389891696751
Assam,0.11111111111111427,0.2022938303299048,0.30523713193976176,0.2890262751159196,0.20327881411115797,0.4661870503597121,Normal,0.0,0.0,Jul,0.19991961684027199,0.2668371696504689,0.33384262796027503,0.21460176991150443,0.13314561544650041,0.17316920509075737,0.21494556252062025,0.20370679022634086,0.20047633449266591,0.20901616730121947,0.21066115702479338,0.23586005830903792,0.11335740072202166
Assam,0.22222222222220012,0.16071815560038008,0.30523713193976176,0.015455950540958274,0.1633757229861723,0.4791366906474821,Deficient,0.0,1.0,Jul,0.1577854439494926,0.32907075873827796,0.07639419404125286,0.19911504424778761,0.19428801287208367,0.1760901314416858,0.15979324755306282,0.1617720590686356,0.1666414637834568,0.17364674722728027,0.18008264462809917,0.12886297376093295,0.04476534296028881
Assam,0.3333333333333144,0.30264890726324034,0.30523713193976176,0.9489953632148377,0.30119316658367495,0.45611510791366916,Excess,0.2857142857142857,0.0,Jul,0.302207187594199,0.39641943734015345,0.40030557677616496,0.1851032448377581,0.31214802896218824,0.32589192572501563,0.3083140877598153,0.3055101836727891,0.2994480568577045,0.3083374717210175,0.29785123966942145,0.31807580174927114,0.3992779783393502
Assam,0.44444444444442865,0.2692083284711687,0.30523713193976176,0.7295208655332303,0.2712682422338837,0.47050359712230216,Normal,0.7857142857142857,0.0,Jul,0.26754194996148306,0.3213981244671782,0.3254392666157372,0.1592920353982301,0.2920353982300885,0.2754016273732527,0.2765863851314198,0.2710090336344545,0.279298351731438,0.2641394912542074,0.2830578512396694,0.33090379008746357,0.32996389891696754
Assam,0.5555555555555429,0.26885825262140123,0.30523713193976176,0.7264296754250386,0.2700329413567243,0.4661870503597121,Normal,0.6428571428571428,0.0,Jul,0.26402518672338143,0.11338448422847401,0.27960275019098546,0.27654867256637167,0.28761061946902655,0.2537033173377843,0.27559661277906083,0.2675089169638988,0.26852411915923174,0.2813000055178503,0.2804132231404959,0.23177842565597667,0.16534296028880865
Assam,0.6666666666666572,0.1608265124110224,0.30523713193976176,0.015455950540958274,0.16266710077756927,0.4733812949640288,Deficient,0.0,1.0,Jul,0.16224001071775465,0.026427962489343565,0.27883880825057294,0.1047197640117994,0.14883346741753822,0.14333402879198834,0.16611679313757838,0.1662055401846728,0.163314683199758,0.16200408320918172,0.17818181818181816,0.16151603498542275,0.14296028880866427
Assam,0.7777777777777715,0.20166035974461133,0.30523713193976176,0.2843894899536321,0.20237867238671625,0.4647482014388489,Normal,0.0,0.0,Jul,0.20561342398767463,0.31031543052003413,0.15889992360580596,0.18805309734513273,0.16090104585679807,0.24869601502190697,0.19982404047069174,0.20937364578819292,0.20489944049599274,0.19974617888870497,0.21578512396694216,0.19854227405247812,0.2851985559566787
Assam,0.8888888888888857,0.29814793205194456,0.30523713193976176,0.9196290571870169,0.2994216110621673,0.4676258992805755,Excess,0.42857142857142855,0.0,Jul,0.30337944200689954,0.4339300937766411,0.1367456073338426,0.35398230088495575,0.2791633145615447,0.33569789276027545,0.3029253271747498,0.306676889229641,0.3022833812188114,0.30281962147547314,0.2898347107438016,0.3521865889212828,0.24043321299638987
Assam,1.0,0.2782769600080017,0.30523713193976176,0.7882534775888717,0.2741601869230475,0.44316546762589937,Excess,0.3571428571428571,0.0,Jul,0.27507787118598653,0.32480818414322254,0.16959511077158135,0.278023598820059,0.2594529364440869,0.2820780304610891,0.26982294072363355,0.2785092836427881,0.279147134432179,0.28698339127076095,0.26570247933884295,0.28775510204081634,0.3689530685920578
Meghalaya,0.0,0.5973460916531915,1.0,0.16074188562596597,0.594620216800092,0.45755395683453237,Normal,0.0,0.0,Jul,0.5942660012727334,0.4705882352941177,0.4568372803666921,0.5825958702064896,0.6436041834271923,0.6302941790110579,0.6000219949411636,0.5961865395513183,0.5976485709965219,0.5949346134745903,0.59,0.6349854227405248,0.5328519855595668
Meghalaya,0.11111111111111427,0.6931251771217096,1.0,0.35857805255023184,0.6958478568966179,0.46906474820143873,Normal,0.0,0.0,Jul,0.6933717386207591,0.6649616368286445,0.7410236822001527,0.7035398230088495,0.6440064360418343,0.734612977258502,0.700703838117233,0.6948231607720257,0.6942008165734159,0.6943662748992994,0.7077685950413223,0.7775510204081633,0.4909747292418773
Meghalaya,0.22222222222220012,0.7106039641922417,1.0,0.3941267387944358,0.714904048722565,0.4719424460431656,Normal,0.0,0.0,Jul,0.7180560672539104,0.7510656436487638,0.657754010695187,0.5435103244837758,0.7493966210780371,0.7323179636970583,0.7154404486967997,0.7193906463548784,0.7176016936337517,0.710257683606467,0.7142148760330579,0.7122448979591837,0.6707581227436824
Meghalaya,0.3333333333333144,0.6065064097221065,1.0,0.18083462132921174,0.6059390201861571,0.46187050359712223,Normal,0.0,0.0,Jul,0.6118163244800215,0.6922421142369992,0.4789915966386554,0.42920353982300885,0.5374094931617055,0.5716670143959942,0.6098097437589355,0.6136537884596153,0.6101996068350218,0.6007283562324119,0.5935537190082645,0.5865889212827988,0.4339350180505415
Meghalaya,0.44444444444442865,0.9534899228166103,1.0,0.8948995363214838,0.9501666219787798,0.460431654676259,Excess,0.5714285714285714,0.0,Jul,0.9538466691228188,0.8934356351236147,0.8349885408708937,0.7323008849557522,0.8813354786806115,0.9622365950344253,0.9507313317936875,0.9540651355045167,0.9494934220474822,0.9503945262925565,0.9425619834710743,0.9740524781341109,0.9638989169675091
Meghalaya,0.5555555555555429,0.9999999999999999,1.0,0.990726429675425,1.0,0.4647482014388489,Excess,0.07142857142857142,0.0,Jul,1.0,1.0,1.0,0.9999999999999999,1.0,1.0,1.0,0.9999999999999998,0.9999999999999999,1.0,1.0,1.0,1.0
Meghalaya,0.6666666666666572,0.7608148432160301,1.0,0.49768160741885625,0.7668058375148429,0.4733812949640288,Normal,0.0,0.0,Jul,0.7660850051914124,0.9317988064791134,0.6844919786096256,0.8200589970501475,0.7421560740144811,0.7356561652409765,0.7635543824920268,0.7671922397413246,0.7680704672614547,0.7713954643270983,0.7694214876033058,0.8174927113702624,0.7675090252707581
Meghalaya,0.7777777777777715,0.8473835997799524,1.0,0.6769706336939721,0.8517160148619145,0.47050359712230216,Normal,0.42857142857142855,0.0,Jul,0.8533007334963326,0.8414322250639387,0.8999236058059586,0.6733038348082595,0.8584070796460178,0.886292509910286,0.8484548553832619,0.8539951331711055,0.8541509148646604,0.846658941676323,0.8585123966942149,0.860932944606414,0.631768953068592
Meghalaya,0.8888888888888857,0.9050710987380599,1.0,0.7959814528593508,0.904987168192439,0.4647482014388489,Excess,0.8571428571428571,0.0,Jul,0.9071239575308974,0.9156010230179029,0.7379679144385026,0.9107669616519174,0.9408688656476267,0.9094512831212185,0.8911250412405147,0.9075635854528482,0.9124829880538333,0.9135904651547758,0.8935537190082645,0.9055393586005831,0.8981949458483756
Meghalaya,1.0,0.6077150049177322,1.0,0.1823802163833076,0.6090895162217032,0.4661870503597121,Normal,0.0,0.0,Jul,0.6164383561643836,0.7109974424552431,0.6684491978609625,0.5567846607669616,0.669750603378922,0.6102649697475485,0.6065105025844056,0.6182539417980598,0.6070996522002117,0.6192131545549855,0.5933884297520661,0.6376093294460641,0.4072202166064982
Manipur,0.0,0.137546468401487,0.15340525960890086,0.732612055641422,0.14149461830160495,0.4920863309352519,Normal,0.14285714285714285,0.0,Jul,0.14331647519844593,0.1841432225063939,0.1948051948051948,0.08997050147492625,0.11745776347546259,0.10577926142290842,0.13763334433080393,0.14737157905263507,0.1402162407379404,0.1498648126689842,0.15363636363636363,0.1358600583090379,0.1624548736462094
Manipur,0.11111111111111427,0.1410055512027606,0.15340525960890086,0.7758887171561051,0.14324702187152874,0.4776978417266189,Excess,0.5,0.0,Jul,0.14512509629232678,0.16709292412617222,0.0022918258212375857,0.20870206489675516,0.15526950925181016,0.1706655539328187,0.14989552402947326,0.14917163905463515,0.14577347648570993,0.13805661314351927,0.15140495867768594,0.16822157434402332,0.19711191335740075
Manipur,0.22222222222220012,0.132236984680014,0.15340525960890086,0.6661514683153014,0.13630443942237716,0.4949640287769783,Normal,0.7857142857142857,0.0,Jul,0.13591452590682254,0.08951406649616368,0.09320091673032849,0.021386430678466076,0.09452936444086887,0.1472981431253912,0.1342241284504564,0.1400046668222274,0.14206865265386356,0.1382221486508856,0.1456198347107438,0.12244897959183673,0.09530685920577617
Manipur,0.3333333333333144,0.10112190974711187,0.15340525960890086,0.27202472952086554,0.10143831156394838,0.4589928057553956,Normal,0.0,0.0,Jul,0.1010818233580065,0.0076726342710997444,0.04125286478227655,0.018436578171091445,0.057522123893805316,0.10098059670352598,0.11387880787418894,0.10533684456148537,0.10097535158022078,0.09705898581912488,0.11272727272727273,0.0988338192419825,0.1855595667870036
Manipur,0.44444444444442865,0.13200360078016904,0.15340525960890086,0.6630602782071098,0.13130578005898802,0.4517985611510791,Normal,0.42857142857142855,0.0,Jul,0.12965133804467965,0.2421142369991475,0.056531703590527116,0.17920353982300885,0.09533386967015285,0.17483830586271648,0.1384581546244364,0.1337711257041901,0.13303341902313623,0.13022126579484633,0.14330578512396694,0.1119533527696793,0.14729241877256316
Manipur,0.5555555555555429,0.08460166369380032,0.15340525960890086,0.06336939721792889,0.08484314551652815,0.45755395683453237,Deficient,0.0,1.0,Jul,0.08771812305322034,0.1867007672634271,0.18105423987776928,0.06858407079646019,0.16532582461786002,0.11475067807218861,0.09457824700318927,0.09203640121337377,0.08392560108876454,0.08376096672736304,0.08867768595041321,0.06763848396501457,0.05415162454873646
Manipur,0.6666666666666572,0.15019920982879623,0.15340525960890086,0.8933539412673879,0.15118550580304135,0.4661870503597121,Excess,0.07142857142857142,0.0,Jul,0.15048397360752924,0.27024722932651324,0.1825821237585943,0.24410029498525074,0.19629927594529364,0.15042770707281453,0.14692620697239636,0.15450515017167238,0.15824890367458036,0.15372730784086522,0.16041322314049586,0.11661807580174927,0.2072202166064982
Manipur,0.7777777777777715,0.12541884074882892,0.15340525960890086,0.5795981452859351,0.1278967326770598,0.4805755395683453,Normal,0.0,0.0,Jul,0.1301872257761999,0.0,0.0,0.26327433628318586,0.09895414320193083,0.15230544544126853,0.13570878697899486,0.13430447681589383,0.137456525026463,0.12481377255421289,0.11512396694214877,0.12769679300291545,0.007220216606498195
Manipur,0.8888888888888857,0.0813676296530915,0.15340525960890086,0.02318392581143741,0.08175968131152565,0.4589928057553956,Deficient,0.0,1.0,Jul,0.07462236661419432,0.041773231031543054,0.16653934300993123,0.09660766961651918,0.05430410297666935,0.10035468391404131,0.07945672495326075,0.07900263342111402,0.08997429305912595,0.08949953098272913,0.0952892561983471,0.037900874635568516,0.1732851985559567
Manipur,1.0,0.1288195775751413,0.15340525960890086,0.6228748068006182,0.13260811276669093,0.4920863309352519,Normal,0.5714285714285714,0.0,Jul,0.13226379073584085,0.15942028985507248,0.16195569136745605,0.22713864306784662,0.14400643604183427,0.14166492802002922,0.14313207962168703,0.13637121237374578,0.13246635415091484,0.1384428626607074,0.13,0.10991253644314869,0.14512635379061373
Mizoram,0.0,0.1912080950872689,0.2694987637671387,0.3802163833075734,0.1948711073658406,0.48345323741007196,Normal,0.0,0.0,Jul,0.19633586763573033,0.1577152600170503,0.2169595110771581,0.21386430678466076,0.18543845534995979,0.1927811391612769,0.19394039370944682,0.2001400046668222,0.1949947073945259,0.20553992164652654,0.19570247933884297,0.2594752186588921,0.26714801444043323
Mizoram,0.11111111111111427,0.18894927234234085,0.2694987637671387,0.36476043276661513,0.19156739571762366,0.47625899280575545,Normal,0.0,0.0,Jul,0.19556552902167,0.32310315430520037,0.05958747135217723,0.29793510324483774,0.2091713596138375,0.15793866054663053,0.19498515341471465,0.19937331244374812,0.18682897323453798,0.19478011366771508,0.20148760330578513,0.24081632653061222,0.14368231046931407
Mizoram,0.22222222222220012,0.16751129411372465,0.2694987637671387,0.205564142194745,0.16553989351514922,0.4446043165467626,Normal,0.0,0.0,Jul,0.16130220718759422,0.021312872975277068,0.18334606569900685,0.13938053097345132,0.23974255832662913,0.1370749008971417,0.174694820191356,0.16527217573919128,0.16694389838197488,0.1712740716216962,0.17057851239669422,0.20379008746355687,0.2685920577617329
Mizoram,0.3333333333333144,0.22640738826745796,0.2694987637671387,0.6414219474497682,0.22602175661699933,0.4589928057553956,Normal,0.07142857142857142,0.0,Jul,0.23006330173828587,0.39215686274509803,0.3292589763177998,0.2308259587020649,0.27795655671761865,0.2445232630920092,0.2196194875178709,0.2337077902596753,0.22459549372448204,0.232853280361971,0.2371074380165289,0.1932944606413994,0.12346570397111915
Mizoram,0.44444444444442865,0.22204811042392517,0.2694987637671387,0.6089644513137558,0.22434596085341102,0.4733812949640288,Normal,0.0,0.0,Jul,0.21840774357772047,0.36317135549872126,0.3262032085561497,0.2485250737463127,0.17377312952534194,0.2587106196536616,0.23309138898053447,0.2221074035801193,0.22992590352336303,0.22176240136842687,0.23611570247933883,0.29737609329446063,0.06209386281588448
Mizoram,0.5555555555555429,0.2613983029656425,0.2694987637671387,0.9010819165378671,0.26419159612364507,0.47482014388489224,Excess,0.7857142857142857,0.0,Jul,0.25618782864989786,0.3154305200341006,0.3896103896103896,0.22640117994100295,0.3141592920353982,0.23117045691633634,0.2598702298471352,0.2597086569552319,0.2727960078632995,0.27252662362743474,0.2767768595041322,0.33177842565597665,0.11191335740072203
Mizoram,0.6666666666666572,0.24677846866821143,0.2694987637671387,0.7928902627511591,0.24631324932010573,0.4589928057553956,Excess,0.5,0.0,Jul,0.2464748635160934,0.23017902813299235,0.1306340718105424,0.21607669616519173,0.17256637168141592,0.29000625912789485,0.23968987132959418,0.25004166805560185,0.25147436866777556,0.26171163714616785,0.2395867768595041,0.2204081632653061,0.07725631768953069
Mizoram,0.7777777777777715,0.24797872872455698,0.2694987637671387,0.8021638330757341,0.24721339104454748,0.45755395683453237,Excess,0.5714285714285714,0.0,Jul,0.2508624443179154,0.20034100596760443,0.1711229946524064,0.14601769911504425,0.18543845534995979,0.2338827456707699,0.24705817661937757,0.2544084802826761,0.24561469832148794,0.24582022843900017,0.26206611570247934,0.22536443148688046,0.17472924187725633
Mizoram,0.8888888888888857,0.16084318268958273,0.2694987637671387,0.15610510046367854,0.15964109242731836,0.45035971223021587,Normal,0.0,0.0,Jul,0.16207254580165456,0.028132992327365727,0.14820473644003054,0.08923303834808259,0.17135961383748996,0.1923638639682871,0.15599912020235346,0.16603886796226539,0.165356116739755,0.15781051702256801,0.16950413223140495,0.14868804664723032,0.1407942238267148
Mizoram,1.0,0.15099938319969328,0.2694987637671387,0.08191653786707881,0.15445091354809057,0.4863309352517986,Deficient,0.0,0.0,Jul,0.1541012157952909,0.1466325660699062,0.08479755538579067,0.23377581120943952,0.08045052292839903,0.15042770707281453,0.15335972726272956,0.1581052701756725,0.15658551338273094,0.1595762291011422,0.16487603305785123,0.20699708454810495,0.08231046931407943
Nagaland,0.0,0.16722789937819862,0.21105866486850977,0.5409582689335394,0.17007890604052553,0.4805755395683453,Normal,0.0,0.0,Jul,0.1706467495059785,0.2932651321398124,0.30863254392666156,0.26843657817109146,0.14641995172968625,0.1479240559148759,0.1700758825470142,0.17457248574952494,0.17155602600937545,0.17166032113888433,0.18297520661157024,0.16559766763848396,0.25415162454873647
Nagaland,0.11111111111111427,0.1531581842732592,0.21105866486850977,0.4080370942812983,0.1549201363618953,0.4719424460431656,Normal,0.0,0.0,Jul,0.1489098033961885,0.10400682011935208,0.13216195569136746,0.2182890855457227,0.09332260659694289,0.13394533694971836,0.16633674254921368,0.15293843128104267,0.15862694692272794,0.15979694311096398,0.1574380165289256,0.18396501457725947,0.05992779783393502
Nagaland,0.22222222222220012,0.16880324070215214,0.21105866486850977,0.5548686244204019,0.16684222622285214,0.4446043165467626,Normal,0.0,0.0,Jul,0.16522088622433603,0.13554987212276215,0.2093200916730328,0.048672566371681415,0.18020917135961384,0.1487586063008554,0.16699659078411966,0.16917230574352476,0.16841826704975046,0.18076477404403246,0.16628099173553718,0.23323615160349853,0.28736462093862813
Nagaland,0.3333333333333144,0.1707953389901145,0.21105866486850977,0.5734157650695517,0.1736411690351247,0.4791366906474821,Normal,0.0,0.0,Jul,0.1756037110225408,0.05882352941176471,0.12375859434682962,0.24410029498525074,0.14923572003218022,0.14249947840600877,0.17513471901462666,0.1795059835327844,0.17968395584454858,0.16840478949401314,0.18099173553719008,0.15306122448979592,0.07148014440433213
Nagaland,0.44444444444442865,0.20327737676496574,0.21105866486850977,0.8778979907264297,0.20339372582066115,0.460431654676259,Excess,0.14285714285714285,0.0,Jul,0.20695314331647524,0.1287297527706735,0.11917494270435446,0.037610619469026545,0.2614641995172969,0.2338827456707699,0.2087869789948312,0.21070702356745225,0.20236655073340387,0.20691938420791262,0.20256198347107437,0.17230320699708454,0.17761732851985562
Nagaland,0.5555555555555429,0.21126244019537566,0.21105866486850977,0.9536321483771252,0.21337189259585554,0.4733812949640288,Excess,0.9285714285714285,0.0,Jul,0.21529289613825905,0.3742540494458653,0.23300229182582122,0.31710914454277284,0.25583266291230894,0.22511996661798458,0.2030682942923128,0.21900730024334142,0.21866021472856492,0.21828615571373397,0.22404958677685952,0.2294460641399417,0.2469314079422383
Nagaland,0.6666666666666572,0.192058279293847,0.21105866486850977,0.7727975270479135,0.19428697284253268,0.47482014388489224,Excess,0.2857142857142857,0.0,Jul,0.19248417456542857,0.1679454390451833,0.28189457601222306,0.07817109144542772,0.11544650040225261,0.17358648028374715,0.19141097547564062,0.1963065435514517,0.19817027067896564,0.20576063565634828,0.19669421487603306,0.20787172011661806,0.04187725631768953
Nagaland,0.7777777777777715,0.13938853418240618,0.21105866486850977,0.2797527047913446,0.14093921170567283,0.4719424460431656,Normal,0.0,0.0,Jul,0.13722075225240313,0.2693947144075022,0.2643239113827349,0.27507374631268433,0.18785197103781176,0.16670143959941583,0.13653359727262732,0.14130471015700521,0.14335399969756538,0.15041659769353863,0.1578512396694215,0.11632653061224489,0.24765342960288808
Nagaland,0.8888888888888857,0.18413989697767852,0.21105866486850977,0.6986089644513137,0.18827326004519862,0.4877697841726618,Normal,0.9285714285714285,0.0,Jul,0.1851492112402452,0.2318840579710145,0.0825057295645531,0.03687315634218289,0.19469026548672566,0.2030043813895264,0.1806884416584186,0.18900630021000697,0.1938983819748979,0.1962147547315566,0.20264462809917355,0.18396501457725947,0.11191335740072203
Nagaland,1.0,0.19821794722189806,0.21105866486850977,0.8299845440494591,0.20256061592676297,0.4863309352517986,Excess,0.14285714285714285,0.0,Jul,0.20079043440399236,0.2173913043478261,0.2711993888464477,0.10250737463126844,0.17216411906677392,0.1652409764239516,0.21115143516991094,0.2045734857828594,0.2091335248752457,0.1975942172929427,0.206198347107438,0.23498542274052475,0.12418772563176896
Tripura,0.0,0.19620917865537532,0.23578332209485275,0.6228748068006182,0.19678630252422724,0.46330935251798566,Normal,1.0,0.0,Jul,0.19888133436045152,0.24040920716112532,0.18716577540106952,0.1349557522123894,0.2614641995172969,0.18902566242436888,0.19800945782470034,0.2026734224474149,0.2012324209889611,0.19742868178557635,0.19834710743801653,0.24664723032069968,0.11119133574007221
Tripura,0.11111111111111427,0.1317618817410439,0.23578332209485275,0.07882534775888717,0.1292469452637224,0.43453237410071943,Deficient,0.0,0.0,Jul,0.13005325384331984,0.12105711849957375,0.053475935828877004,0.07595870206489676,0.18664521319388577,0.1742123930732318,0.1283404816892115,0.13417113903796793,0.14274913050052923,0.1271312696573415,0.1231404958677686,0.10524781341107872,0.14657039711191336
Tripura,0.22222222222220012,0.14028872922466534,0.23578332209485275,0.15146831530139104,0.1454590722794653,0.5021582733812948,Deficient,0.0,0.0,Jul,0.1436848980138661,0.309462915601023,0.11764705882352941,0.12979351032448377,0.1005631536604988,0.143959941581473,0.14725613108984936,0.14773825794193138,0.14860880084681685,0.1469955305413011,0.15842975206611568,0.19067055393586008,0.20072202166064984
Tripura,0.3333333333333144,0.12897794522146466,0.23578332209485275,0.055641421947449754,0.13433178840923893,0.5079136690647483,Deficient,0.0,1.0,Jul,0.13427336972904177,0.0,0.03590527119938885,0.16740412979351033,0.11584875301689462,0.12706029626538703,0.1409325855053338,0.13837127904263474,0.13968698019053377,0.1299453732825691,0.14016528925619834,0.1151603498542274,0.027436823104693142
Tripura,0.44444444444442865,0.1443562771933919,0.23578332209485275,0.18547140649149924,0.14400352395909144,0.45611510791366916,Normal,0.0,0.0,Jul,0.14157484007100515,0.09974424552429667,0.11611917494270434,0.2308259587020649,0.08407079646017698,0.17024827873982892,0.1484108655009348,0.14563818793959796,0.14872221382126113,0.14489874744799427,0.15223140495867768,0.15014577259475217,0.0332129963898917
Tripura,0.5555555555555429,0.13624618667377933,0.23578332209485275,0.11746522411128285,0.14227984831654347,0.510791366906475,Deficient,0.0,0.0,Jul,0.1405700505744047,0.16112531969309463,0.25362872421695953,0.07964601769911504,0.1749798873692679,0.15564364698518673,0.14918068844165844,0.14463815460515347,0.14172841373053074,0.14473321194062794,0.15421487603305783,0.13760932944606413,0.07292418772563176
Tripura,0.6666666666666572,0.12364345608215113,0.23578332209485275,0.010819165378670781,0.12240969854828207,0.446043165467626,Deficient,0.0,1.0,Jul,0.13005325384331984,0.24381926683716967,0.2108479755538579,0.0,0.13757039420756237,0.12685165866889214,0.11882766963598373,0.13417113903796793,0.12384696809314984,0.11918556530375767,0.13165289256198348,0.16384839650145774,0.0
Tripura,0.7777777777777715,0.20086852151299447,0.23578332209485275,0.6615146831530139,0.20723369211322637,0.4992805755395684,Normal,0.5,0.0,Jul,0.20544595907157454,0.2225063938618926,0.06875477463712758,0.08628318584070796,0.21078037007240547,0.19006885040684332,0.2132409545804465,0.20920697356578552,0.21253591410857398,0.20013242840589307,0.2206611570247934,0.20903790087463558,0.13501805054151625
Tripura,0.8888888888888857,0.1361461650024172,0.23578332209485275,0.115919629057187,0.13708009346152375,0.4661870503597121,Deficient,0.0,0.0,Jul,0.1386944435140838,0.0,0.13750954927425516,0.04277286135693215,0.21600965406275144,0.14854996870436055,0.13158473551083252,0.14277142571419044,0.1466429759564494,0.1465541025216576,0.12694214876033058,0.19533527696793002,0.20794223826714803
Tripura,1.0,0.1412222648240452,0.23578332209485275,0.15919629057187018,0.14151377025318881,0.460431654676259,Normal,0.0,0.0,Jul,0.1421442207857454,0.0,0.15278838808250572,0.028761061946902654,0.19589702333065168,0.13561443772167744,0.15368965138018256,0.14620487349578318,0.14089671858460603,0.1382221486508856,0.14851239669421487,0.18513119533527697,0.20866425992779783
Arunachal Pradesh,0.0,0.1978762065114108,0.3011912789390874,0.27666151468315303,0.19959206343126368,0.47050359712230216,Normal,0.0,0.0,Jul,0.2040392537763339,0.10741687979539642,0.03896103896103895,0.23303834808259588,0.12872083668543846,0.19757980388065932,0.20290333223358628,0.20780692689756322,0.19938000907303793,0.19693207526347736,0.20727272727272728,0.22798833819241984,0.12779783393501806
Arunachal Pradesh,0.11111111111111427,0.29619750946038303,0.3011912789390874,0.9319938176197836,0.29611789941395034,0.46187050359712223,Excess,0.5714285714285714,0.0,Jul,0.2995612419198178,0.42710997442455245,0.1925133689839572,0.1902654867256637,0.2936444086886565,0.3254746505320259,0.287913779830639,0.30287676255875196,0.30258581581732946,0.29415659658996857,0.3056198347107438,0.3685131195335277,0.13068592057761735
Arunachal Pradesh,0.22222222222220012,0.24852884791704868,0.3011912789390874,0.6151468315301392,0.2472516949477152,0.4546762589928057,Normal,0.0,0.0,Jul,0.2511973741501155,0.2173913043478261,0.15889992360580596,0.10914454277286136,0.22244569589702332,0.24765282703943253,0.25464643132079623,0.2547418247274909,0.24625737184333885,0.25045522264525744,0.24181818181818182,0.2271137026239067,0.31480144404332133
Arunachal Pradesh,0.3333333333333144,0.1626269024955407,0.3011912789390874,0.04173106646058733,0.16644961121538288,0.4877697841726618,Deficient,0.0,1.0,Jul,0.16589074588873634,0.14492753623188406,0.053475935828877004,0.26106194690265483,0.17176186645213196,0.14646359273941165,0.16584185637303422,0.1698389946331544,0.17397550279752,0.16128676267726097,0.18,0.22769679300291543,0.2664259927797834
Arunachal Pradesh,0.44444444444442865,0.25207961725040423,0.3011912789390874,0.6383307573415765,0.2545773164285441,0.4733812949640288,Normal,1.0,0.0,Jul,0.25575241986803765,0.30861040068201195,0.20702826585179526,0.3030973451327434,0.25422365245374096,0.2733152514083038,0.25272187396898715,0.25927530917697256,0.26122788446998335,0.24846879655686147,0.26694214876033057,0.2755102040816326,0.3234657039711191
Arunachal Pradesh,0.5555555555555429,0.17252904796039142,0.3011912789390874,0.10819165378670786,0.17457003868694224,0.4733812949640288,Deficient,0.0,0.0,Jul,0.17811568476404196,0.2736572890025576,0.1634835752482811,0.13864306784660768,0.1319388576025744,0.1827665345295222,0.1706257560761025,0.18200606686889562,0.1726145471041887,0.1857860177674778,0.1790082644628099,0.22565597667638485,0.21588447653429602
Arunachal Pradesh,0.6666666666666572,0.26131495157284074,0.3011912789390874,0.7001545595054096,0.2602271421457847,0.45611510791366916,Normal,0.8571428571428571,0.0,Jul,0.25699166024717823,0.2131287297527707,0.1634835752482811,0.15117994100294985,0.31536604987932426,0.2943876486542875,0.26212471131639725,0.26050868362278745,0.26376077423257216,0.26811234343099927,0.26355371900826446,0.3131195335276968,0.37545126353790614
Arunachal Pradesh,0.7777777777777715,0.25571373797656155,0.3011912789390874,0.6630602782071098,0.2531887999387138,0.44892086330935266,Normal,0.6428571428571428,0.0,Jul,0.2537093478916167,0.3316283034953112,0.12375859434682962,0.3606194690265487,0.2011263073209976,0.2722720634258294,0.251787088969537,0.2572419080636021,0.26066081959776194,0.2580698559841086,0.24826446280991732,0.23615160349854228,0.2028880866425993
Arunachal Pradesh,0.8888888888888857,0.27646823478420324,0.3011912789390874,0.8006182380216383,0.2738633316734976,0.45035971223021587,Excess,0.07142857142857142,0.0,Jul,0.27494389925310647,0.3657289002557545,0.31703590527119935,0.2028023598820059,0.32180209171359614,0.24556645107448363,0.2709226877818102,0.2783759458648622,0.2742703765310751,0.2746234067207416,0.2909917355371901,0.3486880466472303,0.1884476534296029
Arunachal Pradesh,1.0,0.19119975994798874,0.3011912789390874,0.23183925811437403,0.18845520358524537,0.44316546762589937,Normal,0.0,0.0,Jul,0.19003918679036746,0.3273657289002558,0.31092436974789917,0.15044247787610618,0.11786001609010459,0.15898184852910496,0.1956999890025294,0.19387312910430346,0.1884545592015726,0.19764939579539811,0.1793388429752066,0.24052478134110786,0.11480144404332131
Sikkim,0.0,0.15983463083668129,0.29647111710496743,0.040185471406491535,0.16177653502891948,0.4733812949640288,Deficient,0.0,1.0,Jul,0.1569146263857722,0.19948849104859334,0.12070282658517953,0.2861356932153392,0.16733708769107,0.1472981431253912,0.1676014516661168,0.16090536351211707,0.17038409194011792,0.1618937262042708,0.16611570247933885,0.12157434402332362,0.1220216606498195
Sikkim,0.11111111111111427,0.27741844066214344,0.29647111710496743,0.8361669242658424,0.2755870073160456,0.4532374100719425,Excess,0.9285714285714285,0.0,Jul,0.27742238001138764,0.39386189258312027,0.17570664629488159,0.1696165191740413,0.3246178600160901,0.319632797830169,0.27048278895853956,0.2808426947564919,0.279147134432179,0.2896319593886222,0.2672727272727273,0.26384839650145775,0.3184115523465704
Sikkim,0.22222222222220012,0.28310300565122437,0.29647111710496743,0.8748068006182381,0.2825678936683649,0.4589928057553956,Excess,0.14285714285714285,0.0,Jul,0.27990086076966875,0.3836317135549872,0.3346065699006875,0.25147492625368734,0.31013676588897826,0.2939703734612978,0.27873089189486416,0.2833094436481216,0.2841751096325419,0.29614302267836456,0.28826446280991735,0.3306122448979592,0.20577617328519857
Sikkim,0.3333333333333144,0.21449647423608448,0.29647111710496743,0.41112828438948995,0.21667560424407248,0.4733812949640288,Normal,0.0,0.0,Jul,0.21676658739993973,0.28644501278772383,0.06646294881588999,0.05752212389380531,0.19549477071600968,0.23722094721468812,0.2103816122291873,0.22047401580052667,0.2151822168456071,0.227500965623793,0.2317355371900826,0.20787172011661806,0.11335740072202166
Sikkim,0.44444444444442865,0.21491323120009334,0.29647111710496743,0.4126738794435858,0.2149710805531084,0.460431654676259,Normal,0.0,0.0,Jul,0.21070435743711693,0.13725490196078433,0.25515660809778457,0.2912979351032448,0.24094931617055512,0.24827873982891718,0.21527548663807325,0.21444048134937826,0.2228186904581884,0.21629972962533797,0.22471074380165287,0.20495626822157434,0.07075812274368232
Sikkim,0.5555555555555429,0.30120692816776967,0.29647111710496743,0.9969088098918084,0.30313708966943737,0.47050359712230216,Excess,0.8571428571428571,0.0,Jul,0.30689620524500116,0.19693094629156013,0.4308632543926661,0.4122418879056047,0.3439259855189059,0.32088462340913837,0.3046299351149236,0.31017700590019665,0.3021699682443671,0.3043646195442256,0.308595041322314,0.3119533527696793,0.24548736462093865
Sikkim,0.6666666666666572,0.25262973644289594,0.29647111710496743,0.6676970633693973,0.24992339219366455,0.4474820143884892,Normal,0.07142857142857142,0.0,Jul,0.24781458284489402,0.26513213981244677,0.2811306340718105,0.08849557522123894,0.23813354786806115,0.24055914875860632,0.24667326514901575,0.2513750458348612,0.25843036443369116,0.25735253545218784,0.24826446280991732,0.26793002915451897,0.2216606498194946
Sikkim,0.7777777777777715,0.25066264357277407,0.29647111710496743,0.6553323029366306,0.24804650093844566,0.44892086330935266,Normal,0.07142857142857142,0.0,Jul,0.24577151086847307,0.35805626598465473,0.3246753246753247,0.25737463126843657,0.24979887369267903,0.22032130189860213,0.248212911030463,0.2493416447214907,0.261908362316649,0.24681344148319817,0.24297520661157024,0.314868804664723,0.3509025270758123
Sikkim,0.8888888888888857,0.2551802890626302,0.29647111710496743,0.6862442040185471,0.2559466809667906,0.4647482014388489,Normal,0.42857142857142855,0.0,Jul,0.252168670663496,0.2932651321398124,0.21772345301757065,0.16519174041297935,0.29525341914722447,0.23868141039015234,0.26157483778730894,0.25570852361745394,0.2613034931196128,0.2648016332836727,0.24966942148760332,0.22274052478134113,0.11985559566787005
Sikkim,1.0,0.17197059362861955,0.29647111710496743,0.12210200927357029,0.1707875282491286,0.4517985611510791,Deficient,0.0,0.0,Jul,0.1671634792510969,0.2506393861892583,0.04507257448433919,0.30383480825958703,0.12067578439259856,0.18610473607344044,0.17304519960409107,0.17110570352345075,0.16924996219567515,0.17944048998510181,0.1866115702479339,0.22653061224489796,0.14945848375451262
Andaman & Nicobar,0.0,0.3134762531881907,0.3459204315576534,0.7805255023183926,0.31219596276860617,0.45755395683453237,Excess,0.3571428571428571,0.0,Jul,0.31841779147268645,0.38533674339300944,0.361344537815126,0.28023598820059,0.32984714400643605,0.3452952221990403,0.3128230506983394,0.32164405480182673,0.31895508846212,0.30988246978976997,0.30107438016528926,0.31924198250728864,0.29025270758122745
Andaman & Nicobar,0.11111111111111427,0.2830613299548235,0.3459204315576534,0.6043276661514683,0.28646531581568163,0.47625899280575545,Normal,0.0,0.0,Jul,0.2840874836721707,0.2412617220801364,0.3926661573720397,0.22787610619469026,0.22164119066773935,0.30732317963697064,0.28038051248212914,0.28747624920830694,0.29022380160290334,0.29586713016608734,0.2962809917355372,0.3239067055393586,0.3025270758122744
Andaman & Nicobar,0.22222222222220012,0.3424992081617683,0.3459204315576534,0.9505409582689335,0.34237943846477964,0.46187050359712223,Excess,0.5,0.0,Jul,0.3447097833003986,0.28644501278772383,0.16730328495034374,0.24115044247787612,0.2908286403861625,0.3624035051116211,0.34669526009017926,0.34781159371979065,0.33921820656283075,0.3511008111239861,0.33975206611570247,0.3848396501457726,0.3184115523465704
Andaman & Nicobar,0.3333333333333144,0.20128527847700334,0.3459204315576534,0.12673879443585778,0.20399701229555295,0.47625899280575545,Deficient,0.0,0.0,Jul,0.20353685902803365,0.31884057971014496,0.31932773109243695,0.17182890855457228,0.19991954947707163,0.1923638639682871,0.2126910810513582,0.20730691023034098,0.2024421593830334,0.20140153396236826,0.2184297520661157,0.160932944606414,0.1285198555956679
Andaman & Nicobar,0.44444444444442865,0.2750429259672929,0.3459204315576534,0.5564142194744977,0.27885241506109476,0.4791366906474821,Normal,0.0,0.0,Jul,0.27641759051478715,0.16709292412617222,0.13292589763177998,0.3414454277286135,0.33467417538214,0.3083663676194451,0.2857692730671946,0.2798426614220474,0.2839482836836533,0.2764994758042267,0.2841322314049587,0.35189504373177843,0.16389891696750902
Andaman & Nicobar,0.5555555555555429,0.24670345241468986,0.3459204315576534,0.3910355486862442,0.2451737082008657,0.4532374100719425,Normal,0.0,0.0,Jul,0.24171885989885122,0.2514919011082694,0.12070282658517953,0.10029498525073746,0.29686242960579245,0.29271854788232843,0.24689321456065108,0.24530817693923126,0.24440495992741568,0.25955967555040554,0.2493388429752066,0.24431486880466471,0.21227436823104692
Andaman & Nicobar,0.6666666666666572,0.23436744628002734,0.3459204315576534,0.31993817619783615,0.23452522312023596,0.46187050359712223,Normal,0.0,0.0,Jul,0.23706333523126907,0.2421142369991475,0.3300229182582124,0.23967551622418878,0.26347546259050686,0.22929271854788236,0.24199934015176514,0.2406746891563052,0.23287464085891424,0.24030237819345585,0.2303305785123967,0.28775510204081634,0.18700361010830324
Andaman & Nicobar,0.7777777777777715,0.35090102855618716,0.3459204315576534,1.0,0.35078714521009696,0.46187050359712223,Excess,0.5,0.0,Jul,0.35589643969588375,0.22591645353793693,0.41252864782276544,0.36725663716814155,0.38736926790024134,0.3413311078656374,0.35191905861651823,0.3589452981766059,0.3508619386057764,0.3483418860012139,0.3555371900826446,0.3772594752186589,0.24620938628158848
Andaman & Nicobar,0.8888888888888857,0.2804190908030073,0.3459204315576534,0.58887171561051,0.2802600835025089,0.460431654676259,Normal,0.0,0.0,Jul,0.27752285896104767,0.3069053708439898,0.1359816653934301,0.1224188790560472,0.21279163314561544,0.2939703734612978,0.2832948421862972,0.2809426980899363,0.286670195070316,0.2915080284721073,0.2688429752066116,0.30029154518950435,0.3025270758122744
Andaman & Nicobar,1.0,0.2229983163018654,0.3459204315576534,0.2534775888717156,0.22332133144367414,0.46187050359712223,Normal,0.0,0.0,Jul,0.22162306996684197,0.1687979539641944,0.24446142093200915,0.32005899705014745,0.27071600965406273,0.23617775923221368,0.23056197074672827,0.22530751025034165,0.22943444730077117,0.22667328808696136,0.21685950413223137,0.26384839650145775,0.21444043321299638
Lakshadweep,0.0,0.11182422858285962,0.1587997302764666,0.3601236476043277,0.11398283985138087,0.4791366906474821,Normal,0.0,0.0,Jul,0.10948856214623036,0.26086956521739135,0.0,0.05014749262536873,0.042236524537409496,0.140204464844565,0.11992741669416035,0.11370379012633752,0.11900801451686072,0.11471610660486675,0.1252892561983471,0.11836734693877551,0.07653429602888087
Lakshadweep,0.11111111111111427,0.15910947371930584,0.1587997302764666,0.9397217928902628,0.15690236335082547,0.44172661870503616,Excess,1.0,0.0,Jul,0.15708209130187228,0.08354646206308611,0.03514132925897631,0.1710914454277286,0.23491552695092519,0.15522637179219698,0.1526448916749148,0.16107203573452447,0.16365492212309085,0.1564862329636374,0.16892561983471074,0.23119533527696792,0.1292418772563177
Lakshadweep,0.22222222222220012,0.15962625235467684,0.1587997302764666,0.945904173106646,0.15977515608840542,0.460431654676259,Excess,0.07142857142857142,0.0,Jul,0.15919214924473327,0.2966751918158568,0.13750954927425516,0.2898230088495575,0.07964601769911506,0.17525558105570624,0.16534697019685474,0.1631721057368579,0.16252079237864808,0.16349390277547868,0.16140495867768595,0.20058309037900873,0.038267148014440436
Lakshadweep,0.3333333333333144,0.0948122093120176,0.1587997302764666,0.15146831530139104,0.0922453748036925,0.42302158273381285,Deficient,0.0,0.0,Jul,0.09321097230130289,0.09548167092924126,0.12375859434682962,0.11356932153392331,0.08165728077232502,0.08741915293135824,0.09045419553502695,0.09750325010833694,0.09428398608800846,0.10528058268498594,0.09033057851239669,0.054227405247813415,0.10252707581227437
Lakshadweep,0.44444444444442865,0.1312451031056729,0.1587997302764666,0.598145285935085,0.13104722871260582,0.45611510791366916,Normal,0.0,0.0,Jul,0.1321298188029608,0.2668371696504689,0.1489686783804431,0.07595870206489676,0.18141592920353983,0.14083037763404965,0.12548113933795227,0.13623787459581985,0.14191743535460455,0.13402858246427193,0.12933884297520662,0.10233236151603499,0.018050541516245487
Lakshadweep,0.5555555555555429,0.1179088802573891,0.1587997302764666,0.43431221020092736,0.11999655264871492,0.4776978417266189,Normal,0.0,0.0,Jul,0.11223498677027162,0.15942028985507248,0.0,0.23893805309734512,0.16049879324215607,0.1312330481952848,0.1287253931595733,0.1164372145738191,0.12207016482685619,0.12591734260332174,0.1337190082644628,0.1629737609329446,0.04259927797833935
Lakshadweep,0.6666666666666572,0.1596095820761165,0.1587997302764666,0.945904173106646,0.16029225878116984,0.4647482014388489,Excess,0.3571428571428571,0.0,Jul,0.15848879659711293,0.04092071611253197,0.26661573720397247,0.2853982300884956,0.10780370072405471,0.18443563530148135,0.15269987902782362,0.16247208240274674,0.16429759564494176,0.16625282789825085,0.17859504132231405,0.19387755102040816,0.13790613718411554
Lakshadweep,0.7777777777777715,0.14689015953456583,0.1587997302764666,0.7897990726429676,0.14447274677289618,0.4388489208633095,Excess,0.14285714285714285,0.0,Jul,0.14499112435944672,0.19693094629156013,0.09167303284950343,0.24557522123893802,0.06918744971842317,0.13018986021281034,0.15165511932255582,0.1490383012767092,0.15303190685014362,0.14131214478839046,0.13892561983471075,0.11690962099125364,0.04259927797833935
Lakshadweep,0.8888888888888857,0.11384133228866256,0.1587997302764666,0.3848531684698609,0.11699927222583982,0.48920863309352525,Normal,0.0,0.0,Jul,0.11179957798841143,0.025575447570332484,0.09243697478991596,0.0,0.16733708769107,0.1472981431253912,0.11943253051798088,0.11600386679555984,0.12290185997278089,0.12023395685041109,0.12958677685950415,0.1411078717201166,0.18628158844765344
Lakshadweep,1.0,0.13151182756263857,0.1587997302764666,0.6012364760432767,0.1305492779714253,0.44892086330935266,Normal,0.0,0.0,Jul,0.13246474863516094,0.11167945439045183,0.26585179526355995,0.1334808259587021,0.14963797264682221,0.11433340287919884,0.1377433190366216,0.13657121904063468,0.13125661575684255,0.12685537714506429,0.13983471074380163,0.1749271137026239,0.12563176895306857
Puducherry,0.0,0.09160318068914931,0.14385255113508652,0.22720247295208654,0.08875971961542882,0.418705035971223,Normal,0.0,0.0,Jul,0.08989516696252135,0.1568627450980392,0.0,0.06932153392330384,0.04022526146419952,0.07135405800125183,0.08896953700648852,0.09420314010467014,0.08940722818690457,0.0946863102135408,0.0971900826446281,0.10058309037900874,0.05054151624548737
Puducherry,0.11111111111111427,0.13745478186940505,0.14385255113508652,0.8423493044822257,0.1401827096181101,0.48201438848920874,Excess,0.6428571428571428,0.0,Jul,0.14254613658438559,0.025575447570332484,0.13292589763177998,0.0,0.06958970233306518,0.14980179428332985,0.14230726932805457,0.14660488682956097,0.14282473915015875,0.15262373779175636,0.12735537190082644,0.10379008746355685,0.0
Puducherry,0.22222222222220012,0.1422224815376665,0.14385255113508652,0.9072642967542504,0.14844677672654846,0.510791366906475,Excess,0.5,0.0,Jul,0.14813946478212817,0.16027280477408357,0.12070282658517953,0.08112094395280237,0.15728077232502014,0.14458585437095764,0.1445067634444078,0.15217173905796857,0.15401481929532737,0.15372730784086522,0.15545454545454546,0.17667638483965015,0.03176895306859206
Puducherry,0.3333333333333144,0.14871555503692466,0.14385255113508652,0.9938176197836166,0.14680928486612788,0.44316546762589937,Excess,0.2857142857142857,0.0,Jul,0.1421442207857454,0.2208013640238704,0.27883880825057294,0.03171091445427728,0.13032984714400644,0.15939912372209475,0.14269218079841636,0.14620487349578318,0.15575381823680626,0.15676212547591462,0.15049586776859503,0.16122448979591836,0.10974729241877257
Puducherry,0.44444444444442865,0.11802557220731158,0.14385255113508652,0.5826893353941267,0.1160704025740223,0.4374100719424461,Normal,0.0,0.0,Jul,0.1128043674850119,0.0,0.26279602750190983,0.0,0.19509251810136766,0.12831212184435636,0.13180468492246783,0.11700390013000432,0.12241040375018901,0.11587485515643106,0.10809917355371902,0.14373177842565596,0.023104693140794226
Puducherry,0.5555555555555429,0.11862570223548435,0.14385255113508652,0.5904173106646058,0.12310874478109321,0.5021582733812948,Normal,0.0,0.0,Jul,0.12318719228321669,0.0,0.06264323911382734,0.19321533923303835,0.11021721641190668,0.13540580012518258,0.12548113933795227,0.12733757791926398,0.12052018750945107,0.1279037686917177,0.13884297520661157,0.1577259475218659,0.10469314079422383
Puducherry,0.6666666666666572,0.121851401136913,0.14385255113508652,0.633693972179289,0.12059026314781476,0.4446043165467626,Normal,0.21428571428571427,0.0,Jul,0.12492882741065749,0.21227621483375958,0.15126050420168066,0.0,0.07441673370876911,0.15397454621322762,0.12042230287033984,0.12907096903230106,0.12445183729018598,0.12746234067207418,0.1124793388429752,0.09708454810495626,0.24259927797833936
Puducherry,0.7777777777777715,0.08511010718989115,0.14385255113508652,0.14064914992272026,0.08206611253686752,0.4115107913669065,Deficient,0.0,0.0,Jul,0.08724922128814014,0.06479113384484228,0.0985485103132162,0.051622418879056046,0.09090909090909093,0.13269351137074903,0.08105135818761686,0.09156971899063301,0.08812188114320278,0.08238150416597695,0.07909090909090909,0.14810495626822157,0.1884476534296029
Puducherry,0.8888888888888857,0.14253921683031323,0.14385255113508652,0.9119010819165378,0.14181062550273876,0.4517985611510791,Excess,0.9285714285714285,0.0,Jul,0.14070402250728473,0.319693094629156,0.04736440030557677,0.08849557522123894,0.17055510860820597,0.1472981431253912,0.144121851974046,0.1447714923830794,0.14841977922274305,0.14920267063951884,0.13611570247933882,0.15247813411078717,0.1444043321299639
Puducherry,1.0,0.09144481304282595,0.14385255113508652,0.22565687789799072,0.09177615198988778,0.4589928057553956,Normal,0.0,0.0,Jul,0.08899085641558094,0.0,0.1894576012223071,0.014011799410029498,0.08970233306516492,0.05946171500104319,0.09969207082371057,0.09330311010367011,0.09972780886133373,0.09485184572090714,0.08652892561983472,0.10379008746355685,0.0
