District,State,Year,Annual_Rainfall_mm_x,Flood_Occurred,Waterlogging_Occurred,Waterlogging_Days,Urban_Inundation_Hours,Roads_Blocked_Count,Drainage_Overflow,Flash_Flood,Flood_Severity_Enc,Waterlogging_Severity_Enc,Annual_Rainfall_mm_y,Monsoon_Rainfall_mm,Monsoon_Percent,Rainfall_Category_Enc,Flood_Risk_Enc,Clay_Percent,Sand_Percent,Silt_Percent,Organic_Matter_Percent,pH,Permeability_mm_per_hr,Flood_Absorption_Score,Soil_Type_Enc,Water_Retention_Capacity_Enc,Drainage_Speed_Enc,Waterlogging_Susceptibility_Enc,Mean_Elevation_m,Min_Elevation_m,Elevation_Std_Dev,Inundation_Depth_Potential_m,Terrain_Type_Enc,Flood_Risk_Elevation_Enc,Urban_Percent,Waterbody_Percent,Impervious_Surface_Percent,Runoff_Potential_Enc,Urban_Heat_Island_Risk_Enc,Drainage_Capacity_Percent,Drain_Coverage_Percent,Blocked_Drains_Percent,Overflow_Threshold_mm_per_hr,Pump_Stations,Drainage_Quality_Enc,Waterlogging_Risk_Enc,Drainage_Type_Enc,Mean_Slope_Degrees,Runoff_Coefficient,Impervious_Runoff_mm_per_100mm_rain,Time_to_Peak_Flow_hrs,Curve_Number,Slope_Category_Enc,Waterlogging_Potential_Enc,Flow_Speed_Enc,Flood_Threshold_Daily_mm,Waterlogging_Threshold_mm,Alert_Level_1_mm,Alert_Level_2_mm,Alert_Level_3_mm,Emergency_Level_mm,Base_Flood_Risk_Enc,IMD_Category_Enc,Number_of_Major_Rivers,Distance_to_Nearest_River_km,Number_of_Waterbodies,Flood_Plain_Area_sqkm,Flood_Risk_River_Enc,Breach_History_Enc,Reservoir_Enc,Population_Density_per_sqkm,Urban_Population_Percent,Vulnerable_Population_Percent,Flood_Exposure_Index,Avg_Soil_Moisture,Max_Soil_Moisture,Avg_Excess_Water,Max_Saturation_Enc,Max_Waterlogging_Risk_Enc
Visakhapatnam,Andhra Pradesh,0.0,0.42219387755102034,1.0,1.0,0.6590909090909091,0.2112676056338028,0.8987341772151899,1.0,0.0,0.0,0.6666666666666667,0.4321379392923426,0.4432855726156687,0.6514522821576763,0.75,0.6666666666666666,0.2345864661654135,0.6424870466321242,0.6147859922178986,0.4,0.642857142857143,0.6319148936170212,0.7906976744186047,0.625,0.6666666666666666,0.3333333333333333,1.0,0.17611026033690658,0.017133956386292833,0.5599144079885878,0.0,0.5,0.3333333333333333,0.5186781609195401,0.07936507936507937,0.5191570881226055,0.6666666666666666,0.3333333333333333,0.7042424242424242,0.024137931034482765,0.7495069033530571,0.46961325966850836,0.125,0.75,0.0,0.75,0.44386761842959116,0.015151515151515194,0.015151515151515194,0.2909090909090909,0.19512195121951215,0.75,0.25,0.75,0.7103574702108157,0.7099236641221375,0.7119266055045871,0.7102689486552567,0.7103574702108157,0.7102689486552567,0.0,1.0,1.0,0.5765124555160143,0.8448275862068965,0.5643316654753395,0.3333333333333333,0.0,0.0,0.02088418768646596,0.43870967741935485,0.9999999999999999,0.20604099244875945,0.4223260929337364,0.4719512195121951,0.0,0.5,0.3333333333333333
Visakhapatnam,Andhra Pradesh,0.11111111111111427,0.2709502551020408,0.0,0.0,0.0,0.0,0.0,0.0,0.0,0.5,0.6666666666666667,0.329820990241274,0.34596313647710564,0.7178423236514524,0.5,0.3333333333333333,0.2345864661654135,0.6424870466321242,0.6147859922178986,0.4,0.642857142857143,0.6319148936170212,0.7906976744186047,0.625,0.6666666666666666,0.3333333333333333,1.0,0.17611026033690658,0.017133956386292833,0.5599144079885878,0.0,0.5,0.3333333333333333,0.5186781609195401,0.07936507936507937,0.5191570881226055,0.6666666666666666,0.3333333333333333,0.7042424242424242,0.024137931034482765,0.7495069033530571,0.46961325966850836,0.125,0.75,0.0,0.75,0.44386761842959116,0.015151515151515194,0.015151515151515194,0.2909090909090909,0.19512195121951215,0.75,0.25,0.75,0.7103574702108157,0.7099236641221375,0.7119266055045871,0.7102689486552567,0.7103574702108157,0.7102689486552567,0.0,1.0,1.0,0.5765124555160143,0.8448275862068965,0.5643316654753395,0.3333333333333333,0.0,0.0,0.02088418768646596,0.43870967741935485,0.9999999999999999,0.20604099244875945,0.4223260929337364,0.4719512195121951,0.0,0.5,0.3333333333333333
Visakhapatnam,Andhra Pradesh,0.22222222222220012,0.4452168367346938,1.0,1.0,0.25,0.3380281690140845,0.02531645569620253,0.0,0.0,0.5,0.3333333333333333,0.4089385140393941,0.4079950757446227,0.5601659751037342,0.75,0.6666666666666666,0.2345864661654135,0.6424870466321242,0.6147859922178986,0.4,0.642857142857143,0.6319148936170212,0.7906976744186047,0.625,0.6666666666666666,0.3333333333333333,1.0,0.17611026033690658,0.017133956386292833,0.5599144079885878,0.0,0.5,0.3333333333333333,0.5186781609195401,0.07936507936507937,0.5191570881226055,0.6666666666666666,0.3333333333333333,0.7042424242424242,0.024137931034482765,0.7495069033530571,0.46961325966850836,0.125,0.75,0.0,0.75,0.44386761842959116,0.015151515151515194,0.015151515151515194,0.2909090909090909,0.19512195121951215,0.75,0.25,0.75,0.7103574702108157,0.7099236641221375,0.7119266055045871,0.7102689486552567,0.7103574702108157,0.7102689486552567,0.0,1.0,1.0,0.5765124555160143,0.8448275862068965,0.5643316654753395,0.3333333333333333,0.0,0.0,0.02088418768646596,0.43870967741935485,0.9999999999999999,0.20604099244875945,0.4223260929337364,0.4719512195121951,0.0,0.5,0.3333333333333333
Visakhapatnam,Andhra Pradesh,0.3333333333333144,0.22228954081632651,0.0,0.0,0.0,0.0,0.0,0.0,0.0,0.5,0.6666666666666667,0.17805184697359755,0.17251991929692576,0.4398340248962658,0.25,0.0,0.2345864661654135,0.6424870466321242,0.6147859922178986,0.4,0.642857142857143,0.6319148936170212,0.7906976744186047,0.625,0.6666666666666666,0.3333333333333333,1.0,0.17611026033690658,0.017133956386292833,0.5599144079885878,0.0,0.5,0.3333333333333333,0.5186781609195401,0.07936507936507937,0.5191570881226055,0.6666666666666666,0.3333333333333333,0.7042424242424242,0.024137931034482765,0.7495069033530571,0.46961325966850836,0.125,0.75,0.0,0.75,0.44386761842959116,0.015151515151515194,0.015151515151515194,0.2909090909090909,0.19512195121951215,0.75,0.25,0.75,0.7103574702108157,0.7099236641221375,0.7119266055045871,0.7102689486552567,0.7103574702108157,0.7102689486552567,0.0,1.0,1.0,0.5765124555160143,0.8448275862068965,0.5643316654753395,0.3333333333333333,0.0,0.0,0.02088418768646596,0.43870967741935485,0.9999999999999999,0.20604099244875945,0.4223260929337364,0.4719512195121951,0.0,0.5,0.3333333333333333
Visakhapatnam,Andhra Pradesh,0.44444444444442865,0.43529974489795914,1.0,1.0,0.8636363636363636,0.028169014084507043,0.7974683544303798,1.0,0.0,0.0,1.0,0.45006884990720225,0.44229388229661803,0.5103734439834029,0.75,0.6666666666666666,0.2345864661654135,0.6424870466321242,0.6147859922178986,0.4,0.642857142857143,0.6319148936170212,0.7906976744186047,0.625,0.6666666666666666,0.3333333333333333,1.0,0.17611026033690658,0.017133956386292833,0.5599144079885878,0.0,0.5,0.3333333333333333,0.5186781609195401,0.07936507936507937,0.5191570881226055,0.6666666666666666,0.3333333333333333,0.7042424242424242,0.024137931034482765,0.7495069033530571,0.46961325966850836,0.125,0.75,0.0,0.75,0.44386761842959116,0.015151515151515194,0.015151515151515194,0.2909090909090909,0.19512195121951215,0.75,0.25,0.75,0.7103574702108157,0.7099236641221375,0.7119266055045871,0.7102689486552567,0.7103574702108157,0.7102689486552567,0.0,1.0,1.0,0.5765124555160143,0.8448275862068965,0.5643316654753395,0.3333333333333333,0.0,0.0,0.02088418768646596,0.43870967741935485,0.9999999999999999,0.20604099244875945,0.4223260929337364,0.4719512195121951,0.0,0.5,0.3333333333333333
Visakhapatnam,Andhra Pradesh,0.5555555555555429,0.7448660714285714,1.0,1.0,0.5,0.6901408450704225,0.7341772151898734,1.0,1.0,1.0,0.6666666666666667,0.6349757528587678,0.6383407995075745,0.5933609958506225,1.0,1.0,0.2345864661654135,0.6424870466321242,0.6147859922178986,0.4,0.642857142857143,0.6319148936170212,0.7906976744186047,0.625,0.6666666666666666,0.3333333333333333,1.0,0.17611026033690658,0.017133956386292833,0.5599144079885878,0.0,0.5,0.3333333333333333,0.5186781609195401,0.07936507936507937,0.5191570881226055,0.6666666666666666,0.3333333333333333,0.7042424242424242,0.024137931034482765,0.7495069033530571,0.46961325966850836,0.125,0.75,0.0,0.75,0.44386761842959116,0.015151515151515194,0.015151515151515194,0.2909090909090909,0.19512195121951215,0.75,0.25,0.75,0.7103574702108157,0.7099236641221375,0.7119266055045871,0.7102689486552567,0.7103574702108157,0.7102689486552567,0.0,1.0,1.0,0.5765124555160143,0.8448275862068965,0.5643316654753395,0.3333333333333333,0.0,0.0,0.02088418768646596,0.43870967741935485,0.9999999999999999,0.20604099244875945,0.4223260929337364,0.4719512195121951,0.0,0.5,0.3333333333333333
Visakhapatnam,Andhra Pradesh,0.6666666666666572,0.2808354591836734,0.0,0.0,0.0,0.0,0.0,0.0,0.0,0.5,0.6666666666666667,0.24022630665149974,0.2377321068289847,0.5145228215767634,0.5,0.0,0.2345864661654135,0.6424870466321242,0.6147859922178986,0.4,0.642857142857143,0.6319148936170212,0.7906976744186047,0.625,0.6666666666666666,0.3333333333333333,1.0,0.17611026033690658,0.017133956386292833,0.5599144079885878,0.0,0.5,0.3333333333333333,0.5186781609195401,0.07936507936507937,0.5191570881226055,0.6666666666666666,0.3333333333333333,0.7042424242424242,0.024137931034482765,0.7495069033530571,0.46961325966850836,0.125,0.75,0.0,0.75,0.44386761842959116,0.015151515151515194,0.015151515151515194,0.2909090909090909,0.19512195121951215,0.75,0.25,0.75,0.7103574702108157,0.7099236641221375,0.7119266055045871,0.7102689486552567,0.7103574702108157,0.7102689486552567,0.0,1.0,1.0,0.5765124555160143,0.8448275862068965,0.5643316654753395,0.3333333333333333,0.0,0.0,0.02088418768646596,0.43870967741935485,0.9999999999999999,0.20604099244875945,0.4223260929337364,0.4719512195121951,0.0,0.5,0.3333333333333333
Visakhapatnam,Andhra Pradesh,0.7777777777777715,0.1344706632653061,0.0,0.0,0.0,0.0,0.0,0.0,0.0,0.5,0.6666666666666667,0.0945339160629827,0.09068836986629278,0.385892116182573,0.0,0.0,0.2345864661654135,0.6424870466321242,0.6147859922178986,0.4,0.642857142857143,0.6319148936170212,0.7906976744186047,0.625,0.6666666666666666,0.3333333333333333,1.0,0.17611026033690658,0.017133956386292833,0.5599144079885878,0.0,0.5,0.3333333333333333,0.5186781609195401,0.07936507936507937,0.5191570881226055,0.6666666666666666,0.3333333333333333,0.7042424242424242,0.024137931034482765,0.7495069033530571,0.46961325966850836,0.125,0.75,0.0,0.75,0.44386761842959116,0.015151515151515194,0.015151515151515194,0.2909090909090909,0.19512195121951215,0.75,0.25,0.75,0.7103574702108157,0.7099236641221375,0.7119266055045871,0.7102689486552567,0.7103574702108157,0.7102689486552567,0.0,1.0,1.0,0.5765124555160143,0.8448275862068965,0.5643316654753395,0.3333333333333333,0.0,0.0,0.02088418768646596,0.43870967741935485,0.9999999999999999,0.20604099244875945,0.4223260929337364,0.4719512195121951,0.0,0.5,0.3333333333333333
Visakhapatnam,Andhra Pradesh,0.8888888888888857,0.40727040816326526,1.0,1.0,1.0,0.7746478873239436,0.7974683544303798,1.0,0.0,0.0,1.0,0.3975633119798838,0.405190985876962,0.6265560165975104,0.75,0.6666666666666666,0.2345864661654135,0.6424870466321242,0.6147859922178986,0.4,0.642857142857143,0.6319148936170212,0.7906976744186047,0.625,0.6666666666666666,0.3333333333333333,1.0,0.17611026033690658,0.017133956386292833,0.5599144079885878,0.0,0.5,0.3333333333333333,0.5186781609195401,0.07936507936507937,0.5191570881226055,0.6666666666666666,0.3333333333333333,0.7042424242424242,0.024137931034482765,0.7495069033530571,0.46961325966850836,0.125,0.75,0.0,0.75,0.44386761842959116,0.015151515151515194,0.015151515151515194,0.2909090909090909,0.19512195121951215,0.75,0.25,0.75,0.7103574702108157,0.7099236641221375,0.7119266055045871,0.7102689486552567,0.7103574702108157,0.7102689486552567,0.0,1.0,1.0,0.5765124555160143,0.8448275862068965,0.5643316654753395,0.3333333333333333,0.0,0.0,0.02088418768646596,0.43870967741935485,0.9999999999999999,0.20604099244875945,0.4223260929337364,0.4719512195121951,0.0,0.5,0.3333333333333333
Visakhapatnam,Andhra Pradesh,1.0,0.32034438775510204,0.0,0.0,0.0,0.0,0.0,0.0,0.0,0.5,0.6666666666666667,0.3015027240615458,0.2983620011626714,0.5228215767634858,0.5,0.0,0.2345864661654135,0.6424870466321242,0.6147859922178986,0.4,0.642857142857143,0.6319148936170212,0.7906976744186047,0.625,0.6666666666666666,0.3333333333333333,1.0,0.17611026033690658,0.017133956386292833,0.5599144079885878,0.0,0.5,0.3333333333333333,0.5186781609195401,0.07936507936507937,0.5191570881226055,0.6666666666666666,0.3333333333333333,0.7042424242424242,0.024137931034482765,0.7495069033530571,0.46961325966850836,0.125,0.75,0.0,0.75,0.44386761842959116,0.015151515151515194,0.015151515151515194,0.2909090909090909,0.19512195121951215,0.75,0.25,0.75,0.7103574702108157,0.7099236641221375,0.7119266055045871,0.7102689486552567,0.7103574702108157,0.7102689486552567,0.0,1.0,1.0,0.5765124555160143,0.8448275862068965,0.5643316654753395,0.3333333333333333,0.0,0.0,0.02088418768646596,0.43870967741935485,0.9999999999999999,0.20604099244875945,0.4223260929337364,0.4719512195121951,0.0,0.5,0.3333333333333333
Vizianagaram,Andhra Pradesh,0.0,0.2920280612244898,0.0,0.0,0.0,0.0,0.0,0.0,0.0,0.5,0.6666666666666667,0.2887205891157277,0.298088431419485,0.6556016597510377,0.5,0.0,0.3368421052631579,0.5820379965457685,0.6303501945525292,0.36,0.7499999999999998,0.5872340425531916,0.18604651162790697,0.0,0.0,0.6666666666666666,0.3333333333333333,0.8330781010719754,0.7772585669781932,0.7796005706134095,0.0,1.0,0.0,0.15804597701149423,0.06349206349206347,0.15900383141762453,0.3333333333333333,0.0,0.43151515151515146,0.5793103448275863,1.0,0.8839779005524864,0.6666666666666666,0.5,0.3333333333333333,0.0,0.16709928617780662,0.40909090909090917,0.40909090909090917,0.6090909090909091,0.5609756097560976,0.5,0.5,0.5,0.11915673693858841,0.11908396946564881,0.11926605504587162,0.11858190709046462,0.11915673693858841,0.11919315403422986,1.0,0.0,0.0,0.5444839857651245,0.46551724137931033,0.484989278055754,0.3333333333333333,0.0,0.0,0.031136425278003792,0.49290322580645163,0.7177419354838709,0.49190938511326865,0.7449821281275777,0.7865853658536586,0.14573991031390138,0.75,0.6666666666666666
Vizianagaram,Andhra Pradesh,0.11111111111111427,0.47254464285714287,1.0,1.0,0.4090909090909091,0.056338028169014086,0.7468354430379747,1.0,0.0,0.5,0.3333333333333333,0.5060767526791594,0.509899805081558,0.5975103734439835,1.0,0.6666666666666666,0.3368421052631579,0.5820379965457685,0.6303501945525292,0.36,0.7499999999999998,0.5872340425531916,0.18604651162790697,0.0,0.0,0.6666666666666666,0.3333333333333333,0.8330781010719754,0.7772585669781932,0.7796005706134095,0.0,1.0,0.0,0.15804597701149423,0.06349206349206347,0.15900383141762453,0.3333333333333333,0.0,0.43151515151515146,0.5793103448275863,1.0,0.8839779005524864,0.6666666666666666,0.5,0.3333333333333333,0.0,0.16709928617780662,0.40909090909090917,0.40909090909090917,0.6090909090909091,0.5609756097560976,0.5,0.5,0.5,0.11915673693858841,0.11908396946564881,0.11926605504587162,0.11858190709046462,0.11915673693858841,0.11919315403422986,1.0,0.0,0.0,0.5444839857651245,0.46551724137931033,0.484989278055754,0.3333333333333333,0.0,0.0,0.031136425278003792,0.49290322580645163,0.7177419354838709,0.49190938511326865,0.7449821281275777,0.7865853658536586,0.14573991031390138,0.75,0.6666666666666666
Vizianagaram,Andhra Pradesh,0.22222222222220012,0.16154336734693878,0.0,0.0,0.0,0.0,0.0,0.0,0.0,0.5,0.6666666666666667,0.17787223852002632,0.1901993639503471,0.7344398340248963,0.25,0.0,0.3368421052631579,0.5820379965457685,0.6303501945525292,0.36,0.7499999999999998,0.5872340425531916,0.18604651162790697,0.0,0.0,0.6666666666666666,0.3333333333333333,0.8330781010719754,0.7772585669781932,0.7796005706134095,0.0,1.0,0.0,0.15804597701149423,0.06349206349206347,0.15900383141762453,0.3333333333333333,0.0,0.43151515151515146,0.5793103448275863,1.0,0.8839779005524864,0.6666666666666666,0.5,0.3333333333333333,0.0,0.16709928617780662,0.40909090909090917,0.40909090909090917,0.6090909090909091,0.5609756097560976,0.5,0.5,0.5,0.11915673693858841,0.11908396946564881,0.11926605504587162,0.11858190709046462,0.11915673693858841,0.11919315403422986,1.0,0.0,0.0,0.5444839857651245,0.46551724137931033,0.484989278055754,0.3333333333333333,0.0,0.0,0.031136425278003792,0.49290322580645163,0.7177419354838709,0.49190938511326865,0.7449821281275777,0.7865853658536586,0.14573991031390138,0.75,0.6666666666666666
Vizianagaram,Andhra Pradesh,0.3333333333333144,0.33176020408163265,1.0,1.0,0.045454545454545456,0.8450704225352113,0.8860759493670886,1.0,0.0,0.0,0.0,0.3506555708555349,0.3496221317922238,0.5518672199170127,0.75,0.3333333333333333,0.3368421052631579,0.5820379965457685,0.6303501945525292,0.36,0.7499999999999998,0.5872340425531916,0.18604651162790697,0.0,0.0,0.6666666666666666,0.3333333333333333,0.8330781010719754,0.7772585669781932,0.7796005706134095,0.0,1.0,0.0,0.15804597701149423,0.06349206349206347,0.15900383141762453,0.3333333333333333,0.0,0.43151515151515146,0.5793103448275863,1.0,0.8839779005524864,0.6666666666666666,0.5,0.3333333333333333,0.0,0.16709928617780662,0.40909090909090917,0.40909090909090917,0.6090909090909091,0.5609756097560976,0.5,0.5,0.5,0.11915673693858841,0.11908396946564881,0.11926605504587162,0.11858190709046462,0.11915673693858841,0.11919315403422986,1.0,0.0,0.0,0.5444839857651245,0.46551724137931033,0.484989278055754,0.3333333333333333,0.0,0.0,0.031136425278003792,0.49290322580645163,0.7177419354838709,0.49190938511326865,0.7449821281275777,0.7865853658536586,0.14573991031390138,0.75,0.6666666666666666
Vizianagaram,Andhra Pradesh,0.44444444444442865,0.7598214285714286,1.0,1.0,0.7954545454545455,0.5070422535211268,0.620253164556962,1.0,1.0,1.0,1.0,0.6500628629587499,0.6430940737954383,0.5394190871369293,1.0,1.0,0.3368421052631579,0.5820379965457685,0.6303501945525292,0.36,0.7499999999999998,0.5872340425531916,0.18604651162790697,0.0,0.0,0.6666666666666666,0.3333333333333333,0.8330781010719754,0.7772585669781932,0.7796005706134095,0.0,1.0,0.0,0.15804597701149423,0.06349206349206347,0.15900383141762453,0.3333333333333333,0.0,0.43151515151515146,0.5793103448275863,1.0,0.8839779005524864,0.6666666666666666,0.5,0.3333333333333333,0.0,0.16709928617780662,0.40909090909090917,0.40909090909090917,0.6090909090909091,0.5609756097560976,0.5,0.5,0.5,0.11915673693858841,0.11908396946564881,0.11926605504587162,0.11858190709046462,0.11915673693858841,0.11919315403422986,1.0,0.0,0.0,0.5444839857651245,0.46551724137931033,0.484989278055754,0.3333333333333333,0.0,0.0,0.031136425278003792,0.49290322580645163,0.7177419354838709,0.49190938511326865,0.7449821281275777,0.7865853658536586,0.14573991031390138,0.75,0.6666666666666666
Vizianagaram,Andhra Pradesh,0.5555555555555429,0.2840880102040816,0.0,0.0,0.0,0.0,0.0,0.0,0.0,0.5,0.6666666666666667,0.2395677423217386,0.23010635023766374,0.4232365145228214,0.5,0.0,0.3368421052631579,0.5820379965457685,0.6303501945525292,0.36,0.7499999999999998,0.5872340425531916,0.18604651162790697,0.0,0.0,0.6666666666666666,0.3333333333333333,0.8330781010719754,0.7772585669781932,0.7796005706134095,0.0,1.0,0.0,0.15804597701149423,0.06349206349206347,0.15900383141762453,0.3333333333333333,0.0,0.43151515151515146,0.5793103448275863,1.0,0.8839779005524864,0.6666666666666666,0.5,0.3333333333333333,0.0,0.16709928617780662,0.40909090909090917,0.40909090909090917,0.6090909090909091,0.5609756097560976,0.5,0.5,0.5,0.11915673693858841,0.11908396946564881,0.11926605504587162,0.11858190709046462,0.11915673693858841,0.11919315403422986,1.0,0.0,0.0,0.5444839857651245,0.46551724137931033,0.484989278055754,0.3333333333333333,0.0,0.0,0.031136425278003792,0.49290322580645163,0.7177419354838709,0.49190938511326865,0.7449821281275777,0.7865853658536586,0.14573991031390138,0.75,0.6666666666666666
Vizianagaram,Andhra Pradesh,0.6666666666666572,0.08105867346938775,0.0,0.0,0.0,0.0,0.0,0.0,0.0,0.5,0.6666666666666667,0.0780398730766928,0.07700988270697261,0.44398340248962676,0.0,0.0,0.3368421052631579,0.5820379965457685,0.6303501945525292,0.36,0.7499999999999998,0.5872340425531916,0.18604651162790697,0.0,0.0,0.6666666666666666,0.3333333333333333,0.8330781010719754,0.7772585669781932,0.7796005706134095,0.0,1.0,0.0,0.15804597701149423,0.06349206349206347,0.15900383141762453,0.3333333333333333,0.0,0.43151515151515146,0.5793103448275863,1.0,0.8839779005524864,0.6666666666666666,0.5,0.3333333333333333,0.0,0.16709928617780662,0.40909090909090917,0.40909090909090917,0.6090909090909091,0.5609756097560976,0.5,0.5,0.5,0.11915673693858841,0.11908396946564881,0.11926605504587162,0.11858190709046462,0.11915673693858841,0.11919315403422986,1.0,0.0,0.0,0.5444839857651245,0.46551724137931033,0.484989278055754,0.3333333333333333,0.0,0.0,0.031136425278003792,0.49290322580645163,0.7177419354838709,0.49190938511326865,0.7449821281275777,0.7865853658536586,0.14573991031390138,0.75,0.6666666666666666
Vizianagaram,Andhra Pradesh,0.7777777777777715,0.41855867346938774,1.0,1.0,0.6590909090909091,0.8873239436619719,0.21518987341772153,1.0,0.0,0.0,0.6666666666666667,0.4461773334131593,0.44585028895804124,0.5643153526970957,0.75,0.6666666666666666,0.3368421052631579,0.5820379965457685,0.6303501945525292,0.36,0.7499999999999998,0.5872340425531916,0.18604651162790697,0.0,0.0,0.6666666666666666,0.3333333333333333,0.8330781010719754,0.7772585669781932,0.7796005706134095,0.0,1.0,0.0,0.15804597701149423,0.06349206349206347,0.15900383141762453,0.3333333333333333,0.0,0.43151515151515146,0.5793103448275863,1.0,0.8839779005524864,0.6666666666666666,0.5,0.3333333333333333,0.0,0.16709928617780662,0.40909090909090917,0.40909090909090917,0.6090909090909091,0.5609756097560976,0.5,0.5,0.5,0.11915673693858841,0.11908396946564881,0.11926605504587162,0.11858190709046462,0.11915673693858841,0.11919315403422986,1.0,0.0,0.0,0.5444839857651245,0.46551724137931033,0.484989278055754,0.3333333333333333,0.0,0.0,0.031136425278003792,0.49290322580645163,0.7177419354838709,0.49190938511326865,0.7449821281275777,0.7865853658536586,0.14573991031390138,0.75,0.6666666666666666
Vizianagaram,Andhra Pradesh,0.8888888888888857,0.30937499999999996,0.0,0.0,0.0,0.0,0.0,0.0,0.0,0.5,0.6666666666666667,0.25648087169969463,0.257223951031016,0.5560165975103737,0.5,0.0,0.3368421052631579,0.5820379965457685,0.6303501945525292,0.36,0.7499999999999998,0.5872340425531916,0.18604651162790697,0.0,0.0,0.6666666666666666,0.3333333333333333,0.8330781010719754,0.7772585669781932,0.7796005706134095,0.0,1.0,0.0,0.15804597701149423,0.06349206349206347,0.15900383141762453,0.3333333333333333,0.0,0.43151515151515146,0.5793103448275863,1.0,0.8839779005524864,0.6666666666666666,0.5,0.3333333333333333,0.0,0.16709928617780662,0.40909090909090917,0.40909090909090917,0.6090909090909091,0.5609756097560976,0.5,0.5,0.5,0.11915673693858841,0.11908396946564881,0.11926605504587162,0.11858190709046462,0.11915673693858841,0.11919315403422986,1.0,0.0,0.0,0.5444839857651245,0.46551724137931033,0.484989278055754,0.3333333333333333,0.0,0.0,0.031136425278003792,0.49290322580645163,0.7177419354838709,0.49190938511326865,0.7449821281275777,0.7865853658536586,0.14573991031390138,0.75,0.6666666666666666
Vizianagaram,Andhra Pradesh,1.0,0.5469387755102041,1.0,1.0,0.3181818181818182,0.676056338028169,0.17721518987341772,0.0,0.0,0.5,0.3333333333333333,0.3946895767227444,0.3999589645385221,0.6099585062240664,0.75,0.6666666666666666,0.3368421052631579,0.5820379965457685,0.6303501945525292,0.36,0.7499999999999998,0.5872340425531916,0.18604651162790697,0.0,0.0,0.6666666666666666,0.3333333333333333,0.8330781010719754,0.7772585669781932,0.7796005706134095,0.0,1.0,0.0,0.15804597701149423,0.06349206349206347,0.15900383141762453,0.3333333333333333,0.0,0.43151515151515146,0.5793103448275863,1.0,0.8839779005524864,0.6666666666666666,0.5,0.3333333333333333,0.0,0.16709928617780662,0.40909090909090917,0.40909090909090917,0.6090909090909091,0.5609756097560976,0.5,0.5,0.5,0.11915673693858841,0.11908396946564881,0.11926605504587162,0.11858190709046462,0.11915673693858841,0.11919315403422986,1.0,0.0,0.0,0.5444839857651245,0.46551724137931033,0.484989278055754,0.3333333333333333,0.0,0.0,0.031136425278003792,0.49290322580645163,0.7177419354838709,0.49190938511326865,0.7449821281275777,0.7865853658536586,0.14573991031390138,0.75,0.6666666666666666
Srikakulam,Andhra Pradesh,0.0,0.4745216836734693,1.0,1.0,0.9090909090909092,0.7464788732394366,0.2911392405063291,1.0,0.0,0.5,1.0,0.44626713763994486,0.44636323222651575,0.5684647302904566,0.75,0.6666666666666666,0.3894736842105263,0.6217616580310878,0.30350194552529175,0.28,0.7857142857142854,0.32978723404255317,0.8255813953488371,0.5,0.3333333333333333,0.0,0.6666666666666666,0.04594180704441042,0.0,0.18687589158345222,0.6845425867507886,0.25,0.6666666666666666,0.20689655172413787,0.2698412698412699,0.20689655172413796,0.3333333333333333,0.0,0.7503030303030302,0.7045977011494253,0.23471400394477318,0.5911602209944751,0.7083333333333333,0.75,0.0,0.75,0.08111615833874108,0.6969696969696969,0.6969696969696969,0.1909090909090909,0.1707317073170731,0.25,0.75,0.25,0.237396883593034,0.23664122137404575,0.23853211009174313,0.23716381418092908,0.237396883593034,0.23777506112469443,1.0,0.5,0.0,0.5338078291814946,0.13793103448275862,0.4378127233738385,0.3333333333333333,0.6666666666666666,0.0,0.03509628424193111,0.36,0.7903225806451614,0.4865156418554477,0.15342315094858394,0.16219512195121952,0.0,0.25,0.0
Srikakulam,Andhra Pradesh,0.11111111111111427,0.17098214285714283,0.0,0.0,0.0,0.0,0.0,0.0,0.0,0.5,0.6666666666666667,0.21217745315212833,0.21625688198885207,0.5975103734439835,0.25,0.0,0.3894736842105263,0.6217616580310878,0.30350194552529175,0.28,0.7857142857142854,0.32978723404255317,0.8255813953488371,0.5,0.3333333333333333,0.0,0.6666666666666666,0.04594180704441042,0.0,0.18687589158345222,0.6845425867507886,0.25,0.6666666666666666,0.20689655172413787,0.2698412698412699,0.20689655172413796,0.3333333333333333,0.0,0.7503030303030302,0.7045977011494253,0.23471400394477318,0.5911602209944751,0.7083333333333333,0.75,0.0,0.75,0.08111615833874108,0.6969696969696969,0.6969696969696969,0.1909090909090909,0.1707317073170731,0.25,0.75,0.25,0.237396883593034,0.23664122137404575,0.23853211009174313,0.23716381418092908,0.237396883593034,0.23777506112469443,1.0,0.5,0.0,0.5338078291814946,0.13793103448275862,0.4378127233738385,0.3333333333333333,0.6666666666666666,0.0,0.03509628424193111,0.36,0.7903225806451614,0.4865156418554477,0.15342315094858394,0.16219512195121952,0.0,0.25,0.0
Srikakulam,Andhra Pradesh,0.22222222222220012,0.4249362244897959,1.0,1.0,0.9318181818181819,0.4084507042253521,0.17721518987341772,0.0,0.0,0.0,1.0,0.4717715380470574,0.4660602537359368,0.5311203319502078,0.75,0.6666666666666666,0.3894736842105263,0.6217616580310878,0.30350194552529175,0.28,0.7857142857142854,0.32978723404255317,0.8255813953488371,0.5,0.3333333333333333,0.0,0.6666666666666666,0.04594180704441042,0.0,0.18687589158345222,0.6845425867507886,0.25,0.6666666666666666,0.20689655172413787,0.2698412698412699,0.20689655172413796,0.3333333333333333,0.0,0.7503030303030302,0.7045977011494253,0.23471400394477318,0.5911602209944751,0.7083333333333333,0.75,0.0,0.75,0.08111615833874108,0.6969696969696969,0.6969696969696969,0.1909090909090909,0.1707317073170731,0.25,0.75,0.25,0.237396883593034,0.23664122137404575,0.23853211009174313,0.23716381418092908,0.237396883593034,0.23777506112469443,1.0,0.5,0.0,0.5338078291814946,0.13793103448275862,0.4378127233738385,0.3333333333333333,0.6666666666666666,0.0,0.03509628424193111,0.36,0.7903225806451614,0.4865156418554477,0.15342315094858394,0.16219512195121952,0.0,0.25,0.0
Srikakulam,Andhra Pradesh,0.3333333333333144,0.6259566326530612,1.0,1.0,0.20454545454545456,0.014084507042253521,0.08860759493670886,0.0,1.0,1.0,0.3333333333333333,0.8084775190085612,0.7935916287658584,0.5186721991701244,1.0,1.0,0.3894736842105263,0.6217616580310878,0.30350194552529175,0.28,0.7857142857142854,0.32978723404255317,0.8255813953488371,0.5,0.3333333333333333,0.0,0.6666666666666666,0.04594180704441042,0.0,0.18687589158345222,0.6845425867507886,0.25,0.6666666666666666,0.20689655172413787,0.2698412698412699,0.20689655172413796,0.3333333333333333,0.0,0.7503030303030302,0.7045977011494253,0.23471400394477318,0.5911602209944751,0.7083333333333333,0.75,0.0,0.75,0.08111615833874108,0.6969696969696969,0.6969696969696969,0.1909090909090909,0.1707317073170731,0.25,0.75,0.25,0.237396883593034,0.23664122137404575,0.23853211009174313,0.23716381418092908,0.237396883593034,0.23777506112469443,1.0,0.5,0.0,0.5338078291814946,0.13793103448275862,0.4378127233738385,0.3333333333333333,0.6666666666666666,0.0,0.03509628424193111,0.36,0.7903225806451614,0.4865156418554477,0.15342315094858394,0.16219512195121952,0.0,0.25,0.0
Srikakulam,Andhra Pradesh,0.44444444444442865,0.35172193877551017,0.0,0.0,0.0,0.0,0.0,0.0,0.0,0.5,0.6666666666666667,0.23816080943543072,0.2359197072803748,0.5145228215767634,0.5,0.0,0.3894736842105263,0.6217616580310878,0.30350194552529175,0.28,0.7857142857142854,0.32978723404255317,0.8255813953488371,0.5,0.3333333333333333,0.0,0.6666666666666666,0.04594180704441042,0.0,0.18687589158345222,0.6845425867507886,0.25,0.6666666666666666,0.20689655172413787,0.2698412698412699,0.20689655172413796,0.3333333333333333,0.0,0.7503030303030302,0.7045977011494253,0.23471400394477318,0.5911602209944751,0.7083333333333333,0.75,0.0,0.75,0.08111615833874108,0.6969696969696969,0.6969696969696969,0.1909090909090909,0.1707317073170731,0.25,0.75,0.25,0.237396883593034,0.23664122137404575,0.23853211009174313,0.23716381418092908,0.237396883593034,0.23777506112469443,1.0,0.5,0.0,0.5338078291814946,0.13793103448275862,0.4378127233738385,0.3333333333333333,0.6666666666666666,0.0,0.03509628424193111,0.36,0.7903225806451614,0.4865156418554477,0.15342315094858394,0.16219512195121952,0.0,0.25,0.0
Srikakulam,Andhra Pradesh,0.5555555555555429,0.1129783163265306,0.0,0.0,0.0,0.0,0.0,0.0,0.0,0.5,0.6666666666666667,0.08258995390049692,0.09215880723591971,0.7551867219917012,0.0,0.0,0.3894736842105263,0.6217616580310878,0.30350194552529175,0.28,0.7857142857142854,0.32978723404255317,0.8255813953488371,0.5,0.3333333333333333,0.0,0.6666666666666666,0.04594180704441042,0.0,0.18687589158345222,0.6845425867507886,0.25,0.6666666666666666,0.20689655172413787,0.2698412698412699,0.20689655172413796,0.3333333333333333,0.0,0.7503030303030302,0.7045977011494253,0.23471400394477318,0.5911602209944751,0.7083333333333333,0.75,0.0,0.75,0.08111615833874108,0.6969696969696969,0.6969696969696969,0.1909090909090909,0.1707317073170731,0.25,0.75,0.25,0.237396883593034,0.23664122137404575,0.23853211009174313,0.23716381418092908,0.237396883593034,0.23777506112469443,1.0,0.5,0.0,0.5338078291814946,0.13793103448275862,0.4378127233738385,0.3333333333333333,0.6666666666666666,0.0,0.03509628424193111,0.36,0.7903225806451614,0.4865156418554477,0.15342315094858394,0.16219512195121952,0.0,0.25,0.0
Srikakulam,Andhra Pradesh,0.6666666666666572,0.48211096938775505,1.0,1.0,0.75,0.07042253521126761,0.5063291139240507,1.0,0.0,0.0,0.6666666666666667,0.4583907082560019,0.4571692370823787,0.5601659751037342,0.75,0.6666666666666666,0.3894736842105263,0.6217616580310878,0.30350194552529175,0.28,0.7857142857142854,0.32978723404255317,0.8255813953488371,0.5,0.3333333333333333,0.0,0.6666666666666666,0.04594180704441042,0.0,0.18687589158345222,0.6845425867507886,0.25,0.6666666666666666,0.20689655172413787,0.2698412698412699,0.20689655172413796,0.3333333333333333,0.0,0.7503030303030302,0.7045977011494253,0.23471400394477318,0.5911602209944751,0.7083333333333333,0.75,0.0,0.75,0.08111615833874108,0.6969696969696969,0.6969696969696969,0.1909090909090909,0.1707317073170731,0.25,0.75,0.25,0.237396883593034,0.23664122137404575,0.23853211009174313,0.23716381418092908,0.237396883593034,0.23777506112469443,1.0,0.5,0.0,0.5338078291814946,0.13793103448275862,0.4378127233738385,0.3333333333333333,0.6666666666666666,0.0,0.03509628424193111,0.36,0.7903225806451614,0.4865156418554477,0.15342315094858394,0.16219512195121952,0.0,0.25,0.0
Srikakulam,Andhra Pradesh,0.7777777777777715,0.33590561224489796,0.0,0.0,0.0,0.0,0.0,0.0,0.0,0.5,0.6666666666666667,0.27016104891336884,0.2730567999179291,0.5850622406639006,0.5,0.0,0.3894736842105263,0.6217616580310878,0.30350194552529175,0.28,0.7857142857142854,0.32978723404255317,0.8255813953488371,0.5,0.3333333333333333,0.0,0.6666666666666666,0.04594180704441042,0.0,0.18687589158345222,0.6845425867507886,0.25,0.6666666666666666,0.20689655172413787,0.2698412698412699,0.20689655172413796,0.3333333333333333,0.0,0.7503030303030302,0.7045977011494253,0.23471400394477318,0.5911602209944751,0.7083333333333333,0.75,0.0,0.75,0.08111615833874108,0.6969696969696969,0.6969696969696969,0.1909090909090909,0.1707317073170731,0.25,0.75,0.25,0.237396883593034,0.23664122137404575,0.23853211009174313,0.23716381418092908,0.237396883593034,0.23777506112469443,1.0,0.5,0.0,0.5338078291814946,0.13793103448275862,0.4378127233738385,0.3333333333333333,0.6666666666666666,0.0,0.03509628424193111,0.36,0.7903225806451614,0.4865156418554477,0.15342315094858394,0.16219512195121952,0.0,0.25,0.0
Srikakulam,Andhra Pradesh,0.8888888888888857,0.520982142857143,1.0,1.0,0.75,0.676056338028169,0.27848101265822783,1.0,0.0,0.5,0.6666666666666667,0.5566365323594563,0.558732004240331,0.5850622406639006,1.0,0.6666666666666666,0.3894736842105263,0.6217616580310878,0.30350194552529175,0.28,0.7857142857142854,0.32978723404255317,0.8255813953488371,0.5,0.3333333333333333,0.0,0.6666666666666666,0.04594180704441042,0.0,0.18687589158345222,0.6845425867507886,0.25,0.6666666666666666,0.20689655172413787,0.2698412698412699,0.20689655172413796,0.3333333333333333,0.0,0.7503030303030302,0.7045977011494253,0.23471400394477318,0.5911602209944751,0.7083333333333333,0.75,0.0,0.75,0.08111615833874108,0.6969696969696969,0.6969696969696969,0.1909090909090909,0.1707317073170731,0.25,0.75,0.25,0.237396883593034,0.23664122137404575,0.23853211009174313,0.23716381418092908,0.237396883593034,0.23777506112469443,1.0,0.5,0.0,0.5338078291814946,0.13793103448275862,0.4378127233738385,0.3333333333333333,0.6666666666666666,0.0,0.03509628424193111,0.36,0.7903225806451614,0.4865156418554477,0.15342315094858394,0.16219512195121952,0.0,0.25,0.0
Srikakulam,Andhra Pradesh,1.0,0.20628188775510203,0.0,0.0,0.0,0.0,0.0,0.0,0.0,0.5,0.6666666666666667,0.21196790995629522,0.22254898608213936,0.6929460580912861,0.25,0.0,0.3894736842105263,0.6217616580310878,0.30350194552529175,0.28,0.7857142857142854,0.32978723404255317,0.8255813953488371,0.5,0.3333333333333333,0.0,0.6666666666666666,0.04594180704441042,0.0,0.18687589158345222,0.6845425867507886,0.25,0.6666666666666666,0.20689655172413787,0.2698412698412699,0.20689655172413796,0.3333333333333333,0.0,0.7503030303030302,0.7045977011494253,0.23471400394477318,0.5911602209944751,0.7083333333333333,0.75,0.0,0.75,0.08111615833874108,0.6969696969696969,0.6969696969696969,0.1909090909090909,0.1707317073170731,0.25,0.75,0.25,0.237396883593034,0.23664122137404575,0.23853211009174313,0.23716381418092908,0.237396883593034,0.23777506112469443,1.0,0.5,0.0,0.5338078291814946,0.13793103448275862,0.4378127233738385,0.3333333333333333,0.6666666666666666,0.0,0.03509628424193111,0.36,0.7903225806451614,0.4865156418554477,0.15342315094858394,0.16219512195121952,0.0,0.25,0.0
East Godavari,Andhra Pradesh,0.0,0.20975765306122446,0.0,0.0,0.0,0.0,0.0,0.0,0.0,0.5,0.6666666666666667,0.14251930790875889,0.13336524980337175,0.3402489626556018,0.25,0.0,0.6631578947368422,0.05181347150259069,0.4007782101167314,0.6000000000000001,0.642857142857143,0.8170212765957446,0.4651162790697674,0.125,1.0,1.0,0.0,0.01990811638591118,0.0031152647975077876,0.3637660485021398,0.861198738170347,0.0,0.6666666666666666,0.1451149425287356,0.4656084656084657,0.14559386973180077,0.0,0.0,0.5733333333333334,0.14597701149425285,0.4181459566074951,0.6132596685082874,0.9583333333333333,0.5,0.3333333333333333,0.0,0.003244646333549643,0.8333333333333334,0.8333333333333334,0.5727272727272728,0.4390243902439024,0.0,1.0,0.0,0.09165902841429885,0.09160305343511455,0.09174311926605505,0.09168704156479218,0.09165902841429885,0.09168704156479218,1.0,0.0,0.0,0.6583629893238433,0.7068965517241379,0.047533952823445316,0.0,0.6666666666666666,0.0,0.015459723352318957,0.6593548387096774,0.6975806451612904,0.4153182308522115,0.8337915864723671,0.85,0.508968609865471,0.75,0.6666666666666666
East Godavari,Andhra Pradesh,0.11111111111111427,0.4143176020408163,1.0,1.0,0.7954545454545455,0.9154929577464789,0.5822784810126582,1.0,0.0,0.0,1.0,0.49021133928036875,0.4735834216735629,0.45643153526970925,0.75,0.6666666666666666,0.6631578947368422,0.05181347150259069,0.4007782101167314,0.6000000000000001,0.642857142857143,0.8170212765957446,0.4651162790697674,0.125,1.0,1.0,0.0,0.01990811638591118,0.0031152647975077876,0.3637660485021398,0.861198738170347,0.0,0.6666666666666666,0.1451149425287356,0.4656084656084657,0.14559386973180077,0.0,0.0,0.5733333333333334,0.14597701149425285,0.4181459566074951,0.6132596685082874,0.9583333333333333,0.5,0.3333333333333333,0.0,0.003244646333549643,0.8333333333333334,0.8333333333333334,0.5727272727272728,0.4390243902439024,0.0,1.0,0.0,0.09165902841429885,0.09160305343511455,0.09174311926605505,0.09168704156479218,0.09165902841429885,0.09168704156479218,1.0,0.0,0.0,0.6583629893238433,0.7068965517241379,0.047533952823445316,0.0,0.6666666666666666,0.0,0.015459723352318957,0.6593548387096774,0.6975806451612904,0.4153182308522115,0.8337915864723671,0.85,0.508968609865471,0.75,0.6666666666666666
East Godavari,Andhra Pradesh,0.22222222222220012,0.8544323979591836,1.0,1.0,0.5909090909090909,0.1971830985915493,0.3291139240506329,1.0,1.0,1.0,0.6666666666666667,0.6368317068790037,0.6387511541223541,0.5892116182572615,1.0,1.0,0.6631578947368422,0.05181347150259069,0.4007782101167314,0.6000000000000001,0.642857142857143,0.8170212765957446,0.4651162790697674,0.125,1.0,1.0,0.0,0.01990811638591118,0.0031152647975077876,0.3637660485021398,0.861198738170347,0.0,0.6666666666666666,0.1451149425287356,0.4656084656084657,0.14559386973180077,0.0,0.0,0.5733333333333334,0.14597701149425285,0.4181459566074951,0.6132596685082874,0.9583333333333333,0.5,0.3333333333333333,0.0,0.003244646333549643,0.8333333333333334,0.8333333333333334,0.5727272727272728,0.4390243902439024,0.0,1.0,0.0,0.09165902841429885,0.09160305343511455,0.09174311926605505,0.09168704156479218,0.09165902841429885,0.09168704156479218,1.0,0.0,0.0,0.6583629893238433,0.7068965517241379,0.047533952823445316,0.0,0.6666666666666666,0.0,0.015459723352318957,0.6593548387096774,0.6975806451612904,0.4153182308522115,0.8337915864723671,0.85,0.508968609865471,0.75,0.6666666666666666
East Godavari,Andhra Pradesh,0.3333333333333144,0.3389668367346938,0.0,0.0,0.0,0.0,0.0,0.0,0.0,0.5,0.6666666666666667,0.26537149015146977,0.2664569298635571,0.5643153526970957,0.5,0.0,0.6631578947368422,0.05181347150259069,0.4007782101167314,0.6000000000000001,0.642857142857143,0.8170212765957446,0.4651162790697674,0.125,1.0,1.0,0.0,0.01990811638591118,0.0031152647975077876,0.3637660485021398,0.861198738170347,0.0,0.6666666666666666,0.1451149425287356,0.4656084656084657,0.14559386973180077,0.0,0.0,0.5733333333333334,0.14597701149425285,0.4181459566074951,0.6132596685082874,0.9583333333333333,0.5,0.3333333333333333,0.0,0.003244646333549643,0.8333333333333334,0.8333333333333334,0.5727272727272728,0.4390243902439024,0.0,1.0,0.0,0.09165902841429885,0.09160305343511455,0.09174311926605505,0.09168704156479218,0.09165902841429885,0.09168704156479218,1.0,0.0,0.0,0.6583629893238433,0.7068965517241379,0.047533952823445316,0.0,0.6666666666666666,0.0,0.015459723352318957,0.6593548387096774,0.6975806451612904,0.4153182308522115,0.8337915864723671,0.85,0.508968609865471,0.75,0.6666666666666666
East Godavari,Andhra Pradesh,0.44444444444442865,0.0413265306122449,0.0,0.0,0.0,0.0,0.0,0.0,0.0,0.5,0.6666666666666667,0.13015625935460695,0.14256403241801457,0.7717842323651452,0.0,0.0,0.6631578947368422,0.05181347150259069,0.4007782101167314,0.6000000000000001,0.642857142857143,0.8170212765957446,0.4651162790697674,0.125,1.0,1.0,0.0,0.01990811638591118,0.0031152647975077876,0.3637660485021398,0.861198738170347,0.0,0.6666666666666666,0.1451149425287356,0.4656084656084657,0.14559386973180077,0.0,0.0,0.5733333333333334,0.14597701149425285,0.4181459566074951,0.6132596685082874,0.9583333333333333,0.5,0.3333333333333333,0.0,0.003244646333549643,0.8333333333333334,0.8333333333333334,0.5727272727272728,0.4390243902439024,0.0,1.0,0.0,0.09165902841429885,0.09160305343511455,0.09174311926605505,0.09168704156479218,0.09165902841429885,0.09168704156479218,1.0,0.0,0.0,0.6583629893238433,0.7068965517241379,0.047533952823445316,0.0,0.6666666666666666,0.0,0.015459723352318957,0.6593548387096774,0.6975806451612904,0.4153182308522115,0.8337915864723671,0.85,0.508968609865471,0.75,0.6666666666666666
East Godavari,Andhra Pradesh,0.5555555555555429,0.4334183673469387,1.0,1.0,0.7272727272727273,0.7323943661971831,0.0379746835443038,1.0,0.0,0.0,0.6666666666666667,0.43564030413698135,0.430803953082789,0.5311203319502078,0.75,0.6666666666666666,0.6631578947368422,0.05181347150259069,0.4007782101167314,0.6000000000000001,0.642857142857143,0.8170212765957446,0.4651162790697674,0.125,1.0,1.0,0.0,0.01990811638591118,0.0031152647975077876,0.3637660485021398,0.861198738170347,0.0,0.6666666666666666,0.1451149425287356,0.4656084656084657,0.14559386973180077,0.0,0.0,0.5733333333333334,0.14597701149425285,0.4181459566074951,0.6132596685082874,0.9583333333333333,0.5,0.3333333333333333,0.0,0.003244646333549643,0.8333333333333334,0.8333333333333334,0.5727272727272728,0.4390243902439024,0.0,1.0,0.0,0.09165902841429885,0.09160305343511455,0.09174311926605505,0.09168704156479218,0.09165902841429885,0.09168704156479218,1.0,0.0,0.0,0.6583629893238433,0.7068965517241379,0.047533952823445316,0.0,0.6666666666666666,0.0,0.015459723352318957,0.6593548387096774,0.6975806451612904,0.4153182308522115,0.8337915864723671,0.85,0.508968609865471,0.75,0.6666666666666666
East Godavari,Andhra Pradesh,0.6666666666666572,0.3061862244897959,0.0,0.0,0.0,0.0,0.0,0.0,0.0,0.5,0.6666666666666667,0.35595402023588574,0.37667134014977943,0.7510373443983402,0.5,0.3333333333333333,0.6631578947368422,0.05181347150259069,0.4007782101167314,0.6000000000000001,0.642857142857143,0.8170212765957446,0.4651162790697674,0.125,1.0,1.0,0.0,0.01990811638591118,0.0031152647975077876,0.3637660485021398,0.861198738170347,0.0,0.6666666666666666,0.1451149425287356,0.4656084656084657,0.14559386973180077,0.0,0.0,0.5733333333333334,0.14597701149425285,0.4181459566074951,0.6132596685082874,0.9583333333333333,0.5,0.3333333333333333,0.0,0.003244646333549643,0.8333333333333334,0.8333333333333334,0.5727272727272728,0.4390243902439024,0.0,1.0,0.0,0.09165902841429885,0.09160305343511455,0.09174311926605505,0.09168704156479218,0.09165902841429885,0.09168704156479218,1.0,0.0,0.0,0.6583629893238433,0.7068965517241379,0.047533952823445316,0.0,0.6666666666666666,0.0,0.015459723352318957,0.6593548387096774,0.6975806451612904,0.4153182308522115,0.8337915864723671,0.85,0.508968609865471,0.75,0.6666666666666666
East Godavari,Andhra Pradesh,0.7777777777777715,0.5378188775510204,1.0,1.0,0.9772727272727273,0.4084507042253521,0.4430379746835443,1.0,0.0,0.5,1.0,0.47686044423157514,0.48579147146325624,0.6307053941908713,0.75,0.6666666666666666,0.6631578947368422,0.05181347150259069,0.4007782101167314,0.6000000000000001,0.642857142857143,0.8170212765957446,0.4651162790697674,0.125,1.0,1.0,0.0,0.01990811638591118,0.0031152647975077876,0.3637660485021398,0.861198738170347,0.0,0.6666666666666666,0.1451149425287356,0.4656084656084657,0.14559386973180077,0.0,0.0,0.5733333333333334,0.14597701149425285,0.4181459566074951,0.6132596685082874,0.9583333333333333,0.5,0.3333333333333333,0.0,0.003244646333549643,0.8333333333333334,0.8333333333333334,0.5727272727272728,0.4390243902439024,0.0,1.0,0.0,0.09165902841429885,0.09160305343511455,0.09174311926605505,0.09168704156479218,0.09165902841429885,0.09168704156479218,1.0,0.0,0.0,0.6583629893238433,0.7068965517241379,0.047533952823445316,0.0,0.6666666666666666,0.0,0.015459723352318957,0.6593548387096774,0.6975806451612904,0.4153182308522115,0.8337915864723671,0.85,0.508968609865471,0.75,0.6666666666666666
East Godavari,Andhra Pradesh,0.8888888888888857,0.21049107142857143,0.0,0.0,0.0,0.0,0.0,0.0,0.0,0.5,0.6666666666666667,0.18646350954918278,0.18712170433950007,0.5435684647302907,0.25,0.0,0.6631578947368422,0.05181347150259069,0.4007782101167314,0.6000000000000001,0.642857142857143,0.8170212765957446,0.4651162790697674,0.125,1.0,1.0,0.0,0.01990811638591118,0.0031152647975077876,0.3637660485021398,0.861198738170347,0.0,0.6666666666666666,0.1451149425287356,0.4656084656084657,0.14559386973180077,0.0,0.0,0.5733333333333334,0.14597701149425285,0.4181459566074951,0.6132596685082874,0.9583333333333333,0.5,0.3333333333333333,0.0,0.003244646333549643,0.8333333333333334,0.8333333333333334,0.5727272727272728,0.4390243902439024,0.0,1.0,0.0,0.09165902841429885,0.09160305343511455,0.09174311926605505,0.09168704156479218,0.09165902841429885,0.09168704156479218,1.0,0.0,0.0,0.6583629893238433,0.7068965517241379,0.047533952823445316,0.0,0.6666666666666666,0.0,0.015459723352318957,0.6593548387096774,0.6975806451612904,0.4153182308522115,0.8337915864723671,0.85,0.508968609865471,0.75,0.6666666666666666
East Godavari,Andhra Pradesh,1.0,0.46253188775510196,1.0,1.0,0.6363636363636364,0.9295774647887324,0.5189873417721519,1.0,0.0,0.0,0.6666666666666667,0.39358199125905524,0.39568443730123454,0.5809128630705391,0.75,0.3333333333333333,0.6631578947368422,0.05181347150259069,0.4007782101167314,0.6000000000000001,0.642857142857143,0.8170212765957446,0.4651162790697674,0.125,1.0,1.0,0.0,0.01990811638591118,0.0031152647975077876,0.3637660485021398,0.861198738170347,0.0,0.6666666666666666,0.1451149425287356,0.4656084656084657,0.14559386973180077,0.0,0.0,0.5733333333333334,0.14597701149425285,0.4181459566074951,0.6132596685082874,0.9583333333333333,0.5,0.3333333333333333,0.0,0.003244646333549643,0.8333333333333334,0.8333333333333334,0.5727272727272728,0.4390243902439024,0.0,1.0,0.0,0.09165902841429885,0.09160305343511455,0.09174311926605505,0.09168704156479218,0.09165902841429885,0.09168704156479218,1.0,0.0,0.0,0.6583629893238433,0.7068965517241379,0.047533952823445316,0.0,0.6666666666666666,0.0,0.015459723352318957,0.6593548387096774,0.6975806451612904,0.4153182308522115,0.8337915864723671,0.85,0.508968609865471,0.75,0.6666666666666666
West Godavari,Andhra Pradesh,0.0,0.39378188775510203,1.0,1.0,0.13636363636363635,0.3943661971830986,0.34177215189873417,1.0,0.0,0.0,0.0,0.38573908878644547,0.3818691652703211,0.5311203319502078,0.75,0.6666666666666666,0.706766917293233,0.12953367875647667,0.4630350194552528,0.6000000000000001,0.857142857142857,0.7063829787234043,0.25581395348837205,0.125,1.0,1.0,0.0,0.010719754977029098,0.0,0.891583452211127,0.9242902208201893,0.0,1.0,0.20258620689655168,0.5978835978835979,0.2030651340996169,0.3333333333333333,0.0,0.7248484848484849,0.132183908045977,0.12623274161735698,0.6022099447513813,0.9166666666666666,0.75,0.0,0.75,0.027579493835171966,1.0,1.0,0.790909090909091,0.5365853658536586,0.0,1.0,0.0,0.045829514207149424,0.04580152671755722,0.04587155963302758,0.045232273838630876,0.045829514207149424,0.04584352078239612,1.0,0.0,0.0,0.7651245551601422,0.2413793103448276,0.7537526804860615,0.0,0.3333333333333333,1.0,0.02131814483319772,0.5032258064516129,0.46370967741935487,0.43473570658036675,0.9999999999999998,1.0000000000000002,1.0,1.0,1.0
West Godavari,Andhra Pradesh,0.11111111111111427,0.6621492346938775,1.0,1.0,0.25,0.8732394366197184,0.0,1.0,1.0,1.0,0.3333333333333333,0.5844459079207327,0.5876962008001916,0.5933609958506225,1.0,1.0,0.706766917293233,0.12953367875647667,0.4630350194552528,0.6000000000000001,0.857142857142857,0.7063829787234043,0.25581395348837205,0.125,1.0,1.0,0.0,0.010719754977029098,0.0,0.891583452211127,0.9242902208201893,0.0,1.0,0.20258620689655168,0.5978835978835979,0.2030651340996169,0.3333333333333333,0.0,0.7248484848484849,0.132183908045977,0.12623274161735698,0.6022099447513813,0.9166666666666666,0.75,0.0,0.75,0.027579493835171966,1.0,1.0,0.790909090909091,0.5365853658536586,0.0,1.0,0.0,0.045829514207149424,0.04580152671755722,0.04587155963302758,0.045232273838630876,0.045829514207149424,0.04584352078239612,1.0,0.0,0.0,0.7651245551601422,0.2413793103448276,0.7537526804860615,0.0,0.3333333333333333,1.0,0.02131814483319772,0.5032258064516129,0.46370967741935487,0.43473570658036675,0.9999999999999998,1.0000000000000002,1.0,1.0,1.0
West Godavari,Andhra Pradesh,0.22222222222220012,0.2918048469387755,0.0,0.0,0.0,0.0,0.0,0.0,0.0,0.5,0.6666666666666667,0.2525294857211279,0.24949560578600005,0.5103734439834029,0.5,0.0,0.706766917293233,0.12953367875647667,0.4630350194552528,0.6000000000000001,0.857142857142857,0.7063829787234043,0.25581395348837205,0.125,1.0,1.0,0.0,0.010719754977029098,0.0,0.891583452211127,0.9242902208201893,0.0,1.0,0.20258620689655168,0.5978835978835979,0.2030651340996169,0.3333333333333333,0.0,0.7248484848484849,0.132183908045977,0.12623274161735698,0.6022099447513813,0.9166666666666666,0.75,0.0,0.75,0.027579493835171966,1.0,1.0,0.790909090909091,0.5365853658536586,0.0,1.0,0.0,0.045829514207149424,0.04580152671755722,0.04587155963302758,0.045232273838630876,0.045829514207149424,0.04584352078239612,1.0,0.0,0.0,0.7651245551601422,0.2413793103448276,0.7537526804860615,0.0,0.3333333333333333,1.0,0.02131814483319772,0.5032258064516129,0.46370967741935487,0.43473570658036675,0.9999999999999998,1.0000000000000002,1.0,1.0,1.0
West Godavari,Andhra Pradesh,0.3333333333333144,0.11100127551020406,0.0,0.0,0.0,0.0,0.0,0.0,0.0,0.5,0.6666666666666667,0.10554990121535052,0.12611565160893207,1.0000000000000004,0.0,0.0,0.706766917293233,0.12953367875647667,0.4630350194552528,0.6000000000000001,0.857142857142857,0.7063829787234043,0.25581395348837205,0.125,1.0,1.0,0.0,0.010719754977029098,0.0,0.891583452211127,0.9242902208201893,0.0,1.0,0.20258620689655168,0.5978835978835979,0.2030651340996169,0.3333333333333333,0.0,0.7248484848484849,0.132183908045977,0.12623274161735698,0.6022099447513813,0.9166666666666666,0.75,0.0,0.75,0.027579493835171966,1.0,1.0,0.790909090909091,0.5365853658536586,0.0,1.0,0.0,0.045829514207149424,0.04580152671755722,0.04587155963302758,0.045232273838630876,0.045829514207149424,0.04584352078239612,1.0,0.0,0.0,0.7651245551601422,0.2413793103448276,0.7537526804860615,0.0,0.3333333333333333,1.0,0.02131814483319772,0.5032258064516129,0.46370967741935487,0.43473570658036675,0.9999999999999998,1.0000000000000002,1.0,1.0,1.0
West Godavari,Andhra Pradesh,0.44444444444442865,0.45009566326530603,1.0,1.0,0.8863636363636364,0.9859154929577465,0.8987341772151899,1.0,0.0,0.0,1.0,0.36939471951146496,0.3721916356051021,0.5892116182572615,0.75,0.6666666666666666,0.706766917293233,0.12953367875647667,0.4630350194552528,0.6000000000000001,0.857142857142857,0.7063829787234043,0.25581395348837205,0.125,1.0,1.0,0.0,0.010719754977029098,0.0,0.891583452211127,0.9242902208201893,0.0,1.0,0.20258620689655168,0.5978835978835979,0.2030651340996169,0.3333333333333333,0.0,0.7248484848484849,0.132183908045977,0.12623274161735698,0.6022099447513813,0.9166666666666666,0.75,0.0,0.75,0.027579493835171966,1.0,1.0,0.790909090909091,0.5365853658536586,0.0,1.0,0.0,0.045829514207149424,0.04580152671755722,0.04587155963302758,0.045232273838630876,0.045829514207149424,0.04584352078239612,1.0,0.0,0.0,0.7651245551601422,0.2413793103448276,0.7537526804860615,0.0,0.3333333333333333,1.0,0.02131814483319772,0.5032258064516129,0.46370967741935487,0.43473570658036675,0.9999999999999998,1.0000000000000002,1.0,1.0,1.0
West Godavari,Andhra Pradesh,0.5555555555555429,0.27892219387755096,0.0,0.0,0.0,0.0,0.0,0.0,0.0,0.5,0.6666666666666667,0.259594084894929,0.2711418117156243,0.6887966804979255,0.5,0.0,0.706766917293233,0.12953367875647667,0.4630350194552528,0.6000000000000001,0.857142857142857,0.7063829787234043,0.25581395348837205,0.125,1.0,1.0,0.0,0.010719754977029098,0.0,0.891583452211127,0.9242902208201893,0.0,1.0,0.20258620689655168,0.5978835978835979,0.2030651340996169,0.3333333333333333,0.0,0.7248484848484849,0.132183908045977,0.12623274161735698,0.6022099447513813,0.9166666666666666,0.75,0.0,0.75,0.027579493835171966,1.0,1.0,0.790909090909091,0.5365853658536586,0.0,1.0,0.0,0.045829514207149424,0.04580152671755722,0.04587155963302758,0.045232273838630876,0.045829514207149424,0.04584352078239612,1.0,0.0,0.0,0.7651245551601422,0.2413793103448276,0.7537526804860615,0.0,0.3333333333333333,1.0,0.02131814483319772,0.5032258064516129,0.46370967741935487,0.43473570658036675,0.9999999999999998,1.0000000000000002,1.0,1.0,1.0
West Godavari,Andhra Pradesh,0.6666666666666572,0.5130420918367347,1.0,1.0,0.9545454545454546,0.619718309859155,0.2911392405063291,1.0,0.0,0.5,1.0,0.4253427527988983,0.4227336456587901,0.5477178423236513,0.75,0.6666666666666666,0.706766917293233,0.12953367875647667,0.4630350194552528,0.6000000000000001,0.857142857142857,0.7063829787234043,0.25581395348837205,0.125,1.0,1.0,0.0,0.010719754977029098,0.0,0.891583452211127,0.9242902208201893,0.0,1.0,0.20258620689655168,0.5978835978835979,0.2030651340996169,0.3333333333333333,0.0,0.7248484848484849,0.132183908045977,0.12623274161735698,0.6022099447513813,0.9166666666666666,0.75,0.0,0.75,0.027579493835171966,1.0,1.0,0.790909090909091,0.5365853658536586,0.0,1.0,0.0,0.045829514207149424,0.04580152671755722,0.04587155963302758,0.045232273838630876,0.045829514207149424,0.04584352078239612,1.0,0.0,0.0,0.7651245551601422,0.2413793103448276,0.7537526804860615,0.0,0.3333333333333333,1.0,0.02131814483319772,0.5032258064516129,0.46370967741935487,0.43473570658036675,0.9999999999999998,1.0000000000000002,1.0,1.0,1.0
West Godavari,Andhra Pradesh,0.7777777777777715,0.15631377551020406,0.0,0.0,0.0,0.0,0.0,0.0,0.0,0.5,0.6666666666666667,0.1409627013111417,0.15042916253462368,0.705394190871369,0.25,0.0,0.706766917293233,0.12953367875647667,0.4630350194552528,0.6000000000000001,0.857142857142857,0.7063829787234043,0.25581395348837205,0.125,1.0,1.0,0.0,0.010719754977029098,0.0,0.891583452211127,0.9242902208201893,0.0,1.0,0.20258620689655168,0.5978835978835979,0.2030651340996169,0.3333333333333333,0.0,0.7248484848484849,0.132183908045977,0.12623274161735698,0.6022099447513813,0.9166666666666666,0.75,0.0,0.75,0.027579493835171966,1.0,1.0,0.790909090909091,0.5365853658536586,0.0,1.0,0.0,0.045829514207149424,0.04580152671755722,0.04587155963302758,0.045232273838630876,0.045829514207149424,0.04584352078239612,1.0,0.0,0.0,0.7651245551601422,0.2413793103448276,0.7537526804860615,0.0,0.3333333333333333,1.0,0.02131814483319772,0.5032258064516129,0.46370967741935487,0.43473570658036675,0.9999999999999998,1.0000000000000002,1.0,1.0,1.0
West Godavari,Andhra Pradesh,0.8888888888888857,0.3822704081632653,1.0,1.0,0.9318181818181819,0.7323943661971831,0.7721518987341772,1.0,0.0,0.0,1.0,0.42651020774711124,0.4229388229661799,0.5394190871369293,0.75,0.6666666666666666,0.706766917293233,0.12953367875647667,0.4630350194552528,0.6000000000000001,0.857142857142857,0.7063829787234043,0.25581395348837205,0.125,1.0,1.0,0.0,0.010719754977029098,0.0,0.891583452211127,0.9242902208201893,0.0,1.0,0.20258620689655168,0.5978835978835979,0.2030651340996169,0.3333333333333333,0.0,0.7248484848484849,0.132183908045977,0.12623274161735698,0.6022099447513813,0.9166666666666666,0.75,0.0,0.75,0.027579493835171966,1.0,1.0,0.790909090909091,0.5365853658536586,0.0,1.0,0.0,0.045829514207149424,0.04580152671755722,0.04587155963302758,0.045232273838630876,0.045829514207149424,0.04584352078239612,1.0,0.0,0.0,0.7651245551601422,0.2413793103448276,0.7537526804860615,0.0,0.3333333333333333,1.0,0.02131814483319772,0.5032258064516129,0.46370967741935487,0.43473570658036675,0.9999999999999998,1.0000000000000002,1.0,1.0,1.0
West Godavari,Andhra Pradesh,1.0,0.7901147959183674,1.0,1.0,0.8863636363636364,0.028169014084507043,0.02531645569620253,1.0,1.0,1.0,1.0,0.5465784589594683,0.5447457511199261,0.5643153526970957,1.0,1.0,0.706766917293233,0.12953367875647667,0.4630350194552528,0.6000000000000001,0.857142857142857,0.7063829787234043,0.25581395348837205,0.125,1.0,1.0,0.0,0.010719754977029098,0.0,0.891583452211127,0.9242902208201893,0.0,1.0,0.20258620689655168,0.5978835978835979,0.2030651340996169,0.3333333333333333,0.0,0.7248484848484849,0.132183908045977,0.12623274161735698,0.6022099447513813,0.9166666666666666,0.75,0.0,0.75,0.027579493835171966,1.0,1.0,0.790909090909091,0.5365853658536586,0.0,1.0,0.0,0.045829514207149424,0.04580152671755722,0.04587155963302758,0.045232273838630876,0.045829514207149424,0.04584352078239612,1.0,0.0,0.0,0.7651245551601422,0.2413793103448276,0.7537526804860615,0.0,0.3333333333333333,1.0,0.02131814483319772,0.5032258064516129,0.46370967741935487,0.43473570658036675,0.9999999999999998,1.0000000000000002,1.0,1.0,1.0
Krishna,Andhra Pradesh,0.0,0.5675382653061225,1.0,1.0,0.38636363636363635,0.8309859154929577,0.012658227848101266,1.0,1.0,1.0,0.3333333333333333,0.5682512123570616,0.5681017679444653,0.5726141078838176,1.0,1.0,0.0,0.9999999999999998,0.5758754863813229,0.12,0.6785714285714286,0.32978723404255317,0.39534883720930236,1.0,0.3333333333333333,0.0,0.6666666666666666,0.013782542113323124,0.0,0.898716119828816,0.9053627760252366,0.0,1.0,0.2629310344827586,0.455026455026455,0.26436781609195403,0.3333333333333333,0.0,0.4206060606060606,0.32988505747126434,0.01775147928994083,0.5230202578268877,0.6666666666666666,0.5,0.3333333333333333,0.0,0.015249837767683322,0.8333333333333334,0.8333333333333334,0.8090909090909091,0.6341463414634145,0.0,1.0,0.0,0.13748854262144827,0.13740458015267176,0.13761467889908252,0.1381418092909535,0.13748854262144827,0.13753056234718825,1.0,0.5,0.0,0.708185053380783,0.5689655172413792,0.42530378842030025,0.0,0.3333333333333333,0.0,0.02565771630051532,0.21032258064516124,0.9395161290322581,0.45954692556634313,0.365823480890844,0.36585365853658536,0.0,0.5,0.0
Krishna,Andhra Pradesh,0.11111111111111427,0.2376275510204081,0.0,0.0,0.0,0.0,0.0,0.0,0.0,0.5,0.6666666666666667,0.20020355624738068,0.1993639503470916,0.5228215767634858,0.5,0.0,0.0,0.9999999999999998,0.5758754863813229,0.12,0.6785714285714286,0.32978723404255317,0.39534883720930236,1.0,0.3333333333333333,0.0,0.6666666666666666,0.013782542113323124,0.0,0.898716119828816,0.9053627760252366,0.0,1.0,0.2629310344827586,0.455026455026455,0.26436781609195403,0.3333333333333333,0.0,0.4206060606060606,0.32988505747126434,0.01775147928994083,0.5230202578268877,0.6666666666666666,0.5,0.3333333333333333,0.0,0.015249837767683322,0.8333333333333334,0.8333333333333334,0.8090909090909091,0.6341463414634145,0.0,1.0,0.0,0.13748854262144827,0.13740458015267176,0.13761467889908252,0.1381418092909535,0.13748854262144827,0.13753056234718825,1.0,0.5,0.0,0.708185053380783,0.5689655172413792,0.42530378842030025,0.0,0.3333333333333333,0.0,0.02565771630051532,0.21032258064516124,0.9395161290322581,0.45954692556634313,0.365823480890844,0.36585365853658536,0.0,0.5,0.0
Krishna,Andhra Pradesh,0.22222222222220012,0.04776785714285713,0.0,0.0,0.0,0.0,0.0,0.0,0.0,0.5,0.6666666666666667,0.08001556606597618,0.08019013097151456,0.4813278008298756,0.0,0.0,0.0,0.9999999999999998,0.5758754863813229,0.12,0.6785714285714286,0.32978723404255317,0.39534883720930236,1.0,0.3333333333333333,0.0,0.6666666666666666,0.013782542113323124,0.0,0.898716119828816,0.9053627760252366,0.0,1.0,0.2629310344827586,0.455026455026455,0.26436781609195403,0.3333333333333333,0.0,0.4206060606060606,0.32988505747126434,0.01775147928994083,0.5230202578268877,0.6666666666666666,0.5,0.3333333333333333,0.0,0.015249837767683322,0.8333333333333334,0.8333333333333334,0.8090909090909091,0.6341463414634145,0.0,1.0,0.0,0.13748854262144827,0.13740458015267176,0.13761467889908252,0.1381418092909535,0.13748854262144827,0.13753056234718825,1.0,0.5,0.0,0.708185053380783,0.5689655172413792,0.42530378842030025,0.0,0.3333333333333333,0.0,0.02565771630051532,0.21032258064516124,0.9395161290322581,0.45954692556634313,0.365823480890844,0.36585365853658536,0.0,0.5,0.0
Krishna,Andhra Pradesh,0.3333333333333144,0.40794005102040815,1.0,1.0,0.4318181818181818,0.028169014084507043,0.6582278481012658,1.0,0.0,0.0,0.3333333333333333,0.3230258037478297,0.31915330164483807,0.5186721991701244,0.75,0.3333333333333333,0.0,0.9999999999999998,0.5758754863813229,0.12,0.6785714285714286,0.32978723404255317,0.39534883720930236,1.0,0.3333333333333333,0.0,0.6666666666666666,0.013782542113323124,0.0,0.898716119828816,0.9053627760252366,0.0,1.0,0.2629310344827586,0.455026455026455,0.26436781609195403,0.3333333333333333,0.0,0.4206060606060606,0.32988505747126434,0.01775147928994083,0.5230202578268877,0.6666666666666666,0.5,0.3333333333333333,0.0,0.015249837767683322,0.8333333333333334,0.8333333333333334,0.8090909090909091,0.6341463414634145,0.0,1.0,0.0,0.13748854262144827,0.13740458015267176,0.13761467889908252,0.1381418092909535,0.13748854262144827,0.13753056234718825,1.0,0.5,0.0,0.708185053380783,0.5689655172413792,0.42530378842030025,0.0,0.3333333333333333,0.0,0.02565771630051532,0.21032258064516124,0.9395161290322581,0.45954692556634313,0.365823480890844,0.36585365853658536,0.0,0.5,0.0
Krishna,Andhra Pradesh,0.44444444444442865,0.2790816326530612,0.0,0.0,0.0,0.0,0.0,0.0,0.0,0.5,0.6666666666666667,0.21894270490331075,0.2206339978798345,0.5643153526970957,0.5,0.0,0.0,0.9999999999999998,0.5758754863813229,0.12,0.6785714285714286,0.32978723404255317,0.39534883720930236,1.0,0.3333333333333333,0.0,0.6666666666666666,0.013782542113323124,0.0,0.898716119828816,0.9053627760252366,0.0,1.0,0.2629310344827586,0.455026455026455,0.26436781609195403,0.3333333333333333,0.0,0.4206060606060606,0.32988505747126434,0.01775147928994083,0.5230202578268877,0.6666666666666666,0.5,0.3333333333333333,0.0,0.015249837767683322,0.8333333333333334,0.8333333333333334,0.8090909090909091,0.6341463414634145,0.0,1.0,0.0,0.13748854262144827,0.13740458015267176,0.13761467889908252,0.1381418092909535,0.13748854262144827,0.13753056234718825,1.0,0.5,0.0,0.708185053380783,0.5689655172413792,0.42530378842030025,0.0,0.3333333333333333,0.0,0.02565771630051532,0.21032258064516124,0.9395161290322581,0.45954692556634313,0.365823480890844,0.36585365853658536,0.0,0.5,0.0
Krishna,Andhra Pradesh,0.5555555555555429,0.3923469387755102,1.0,1.0,0.09090909090909091,0.7746478873239436,0.9367088607594937,1.0,0.0,0.5,0.0,0.35535532539064835,0.36340320760523886,0.6348547717842328,0.75,0.6666666666666666,0.0,0.9999999999999998,0.5758754863813229,0.12,0.6785714285714286,0.32978723404255317,0.39534883720930236,1.0,0.3333333333333333,0.0,0.6666666666666666,0.013782542113323124,0.0,0.898716119828816,0.9053627760252366,0.0,1.0,0.2629310344827586,0.455026455026455,0.26436781609195403,0.3333333333333333,0.0,0.4206060606060606,0.32988505747126434,0.01775147928994083,0.5230202578268877,0.6666666666666666,0.5,0.3333333333333333,0.0,0.015249837767683322,0.8333333333333334,0.8333333333333334,0.8090909090909091,0.6341463414634145,0.0,1.0,0.0,0.13748854262144827,0.13740458015267176,0.13761467889908252,0.1381418092909535,0.13748854262144827,0.13753056234718825,1.0,0.5,0.0,0.708185053380783,0.5689655172413792,0.42530378842030025,0.0,0.3333333333333333,0.0,0.02565771630051532,0.21032258064516124,0.9395161290322581,0.45954692556634313,0.365823480890844,0.36585365853658536,0.0,0.5,0.0
Krishna,Andhra Pradesh,0.6666666666666572,0.13166454081632653,0.0,0.0,0.0,0.0,0.0,0.0,0.0,0.5,0.6666666666666667,0.15344548883434111,0.1522757583011319,0.5020746887966809,0.25,0.0,0.0,0.9999999999999998,0.5758754863813229,0.12,0.6785714285714286,0.32978723404255317,0.39534883720930236,1.0,0.3333333333333333,0.0,0.6666666666666666,0.013782542113323124,0.0,0.898716119828816,0.9053627760252366,0.0,1.0,0.2629310344827586,0.455026455026455,0.26436781609195403,0.3333333333333333,0.0,0.4206060606060606,0.32988505747126434,0.01775147928994083,0.5230202578268877,0.6666666666666666,0.5,0.3333333333333333,0.0,0.015249837767683322,0.8333333333333334,0.8333333333333334,0.8090909090909091,0.6341463414634145,0.0,1.0,0.0,0.13748854262144827,0.13740458015267176,0.13761467889908252,0.1381418092909535,0.13748854262144827,0.13753056234718825,1.0,0.5,0.0,0.708185053380783,0.5689655172413792,0.42530378842030025,0.0,0.3333333333333333,0.0,0.02565771630051532,0.21032258064516124,0.9395161290322581,0.45954692556634313,0.365823480890844,0.36585365853658536,0.0,0.5,0.0
Krishna,Andhra Pradesh,0.7777777777777715,0.36808035714285714,1.0,1.0,0.11363636363636365,0.9859154929577465,0.12658227848101267,1.0,0.0,0.0,0.0,0.3813686164162126,0.3885032315425914,0.6265560165975104,0.75,0.6666666666666666,0.0,0.9999999999999998,0.5758754863813229,0.12,0.6785714285714286,0.32978723404255317,0.39534883720930236,1.0,0.3333333333333333,0.0,0.6666666666666666,0.013782542113323124,0.0,0.898716119828816,0.9053627760252366,0.0,1.0,0.2629310344827586,0.455026455026455,0.26436781609195403,0.3333333333333333,0.0,0.4206060606060606,0.32988505747126434,0.01775147928994083,0.5230202578268877,0.6666666666666666,0.5,0.3333333333333333,0.0,0.015249837767683322,0.8333333333333334,0.8333333333333334,0.8090909090909091,0.6341463414634145,0.0,1.0,0.0,0.13748854262144827,0.13740458015267176,0.13761467889908252,0.1381418092909535,0.13748854262144827,0.13753056234718825,1.0,0.5,0.0,0.708185053380783,0.5689655172413792,0.42530378842030025,0.0,0.3333333333333333,0.0,0.02565771630051532,0.21032258064516124,0.9395161290322581,0.45954692556634313,0.365823480890844,0.36585365853658536,0.0,0.5,0.0
Krishna,Andhra Pradesh,0.8888888888888857,0.6764349489795919,1.0,1.0,0.20454545454545456,0.8309859154929577,0.8734177215189873,1.0,1.0,1.0,0.3333333333333333,0.5223612524696162,0.5279212119139622,0.6099585062240664,1.0,1.0,0.0,0.9999999999999998,0.5758754863813229,0.12,0.6785714285714286,0.32978723404255317,0.39534883720930236,1.0,0.3333333333333333,0.0,0.6666666666666666,0.013782542113323124,0.0,0.898716119828816,0.9053627760252366,0.0,1.0,0.2629310344827586,0.455026455026455,0.26436781609195403,0.3333333333333333,0.0,0.4206060606060606,0.32988505747126434,0.01775147928994083,0.5230202578268877,0.6666666666666666,0.5,0.3333333333333333,0.0,0.015249837767683322,0.8333333333333334,0.8333333333333334,0.8090909090909091,0.6341463414634145,0.0,1.0,0.0,0.13748854262144827,0.13740458015267176,0.13761467889908252,0.1381418092909535,0.13748854262144827,0.13753056234718825,1.0,0.5,0.0,0.708185053380783,0.5689655172413792,0.42530378842030025,0.0,0.3333333333333333,0.0,0.02565771630051532,0.21032258064516124,0.9395161290322581,0.45954692556634313,0.365823480890844,0.36585365853658536,0.0,0.5,0.0
Krishna,Andhra Pradesh,1.0,0.2865114795918367,0.0,0.0,0.0,0.0,0.0,0.0,0.0,0.5,0.6666666666666667,0.2062204394420164,0.2070922955921075,0.5518672199170127,0.5,0.0,0.0,0.9999999999999998,0.5758754863813229,0.12,0.6785714285714286,0.32978723404255317,0.39534883720930236,1.0,0.3333333333333333,0.0,0.6666666666666666,0.013782542113323124,0.0,0.898716119828816,0.9053627760252366,0.0,1.0,0.2629310344827586,0.455026455026455,0.26436781609195403,0.3333333333333333,0.0,0.4206060606060606,0.32988505747126434,0.01775147928994083,0.5230202578268877,0.6666666666666666,0.5,0.3333333333333333,0.0,0.015249837767683322,0.8333333333333334,0.8333333333333334,0.8090909090909091,0.6341463414634145,0.0,1.0,0.0,0.13748854262144827,0.13740458015267176,0.13761467889908252,0.1381418092909535,0.13748854262144827,0.13753056234718825,1.0,0.5,0.0,0.708185053380783,0.5689655172413792,0.42530378842030025,0.0,0.3333333333333333,0.0,0.02565771630051532,0.21032258064516124,0.9395161290322581,0.45954692556634313,0.365823480890844,0.36585365853658536,0.0,0.5,0.0
Guntur,Andhra Pradesh,0.0,0.23887117346938774,0.0,0.0,0.0,0.0,0.0,0.0,0.0,0.5,0.6666666666666667,0.18029695264323772,0.17258831173272238,0.4066390041493779,0.5,0.0,0.004511278195488744,0.8100172711571674,0.6108949416342411,0.12,0.9999999999999998,0.2127659574468085,0.7441860465116279,1.0,0.3333333333333333,0.0,0.6666666666666666,0.03828483920367534,0.0,0.8609129814550642,0.7350157728706624,0.25,0.6666666666666666,0.785919540229885,0.19576719576719576,0.7854406130268201,0.6666666666666666,0.6666666666666666,0.4957575757575758,0.7425287356321839,0.3136094674556213,0.7587476979742174,0.25,0.5,0.3333333333333333,0.0,0.07560025957170668,0.6818181818181818,0.6818181818181818,0.4,0.5609756097560976,0.25,0.75,0.25,0.27497708524289644,0.2748091603053435,0.27522935779816515,0.27506112469437655,0.27497708524289644,0.27506112469437655,0.5,0.5,0.0,0.12455516014234876,0.603448275862069,0.17298070050035738,0.6666666666666666,0.3333333333333333,0.0,0.01898562516951451,0.07354838709677419,0.6169354838709676,0.27615965480043153,0.021858674731921907,0.058536585365853655,0.0,0.0,0.0
Guntur,Andhra Pradesh,0.11111111111111427,0.03823341836734694,0.0,0.0,0.0,0.0,0.0,0.0,0.0,0.5,0.6666666666666667,0.032539064838651745,0.030605615018978904,0.30705394190871393,0.0,0.0,0.004511278195488744,0.8100172711571674,0.6108949416342411,0.12,0.9999999999999998,0.2127659574468085,0.7441860465116279,1.0,0.3333333333333333,0.0,0.6666666666666666,0.03828483920367534,0.0,0.8609129814550642,0.7350157728706624,0.25,0.6666666666666666,0.785919540229885,0.19576719576719576,0.7854406130268201,0.6666666666666666,0.6666666666666666,0.4957575757575758,0.7425287356321839,0.3136094674556213,0.7587476979742174,0.25,0.5,0.3333333333333333,0.0,0.07560025957170668,0.6818181818181818,0.6818181818181818,0.4,0.5609756097560976,0.25,0.75,0.25,0.27497708524289644,0.2748091603053435,0.27522935779816515,0.27506112469437655,0.27497708524289644,0.27506112469437655,0.5,0.5,0.0,0.12455516014234876,0.603448275862069,0.17298070050035738,0.6666666666666666,0.3333333333333333,0.0,0.01898562516951451,0.07354838709677419,0.6169354838709676,0.27615965480043153,0.021858674731921907,0.058536585365853655,0.0,0.0,0.0
Guntur,Andhra Pradesh,0.22222222222220012,0.36747448979591835,1.0,1.0,0.4318181818181818,0.28169014084507044,0.8860759493670886,0.0,0.0,0.0,0.3333333333333333,0.38403280847751897,0.37704749854666075,0.5062240663900415,0.75,0.6666666666666666,0.004511278195488744,0.8100172711571674,0.6108949416342411,0.12,0.9999999999999998,0.2127659574468085,0.7441860465116279,1.0,0.3333333333333333,0.0,0.6666666666666666,0.03828483920367534,0.0,0.8609129814550642,0.7350157728706624,0.25,0.6666666666666666,0.785919540229885,0.19576719576719576,0.7854406130268201,0.6666666666666666,0.6666666666666666,0.4957575757575758,0.7425287356321839,0.3136094674556213,0.7587476979742174,0.25,0.5,0.3333333333333333,0.0,0.07560025957170668,0.6818181818181818,0.6818181818181818,0.4,0.5609756097560976,0.25,0.75,0.25,0.27497708524289644,0.2748091603053435,0.27522935779816515,0.27506112469437655,0.27497708524289644,0.27506112469437655,0.5,0.5,0.0,0.12455516014234876,0.603448275862069,0.17298070050035738,0.6666666666666666,0.3333333333333333,0.0,0.01898562516951451,0.07354838709677419,0.6169354838709676,0.27615965480043153,0.021858674731921907,0.058536585365853655,0.0,0.0,0.0
Guntur,Andhra Pradesh,0.3333333333333144,0.24547193877551016,0.0,0.0,0.0,0.0,0.0,0.0,0.0,0.5,0.6666666666666667,0.23525713943602944,0.24248538111684848,0.6390041493775933,0.5,0.0,0.004511278195488744,0.8100172711571674,0.6108949416342411,0.12,0.9999999999999998,0.2127659574468085,0.7441860465116279,1.0,0.3333333333333333,0.0,0.6666666666666666,0.03828483920367534,0.0,0.8609129814550642,0.7350157728706624,0.25,0.6666666666666666,0.785919540229885,0.19576719576719576,0.7854406130268201,0.6666666666666666,0.6666666666666666,0.4957575757575758,0.7425287356321839,0.3136094674556213,0.7587476979742174,0.25,0.5,0.3333333333333333,0.0,0.07560025957170668,0.6818181818181818,0.6818181818181818,0.4,0.5609756097560976,0.25,0.75,0.25,0.27497708524289644,0.2748091603053435,0.27522935779816515,0.27506112469437655,0.27497708524289644,0.27506112469437655,0.5,0.5,0.0,0.12455516014234876,0.603448275862069,0.17298070050035738,0.6666666666666666,0.3333333333333333,0.0,0.01898562516951451,0.07354838709677419,0.6169354838709676,0.27615965480043153,0.021858674731921907,0.058536585365853655,0.0,0.0,0.0
Guntur,Andhra Pradesh,0.44444444444442865,0.39043367346938773,1.0,1.0,0.4090909090909091,0.014084507042253521,0.12658227848101267,1.0,0.0,0.5,0.3333333333333333,0.4055558881638029,0.39879629312997983,0.5103734439834029,1.0,0.6666666666666666,0.004511278195488744,0.8100172711571674,0.6108949416342411,0.12,0.9999999999999998,0.2127659574468085,0.7441860465116279,1.0,0.3333333333333333,0.0,0.6666666666666666,0.03828483920367534,0.0,0.8609129814550642,0.7350157728706624,0.25,0.6666666666666666,0.785919540229885,0.19576719576719576,0.7854406130268201,0.6666666666666666,0.6666666666666666,0.4957575757575758,0.7425287356321839,0.3136094674556213,0.7587476979742174,0.25,0.5,0.3333333333333333,0.0,0.07560025957170668,0.6818181818181818,0.6818181818181818,0.4,0.5609756097560976,0.25,0.75,0.25,0.27497708524289644,0.2748091603053435,0.27522935779816515,0.27506112469437655,0.27497708524289644,0.27506112469437655,0.5,0.5,0.0,0.12455516014234876,0.603448275862069,0.17298070050035738,0.6666666666666666,0.3333333333333333,0.0,0.01898562516951451,0.07354838709677419,0.6169354838709676,0.27615965480043153,0.021858674731921907,0.058536585365853655,0.0,0.0,0.0
Guntur,Andhra Pradesh,0.5555555555555429,0.11348852040816326,0.0,0.0,0.0,0.0,0.0,0.0,0.0,0.5,0.6666666666666667,0.15140992636053402,0.16020928085353758,0.6846473029045641,0.25,0.0,0.004511278195488744,0.8100172711571674,0.6108949416342411,0.12,0.9999999999999998,0.2127659574468085,0.7441860465116279,1.0,0.3333333333333333,0.0,0.6666666666666666,0.03828483920367534,0.0,0.8609129814550642,0.7350157728706624,0.25,0.6666666666666666,0.785919540229885,0.19576719576719576,0.7854406130268201,0.6666666666666666,0.6666666666666666,0.4957575757575758,0.7425287356321839,0.3136094674556213,0.7587476979742174,0.25,0.5,0.3333333333333333,0.0,0.07560025957170668,0.6818181818181818,0.6818181818181818,0.4,0.5609756097560976,0.25,0.75,0.25,0.27497708524289644,0.2748091603053435,0.27522935779816515,0.27506112469437655,0.27497708524289644,0.27506112469437655,0.5,0.5,0.0,0.12455516014234876,0.603448275862069,0.17298070050035738,0.6666666666666666,0.3333333333333333,0.0,0.01898562516951451,0.07354838709677419,0.6169354838709676,0.27615965480043153,0.021858674731921907,0.058536585365853655,0.0,0.0,0.0
Guntur,Andhra Pradesh,0.6666666666666572,0.35717474489795914,1.0,1.0,0.6818181818181819,0.5915492957746479,0.0759493670886076,1.0,0.0,0.0,0.6666666666666667,0.2919236065377477,0.2975412919331122,0.6141078838174279,0.75,0.3333333333333333,0.004511278195488744,0.8100172711571674,0.6108949416342411,0.12,0.9999999999999998,0.2127659574468085,0.7441860465116279,1.0,0.3333333333333333,0.0,0.6666666666666666,0.03828483920367534,0.0,0.8609129814550642,0.7350157728706624,0.25,0.6666666666666666,0.785919540229885,0.19576719576719576,0.7854406130268201,0.6666666666666666,0.6666666666666666,0.4957575757575758,0.7425287356321839,0.3136094674556213,0.7587476979742174,0.25,0.5,0.3333333333333333,0.0,0.07560025957170668,0.6818181818181818,0.6818181818181818,0.4,0.5609756097560976,0.25,0.75,0.25,0.27497708524289644,0.2748091603053435,0.27522935779816515,0.27506112469437655,0.27497708524289644,0.27506112469437655,0.5,0.5,0.0,0.12455516014234876,0.603448275862069,0.17298070050035738,0.6666666666666666,0.3333333333333333,0.0,0.01898562516951451,0.07354838709677419,0.6169354838709676,0.27615965480043153,0.021858674731921907,0.058536585365853655,0.0,0.0,0.0
Guntur,Andhra Pradesh,0.7777777777777715,0.6426020408163265,1.0,1.0,0.045454545454545456,0.014084507042253521,0.5949367088607594,1.0,1.0,1.0,0.0,0.4772196611387176,0.48356871729986667,0.6141078838174279,1.0,1.0,0.004511278195488744,0.8100172711571674,0.6108949416342411,0.12,0.9999999999999998,0.2127659574468085,0.7441860465116279,1.0,0.3333333333333333,0.0,0.6666666666666666,0.03828483920367534,0.0,0.8609129814550642,0.7350157728706624,0.25,0.6666666666666666,0.785919540229885,0.19576719576719576,0.7854406130268201,0.6666666666666666,0.6666666666666666,0.4957575757575758,0.7425287356321839,0.3136094674556213,0.7587476979742174,0.25,0.5,0.3333333333333333,0.0,0.07560025957170668,0.6818181818181818,0.6818181818181818,0.4,0.5609756097560976,0.25,0.75,0.25,0.27497708524289644,0.2748091603053435,0.27522935779816515,0.27506112469437655,0.27497708524289644,0.27506112469437655,0.5,0.5,0.0,0.12455516014234876,0.603448275862069,0.17298070050035738,0.6666666666666666,0.3333333333333333,0.0,0.01898562516951451,0.07354838709677419,0.6169354838709676,0.27615965480043153,0.021858674731921907,0.058536585365853655,0.0,0.0,0.0
Guntur,Andhra Pradesh,0.8888888888888857,0.2522002551020408,0.0,0.0,0.0,0.0,0.0,0.0,0.0,0.5,0.6666666666666667,0.21567981799676705,0.2189241869849195,0.5850622406639006,0.5,0.0,0.004511278195488744,0.8100172711571674,0.6108949416342411,0.12,0.9999999999999998,0.2127659574468085,0.7441860465116279,1.0,0.3333333333333333,0.0,0.6666666666666666,0.03828483920367534,0.0,0.8609129814550642,0.7350157728706624,0.25,0.6666666666666666,0.785919540229885,0.19576719576719576,0.7854406130268201,0.6666666666666666,0.6666666666666666,0.4957575757575758,0.7425287356321839,0.3136094674556213,0.7587476979742174,0.25,0.5,0.3333333333333333,0.0,0.07560025957170668,0.6818181818181818,0.6818181818181818,0.4,0.5609756097560976,0.25,0.75,0.25,0.27497708524289644,0.2748091603053435,0.27522935779816515,0.27506112469437655,0.27497708524289644,0.27506112469437655,0.5,0.5,0.0,0.12455516014234876,0.603448275862069,0.17298070050035738,0.6666666666666666,0.3333333333333333,0.0,0.01898562516951451,0.07354838709677419,0.6169354838709676,0.27615965480043153,0.021858674731921907,0.058536585365853655,0.0,0.0,0.0
Guntur,Andhra Pradesh,1.0,0.0952487244897959,0.0,0.0,0.0,0.0,0.0,0.0,0.0,0.5,0.6666666666666667,0.06690414895527749,0.0683924357966009,0.5103734439834029,0.0,0.0,0.004511278195488744,0.8100172711571674,0.6108949416342411,0.12,0.9999999999999998,0.2127659574468085,0.7441860465116279,1.0,0.3333333333333333,0.0,0.6666666666666666,0.03828483920367534,0.0,0.8609129814550642,0.7350157728706624,0.25,0.6666666666666666,0.785919540229885,0.19576719576719576,0.7854406130268201,0.6666666666666666,0.6666666666666666,0.4957575757575758,0.7425287356321839,0.3136094674556213,0.7587476979742174,0.25,0.5,0.3333333333333333,0.0,0.07560025957170668,0.6818181818181818,0.6818181818181818,0.4,0.5609756097560976,0.25,0.75,0.25,0.27497708524289644,0.2748091603053435,0.27522935779816515,0.27506112469437655,0.27497708524289644,0.27506112469437655,0.5,0.5,0.0,0.12455516014234876,0.603448275862069,0.17298070050035738,0.6666666666666666,0.3333333333333333,0.0,0.01898562516951451,0.07354838709677419,0.6169354838709676,0.27615965480043153,0.021858674731921907,0.058536585365853655,0.0,0.0,0.0
Prakasam,Andhra Pradesh,0.0,0.0314094387755102,0.0,0.0,0.0,0.0,0.0,0.0,0.0,0.5,0.6666666666666667,0.07812967730347842,0.08090825154737885,0.5560165975103737,0.0,0.0,0.7082706766917294,0.1934369602763385,0.44357976653696496,0.7600000000000001,0.8928571428571426,0.9446808510638297,0.5232558139534883,0.125,1.0,1.0,0.0,0.8943338437978561,0.8894080996884736,0.6783166904422255,0.0,1.0,0.0,0.18534482758620685,0.2063492063492064,0.18582375478927204,0.3333333333333333,0.0,0.5503030303030304,0.10114942528735632,0.045364891518737675,0.21731123388581952,0.4583333333333333,0.5,0.3333333333333333,0.0,0.3312783906554186,0.1515151515151515,0.1515151515151515,0.5636363636363637,0.024390243902439046,0.75,0.25,0.75,0.19340054995417044,0.19389312977099238,0.19266055045871566,0.19315403422982885,0.19340054995417044,0.19315403422982885,1.0,0.5,0.0,0.295373665480427,0.7241379310344828,0.5646890636168691,0.3333333333333333,0.3333333333333333,0.0,0.003363167887171141,0.2451612903225806,0.4879032258064516,0.13915857605177995,0.30890844102282083,0.36341463414634145,0.0,0.5,0.0
Prakasam,Andhra Pradesh,0.11111111111111427,0.3097895408163265,1.0,1.0,0.4318181818181818,0.676056338028169,1.0,1.0,0.0,0.0,0.3333333333333333,0.35559480332874327,0.34801490955100367,0.49377593360995853,0.75,0.6666666666666666,0.7082706766917294,0.1934369602763385,0.44357976653696496,0.7600000000000001,0.8928571428571426,0.9446808510638297,0.5232558139534883,0.125,1.0,1.0,0.0,0.8943338437978561,0.8894080996884736,0.6783166904422255,0.0,1.0,0.0,0.18534482758620685,0.2063492063492064,0.18582375478927204,0.3333333333333333,0.0,0.5503030303030304,0.10114942528735632,0.045364891518737675,0.21731123388581952,0.4583333333333333,0.5,0.3333333333333333,0.0,0.3312783906554186,0.1515151515151515,0.1515151515151515,0.5636363636363637,0.024390243902439046,0.75,0.25,0.75,0.19340054995417044,0.19389312977099238,0.19266055045871566,0.19315403422982885,0.19340054995417044,0.19315403422982885,1.0,0.5,0.0,0.295373665480427,0.7241379310344828,0.5646890636168691,0.3333333333333333,0.3333333333333333,0.0,0.003363167887171141,0.2451612903225806,0.4879032258064516,0.13915857605177995,0.30890844102282083,0.36341463414634145,0.0,0.5,0.0
Prakasam,Andhra Pradesh,0.22222222222220012,0.24033801020408158,0.0,0.0,0.0,0.0,0.0,0.0,0.0,0.5,0.6666666666666667,0.20526252768963657,0.2048011489929214,0.5311203319502078,0.5,0.0,0.7082706766917294,0.1934369602763385,0.44357976653696496,0.7600000000000001,0.8928571428571426,0.9446808510638297,0.5232558139534883,0.125,1.0,1.0,0.0,0.8943338437978561,0.8894080996884736,0.6783166904422255,0.0,1.0,0.0,0.18534482758620685,0.2063492063492064,0.18582375478927204,0.3333333333333333,0.0,0.5503030303030304,0.10114942528735632,0.045364891518737675,0.21731123388581952,0.4583333333333333,0.5,0.3333333333333333,0.0,0.3312783906554186,0.1515151515151515,0.1515151515151515,0.5636363636363637,0.024390243902439046,0.75,0.25,0.75,0.19340054995417044,0.19389312977099238,0.19266055045871566,0.19315403422982885,0.19340054995417044,0.19315403422982885,1.0,0.5,0.0,0.295373665480427,0.7241379310344828,0.5646890636168691,0.3333333333333333,0.3333333333333333,0.0,0.003363167887171141,0.2451612903225806,0.4879032258064516,0.13915857605177995,0.30890844102282083,0.36341463414634145,0.0,0.5,0.0
Prakasam,Andhra Pradesh,0.3333333333333144,0.41989795918367345,1.0,1.0,0.5454545454545454,0.5070422535211268,0.46835443037974683,1.0,0.0,0.5,0.6666666666666667,0.39178590672334307,0.39930923639845434,0.6265560165975104,1.0,0.6666666666666666,0.7082706766917294,0.1934369602763385,0.44357976653696496,0.7600000000000001,0.8928571428571426,0.9446808510638297,0.5232558139534883,0.125,1.0,1.0,0.0,0.8943338437978561,0.8894080996884736,0.6783166904422255,0.0,1.0,0.0,0.18534482758620685,0.2063492063492064,0.18582375478927204,0.3333333333333333,0.0,0.5503030303030304,0.10114942528735632,0.045364891518737675,0.21731123388581952,0.4583333333333333,0.5,0.3333333333333333,0.0,0.3312783906554186,0.1515151515151515,0.1515151515151515,0.5636363636363637,0.024390243902439046,0.75,0.25,0.75,0.19340054995417044,0.19389312977099238,0.19266055045871566,0.19315403422982885,0.19340054995417044,0.19315403422982885,1.0,0.5,0.0,0.295373665480427,0.7241379310344828,0.5646890636168691,0.3333333333333333,0.3333333333333333,0.0,0.003363167887171141,0.2451612903225806,0.4879032258064516,0.13915857605177995,0.30890844102282083,0.36341463414634145,0.0,0.5,0.0
Prakasam,Andhra Pradesh,0.44444444444442865,0.136734693877551,0.0,0.0,0.0,0.0,0.0,0.0,0.0,0.5,0.6666666666666667,0.09160031132131952,0.09797216427863079,0.6597510373443982,0.25,0.0,0.7082706766917294,0.1934369602763385,0.44357976653696496,0.7600000000000001,0.8928571428571426,0.9446808510638297,0.5232558139534883,0.125,1.0,1.0,0.0,0.8943338437978561,0.8894080996884736,0.6783166904422255,0.0,1.0,0.0,0.18534482758620685,0.2063492063492064,0.18582375478927204,0.3333333333333333,0.0,0.5503030303030304,0.10114942528735632,0.045364891518737675,0.21731123388581952,0.4583333333333333,0.5,0.3333333333333333,0.0,0.3312783906554186,0.1515151515151515,0.1515151515151515,0.5636363636363637,0.024390243902439046,0.75,0.25,0.75,0.19340054995417044,0.19389312977099238,0.19266055045871566,0.19315403422982885,0.19340054995417044,0.19315403422982885,1.0,0.5,0.0,0.295373665480427,0.7241379310344828,0.5646890636168691,0.3333333333333333,0.3333333333333333,0.0,0.003363167887171141,0.2451612903225806,0.4879032258064516,0.13915857605177995,0.30890844102282083,0.36341463414634145,0.0,0.5,0.0
Prakasam,Andhra Pradesh,0.5555555555555429,0.29027423469387753,1.0,1.0,0.5681818181818182,0.35211267605633806,0.21518987341772153,0.0,0.0,0.0,0.6666666666666667,0.27767466922109796,0.29012071264918105,0.6929460580912861,0.75,0.3333333333333333,0.7082706766917294,0.1934369602763385,0.44357976653696496,0.7600000000000001,0.8928571428571426,0.9446808510638297,0.5232558139534883,0.125,1.0,1.0,0.0,0.8943338437978561,0.8894080996884736,0.6783166904422255,0.0,1.0,0.0,0.18534482758620685,0.2063492063492064,0.18582375478927204,0.3333333333333333,0.0,0.5503030303030304,0.10114942528735632,0.045364891518737675,0.21731123388581952,0.4583333333333333,0.5,0.3333333333333333,0.0,0.3312783906554186,0.1515151515151515,0.1515151515151515,0.5636363636363637,0.024390243902439046,0.75,0.25,0.75,0.19340054995417044,0.19389312977099238,0.19266055045871566,0.19315403422982885,0.19340054995417044,0.19315403422982885,1.0,0.5,0.0,0.295373665480427,0.7241379310344828,0.5646890636168691,0.3333333333333333,0.3333333333333333,0.0,0.003363167887171141,0.2451612903225806,0.4879032258064516,0.13915857605177995,0.30890844102282083,0.36341463414634145,0.0,0.5,0.0
Prakasam,Andhra Pradesh,0.6666666666666572,0.553858418367347,1.0,1.0,0.7954545454545455,0.8591549295774648,0.5063291139240507,0.0,1.0,1.0,1.0,0.4533616715560079,0.4546045207400062,0.5767634854771786,1.0,1.0,0.7082706766917294,0.1934369602763385,0.44357976653696496,0.7600000000000001,0.8928571428571426,0.9446808510638297,0.5232558139534883,0.125,1.0,1.0,0.0,0.8943338437978561,0.8894080996884736,0.6783166904422255,0.0,1.0,0.0,0.18534482758620685,0.2063492063492064,0.18582375478927204,0.3333333333333333,0.0,0.5503030303030304,0.10114942528735632,0.045364891518737675,0.21731123388581952,0.4583333333333333,0.5,0.3333333333333333,0.0,0.3312783906554186,0.1515151515151515,0.1515151515151515,0.5636363636363637,0.024390243902439046,0.75,0.25,0.75,0.19340054995417044,0.19389312977099238,0.19266055045871566,0.19315403422982885,0.19340054995417044,0.19315403422982885,1.0,0.5,0.0,0.295373665480427,0.7241379310344828,0.5646890636168691,0.3333333333333333,0.3333333333333333,0.0,0.003363167887171141,0.2451612903225806,0.4879032258064516,0.13915857605177995,0.30890844102282083,0.36341463414634145,0.0,0.5,0.0
Prakasam,Andhra Pradesh,0.7777777777777715,0.2067920918367347,0.0,0.0,0.0,0.0,0.0,0.0,0.0,0.5,0.6666666666666667,0.16134826079147457,0.15808911534384298,0.4688796680497931,0.5,0.0,0.7082706766917294,0.1934369602763385,0.44357976653696496,0.7600000000000001,0.8928571428571426,0.9446808510638297,0.5232558139534883,0.125,1.0,1.0,0.0,0.8943338437978561,0.8894080996884736,0.6783166904422255,0.0,1.0,0.0,0.18534482758620685,0.2063492063492064,0.18582375478927204,0.3333333333333333,0.0,0.5503030303030304,0.10114942528735632,0.045364891518737675,0.21731123388581952,0.4583333333333333,0.5,0.3333333333333333,0.0,0.3312783906554186,0.1515151515151515,0.1515151515151515,0.5636363636363637,0.024390243902439046,0.75,0.25,0.75,0.19340054995417044,0.19389312977099238,0.19266055045871566,0.19315403422982885,0.19340054995417044,0.19315403422982885,1.0,0.5,0.0,0.295373665480427,0.7241379310344828,0.5646890636168691,0.3333333333333333,0.3333333333333333,0.0,0.003363167887171141,0.2451612903225806,0.4879032258064516,0.13915857605177995,0.30890844102282083,0.36341463414634145,0.0,0.5,0.0
Prakasam,Andhra Pradesh,0.8888888888888857,0.05621811224489796,0.0,0.0,0.0,0.0,0.0,0.0,0.0,0.5,0.6666666666666667,0.022241513500568764,0.03337550866874124,0.9917012448132776,0.0,0.0,0.7082706766917294,0.1934369602763385,0.44357976653696496,0.7600000000000001,0.8928571428571426,0.9446808510638297,0.5232558139534883,0.125,1.0,1.0,0.0,0.8943338437978561,0.8894080996884736,0.6783166904422255,0.0,1.0,0.0,0.18534482758620685,0.2063492063492064,0.18582375478927204,0.3333333333333333,0.0,0.5503030303030304,0.10114942528735632,0.045364891518737675,0.21731123388581952,0.4583333333333333,0.5,0.3333333333333333,0.0,0.3312783906554186,0.1515151515151515,0.1515151515151515,0.5636363636363637,0.024390243902439046,0.75,0.25,0.75,0.19340054995417044,0.19389312977099238,0.19266055045871566,0.19315403422982885,0.19340054995417044,0.19315403422982885,1.0,0.5,0.0,0.295373665480427,0.7241379310344828,0.5646890636168691,0.3333333333333333,0.3333333333333333,0.0,0.003363167887171141,0.2451612903225806,0.4879032258064516,0.13915857605177995,0.30890844102282083,0.36341463414634145,0.0,0.5,0.0
Prakasam,Andhra Pradesh,1.0,0.3016581632653061,1.0,1.0,0.18181818181818182,0.09859154929577466,0.8354430379746836,1.0,0.0,0.0,0.3333333333333333,0.29183380231096206,0.2944978285401635,0.5850622406639006,0.75,0.6666666666666666,0.7082706766917294,0.1934369602763385,0.44357976653696496,0.7600000000000001,0.8928571428571426,0.9446808510638297,0.5232558139534883,0.125,1.0,1.0,0.0,0.8943338437978561,0.8894080996884736,0.6783166904422255,0.0,1.0,0.0,0.18534482758620685,0.2063492063492064,0.18582375478927204,0.3333333333333333,0.0,0.5503030303030304,0.10114942528735632,0.045364891518737675,0.21731123388581952,0.4583333333333333,0.5,0.3333333333333333,0.0,0.3312783906554186,0.1515151515151515,0.1515151515151515,0.5636363636363637,0.024390243902439046,0.75,0.25,0.75,0.19340054995417044,0.19389312977099238,0.19266055045871566,0.19315403422982885,0.19340054995417044,0.19315403422982885,1.0,0.5,0.0,0.295373665480427,0.7241379310344828,0.5646890636168691,0.3333333333333333,0.3333333333333333,0.0,0.003363167887171141,0.2451612903225806,0.4879032258064516,0.13915857605177995,0.30890844102282083,0.36341463414634145,0.0,0.5,0.0
Nellore,Andhra Pradesh,0.0,0.39014668367346933,1.0,1.0,0.2727272727272727,0.8309859154929577,0.26582278481012656,1.0,0.0,0.0,0.3333333333333333,0.3385320002394779,0.34767294737202065,0.6473029045643157,0.75,0.3333333333333333,0.2902255639097744,0.5509499136442142,0.8521400778210113,0.43999999999999995,0.6785714285714286,0.897872340425532,0.4651162790697674,0.0,0.0,0.6666666666666666,0.3333333333333333,0.004594180704441042,0.0,0.5299572039942939,0.9684542586750787,0.0,1.0,0.14367816091954022,0.8095238095238095,0.14367816091954022,0.0,0.0,0.4012121212121212,0.41494252873563214,0.23865877712031555,0.5506445672191529,0.75,0.5,0.3333333333333333,0.0,0.04445165476963011,0.5454545454545454,0.5454545454545455,0.18181818181818185,0.19512195121951215,0.25,0.75,0.25,0.1833180568285976,0.18320610687022898,0.1834862385321101,0.18337408312958442,0.1833180568285976,0.18337408312958442,1.0,0.5,0.0,0.40925266903914587,0.8793103448275862,0.4002859185132237,0.3333333333333333,1.0,1.0,0.014266341198806615,0.735483870967742,0.9072580645161291,0.3872707659115427,0.45408303546879286,0.4817073170731707,0.0,0.5,0.3333333333333333
Nellore,Andhra Pradesh,0.11111111111111427,0.288297193877551,0.0,0.0,0.0,0.0,0.0,0.0,0.0,0.5,0.6666666666666667,0.24007663294019038,0.23427828882125634,0.4730290456431536,0.5,0.0,0.2902255639097744,0.5509499136442142,0.8521400778210113,0.43999999999999995,0.6785714285714286,0.897872340425532,0.4651162790697674,0.0,0.0,0.6666666666666666,0.3333333333333333,0.004594180704441042,0.0,0.5299572039942939,0.9684542586750787,0.0,1.0,0.14367816091954022,0.8095238095238095,0.14367816091954022,0.0,0.0,0.4012121212121212,0.41494252873563214,0.23865877712031555,0.5506445672191529,0.75,0.5,0.3333333333333333,0.0,0.04445165476963011,0.5454545454545454,0.5454545454545455,0.18181818181818185,0.19512195121951215,0.25,0.75,0.25,0.1833180568285976,0.18320610687022898,0.1834862385321101,0.18337408312958442,0.1833180568285976,0.18337408312958442,1.0,0.5,0.0,0.40925266903914587,0.8793103448275862,0.4002859185132237,0.3333333333333333,1.0,1.0,0.014266341198806615,0.735483870967742,0.9072580645161291,0.3872707659115427,0.45408303546879286,0.4817073170731707,0.0,0.5,0.3333333333333333
Nellore,Andhra Pradesh,0.22222222222220012,0.4295280612244897,1.0,1.0,0.18181818181818182,0.38028169014084506,0.3291139240506329,1.0,0.0,0.5,0.3333333333333333,0.3461354247739927,0.33789282905310675,0.4813278008298756,0.75,0.6666666666666666,0.2902255639097744,0.5509499136442142,0.8521400778210113,0.43999999999999995,0.6785714285714286,0.897872340425532,0.4651162790697674,0.0,0.0,0.6666666666666666,0.3333333333333333,0.004594180704441042,0.0,0.5299572039942939,0.9684542586750787,0.0,1.0,0.14367816091954022,0.8095238095238095,0.14367816091954022,0.0,0.0,0.4012121212121212,0.41494252873563214,0.23865877712031555,0.5506445672191529,0.75,0.5,0.3333333333333333,0.0,0.04445165476963011,0.5454545454545454,0.5454545454545455,0.18181818181818185,0.19512195121951215,0.25,0.75,0.25,0.1833180568285976,0.18320610687022898,0.1834862385321101,0.18337408312958442,0.1833180568285976,0.18337408312958442,1.0,0.5,0.0,0.40925266903914587,0.8793103448275862,0.4002859185132237,0.3333333333333333,1.0,1.0,0.014266341198806615,0.735483870967742,0.9072580645161291,0.3872707659115427,0.45408303546879286,0.4817073170731707,0.0,0.5,0.3333333333333333
Nellore,Andhra Pradesh,0.3333333333333144,0.15736607142857142,0.0,0.0,0.0,0.0,0.0,0.0,0.0,0.5,0.6666666666666667,0.14216009100161647,0.14824060458913244,0.6390041493775933,0.25,0.0,0.2902255639097744,0.5509499136442142,0.8521400778210113,0.43999999999999995,0.6785714285714286,0.897872340425532,0.4651162790697674,0.0,0.0,0.6666666666666666,0.3333333333333333,0.004594180704441042,0.0,0.5299572039942939,0.9684542586750787,0.0,1.0,0.14367816091954022,0.8095238095238095,0.14367816091954022,0.0,0.0,0.4012121212121212,0.41494252873563214,0.23865877712031555,0.5506445672191529,0.75,0.5,0.3333333333333333,0.0,0.04445165476963011,0.5454545454545454,0.5454545454545455,0.18181818181818185,0.19512195121951215,0.25,0.75,0.25,0.1833180568285976,0.18320610687022898,0.1834862385321101,0.18337408312958442,0.1833180568285976,0.18337408312958442,1.0,0.5,0.0,0.40925266903914587,0.8793103448275862,0.4002859185132237,0.3333333333333333,1.0,1.0,0.014266341198806615,0.735483870967742,0.9072580645161291,0.3872707659115427,0.45408303546879286,0.4817073170731707,0.0,0.5,0.3333333333333333
Nellore,Andhra Pradesh,0.44444444444442865,0.35969387755102034,1.0,1.0,0.75,0.971830985915493,0.7594936708860759,1.0,0.0,0.0,0.6666666666666667,0.37574088487098123,0.3789624867489656,0.5892116182572615,0.75,0.6666666666666666,0.2902255639097744,0.5509499136442142,0.8521400778210113,0.43999999999999995,0.6785714285714286,0.897872340425532,0.4651162790697674,0.0,0.0,0.6666666666666666,0.3333333333333333,0.004594180704441042,0.0,0.5299572039942939,0.9684542586750787,0.0,1.0,0.14367816091954022,0.8095238095238095,0.14367816091954022,0.0,0.0,0.4012121212121212,0.41494252873563214,0.23865877712031555,0.5506445672191529,0.75,0.5,0.3333333333333333,0.0,0.04445165476963011,0.5454545454545454,0.5454545454545455,0.18181818181818185,0.19512195121951215,0.25,0.75,0.25,0.1833180568285976,0.18320610687022898,0.1834862385321101,0.18337408312958442,0.1833180568285976,0.18337408312958442,1.0,0.5,0.0,0.40925266903914587,0.8793103448275862,0.4002859185132237,0.3333333333333333,1.0,1.0,0.014266341198806615,0.735483870967742,0.9072580645161291,0.3872707659115427,0.45408303546879286,0.4817073170731707,0.0,0.5,0.3333333333333333
Nellore,Andhra Pradesh,0.5555555555555429,0.6494897959183674,1.0,1.0,0.38636363636363635,0.619718309859155,0.3670886075949367,1.0,1.0,1.0,0.3333333333333333,0.6462012812069687,0.6373833054064222,0.5311203319502078,1.0,1.0,0.2902255639097744,0.5509499136442142,0.8521400778210113,0.43999999999999995,0.6785714285714286,0.897872340425532,0.4651162790697674,0.0,0.0,0.6666666666666666,0.3333333333333333,0.004594180704441042,0.0,0.5299572039942939,0.9684542586750787,0.0,1.0,0.14367816091954022,0.8095238095238095,0.14367816091954022,0.0,0.0,0.4012121212121212,0.41494252873563214,0.23865877712031555,0.5506445672191529,0.75,0.5,0.3333333333333333,0.0,0.04445165476963011,0.5454545454545454,0.5454545454545455,0.18181818181818185,0.19512195121951215,0.25,0.75,0.25,0.1833180568285976,0.18320610687022898,0.1834862385321101,0.18337408312958442,0.1833180568285976,0.18337408312958442,1.0,0.5,0.0,0.40925266903914587,0.8793103448275862,0.4002859185132237,0.3333333333333333,1.0,1.0,0.014266341198806615,0.735483870967742,0.9072580645161291,0.3872707659115427,0.45408303546879286,0.4817073170731707,0.0,0.5,0.3333333333333333
Nellore,Andhra Pradesh,0.6666666666666572,0.30028698979591834,0.0,0.0,0.0,0.0,0.0,0.0,0.0,0.5,0.6666666666666667,0.24513560438244625,0.25619806449406696,0.6846473029045641,0.5,0.0,0.2902255639097744,0.5509499136442142,0.8521400778210113,0.43999999999999995,0.6785714285714286,0.897872340425532,0.4651162790697674,0.0,0.0,0.6666666666666666,0.3333333333333333,0.004594180704441042,0.0,0.5299572039942939,0.9684542586750787,0.0,1.0,0.14367816091954022,0.8095238095238095,0.14367816091954022,0.0,0.0,0.4012121212121212,0.41494252873563214,0.23865877712031555,0.5506445672191529,0.75,0.5,0.3333333333333333,0.0,0.04445165476963011,0.5454545454545454,0.5454545454545455,0.18181818181818185,0.19512195121951215,0.25,0.75,0.25,0.1833180568285976,0.18320610687022898,0.1834862385321101,0.18337408312958442,0.1833180568285976,0.18337408312958442,1.0,0.5,0.0,0.40925266903914587,0.8793103448275862,0.4002859185132237,0.3333333333333333,1.0,1.0,0.014266341198806615,0.735483870967742,0.9072580645161291,0.3872707659115427,0.45408303546879286,0.4817073170731707,0.0,0.5,0.3333333333333333
Nellore,Andhra Pradesh,0.7777777777777715,0.0590561224489796,0.0,0.0,0.0,0.0,0.0,0.0,0.0,0.5,0.6666666666666667,0.045201460815422374,0.04725917313545122,0.5145228215767634,0.0,0.0,0.2902255639097744,0.5509499136442142,0.8521400778210113,0.43999999999999995,0.6785714285714286,0.897872340425532,0.4651162790697674,0.0,0.0,0.6666666666666666,0.3333333333333333,0.004594180704441042,0.0,0.5299572039942939,0.9684542586750787,0.0,1.0,0.14367816091954022,0.8095238095238095,0.14367816091954022,0.0,0.0,0.4012121212121212,0.41494252873563214,0.23865877712031555,0.5506445672191529,0.75,0.5,0.3333333333333333,0.0,0.04445165476963011,0.5454545454545454,0.5454545454545455,0.18181818181818185,0.19512195121951215,0.25,0.75,0.25,0.1833180568285976,0.18320610687022898,0.1834862385321101,0.18337408312958442,0.1833180568285976,0.18337408312958442,1.0,0.5,0.0,0.40925266903914587,0.8793103448275862,0.4002859185132237,0.3333333333333333,1.0,1.0,0.014266341198806615,0.735483870967742,0.9072580645161291,0.3872707659115427,0.45408303546879286,0.4817073170731707,0.0,0.5,0.3333333333333333
Nellore,Andhra Pradesh,0.8888888888888857,0.338297193877551,1.0,1.0,0.5454545454545454,0.647887323943662,0.6582278481012658,1.0,0.0,0.0,0.6666666666666667,0.33449081003412556,0.3307800157302602,0.5228215767634858,0.75,0.3333333333333333,0.2902255639097744,0.5509499136442142,0.8521400778210113,0.43999999999999995,0.6785714285714286,0.897872340425532,0.4651162790697674,0.0,0.0,0.6666666666666666,0.3333333333333333,0.004594180704441042,0.0,0.5299572039942939,0.9684542586750787,0.0,1.0,0.14367816091954022,0.8095238095238095,0.14367816091954022,0.0,0.0,0.4012121212121212,0.41494252873563214,0.23865877712031555,0.5506445672191529,0.75,0.5,0.3333333333333333,0.0,0.04445165476963011,0.5454545454545454,0.5454545454545455,0.18181818181818185,0.19512195121951215,0.25,0.75,0.25,0.1833180568285976,0.18320610687022898,0.1834862385321101,0.18337408312958442,0.1833180568285976,0.18337408312958442,1.0,0.5,0.0,0.40925266903914587,0.8793103448275862,0.4002859185132237,0.3333333333333333,1.0,1.0,0.014266341198806615,0.735483870967742,0.9072580645161291,0.3872707659115427,0.45408303546879286,0.4817073170731707,0.0,0.5,0.3333333333333333
Nellore,Andhra Pradesh,1.0,0.28874362244897955,0.0,0.0,0.0,0.0,0.0,0.0,0.0,0.5,0.6666666666666667,0.28195533736454526,0.27934890401121637,0.5228215767634858,0.5,0.3333333333333333,0.2902255639097744,0.5509499136442142,0.8521400778210113,0.43999999999999995,0.6785714285714286,0.897872340425532,0.4651162790697674,0.0,0.0,0.6666666666666666,0.3333333333333333,0.004594180704441042,0.0,0.5299572039942939,0.9684542586750787,0.0,1.0,0.14367816091954022,0.8095238095238095,0.14367816091954022,0.0,0.0,0.4012121212121212,0.41494252873563214,0.23865877712031555,0.5506445672191529,0.75,0.5,0.3333333333333333,0.0,0.04445165476963011,0.5454545454545454,0.5454545454545455,0.18181818181818185,0.19512195121951215,0.25,0.75,0.25,0.1833180568285976,0.18320610687022898,0.1834862385321101,0.18337408312958442,0.1833180568285976,0.18337408312958442,1.0,0.5,0.0,0.40925266903914587,0.8793103448275862,0.4002859185132237,0.3333333333333333,1.0,1.0,0.014266341198806615,0.735483870967742,0.9072580645161291,0.3872707659115427,0.45408303546879286,0.4817073170731707,0.0,0.5,0.3333333333333333
Kurnool,Andhra Pradesh,0.0,0.127359693877551,0.0,0.0,0.0,0.0,0.0,0.0,0.0,0.5,0.6666666666666667,0.13237143028198525,0.13493827582669357,0.5643153526970957,0.5,0.0,0.3353383458646616,0.4905008635578583,0.7198443579766536,0.36,0.5357142857142854,0.9340425531914893,0.8023255813953488,0.625,0.6666666666666666,0.3333333333333333,1.0,0.42113323124042884,0.2616822429906542,0.4828815977175464,0.0,0.75,0.0,0.17241379310344826,0.21693121693121697,0.17241379310344826,0.3333333333333333,0.0,0.3612121212121212,0.0,0.1932938856015779,0.139963167587477,0.5833333333333333,0.25,0.6666666666666666,0.5,0.11421155094094745,0.25757575757575757,0.25757575757575757,0.4,0.04878048780487809,0.5,0.5,0.5,0.6416131989000917,0.6412213740458016,0.6422018348623854,0.6418092909535453,0.6416131989000917,0.6418092909535453,0.0,1.0,1.0,0.3736654804270462,0.9655172413793103,0.9571122230164403,0.3333333333333333,0.3333333333333333,0.0,0.03374016815839436,0.4812903225806452,0.8629032258064516,0.3926645091693636,0.8387407203739343,0.8353658536585367,0.42869955156950684,0.75,0.6666666666666666
Kurnool,Andhra Pradesh,0.11111111111111427,0.23982780612244897,1.0,1.0,0.7272727272727273,0.4647887323943662,0.8354430379746836,0.0,0.0,0.5,0.6666666666666667,0.2287613003652038,0.23882638580173038,0.6763485477178426,0.75,0.6666666666666666,0.3353383458646616,0.4905008635578583,0.7198443579766536,0.36,0.5357142857142854,0.9340425531914893,0.8023255813953488,0.625,0.6666666666666666,0.3333333333333333,1.0,0.42113323124042884,0.2616822429906542,0.4828815977175464,0.0,0.75,0.0,0.17241379310344826,0.21693121693121697,0.17241379310344826,0.3333333333333333,0.0,0.3612121212121212,0.0,0.1932938856015779,0.139963167587477,0.5833333333333333,0.25,0.6666666666666666,0.5,0.11421155094094745,0.25757575757575757,0.25757575757575757,0.4,0.04878048780487809,0.5,0.5,0.5,0.6416131989000917,0.6412213740458016,0.6422018348623854,0.6418092909535453,0.6416131989000917,0.6418092909535453,0.0,1.0,1.0,0.3736654804270462,0.9655172413793103,0.9571122230164403,0.3333333333333333,0.3333333333333333,0.0,0.03374016815839436,0.4812903225806452,0.8629032258064516,0.3926645091693636,0.8387407203739343,0.8353658536585367,0.42869955156950684,0.75,0.6666666666666666
Kurnool,Andhra Pradesh,0.22222222222220012,0.08415178571428572,0.0,0.0,0.0,0.0,0.0,0.0,0.0,0.5,0.6666666666666667,0.077081961324313,0.08867079301029307,0.8257261410788383,0.25,0.0,0.3353383458646616,0.4905008635578583,0.7198443579766536,0.36,0.5357142857142854,0.9340425531914893,0.8023255813953488,0.625,0.6666666666666666,0.3333333333333333,1.0,0.42113323124042884,0.2616822429906542,0.4828815977175464,0.0,0.75,0.0,0.17241379310344826,0.21693121693121697,0.17241379310344826,0.3333333333333333,0.0,0.3612121212121212,0.0,0.1932938856015779,0.139963167587477,0.5833333333333333,0.25,0.6666666666666666,0.5,0.11421155094094745,0.25757575757575757,0.25757575757575757,0.4,0.04878048780487809,0.5,0.5,0.5,0.6416131989000917,0.6412213740458016,0.6422018348623854,0.6418092909535453,0.6416131989000917,0.6418092909535453,0.0,1.0,1.0,0.3736654804270462,0.9655172413793103,0.9571122230164403,0.3333333333333333,0.3333333333333333,0.0,0.03374016815839436,0.4812903225806452,0.8629032258064516,0.3926645091693636,0.8387407203739343,0.8353658536585367,0.42869955156950684,0.75,0.6666666666666666
Kurnool,Andhra Pradesh,0.3333333333333144,0.22605229591836734,1.0,1.0,0.06818181818181818,0.647887323943662,0.2911392405063291,1.0,0.0,0.0,0.0,0.21597916541938572,0.21506001436241157,0.5269709543568464,0.75,0.6666666666666666,0.3353383458646616,0.4905008635578583,0.7198443579766536,0.36,0.5357142857142854,0.9340425531914893,0.8023255813953488,0.625,0.6666666666666666,0.3333333333333333,1.0,0.42113323124042884,0.2616822429906542,0.4828815977175464,0.0,0.75,0.0,0.17241379310344826,0.21693121693121697,0.17241379310344826,0.3333333333333333,0.0,0.3612121212121212,0.0,0.1932938856015779,0.139963167587477,0.5833333333333333,0.25,0.6666666666666666,0.5,0.11421155094094745,0.25757575757575757,0.25757575757575757,0.4,0.04878048780487809,0.5,0.5,0.5,0.6416131989000917,0.6412213740458016,0.6422018348623854,0.6418092909535453,0.6416131989000917,0.6418092909535453,0.0,1.0,1.0,0.3736654804270462,0.9655172413793103,0.9571122230164403,0.3333333333333333,0.3333333333333333,0.0,0.03374016815839436,0.4812903225806452,0.8629032258064516,0.3926645091693636,0.8387407203739343,0.8353658536585367,0.42869955156950684,0.75,0.6666666666666666
Kurnool,Andhra Pradesh,0.44444444444442865,0.39614158163265306,1.0,1.0,0.5227272727272727,0.9295774647887324,0.3291139240506329,1.0,1.0,1.0,0.6666666666666667,0.40537627971023166,0.39318811339465853,0.46473029045643166,1.0,1.0,0.3353383458646616,0.4905008635578583,0.7198443579766536,0.36,0.5357142857142854,0.9340425531914893,0.8023255813953488,0.625,0.6666666666666666,0.3333333333333333,1.0,0.42113323124042884,0.2616822429906542,0.4828815977175464,0.0,0.75,0.0,0.17241379310344826,0.21693121693121697,0.17241379310344826,0.3333333333333333,0.0,0.3612121212121212,0.0,0.1932938856015779,0.139963167587477,0.5833333333333333,0.25,0.6666666666666666,0.5,0.11421155094094745,0.25757575757575757,0.25757575757575757,0.4,0.04878048780487809,0.5,0.5,0.5,0.6416131989000917,0.6412213740458016,0.6422018348623854,0.6418092909535453,0.6416131989000917,0.6418092909535453,0.0,1.0,1.0,0.3736654804270462,0.9655172413793103,0.9571122230164403,0.3333333333333333,0.3333333333333333,0.0,0.03374016815839436,0.4812903225806452,0.8629032258064516,0.3926645091693636,0.8387407203739343,0.8353658536585367,0.42869955156950684,0.75,0.6666666666666666
Kurnool,Andhra Pradesh,0.5555555555555429,0.1463966836734694,0.0,0.0,0.0,0.0,0.0,0.0,0.0,0.5,0.6666666666666667,0.1162366042028378,0.12122559244947509,0.6182572614107884,0.5,0.0,0.3353383458646616,0.4905008635578583,0.7198443579766536,0.36,0.5357142857142854,0.9340425531914893,0.8023255813953488,0.625,0.6666666666666666,0.3333333333333333,1.0,0.42113323124042884,0.2616822429906542,0.4828815977175464,0.0,0.75,0.0,0.17241379310344826,0.21693121693121697,0.17241379310344826,0.3333333333333333,0.0,0.3612121212121212,0.0,0.1932938856015779,0.139963167587477,0.5833333333333333,0.25,0.6666666666666666,0.5,0.11421155094094745,0.25757575757575757,0.25757575757575757,0.4,0.04878048780487809,0.5,0.5,0.5,0.6416131989000917,0.6412213740458016,0.6422018348623854,0.6418092909535453,0.6416131989000917,0.6418092909535453,0.0,1.0,1.0,0.3736654804270462,0.9655172413793103,0.9571122230164403,0.3333333333333333,0.3333333333333333,0.0,0.03374016815839436,0.4812903225806452,0.8629032258064516,0.3926645091693636,0.8387407203739343,0.8353658536585367,0.42869955156950684,0.75,0.6666666666666666
Kurnool,Andhra Pradesh,0.6666666666666572,0.04885204081632654,0.0,0.0,0.0,0.0,0.0,0.0,0.0,0.5,0.6666666666666667,0.04583009040292164,0.050542010053688066,0.6224066390041494,0.0,0.0,0.3353383458646616,0.4905008635578583,0.7198443579766536,0.36,0.5357142857142854,0.9340425531914893,0.8023255813953488,0.625,0.6666666666666666,0.3333333333333333,1.0,0.42113323124042884,0.2616822429906542,0.4828815977175464,0.0,0.75,0.0,0.17241379310344826,0.21693121693121697,0.17241379310344826,0.3333333333333333,0.0,0.3612121212121212,0.0,0.1932938856015779,0.139963167587477,0.5833333333333333,0.25,0.6666666666666666,0.5,0.11421155094094745,0.25757575757575757,0.25757575757575757,0.4,0.04878048780487809,0.5,0.5,0.5,0.6416131989000917,0.6412213740458016,0.6422018348623854,0.6418092909535453,0.6416131989000917,0.6418092909535453,0.0,1.0,1.0,0.3736654804270462,0.9655172413793103,0.9571122230164403,0.3333333333333333,0.3333333333333333,0.0,0.03374016815839436,0.4812903225806452,0.8629032258064516,0.3926645091693636,0.8387407203739343,0.8353658536585367,0.42869955156950684,0.75,0.6666666666666666
Kurnool,Andhra Pradesh,0.7777777777777715,0.19929846938775508,1.0,1.0,0.8863636363636364,0.5915492957746479,0.31645569620253167,1.0,0.0,0.0,1.0,0.22944979943722682,0.2304141161987484,0.5560165975103737,0.75,0.6666666666666666,0.3353383458646616,0.4905008635578583,0.7198443579766536,0.36,0.5357142857142854,0.9340425531914893,0.8023255813953488,0.625,0.6666666666666666,0.3333333333333333,1.0,0.42113323124042884,0.2616822429906542,0.4828815977175464,0.0,0.75,0.0,0.17241379310344826,0.21693121693121697,0.17241379310344826,0.3333333333333333,0.0,0.3612121212121212,0.0,0.1932938856015779,0.139963167587477,0.5833333333333333,0.25,0.6666666666666666,0.5,0.11421155094094745,0.25757575757575757,0.25757575757575757,0.4,0.04878048780487809,0.5,0.5,0.5,0.6416131989000917,0.6412213740458016,0.6422018348623854,0.6418092909535453,0.6416131989000917,0.6418092909535453,0.0,1.0,1.0,0.3736654804270462,0.9655172413793103,0.9571122230164403,0.3333333333333333,0.3333333333333333,0.0,0.03374016815839436,0.4812903225806452,0.8629032258064516,0.3926645091693636,0.8387407203739343,0.8353658536585367,0.42869955156950684,0.75,0.6666666666666666
Kurnool,Andhra Pradesh,0.8888888888888857,0.15765306122448977,0.0,0.0,0.0,0.0,0.0,0.0,0.0,0.5,0.6666666666666667,0.1542237921331497,0.14759087644906474,0.39834024896265596,0.5,0.0,0.3353383458646616,0.4905008635578583,0.7198443579766536,0.36,0.5357142857142854,0.9340425531914893,0.8023255813953488,0.625,0.6666666666666666,0.3333333333333333,1.0,0.42113323124042884,0.2616822429906542,0.4828815977175464,0.0,0.75,0.0,0.17241379310344826,0.21693121693121697,0.17241379310344826,0.3333333333333333,0.0,0.3612121212121212,0.0,0.1932938856015779,0.139963167587477,0.5833333333333333,0.25,0.6666666666666666,0.5,0.11421155094094745,0.25757575757575757,0.25757575757575757,0.4,0.04878048780487809,0.5,0.5,0.5,0.6416131989000917,0.6412213740458016,0.6422018348623854,0.6418092909535453,0.6416131989000917,0.6418092909535453,0.0,1.0,1.0,0.3736654804270462,0.9655172413793103,0.9571122230164403,0.3333333333333333,0.3333333333333333,0.0,0.03374016815839436,0.4812903225806452,0.8629032258064516,0.3926645091693636,0.8387407203739343,0.8353658536585367,0.42869955156950684,0.75,0.6666666666666666
Kurnool,Andhra Pradesh,1.0,0.29795918367346935,1.0,1.0,0.1590909090909091,0.8028169014084507,0.4430379746835443,1.0,0.0,0.5,0.3333333333333333,0.22046937675866612,0.218411243716445,0.5145228215767634,0.75,0.6666666666666666,0.3353383458646616,0.4905008635578583,0.7198443579766536,0.36,0.5357142857142854,0.9340425531914893,0.8023255813953488,0.625,0.6666666666666666,0.3333333333333333,1.0,0.42113323124042884,0.2616822429906542,0.4828815977175464,0.0,0.75,0.0,0.17241379310344826,0.21693121693121697,0.17241379310344826,0.3333333333333333,0.0,0.3612121212121212,0.0,0.1932938856015779,0.139963167587477,0.5833333333333333,0.25,0.6666666666666666,0.5,0.11421155094094745,0.25757575757575757,0.25757575757575757,0.4,0.04878048780487809,0.5,0.5,0.5,0.6416131989000917,0.6412213740458016,0.6422018348623854,0.6418092909535453,0.6416131989000917,0.6418092909535453,0.0,1.0,1.0,0.3736654804270462,0.9655172413793103,0.9571122230164403,0.3333333333333333,0.3333333333333333,0.0,0.03374016815839436,0.4812903225806452,0.8629032258064516,0.3926645091693636,0.8387407203739343,0.8353658536585367,0.42869955156950684,0.75,0.6666666666666666
Kadapa,Andhra Pradesh,0.0,0.32458545918367343,1.0,1.0,0.36363636363636365,0.1971830985915493,0.9493670886075949,1.0,0.0,0.5,0.3333333333333333,0.32054122014009456,0.3284546729131758,0.6348547717842328,1.0,0.6666666666666666,0.9142857142857143,0.05699481865284972,0.07003891050583655,0.7600000000000001,0.24999999999999978,0.48723404255319147,0.22093023255813954,0.375,1.0,1.0,0.0,0.47626339969372133,0.38006230529595014,0.014265335235378034,0.0,0.75,0.0,0.17385057471264362,0.09523809523809525,0.17432950191570884,0.3333333333333333,0.0,0.29454545454545455,0.6402298850574712,0.2051282051282051,0.09208103130755063,0.875,0.25,0.6666666666666666,0.5,0.208955223880597,0.5,0.5,0.1,0.6341463414634145,0.5,0.5,0.5,0.5957836846929423,0.5954198473282443,0.5963302752293579,0.595354523227384,0.5957836846929423,0.5959657701711492,0.5,0.5,0.0,0.786476868327402,0.25862068965517243,0.8759828448892066,0.0,0.0,0.0,0.018768646596148627,0.09806451612903222,0.7620967741935484,0.20604099244875945,0.19177893868572993,0.20853658536585365,0.0,0.25,0.0
Kadapa,Andhra Pradesh,0.11111111111111427,0.07500000000000001,0.0,0.0,0.0,0.0,0.0,0.0,0.0,0.5,0.6666666666666667,0.07082560019158235,0.06917894880826182,0.41493775933609944,0.25,0.0,0.9142857142857143,0.05699481865284972,0.07003891050583655,0.7600000000000001,0.24999999999999978,0.48723404255319147,0.22093023255813954,0.375,1.0,1.0,0.0,0.47626339969372133,0.38006230529595014,0.014265335235378034,0.0,0.75,0.0,0.17385057471264362,0.09523809523809525,0.17432950191570884,0.3333333333333333,0.0,0.29454545454545455,0.6402298850574712,0.2051282051282051,0.09208103130755063,0.875,0.25,0.6666666666666666,0.5,0.208955223880597,0.5,0.5,0.1,0.6341463414634145,0.5,0.5,0.5,0.5957836846929423,0.5954198473282443,0.5963302752293579,0.595354523227384,0.5957836846929423,0.5959657701711492,0.5,0.5,0.0,0.786476868327402,0.25862068965517243,0.8759828448892066,0.0,0.0,0.0,0.018768646596148627,0.09806451612903222,0.7620967741935484,0.20604099244875945,0.19177893868572993,0.20853658536585365,0.0,0.25,0.0
Kadapa,Andhra Pradesh,0.22222222222220012,0.24617346938775508,1.0,1.0,0.7272727272727273,0.8873239436619719,0.6329113924050633,1.0,0.0,0.0,0.6666666666666667,0.2691432676764653,0.27873337208904697,0.6639004149377592,0.75,0.6666666666666666,0.9142857142857143,0.05699481865284972,0.07003891050583655,0.7600000000000001,0.24999999999999978,0.48723404255319147,0.22093023255813954,0.375,1.0,1.0,0.0,0.47626339969372133,0.38006230529595014,0.014265335235378034,0.0,0.75,0.0,0.17385057471264362,0.09523809523809525,0.17432950191570884,0.3333333333333333,0.0,0.29454545454545455,0.6402298850574712,0.2051282051282051,0.09208103130755063,0.875,0.25,0.6666666666666666,0.5,0.208955223880597,0.5,0.5,0.1,0.6341463414634145,0.5,0.5,0.5,0.5957836846929423,0.5954198473282443,0.5963302752293579,0.595354523227384,0.5957836846929423,0.5959657701711492,0.5,0.5,0.0,0.786476868327402,0.25862068965517243,0.8759828448892066,0.0,0.0,0.0,0.018768646596148627,0.09806451612903222,0.7620967741935484,0.20604099244875945,0.19177893868572993,0.20853658536585365,0.0,0.25,0.0
Kadapa,Andhra Pradesh,0.3333333333333144,0.4484375,1.0,1.0,0.5,0.8169014084507042,0.7215189873417721,0.0,1.0,1.0,0.6666666666666667,0.3742441477578878,0.37509831412645767,0.5684647302904566,1.0,1.0,0.9142857142857143,0.05699481865284972,0.07003891050583655,0.7600000000000001,0.24999999999999978,0.48723404255319147,0.22093023255813954,0.375,1.0,1.0,0.0,0.47626339969372133,0.38006230529595014,0.014265335235378034,0.0,0.75,0.0,0.17385057471264362,0.09523809523809525,0.17432950191570884,0.3333333333333333,0.0,0.29454545454545455,0.6402298850574712,0.2051282051282051,0.09208103130755063,0.875,0.25,0.6666666666666666,0.5,0.208955223880597,0.5,0.5,0.1,0.6341463414634145,0.5,0.5,0.5,0.5957836846929423,0.5954198473282443,0.5963302752293579,0.595354523227384,0.5957836846929423,0.5959657701711492,0.5,0.5,0.0,0.786476868327402,0.25862068965517243,0.8759828448892066,0.0,0.0,0.0,0.018768646596148627,0.09806451612903222,0.7620967741935484,0.20604099244875945,0.19177893868572993,0.20853658536585365,0.0,0.25,0.0
Kadapa,Andhra Pradesh,0.44444444444442865,0.16441326530612244,0.0,0.0,0.0,0.0,0.0,0.0,0.0,0.5,0.6666666666666667,0.13982518110519065,0.15022398522723387,0.7219917012448134,0.5,0.0,0.9142857142857143,0.05699481865284972,0.07003891050583655,0.7600000000000001,0.24999999999999978,0.48723404255319147,0.22093023255813954,0.375,1.0,1.0,0.0,0.47626339969372133,0.38006230529595014,0.014265335235378034,0.0,0.75,0.0,0.17385057471264362,0.09523809523809525,0.17432950191570884,0.3333333333333333,0.0,0.29454545454545455,0.6402298850574712,0.2051282051282051,0.09208103130755063,0.875,0.25,0.6666666666666666,0.5,0.208955223880597,0.5,0.5,0.1,0.6341463414634145,0.5,0.5,0.5,0.5957836846929423,0.5954198473282443,0.5963302752293579,0.595354523227384,0.5957836846929423,0.5959657701711492,0.5,0.5,0.0,0.786476868327402,0.25862068965517243,0.8759828448892066,0.0,0.0,0.0,0.018768646596148627,0.09806451612903222,0.7620967741935484,0.20604099244875945,0.19177893868572993,0.20853658536585365,0.0,0.25,0.0
Kadapa,Andhra Pradesh,0.5555555555555429,0.06157525510204081,0.0,0.0,0.0,0.0,0.0,0.0,0.0,0.5,0.6666666666666667,0.048404478237442365,0.053619669664535116,0.6431535269709543,0.0,0.0,0.9142857142857143,0.05699481865284972,0.07003891050583655,0.7600000000000001,0.24999999999999978,0.48723404255319147,0.22093023255813954,0.375,1.0,1.0,0.0,0.47626339969372133,0.38006230529595014,0.014265335235378034,0.0,0.75,0.0,0.17385057471264362,0.09523809523809525,0.17432950191570884,0.3333333333333333,0.0,0.29454545454545455,0.6402298850574712,0.2051282051282051,0.09208103130755063,0.875,0.25,0.6666666666666666,0.5,0.208955223880597,0.5,0.5,0.1,0.6341463414634145,0.5,0.5,0.5,0.5957836846929423,0.5954198473282443,0.5963302752293579,0.595354523227384,0.5957836846929423,0.5959657701711492,0.5,0.5,0.0,0.786476868327402,0.25862068965517243,0.8759828448892066,0.0,0.0,0.0,0.018768646596148627,0.09806451612903222,0.7620967741935484,0.20604099244875945,0.19177893868572993,0.20853658536585365,0.0,0.25,0.0
Kadapa,Andhra Pradesh,0.6666666666666572,0.25382653061224486,1.0,1.0,0.8409090909090909,0.11267605633802817,0.6582278481012658,1.0,0.0,0.0,1.0,0.23534694366281506,0.23400471907806997,0.5269709543568464,0.75,0.6666666666666666,0.9142857142857143,0.05699481865284972,0.07003891050583655,0.7600000000000001,0.24999999999999978,0.48723404255319147,0.22093023255813954,0.375,1.0,1.0,0.0,0.47626339969372133,0.38006230529595014,0.014265335235378034,0.0,0.75,0.0,0.17385057471264362,0.09523809523809525,0.17432950191570884,0.3333333333333333,0.0,0.29454545454545455,0.6402298850574712,0.2051282051282051,0.09208103130755063,0.875,0.25,0.6666666666666666,0.5,0.208955223880597,0.5,0.5,0.1,0.6341463414634145,0.5,0.5,0.5,0.5957836846929423,0.5954198473282443,0.5963302752293579,0.595354523227384,0.5957836846929423,0.5959657701711492,0.5,0.5,0.0,0.786476868327402,0.25862068965517243,0.8759828448892066,0.0,0.0,0.0,0.018768646596148627,0.09806451612903222,0.7620967741935484,0.20604099244875945,0.19177893868572993,0.20853658536585365,0.0,0.25,0.0
Kadapa,Andhra Pradesh,0.7777777777777715,0.19467474489795916,0.0,0.0,0.0,0.0,0.0,0.0,0.0,0.5,0.6666666666666667,0.17499850326288688,0.18619840645624594,0.7178423236514524,0.5,0.0,0.9142857142857143,0.05699481865284972,0.07003891050583655,0.7600000000000001,0.24999999999999978,0.48723404255319147,0.22093023255813954,0.375,1.0,1.0,0.0,0.47626339969372133,0.38006230529595014,0.014265335235378034,0.0,0.75,0.0,0.17385057471264362,0.09523809523809525,0.17432950191570884,0.3333333333333333,0.0,0.29454545454545455,0.6402298850574712,0.2051282051282051,0.09208103130755063,0.875,0.25,0.6666666666666666,0.5,0.208955223880597,0.5,0.5,0.1,0.6341463414634145,0.5,0.5,0.5,0.5957836846929423,0.5954198473282443,0.5963302752293579,0.595354523227384,0.5957836846929423,0.5959657701711492,0.5,0.5,0.0,0.786476868327402,0.25862068965517243,0.8759828448892066,0.0,0.0,0.0,0.018768646596148627,0.09806451612903222,0.7620967741935484,0.20604099244875945,0.19177893868572993,0.20853658536585365,0.0,0.25,0.0
Kadapa,Andhra Pradesh,0.8888888888888857,0.3030612244897959,1.0,1.0,0.13636363636363635,0.6619718309859155,0.6835443037974683,0.0,0.0,0.5,0.0,0.33344309405496014,0.32917279348904016,0.5186721991701244,1.0,0.6666666666666666,0.9142857142857143,0.05699481865284972,0.07003891050583655,0.7600000000000001,0.24999999999999978,0.48723404255319147,0.22093023255813954,0.375,1.0,1.0,0.0,0.47626339969372133,0.38006230529595014,0.014265335235378034,0.0,0.75,0.0,0.17385057471264362,0.09523809523809525,0.17432950191570884,0.3333333333333333,0.0,0.29454545454545455,0.6402298850574712,0.2051282051282051,0.09208103130755063,0.875,0.25,0.6666666666666666,0.5,0.208955223880597,0.5,0.5,0.1,0.6341463414634145,0.5,0.5,0.5,0.5957836846929423,0.5954198473282443,0.5963302752293579,0.595354523227384,0.5957836846929423,0.5959657701711492,0.5,0.5,0.0,0.786476868327402,0.25862068965517243,0.8759828448892066,0.0,0.0,0.0,0.018768646596148627,0.09806451612903222,0.7620967741935484,0.20604099244875945,0.19177893868572993,0.20853658536585365,0.0,0.25,0.0
Kadapa,Andhra Pradesh,1.0,0.08086734693877551,0.0,0.0,0.0,0.0,0.0,0.0,0.0,0.5,0.6666666666666667,0.06899958091360833,0.07369284957083748,0.6182572614107884,0.25,0.0,0.9142857142857143,0.05699481865284972,0.07003891050583655,0.7600000000000001,0.24999999999999978,0.48723404255319147,0.22093023255813954,0.375,1.0,1.0,0.0,0.47626339969372133,0.38006230529595014,0.014265335235378034,0.0,0.75,0.0,0.17385057471264362,0.09523809523809525,0.17432950191570884,0.3333333333333333,0.0,0.29454545454545455,0.6402298850574712,0.2051282051282051,0.09208103130755063,0.875,0.25,0.6666666666666666,0.5,0.208955223880597,0.5,0.5,0.1,0.6341463414634145,0.5,0.5,0.5,0.5957836846929423,0.5954198473282443,0.5963302752293579,0.595354523227384,0.5957836846929423,0.5959657701711492,0.5,0.5,0.0,0.786476868327402,0.25862068965517243,0.8759828448892066,0.0,0.0,0.0,0.018768646596148627,0.09806451612903222,0.7620967741935484,0.20604099244875945,0.19177893868572993,0.20853658536585365,0.0,0.25,0.0
Anantapur,Andhra Pradesh,0.0,0.09205994897959183,0.0,0.0,0.0,0.0,0.0,0.0,0.0,0.5,0.6666666666666667,0.055918098545171525,0.06941832233354991,0.9419087136929458,0.25,0.0,0.7924812030075187,0.24006908462867005,0.22178988326848248,0.7600000000000001,0.9999999999999998,0.07446808510638298,0.7325581395348837,0.125,1.0,1.0,0.0,0.5283307810107197,0.5264797507788163,0.14693295292439373,0.0,0.75,0.0,0.1364942528735632,0.03174603174603176,0.13793103448275862,0.0,0.0,0.1636363636363636,0.49885057471264366,0.5187376725838264,0.32228360957642727,1.0,0.25,0.6666666666666666,0.5,0.20571057754704739,0.5303030303030303,0.5303030303030304,0.2909090909090909,0.07317073170731692,0.5,0.5,0.5,0.7332722273143906,0.732824427480916,0.7339449541284403,0.7334963325183375,0.7332722273143906,0.7334963325183375,0.0,1.0,0.0,0.0,0.603448275862069,0.12401715511079342,1.0,0.3333333333333333,0.0,0.02299972877678329,1.0,0.5362903225806451,0.226537216828479,0.8317294473467141,0.8987804878048781,0.5071748878923769,1.0,1.0
Anantapur,Andhra Pradesh,0.11111111111111427,0.19237882653061222,1.0,1.0,0.4318181818181818,0.23943661971830987,0.7848101265822784,1.0,0.0,0.0,0.3333333333333333,0.18963659222894091,0.20681872584892114,0.804979253112033,0.75,0.6666666666666666,0.7924812030075187,0.24006908462867005,0.22178988326848248,0.7600000000000001,0.9999999999999998,0.07446808510638298,0.7325581395348837,0.125,1.0,1.0,0.0,0.5283307810107197,0.5264797507788163,0.14693295292439373,0.0,0.75,0.0,0.1364942528735632,0.03174603174603176,0.13793103448275862,0.0,0.0,0.1636363636363636,0.49885057471264366,0.5187376725838264,0.32228360957642727,1.0,0.25,0.6666666666666666,0.5,0.20571057754704739,0.5303030303030303,0.5303030303030304,0.2909090909090909,0.07317073170731692,0.5,0.5,0.5,0.7332722273143906,0.732824427480916,0.7339449541284403,0.7334963325183375,0.7332722273143906,0.7334963325183375,0.0,1.0,0.0,0.0,0.603448275862069,0.12401715511079342,1.0,0.3333333333333333,0.0,0.02299972877678329,1.0,0.5362903225806451,0.226537216828479,0.8317294473467141,0.8987804878048781,0.5071748878923769,1.0,1.0
Anantapur,Andhra Pradesh,0.22222222222220012,0.3689094387755102,1.0,1.0,0.5909090909090909,0.8732394366197184,0.27848101265822783,1.0,1.0,1.0,0.6666666666666667,0.3143147937496258,0.3218548028588038,0.6348547717842328,1.0,1.0,0.7924812030075187,0.24006908462867005,0.22178988326848248,0.7600000000000001,0.9999999999999998,0.07446808510638298,0.7325581395348837,0.125,1.0,1.0,0.0,0.5283307810107197,0.5264797507788163,0.14693295292439373,0.0,0.75,0.0,0.1364942528735632,0.03174603174603176,0.13793103448275862,0.0,0.0,0.1636363636363636,0.49885057471264366,0.5187376725838264,0.32228360957642727,1.0,0.25,0.6666666666666666,0.5,0.20571057754704739,0.5303030303030303,0.5303030303030304,0.2909090909090909,0.07317073170731692,0.5,0.5,0.5,0.7332722273143906,0.732824427480916,0.7339449541284403,0.7334963325183375,0.7332722273143906,0.7334963325183375,0.0,1.0,0.0,0.0,0.603448275862069,0.12401715511079342,1.0,0.3333333333333333,0.0,0.02299972877678329,1.0,0.5362903225806451,0.226537216828479,0.8317294473467141,0.8987804878048781,0.5071748878923769,1.0,1.0
Anantapur,Andhra Pradesh,0.3333333333333144,0.14384566326530612,0.0,0.0,0.0,0.0,0.0,0.0,0.0,0.5,0.6666666666666667,0.1167454948212896,0.121670143282153,0.6182572614107884,0.5,0.0,0.7924812030075187,0.24006908462867005,0.22178988326848248,0.7600000000000001,0.9999999999999998,0.07446808510638298,0.7325581395348837,0.125,1.0,1.0,0.0,0.5283307810107197,0.5264797507788163,0.14693295292439373,0.0,0.75,0.0,0.1364942528735632,0.03174603174603176,0.13793103448275862,0.0,0.0,0.1636363636363636,0.49885057471264366,0.5187376725838264,0.32228360957642727,1.0,0.25,0.6666666666666666,0.5,0.20571057754704739,0.5303030303030303,0.5303030303030304,0.2909090909090909,0.07317073170731692,0.5,0.5,0.5,0.7332722273143906,0.732824427480916,0.7339449541284403,0.7334963325183375,0.7332722273143906,0.7334963325183375,0.0,1.0,0.0,0.0,0.603448275862069,0.12401715511079342,1.0,0.3333333333333333,0.0,0.02299972877678329,1.0,0.5362903225806451,0.226537216828479,0.8317294473467141,0.8987804878048781,0.5071748878923769,1.0,1.0
Anantapur,Andhra Pradesh,0.44444444444442865,0.0,0.0,0.0,0.0,0.0,0.0,0.0,0.0,0.5,0.6666666666666667,0.0,0.0,0.24481327800829877,0.0,0.0,0.7924812030075187,0.24006908462867005,0.22178988326848248,0.7600000000000001,0.9999999999999998,0.07446808510638298,0.7325581395348837,0.125,1.0,1.0,0.0,0.5283307810107197,0.5264797507788163,0.14693295292439373,0.0,0.75,0.0,0.1364942528735632,0.03174603174603176,0.13793103448275862,0.0,0.0,0.1636363636363636,0.49885057471264366,0.5187376725838264,0.32228360957642727,1.0,0.25,0.6666666666666666,0.5,0.20571057754704739,0.5303030303030303,0.5303030303030304,0.2909090909090909,0.07317073170731692,0.5,0.5,0.5,0.7332722273143906,0.732824427480916,0.7339449541284403,0.7334963325183375,0.7332722273143906,0.7334963325183375,0.0,1.0,0.0,0.0,0.603448275862069,0.12401715511079342,1.0,0.3333333333333333,0.0,0.02299972877678329,1.0,0.5362903225806451,0.226537216828479,0.8317294473467141,0.8987804878048781,0.5071748878923769,1.0,1.0
Anantapur,Andhra Pradesh,0.5555555555555429,0.2204719387755102,1.0,1.0,0.7727272727272727,0.676056338028169,0.0,1.0,0.0,0.0,0.6666666666666667,0.16485062563611325,0.17440071128133228,0.6929460580912861,0.75,0.3333333333333333,0.7924812030075187,0.24006908462867005,0.22178988326848248,0.7600000000000001,0.9999999999999998,0.07446808510638298,0.7325581395348837,0.125,1.0,1.0,0.0,0.5283307810107197,0.5264797507788163,0.14693295292439373,0.0,0.75,0.0,0.1364942528735632,0.03174603174603176,0.13793103448275862,0.0,0.0,0.1636363636363636,0.49885057471264366,0.5187376725838264,0.32228360957642727,1.0,0.25,0.6666666666666666,0.5,0.20571057754704739,0.5303030303030303,0.5303030303030304,0.2909090909090909,0.07317073170731692,0.5,0.5,0.5,0.7332722273143906,0.732824427480916,0.7339449541284403,0.7334963325183375,0.7332722273143906,0.7334963325183375,0.0,1.0,0.0,0.0,0.603448275862069,0.12401715511079342,1.0,0.3333333333333333,0.0,0.02299972877678329,1.0,0.5362903225806451,0.226537216828479,0.8317294473467141,0.8987804878048781,0.5071748878923769,1.0,1.0
Anantapur,Andhra Pradesh,0.6666666666666572,0.13683035714285716,0.0,0.0,0.0,0.0,0.0,0.0,0.0,0.5,0.6666666666666667,0.14581212955756448,0.15395137297814862,0.6763485477178426,0.5,0.3333333333333333,0.7924812030075187,0.24006908462867005,0.22178988326848248,0.7600000000000001,0.9999999999999998,0.07446808510638298,0.7325581395348837,0.125,1.0,1.0,0.0,0.5283307810107197,0.5264797507788163,0.14693295292439373,0.0,0.75,0.0,0.1364942528735632,0.03174603174603176,0.13793103448275862,0.0,0.0,0.1636363636363636,0.49885057471264366,0.5187376725838264,0.32228360957642727,1.0,0.25,0.6666666666666666,0.5,0.20571057754704739,0.5303030303030303,0.5303030303030304,0.2909090909090909,0.07317073170731692,0.5,0.5,0.5,0.7332722273143906,0.732824427480916,0.7339449541284403,0.7334963325183375,0.7332722273143906,0.7334963325183375,0.0,1.0,0.0,0.0,0.603448275862069,0.12401715511079342,1.0,0.3333333333333333,0.0,0.02299972877678329,1.0,0.5362903225806451,0.226537216828479,0.8317294473467141,0.8987804878048781,0.5071748878923769,1.0,1.0
Anantapur,Andhra Pradesh,0.7777777777777715,0.23845663265306122,1.0,1.0,0.5,0.943661971830986,0.9493670886075949,1.0,0.0,0.5,0.6666666666666667,0.24384841046518585,0.25130800533461,0.6431535269709543,1.0,0.6666666666666666,0.7924812030075187,0.24006908462867005,0.22178988326848248,0.7600000000000001,0.9999999999999998,0.07446808510638298,0.7325581395348837,0.125,1.0,1.0,0.0,0.5283307810107197,0.5264797507788163,0.14693295292439373,0.0,0.75,0.0,0.1364942528735632,0.03174603174603176,0.13793103448275862,0.0,0.0,0.1636363636363636,0.49885057471264366,0.5187376725838264,0.32228360957642727,1.0,0.25,0.6666666666666666,0.5,0.20571057754704739,0.5303030303030303,0.5303030303030304,0.2909090909090909,0.07317073170731692,0.5,0.5,0.5,0.7332722273143906,0.732824427480916,0.7339449541284403,0.7334963325183375,0.7332722273143906,0.7334963325183375,0.0,1.0,0.0,0.0,0.603448275862069,0.12401715511079342,1.0,0.3333333333333333,0.0,0.02299972877678329,1.0,0.5362903225806451,0.226537216828479,0.8317294473467141,0.8987804878048781,0.5071748878923769,1.0,1.0
Anantapur,Andhra Pradesh,0.8888888888888857,0.05650510204081633,0.0,0.0,0.0,0.0,0.0,0.0,0.0,0.5,0.6666666666666667,0.05980961503921451,0.058338747734500554,0.39834024896265596,0.25,0.0,0.7924812030075187,0.24006908462867005,0.22178988326848248,0.7600000000000001,0.9999999999999998,0.07446808510638298,0.7325581395348837,0.125,1.0,1.0,0.0,0.5283307810107197,0.5264797507788163,0.14693295292439373,0.0,0.75,0.0,0.1364942528735632,0.03174603174603176,0.13793103448275862,0.0,0.0,0.1636363636363636,0.49885057471264366,0.5187376725838264,0.32228360957642727,1.0,0.25,0.6666666666666666,0.5,0.20571057754704739,0.5303030303030303,0.5303030303030304,0.2909090909090909,0.07317073170731692,0.5,0.5,0.5,0.7332722273143906,0.732824427480916,0.7339449541284403,0.7334963325183375,0.7332722273143906,0.7334963325183375,0.0,1.0,0.0,0.0,0.603448275862069,0.12401715511079342,1.0,0.3333333333333333,0.0,0.02299972877678329,1.0,0.5362903225806451,0.226537216828479,0.8317294473467141,0.8987804878048781,0.5071748878923769,1.0,1.0
Anantapur,Andhra Pradesh,1.0,0.16109693877551018,1.0,1.0,0.6590909090909091,0.971830985915493,0.5822784810126582,0.0,0.0,0.0,0.6666666666666667,0.18379931748787642,0.17929077044078925,0.4605809128630707,0.75,0.6666666666666666,0.7924812030075187,0.24006908462867005,0.22178988326848248,0.7600000000000001,0.9999999999999998,0.07446808510638298,0.7325581395348837,0.125,1.0,1.0,0.0,0.5283307810107197,0.5264797507788163,0.14693295292439373,0.0,0.75,0.0,0.1364942528735632,0.03174603174603176,0.13793103448275862,0.0,0.0,0.1636363636363636,0.49885057471264366,0.5187376725838264,0.32228360957642727,1.0,0.25,0.6666666666666666,0.5,0.20571057754704739,0.5303030303030303,0.5303030303030304,0.2909090909090909,0.07317073170731692,0.5,0.5,0.5,0.7332722273143906,0.732824427480916,0.7339449541284403,0.7334963325183375,0.7332722273143906,0.7334963325183375,0.0,1.0,0.0,0.0,0.603448275862069,0.12401715511079342,1.0,0.3333333333333333,0.0,0.02299972877678329,1.0,0.5362903225806451,0.226537216828479,0.8317294473467141,0.8987804878048781,0.5071748878923769,1.0,1.0
Chittoor,Andhra Pradesh,0.0,0.3079400510204081,1.0,1.0,0.11363636363636365,0.22535211267605634,0.5949367088607594,1.0,0.0,0.0,0.0,0.2906663473627492,0.2843757480422665,0.48547717842323657,0.75,0.6666666666666666,0.24661654135338346,0.7150259067357512,0.4630350194552528,0.32000000000000006,0.6785714285714286,0.9510638297872341,0.941860465116279,0.75,0.6666666666666666,0.3333333333333333,1.0,0.4517611026033691,0.3878504672897196,0.8009985734664764,0.0,0.75,0.0,0.2212643678160919,0.3068783068783069,0.22222222222222227,0.3333333333333333,0.0,0.4218181818181818,0.8241379310344827,0.6548323471400394,0.2651933701657459,0.4583333333333333,0.5,0.3333333333333333,0.0,0.16125892277741727,0.4696969696969696,0.4696969696969697,0.42727272727272736,0.41463414634146334,0.5,0.5,0.5,0.5041246562786434,0.5038167938931297,0.5045871559633027,0.5048899755501222,0.5041246562786434,0.504278728606357,0.5,0.5,0.0,0.1779359430604982,0.3620689655172414,0.6029306647605431,0.6666666666666666,0.3333333333333333,0.0,0.01979929481963656,0.9264516129032259,0.31854838709677424,0.4368932038834952,0.9227385207588668,0.8987804878048781,0.6605381165919285,1.0,1.0
Chittoor,Andhra Pradesh,0.11111111111111427,0.4828762755102041,1.0,1.0,0.6818181818181819,0.323943661971831,0.11392405063291139,1.0,1.0,1.0,0.6666666666666667,0.44348320660959106,0.46096501726909006,0.6970954356846475,1.0,1.0,0.24661654135338346,0.7150259067357512,0.4630350194552528,0.32000000000000006,0.6785714285714286,0.9510638297872341,0.941860465116279,0.75,0.6666666666666666,0.3333333333333333,1.0,0.4517611026033691,0.3878504672897196,0.8009985734664764,0.0,0.75,0.0,0.2212643678160919,0.3068783068783069,0.22222222222222227,0.3333333333333333,0.0,0.4218181818181818,0.8241379310344827,0.6548323471400394,0.2651933701657459,0.4583333333333333,0.5,0.3333333333333333,0.0,0.16125892277741727,0.4696969696969696,0.4696969696969697,0.42727272727272736,0.41463414634146334,0.5,0.5,0.5,0.5041246562786434,0.5038167938931297,0.5045871559633027,0.5048899755501222,0.5041246562786434,0.504278728606357,0.5,0.5,0.0,0.1779359430604982,0.3620689655172414,0.6029306647605431,0.6666666666666666,0.3333333333333333,0.0,0.01979929481963656,0.9264516129032259,0.31854838709677424,0.4368932038834952,0.9227385207588668,0.8987804878048781,0.6605381165919285,1.0,1.0
Chittoor,Andhra Pradesh,0.22222222222220012,0.23670280612244893,0.0,0.0,0.0,0.0,0.0,0.0,0.0,0.5,0.6666666666666667,0.177034065736694,0.17337482474438326,0.4688796680497931,0.5,0.0,0.24661654135338346,0.7150259067357512,0.4630350194552528,0.32000000000000006,0.6785714285714286,0.9510638297872341,0.941860465116279,0.75,0.6666666666666666,0.3333333333333333,1.0,0.4517611026033691,0.3878504672897196,0.8009985734664764,0.0,0.75,0.0,0.2212643678160919,0.3068783068783069,0.22222222222222227,0.3333333333333333,0.0,0.4218181818181818,0.8241379310344827,0.6548323471400394,0.2651933701657459,0.4583333333333333,0.5,0.3333333333333333,0.0,0.16125892277741727,0.4696969696969696,0.4696969696969697,0.42727272727272736,0.41463414634146334,0.5,0.5,0.5,0.5041246562786434,0.5038167938931297,0.5045871559633027,0.5048899755501222,0.5041246562786434,0.504278728606357,0.5,0.5,0.0,0.1779359430604982,0.3620689655172414,0.6029306647605431,0.6666666666666666,0.3333333333333333,0.0,0.01979929481963656,0.9264516129032259,0.31854838709677424,0.4368932038834952,0.9227385207588668,0.8987804878048781,0.6605381165919285,1.0,1.0
Chittoor,Andhra Pradesh,0.3333333333333144,0.032844387755102046,0.0,0.0,0.0,0.0,0.0,0.0,0.0,0.5,0.6666666666666667,0.02592348679877867,0.029032588995657083,0.5435684647302907,0.0,0.0,0.24661654135338346,0.7150259067357512,0.4630350194552528,0.32000000000000006,0.6785714285714286,0.9510638297872341,0.941860465116279,0.75,0.6666666666666666,0.3333333333333333,1.0,0.4517611026033691,0.3878504672897196,0.8009985734664764,0.0,0.75,0.0,0.2212643678160919,0.3068783068783069,0.22222222222222227,0.3333333333333333,0.0,0.4218181818181818,0.8241379310344827,0.6548323471400394,0.2651933701657459,0.4583333333333333,0.5,0.3333333333333333,0.0,0.16125892277741727,0.4696969696969696,0.4696969696969697,0.42727272727272736,0.41463414634146334,0.5,0.5,0.5,0.5041246562786434,0.5038167938931297,0.5045871559633027,0.5048899755501222,0.5041246562786434,0.504278728606357,0.5,0.5,0.0,0.1779359430604982,0.3620689655172414,0.6029306647605431,0.6666666666666666,0.3333333333333333,0.0,0.01979929481963656,0.9264516129032259,0.31854838709677424,0.4368932038834952,0.9227385207588668,0.8987804878048781,0.6605381165919285,1.0,1.0
Chittoor,Andhra Pradesh,0.44444444444442865,0.2691645408163265,1.0,1.0,0.4318181818181818,0.8169014084507042,0.0,1.0,0.0,0.0,0.3333333333333333,0.28875052385798955,0.27893854939643675,0.44813278008298774,0.75,0.6666666666666666,0.24661654135338346,0.7150259067357512,0.4630350194552528,0.32000000000000006,0.6785714285714286,0.9510638297872341,0.941860465116279,0.75,0.6666666666666666,0.3333333333333333,1.0,0.4517611026033691,0.3878504672897196,0.8009985734664764,0.0,0.75,0.0,0.2212643678160919,0.3068783068783069,0.22222222222222227,0.3333333333333333,0.0,0.4218181818181818,0.8241379310344827,0.6548323471400394,0.2651933701657459,0.4583333333333333,0.5,0.3333333333333333,0.0,0.16125892277741727,0.4696969696969696,0.4696969696969697,0.42727272727272736,0.41463414634146334,0.5,0.5,0.5,0.5041246562786434,0.5038167938931297,0.5045871559633027,0.5048899755501222,0.5041246562786434,0.504278728606357,0.5,0.5,0.0,0.1779359430604982,0.3620689655172414,0.6029306647605431,0.6666666666666666,0.3333333333333333,0.0,0.01979929481963656,0.9264516129032259,0.31854838709677424,0.4368932038834952,0.9227385207588668,0.8987804878048781,0.6605381165919285,1.0,1.0
Chittoor,Andhra Pradesh,0.5555555555555429,0.21358418367346937,0.0,0.0,0.0,0.0,0.0,0.0,0.0,0.5,0.6666666666666667,0.22609710830389745,0.21995007352186846,0.4605809128630707,0.5,0.3333333333333333,0.24661654135338346,0.7150259067357512,0.4630350194552528,0.32000000000000006,0.6785714285714286,0.9510638297872341,0.941860465116279,0.75,0.6666666666666666,0.3333333333333333,1.0,0.4517611026033691,0.3878504672897196,0.8009985734664764,0.0,0.75,0.0,0.2212643678160919,0.3068783068783069,0.22222222222222227,0.3333333333333333,0.0,0.4218181818181818,0.8241379310344827,0.6548323471400394,0.2651933701657459,0.4583333333333333,0.5,0.3333333333333333,0.0,0.16125892277741727,0.4696969696969696,0.4696969696969697,0.42727272727272736,0.41463414634146334,0.5,0.5,0.5,0.5041246562786434,0.5038167938931297,0.5045871559633027,0.5048899755501222,0.5041246562786434,0.504278728606357,0.5,0.5,0.0,0.1779359430604982,0.3620689655172414,0.6029306647605431,0.6666666666666666,0.3333333333333333,0.0,0.01979929481963656,0.9264516129032259,0.31854838709677424,0.4368932038834952,0.9227385207588668,0.8987804878048781,0.6605381165919285,1.0,1.0
Chittoor,Andhra Pradesh,0.6666666666666572,0.3720344387755102,1.0,1.0,0.36363636363636365,0.028169014084507043,0.3924050632911392,1.0,0.0,0.5,0.3333333333333333,0.3491887684847033,0.36059911773757825,0.6680497925311206,1.0,0.6666666666666666,0.24661654135338346,0.7150259067357512,0.4630350194552528,0.32000000000000006,0.6785714285714286,0.9510638297872341,0.941860465116279,0.75,0.6666666666666666,0.3333333333333333,1.0,0.4517611026033691,0.3878504672897196,0.8009985734664764,0.0,0.75,0.0,0.2212643678160919,0.3068783068783069,0.22222222222222227,0.3333333333333333,0.0,0.4218181818181818,0.8241379310344827,0.6548323471400394,0.2651933701657459,0.4583333333333333,0.5,0.3333333333333333,0.0,0.16125892277741727,0.4696969696969696,0.4696969696969697,0.42727272727272736,0.41463414634146334,0.5,0.5,0.5,0.5041246562786434,0.5038167938931297,0.5045871559633027,0.5048899755501222,0.5041246562786434,0.504278728606357,0.5,0.5,0.0,0.1779359430604982,0.3620689655172414,0.6029306647605431,0.6666666666666666,0.3333333333333333,0.0,0.01979929481963656,0.9264516129032259,0.31854838709677424,0.4368932038834952,0.9227385207588668,0.8987804878048781,0.6605381165919285,1.0,1.0
Chittoor,Andhra Pradesh,0.7777777777777715,0.12611607142857142,0.0,0.0,0.0,0.0,0.0,0.0,0.0,0.5,0.6666666666666667,0.08618212297192121,0.09352665595185172,0.6887966804979255,0.25,0.0,0.24661654135338346,0.7150259067357512,0.4630350194552528,0.32000000000000006,0.6785714285714286,0.9510638297872341,0.941860465116279,0.75,0.6666666666666666,0.3333333333333333,1.0,0.4517611026033691,0.3878504672897196,0.8009985734664764,0.0,0.75,0.0,0.2212643678160919,0.3068783068783069,0.22222222222222227,0.3333333333333333,0.0,0.4218181818181818,0.8241379310344827,0.6548323471400394,0.2651933701657459,0.4583333333333333,0.5,0.3333333333333333,0.0,0.16125892277741727,0.4696969696969696,0.4696969696969697,0.42727272727272736,0.41463414634146334,0.5,0.5,0.5,0.5041246562786434,0.5038167938931297,0.5045871559633027,0.5048899755501222,0.5041246562786434,0.504278728606357,0.5,0.5,0.0,0.1779359430604982,0.3620689655172414,0.6029306647605431,0.6666666666666666,0.3333333333333333,0.0,0.01979929481963656,0.9264516129032259,0.31854838709677424,0.4368932038834952,0.9227385207588668,0.8987804878048781,0.6605381165919285,1.0,1.0
Chittoor,Andhra Pradesh,0.8888888888888857,0.2721938775510204,1.0,1.0,0.75,0.4647887323943662,0.7594936708860759,1.0,0.0,0.0,0.6666666666666667,0.284529725199066,0.29391649283589233,0.6556016597510377,0.75,0.6666666666666666,0.24661654135338346,0.7150259067357512,0.4630350194552528,0.32000000000000006,0.6785714285714286,0.9510638297872341,0.941860465116279,0.75,0.6666666666666666,0.3333333333333333,1.0,0.4517611026033691,0.3878504672897196,0.8009985734664764,0.0,0.75,0.0,0.2212643678160919,0.3068783068783069,0.22222222222222227,0.3333333333333333,0.0,0.4218181818181818,0.8241379310344827,0.6548323471400394,0.2651933701657459,0.4583333333333333,0.5,0.3333333333333333,0.0,0.16125892277741727,0.4696969696969696,0.4696969696969697,0.42727272727272736,0.41463414634146334,0.5,0.5,0.5,0.5041246562786434,0.5038167938931297,0.5045871559633027,0.5048899755501222,0.5041246562786434,0.504278728606357,0.5,0.5,0.0,0.1779359430604982,0.3620689655172414,0.6029306647605431,0.6666666666666666,0.3333333333333333,0.0,0.01979929481963656,0.9264516129032259,0.31854838709677424,0.4368932038834952,0.9227385207588668,0.8987804878048781,0.6605381165919285,1.0,1.0
Chittoor,Andhra Pradesh,1.0,0.5891581632653061,1.0,1.0,0.06818181818181818,0.9154929577464789,0.4050632911392405,1.0,1.0,1.0,0.0,0.4254624917679458,0.4176042129740451,0.5062240663900415,1.0,1.0,0.24661654135338346,0.7150259067357512,0.4630350194552528,0.32000000000000006,0.6785714285714286,0.9510638297872341,0.941860465116279,0.75,0.6666666666666666,0.3333333333333333,1.0,0.4517611026033691,0.3878504672897196,0.8009985734664764,0.0,0.75,0.0,0.2212643678160919,0.3068783068783069,0.22222222222222227,0.3333333333333333,0.0,0.4218181818181818,0.8241379310344827,0.6548323471400394,0.2651933701657459,0.4583333333333333,0.5,0.3333333333333333,0.0,0.16125892277741727,0.4696969696969696,0.4696969696969697,0.42727272727272736,0.41463414634146334,0.5,0.5,0.5,0.5041246562786434,0.5038167938931297,0.5045871559633027,0.5048899755501222,0.5041246562786434,0.504278728606357,0.5,0.5,0.0,0.1779359430604982,0.3620689655172414,0.6029306647605431,0.6666666666666666,0.3333333333333333,0.0,0.01979929481963656,0.9264516129032259,0.31854838709677424,0.4368932038834952,0.9227385207588668,0.8987804878048781,0.6605381165919285,1.0,1.0
Alluri Sitharama Raju,Andhra Pradesh,0.0,0.8300382653061225,1.0,1.0,0.6590909090909091,0.18309859154929578,0.13924050632911392,0.0,1.0,1.0,0.6666666666666667,0.9999999999999999,1.0,0.5850622406639006,1.0,1.0,0.2676691729323308,0.6044905008635577,0.41245136186770415,0.08000000000000002,0.9285714285714282,0.006382978723404258,0.6162790697674418,0.5,0.3333333333333333,0.0,0.6666666666666666,0.9877488514548239,0.940809968847352,0.7710413694721827,0.0,1.0,0.0,0.024425287356321844,0.3280423280423281,0.024904214559386968,0.0,0.0,0.019393939393939387,0.15632183908045977,0.09270216962524652,0.8084714548802947,0.625,0.0,1.0,0.25,1.0,0.0,0.0,0.7363636363636364,0.5365853658536586,1.0,0.0,1.0,0.8249312557286892,0.8244274809160305,0.8256880733944955,0.8251833740831298,0.8249312557286892,0.8251833740831298,0.0,1.0,0.0,0.6512455516014234,0.06896551724137931,0.224446032880629,0.0,0.0,0.0,0.0,0.0,0.3870967741935484,0.2405609492988134,0.361699202639538,0.3719512195121951,0.0,0.5,0.0
Alluri Sitharama Raju,Andhra Pradesh,0.11111111111111427,0.3652742346938775,0.0,0.0,0.0,0.0,0.0,0.0,0.0,0.5,0.6666666666666667,0.2953062324133389,0.2967547789214513,0.5684647302904566,0.5,0.0,0.2676691729323308,0.6044905008635577,0.41245136186770415,0.08000000000000002,0.9285714285714282,0.006382978723404258,0.6162790697674418,0.5,0.3333333333333333,0.0,0.6666666666666666,0.9877488514548239,0.940809968847352,0.7710413694721827,0.0,1.0,0.0,0.024425287356321844,0.3280423280423281,0.024904214559386968,0.0,0.0,0.019393939393939387,0.15632183908045977,0.09270216962524652,0.8084714548802947,0.625,0.0,1.0,0.25,1.0,0.0,0.0,0.7363636363636364,0.5365853658536586,1.0,0.0,1.0,0.8249312557286892,0.8244274809160305,0.8256880733944955,0.8251833740831298,0.8249312557286892,0.8251833740831298,0.0,1.0,0.0,0.6512455516014234,0.06896551724137931,0.224446032880629,0.0,0.0,0.0,0.0,0.0,0.3870967741935484,0.2405609492988134,0.361699202639538,0.3719512195121951,0.0,0.5,0.0
Alluri Sitharama Raju,Andhra Pradesh,0.22222222222220012,0.06380739795918366,0.0,0.0,0.0,0.0,0.0,0.0,0.0,0.5,0.6666666666666667,0.08878644554870382,0.08248127757070069,0.31120331950207447,0.0,0.0,0.2676691729323308,0.6044905008635577,0.41245136186770415,0.08000000000000002,0.9285714285714282,0.006382978723404258,0.6162790697674418,0.5,0.3333333333333333,0.0,0.6666666666666666,0.9877488514548239,0.940809968847352,0.7710413694721827,0.0,1.0,0.0,0.024425287356321844,0.3280423280423281,0.024904214559386968,0.0,0.0,0.019393939393939387,0.15632183908045977,0.09270216962524652,0.8084714548802947,0.625,0.0,1.0,0.25,1.0,0.0,0.0,0.7363636363636364,0.5365853658536586,1.0,0.0,1.0,0.8249312557286892,0.8244274809160305,0.8256880733944955,0.8251833740831298,0.8249312557286892,0.8251833740831298,0.0,1.0,0.0,0.6512455516014234,0.06896551724137931,0.224446032880629,0.0,0.0,0.0,0.0,0.0,0.3870967741935484,0.2405609492988134,0.361699202639538,0.3719512195121951,0.0,0.5,0.0
Alluri Sitharama Raju,Andhra Pradesh,0.3333333333333144,0.5890625,1.0,1.0,0.38636363636363635,0.11267605633802817,0.31645569620253167,1.0,0.0,0.0,0.3333333333333333,0.5517871041130336,0.5503197346373492,0.5643153526970957,0.75,0.6666666666666666,0.2676691729323308,0.6044905008635577,0.41245136186770415,0.08000000000000002,0.9285714285714282,0.006382978723404258,0.6162790697674418,0.5,0.3333333333333333,0.0,0.6666666666666666,0.9877488514548239,0.940809968847352,0.7710413694721827,0.0,1.0,0.0,0.024425287356321844,0.3280423280423281,0.024904214559386968,0.0,0.0,0.019393939393939387,0.15632183908045977,0.09270216962524652,0.8084714548802947,0.625,0.0,1.0,0.25,1.0,0.0,0.0,0.7363636363636364,0.5365853658536586,1.0,0.0,1.0,0.8249312557286892,0.8244274809160305,0.8256880733944955,0.8251833740831298,0.8249312557286892,0.8251833740831298,0.0,1.0,0.0,0.6512455516014234,0.06896551724137931,0.224446032880629,0.0,0.0,0.0,0.0,0.0,0.3870967741935484,0.2405609492988134,0.361699202639538,0.3719512195121951,0.0,0.5,0.0
Alluri Sitharama Raju,Andhra Pradesh,0.44444444444442865,0.37174744897959183,0.0,0.0,0.0,0.0,0.0,0.0,0.0,0.5,0.6666666666666667,0.35939651559600067,0.3575898505625278,0.5435684647302907,0.5,0.0,0.2676691729323308,0.6044905008635577,0.41245136186770415,0.08000000000000002,0.9285714285714282,0.006382978723404258,0.6162790697674418,0.5,0.3333333333333333,0.0,0.6666666666666666,0.9877488514548239,0.940809968847352,0.7710413694721827,0.0,1.0,0.0,0.024425287356321844,0.3280423280423281,0.024904214559386968,0.0,0.0,0.019393939393939387,0.15632183908045977,0.09270216962524652,0.8084714548802947,0.625,0.0,1.0,0.25,1.0,0.0,0.0,0.7363636363636364,0.5365853658536586,1.0,0.0,1.0,0.8249312557286892,0.8244274809160305,0.8256880733944955,0.8251833740831298,0.8249312557286892,0.8251833740831298,0.0,1.0,0.0,0.6512455516014234,0.06896551724137931,0.224446032880629,0.0,0.0,0.0,0.0,0.0,0.3870967741935484,0.2405609492988134,0.361699202639538,0.3719512195121951,0.0,0.5,0.0
Alluri Sitharama Raju,Andhra Pradesh,0.5555555555555429,0.6004145408163265,1.0,1.0,0.1590909090909091,0.9577464788732395,0.7215189873417721,1.0,0.0,0.5,0.3333333333333333,0.5676225827695623,0.5708374653763293,0.5933609958506225,0.75,0.6666666666666666,0.2676691729323308,0.6044905008635577,0.41245136186770415,0.08000000000000002,0.9285714285714282,0.006382978723404258,0.6162790697674418,0.5,0.3333333333333333,0.0,0.6666666666666666,0.9877488514548239,0.940809968847352,0.7710413694721827,0.0,1.0,0.0,0.024425287356321844,0.3280423280423281,0.024904214559386968,0.0,0.0,0.019393939393939387,0.15632183908045977,0.09270216962524652,0.8084714548802947,0.625,0.0,1.0,0.25,1.0,0.0,0.0,0.7363636363636364,0.5365853658536586,1.0,0.0,1.0,0.8249312557286892,0.8244274809160305,0.8256880733944955,0.8251833740831298,0.8249312557286892,0.8251833740831298,0.0,1.0,0.0,0.6512455516014234,0.06896551724137931,0.224446032880629,0.0,0.0,0.0,0.0,0.0,0.3870967741935484,0.2405609492988134,0.361699202639538,0.3719512195121951,0.0,0.5,0.0
Alluri Sitharama Raju,Andhra Pradesh,0.6666666666666572,0.2552614795918367,0.0,0.0,0.0,0.0,0.0,0.0,0.0,0.5,0.6666666666666667,0.22618691253068307,0.2151284067982081,0.39419087136929454,0.25,0.0,0.2676691729323308,0.6044905008635577,0.41245136186770415,0.08000000000000002,0.9285714285714282,0.006382978723404258,0.6162790697674418,0.5,0.3333333333333333,0.0,0.6666666666666666,0.9877488514548239,0.940809968847352,0.7710413694721827,0.0,1.0,0.0,0.024425287356321844,0.3280423280423281,0.024904214559386968,0.0,0.0,0.019393939393939387,0.15632183908045977,0.09270216962524652,0.8084714548802947,0.625,0.0,1.0,0.25,1.0,0.0,0.0,0.7363636363636364,0.5365853658536586,1.0,0.0,1.0,0.8249312557286892,0.8244274809160305,0.8256880733944955,0.8251833740831298,0.8249312557286892,0.8251833740831298,0.0,1.0,0.0,0.6512455516014234,0.06896551724137931,0.224446032880629,0.0,0.0,0.0,0.0,0.0,0.3870967741935484,0.2405609492988134,0.361699202639538,0.3719512195121951,0.0,0.5,0.0
Alluri Sitharama Raju,Andhra Pradesh,0.7777777777777715,0.5704400510204082,1.0,1.0,0.8181818181818182,0.29577464788732394,0.4430379746835443,0.0,0.0,0.0,1.0,0.5285577441178231,0.5307936942174196,0.5850622406639006,0.75,0.6666666666666666,0.2676691729323308,0.6044905008635577,0.41245136186770415,0.08000000000000002,0.9285714285714282,0.006382978723404258,0.6162790697674418,0.5,0.3333333333333333,0.0,0.6666666666666666,0.9877488514548239,0.940809968847352,0.7710413694721827,0.0,1.0,0.0,0.024425287356321844,0.3280423280423281,0.024904214559386968,0.0,0.0,0.019393939393939387,0.15632183908045977,0.09270216962524652,0.8084714548802947,0.625,0.0,1.0,0.25,1.0,0.0,0.0,0.7363636363636364,0.5365853658536586,1.0,0.0,1.0,0.8249312557286892,0.8244274809160305,0.8256880733944955,0.8251833740831298,0.8249312557286892,0.8251833740831298,0.0,1.0,0.0,0.6512455516014234,0.06896551724137931,0.224446032880629,0.0,0.0,0.0,0.0,0.0,0.3870967741935484,0.2405609492988134,0.361699202639538,0.3719512195121951,0.0,0.5,0.0
Alluri Sitharama Raju,Andhra Pradesh,0.8888888888888857,1.0,1.0,1.0,0.7954545454545455,0.6901408450704225,0.4430379746835443,1.0,1.0,1.0,1.0,0.8957971621864335,0.8895804124063877,0.5601659751037342,1.0,1.0,0.2676691729323308,0.6044905008635577,0.41245136186770415,0.08000000000000002,0.9285714285714282,0.006382978723404258,0.6162790697674418,0.5,0.3333333333333333,0.0,0.6666666666666666,0.9877488514548239,0.940809968847352,0.7710413694721827,0.0,1.0,0.0,0.024425287356321844,0.3280423280423281,0.024904214559386968,0.0,0.0,0.019393939393939387,0.15632183908045977,0.09270216962524652,0.8084714548802947,0.625,0.0,1.0,0.25,1.0,0.0,0.0,0.7363636363636364,0.5365853658536586,1.0,0.0,1.0,0.8249312557286892,0.8244274809160305,0.8256880733944955,0.8251833740831298,0.8249312557286892,0.8251833740831298,0.0,1.0,0.0,0.6512455516014234,0.06896551724137931,0.224446032880629,0.0,0.0,0.0,0.0,0.0,0.3870967741935484,0.2405609492988134,0.361699202639538,0.3719512195121951,0.0,0.5,0.0
Alluri Sitharama Raju,Andhra Pradesh,1.0,0.4329719387755102,0.0,0.0,0.0,0.0,0.0,0.0,0.0,0.5,0.6666666666666667,0.29491708076393464,0.30099510994084056,0.6182572614107884,0.5,0.0,0.2676691729323308,0.6044905008635577,0.41245136186770415,0.08000000000000002,0.9285714285714282,0.006382978723404258,0.6162790697674418,0.5,0.3333333333333333,0.0,0.6666666666666666,0.9877488514548239,0.940809968847352,0.7710413694721827,0.0,1.0,0.0,0.024425287356321844,0.3280423280423281,0.024904214559386968,0.0,0.0,0.019393939393939387,0.15632183908045977,0.09270216962524652,0.8084714548802947,0.625,0.0,1.0,0.25,1.0,0.0,0.0,0.7363636363636364,0.5365853658536586,1.0,0.0,1.0,0.8249312557286892,0.8244274809160305,0.8256880733944955,0.8251833740831298,0.8249312557286892,0.8251833740831298,0.0,1.0,0.0,0.6512455516014234,0.06896551724137931,0.224446032880629,0.0,0.0,0.0,0.0,0.0,0.3870967741935484,0.2405609492988134,0.361699202639538,0.3719512195121951,0.0,0.5,0.0
Anakapalli,Andhra Pradesh,0.0,0.2952806122448979,0.0,0.0,0.0,0.0,0.0,0.0,0.0,0.5,0.6666666666666667,0.26881398551158475,0.26929521594911604,0.5560165975103737,0.5,0.0,0.01804511278195492,0.8151986183074265,0.48638132295719827,0.20000000000000007,0.392857142857143,0.5468085106382978,0.8488372093023256,1.0,0.3333333333333333,0.0,0.6666666666666666,0.38744257274119454,0.29127725856697817,0.964336661911555,0.0,0.75,0.0,0.09626436781609193,0.09523809523809525,0.0957854406130268,0.0,0.0,0.8412121212121212,0.867816091954023,0.38461538461538464,0.14732965009208104,0.8333333333333333,0.75,0.0,0.75,0.3857884490590526,0.1515151515151515,0.1515151515151515,0.9909090909090909,0.36585365853658525,0.75,0.25,0.75,0.9321723189734188,0.931297709923664,0.9321100917431192,0.9327628361858191,0.9321723189734188,0.932151589242054,0.0,1.0,0.0,0.8185053380782917,0.5172413793103448,0.8263045032165832,0.0,0.6666666666666666,0.0,0.016219148359099538,0.9625806451612904,0.6532258064516129,0.25134843581445526,0.011410503161946653,0.04878048780487804,0.0,0.0,0.0
Anakapalli,Andhra Pradesh,0.11111111111111427,0.12691326530612243,0.0,0.0,0.0,0.0,0.0,0.0,0.0,0.5,0.6666666666666667,0.10776507214272885,0.10823102964812092,0.5103734439834029,0.0,0.0,0.01804511278195492,0.8151986183074265,0.48638132295719827,0.20000000000000007,0.392857142857143,0.5468085106382978,0.8488372093023256,1.0,0.3333333333333333,0.0,0.6666666666666666,0.38744257274119454,0.29127725856697817,0.964336661911555,0.0,0.75,0.0,0.09626436781609193,0.09523809523809525,0.0957854406130268,0.0,0.0,0.8412121212121212,0.867816091954023,0.38461538461538464,0.14732965009208104,0.8333333333333333,0.75,0.0,0.75,0.3857884490590526,0.1515151515151515,0.1515151515151515,0.9909090909090909,0.36585365853658525,0.75,0.25,0.75,0.9321723189734188,0.931297709923664,0.9321100917431192,0.9327628361858191,0.9321723189734188,0.932151589242054,0.0,1.0,0.0,0.8185053380782917,0.5172413793103448,0.8263045032165832,0.0,0.6666666666666666,0.0,0.016219148359099538,0.9625806451612904,0.6532258064516129,0.25134843581445526,0.011410503161946653,0.04878048780487804,0.0,0.0,0.0
Anakapalli,Andhra Pradesh,0.22222222222220012,0.46380739795918363,1.0,1.0,0.29545454545454547,0.323943661971831,0.3670886075949367,1.0,0.0,0.0,0.3333333333333333,0.4169011554810513,0.41562083233594366,0.5560165975103737,0.75,0.6666666666666666,0.01804511278195492,0.8151986183074265,0.48638132295719827,0.20000000000000007,0.392857142857143,0.5468085106382978,0.8488372093023256,1.0,0.3333333333333333,0.0,0.6666666666666666,0.38744257274119454,0.29127725856697817,0.964336661911555,0.0,0.75,0.0,0.09626436781609193,0.09523809523809525,0.0957854406130268,0.0,0.0,0.8412121212121212,0.867816091954023,0.38461538461538464,0.14732965009208104,0.8333333333333333,0.75,0.0,0.75,0.3857884490590526,0.1515151515151515,0.1515151515151515,0.9909090909090909,0.36585365853658525,0.75,0.25,0.75,0.9321723189734188,0.931297709923664,0.9321100917431192,0.9327628361858191,0.9321723189734188,0.932151589242054,0.0,1.0,0.0,0.8185053380782917,0.5172413793103448,0.8263045032165832,0.0,0.6666666666666666,0.0,0.016219148359099538,0.9625806451612904,0.6532258064516129,0.25134843581445526,0.011410503161946653,0.04878048780487804,0.0,0.0,0.0
Anakapalli,Andhra Pradesh,0.3333333333333144,0.28938137755102034,0.0,0.0,0.0,0.0,0.0,0.0,0.0,0.5,0.6666666666666667,0.2590253247919535,0.2678589747973874,0.6556016597510377,0.5,0.0,0.01804511278195492,0.8151986183074265,0.48638132295719827,0.20000000000000007,0.392857142857143,0.5468085106382978,0.8488372093023256,1.0,0.3333333333333333,0.0,0.6666666666666666,0.38744257274119454,0.29127725856697817,0.964336661911555,0.0,0.75,0.0,0.09626436781609193,0.09523809523809525,0.0957854406130268,0.0,0.0,0.8412121212121212,0.867816091954023,0.38461538461538464,0.14732965009208104,0.8333333333333333,0.75,0.0,0.75,0.3857884490590526,0.1515151515151515,0.1515151515151515,0.9909090909090909,0.36585365853658525,0.75,0.25,0.75,0.9321723189734188,0.931297709923664,0.9321100917431192,0.9327628361858191,0.9321723189734188,0.932151589242054,0.0,1.0,0.0,0.8185053380782917,0.5172413793103448,0.8263045032165832,0.0,0.6666666666666666,0.0,0.016219148359099538,0.9625806451612904,0.6532258064516129,0.25134843581445526,0.011410503161946653,0.04878048780487804,0.0,0.0,0.0
Anakapalli,Andhra Pradesh,0.44444444444442865,0.5518813775510204,1.0,1.0,0.5,0.18309859154929578,0.7341772151898734,0.0,0.0,0.5,0.6666666666666667,0.43399389331257854,0.4310775228259755,0.5435684647302907,0.75,0.6666666666666666,0.01804511278195492,0.8151986183074265,0.48638132295719827,0.20000000000000007,0.392857142857143,0.5468085106382978,0.8488372093023256,1.0,0.3333333333333333,0.0,0.6666666666666666,0.38744257274119454,0.29127725856697817,0.964336661911555,0.0,0.75,0.0,0.09626436781609193,0.09523809523809525,0.0957854406130268,0.0,0.0,0.8412121212121212,0.867816091954023,0.38461538461538464,0.14732965009208104,0.8333333333333333,0.75,0.0,0.75,0.3857884490590526,0.1515151515151515,0.1515151515151515,0.9909090909090909,0.36585365853658525,0.75,0.25,0.75,0.9321723189734188,0.931297709923664,0.9321100917431192,0.9327628361858191,0.9321723189734188,0.932151589242054,0.0,1.0,0.0,0.8185053380782917,0.5172413793103448,0.8263045032165832,0.0,0.6666666666666666,0.0,0.016219148359099538,0.9625806451612904,0.6532258064516129,0.25134843581445526,0.011410503161946653,0.04878048780487804,0.0,0.0,0.0
Anakapalli,Andhra Pradesh,0.5555555555555429,0.13864795918367345,0.0,0.0,0.0,0.0,0.0,0.0,0.0,0.5,0.6666666666666667,0.12847991378794227,0.13613514345313407,0.6721991701244812,0.25,0.0,0.01804511278195492,0.8151986183074265,0.48638132295719827,0.20000000000000007,0.392857142857143,0.5468085106382978,0.8488372093023256,1.0,0.3333333333333333,0.0,0.6666666666666666,0.38744257274119454,0.29127725856697817,0.964336661911555,0.0,0.75,0.0,0.09626436781609193,0.09523809523809525,0.0957854406130268,0.0,0.0,0.8412121212121212,0.867816091954023,0.38461538461538464,0.14732965009208104,0.8333333333333333,0.75,0.0,0.75,0.3857884490590526,0.1515151515151515,0.1515151515151515,0.9909090909090909,0.36585365853658525,0.75,0.25,0.75,0.9321723189734188,0.931297709923664,0.9321100917431192,0.9327628361858191,0.9321723189734188,0.932151589242054,0.0,1.0,0.0,0.8185053380782917,0.5172413793103448,0.8263045032165832,0.0,0.6666666666666666,0.0,0.016219148359099538,0.9625806451612904,0.6532258064516129,0.25134843581445526,0.011410503161946653,0.04878048780487804,0.0,0.0,0.0
Anakapalli,Andhra Pradesh,0.6666666666666572,0.4397321428571428,1.0,1.0,0.4318181818181818,0.1267605633802817,0.8860759493670886,1.0,0.0,0.0,0.3333333333333333,0.3477818355983955,0.36169339671032386,0.6887966804979255,0.75,0.3333333333333333,0.01804511278195492,0.8151986183074265,0.48638132295719827,0.20000000000000007,0.392857142857143,0.5468085106382978,0.8488372093023256,1.0,0.3333333333333333,0.0,0.6666666666666666,0.38744257274119454,0.29127725856697817,0.964336661911555,0.0,0.75,0.0,0.09626436781609193,0.09523809523809525,0.0957854406130268,0.0,0.0,0.8412121212121212,0.867816091954023,0.38461538461538464,0.14732965009208104,0.8333333333333333,0.75,0.0,0.75,0.3857884490590526,0.1515151515151515,0.1515151515151515,0.9909090909090909,0.36585365853658525,0.75,0.25,0.75,0.9321723189734188,0.931297709923664,0.9321100917431192,0.9327628361858191,0.9321723189734188,0.932151589242054,0.0,1.0,0.0,0.8185053380782917,0.5172413793103448,0.8263045032165832,0.0,0.6666666666666666,0.0,0.016219148359099538,0.9625806451612904,0.6532258064516129,0.25134843581445526,0.011410503161946653,0.04878048780487804,0.0,0.0,0.0
Anakapalli,Andhra Pradesh,0.7777777777777715,0.7448979591836734,1.0,1.0,0.4318181818181818,0.22535211267605634,0.8607594936708861,1.0,1.0,1.0,0.3333333333333333,0.652547446566485,0.6443935300755737,0.5352697095435688,1.0,1.0,0.01804511278195492,0.8151986183074265,0.48638132295719827,0.20000000000000007,0.392857142857143,0.5468085106382978,0.8488372093023256,1.0,0.3333333333333333,0.0,0.6666666666666666,0.38744257274119454,0.29127725856697817,0.964336661911555,0.0,0.75,0.0,0.09626436781609193,0.09523809523809525,0.0957854406130268,0.0,0.0,0.8412121212121212,0.867816091954023,0.38461538461538464,0.14732965009208104,0.8333333333333333,0.75,0.0,0.75,0.3857884490590526,0.1515151515151515,0.1515151515151515,0.9909090909090909,0.36585365853658525,0.75,0.25,0.75,0.9321723189734188,0.931297709923664,0.9321100917431192,0.9327628361858191,0.9321723189734188,0.932151589242054,0.0,1.0,0.0,0.8185053380782917,0.5172413793103448,0.8263045032165832,0.0,0.6666666666666666,0.0,0.016219148359099538,0.9625806451612904,0.6532258064516129,0.25134843581445526,0.011410503161946653,0.04878048780487804,0.0,0.0,0.0
Anakapalli,Andhra Pradesh,0.8888888888888857,0.2944515306122449,0.0,0.0,0.0,0.0,0.0,0.0,0.0,0.5,0.6666666666666667,0.2759085194276477,0.26857709537325175,0.4688796680497931,0.5,0.0,0.01804511278195492,0.8151986183074265,0.48638132295719827,0.20000000000000007,0.392857142857143,0.5468085106382978,0.8488372093023256,1.0,0.3333333333333333,0.0,0.6666666666666666,0.38744257274119454,0.29127725856697817,0.964336661911555,0.0,0.75,0.0,0.09626436781609193,0.09523809523809525,0.0957854406130268,0.0,0.0,0.8412121212121212,0.867816091954023,0.38461538461538464,0.14732965009208104,0.8333333333333333,0.75,0.0,0.75,0.3857884490590526,0.1515151515151515,0.1515151515151515,0.9909090909090909,0.36585365853658525,0.75,0.25,0.75,0.9321723189734188,0.931297709923664,0.9321100917431192,0.9327628361858191,0.9321723189734188,0.932151589242054,0.0,1.0,0.0,0.8185053380782917,0.5172413793103448,0.8263045032165832,0.0,0.6666666666666666,0.0,0.016219148359099538,0.9625806451612904,0.6532258064516129,0.25134843581445526,0.011410503161946653,0.04878048780487804,0.0,0.0,0.0
Anakapalli,Andhra Pradesh,1.0,0.10022321428571426,0.0,0.0,0.0,0.0,0.0,0.0,0.0,0.5,0.6666666666666667,0.07507633359276777,0.06859761310399069,0.26970954356846466,0.0,0.0,0.01804511278195492,0.8151986183074265,0.48638132295719827,0.20000000000000007,0.392857142857143,0.5468085106382978,0.8488372093023256,1.0,0.3333333333333333,0.0,0.6666666666666666,0.38744257274119454,0.29127725856697817,0.964336661911555,0.0,0.75,0.0,0.09626436781609193,0.09523809523809525,0.0957854406130268,0.0,0.0,0.8412121212121212,0.867816091954023,0.38461538461538464,0.14732965009208104,0.8333333333333333,0.75,0.0,0.75,0.3857884490590526,0.1515151515151515,0.1515151515151515,0.9909090909090909,0.36585365853658525,0.75,0.25,0.75,0.9321723189734188,0.931297709923664,0.9321100917431192,0.9327628361858191,0.9321723189734188,0.932151589242054,0.0,1.0,0.0,0.8185053380782917,0.5172413793103448,0.8263045032165832,0.0,0.6666666666666666,0.0,0.016219148359099538,0.9625806451612904,0.6532258064516129,0.25134843581445526,0.011410503161946653,0.04878048780487804,0.0,0.0,0.0
Bapatla,Andhra Pradesh,0.0,0.08676658163265305,0.0,0.0,0.0,0.0,0.0,0.0,0.0,0.5,0.6666666666666667,0.07049631802670178,0.07300892521287146,0.5477178423236513,0.0,0.0,0.3037593984962406,0.6027633851468048,0.7042801556420233,0.4,0.8214285714285714,0.4531914893617021,0.6627906976744186,0.0,0.0,0.6666666666666666,0.3333333333333333,0.007656967840735069,0.0,0.9814550641940085,0.946372239747634,0.0,1.0,0.3189655172413793,1.0,0.31992337164750956,0.3333333333333333,0.3333333333333333,0.587878787878788,0.5873563218390805,0.22879684418145954,0.548802946593002,0.29166666666666663,0.5,0.3333333333333333,0.0,0.003569110966904607,0.8181818181818182,0.8181818181818182,0.9181818181818183,0.7560975609756098,0.0,1.0,0.0,0.0733272227314391,0.07328244274809159,0.07339449541284404,0.07334963325183369,0.0733272227314391,0.07334963325183369,1.0,0.0,0.0,0.4448398576512455,0.2931034482758621,0.26125804145818443,0.3333333333333333,0.0,0.0,0.004339571467317602,0.37677419354838715,0.12903225806451613,0.03236245954692557,0.29378608743469886,0.34512195121951217,0.0,0.5,0.0
Bapatla,Andhra Pradesh,0.11111111111111427,0.38357780612244896,1.0,1.0,0.8863636363636364,0.7464788732394366,0.5189873417721519,1.0,0.0,0.0,1.0,0.3175776806561695,0.31347672947372024,0.5145228215767634,0.75,0.6666666666666666,0.3037593984962406,0.6027633851468048,0.7042801556420233,0.4,0.8214285714285714,0.4531914893617021,0.6627906976744186,0.0,0.0,0.6666666666666666,0.3333333333333333,0.007656967840735069,0.0,0.9814550641940085,0.946372239747634,0.0,1.0,0.3189655172413793,1.0,0.31992337164750956,0.3333333333333333,0.3333333333333333,0.587878787878788,0.5873563218390805,0.22879684418145954,0.548802946593002,0.29166666666666663,0.5,0.3333333333333333,0.0,0.003569110966904607,0.8181818181818182,0.8181818181818182,0.9181818181818183,0.7560975609756098,0.0,1.0,0.0,0.0733272227314391,0.07328244274809159,0.07339449541284404,0.07334963325183369,0.0733272227314391,0.07334963325183369,1.0,0.0,0.0,0.4448398576512455,0.2931034482758621,0.26125804145818443,0.3333333333333333,0.0,0.0,0.004339571467317602,0.37677419354838715,0.12903225806451613,0.03236245954692557,0.29378608743469886,0.34512195121951217,0.0,0.5,0.0
Bapatla,Andhra Pradesh,0.22222222222220012,0.2696747448979591,0.0,0.0,0.0,0.0,0.0,0.0,0.0,0.5,0.6666666666666667,0.21298569119319882,0.2151284067982081,0.5726141078838176,0.5,0.0,0.3037593984962406,0.6027633851468048,0.7042801556420233,0.4,0.8214285714285714,0.4531914893617021,0.6627906976744186,0.0,0.0,0.6666666666666666,0.3333333333333333,0.007656967840735069,0.0,0.9814550641940085,0.946372239747634,0.0,1.0,0.3189655172413793,1.0,0.31992337164750956,0.3333333333333333,0.3333333333333333,0.587878787878788,0.5873563218390805,0.22879684418145954,0.548802946593002,0.29166666666666663,0.5,0.3333333333333333,0.0,0.003569110966904607,0.8181818181818182,0.8181818181818182,0.9181818181818183,0.7560975609756098,0.0,1.0,0.0,0.0733272227314391,0.07328244274809159,0.07339449541284404,0.07334963325183369,0.0733272227314391,0.07334963325183369,1.0,0.0,0.0,0.4448398576512455,0.2931034482758621,0.26125804145818443,0.3333333333333333,0.0,0.0,0.004339571467317602,0.37677419354838715,0.12903225806451613,0.03236245954692557,0.29378608743469886,0.34512195121951217,0.0,0.5,0.0
Bapatla,Andhra Pradesh,0.3333333333333144,0.3514349489795918,1.0,1.0,0.7954545454545455,0.2535211267605634,0.9493670886075949,1.0,0.0,0.5,1.0,0.4392923426929294,0.44701296036658345,0.6265560165975104,1.0,0.6666666666666666,0.3037593984962406,0.6027633851468048,0.7042801556420233,0.4,0.8214285714285714,0.4531914893617021,0.6627906976744186,0.0,0.0,0.6666666666666666,0.3333333333333333,0.007656967840735069,0.0,0.9814550641940085,0.946372239747634,0.0,1.0,0.3189655172413793,1.0,0.31992337164750956,0.3333333333333333,0.3333333333333333,0.587878787878788,0.5873563218390805,0.22879684418145954,0.548802946593002,0.29166666666666663,0.5,0.3333333333333333,0.0,0.003569110966904607,0.8181818181818182,0.8181818181818182,0.9181818181818183,0.7560975609756098,0.0,1.0,0.0,0.0733272227314391,0.07328244274809159,0.07339449541284404,0.07334963325183369,0.0733272227314391,0.07334963325183369,1.0,0.0,0.0,0.4448398576512455,0.2931034482758621,0.26125804145818443,0.3333333333333333,0.0,0.0,0.004339571467317602,0.37677419354838715,0.12903225806451613,0.03236245954692557,0.29378608743469886,0.34512195121951217,0.0,0.5,0.0
Bapatla,Andhra Pradesh,0.44444444444442865,0.1699298469387755,0.0,0.0,0.0,0.0,0.0,0.0,0.0,0.5,0.6666666666666667,0.13099443213793927,0.12283281469069521,0.3402489626556018,0.25,0.0,0.3037593984962406,0.6027633851468048,0.7042801556420233,0.4,0.8214285714285714,0.4531914893617021,0.6627906976744186,0.0,0.0,0.6666666666666666,0.3333333333333333,0.007656967840735069,0.0,0.9814550641940085,0.946372239747634,0.0,1.0,0.3189655172413793,1.0,0.31992337164750956,0.3333333333333333,0.3333333333333333,0.587878787878788,0.5873563218390805,0.22879684418145954,0.548802946593002,0.29166666666666663,0.5,0.3333333333333333,0.0,0.003569110966904607,0.8181818181818182,0.8181818181818182,0.9181818181818183,0.7560975609756098,0.0,1.0,0.0,0.0733272227314391,0.07328244274809159,0.07339449541284404,0.07334963325183369,0.0733272227314391,0.07334963325183369,1.0,0.0,0.0,0.4448398576512455,0.2931034482758621,0.26125804145818443,0.3333333333333333,0.0,0.0,0.004339571467317602,0.37677419354838715,0.12903225806451613,0.03236245954692557,0.29378608743469886,0.34512195121951217,0.0,0.5,0.0
Bapatla,Andhra Pradesh,0.5555555555555429,0.3608737244897959,1.0,1.0,0.8636363636363636,0.09859154929577466,0.569620253164557,1.0,0.0,0.0,1.0,0.31018379931748785,0.31012550011968676,0.5560165975103737,0.75,0.3333333333333333,0.3037593984962406,0.6027633851468048,0.7042801556420233,0.4,0.8214285714285714,0.4531914893617021,0.6627906976744186,0.0,0.0,0.6666666666666666,0.3333333333333333,0.007656967840735069,0.0,0.9814550641940085,0.946372239747634,0.0,1.0,0.3189655172413793,1.0,0.31992337164750956,0.3333333333333333,0.3333333333333333,0.587878787878788,0.5873563218390805,0.22879684418145954,0.548802946593002,0.29166666666666663,0.5,0.3333333333333333,0.0,0.003569110966904607,0.8181818181818182,0.8181818181818182,0.9181818181818183,0.7560975609756098,0.0,1.0,0.0,0.0733272227314391,0.07328244274809159,0.07339449541284404,0.07334963325183369,0.0733272227314391,0.07334963325183369,1.0,0.0,0.0,0.4448398576512455,0.2931034482758621,0.26125804145818443,0.3333333333333333,0.0,0.0,0.004339571467317602,0.37677419354838715,0.12903225806451613,0.03236245954692557,0.29378608743469886,0.34512195121951217,0.0,0.5,0.0
Bapatla,Andhra Pradesh,0.6666666666666572,0.5048788265306123,1.0,1.0,0.6136363636363636,0.9295774647887324,0.05063291139240506,1.0,1.0,1.0,0.6666666666666667,0.6113273064718913,0.6255172177957118,0.6556016597510377,1.0,1.0,0.3037593984962406,0.6027633851468048,0.7042801556420233,0.4,0.8214285714285714,0.4531914893617021,0.6627906976744186,0.0,0.0,0.6666666666666666,0.3333333333333333,0.007656967840735069,0.0,0.9814550641940085,0.946372239747634,0.0,1.0,0.3189655172413793,1.0,0.31992337164750956,0.3333333333333333,0.3333333333333333,0.587878787878788,0.5873563218390805,0.22879684418145954,0.548802946593002,0.29166666666666663,0.5,0.3333333333333333,0.0,0.003569110966904607,0.8181818181818182,0.8181818181818182,0.9181818181818183,0.7560975609756098,0.0,1.0,0.0,0.0733272227314391,0.07328244274809159,0.07339449541284404,0.07334963325183369,0.0733272227314391,0.07334963325183369,1.0,0.0,0.0,0.4448398576512455,0.2931034482758621,0.26125804145818443,0.3333333333333333,0.0,0.0,0.004339571467317602,0.37677419354838715,0.12903225806451613,0.03236245954692557,0.29378608743469886,0.34512195121951217,0.0,0.5,0.0
Bapatla,Andhra Pradesh,0.7777777777777715,0.23957270408163261,0.0,0.0,0.0,0.0,0.0,0.0,0.0,0.5,0.6666666666666667,0.1811051906843082,0.18041924563143316,0.5186721991701244,0.5,0.0,0.3037593984962406,0.6027633851468048,0.7042801556420233,0.4,0.8214285714285714,0.4531914893617021,0.6627906976744186,0.0,0.0,0.6666666666666666,0.3333333333333333,0.007656967840735069,0.0,0.9814550641940085,0.946372239747634,0.0,1.0,0.3189655172413793,1.0,0.31992337164750956,0.3333333333333333,0.3333333333333333,0.587878787878788,0.5873563218390805,0.22879684418145954,0.548802946593002,0.29166666666666663,0.5,0.3333333333333333,0.0,0.003569110966904607,0.8181818181818182,0.8181818181818182,0.9181818181818183,0.7560975609756098,0.0,1.0,0.0,0.0733272227314391,0.07328244274809159,0.07339449541284404,0.07334963325183369,0.0733272227314391,0.07334963325183369,1.0,0.0,0.0,0.4448398576512455,0.2931034482758621,0.26125804145818443,0.3333333333333333,0.0,0.0,0.004339571467317602,0.37677419354838715,0.12903225806451613,0.03236245954692557,0.29378608743469886,0.34512195121951217,0.0,0.5,0.0
Bapatla,Andhra Pradesh,0.8888888888888857,0.07168367346938775,0.0,0.0,0.0,0.0,0.0,0.0,0.0,0.5,0.6666666666666667,0.07830928575704962,0.08528536743836132,0.6846473029045641,0.0,0.0,0.3037593984962406,0.6027633851468048,0.7042801556420233,0.4,0.8214285714285714,0.4531914893617021,0.6627906976744186,0.0,0.0,0.6666666666666666,0.3333333333333333,0.007656967840735069,0.0,0.9814550641940085,0.946372239747634,0.0,1.0,0.3189655172413793,1.0,0.31992337164750956,0.3333333333333333,0.3333333333333333,0.587878787878788,0.5873563218390805,0.22879684418145954,0.548802946593002,0.29166666666666663,0.5,0.3333333333333333,0.0,0.003569110966904607,0.8181818181818182,0.8181818181818182,0.9181818181818183,0.7560975609756098,0.0,1.0,0.0,0.0733272227314391,0.07328244274809159,0.07339449541284404,0.07334963325183369,0.0733272227314391,0.07334963325183369,1.0,0.0,0.0,0.4448398576512455,0.2931034482758621,0.26125804145818443,0.3333333333333333,0.0,0.0,0.004339571467317602,0.37677419354838715,0.12903225806451613,0.03236245954692557,0.29378608743469886,0.34512195121951217,0.0,0.5,0.0
Bapatla,Andhra Pradesh,1.0,0.389859693877551,1.0,1.0,0.5,0.23943661971830987,0.8860759493670886,1.0,0.0,0.0,0.6666666666666667,0.31542237921331495,0.30800533460999213,0.4813278008298756,0.75,0.6666666666666666,0.3037593984962406,0.6027633851468048,0.7042801556420233,0.4,0.8214285714285714,0.4531914893617021,0.6627906976744186,0.0,0.0,0.6666666666666666,0.3333333333333333,0.007656967840735069,0.0,0.9814550641940085,0.946372239747634,0.0,1.0,0.3189655172413793,1.0,0.31992337164750956,0.3333333333333333,0.3333333333333333,0.587878787878788,0.5873563218390805,0.22879684418145954,0.548802946593002,0.29166666666666663,0.5,0.3333333333333333,0.0,0.003569110966904607,0.8181818181818182,0.8181818181818182,0.9181818181818183,0.7560975609756098,0.0,1.0,0.0,0.0733272227314391,0.07328244274809159,0.07339449541284404,0.07334963325183369,0.0733272227314391,0.07334963325183369,1.0,0.0,0.0,0.4448398576512455,0.2931034482758621,0.26125804145818443,0.3333333333333333,0.0,0.0,0.004339571467317602,0.37677419354838715,0.12903225806451613,0.03236245954692557,0.29378608743469886,0.34512195121951217,0.0,0.5,0.0
Eluru,Andhra Pradesh,0.0,0.4165816326530612,1.0,1.0,0.13636363636363635,0.4366197183098592,0.22784810126582278,1.0,0.0,0.0,0.0,0.382655810333473,0.3865540471223883,0.5975103734439835,0.75,0.6666666666666666,0.9263157894736843,0.09499136442141623,0.10116731517509725,0.88,0.9999999999999998,0.0702127659574468,0.2441860465116279,0.375,1.0,1.0,0.0,0.03062787136294028,0.0,0.8445078459343796,0.7886435331230284,0.25,0.6666666666666666,0.1494252873563218,0.3280423280423281,0.14942528735632185,0.0,0.0,0.27999999999999997,0.14022988505747125,0.7435897435897435,0.992633517495396,0.5833333333333333,0.25,0.6666666666666666,0.5,0.4033095392602206,0.25757575757575757,0.25757575757575757,0.5545454545454546,0.3170731707317074,0.75,0.25,0.75,0.30889092575618704,0.3083969465648855,0.310091743119266,0.30929095354523223,0.30889092575618704,0.30929095354523223,0.5,0.5,0.0,0.007117437722419934,0.17241379310344826,0.5636168691922802,1.0,1.0,1.0,0.010089503661513424,0.2593548387096774,0.7137096774193549,0.23300970873786414,0.49010173219686554,0.525609756097561,0.0,0.5,0.3333333333333333
Eluru,Andhra Pradesh,0.11111111111111427,0.26852678571428573,0.0,0.0,0.0,0.0,0.0,0.0,0.0,0.5,0.6666666666666667,0.2976710770520265,0.30126867968402693,0.5933609958506225,0.5,0.3333333333333333,0.9263157894736843,0.09499136442141623,0.10116731517509725,0.88,0.9999999999999998,0.0702127659574468,0.2441860465116279,0.375,1.0,1.0,0.0,0.03062787136294028,0.0,0.8445078459343796,0.7886435331230284,0.25,0.6666666666666666,0.1494252873563218,0.3280423280423281,0.14942528735632185,0.0,0.0,0.27999999999999997,0.14022988505747125,0.7435897435897435,0.992633517495396,0.5833333333333333,0.25,0.6666666666666666,0.5,0.4033095392602206,0.25757575757575757,0.25757575757575757,0.5545454545454546,0.3170731707317074,0.75,0.25,0.75,0.30889092575618704,0.3083969465648855,0.310091743119266,0.30929095354523223,0.30889092575618704,0.30929095354523223,0.5,0.5,0.0,0.007117437722419934,0.17241379310344826,0.5636168691922802,1.0,1.0,1.0,0.010089503661513424,0.2593548387096774,0.7137096774193549,0.23300970873786414,0.49010173219686554,0.525609756097561,0.0,0.5,0.3333333333333333
Eluru,Andhra Pradesh,0.22222222222220012,0.4440369897959183,1.0,1.0,0.5909090909090909,0.26760563380281693,0.4810126582278481,1.0,0.0,0.5,0.6666666666666667,0.4571933185655271,0.45699825599288724,0.5684647302904566,1.0,0.6666666666666666,0.9263157894736843,0.09499136442141623,0.10116731517509725,0.88,0.9999999999999998,0.0702127659574468,0.2441860465116279,0.375,1.0,1.0,0.0,0.03062787136294028,0.0,0.8445078459343796,0.7886435331230284,0.25,0.6666666666666666,0.1494252873563218,0.3280423280423281,0.14942528735632185,0.0,0.0,0.27999999999999997,0.14022988505747125,0.7435897435897435,0.992633517495396,0.5833333333333333,0.25,0.6666666666666666,0.5,0.4033095392602206,0.25757575757575757,0.25757575757575757,0.5545454545454546,0.3170731707317074,0.75,0.25,0.75,0.30889092575618704,0.3083969465648855,0.310091743119266,0.30929095354523223,0.30889092575618704,0.30929095354523223,0.5,0.5,0.0,0.007117437722419934,0.17241379310344826,0.5636168691922802,1.0,1.0,1.0,0.010089503661513424,0.2593548387096774,0.7137096774193549,0.23300970873786414,0.49010173219686554,0.525609756097561,0.0,0.5,0.3333333333333333
Eluru,Andhra Pradesh,0.3333333333333144,0.1415178571428571,0.0,0.0,0.0,0.0,0.0,0.0,0.0,0.5,0.6666666666666667,0.1313536490450817,0.13688746024689671,0.6265560165975104,0.25,0.0,0.9263157894736843,0.09499136442141623,0.10116731517509725,0.88,0.9999999999999998,0.0702127659574468,0.2441860465116279,0.375,1.0,1.0,0.0,0.03062787136294028,0.0,0.8445078459343796,0.7886435331230284,0.25,0.6666666666666666,0.1494252873563218,0.3280423280423281,0.14942528735632185,0.0,0.0,0.27999999999999997,0.14022988505747125,0.7435897435897435,0.992633517495396,0.5833333333333333,0.25,0.6666666666666666,0.5,0.4033095392602206,0.25757575757575757,0.25757575757575757,0.5545454545454546,0.3170731707317074,0.75,0.25,0.75,0.30889092575618704,0.3083969465648855,0.310091743119266,0.30929095354523223,0.30889092575618704,0.30929095354523223,0.5,0.5,0.0,0.007117437722419934,0.17241379310344826,0.5636168691922802,1.0,1.0,1.0,0.010089503661513424,0.2593548387096774,0.7137096774193549,0.23300970873786414,0.49010173219686554,0.525609756097561,0.0,0.5,0.3333333333333333
Eluru,Andhra Pradesh,0.44444444444442865,0.3514030612244897,1.0,1.0,0.4545454545454546,0.8591549295774648,0.4810126582278481,1.0,0.0,0.0,0.6666666666666667,0.38008142249895227,0.3754060800875423,0.5228215767634858,0.75,0.6666666666666666,0.9263157894736843,0.09499136442141623,0.10116731517509725,0.88,0.9999999999999998,0.0702127659574468,0.2441860465116279,0.375,1.0,1.0,0.0,0.03062787136294028,0.0,0.8445078459343796,0.7886435331230284,0.25,0.6666666666666666,0.1494252873563218,0.3280423280423281,0.14942528735632185,0.0,0.0,0.27999999999999997,0.14022988505747125,0.7435897435897435,0.992633517495396,0.5833333333333333,0.25,0.6666666666666666,0.5,0.4033095392602206,0.25757575757575757,0.25757575757575757,0.5545454545454546,0.3170731707317074,0.75,0.25,0.75,0.30889092575618704,0.3083969465648855,0.310091743119266,0.30929095354523223,0.30889092575618704,0.30929095354523223,0.5,0.5,0.0,0.007117437722419934,0.17241379310344826,0.5636168691922802,1.0,1.0,1.0,0.010089503661513424,0.2593548387096774,0.7137096774193549,0.23300970873786414,0.49010173219686554,0.525609756097561,0.0,0.5,0.3333333333333333
Eluru,Andhra Pradesh,0.5555555555555429,0.6660714285714286,1.0,1.0,0.5681818181818182,0.7887323943661972,0.4050632911392405,1.0,1.0,1.0,0.6666666666666667,0.6089325270909417,0.6073248298738159,0.5684647302904566,1.0,1.0,0.9263157894736843,0.09499136442141623,0.10116731517509725,0.88,0.9999999999999998,0.0702127659574468,0.2441860465116279,0.375,1.0,1.0,0.0,0.03062787136294028,0.0,0.8445078459343796,0.7886435331230284,0.25,0.6666666666666666,0.1494252873563218,0.3280423280423281,0.14942528735632185,0.0,0.0,0.27999999999999997,0.14022988505747125,0.7435897435897435,0.992633517495396,0.5833333333333333,0.25,0.6666666666666666,0.5,0.4033095392602206,0.25757575757575757,0.25757575757575757,0.5545454545454546,0.3170731707317074,0.75,0.25,0.75,0.30889092575618704,0.3083969465648855,0.310091743119266,0.30929095354523223,0.30889092575618704,0.30929095354523223,0.5,0.5,0.0,0.007117437722419934,0.17241379310344826,0.5636168691922802,1.0,1.0,1.0,0.010089503661513424,0.2593548387096774,0.7137096774193549,0.23300970873786414,0.49010173219686554,0.525609756097561,0.0,0.5,0.3333333333333333
Eluru,Andhra Pradesh,0.6666666666666572,0.3102678571428571,0.0,0.0,0.0,0.0,0.0,0.0,0.0,0.5,0.6666666666666667,0.21163862779141474,0.22384844236227475,0.7136929460580914,0.5,0.0,0.9263157894736843,0.09499136442141623,0.10116731517509725,0.88,0.9999999999999998,0.0702127659574468,0.2441860465116279,0.375,1.0,1.0,0.0,0.03062787136294028,0.0,0.8445078459343796,0.7886435331230284,0.25,0.6666666666666666,0.1494252873563218,0.3280423280423281,0.14942528735632185,0.0,0.0,0.27999999999999997,0.14022988505747125,0.7435897435897435,0.992633517495396,0.5833333333333333,0.25,0.6666666666666666,0.5,0.4033095392602206,0.25757575757575757,0.25757575757575757,0.5545454545454546,0.3170731707317074,0.75,0.25,0.75,0.30889092575618704,0.3083969465648855,0.310091743119266,0.30929095354523223,0.30889092575618704,0.30929095354523223,0.5,0.5,0.0,0.007117437722419934,0.17241379310344826,0.5636168691922802,1.0,1.0,1.0,0.010089503661513424,0.2593548387096774,0.7137096774193549,0.23300970873786414,0.49010173219686554,0.525609756097561,0.0,0.5,0.3333333333333333
Eluru,Andhra Pradesh,0.7777777777777715,0.02678571428571428,0.0,0.0,0.0,0.0,0.0,0.0,0.0,0.5,0.6666666666666667,0.07268155421181824,0.08183154943063298,0.7551867219917012,0.0,0.0,0.9263157894736843,0.09499136442141623,0.10116731517509725,0.88,0.9999999999999998,0.0702127659574468,0.2441860465116279,0.375,1.0,1.0,0.0,0.03062787136294028,0.0,0.8445078459343796,0.7886435331230284,0.25,0.6666666666666666,0.1494252873563218,0.3280423280423281,0.14942528735632185,0.0,0.0,0.27999999999999997,0.14022988505747125,0.7435897435897435,0.992633517495396,0.5833333333333333,0.25,0.6666666666666666,0.5,0.4033095392602206,0.25757575757575757,0.25757575757575757,0.5545454545454546,0.3170731707317074,0.75,0.25,0.75,0.30889092575618704,0.3083969465648855,0.310091743119266,0.30929095354523223,0.30889092575618704,0.30929095354523223,0.5,0.5,0.0,0.007117437722419934,0.17241379310344826,0.5636168691922802,1.0,1.0,1.0,0.010089503661513424,0.2593548387096774,0.7137096774193549,0.23300970873786414,0.49010173219686554,0.525609756097561,0.0,0.5,0.3333333333333333
Eluru,Andhra Pradesh,0.8888888888888857,0.43730867346938773,1.0,1.0,0.4772727272727273,0.5070422535211268,0.22784810126582278,1.0,0.0,0.0,0.6666666666666667,0.4204334550679518,0.4383271210204151,0.705394190871369,0.75,0.6666666666666666,0.9263157894736843,0.09499136442141623,0.10116731517509725,0.88,0.9999999999999998,0.0702127659574468,0.2441860465116279,0.375,1.0,1.0,0.0,0.03062787136294028,0.0,0.8445078459343796,0.7886435331230284,0.25,0.6666666666666666,0.1494252873563218,0.3280423280423281,0.14942528735632185,0.0,0.0,0.27999999999999997,0.14022988505747125,0.7435897435897435,0.992633517495396,0.5833333333333333,0.25,0.6666666666666666,0.5,0.4033095392602206,0.25757575757575757,0.25757575757575757,0.5545454545454546,0.3170731707317074,0.75,0.25,0.75,0.30889092575618704,0.3083969465648855,0.310091743119266,0.30929095354523223,0.30889092575618704,0.30929095354523223,0.5,0.5,0.0,0.007117437722419934,0.17241379310344826,0.5636168691922802,1.0,1.0,1.0,0.010089503661513424,0.2593548387096774,0.7137096774193549,0.23300970873786414,0.49010173219686554,0.525609756097561,0.0,0.5,0.3333333333333333
Eluru,Andhra Pradesh,1.0,0.2662627551020408,0.0,0.0,0.0,0.0,0.0,0.0,0.0,0.5,0.6666666666666667,0.2933305394240555,0.2984987860342646,0.6099585062240664,0.5,0.3333333333333333,0.9263157894736843,0.09499136442141623,0.10116731517509725,0.88,0.9999999999999998,0.0702127659574468,0.2441860465116279,0.375,1.0,1.0,0.0,0.03062787136294028,0.0,0.8445078459343796,0.7886435331230284,0.25,0.6666666666666666,0.1494252873563218,0.3280423280423281,0.14942528735632185,0.0,0.0,0.27999999999999997,0.14022988505747125,0.7435897435897435,0.992633517495396,0.5833333333333333,0.25,0.6666666666666666,0.5,0.4033095392602206,0.25757575757575757,0.25757575757575757,0.5545454545454546,0.3170731707317074,0.75,0.25,0.75,0.30889092575618704,0.3083969465648855,0.310091743119266,0.30929095354523223,0.30889092575618704,0.30929095354523223,0.5,0.5,0.0,0.007117437722419934,0.17241379310344826,0.5636168691922802,1.0,1.0,1.0,0.010089503661513424,0.2593548387096774,0.7137096774193549,0.23300970873786414,0.49010173219686554,0.525609756097561,0.0,0.5,0.3333333333333333
Konaseema,Andhra Pradesh,0.0,0.35082908163265303,0.0,0.0,0.0,0.0,0.0,0.0,0.0,0.5,0.6666666666666667,0.3515236783811291,0.351810689737715,0.5643153526970957,0.5,0.0,0.7609022556390977,0.2055267702936096,0.357976653696498,0.6000000000000001,0.9642857142857142,0.027659574468085105,0.6395348837209301,0.125,1.0,1.0,0.0,0.0,0.0,0.18830242510699005,0.9999999999999999,0.0,1.0,0.16091954022988503,0.9576719576719577,0.16091954022988506,0.3333333333333333,0.0,0.33575757575757575,0.3022988505747126,0.6193293885601577,0.44198895027624313,0.3333333333333333,0.25,0.6666666666666666,0.5,0.0,0.9242424242424242,0.9242424242424242,0.6454545454545455,0.36585365853658525,0.0,1.0,0.0,0.0,0.0,0.0,0.0,0.0,0.0,1.0,0.0,1.0,0.8220640569395018,0.9655172413793103,0.7444603288062902,0.0,0.6666666666666666,1.0,0.016219148359099538,0.9122580645161289,0.217741935483871,0.121898597626753,0.8031344514709922,0.8073170731707316,0.2421524663677131,0.75,0.6666666666666666
Konaseema,Andhra Pradesh,0.11111111111111427,0.6186862244897959,1.0,1.0,0.7045454545454546,0.014084507042253521,0.6708860759493671,1.0,0.0,0.5,0.6666666666666667,0.6242591151290187,0.6296891563793046,0.6058091286307055,1.0,0.6666666666666666,0.7609022556390977,0.2055267702936096,0.357976653696498,0.6000000000000001,0.9642857142857142,0.027659574468085105,0.6395348837209301,0.125,1.0,1.0,0.0,0.0,0.0,0.18830242510699005,0.9999999999999999,0.0,1.0,0.16091954022988503,0.9576719576719577,0.16091954022988506,0.3333333333333333,0.0,0.33575757575757575,0.3022988505747126,0.6193293885601577,0.44198895027624313,0.3333333333333333,0.25,0.6666666666666666,0.5,0.0,0.9242424242424242,0.9242424242424242,0.6454545454545455,0.36585365853658525,0.0,1.0,0.0,0.0,0.0,0.0,0.0,0.0,0.0,1.0,0.0,1.0,0.8220640569395018,0.9655172413793103,0.7444603288062902,0.0,0.6666666666666666,1.0,0.016219148359099538,0.9122580645161289,0.217741935483871,0.121898597626753,0.8031344514709922,0.8073170731707316,0.2421524663677131,0.75,0.6666666666666666
Konaseema,Andhra Pradesh,0.22222222222220012,0.25095663265306123,0.0,0.0,0.0,0.0,0.0,0.0,0.0,0.5,0.6666666666666667,0.16760462192420522,0.16017508463563931,0.39834024896265596,0.25,0.0,0.7609022556390977,0.2055267702936096,0.357976653696498,0.6000000000000001,0.9642857142857142,0.027659574468085105,0.6395348837209301,0.125,1.0,1.0,0.0,0.0,0.0,0.18830242510699005,0.9999999999999999,0.0,1.0,0.16091954022988503,0.9576719576719577,0.16091954022988506,0.3333333333333333,0.0,0.33575757575757575,0.3022988505747126,0.6193293885601577,0.44198895027624313,0.3333333333333333,0.25,0.6666666666666666,0.5,0.0,0.9242424242424242,0.9242424242424242,0.6454545454545455,0.36585365853658525,0.0,1.0,0.0,0.0,0.0,0.0,0.0,0.0,0.0,1.0,0.0,1.0,0.8220640569395018,0.9655172413793103,0.7444603288062902,0.0,0.6666666666666666,1.0,0.016219148359099538,0.9122580645161289,0.217741935483871,0.121898597626753,0.8031344514709922,0.8073170731707316,0.2421524663677131,0.75,0.6666666666666666
Konaseema,Andhra Pradesh,0.3333333333333144,0.4057397959183673,1.0,1.0,0.2727272727272727,0.22535211267605634,0.8987341772151899,1.0,0.0,0.0,0.3333333333333333,0.48338621804466264,0.4896214478678658,0.6141078838174279,0.75,0.6666666666666666,0.7609022556390977,0.2055267702936096,0.357976653696498,0.6000000000000001,0.9642857142857142,0.027659574468085105,0.6395348837209301,0.125,1.0,1.0,0.0,0.0,0.0,0.18830242510699005,0.9999999999999999,0.0,1.0,0.16091954022988503,0.9576719576719577,0.16091954022988506,0.3333333333333333,0.0,0.33575757575757575,0.3022988505747126,0.6193293885601577,0.44198895027624313,0.3333333333333333,0.25,0.6666666666666666,0.5,0.0,0.9242424242424242,0.9242424242424242,0.6454545454545455,0.36585365853658525,0.0,1.0,0.0,0.0,0.0,0.0,0.0,0.0,0.0,1.0,0.0,1.0,0.8220640569395018,0.9655172413793103,0.7444603288062902,0.0,0.6666666666666666,1.0,0.016219148359099538,0.9122580645161289,0.217741935483871,0.121898597626753,0.8031344514709922,0.8073170731707316,0.2421524663677131,0.75,0.6666666666666666
Konaseema,Andhra Pradesh,0.44444444444442865,0.7091198979591837,1.0,1.0,0.18181818181818182,0.5070422535211268,0.08860759493670886,1.0,1.0,1.0,0.3333333333333333,0.8178470933365264,0.8151352460417878,0.5684647302904566,1.0,1.0,0.7609022556390977,0.2055267702936096,0.357976653696498,0.6000000000000001,0.9642857142857142,0.027659574468085105,0.6395348837209301,0.125,1.0,1.0,0.0,0.0,0.0,0.18830242510699005,0.9999999999999999,0.0,1.0,0.16091954022988503,0.9576719576719577,0.16091954022988506,0.3333333333333333,0.0,0.33575757575757575,0.3022988505747126,0.6193293885601577,0.44198895027624313,0.3333333333333333,0.25,0.6666666666666666,0.5,0.0,0.9242424242424242,0.9242424242424242,0.6454545454545455,0.36585365853658525,0.0,1.0,0.0,0.0,0.0,0.0,0.0,0.0,0.0,1.0,0.0,1.0,0.8220640569395018,0.9655172413793103,0.7444603288062902,0.0,0.6666666666666666,1.0,0.016219148359099538,0.9122580645161289,0.217741935483871,0.121898597626753,0.8031344514709922,0.8073170731707316,0.2421524663677131,0.75,0.6666666666666666
Konaseema,Andhra Pradesh,0.5555555555555429,0.3671237244897959,0.0,0.0,0.0,0.0,0.0,0.0,0.0,0.5,0.6666666666666667,0.30015566065976174,0.30667168211195844,0.6224066390041494,0.5,0.0,0.7609022556390977,0.2055267702936096,0.357976653696498,0.6000000000000001,0.9642857142857142,0.027659574468085105,0.6395348837209301,0.125,1.0,1.0,0.0,0.0,0.0,0.18830242510699005,0.9999999999999999,0.0,1.0,0.16091954022988503,0.9576719576719577,0.16091954022988506,0.3333333333333333,0.0,0.33575757575757575,0.3022988505747126,0.6193293885601577,0.44198895027624313,0.3333333333333333,0.25,0.6666666666666666,0.5,0.0,0.9242424242424242,0.9242424242424242,0.6454545454545455,0.36585365853658525,0.0,1.0,0.0,0.0,0.0,0.0,0.0,0.0,0.0,1.0,0.0,1.0,0.8220640569395018,0.9655172413793103,0.7444603288062902,0.0,0.6666666666666666,1.0,0.016219148359099538,0.9122580645161289,0.217741935483871,0.121898597626753,0.8031344514709922,0.8073170731707316,0.2421524663677131,0.75,0.6666666666666666
Konaseema,Andhra Pradesh,0.6666666666666572,0.050892857142857136,0.0,0.0,0.0,0.0,0.0,0.0,0.0,0.5,0.6666666666666667,0.055738490091600305,0.06476763669938104,0.7800829875518676,0.0,0.0,0.7609022556390977,0.2055267702936096,0.357976653696498,0.6000000000000001,0.9642857142857142,0.027659574468085105,0.6395348837209301,0.125,1.0,1.0,0.0,0.0,0.0,0.18830242510699005,0.9999999999999999,0.0,1.0,0.16091954022988503,0.9576719576719577,0.16091954022988506,0.3333333333333333,0.0,0.33575757575757575,0.3022988505747126,0.6193293885601577,0.44198895027624313,0.3333333333333333,0.25,0.6666666666666666,0.5,0.0,0.9242424242424242,0.9242424242424242,0.6454545454545455,0.36585365853658525,0.0,1.0,0.0,0.0,0.0,0.0,0.0,0.0,0.0,1.0,0.0,1.0,0.8220640569395018,0.9655172413793103,0.7444603288062902,0.0,0.6666666666666666,1.0,0.016219148359099538,0.9122580645161289,0.217741935483871,0.121898597626753,0.8031344514709922,0.8073170731707316,0.2421524663677131,0.75,0.6666666666666666
Konaseema,Andhra Pradesh,0.7777777777777715,0.5566964285714286,1.0,1.0,0.6136363636363636,0.8873239436619719,0.20253164556962025,1.0,0.0,0.0,0.6666666666666667,0.5305334371071064,0.5392401600382999,0.6265560165975104,0.75,0.6666666666666666,0.7609022556390977,0.2055267702936096,0.357976653696498,0.6000000000000001,0.9642857142857142,0.027659574468085105,0.6395348837209301,0.125,1.0,1.0,0.0,0.0,0.0,0.18830242510699005,0.9999999999999999,0.0,1.0,0.16091954022988503,0.9576719576719577,0.16091954022988506,0.3333333333333333,0.0,0.33575757575757575,0.3022988505747126,0.6193293885601577,0.44198895027624313,0.3333333333333333,0.25,0.6666666666666666,0.5,0.0,0.9242424242424242,0.9242424242424242,0.6454545454545455,0.36585365853658525,0.0,1.0,0.0,0.0,0.0,0.0,0.0,0.0,0.0,1.0,0.0,1.0,0.8220640569395018,0.9655172413793103,0.7444603288062902,0.0,0.6666666666666666,1.0,0.016219148359099538,0.9122580645161289,0.217741935483871,0.121898597626753,0.8031344514709922,0.8073170731707316,0.2421524663677131,0.75,0.6666666666666666
Konaseema,Andhra Pradesh,0.8888888888888857,0.3334502551020408,0.0,0.0,0.0,0.0,0.0,0.0,0.0,0.5,0.6666666666666667,0.3858288930132311,0.39459015832848887,0.6390041493775933,0.5,0.3333333333333333,0.7609022556390977,0.2055267702936096,0.357976653696498,0.6000000000000001,0.9642857142857142,0.027659574468085105,0.6395348837209301,0.125,1.0,1.0,0.0,0.0,0.0,0.18830242510699005,0.9999999999999999,0.0,1.0,0.16091954022988503,0.9576719576719577,0.16091954022988506,0.3333333333333333,0.0,0.33575757575757575,0.3022988505747126,0.6193293885601577,0.44198895027624313,0.3333333333333333,0.25,0.6666666666666666,0.5,0.0,0.9242424242424242,0.9242424242424242,0.6454545454545455,0.36585365853658525,0.0,1.0,0.0,0.0,0.0,0.0,0.0,0.0,0.0,1.0,0.0,1.0,0.8220640569395018,0.9655172413793103,0.7444603288062902,0.0,0.6666666666666666,1.0,0.016219148359099538,0.9122580645161289,0.217741935483871,0.121898597626753,0.8031344514709922,0.8073170731707316,0.2421524663677131,0.75,0.6666666666666666
Konaseema,Andhra Pradesh,1.0,0.6001594387755103,1.0,1.0,0.6590909090909091,0.18309859154929578,0.569620253164557,0.0,0.0,0.5,0.6666666666666667,0.5375681015386456,0.5390007865130118,0.5809128630705391,0.75,0.6666666666666666,0.7609022556390977,0.2055267702936096,0.357976653696498,0.6000000000000001,0.9642857142857142,0.027659574468085105,0.6395348837209301,0.125,1.0,1.0,0.0,0.0,0.0,0.18830242510699005,0.9999999999999999,0.0,1.0,0.16091954022988503,0.9576719576719577,0.16091954022988506,0.3333333333333333,0.0,0.33575757575757575,0.3022988505747126,0.6193293885601577,0.44198895027624313,0.3333333333333333,0.25,0.6666666666666666,0.5,0.0,0.9242424242424242,0.9242424242424242,0.6454545454545455,0.36585365853658525,0.0,1.0,0.0,0.0,0.0,0.0,0.0,0.0,0.0,1.0,0.0,1.0,0.8220640569395018,0.9655172413793103,0.7444603288062902,0.0,0.6666666666666666,1.0,0.016219148359099538,0.9122580645161289,0.217741935483871,0.121898597626753,0.8031344514709922,0.8073170731707316,0.2421524663677131,0.75,0.6666666666666666
Parvathipuram Manyam,Andhra Pradesh,0.0,0.6956951530612245,1.0,1.0,0.11363636363636365,0.6619718309859155,0.3037974683544304,1.0,0.0,0.5,0.0,0.47961444051966706,0.46414526553363195,0.46473029045643166,0.75,0.6666666666666666,0.09473684210526315,0.8100172711571674,0.17509727626459137,0.4,0.357142857142857,0.9680851063829787,0.16279069767441862,1.0,0.3333333333333333,0.0,0.6666666666666666,0.8805513016845329,0.8411214953271028,0.3651925820256776,0.0,1.0,0.0,0.03735632183908046,0.13227513227513227,0.038314176245210725,0.0,0.0,0.03393939393939393,0.9011494252873562,0.7140039447731754,0.8987108655616942,1.0,0.0,1.0,0.25,0.8036988968202466,0.03030303030303033,0.03030303030303033,0.18181818181818185,0.6097560975609755,1.0,0.0,1.0,0.916590284142988,0.9160305343511449,0.9174311926605506,0.9168704156479219,0.916590284142988,0.9168704156479219,0.0,1.0,0.0,0.11032028469750889,0.15517241379310345,0.22980700500357396,0.6666666666666666,0.6666666666666666,0.0,0.0231624627068077,0.9187096774193548,0.9999999999999999,0.31823085221143477,0.20153973054715418,0.19268292682926827,0.0,0.25,0.0
Parvathipuram Manyam,Andhra Pradesh,0.11111111111111427,0.26578443877551017,0.0,0.0,0.0,0.0,0.0,0.0,0.0,0.5,0.6666666666666667,0.17631563192240915,0.1735116096159765,0.48547717842323657,0.25,0.0,0.09473684210526315,0.8100172711571674,0.17509727626459137,0.4,0.357142857142857,0.9680851063829787,0.16279069767441862,1.0,0.3333333333333333,0.0,0.6666666666666666,0.8805513016845329,0.8411214953271028,0.3651925820256776,0.0,1.0,0.0,0.03735632183908046,0.13227513227513227,0.038314176245210725,0.0,0.0,0.03393939393939393,0.9011494252873562,0.7140039447731754,0.8987108655616942,1.0,0.0,1.0,0.25,0.8036988968202466,0.03030303030303033,0.03030303030303033,0.18181818181818185,0.6097560975609755,1.0,0.0,1.0,0.916590284142988,0.9160305343511449,0.9174311926605506,0.9168704156479219,0.916590284142988,0.9168704156479219,0.0,1.0,0.0,0.11032028469750889,0.15517241379310345,0.22980700500357396,0.6666666666666666,0.6666666666666666,0.0,0.0231624627068077,0.9187096774193548,0.9999999999999999,0.31823085221143477,0.20153973054715418,0.19268292682926827,0.0,0.25,0.0
Parvathipuram Manyam,Andhra Pradesh,0.22222222222220012,0.5255739795918367,1.0,1.0,0.11363636363636365,0.4647887323943662,0.810126582278481,1.0,0.0,0.0,0.0,0.5405615757648327,0.544848339773621,0.601659751037344,0.75,0.6666666666666666,0.09473684210526315,0.8100172711571674,0.17509727626459137,0.4,0.357142857142857,0.9680851063829787,0.16279069767441862,1.0,0.3333333333333333,0.0,0.6666666666666666,0.8805513016845329,0.8411214953271028,0.3651925820256776,0.0,1.0,0.0,0.03735632183908046,0.13227513227513227,0.038314176245210725,0.0,0.0,0.03393939393939393,0.9011494252873562,0.7140039447731754,0.8987108655616942,1.0,0.0,1.0,0.25,0.8036988968202466,0.03030303030303033,0.03030303030303033,0.18181818181818185,0.6097560975609755,1.0,0.0,1.0,0.916590284142988,0.9160305343511449,0.9174311926605506,0.9168704156479219,0.916590284142988,0.9168704156479219,0.0,1.0,0.0,0.11032028469750889,0.15517241379310345,0.22980700500357396,0.6666666666666666,0.6666666666666666,0.0,0.0231624627068077,0.9187096774193548,0.9999999999999999,0.31823085221143477,0.20153973054715418,0.19268292682926827,0.0,0.25,0.0
Parvathipuram Manyam,Andhra Pradesh,0.3333333333333144,0.9939413265306123,1.0,1.0,0.25,0.36619718309859156,0.7848101265822784,1.0,1.0,1.0,0.3333333333333333,0.8694545889959886,0.8672502821187977,0.5726141078838176,1.0,1.0,0.09473684210526315,0.8100172711571674,0.17509727626459137,0.4,0.357142857142857,0.9680851063829787,0.16279069767441862,1.0,0.3333333333333333,0.0,0.6666666666666666,0.8805513016845329,0.8411214953271028,0.3651925820256776,0.0,1.0,0.0,0.03735632183908046,0.13227513227513227,0.038314176245210725,0.0,0.0,0.03393939393939393,0.9011494252873562,0.7140039447731754,0.8987108655616942,1.0,0.0,1.0,0.25,0.8036988968202466,0.03030303030303033,0.03030303030303033,0.18181818181818185,0.6097560975609755,1.0,0.0,1.0,0.916590284142988,0.9160305343511449,0.9174311926605506,0.9168704156479219,0.916590284142988,0.9168704156479219,0.0,1.0,0.0,0.11032028469750889,0.15517241379310345,0.22980700500357396,0.6666666666666666,0.6666666666666666,0.0,0.0231624627068077,0.9187096774193548,0.9999999999999999,0.31823085221143477,0.20153973054715418,0.19268292682926827,0.0,0.25,0.0
Parvathipuram Manyam,Andhra Pradesh,0.44444444444442865,0.40369897959183665,0.0,0.0,0.0,0.0,0.0,0.0,0.0,0.5,0.6666666666666667,0.32700712446865826,0.334165441302192,0.6307053941908713,0.5,0.0,0.09473684210526315,0.8100172711571674,0.17509727626459137,0.4,0.357142857142857,0.9680851063829787,0.16279069767441862,1.0,0.3333333333333333,0.0,0.6666666666666666,0.8805513016845329,0.8411214953271028,0.3651925820256776,0.0,1.0,0.0,0.03735632183908046,0.13227513227513227,0.038314176245210725,0.0,0.0,0.03393939393939393,0.9011494252873562,0.7140039447731754,0.8987108655616942,1.0,0.0,1.0,0.25,0.8036988968202466,0.03030303030303033,0.03030303030303033,0.18181818181818185,0.6097560975609755,1.0,0.0,1.0,0.916590284142988,0.9160305343511449,0.9174311926605506,0.9168704156479219,0.916590284142988,0.9168704156479219,0.0,1.0,0.0,0.11032028469750889,0.15517241379310345,0.22980700500357396,0.6666666666666666,0.6666666666666666,0.0,0.0231624627068077,0.9187096774193548,0.9999999999999999,0.31823085221143477,0.20153973054715418,0.19268292682926827,0.0,0.25,0.0
Parvathipuram Manyam,Andhra Pradesh,0.5555555555555429,0.11552933673469387,0.0,0.0,0.0,0.0,0.0,0.0,0.0,0.5,0.6666666666666667,0.14811710471172843,0.14625722395103102,0.48547717842323657,0.0,0.0,0.09473684210526315,0.8100172711571674,0.17509727626459137,0.4,0.357142857142857,0.9680851063829787,0.16279069767441862,1.0,0.3333333333333333,0.0,0.6666666666666666,0.8805513016845329,0.8411214953271028,0.3651925820256776,0.0,1.0,0.0,0.03735632183908046,0.13227513227513227,0.038314176245210725,0.0,0.0,0.03393939393939393,0.9011494252873562,0.7140039447731754,0.8987108655616942,1.0,0.0,1.0,0.25,0.8036988968202466,0.03030303030303033,0.03030303030303033,0.18181818181818185,0.6097560975609755,1.0,0.0,1.0,0.916590284142988,0.9160305343511449,0.9174311926605506,0.9168704156479219,0.916590284142988,0.9168704156479219,0.0,1.0,0.0,0.11032028469750889,0.15517241379310345,0.22980700500357396,0.6666666666666666,0.6666666666666666,0.0,0.0231624627068077,0.9187096774193548,0.9999999999999999,0.31823085221143477,0.20153973054715418,0.19268292682926827,0.0,0.25,0.0
Parvathipuram Manyam,Andhra Pradesh,0.6666666666666572,0.467219387755102,1.0,1.0,0.9318181818181819,0.014084507042253521,0.25316455696202533,0.0,0.0,0.0,1.0,0.47302879722205593,0.46349553739356425,0.5020746887966809,0.75,0.6666666666666666,0.09473684210526315,0.8100172711571674,0.17509727626459137,0.4,0.357142857142857,0.9680851063829787,0.16279069767441862,1.0,0.3333333333333333,0.0,0.6666666666666666,0.8805513016845329,0.8411214953271028,0.3651925820256776,0.0,1.0,0.0,0.03735632183908046,0.13227513227513227,0.038314176245210725,0.0,0.0,0.03393939393939393,0.9011494252873562,0.7140039447731754,0.8987108655616942,1.0,0.0,1.0,0.25,0.8036988968202466,0.03030303030303033,0.03030303030303033,0.18181818181818185,0.6097560975609755,1.0,0.0,1.0,0.916590284142988,0.9160305343511449,0.9174311926605506,0.9168704156479219,0.916590284142988,0.9168704156479219,0.0,1.0,0.0,0.11032028469750889,0.15517241379310345,0.22980700500357396,0.6666666666666666,0.6666666666666666,0.0,0.0231624627068077,0.9187096774193548,0.9999999999999999,0.31823085221143477,0.20153973054715418,0.19268292682926827,0.0,0.25,0.0
Parvathipuram Manyam,Andhra Pradesh,0.7777777777777715,0.3859056122448979,0.0,0.0,0.0,0.0,0.0,0.0,0.0,0.5,0.6666666666666667,0.3109321678740346,0.3044831241664672,0.489626556016598,0.5,0.0,0.09473684210526315,0.8100172711571674,0.17509727626459137,0.4,0.357142857142857,0.9680851063829787,0.16279069767441862,1.0,0.3333333333333333,0.0,0.6666666666666666,0.8805513016845329,0.8411214953271028,0.3651925820256776,0.0,1.0,0.0,0.03735632183908046,0.13227513227513227,0.038314176245210725,0.0,0.0,0.03393939393939393,0.9011494252873562,0.7140039447731754,0.8987108655616942,1.0,0.0,1.0,0.25,0.8036988968202466,0.03030303030303033,0.03030303030303033,0.18181818181818185,0.6097560975609755,1.0,0.0,1.0,0.916590284142988,0.9160305343511449,0.9174311926605506,0.9168704156479219,0.916590284142988,0.9168704156479219,0.0,1.0,0.0,0.11032028469750889,0.15517241379310345,0.22980700500357396,0.6666666666666666,0.6666666666666666,0.0,0.0231624627068077,0.9187096774193548,0.9999999999999999,0.31823085221143477,0.20153973054715418,0.19268292682926827,0.0,0.25,0.0
Parvathipuram Manyam,Andhra Pradesh,0.8888888888888857,0.6692602040816327,1.0,1.0,0.7045454545454546,0.07042253521126761,0.02531645569620253,1.0,0.0,0.5,0.6666666666666667,0.49236664072322334,0.49563998221796673,0.5933609958506225,0.75,0.6666666666666666,0.09473684210526315,0.8100172711571674,0.17509727626459137,0.4,0.357142857142857,0.9680851063829787,0.16279069767441862,1.0,0.3333333333333333,0.0,0.6666666666666666,0.8805513016845329,0.8411214953271028,0.3651925820256776,0.0,1.0,0.0,0.03735632183908046,0.13227513227513227,0.038314176245210725,0.0,0.0,0.03393939393939393,0.9011494252873562,0.7140039447731754,0.8987108655616942,1.0,0.0,1.0,0.25,0.8036988968202466,0.03030303030303033,0.03030303030303033,0.18181818181818185,0.6097560975609755,1.0,0.0,1.0,0.916590284142988,0.9160305343511449,0.9174311926605506,0.9168704156479219,0.916590284142988,0.9168704156479219,0.0,1.0,0.0,0.11032028469750889,0.15517241379310345,0.22980700500357396,0.6666666666666666,0.6666666666666666,0.0,0.0231624627068077,0.9187096774193548,0.9999999999999999,0.31823085221143477,0.20153973054715418,0.19268292682926827,0.0,0.25,0.0
Parvathipuram Manyam,Andhra Pradesh,1.0,0.24882015306122446,0.0,0.0,0.0,0.0,0.0,0.0,0.0,0.5,0.6666666666666667,0.17655510986050407,0.18294976575590738,0.6348547717842328,0.25,0.0,0.09473684210526315,0.8100172711571674,0.17509727626459137,0.4,0.357142857142857,0.9680851063829787,0.16279069767441862,1.0,0.3333333333333333,0.0,0.6666666666666666,0.8805513016845329,0.8411214953271028,0.3651925820256776,0.0,1.0,0.0,0.03735632183908046,0.13227513227513227,0.038314176245210725,0.0,0.0,0.03393939393939393,0.9011494252873562,0.7140039447731754,0.8987108655616942,1.0,0.0,1.0,0.25,0.8036988968202466,0.03030303030303033,0.03030303030303033,0.18181818181818185,0.6097560975609755,1.0,0.0,1.0,0.916590284142988,0.9160305343511449,0.9174311926605506,0.9168704156479219,0.916590284142988,0.9168704156479219,0.0,1.0,0.0,0.11032028469750889,0.15517241379310345,0.22980700500357396,0.6666666666666666,0.6666666666666666,0.0,0.0231624627068077,0.9187096774193548,0.9999999999999999,0.31823085221143477,0.20153973054715418,0.19268292682926827,0.0,0.25,0.0
Sri Sathya Sai,Andhra Pradesh,0.0,0.11444515306122449,0.0,0.0,0.0,0.0,0.0,0.0,0.0,0.5,0.6666666666666667,0.062413937615997124,0.054064220497213,0.1659751037344397,0.25,0.0,0.14736842105263154,0.6373056994818651,0.7042801556420233,0.64,0.03571428571428581,0.47446808510638294,1.0,0.625,0.6666666666666666,0.3333333333333333,1.0,0.07044410413476264,0.045171339563862926,0.2196861626248217,0.5141955835962144,0.25,0.6666666666666666,0.17385057471264362,0.10052910052910054,0.17432950191570884,0.3333333333333333,0.0,0.833939393939394,0.554022988505747,0.16765285996055226,0.7937384898710866,0.9583333333333333,0.75,0.0,0.75,0.1327060350421804,0.5909090909090909,0.5909090909090909,0.07272727272727272,0.36585365853658525,0.5,0.5,0.5,0.5105407882676444,0.5099236641221374,0.5119266055045871,0.511002444987775,0.5105407882676444,0.511002444987775,0.5,0.5,0.0,0.003558718861209967,0.05172413793103448,0.5954253037884202,1.0,0.6666666666666666,1.0,0.004827773257390831,0.896774193548387,0.24596774193548387,0.07227615965480043,0.8270552653285674,0.8097560975609756,0.42690582959641266,0.75,0.6666666666666666
Sri Sathya Sai,Andhra Pradesh,0.11111111111111427,0.24269770408163266,1.0,1.0,0.38636363636363635,0.014084507042253521,0.6329113924050633,1.0,0.0,0.0,0.3333333333333333,0.2371130934562653,0.23971548746708615,0.5809128630705391,0.75,0.6666666666666666,0.14736842105263154,0.6373056994818651,0.7042801556420233,0.64,0.03571428571428581,0.47446808510638294,1.0,0.625,0.6666666666666666,0.3333333333333333,1.0,0.07044410413476264,0.045171339563862926,0.2196861626248217,0.5141955835962144,0.25,0.6666666666666666,0.17385057471264362,0.10052910052910054,0.17432950191570884,0.3333333333333333,0.0,0.833939393939394,0.554022988505747,0.16765285996055226,0.7937384898710866,0.9583333333333333,0.75,0.0,0.75,0.1327060350421804,0.5909090909090909,0.5909090909090909,0.07272727272727272,0.36585365853658525,0.5,0.5,0.5,0.5105407882676444,0.5099236641221374,0.5119266055045871,0.511002444987775,0.5105407882676444,0.511002444987775,0.5,0.5,0.0,0.003558718861209967,0.05172413793103448,0.5954253037884202,1.0,0.6666666666666666,1.0,0.004827773257390831,0.896774193548387,0.24596774193548387,0.07227615965480043,0.8270552653285674,0.8097560975609756,0.42690582959641266,0.75,0.6666666666666666
Sri Sathya Sai,Andhra Pradesh,0.22222222222220012,0.3650191326530612,1.0,1.0,0.022727272727272728,0.4507042253521127,0.4177215189873418,1.0,1.0,1.0,0.0,0.4031910435251152,0.40727695516875834,0.5975103734439835,1.0,1.0,0.14736842105263154,0.6373056994818651,0.7042801556420233,0.64,0.03571428571428581,0.47446808510638294,1.0,0.625,0.6666666666666666,0.3333333333333333,1.0,0.07044410413476264,0.045171339563862926,0.2196861626248217,0.5141955835962144,0.25,0.6666666666666666,0.17385057471264362,0.10052910052910054,0.17432950191570884,0.3333333333333333,0.0,0.833939393939394,0.554022988505747,0.16765285996055226,0.7937384898710866,0.9583333333333333,0.75,0.0,0.75,0.1327060350421804,0.5909090909090909,0.5909090909090909,0.07272727272727272,0.36585365853658525,0.5,0.5,0.5,0.5105407882676444,0.5099236641221374,0.5119266055045871,0.511002444987775,0.5105407882676444,0.511002444987775,0.5,0.5,0.0,0.003558718861209967,0.05172413793103448,0.5954253037884202,1.0,0.6666666666666666,1.0,0.004827773257390831,0.896774193548387,0.24596774193548387,0.07227615965480043,0.8270552653285674,0.8097560975609756,0.42690582959641266,0.75,0.6666666666666666
Sri Sathya Sai,Andhra Pradesh,0.3333333333333144,0.15312499999999998,0.0,0.0,0.0,0.0,0.0,0.0,0.0,0.5,0.6666666666666667,0.1423995689397114,0.14287179837909927,0.5269709543568464,0.5,0.0,0.14736842105263154,0.6373056994818651,0.7042801556420233,0.64,0.03571428571428581,0.47446808510638294,1.0,0.625,0.6666666666666666,0.3333333333333333,1.0,0.07044410413476264,0.045171339563862926,0.2196861626248217,0.5141955835962144,0.25,0.6666666666666666,0.17385057471264362,0.10052910052910054,0.17432950191570884,0.3333333333333333,0.0,0.833939393939394,0.554022988505747,0.16765285996055226,0.7937384898710866,0.9583333333333333,0.75,0.0,0.75,0.1327060350421804,0.5909090909090909,0.5909090909090909,0.07272727272727272,0.36585365853658525,0.5,0.5,0.5,0.5105407882676444,0.5099236641221374,0.5119266055045871,0.511002444987775,0.5105407882676444,0.511002444987775,0.5,0.5,0.0,0.003558718861209967,0.05172413793103448,0.5954253037884202,1.0,0.6666666666666666,1.0,0.004827773257390831,0.896774193548387,0.24596774193548387,0.07227615965480043,0.8270552653285674,0.8097560975609756,0.42690582959641266,0.75,0.6666666666666666
Sri Sathya Sai,Andhra Pradesh,0.44444444444442865,0.045089285714285714,0.0,0.0,0.0,0.0,0.0,0.0,0.0,0.5,0.6666666666666667,0.049811411123750225,0.04893478781246795,0.4024896265560165,0.0,0.0,0.14736842105263154,0.6373056994818651,0.7042801556420233,0.64,0.03571428571428581,0.47446808510638294,1.0,0.625,0.6666666666666666,0.3333333333333333,1.0,0.07044410413476264,0.045171339563862926,0.2196861626248217,0.5141955835962144,0.25,0.6666666666666666,0.17385057471264362,0.10052910052910054,0.17432950191570884,0.3333333333333333,0.0,0.833939393939394,0.554022988505747,0.16765285996055226,0.7937384898710866,0.9583333333333333,0.75,0.0,0.75,0.1327060350421804,0.5909090909090909,0.5909090909090909,0.07272727272727272,0.36585365853658525,0.5,0.5,0.5,0.5105407882676444,0.5099236641221374,0.5119266055045871,0.511002444987775,0.5105407882676444,0.511002444987775,0.5,0.5,0.0,0.003558718861209967,0.05172413793103448,0.5954253037884202,1.0,0.6666666666666666,1.0,0.004827773257390831,0.896774193548387,0.24596774193548387,0.07227615965480043,0.8270552653285674,0.8097560975609756,0.42690582959641266,0.75,0.6666666666666666
Sri Sathya Sai,Andhra Pradesh,0.5555555555555429,0.24295280612244896,1.0,1.0,0.06818181818181818,0.7042253521126761,0.13924050632911392,1.0,0.0,0.0,0.0,0.2681554211818236,0.2716547549840988,0.5933609958506225,0.75,0.6666666666666666,0.14736842105263154,0.6373056994818651,0.7042801556420233,0.64,0.03571428571428581,0.47446808510638294,1.0,0.625,0.6666666666666666,0.3333333333333333,1.0,0.07044410413476264,0.045171339563862926,0.2196861626248217,0.5141955835962144,0.25,0.6666666666666666,0.17385057471264362,0.10052910052910054,0.17432950191570884,0.3333333333333333,0.0,0.833939393939394,0.554022988505747,0.16765285996055226,0.7937384898710866,0.9583333333333333,0.75,0.0,0.75,0.1327060350421804,0.5909090909090909,0.5909090909090909,0.07272727272727272,0.36585365853658525,0.5,0.5,0.5,0.5105407882676444,0.5099236641221374,0.5119266055045871,0.511002444987775,0.5105407882676444,0.511002444987775,0.5,0.5,0.0,0.003558718861209967,0.05172413793103448,0.5954253037884202,1.0,0.6666666666666666,1.0,0.004827773257390831,0.896774193548387,0.24596774193548387,0.07227615965480043,0.8270552653285674,0.8097560975609756,0.42690582959641266,0.75,0.6666666666666666
Sri Sathya Sai,Andhra Pradesh,0.6666666666666572,0.17815688775510202,0.0,0.0,0.0,0.0,0.0,0.0,0.0,0.5,0.6666666666666667,0.13799916182721667,0.14711212939848853,0.6970954356846475,0.5,0.0,0.14736842105263154,0.6373056994818651,0.7042801556420233,0.64,0.03571428571428581,0.47446808510638294,1.0,0.625,0.6666666666666666,0.3333333333333333,1.0,0.07044410413476264,0.045171339563862926,0.2196861626248217,0.5141955835962144,0.25,0.6666666666666666,0.17385057471264362,0.10052910052910054,0.17432950191570884,0.3333333333333333,0.0,0.833939393939394,0.554022988505747,0.16765285996055226,0.7937384898710866,0.9583333333333333,0.75,0.0,0.75,0.1327060350421804,0.5909090909090909,0.5909090909090909,0.07272727272727272,0.36585365853658525,0.5,0.5,0.5,0.5105407882676444,0.5099236641221374,0.5119266055045871,0.511002444987775,0.5105407882676444,0.511002444987775,0.5,0.5,0.0,0.003558718861209967,0.05172413793103448,0.5954253037884202,1.0,0.6666666666666666,1.0,0.004827773257390831,0.896774193548387,0.24596774193548387,0.07227615965480043,0.8270552653285674,0.8097560975609756,0.42690582959641266,0.75,0.6666666666666666
Sri Sathya Sai,Andhra Pradesh,0.7777777777777715,0.2404655612244898,1.0,1.0,0.38636363636363635,0.6619718309859155,0.27848101265822783,1.0,0.0,0.5,0.3333333333333333,0.29374962581572167,0.29600246212768866,0.5767634854771786,1.0,0.6666666666666666,0.14736842105263154,0.6373056994818651,0.7042801556420233,0.64,0.03571428571428581,0.47446808510638294,1.0,0.625,0.6666666666666666,0.3333333333333333,1.0,0.07044410413476264,0.045171339563862926,0.2196861626248217,0.5141955835962144,0.25,0.6666666666666666,0.17385057471264362,0.10052910052910054,0.17432950191570884,0.3333333333333333,0.0,0.833939393939394,0.554022988505747,0.16765285996055226,0.7937384898710866,0.9583333333333333,0.75,0.0,0.75,0.1327060350421804,0.5909090909090909,0.5909090909090909,0.07272727272727272,0.36585365853658525,0.5,0.5,0.5,0.5105407882676444,0.5099236641221374,0.5119266055045871,0.511002444987775,0.5105407882676444,0.511002444987775,0.5,0.5,0.0,0.003558718861209967,0.05172413793103448,0.5954253037884202,1.0,0.6666666666666666,1.0,0.004827773257390831,0.896774193548387,0.24596774193548387,0.07227615965480043,0.8270552653285674,0.8097560975609756,0.42690582959641266,0.75,0.6666666666666666
Sri Sathya Sai,Andhra Pradesh,0.8888888888888857,0.09764030612244898,0.0,0.0,0.0,0.0,0.0,0.0,0.0,0.5,0.6666666666666667,0.09749745554690772,0.11028280272201896,0.8215767634854774,0.25,0.0,0.14736842105263154,0.6373056994818651,0.7042801556420233,0.64,0.03571428571428581,0.47446808510638294,1.0,0.625,0.6666666666666666,0.3333333333333333,1.0,0.07044410413476264,0.045171339563862926,0.2196861626248217,0.5141955835962144,0.25,0.6666666666666666,0.17385057471264362,0.10052910052910054,0.17432950191570884,0.3333333333333333,0.0,0.833939393939394,0.554022988505747,0.16765285996055226,0.7937384898710866,0.9583333333333333,0.75,0.0,0.75,0.1327060350421804,0.5909090909090909,0.5909090909090909,0.07272727272727272,0.36585365853658525,0.5,0.5,0.5,0.5105407882676444,0.5099236641221374,0.5119266055045871,0.511002444987775,0.5105407882676444,0.511002444987775,0.5,0.5,0.0,0.003558718861209967,0.05172413793103448,0.5954253037884202,1.0,0.6666666666666666,1.0,0.004827773257390831,0.896774193548387,0.24596774193548387,0.07227615965480043,0.8270552653285674,0.8097560975609756,0.42690582959641266,0.75,0.6666666666666666
Sri Sathya Sai,Andhra Pradesh,1.0,0.23364158163265303,1.0,1.0,0.8863636363636364,0.5352112676056339,0.7974683544303798,0.0,0.0,0.0,1.0,0.21095012871939167,0.2067845296310228,0.4813278008298756,0.75,0.6666666666666666,0.14736842105263154,0.6373056994818651,0.7042801556420233,0.64,0.03571428571428581,0.47446808510638294,1.0,0.625,0.6666666666666666,0.3333333333333333,1.0,0.07044410413476264,0.045171339563862926,0.2196861626248217,0.5141955835962144,0.25,0.6666666666666666,0.17385057471264362,0.10052910052910054,0.17432950191570884,0.3333333333333333,0.0,0.833939393939394,0.554022988505747,0.16765285996055226,0.7937384898710866,0.9583333333333333,0.75,0.0,0.75,0.1327060350421804,0.5909090909090909,0.5909090909090909,0.07272727272727272,0.36585365853658525,0.5,0.5,0.5,0.5105407882676444,0.5099236641221374,0.5119266055045871,0.511002444987775,0.5105407882676444,0.511002444987775,0.5,0.5,0.0,0.003558718861209967,0.05172413793103448,0.5954253037884202,1.0,0.6666666666666666,1.0,0.004827773257390831,0.896774193548387,0.24596774193548387,0.07227615965480043,0.8270552653285674,0.8097560975609756,0.42690582959641266,0.75,0.6666666666666666
Tirupati,Andhra Pradesh,0.0,0.2769770408163265,1.0,1.0,0.7727272727272727,0.4225352112676056,0.9873417721518987,1.0,0.0,0.0,0.6666666666666667,0.2625875591211159,0.275211161645522,0.7012448132780085,0.75,0.3333333333333333,0.28421052631578947,0.4715025906735751,0.2957198443579766,0.36,0.2857142857142858,0.7106382978723403,0.4418604651162791,0.5,0.3333333333333333,0.0,0.6666666666666666,0.23736600306278713,0.08411214953271028,0.5135520684736092,0.0,0.5,0.0,0.0603448275862069,0.1216931216931217,0.061302681992337175,0.0,0.0,0.6024242424242424,0.49885057471264366,0.03155818540433925,0.03130755064456722,0.5833333333333333,0.5,0.3333333333333333,0.0,0.12654120700843607,0.21212121212121215,0.21212121212121215,0.6090909090909091,0.07317073170731692,0.5,0.5,0.5,0.48487626031164077,0.483969465648855,0.4862385321100918,0.48533007334963335,0.48487626031164077,0.48533007334963335,0.5,0.5,0.0,0.9964412811387898,0.3620689655172414,0.5117941386704788,0.0,1.0,1.0,0.02088418768646596,0.3638709677419355,0.157258064516129,0.19093851132686085,0.9279626065438544,0.9853658536585367,0.859192825112108,1.0,1.0
Tirupati,Andhra Pradesh,0.11111111111111427,0.5980229591836734,1.0,1.0,0.8636363636363636,0.4225352112676056,0.6329113924050633,1.0,1.0,1.0,1.0,0.4559360593905286,0.46096501726909006,0.6058091286307055,1.0,1.0,0.28421052631578947,0.4715025906735751,0.2957198443579766,0.36,0.2857142857142858,0.7106382978723403,0.4418604651162791,0.5,0.3333333333333333,0.0,0.6666666666666666,0.23736600306278713,0.08411214953271028,0.5135520684736092,0.0,0.5,0.0,0.0603448275862069,0.1216931216931217,0.061302681992337175,0.0,0.0,0.6024242424242424,0.49885057471264366,0.03155818540433925,0.03130755064456722,0.5833333333333333,0.5,0.3333333333333333,0.0,0.12654120700843607,0.21212121212121215,0.21212121212121215,0.6090909090909091,0.07317073170731692,0.5,0.5,0.5,0.48487626031164077,0.483969465648855,0.4862385321100918,0.48533007334963335,0.48487626031164077,0.48533007334963335,0.5,0.5,0.0,0.9964412811387898,0.3620689655172414,0.5117941386704788,0.0,1.0,1.0,0.02088418768646596,0.3638709677419355,0.157258064516129,0.19093851132686085,0.9279626065438544,0.9853658536585367,0.859192825112108,1.0,1.0
Tirupati,Andhra Pradesh,0.22222222222220012,0.2388392857142857,0.0,0.0,0.0,0.0,0.0,0.0,0.0,0.5,0.6666666666666667,0.19358797820750762,0.20336490784119277,0.6846473029045641,0.5,0.0,0.28421052631578947,0.4715025906735751,0.2957198443579766,0.36,0.2857142857142858,0.7106382978723403,0.4418604651162791,0.5,0.3333333333333333,0.0,0.6666666666666666,0.23736600306278713,0.08411214953271028,0.5135520684736092,0.0,0.5,0.0,0.0603448275862069,0.1216931216931217,0.061302681992337175,0.0,0.0,0.6024242424242424,0.49885057471264366,0.03155818540433925,0.03130755064456722,0.5833333333333333,0.5,0.3333333333333333,0.0,0.12654120700843607,0.21212121212121215,0.21212121212121215,0.6090909090909091,0.07317073170731692,0.5,0.5,0.5,0.48487626031164077,0.483969465648855,0.4862385321100918,0.48533007334963335,0.48487626031164077,0.48533007334963335,0.5,0.5,0.0,0.9964412811387898,0.3620689655172414,0.5117941386704788,0.0,1.0,1.0,0.02088418768646596,0.3638709677419355,0.157258064516129,0.19093851132686085,0.9279626065438544,0.9853658536585367,0.859192825112108,1.0,1.0
Tirupati,Andhra Pradesh,0.3333333333333144,0.05019132653061225,0.0,0.0,0.0,0.0,0.0,0.0,0.0,0.5,0.6666666666666667,0.023379033706519788,0.023458605478234112,0.37759336099585106,0.0,0.0,0.28421052631578947,0.4715025906735751,0.2957198443579766,0.36,0.2857142857142858,0.7106382978723403,0.4418604651162791,0.5,0.3333333333333333,0.0,0.6666666666666666,0.23736600306278713,0.08411214953271028,0.5135520684736092,0.0,0.5,0.0,0.0603448275862069,0.1216931216931217,0.061302681992337175,0.0,0.0,0.6024242424242424,0.49885057471264366,0.03155818540433925,0.03130755064456722,0.5833333333333333,0.5,0.3333333333333333,0.0,0.12654120700843607,0.21212121212121215,0.21212121212121215,0.6090909090909091,0.07317073170731692,0.5,0.5,0.5,0.48487626031164077,0.483969465648855,0.4862385321100918,0.48533007334963335,0.48487626031164077,0.48533007334963335,0.5,0.5,0.0,0.9964412811387898,0.3620689655172414,0.5117941386704788,0.0,1.0,1.0,0.02088418768646596,0.3638709677419355,0.157258064516129,0.19093851132686085,0.9279626065438544,0.9853658536585367,0.859192825112108,1.0,1.0
Tirupati,Andhra Pradesh,0.44444444444442865,0.34170918367346936,1.0,1.0,0.38636363636363635,0.971830985915493,0.4177215189873418,1.0,0.0,0.0,0.3333333333333333,0.2700113752020595,0.27695516875833537,0.6307053941908713,0.75,0.3333333333333333,0.28421052631578947,0.4715025906735751,0.2957198443579766,0.36,0.2857142857142858,0.7106382978723403,0.4418604651162791,0.5,0.3333333333333333,0.0,0.6666666666666666,0.23736600306278713,0.08411214953271028,0.5135520684736092,0.0,0.5,0.0,0.0603448275862069,0.1216931216931217,0.061302681992337175,0.0,0.0,0.6024242424242424,0.49885057471264366,0.03155818540433925,0.03130755064456722,0.5833333333333333,0.5,0.3333333333333333,0.0,0.12654120700843607,0.21212121212121215,0.21212121212121215,0.6090909090909091,0.07317073170731692,0.5,0.5,0.5,0.48487626031164077,0.483969465648855,0.4862385321100918,0.48533007334963335,0.48487626031164077,0.48533007334963335,0.5,0.5,0.0,0.9964412811387898,0.3620689655172414,0.5117941386704788,0.0,1.0,1.0,0.02088418768646596,0.3638709677419355,0.157258064516129,0.19093851132686085,0.9279626065438544,0.9853658536585367,0.859192825112108,1.0,1.0
Tirupati,Andhra Pradesh,0.5555555555555429,0.20229591836734692,0.0,0.0,0.0,0.0,0.0,0.0,0.0,0.5,0.6666666666666667,0.19041489552774948,0.20668194097732792,0.7883817427385891,0.5,0.0,0.28421052631578947,0.4715025906735751,0.2957198443579766,0.36,0.2857142857142858,0.7106382978723403,0.4418604651162791,0.5,0.3333333333333333,0.0,0.6666666666666666,0.23736600306278713,0.08411214953271028,0.5135520684736092,0.0,0.5,0.0,0.0603448275862069,0.1216931216931217,0.061302681992337175,0.0,0.0,0.6024242424242424,0.49885057471264366,0.03155818540433925,0.03130755064456722,0.5833333333333333,0.5,0.3333333333333333,0.0,0.12654120700843607,0.21212121212121215,0.21212121212121215,0.6090909090909091,0.07317073170731692,0.5,0.5,0.5,0.48487626031164077,0.483969465648855,0.4862385321100918,0.48533007334963335,0.48487626031164077,0.48533007334963335,0.5,0.5,0.0,0.9964412811387898,0.3620689655172414,0.5117941386704788,0.0,1.0,1.0,0.02088418768646596,0.3638709677419355,0.157258064516129,0.19093851132686085,0.9279626065438544,0.9853658536585367,0.859192825112108,1.0,1.0
Tirupati,Andhra Pradesh,0.6666666666666572,0.3291135204081633,1.0,1.0,0.9772727272727273,0.323943661971831,0.6835443037974683,1.0,0.0,0.5,1.0,0.3475722924025624,0.3568717299866635,0.6473029045643157,0.75,0.6666666666666666,0.28421052631578947,0.4715025906735751,0.2957198443579766,0.36,0.2857142857142858,0.7106382978723403,0.4418604651162791,0.5,0.3333333333333333,0.0,0.6666666666666666,0.23736600306278713,0.08411214953271028,0.5135520684736092,0.0,0.5,0.0,0.0603448275862069,0.1216931216931217,0.061302681992337175,0.0,0.0,0.6024242424242424,0.49885057471264366,0.03155818540433925,0.03130755064456722,0.5833333333333333,0.5,0.3333333333333333,0.0,0.12654120700843607,0.21212121212121215,0.21212121212121215,0.6090909090909091,0.07317073170731692,0.5,0.5,0.5,0.48487626031164077,0.483969465648855,0.4862385321100918,0.48533007334963335,0.48487626031164077,0.48533007334963335,0.5,0.5,0.0,0.9964412811387898,0.3620689655172414,0.5117941386704788,0.0,1.0,1.0,0.02088418768646596,0.3638709677419355,0.157258064516129,0.19093851132686085,0.9279626065438544,0.9853658536585367,0.859192825112108,1.0,1.0
Tirupati,Andhra Pradesh,0.7777777777777715,0.11878188775510204,0.0,0.0,0.0,0.0,0.0,0.0,0.0,0.5,0.6666666666666667,0.11533856193498174,0.11626714085422152,0.5269709543568464,0.25,0.0,0.28421052631578947,0.4715025906735751,0.2957198443579766,0.36,0.2857142857142858,0.7106382978723403,0.4418604651162791,0.5,0.3333333333333333,0.0,0.6666666666666666,0.23736600306278713,0.08411214953271028,0.5135520684736092,0.0,0.5,0.0,0.0603448275862069,0.1216931216931217,0.061302681992337175,0.0,0.0,0.6024242424242424,0.49885057471264366,0.03155818540433925,0.03130755064456722,0.5833333333333333,0.5,0.3333333333333333,0.0,0.12654120700843607,0.21212121212121215,0.21212121212121215,0.6090909090909091,0.07317073170731692,0.5,0.5,0.5,0.48487626031164077,0.483969465648855,0.4862385321100918,0.48533007334963335,0.48487626031164077,0.48533007334963335,0.5,0.5,0.0,0.9964412811387898,0.3620689655172414,0.5117941386704788,0.0,1.0,1.0,0.02088418768646596,0.3638709677419355,0.157258064516129,0.19093851132686085,0.9279626065438544,0.9853658536585367,0.859192825112108,1.0,1.0
Tirupati,Andhra Pradesh,0.8888888888888857,0.30420918367346933,1.0,1.0,0.09090909090909091,0.056338028169014086,0.6962025316455696,1.0,0.0,0.0,0.0,0.32422319343830447,0.31932428273432956,0.5103734439834029,0.75,0.6666666666666666,0.28421052631578947,0.4715025906735751,0.2957198443579766,0.36,0.2857142857142858,0.7106382978723403,0.4418604651162791,0.5,0.3333333333333333,0.0,0.6666666666666666,0.23736600306278713,0.08411214953271028,0.5135520684736092,0.0,0.5,0.0,0.0603448275862069,0.1216931216931217,0.061302681992337175,0.0,0.0,0.6024242424242424,0.49885057471264366,0.03155818540433925,0.03130755064456722,0.5833333333333333,0.5,0.3333333333333333,0.0,0.12654120700843607,0.21212121212121215,0.21212121212121215,0.6090909090909091,0.07317073170731692,0.5,0.5,0.5,0.48487626031164077,0.483969465648855,0.4862385321100918,0.48533007334963335,0.48487626031164077,0.48533007334963335,0.5,0.5,0.0,0.9964412811387898,0.3620689655172414,0.5117941386704788,0.0,1.0,1.0,0.02088418768646596,0.3638709677419355,0.157258064516129,0.19093851132686085,0.9279626065438544,0.9853658536585367,0.859192825112108,1.0,1.0
Tirupati,Andhra Pradesh,1.0,0.5925701530612245,1.0,1.0,0.6136363636363636,0.4507042253521127,0.620253164556962,1.0,1.0,1.0,0.6666666666666667,0.5043405376279709,0.507745443353965,0.5933609958506225,1.0,1.0,0.28421052631578947,0.4715025906735751,0.2957198443579766,0.36,0.2857142857142858,0.7106382978723403,0.4418604651162791,0.5,0.3333333333333333,0.0,0.6666666666666666,0.23736600306278713,0.08411214953271028,0.5135520684736092,0.0,0.5,0.0,0.0603448275862069,0.1216931216931217,0.061302681992337175,0.0,0.0,0.6024242424242424,0.49885057471264366,0.03155818540433925,0.03130755064456722,0.5833333333333333,0.5,0.3333333333333333,0.0,0.12654120700843607,0.21212121212121215,0.21212121212121215,0.6090909090909091,0.07317073170731692,0.5,0.5,0.5,0.48487626031164077,0.483969465648855,0.4862385321100918,0.48533007334963335,0.48487626031164077,0.48533007334963335,0.5,0.5,0.0,0.9964412811387898,0.3620689655172414,0.5117941386704788,0.0,1.0,1.0,0.02088418768646596,0.3638709677419355,0.157258064516129,0.19093851132686085,0.9279626065438544,0.9853658536585367,0.859192825112108,1.0,1.0
Hyderabad,Telangana,0.0,0.46103316326530613,1.0,1.0,0.4772727272727273,0.07042253521126761,0.5189873417721519,0.0,1.0,1.0,0.6666666666666667,0.49045081721846373,0.48247443832712106,0.5145228215767634,1.0,1.0,0.6947368421052631,0.04317789291882557,0.431906614785992,0.7999999999999999,0.4285714285714286,0.3872340425531915,0.43023255813953487,0.125,1.0,1.0,0.0,0.8131699846860643,0.7165109034267914,0.7118402282453637,0.0,1.0,0.0,0.9841954022988503,0.07936507936507937,0.9846743295019159,1.0,1.0,1.0,0.44137931034482764,0.3550295857988166,0.9705340699815839,0.5416666666666666,1.0,0.0,1.0,0.07657365347177159,0.8030303030303031,0.8030303030303031,0.5181818181818183,0.5365853658536586,0.25,0.75,0.25,0.229147571035747,0.2290076335877862,0.22935779816513768,0.22860635696821524,0.229147571035747,0.22921760391198048,1.0,0.5,0.0,0.44128113879003555,0.22413793103448273,0.06504646175839887,0.3333333333333333,0.0,0.0,1.0,0.8683870967741936,0.7056451612903226,1.0,0.37104756667583166,0.38170731707317074,0.0,0.5,0.0
Hyderabad,Telangana,0.11111111111111427,0.19598214285714285,0.0,0.0,0.0,0.0,0.0,0.0,0.0,0.5,0.6666666666666667,0.17981799676704782,0.1808637964641111,0.5477178423236513,0.5,0.0,0.6947368421052631,0.04317789291882557,0.431906614785992,0.7999999999999999,0.4285714285714286,0.3872340425531915,0.43023255813953487,0.125,1.0,1.0,0.0,0.8131699846860643,0.7165109034267914,0.7118402282453637,0.0,1.0,0.0,0.9841954022988503,0.07936507936507937,0.9846743295019159,1.0,1.0,1.0,0.44137931034482764,0.3550295857988166,0.9705340699815839,0.5416666666666666,1.0,0.0,1.0,0.07657365347177159,0.8030303030303031,0.8030303030303031,0.5181818181818183,0.5365853658536586,0.25,0.75,0.25,0.229147571035747,0.2290076335877862,0.22935779816513768,0.22860635696821524,0.229147571035747,0.22921760391198048,1.0,0.5,0.0,0.44128113879003555,0.22413793103448273,0.06504646175839887,0.3333333333333333,0.0,0.0,1.0,0.8683870967741936,0.7056451612903226,1.0,0.37104756667583166,0.38170731707317074,0.0,0.5,0.0
Hyderabad,Telangana,0.22222222222220012,0.022130102040816328,0.0,0.0,0.0,0.0,0.0,0.0,0.0,0.5,0.6666666666666667,0.02260073040771119,0.02038094586738707,0.24481327800829877,0.0,0.0,0.6947368421052631,0.04317789291882557,0.431906614785992,0.7999999999999999,0.4285714285714286,0.3872340425531915,0.43023255813953487,0.125,1.0,1.0,0.0,0.8131699846860643,0.7165109034267914,0.7118402282453637,0.0,1.0,0.0,0.9841954022988503,0.07936507936507937,0.9846743295019159,1.0,1.0,1.0,0.44137931034482764,0.3550295857988166,0.9705340699815839,0.5416666666666666,1.0,0.0,1.0,0.07657365347177159,0.8030303030303031,0.8030303030303031,0.5181818181818183,0.5365853658536586,0.25,0.75,0.25,0.229147571035747,0.2290076335877862,0.22935779816513768,0.22860635696821524,0.229147571035747,0.22921760391198048,1.0,0.5,0.0,0.44128113879003555,0.22413793103448273,0.06504646175839887,0.3333333333333333,0.0,0.0,1.0,0.8683870967741936,0.7056451612903226,1.0,0.37104756667583166,0.38170731707317074,0.0,0.5,0.0
Hyderabad,Telangana,0.3333333333333144,0.3032525510204081,1.0,1.0,0.5909090909090909,0.647887323943662,0.4177215189873418,0.0,0.0,0.0,0.6666666666666667,0.2752499550978866,0.2719625209451835,0.5145228215767634,0.75,0.6666666666666666,0.6947368421052631,0.04317789291882557,0.431906614785992,0.7999999999999999,0.4285714285714286,0.3872340425531915,0.43023255813953487,0.125,1.0,1.0,0.0,0.8131699846860643,0.7165109034267914,0.7118402282453637,0.0,1.0,0.0,0.9841954022988503,0.07936507936507937,0.9846743295019159,1.0,1.0,1.0,0.44137931034482764,0.3550295857988166,0.9705340699815839,0.5416666666666666,1.0,0.0,1.0,0.07657365347177159,0.8030303030303031,0.8030303030303031,0.5181818181818183,0.5365853658536586,0.25,0.75,0.25,0.229147571035747,0.2290076335877862,0.22935779816513768,0.22860635696821524,0.229147571035747,0.22921760391198048,1.0,0.5,0.0,0.44128113879003555,0.22413793103448273,0.06504646175839887,0.3333333333333333,0.0,0.0,1.0,0.8683870967741936,0.7056451612903226,1.0,0.37104756667583166,0.38170731707317074,0.0,0.5,0.0
Hyderabad,Telangana,0.44444444444442865,0.19553571428571426,0.0,0.0,0.0,0.0,0.0,0.0,0.0,0.5,0.6666666666666667,0.22561815242770755,0.23588551106247652,0.6804979253112036,0.5,0.3333333333333333,0.6947368421052631,0.04317789291882557,0.431906614785992,0.7999999999999999,0.4285714285714286,0.3872340425531915,0.43023255813953487,0.125,1.0,1.0,0.0,0.8131699846860643,0.7165109034267914,0.7118402282453637,0.0,1.0,0.0,0.9841954022988503,0.07936507936507937,0.9846743295019159,1.0,1.0,1.0,0.44137931034482764,0.3550295857988166,0.9705340699815839,0.5416666666666666,1.0,0.0,1.0,0.07657365347177159,0.8030303030303031,0.8030303030303031,0.5181818181818183,0.5365853658536586,0.25,0.75,0.25,0.229147571035747,0.2290076335877862,0.22935779816513768,0.22860635696821524,0.229147571035747,0.22921760391198048,1.0,0.5,0.0,0.44128113879003555,0.22413793103448273,0.06504646175839887,0.3333333333333333,0.0,0.0,1.0,0.8683870967741936,0.7056451612903226,1.0,0.37104756667583166,0.38170731707317074,0.0,0.5,0.0
Hyderabad,Telangana,0.5555555555555429,0.3345025510204081,1.0,1.0,0.5909090909090909,0.6619718309859155,0.6962025316455696,1.0,0.0,0.5,0.6666666666666667,0.3517332215769622,0.35160551243032523,0.5601659751037342,1.0,0.6666666666666666,0.6947368421052631,0.04317789291882557,0.431906614785992,0.7999999999999999,0.4285714285714286,0.3872340425531915,0.43023255813953487,0.125,1.0,1.0,0.0,0.8131699846860643,0.7165109034267914,0.7118402282453637,0.0,1.0,0.0,0.9841954022988503,0.07936507936507937,0.9846743295019159,1.0,1.0,1.0,0.44137931034482764,0.3550295857988166,0.9705340699815839,0.5416666666666666,1.0,0.0,1.0,0.07657365347177159,0.8030303030303031,0.8030303030303031,0.5181818181818183,0.5365853658536586,0.25,0.75,0.25,0.229147571035747,0.2290076335877862,0.22935779816513768,0.22860635696821524,0.229147571035747,0.22921760391198048,1.0,0.5,0.0,0.44128113879003555,0.22413793103448273,0.06504646175839887,0.3333333333333333,0.0,0.0,1.0,0.8683870967741936,0.7056451612903226,1.0,0.37104756667583166,0.38170731707317074,0.0,0.5,0.0
Hyderabad,Telangana,0.6666666666666572,0.14815051020408163,0.0,0.0,0.0,0.0,0.0,0.0,0.0,0.5,0.6666666666666667,0.09902412740226305,0.09804055671442738,0.4688796680497931,0.25,0.0,0.6947368421052631,0.04317789291882557,0.431906614785992,0.7999999999999999,0.4285714285714286,0.3872340425531915,0.43023255813953487,0.125,1.0,1.0,0.0,0.8131699846860643,0.7165109034267914,0.7118402282453637,0.0,1.0,0.0,0.9841954022988503,0.07936507936507937,0.9846743295019159,1.0,1.0,1.0,0.44137931034482764,0.3550295857988166,0.9705340699815839,0.5416666666666666,1.0,0.0,1.0,0.07657365347177159,0.8030303030303031,0.8030303030303031,0.5181818181818183,0.5365853658536586,0.25,0.75,0.25,0.229147571035747,0.2290076335877862,0.22935779816513768,0.22860635696821524,0.229147571035747,0.22921760391198048,1.0,0.5,0.0,0.44128113879003555,0.22413793103448273,0.06504646175839887,0.3333333333333333,0.0,0.0,1.0,0.8683870967741936,0.7056451612903226,1.0,0.37104756667583166,0.38170731707317074,0.0,0.5,0.0
Hyderabad,Telangana,0.7777777777777715,0.24716198979591836,1.0,1.0,0.5909090909090909,0.5070422535211268,0.0,0.0,0.0,0.0,0.6666666666666667,0.2803987307669281,0.28293950689053793,0.5809128630705391,0.75,0.6666666666666666,0.6947368421052631,0.04317789291882557,0.431906614785992,0.7999999999999999,0.4285714285714286,0.3872340425531915,0.43023255813953487,0.125,1.0,1.0,0.0,0.8131699846860643,0.7165109034267914,0.7118402282453637,0.0,1.0,0.0,0.9841954022988503,0.07936507936507937,0.9846743295019159,1.0,1.0,1.0,0.44137931034482764,0.3550295857988166,0.9705340699815839,0.5416666666666666,1.0,0.0,1.0,0.07657365347177159,0.8030303030303031,0.8030303030303031,0.5181818181818183,0.5365853658536586,0.25,0.75,0.25,0.229147571035747,0.2290076335877862,0.22935779816513768,0.22860635696821524,0.229147571035747,0.22921760391198048,1.0,0.5,0.0,0.44128113879003555,0.22413793103448273,0.06504646175839887,0.3333333333333333,0.0,0.0,1.0,0.8683870967741936,0.7056451612903226,1.0,0.37104756667583166,0.38170731707317074,0.0,0.5,0.0
Hyderabad,Telangana,0.8888888888888857,0.5277104591836734,1.0,1.0,0.34090909090909094,0.6619718309859155,0.6962025316455696,1.0,1.0,1.0,0.3333333333333333,0.4087888403280847,0.4163047566939097,0.6265560165975104,1.0,1.0,0.6947368421052631,0.04317789291882557,0.431906614785992,0.7999999999999999,0.4285714285714286,0.3872340425531915,0.43023255813953487,0.125,1.0,1.0,0.0,0.8131699846860643,0.7165109034267914,0.7118402282453637,0.0,1.0,0.0,0.9841954022988503,0.07936507936507937,0.9846743295019159,1.0,1.0,1.0,0.44137931034482764,0.3550295857988166,0.9705340699815839,0.5416666666666666,1.0,0.0,1.0,0.07657365347177159,0.8030303030303031,0.8030303030303031,0.5181818181818183,0.5365853658536586,0.25,0.75,0.25,0.229147571035747,0.2290076335877862,0.22935779816513768,0.22860635696821524,0.229147571035747,0.22921760391198048,1.0,0.5,0.0,0.44128113879003555,0.22413793103448273,0.06504646175839887,0.3333333333333333,0.0,0.0,1.0,0.8683870967741936,0.7056451612903226,1.0,0.37104756667583166,0.38170731707317074,0.0,0.5,0.0
Hyderabad,Telangana,1.0,0.22299107142857139,0.0,0.0,0.0,0.0,0.0,0.0,0.0,0.5,0.6666666666666667,0.16233610728611625,0.16670656225421468,0.601659751037344,0.5,0.0,0.6947368421052631,0.04317789291882557,0.431906614785992,0.7999999999999999,0.4285714285714286,0.3872340425531915,0.43023255813953487,0.125,1.0,1.0,0.0,0.8131699846860643,0.7165109034267914,0.7118402282453637,0.0,1.0,0.0,0.9841954022988503,0.07936507936507937,0.9846743295019159,1.0,1.0,1.0,0.44137931034482764,0.3550295857988166,0.9705340699815839,0.5416666666666666,1.0,0.0,1.0,0.07657365347177159,0.8030303030303031,0.8030303030303031,0.5181818181818183,0.5365853658536586,0.25,0.75,0.25,0.229147571035747,0.2290076335877862,0.22935779816513768,0.22860635696821524,0.229147571035747,0.22921760391198048,1.0,0.5,0.0,0.44128113879003555,0.22413793103448273,0.06504646175839887,0.3333333333333333,0.0,0.0,1.0,0.8683870967741936,0.7056451612903226,1.0,0.37104756667583166,0.38170731707317074,0.0,0.5,0.0
Rangareddy,Telangana,0.0,0.2040816326530612,0.0,0.0,0.0,0.0,0.0,0.0,0.0,0.5,0.6666666666666667,0.1662575585224211,0.1686215504565195,0.5684647302904566,0.5,0.0,0.24661654135338346,0.5751295336787563,0.7782101167315172,0.36,0.8928571428571426,1.0,0.1511627906976744,0.0,0.0,0.6666666666666666,0.3333333333333333,0.8499234303215927,0.7336448598130841,0.7560627674750358,0.0,1.0,0.0,0.9999999999999999,0.0,1.0,1.0,1.0,0.7103030303030303,0.23448275862068968,0.7652859960552267,0.07734806629834257,1.0,0.75,0.0,0.75,0.09279688513951978,0.7272727272727272,0.7272727272727274,0.7181818181818183,0.36585365853658525,0.25,0.75,0.25,0.2566452795600367,0.25648854961832057,0.25688073394495414,0.25672371638141817,0.2566452795600367,0.25672371638141817,1.0,0.5,1.0,0.20640569395017794,0.6551724137931034,0.6279485346676197,0.6666666666666666,0.0,1.0,0.03569297531868728,0.11354838709677417,0.5403225806451614,0.5587918015102482,0.0,0.0,0.0,0.0,0.0
Rangareddy,Telangana,0.11111111111111427,0.04610969387755102,0.0,0.0,0.0,0.0,0.0,0.0,0.0,0.5,0.6666666666666667,0.03502364844638687,0.04346339294873987,0.8008298755186725,0.0,0.0,0.24661654135338346,0.5751295336787563,0.7782101167315172,0.36,0.8928571428571426,1.0,0.1511627906976744,0.0,0.0,0.6666666666666666,0.3333333333333333,0.8499234303215927,0.7336448598130841,0.7560627674750358,0.0,1.0,0.0,0.9999999999999999,0.0,1.0,1.0,1.0,0.7103030303030303,0.23448275862068968,0.7652859960552267,0.07734806629834257,1.0,0.75,0.0,0.75,0.09279688513951978,0.7272727272727272,0.7272727272727274,0.7181818181818183,0.36585365853658525,0.25,0.75,0.25,0.2566452795600367,0.25648854961832057,0.25688073394495414,0.25672371638141817,0.2566452795600367,0.25672371638141817,1.0,0.5,1.0,0.20640569395017794,0.6551724137931034,0.6279485346676197,0.6666666666666666,0.0,1.0,0.03569297531868728,0.11354838709677417,0.5403225806451614,0.5587918015102482,0.0,0.0,0.0,0.0,0.0
Rangareddy,Telangana,0.22222222222220012,0.3161033163265306,1.0,1.0,0.3181818181818182,0.8309859154929577,0.6962025316455696,0.0,0.0,0.0,0.3333333333333333,0.3283841226127043,0.33980781725541154,0.6721991701244812,0.75,0.6666666666666666,0.24661654135338346,0.5751295336787563,0.7782101167315172,0.36,0.8928571428571426,1.0,0.1511627906976744,0.0,0.0,0.6666666666666666,0.3333333333333333,0.8499234303215927,0.7336448598130841,0.7560627674750358,0.0,1.0,0.0,0.9999999999999999,0.0,1.0,1.0,1.0,0.7103030303030303,0.23448275862068968,0.7652859960552267,0.07734806629834257,1.0,0.75,0.0,0.75,0.09279688513951978,0.7272727272727272,0.7272727272727274,0.7181818181818183,0.36585365853658525,0.25,0.75,0.25,0.2566452795600367,0.25648854961832057,0.25688073394495414,0.25672371638141817,0.2566452795600367,0.25672371638141817,1.0,0.5,1.0,0.20640569395017794,0.6551724137931034,0.6279485346676197,0.6666666666666666,0.0,1.0,0.03569297531868728,0.11354838709677417,0.5403225806451614,0.5587918015102482,0.0,0.0,0.0,0.0,0.0
Rangareddy,Telangana,0.3333333333333144,0.20746173469387755,0.0,0.0,0.0,0.0,0.0,0.0,0.0,0.5,0.6666666666666667,0.18679279171406332,0.18732688164688988,0.5435684647302907,0.5,0.0,0.24661654135338346,0.5751295336787563,0.7782101167315172,0.36,0.8928571428571426,1.0,0.1511627906976744,0.0,0.0,0.6666666666666666,0.3333333333333333,0.8499234303215927,0.7336448598130841,0.7560627674750358,0.0,1.0,0.0,0.9999999999999999,0.0,1.0,1.0,1.0,0.7103030303030303,0.23448275862068968,0.7652859960552267,0.07734806629834257,1.0,0.75,0.0,0.75,0.09279688513951978,0.7272727272727272,0.7272727272727274,0.7181818181818183,0.36585365853658525,0.25,0.75,0.25,0.2566452795600367,0.25648854961832057,0.25688073394495414,0.25672371638141817,0.2566452795600367,0.25672371638141817,1.0,0.5,1.0,0.20640569395017794,0.6551724137931034,0.6279485346676197,0.6666666666666666,0.0,1.0,0.03569297531868728,0.11354838709677417,0.5403225806451614,0.5587918015102482,0.0,0.0,0.0,0.0,0.0
Rangareddy,Telangana,0.44444444444442865,0.3902104591836734,1.0,1.0,0.9772727272727273,0.2535211267605634,0.46835443037974683,1.0,0.0,0.5,1.0,0.34748248817577676,0.36217214376090007,0.6970954356846475,1.0,0.6666666666666666,0.24661654135338346,0.5751295336787563,0.7782101167315172,0.36,0.8928571428571426,1.0,0.1511627906976744,0.0,0.0,0.6666666666666666,0.3333333333333333,0.8499234303215927,0.7336448598130841,0.7560627674750358,0.0,1.0,0.0,0.9999999999999999,0.0,1.0,1.0,1.0,0.7103030303030303,0.23448275862068968,0.7652859960552267,0.07734806629834257,1.0,0.75,0.0,0.75,0.09279688513951978,0.7272727272727272,0.7272727272727274,0.7181818181818183,0.36585365853658525,0.25,0.75,0.25,0.2566452795600367,0.25648854961832057,0.25688073394495414,0.25672371638141817,0.2566452795600367,0.25672371638141817,1.0,0.5,1.0,0.20640569395017794,0.6551724137931034,0.6279485346676197,0.6666666666666666,0.0,1.0,0.03569297531868728,0.11354838709677417,0.5403225806451614,0.5587918015102482,0.0,0.0,0.0,0.0,0.0
Rangareddy,Telangana,0.5555555555555429,0.10130739795918367,0.0,0.0,0.0,0.0,0.0,0.0,0.0,0.5,0.6666666666666667,0.0889959887445369,0.09588619498683446,0.6763485477178426,0.25,0.0,0.24661654135338346,0.5751295336787563,0.7782101167315172,0.36,0.8928571428571426,1.0,0.1511627906976744,0.0,0.0,0.6666666666666666,0.3333333333333333,0.8499234303215927,0.7336448598130841,0.7560627674750358,0.0,1.0,0.0,0.9999999999999999,0.0,1.0,1.0,1.0,0.7103030303030303,0.23448275862068968,0.7652859960552267,0.07734806629834257,1.0,0.75,0.0,0.75,0.09279688513951978,0.7272727272727272,0.7272727272727274,0.7181818181818183,0.36585365853658525,0.25,0.75,0.25,0.2566452795600367,0.25648854961832057,0.25688073394495414,0.25672371638141817,0.2566452795600367,0.25672371638141817,1.0,0.5,1.0,0.20640569395017794,0.6551724137931034,0.6279485346676197,0.6666666666666666,0.0,1.0,0.03569297531868728,0.11354838709677417,0.5403225806451614,0.5587918015102482,0.0,0.0,0.0,0.0,0.0
Rangareddy,Telangana,0.6666666666666572,0.2555484693877551,1.0,1.0,0.8409090909090909,0.3943661971830986,0.9240506329113924,1.0,0.0,0.0,1.0,0.2906663473627492,0.29261703655575694,0.5767634854771786,0.75,0.6666666666666666,0.24661654135338346,0.5751295336787563,0.7782101167315172,0.36,0.8928571428571426,1.0,0.1511627906976744,0.0,0.0,0.6666666666666666,0.3333333333333333,0.8499234303215927,0.7336448598130841,0.7560627674750358,0.0,1.0,0.0,0.9999999999999999,0.0,1.0,1.0,1.0,0.7103030303030303,0.23448275862068968,0.7652859960552267,0.07734806629834257,1.0,0.75,0.0,0.75,0.09279688513951978,0.7272727272727272,0.7272727272727274,0.7181818181818183,0.36585365853658525,0.25,0.75,0.25,0.2566452795600367,0.25648854961832057,0.25688073394495414,0.25672371638141817,0.2566452795600367,0.25672371638141817,1.0,0.5,1.0,0.20640569395017794,0.6551724137931034,0.6279485346676197,0.6666666666666666,0.0,1.0,0.03569297531868728,0.11354838709677417,0.5403225806451614,0.5587918015102482,0.0,0.0,0.0,0.0,0.0
Rangareddy,Telangana,0.7777777777777715,0.5559311224489796,1.0,1.0,0.5,0.619718309859155,0.3037974683544304,1.0,1.0,1.0,0.6666666666666667,0.39980841764952396,0.40091645863967446,0.5726141078838176,1.0,1.0,0.24661654135338346,0.5751295336787563,0.7782101167315172,0.36,0.8928571428571426,1.0,0.1511627906976744,0.0,0.0,0.6666666666666666,0.3333333333333333,0.8499234303215927,0.7336448598130841,0.7560627674750358,0.0,1.0,0.0,0.9999999999999999,0.0,1.0,1.0,1.0,0.7103030303030303,0.23448275862068968,0.7652859960552267,0.07734806629834257,1.0,0.75,0.0,0.75,0.09279688513951978,0.7272727272727272,0.7272727272727274,0.7181818181818183,0.36585365853658525,0.25,0.75,0.25,0.2566452795600367,0.25648854961832057,0.25688073394495414,0.25672371638141817,0.2566452795600367,0.25672371638141817,1.0,0.5,1.0,0.20640569395017794,0.6551724137931034,0.6279485346676197,0.6666666666666666,0.0,1.0,0.03569297531868728,0.11354838709677417,0.5403225806451614,0.5587918015102482,0.0,0.0,0.0,0.0,0.0
Rangareddy,Telangana,0.8888888888888857,0.21524234693877548,0.0,0.0,0.0,0.0,0.0,0.0,0.0,0.5,0.6666666666666667,0.14584206429982635,0.14242724754642136,0.4522821576763487,0.5,0.0,0.24661654135338346,0.5751295336787563,0.7782101167315172,0.36,0.8928571428571426,1.0,0.1511627906976744,0.0,0.0,0.6666666666666666,0.3333333333333333,0.8499234303215927,0.7336448598130841,0.7560627674750358,0.0,1.0,0.0,0.9999999999999999,0.0,1.0,1.0,1.0,0.7103030303030303,0.23448275862068968,0.7652859960552267,0.07734806629834257,1.0,0.75,0.0,0.75,0.09279688513951978,0.7272727272727272,0.7272727272727274,0.7181818181818183,0.36585365853658525,0.25,0.75,0.25,0.2566452795600367,0.25648854961832057,0.25688073394495414,0.25672371638141817,0.2566452795600367,0.25672371638141817,1.0,0.5,1.0,0.20640569395017794,0.6551724137931034,0.6279485346676197,0.6666666666666666,0.0,1.0,0.03569297531868728,0.11354838709677417,0.5403225806451614,0.5587918015102482,0.0,0.0,0.0,0.0,0.0
Rangareddy,Telangana,1.0,0.06227678571428571,0.0,0.0,0.0,0.0,0.0,0.0,0.0,0.5,0.6666666666666667,0.06337184936837692,0.06326300311185584,0.4522821576763487,0.0,0.0,0.24661654135338346,0.5751295336787563,0.7782101167315172,0.36,0.8928571428571426,1.0,0.1511627906976744,0.0,0.0,0.6666666666666666,0.3333333333333333,0.8499234303215927,0.7336448598130841,0.7560627674750358,0.0,1.0,0.0,0.9999999999999999,0.0,1.0,1.0,1.0,0.7103030303030303,0.23448275862068968,0.7652859960552267,0.07734806629834257,1.0,0.75,0.0,0.75,0.09279688513951978,0.7272727272727272,0.7272727272727274,0.7181818181818183,0.36585365853658525,0.25,0.75,0.25,0.2566452795600367,0.25648854961832057,0.25688073394495414,0.25672371638141817,0.2566452795600367,0.25672371638141817,1.0,0.5,1.0,0.20640569395017794,0.6551724137931034,0.6279485346676197,0.6666666666666666,0.0,1.0,0.03569297531868728,0.11354838709677417,0.5403225806451614,0.5587918015102482,0.0,0.0,0.0,0.0,0.0
Medchal Malkajgiri,Telangana,0.0,0.07468112244897959,0.0,0.0,0.0,0.0,0.0,0.0,0.0,0.5,0.6666666666666667,0.022900077830329872,0.029648120917826495,0.7427385892116183,0.0,0.0,0.1503759398496241,0.45768566493955093,0.9533073929961087,0.43999999999999995,0.607142857142857,0.9595744680851064,0.627906976744186,0.0,0.0,0.6666666666666666,0.3333333333333333,0.8805513016845329,0.7476635514018692,0.4194008559201141,0.0,1.0,0.0,0.5330459770114941,0.04761904761904763,0.5325670498084292,0.6666666666666666,0.3333333333333333,0.7806060606060605,0.5287356321839081,0.045364891518737675,0.548802946593002,0.25,0.75,0.0,0.75,0.04023361453601558,0.5454545454545454,0.5454545454545455,0.6454545454545455,0.3902439024390243,0.25,0.75,0.25,0.20164986251145733,0.20152671755725193,0.2018348623853211,0.2017114914425428,0.20164986251145733,0.2017114914425428,1.0,0.5,0.0,0.3879003558718861,0.15517241379310345,0.1011436740528949,0.3333333333333333,0.3333333333333333,0.0,0.06265256305939787,0.37548387096774194,0.6895161290322581,0.7971952535059331,0.29186142425075606,0.30487804878048785,0.0,0.25,0.0
Medchal Malkajgiri,Telangana,0.11111111111111427,0.31042729591836726,1.0,1.0,0.8181818181818182,0.47887323943661975,0.08860759493670886,1.0,0.0,0.0,1.0,0.3326348560138897,0.3301644838080908,0.5352697095435688,0.75,0.6666666666666666,0.1503759398496241,0.45768566493955093,0.9533073929961087,0.43999999999999995,0.607142857142857,0.9595744680851064,0.627906976744186,0.0,0.0,0.6666666666666666,0.3333333333333333,0.8805513016845329,0.7476635514018692,0.4194008559201141,0.0,1.0,0.0,0.5330459770114941,0.04761904761904763,0.5325670498084292,0.6666666666666666,0.3333333333333333,0.7806060606060605,0.5287356321839081,0.045364891518737675,0.548802946593002,0.25,0.75,0.0,0.75,0.04023361453601558,0.5454545454545454,0.5454545454545455,0.6454545454545455,0.3902439024390243,0.25,0.75,0.25,0.20164986251145733,0.20152671755725193,0.2018348623853211,0.2017114914425428,0.20164986251145733,0.2017114914425428,1.0,0.5,0.0,0.3879003558718861,0.15517241379310345,0.1011436740528949,0.3333333333333333,0.3333333333333333,0.0,0.06265256305939787,0.37548387096774194,0.6895161290322581,0.7971952535059331,0.29186142425075606,0.30487804878048785,0.0,0.25,0.0
Medchal Malkajgiri,Telangana,0.22222222222220012,0.2105548469387755,0.0,0.0,0.0,0.0,0.0,0.0,0.0,0.5,0.6666666666666667,0.20586122253487393,0.21718017987210614,0.705394190871369,0.5,0.0,0.1503759398496241,0.45768566493955093,0.9533073929961087,0.43999999999999995,0.607142857142857,0.9595744680851064,0.627906976744186,0.0,0.0,0.6666666666666666,0.3333333333333333,0.8805513016845329,0.7476635514018692,0.4194008559201141,0.0,1.0,0.0,0.5330459770114941,0.04761904761904763,0.5325670498084292,0.6666666666666666,0.3333333333333333,0.7806060606060605,0.5287356321839081,0.045364891518737675,0.548802946593002,0.25,0.75,0.0,0.75,0.04023361453601558,0.5454545454545454,0.5454545454545455,0.6454545454545455,0.3902439024390243,0.25,0.75,0.25,0.20164986251145733,0.20152671755725193,0.2018348623853211,0.2017114914425428,0.20164986251145733,0.2017114914425428,1.0,0.5,0.0,0.3879003558718861,0.15517241379310345,0.1011436740528949,0.3333333333333333,0.3333333333333333,0.0,0.06265256305939787,0.37548387096774194,0.6895161290322581,0.7971952535059331,0.29186142425075606,0.30487804878048785,0.0,0.25,0.0
Medchal Malkajgiri,Telangana,0.3333333333333144,0.3465561224489796,1.0,1.0,0.8409090909090909,0.08450704225352113,0.6455696202531646,1.0,0.0,0.5,1.0,0.382206789199545,0.37697910611086416,0.5186721991701244,1.0,0.6666666666666666,0.1503759398496241,0.45768566493955093,0.9533073929961087,0.43999999999999995,0.607142857142857,0.9595744680851064,0.627906976744186,0.0,0.0,0.6666666666666666,0.3333333333333333,0.8805513016845329,0.7476635514018692,0.4194008559201141,0.0,1.0,0.0,0.5330459770114941,0.04761904761904763,0.5325670498084292,0.6666666666666666,0.3333333333333333,0.7806060606060605,0.5287356321839081,0.045364891518737675,0.548802946593002,0.25,0.75,0.0,0.75,0.04023361453601558,0.5454545454545454,0.5454545454545455,0.6454545454545455,0.3902439024390243,0.25,0.75,0.25,0.20164986251145733,0.20152671755725193,0.2018348623853211,0.2017114914425428,0.20164986251145733,0.2017114914425428,1.0,0.5,0.0,0.3879003558718861,0.15517241379310345,0.1011436740528949,0.3333333333333333,0.3333333333333333,0.0,0.06265256305939787,0.37548387096774194,0.6895161290322581,0.7971952535059331,0.29186142425075606,0.30487804878048785,0.0,0.25,0.0
Medchal Malkajgiri,Telangana,0.44444444444442865,0.12786989795918366,0.0,0.0,0.0,0.0,0.0,0.0,0.0,0.5,0.6666666666666667,0.12904867389091776,0.12744930410696578,0.4771784232365146,0.25,0.0,0.1503759398496241,0.45768566493955093,0.9533073929961087,0.43999999999999995,0.607142857142857,0.9595744680851064,0.627906976744186,0.0,0.0,0.6666666666666666,0.3333333333333333,0.8805513016845329,0.7476635514018692,0.4194008559201141,0.0,1.0,0.0,0.5330459770114941,0.04761904761904763,0.5325670498084292,0.6666666666666666,0.3333333333333333,0.7806060606060605,0.5287356321839081,0.045364891518737675,0.548802946593002,0.25,0.75,0.0,0.75,0.04023361453601558,0.5454545454545454,0.5454545454545455,0.6454545454545455,0.3902439024390243,0.25,0.75,0.25,0.20164986251145733,0.20152671755725193,0.2018348623853211,0.2017114914425428,0.20164986251145733,0.2017114914425428,1.0,0.5,0.0,0.3879003558718861,0.15517241379310345,0.1011436740528949,0.3333333333333333,0.3333333333333333,0.0,0.06265256305939787,0.37548387096774194,0.6895161290322581,0.7971952535059331,0.29186142425075606,0.30487804878048785,0.0,0.25,0.0
Medchal Malkajgiri,Telangana,0.5555555555555429,0.2735650510204081,1.0,1.0,0.13636363636363635,0.4647887323943662,0.6582278481012658,0.0,0.0,0.0,0.0,0.2777644734478836,0.28800054713948636,0.6680497925311206,0.75,0.6666666666666666,0.1503759398496241,0.45768566493955093,0.9533073929961087,0.43999999999999995,0.607142857142857,0.9595744680851064,0.627906976744186,0.0,0.0,0.6666666666666666,0.3333333333333333,0.8805513016845329,0.7476635514018692,0.4194008559201141,0.0,1.0,0.0,0.5330459770114941,0.04761904761904763,0.5325670498084292,0.6666666666666666,0.3333333333333333,0.7806060606060605,0.5287356321839081,0.045364891518737675,0.548802946593002,0.25,0.75,0.0,0.75,0.04023361453601558,0.5454545454545454,0.5454545454545455,0.6454545454545455,0.3902439024390243,0.25,0.75,0.25,0.20164986251145733,0.20152671755725193,0.2018348623853211,0.2017114914425428,0.20164986251145733,0.2017114914425428,1.0,0.5,0.0,0.3879003558718861,0.15517241379310345,0.1011436740528949,0.3333333333333333,0.3333333333333333,0.0,0.06265256305939787,0.37548387096774194,0.6895161290322581,0.7971952535059331,0.29186142425075606,0.30487804878048785,0.0,0.25,0.0
Medchal Malkajgiri,Telangana,0.6666666666666572,0.45443239795918366,1.0,1.0,0.09090909090909091,0.8732394366197184,0.7721518987341772,1.0,1.0,1.0,0.0,0.5206250374184278,0.5173887768012857,0.5518672199170127,1.0,1.0,0.1503759398496241,0.45768566493955093,0.9533073929961087,0.43999999999999995,0.607142857142857,0.9595744680851064,0.627906976744186,0.0,0.0,0.6666666666666666,0.3333333333333333,0.8805513016845329,0.7476635514018692,0.4194008559201141,0.0,1.0,0.0,0.5330459770114941,0.04761904761904763,0.5325670498084292,0.6666666666666666,0.3333333333333333,0.7806060606060605,0.5287356321839081,0.045364891518737675,0.548802946593002,0.25,0.75,0.0,0.75,0.04023361453601558,0.5454545454545454,0.5454545454545455,0.6454545454545455,0.3902439024390243,0.25,0.75,0.25,0.20164986251145733,0.20152671755725193,0.2018348623853211,0.2017114914425428,0.20164986251145733,0.2017114914425428,1.0,0.5,0.0,0.3879003558718861,0.15517241379310345,0.1011436740528949,0.3333333333333333,0.3333333333333333,0.0,0.06265256305939787,0.37548387096774194,0.6895161290322581,0.7971952535059331,0.29186142425075606,0.30487804878048785,0.0,0.25,0.0
Medchal Malkajgiri,Telangana,0.7777777777777715,0.19719387755102039,0.0,0.0,0.0,0.0,0.0,0.0,0.0,0.5,0.6666666666666667,0.16095910914207026,0.17655507300892523,0.804979253112033,0.5,0.0,0.1503759398496241,0.45768566493955093,0.9533073929961087,0.43999999999999995,0.607142857142857,0.9595744680851064,0.627906976744186,0.0,0.0,0.6666666666666666,0.3333333333333333,0.8805513016845329,0.7476635514018692,0.4194008559201141,0.0,1.0,0.0,0.5330459770114941,0.04761904761904763,0.5325670498084292,0.6666666666666666,0.3333333333333333,0.7806060606060605,0.5287356321839081,0.045364891518737675,0.548802946593002,0.25,0.75,0.0,0.75,0.04023361453601558,0.5454545454545454,0.5454545454545455,0.6454545454545455,0.3902439024390243,0.25,0.75,0.25,0.20164986251145733,0.20152671755725193,0.2018348623853211,0.2017114914425428,0.20164986251145733,0.2017114914425428,1.0,0.5,0.0,0.3879003558718861,0.15517241379310345,0.1011436740528949,0.3333333333333333,0.3333333333333333,0.0,0.06265256305939787,0.37548387096774194,0.6895161290322581,0.7971952535059331,0.29186142425075606,0.30487804878048785,0.0,0.25,0.0
Medchal Malkajgiri,Telangana,0.8888888888888857,0.07879464285714285,0.0,0.0,0.0,0.0,0.0,0.0,0.0,0.5,0.6666666666666667,0.06651499730587318,0.07465034367198989,0.7302904564315353,0.0,0.0,0.1503759398496241,0.45768566493955093,0.9533073929961087,0.43999999999999995,0.607142857142857,0.9595744680851064,0.627906976744186,0.0,0.0,0.6666666666666666,0.3333333333333333,0.8805513016845329,0.7476635514018692,0.4194008559201141,0.0,1.0,0.0,0.5330459770114941,0.04761904761904763,0.5325670498084292,0.6666666666666666,0.3333333333333333,0.7806060606060605,0.5287356321839081,0.045364891518737675,0.548802946593002,0.25,0.75,0.0,0.75,0.04023361453601558,0.5454545454545454,0.5454545454545455,0.6454545454545455,0.3902439024390243,0.25,0.75,0.25,0.20164986251145733,0.20152671755725193,0.2018348623853211,0.2017114914425428,0.20164986251145733,0.2017114914425428,1.0,0.5,0.0,0.3879003558718861,0.15517241379310345,0.1011436740528949,0.3333333333333333,0.3333333333333333,0.0,0.06265256305939787,0.37548387096774194,0.6895161290322581,0.7971952535059331,0.29186142425075606,0.30487804878048785,0.0,0.25,0.0
Medchal Malkajgiri,Telangana,1.0,0.275797193877551,1.0,1.0,0.7045454545454546,0.5633802816901409,0.4430379746835443,1.0,0.0,0.0,0.6666666666666667,0.31221936179129495,0.30947577197961906,0.5269709543568464,0.75,0.6666666666666666,0.1503759398496241,0.45768566493955093,0.9533073929961087,0.43999999999999995,0.607142857142857,0.9595744680851064,0.627906976744186,0.0,0.0,0.6666666666666666,0.3333333333333333,0.8805513016845329,0.7476635514018692,0.4194008559201141,0.0,1.0,0.0,0.5330459770114941,0.04761904761904763,0.5325670498084292,0.6666666666666666,0.3333333333333333,0.7806060606060605,0.5287356321839081,0.045364891518737675,0.548802946593002,0.25,0.75,0.0,0.75,0.04023361453601558,0.5454545454545454,0.5454545454545455,0.6454545454545455,0.3902439024390243,0.25,0.75,0.25,0.20164986251145733,0.20152671755725193,0.2018348623853211,0.2017114914425428,0.20164986251145733,0.2017114914425428,1.0,0.5,0.0,0.3879003558718861,0.15517241379310345,0.1011436740528949,0.3333333333333333,0.3333333333333333,0.0,0.06265256305939787,0.37548387096774194,0.6895161290322581,0.7971952535059331,0.29186142425075606,0.30487804878048785,0.0,0.25,0.0
Sangareddy,Telangana,0.0,0.3600127551020408,1.0,1.0,0.4545454545454546,0.056338028169014086,0.9873417721518987,1.0,0.0,0.0,0.6666666666666667,0.3570616056995749,0.3449372499401566,0.4522821576763487,0.75,0.6666666666666666,0.29473684210526313,0.6390328151986182,0.5097276264591439,0.4,0.5357142857142854,0.05957446808510638,0.7093023255813954,0.625,0.6666666666666666,0.3333333333333333,1.0,0.6952526799387443,0.5654205607476636,0.0,0.0,1.0,0.0,0.2140804597701149,0.29629629629629634,0.2145593869731801,0.3333333333333333,0.0,0.19272727272727272,0.7816091954022988,0.3254437869822486,0.4530386740331492,0.875,0.25,0.6666666666666666,0.5,0.04153147306943543,0.712121212121212,0.7121212121212123,0.0,0.36585365853658525,0.25,0.75,0.25,0.8900091659028413,0.8900763358778626,0.889908256880734,0.8899755501222495,0.8900091659028413,0.8899755501222495,0.0,1.0,0.0,0.06761565836298931,0.27586206896551724,0.045746962115797,0.6666666666666666,0.6666666666666666,1.0,0.012205044751830756,0.23870967741935478,0.5483870967741936,0.3290183387270766,0.4701677206488863,0.4621951219512195,0.0,0.5,0.3333333333333333
Sangareddy,Telangana,0.11111111111111427,0.20621811224489792,0.0,0.0,0.0,0.0,0.0,0.0,0.0,0.5,0.6666666666666667,0.23917859067233432,0.2299011729302739,0.42738589211618283,0.5,0.3333333333333333,0.29473684210526313,0.6390328151986182,0.5097276264591439,0.4,0.5357142857142854,0.05957446808510638,0.7093023255813954,0.625,0.6666666666666666,0.3333333333333333,1.0,0.6952526799387443,0.5654205607476636,0.0,0.0,1.0,0.0,0.2140804597701149,0.29629629629629634,0.2145593869731801,0.3333333333333333,0.0,0.19272727272727272,0.7816091954022988,0.3254437869822486,0.4530386740331492,0.875,0.25,0.6666666666666666,0.5,0.04153147306943543,0.712121212121212,0.7121212121212123,0.0,0.36585365853658525,0.25,0.75,0.25,0.8900091659028413,0.8900763358778626,0.889908256880734,0.8899755501222495,0.8900091659028413,0.8899755501222495,0.0,1.0,0.0,0.06761565836298931,0.27586206896551724,0.045746962115797,0.6666666666666666,0.6666666666666666,1.0,0.012205044751830756,0.23870967741935478,0.5483870967741936,0.3290183387270766,0.4701677206488863,0.4621951219512195,0.0,0.5,0.3333333333333333
Sangareddy,Telangana,0.22222222222220012,0.3373724489795918,1.0,1.0,0.045454545454545456,0.11267605633802817,0.31645569620253167,1.0,0.0,0.5,0.0,0.3285936658085374,0.3228122969599562,0.5020746887966809,0.75,0.6666666666666666,0.29473684210526313,0.6390328151986182,0.5097276264591439,0.4,0.5357142857142854,0.05957446808510638,0.7093023255813954,0.625,0.6666666666666666,0.3333333333333333,1.0,0.6952526799387443,0.5654205607476636,0.0,0.0,1.0,0.0,0.2140804597701149,0.29629629629629634,0.2145593869731801,0.3333333333333333,0.0,0.19272727272727272,0.7816091954022988,0.3254437869822486,0.4530386740331492,0.875,0.25,0.6666666666666666,0.5,0.04153147306943543,0.712121212121212,0.7121212121212123,0.0,0.36585365853658525,0.25,0.75,0.25,0.8900091659028413,0.8900763358778626,0.889908256880734,0.8899755501222495,0.8900091659028413,0.8899755501222495,0.0,1.0,0.0,0.06761565836298931,0.27586206896551724,0.045746962115797,0.6666666666666666,0.6666666666666666,1.0,0.012205044751830756,0.23870967741935478,0.5483870967741936,0.3290183387270766,0.4701677206488863,0.4621951219512195,0.0,0.5,0.3333333333333333
Sangareddy,Telangana,0.3333333333333144,0.14952168367346938,0.0,0.0,0.0,0.0,0.0,0.0,0.0,0.5,0.6666666666666667,0.14587199904208822,0.15696064015319905,0.7344398340248963,0.25,0.0,0.29473684210526313,0.6390328151986182,0.5097276264591439,0.4,0.5357142857142854,0.05957446808510638,0.7093023255813954,0.625,0.6666666666666666,0.3333333333333333,1.0,0.6952526799387443,0.5654205607476636,0.0,0.0,1.0,0.0,0.2140804597701149,0.29629629629629634,0.2145593869731801,0.3333333333333333,0.0,0.19272727272727272,0.7816091954022988,0.3254437869822486,0.4530386740331492,0.875,0.25,0.6666666666666666,0.5,0.04153147306943543,0.712121212121212,0.7121212121212123,0.0,0.36585365853658525,0.25,0.75,0.25,0.8900091659028413,0.8900763358778626,0.889908256880734,0.8899755501222495,0.8900091659028413,0.8899755501222495,0.0,1.0,0.0,0.06761565836298931,0.27586206896551724,0.045746962115797,0.6666666666666666,0.6666666666666666,1.0,0.012205044751830756,0.23870967741935478,0.5483870967741936,0.3290183387270766,0.4701677206488863,0.4621951219512195,0.0,0.5,0.3333333333333333
Sangareddy,Telangana,0.44444444444442865,0.2752232142857143,1.0,1.0,0.09090909090909091,0.26760563380281693,0.24050632911392406,1.0,0.0,0.0,0.0,0.308088367359157,0.298088431419485,0.4522821576763487,0.75,0.6666666666666666,0.29473684210526313,0.6390328151986182,0.5097276264591439,0.4,0.5357142857142854,0.05957446808510638,0.7093023255813954,0.625,0.6666666666666666,0.3333333333333333,1.0,0.6952526799387443,0.5654205607476636,0.0,0.0,1.0,0.0,0.2140804597701149,0.29629629629629634,0.2145593869731801,0.3333333333333333,0.0,0.19272727272727272,0.7816091954022988,0.3254437869822486,0.4530386740331492,0.875,0.25,0.6666666666666666,0.5,0.04153147306943543,0.712121212121212,0.7121212121212123,0.0,0.36585365853658525,0.25,0.75,0.25,0.8900091659028413,0.8900763358778626,0.889908256880734,0.8899755501222495,0.8900091659028413,0.8899755501222495,0.0,1.0,0.0,0.06761565836298931,0.27586206896551724,0.045746962115797,0.6666666666666666,0.6666666666666666,1.0,0.012205044751830756,0.23870967741935478,0.5483870967741936,0.3290183387270766,0.4701677206488863,0.4621951219512195,0.0,0.5,0.3333333333333333
Sangareddy,Telangana,0.5555555555555429,0.47152423469387744,1.0,1.0,0.5909090909090909,0.1971830985915493,0.7974683544303798,0.0,1.0,1.0,0.6666666666666667,0.5193977129856912,0.5278186232602675,0.6265560165975104,1.0,1.0,0.29473684210526313,0.6390328151986182,0.5097276264591439,0.4,0.5357142857142854,0.05957446808510638,0.7093023255813954,0.625,0.6666666666666666,0.3333333333333333,1.0,0.6952526799387443,0.5654205607476636,0.0,0.0,1.0,0.0,0.2140804597701149,0.29629629629629634,0.2145593869731801,0.3333333333333333,0.0,0.19272727272727272,0.7816091954022988,0.3254437869822486,0.4530386740331492,0.875,0.25,0.6666666666666666,0.5,0.04153147306943543,0.712121212121212,0.7121212121212123,0.0,0.36585365853658525,0.25,0.75,0.25,0.8900091659028413,0.8900763358778626,0.889908256880734,0.8899755501222495,0.8900091659028413,0.8899755501222495,0.0,1.0,0.0,0.06761565836298931,0.27586206896551724,0.045746962115797,0.6666666666666666,0.6666666666666666,1.0,0.012205044751830756,0.23870967741935478,0.5483870967741936,0.3290183387270766,0.4701677206488863,0.4621951219512195,0.0,0.5,0.3333333333333333
Sangareddy,Telangana,0.6666666666666572,0.2332270408163265,0.0,0.0,0.0,0.0,0.0,0.0,0.0,0.5,0.6666666666666667,0.19023528707417828,0.18585644427726292,0.46473029045643166,0.5,0.0,0.29473684210526313,0.6390328151986182,0.5097276264591439,0.4,0.5357142857142854,0.05957446808510638,0.7093023255813954,0.625,0.6666666666666666,0.3333333333333333,1.0,0.6952526799387443,0.5654205607476636,0.0,0.0,1.0,0.0,0.2140804597701149,0.29629629629629634,0.2145593869731801,0.3333333333333333,0.0,0.19272727272727272,0.7816091954022988,0.3254437869822486,0.4530386740331492,0.875,0.25,0.6666666666666666,0.5,0.04153147306943543,0.712121212121212,0.7121212121212123,0.0,0.36585365853658525,0.25,0.75,0.25,0.8900091659028413,0.8900763358778626,0.889908256880734,0.8899755501222495,0.8900091659028413,0.8899755501222495,0.0,1.0,0.0,0.06761565836298931,0.27586206896551724,0.045746962115797,0.6666666666666666,0.6666666666666666,1.0,0.012205044751830756,0.23870967741935478,0.5483870967741936,0.3290183387270766,0.4701677206488863,0.4621951219512195,0.0,0.5,0.3333333333333333
Sangareddy,Telangana,0.7777777777777715,0.09186862244897959,0.0,0.0,0.0,0.0,0.0,0.0,0.0,0.5,0.6666666666666667,0.06295276297671076,0.05775741203022945,0.2780082987551866,0.0,0.0,0.29473684210526313,0.6390328151986182,0.5097276264591439,0.4,0.5357142857142854,0.05957446808510638,0.7093023255813954,0.625,0.6666666666666666,0.3333333333333333,1.0,0.6952526799387443,0.5654205607476636,0.0,0.0,1.0,0.0,0.2140804597701149,0.29629629629629634,0.2145593869731801,0.3333333333333333,0.0,0.19272727272727272,0.7816091954022988,0.3254437869822486,0.4530386740331492,0.875,0.25,0.6666666666666666,0.5,0.04153147306943543,0.712121212121212,0.7121212121212123,0.0,0.36585365853658525,0.25,0.75,0.25,0.8900091659028413,0.8900763358778626,0.889908256880734,0.8899755501222495,0.8900091659028413,0.8899755501222495,0.0,1.0,0.0,0.06761565836298931,0.27586206896551724,0.045746962115797,0.6666666666666666,0.6666666666666666,1.0,0.012205044751830756,0.23870967741935478,0.5483870967741936,0.3290183387270766,0.4701677206488863,0.4621951219512195,0.0,0.5,0.3333333333333333
Sangareddy,Telangana,0.8888888888888857,0.31320153061224487,1.0,1.0,0.06818181818181818,0.4647887323943662,0.06329113924050633,1.0,0.0,0.0,0.0,0.29069628210501103,0.29131758027562155,0.5601659751037342,0.75,0.6666666666666666,0.29473684210526313,0.6390328151986182,0.5097276264591439,0.4,0.5357142857142854,0.05957446808510638,0.7093023255813954,0.625,0.6666666666666666,0.3333333333333333,1.0,0.6952526799387443,0.5654205607476636,0.0,0.0,1.0,0.0,0.2140804597701149,0.29629629629629634,0.2145593869731801,0.3333333333333333,0.0,0.19272727272727272,0.7816091954022988,0.3254437869822486,0.4530386740331492,0.875,0.25,0.6666666666666666,0.5,0.04153147306943543,0.712121212121212,0.7121212121212123,0.0,0.36585365853658525,0.25,0.75,0.25,0.8900091659028413,0.8900763358778626,0.889908256880734,0.8899755501222495,0.8900091659028413,0.8899755501222495,0.0,1.0,0.0,0.06761565836298931,0.27586206896551724,0.045746962115797,0.6666666666666666,0.6666666666666666,1.0,0.012205044751830756,0.23870967741935478,0.5483870967741936,0.3290183387270766,0.4701677206488863,0.4621951219512195,0.0,0.5,0.3333333333333333
Sangareddy,Telangana,1.0,0.1995535714285714,0.0,0.0,0.0,0.0,0.0,0.0,0.0,0.5,0.6666666666666667,0.22400167634556667,0.23311561741271414,0.6680497925311206,0.5,0.0,0.29473684210526313,0.6390328151986182,0.5097276264591439,0.4,0.5357142857142854,0.05957446808510638,0.7093023255813954,0.625,0.6666666666666666,0.3333333333333333,1.0,0.6952526799387443,0.5654205607476636,0.0,0.0,1.0,0.0,0.2140804597701149,0.29629629629629634,0.2145593869731801,0.3333333333333333,0.0,0.19272727272727272,0.7816091954022988,0.3254437869822486,0.4530386740331492,0.875,0.25,0.6666666666666666,0.5,0.04153147306943543,0.712121212121212,0.7121212121212123,0.0,0.36585365853658525,0.25,0.75,0.25,0.8900091659028413,0.8900763358778626,0.889908256880734,0.8899755501222495,0.8900091659028413,0.8899755501222495,0.0,1.0,0.0,0.06761565836298931,0.27586206896551724,0.045746962115797,0.6666666666666666,0.6666666666666666,1.0,0.012205044751830756,0.23870967741935478,0.5483870967741936,0.3290183387270766,0.4701677206488863,0.4621951219512195,0.0,0.5,0.3333333333333333
Medak,Telangana,0.0,0.20943877551020407,0.0,0.0,0.0,0.0,0.0,0.0,0.0,0.5,0.6666666666666667,0.25043405376279704,0.2518209486030845,0.5643153526970957,0.5,0.0,0.9744360902255639,0.08981001727115717,0.0,0.88,0.2857142857142858,0.3276595744680851,0.0,0.375,1.0,1.0,0.0,0.110260336906585,0.06853582554517133,0.22824536376604848,0.24290220820189273,0.25,0.3333333333333333,0.19971264367816086,0.2698412698412699,0.1992337164750958,0.3333333333333333,0.0,0.5393939393939394,0.20919540229885053,0.16765285996055226,0.19889502762430938,0.4583333333333333,0.5,0.3333333333333333,0.0,0.21252433484750163,0.2727272727272727,0.2727272727272728,0.7363636363636364,0.4390243902439024,0.5,0.5,0.5,0.27039413382218147,0.2702290076335878,0.27155963302752295,0.2701711491442543,0.27039413382218147,0.2701711491442543,1.0,0.5,0.0,0.02846975088967972,0.8620689655172413,0.3899213724088635,0.6666666666666666,1.0,0.0,0.03482506102522376,0.32387096774193547,0.6895161290322581,0.5242718446601942,0.740582897992851,0.8414634146341464,0.1973094170403588,0.75,0.6666666666666666
Medak,Telangana,0.11111111111111427,0.47700892857142857,1.0,1.0,0.29545454545454547,0.5633802816901409,0.012658227848101266,0.0,0.0,0.5,0.3333333333333333,0.44048973238340416,0.44585028895804124,0.6099585062240664,1.0,0.6666666666666666,0.9744360902255639,0.08981001727115717,0.0,0.88,0.2857142857142858,0.3276595744680851,0.0,0.375,1.0,1.0,0.0,0.110260336906585,0.06853582554517133,0.22824536376604848,0.24290220820189273,0.25,0.3333333333333333,0.19971264367816086,0.2698412698412699,0.1992337164750958,0.3333333333333333,0.0,0.5393939393939394,0.20919540229885053,0.16765285996055226,0.19889502762430938,0.4583333333333333,0.5,0.3333333333333333,0.0,0.21252433484750163,0.2727272727272727,0.2727272727272728,0.7363636363636364,0.4390243902439024,0.5,0.5,0.5,0.27039413382218147,0.2702290076335878,0.27155963302752295,0.2701711491442543,0.27039413382218147,0.2701711491442543,1.0,0.5,0.0,0.02846975088967972,0.8620689655172413,0.3899213724088635,0.6666666666666666,1.0,0.0,0.03482506102522376,0.32387096774193547,0.6895161290322581,0.5242718446601942,0.740582897992851,0.8414634146341464,0.1973094170403588,0.75,0.6666666666666666
Medak,Telangana,0.22222222222220012,0.11530612244897959,0.0,0.0,0.0,0.0,0.0,0.0,0.0,0.5,0.6666666666666667,0.12464826677842303,0.12385870122764422,0.49377593360995853,0.25,0.0,0.9744360902255639,0.08981001727115717,0.0,0.88,0.2857142857142858,0.3276595744680851,0.0,0.375,1.0,1.0,0.0,0.110260336906585,0.06853582554517133,0.22824536376604848,0.24290220820189273,0.25,0.3333333333333333,0.19971264367816086,0.2698412698412699,0.1992337164750958,0.3333333333333333,0.0,0.5393939393939394,0.20919540229885053,0.16765285996055226,0.19889502762430938,0.4583333333333333,0.5,0.3333333333333333,0.0,0.21252433484750163,0.2727272727272727,0.2727272727272728,0.7363636363636364,0.4390243902439024,0.5,0.5,0.5,0.27039413382218147,0.2702290076335878,0.27155963302752295,0.2701711491442543,0.27039413382218147,0.2701711491442543,1.0,0.5,0.0,0.02846975088967972,0.8620689655172413,0.3899213724088635,0.6666666666666666,1.0,0.0,0.03482506102522376,0.32387096774193547,0.6895161290322581,0.5242718446601942,0.740582897992851,0.8414634146341464,0.1973094170403588,0.75,0.6666666666666666
Medak,Telangana,0.3333333333333144,0.2777742346938775,1.0,1.0,0.20454545454545456,0.2112676056338028,0.2911392405063291,1.0,0.0,0.0,0.3333333333333333,0.35227204693767583,0.3547515644769689,0.5850622406639006,0.75,0.6666666666666666,0.9744360902255639,0.08981001727115717,0.0,0.88,0.2857142857142858,0.3276595744680851,0.0,0.375,1.0,1.0,0.0,0.110260336906585,0.06853582554517133,0.22824536376604848,0.24290220820189273,0.25,0.3333333333333333,0.19971264367816086,0.2698412698412699,0.1992337164750958,0.3333333333333333,0.0,0.5393939393939394,0.20919540229885053,0.16765285996055226,0.19889502762430938,0.4583333333333333,0.5,0.3333333333333333,0.0,0.21252433484750163,0.2727272727272727,0.2727272727272728,0.7363636363636364,0.4390243902439024,0.5,0.5,0.5,0.27039413382218147,0.2702290076335878,0.27155963302752295,0.2701711491442543,0.27039413382218147,0.2701711491442543,1.0,0.5,0.0,0.02846975088967972,0.8620689655172413,0.3899213724088635,0.6666666666666666,1.0,0.0,0.03482506102522376,0.32387096774193547,0.6895161290322581,0.5242718446601942,0.740582897992851,0.8414634146341464,0.1973094170403588,0.75,0.6666666666666666
Medak,Telangana,0.44444444444442865,0.6380102040816327,1.0,1.0,0.7045454545454546,0.6901408450704225,0.8607594936708861,1.0,1.0,1.0,0.6666666666666667,0.5367598634975752,0.5392401600382999,0.5892116182572615,1.0,1.0,0.9744360902255639,0.08981001727115717,0.0,0.88,0.2857142857142858,0.3276595744680851,0.0,0.375,1.0,1.0,0.0,0.110260336906585,0.06853582554517133,0.22824536376604848,0.24290220820189273,0.25,0.3333333333333333,0.19971264367816086,0.2698412698412699,0.1992337164750958,0.3333333333333333,0.0,0.5393939393939394,0.20919540229885053,0.16765285996055226,0.19889502762430938,0.4583333333333333,0.5,0.3333333333333333,0.0,0.21252433484750163,0.2727272727272727,0.2727272727272728,0.7363636363636364,0.4390243902439024,0.5,0.5,0.5,0.27039413382218147,0.2702290076335878,0.27155963302752295,0.2701711491442543,0.27039413382218147,0.2701711491442543,1.0,0.5,0.0,0.02846975088967972,0.8620689655172413,0.3899213724088635,0.6666666666666666,1.0,0.0,0.03482506102522376,0.32387096774193547,0.6895161290322581,0.5242718446601942,0.740582897992851,0.8414634146341464,0.1973094170403588,0.75,0.6666666666666666
Medak,Telangana,0.5555555555555429,0.27554209183673467,0.0,0.0,0.0,0.0,0.0,0.0,0.0,0.5,0.6666666666666667,0.18302101418906783,0.19481585336661766,0.7219917012448134,0.5,0.0,0.9744360902255639,0.08981001727115717,0.0,0.88,0.2857142857142858,0.3276595744680851,0.0,0.375,1.0,1.0,0.0,0.110260336906585,0.06853582554517133,0.22824536376604848,0.24290220820189273,0.25,0.3333333333333333,0.19971264367816086,0.2698412698412699,0.1992337164750958,0.3333333333333333,0.0,0.5393939393939394,0.20919540229885053,0.16765285996055226,0.19889502762430938,0.4583333333333333,0.5,0.3333333333333333,0.0,0.21252433484750163,0.2727272727272727,0.2727272727272728,0.7363636363636364,0.4390243902439024,0.5,0.5,0.5,0.27039413382218147,0.2702290076335878,0.27155963302752295,0.2701711491442543,0.27039413382218147,0.2701711491442543,1.0,0.5,0.0,0.02846975088967972,0.8620689655172413,0.3899213724088635,0.6666666666666666,1.0,0.0,0.03482506102522376,0.32387096774193547,0.6895161290322581,0.5242718446601942,0.740582897992851,0.8414634146341464,0.1973094170403588,0.75,0.6666666666666666
Medak,Telangana,0.6666666666666572,0.029974489795918373,0.0,0.0,0.0,0.0,0.0,0.0,0.0,0.5,0.6666666666666667,0.07118481709872479,0.08063468180419246,0.7676348547717842,0.0,0.0,0.9744360902255639,0.08981001727115717,0.0,0.88,0.2857142857142858,0.3276595744680851,0.0,0.375,1.0,1.0,0.0,0.110260336906585,0.06853582554517133,0.22824536376604848,0.24290220820189273,0.25,0.3333333333333333,0.19971264367816086,0.2698412698412699,0.1992337164750958,0.3333333333333333,0.0,0.5393939393939394,0.20919540229885053,0.16765285996055226,0.19889502762430938,0.4583333333333333,0.5,0.3333333333333333,0.0,0.21252433484750163,0.2727272727272727,0.2727272727272728,0.7363636363636364,0.4390243902439024,0.5,0.5,0.5,0.27039413382218147,0.2702290076335878,0.27155963302752295,0.2701711491442543,0.27039413382218147,0.2701711491442543,1.0,0.5,0.0,0.02846975088967972,0.8620689655172413,0.3899213724088635,0.6666666666666666,1.0,0.0,0.03482506102522376,0.32387096774193547,0.6895161290322581,0.5242718446601942,0.740582897992851,0.8414634146341464,0.1973094170403588,0.75,0.6666666666666666
Medak,Telangana,0.7777777777777715,0.3691645408163265,1.0,1.0,0.20454545454545456,0.47887323943661975,0.9493670886075949,1.0,0.0,0.0,0.3333333333333333,0.33077890199365384,0.3207605238860582,0.4605809128630707,0.75,0.6666666666666666,0.9744360902255639,0.08981001727115717,0.0,0.88,0.2857142857142858,0.3276595744680851,0.0,0.375,1.0,1.0,0.0,0.110260336906585,0.06853582554517133,0.22824536376604848,0.24290220820189273,0.25,0.3333333333333333,0.19971264367816086,0.2698412698412699,0.1992337164750958,0.3333333333333333,0.0,0.5393939393939394,0.20919540229885053,0.16765285996055226,0.19889502762430938,0.4583333333333333,0.5,0.3333333333333333,0.0,0.21252433484750163,0.2727272727272727,0.2727272727272728,0.7363636363636364,0.4390243902439024,0.5,0.5,0.5,0.27039413382218147,0.2702290076335878,0.27155963302752295,0.2701711491442543,0.27039413382218147,0.2701711491442543,1.0,0.5,0.0,0.02846975088967972,0.8620689655172413,0.3899213724088635,0.6666666666666666,1.0,0.0,0.03482506102522376,0.32387096774193547,0.6895161290322581,0.5242718446601942,0.740582897992851,0.8414634146341464,0.1973094170403588,0.75,0.6666666666666666
Medak,Telangana,0.8888888888888857,0.2589923469387755,0.0,0.0,0.0,0.0,0.0,0.0,0.0,0.5,0.6666666666666667,0.20654972160689697,0.2183086550627501,0.7095435684647304,0.5,0.0,0.9744360902255639,0.08981001727115717,0.0,0.88,0.2857142857142858,0.3276595744680851,0.0,0.375,1.0,1.0,0.0,0.110260336906585,0.06853582554517133,0.22824536376604848,0.24290220820189273,0.25,0.3333333333333333,0.19971264367816086,0.2698412698412699,0.1992337164750958,0.3333333333333333,0.0,0.5393939393939394,0.20919540229885053,0.16765285996055226,0.19889502762430938,0.4583333333333333,0.5,0.3333333333333333,0.0,0.21252433484750163,0.2727272727272727,0.2727272727272728,0.7363636363636364,0.4390243902439024,0.5,0.5,0.5,0.27039413382218147,0.2702290076335878,0.27155963302752295,0.2701711491442543,0.27039413382218147,0.2701711491442543,1.0,0.5,0.0,0.02846975088967972,0.8620689655172413,0.3899213724088635,0.6666666666666666,1.0,0.0,0.03482506102522376,0.32387096774193547,0.6895161290322581,0.5242718446601942,0.740582897992851,0.8414634146341464,0.1973094170403588,0.75,0.6666666666666666
Medak,Telangana,1.0,0.4384885204081632,1.0,1.0,0.6590909090909091,0.15492957746478875,0.16455696202531644,1.0,0.0,0.5,0.6666666666666667,0.43602945578638563,0.43603597442122904,0.5684647302904566,1.0,0.6666666666666666,0.9744360902255639,0.08981001727115717,0.0,0.88,0.2857142857142858,0.3276595744680851,0.0,0.375,1.0,1.0,0.0,0.110260336906585,0.06853582554517133,0.22824536376604848,0.24290220820189273,0.25,0.3333333333333333,0.19971264367816086,0.2698412698412699,0.1992337164750958,0.3333333333333333,0.0,0.5393939393939394,0.20919540229885053,0.16765285996055226,0.19889502762430938,0.4583333333333333,0.5,0.3333333333333333,0.0,0.21252433484750163,0.2727272727272727,0.2727272727272728,0.7363636363636364,0.4390243902439024,0.5,0.5,0.5,0.27039413382218147,0.2702290076335878,0.27155963302752295,0.2701711491442543,0.27039413382218147,0.2701711491442543,1.0,0.5,0.0,0.02846975088967972,0.8620689655172413,0.3899213724088635,0.6666666666666666,1.0,0.0,0.03482506102522376,0.32387096774193547,0.6895161290322581,0.5242718446601942,0.740582897992851,0.8414634146341464,0.1973094170403588,0.75,0.6666666666666666
Nizamabad,Telangana,0.0,0.4806441326530612,1.0,1.0,0.8409090909090909,0.07042253521126761,0.9746835443037974,1.0,0.0,0.5,1.0,0.40462791115368496,0.4108333618301816,0.6141078838174279,0.75,0.6666666666666666,0.2977443609022556,0.5803108808290154,0.39688715953307385,0.28,0.2142857142857142,0.925531914893617,0.03488372093023254,0.5,0.3333333333333333,0.0,0.6666666666666666,0.5742725880551302,0.5482866043613708,0.579885877318117,0.0,0.75,0.0,0.12356321839080459,0.24338624338624343,0.12452107279693486,0.0,0.0,0.45333333333333337,0.8275862068965518,0.6153846153846153,0.6279926335174955,0.9166666666666666,0.5,0.3333333333333333,0.0,0.3082414016872161,0.2272727272727273,0.2272727272727273,0.28181818181818186,0.902439024390244,0.75,0.25,0.75,0.4124656278643446,0.4122137404580153,0.4128440366972478,0.4119804400977996,0.4124656278643446,0.41259168704156485,0.5,0.5,1.0,0.6797153024911032,0.10344827586206895,0.49678341672623294,0.0,0.6666666666666666,0.0,0.03298074315161378,0.9574193548387095,0.3911290322580645,0.3290183387270766,0.1218036843552378,0.18414634146341466,0.0,0.25,0.0
Nizamabad,Telangana,0.11111111111111427,0.14049744897959185,0.0,0.0,0.0,0.0,0.0,0.0,0.0,0.5,0.6666666666666667,0.14401604502185233,0.15248093560852172,0.6846473029045641,0.25,0.0,0.2977443609022556,0.5803108808290154,0.39688715953307385,0.28,0.2142857142857142,0.925531914893617,0.03488372093023254,0.5,0.3333333333333333,0.0,0.6666666666666666,0.5742725880551302,0.5482866043613708,0.579885877318117,0.0,0.75,0.0,0.12356321839080459,0.24338624338624343,0.12452107279693486,0.0,0.0,0.45333333333333337,0.8275862068965518,0.6153846153846153,0.6279926335174955,0.9166666666666666,0.5,0.3333333333333333,0.0,0.3082414016872161,0.2272727272727273,0.2272727272727273,0.28181818181818186,0.902439024390244,0.75,0.25,0.75,0.4124656278643446,0.4122137404580153,0.4128440366972478,0.4119804400977996,0.4124656278643446,0.41259168704156485,0.5,0.5,1.0,0.6797153024911032,0.10344827586206895,0.49678341672623294,0.0,0.6666666666666666,0.0,0.03298074315161378,0.9574193548387095,0.3911290322580645,0.3290183387270766,0.1218036843552378,0.18414634146341466,0.0,0.25,0.0
Nizamabad,Telangana,0.22222222222220012,0.37480867346938773,1.0,1.0,0.5681818181818182,0.2535211267605634,0.49367088607594933,1.0,0.0,0.0,0.6666666666666667,0.33583787343590965,0.3282152993878877,0.48547717842323657,0.75,0.6666666666666666,0.2977443609022556,0.5803108808290154,0.39688715953307385,0.28,0.2142857142857142,0.925531914893617,0.03488372093023254,0.5,0.3333333333333333,0.0,0.6666666666666666,0.5742725880551302,0.5482866043613708,0.579885877318117,0.0,0.75,0.0,0.12356321839080459,0.24338624338624343,0.12452107279693486,0.0,0.0,0.45333333333333337,0.8275862068965518,0.6153846153846153,0.6279926335174955,0.9166666666666666,0.5,0.3333333333333333,0.0,0.3082414016872161,0.2272727272727273,0.2272727272727273,0.28181818181818186,0.902439024390244,0.75,0.25,0.75,0.4124656278643446,0.4122137404580153,0.4128440366972478,0.4119804400977996,0.4124656278643446,0.41259168704156485,0.5,0.5,1.0,0.6797153024911032,0.10344827586206895,0.49678341672623294,0.0,0.6666666666666666,0.0,0.03298074315161378,0.9574193548387095,0.3911290322580645,0.3290183387270766,0.1218036843552378,0.18414634146341466,0.0,0.25,0.0
Nizamabad,Telangana,0.3333333333333144,0.6585140306122449,1.0,1.0,0.7272727272727273,0.7183098591549296,0.46835443037974683,1.0,1.0,1.0,0.6666666666666667,0.5266119858708016,0.5292206681940979,0.5892116182572615,1.0,1.0,0.2977443609022556,0.5803108808290154,0.39688715953307385,0.28,0.2142857142857142,0.925531914893617,0.03488372093023254,0.5,0.3333333333333333,0.0,0.6666666666666666,0.5742725880551302,0.5482866043613708,0.579885877318117,0.0,0.75,0.0,0.12356321839080459,0.24338624338624343,0.12452107279693486,0.0,0.0,0.45333333333333337,0.8275862068965518,0.6153846153846153,0.6279926335174955,0.9166666666666666,0.5,0.3333333333333333,0.0,0.3082414016872161,0.2272727272727273,0.2272727272727273,0.28181818181818186,0.902439024390244,0.75,0.25,0.75,0.4124656278643446,0.4122137404580153,0.4128440366972478,0.4119804400977996,0.4124656278643446,0.41259168704156485,0.5,0.5,1.0,0.6797153024911032,0.10344827586206895,0.49678341672623294,0.0,0.6666666666666666,0.0,0.03298074315161378,0.9574193548387095,0.3911290322580645,0.3290183387270766,0.1218036843552378,0.18414634146341466,0.0,0.25,0.0
Nizamabad,Telangana,0.44444444444442865,0.26109693877551016,0.0,0.0,0.0,0.0,0.0,0.0,0.0,0.5,0.6666666666666667,0.22373226366520982,0.22501111377081695,0.5601659751037342,0.5,0.0,0.2977443609022556,0.5803108808290154,0.39688715953307385,0.28,0.2142857142857142,0.925531914893617,0.03488372093023254,0.5,0.3333333333333333,0.0,0.6666666666666666,0.5742725880551302,0.5482866043613708,0.579885877318117,0.0,0.75,0.0,0.12356321839080459,0.24338624338624343,0.12452107279693486,0.0,0.0,0.45333333333333337,0.8275862068965518,0.6153846153846153,0.6279926335174955,0.9166666666666666,0.5,0.3333333333333333,0.0,0.3082414016872161,0.2272727272727273,0.2272727272727273,0.28181818181818186,0.902439024390244,0.75,0.25,0.75,0.4124656278643446,0.4122137404580153,0.4128440366972478,0.4119804400977996,0.4124656278643446,0.41259168704156485,0.5,0.5,1.0,0.6797153024911032,0.10344827586206895,0.49678341672623294,0.0,0.6666666666666666,0.0,0.03298074315161378,0.9574193548387095,0.3911290322580645,0.3290183387270766,0.1218036843552378,0.18414634146341466,0.0,0.25,0.0
Nizamabad,Telangana,0.5555555555555429,0.07493622448979592,0.0,0.0,0.0,0.0,0.0,0.0,0.0,0.5,0.6666666666666667,0.09145063761001015,0.08829463461341175,0.4024896265560165,0.0,0.0,0.2977443609022556,0.5803108808290154,0.39688715953307385,0.28,0.2142857142857142,0.925531914893617,0.03488372093023254,0.5,0.3333333333333333,0.0,0.6666666666666666,0.5742725880551302,0.5482866043613708,0.579885877318117,0.0,0.75,0.0,0.12356321839080459,0.24338624338624343,0.12452107279693486,0.0,0.0,0.45333333333333337,0.8275862068965518,0.6153846153846153,0.6279926335174955,0.9166666666666666,0.5,0.3333333333333333,0.0,0.3082414016872161,0.2272727272727273,0.2272727272727273,0.28181818181818186,0.902439024390244,0.75,0.25,0.75,0.4124656278643446,0.4122137404580153,0.4128440366972478,0.4119804400977996,0.4124656278643446,0.41259168704156485,0.5,0.5,1.0,0.6797153024911032,0.10344827586206895,0.49678341672623294,0.0,0.6666666666666666,0.0,0.03298074315161378,0.9574193548387095,0.3911290322580645,0.3290183387270766,0.1218036843552378,0.18414634146341466,0.0,0.25,0.0
Nizamabad,Telangana,0.6666666666666572,0.3576849489795918,1.0,1.0,0.045454545454545456,0.7464788732394366,0.6329113924050633,1.0,0.0,0.0,0.0,0.4043884332155899,0.41459494579899464,0.6473029045643157,0.75,0.6666666666666666,0.2977443609022556,0.5803108808290154,0.39688715953307385,0.28,0.2142857142857142,0.925531914893617,0.03488372093023254,0.5,0.3333333333333333,0.0,0.6666666666666666,0.5742725880551302,0.5482866043613708,0.579885877318117,0.0,0.75,0.0,0.12356321839080459,0.24338624338624343,0.12452107279693486,0.0,0.0,0.45333333333333337,0.8275862068965518,0.6153846153846153,0.6279926335174955,0.9166666666666666,0.5,0.3333333333333333,0.0,0.3082414016872161,0.2272727272727273,0.2272727272727273,0.28181818181818186,0.902439024390244,0.75,0.25,0.75,0.4124656278643446,0.4122137404580153,0.4128440366972478,0.4119804400977996,0.4124656278643446,0.41259168704156485,0.5,0.5,1.0,0.6797153024911032,0.10344827586206895,0.49678341672623294,0.0,0.6666666666666666,0.0,0.03298074315161378,0.9574193548387095,0.3911290322580645,0.3290183387270766,0.1218036843552378,0.18414634146341466,0.0,0.25,0.0
Nizamabad,Telangana,0.7777777777777715,0.2455038265306122,0.0,0.0,0.0,0.0,0.0,0.0,0.0,0.5,0.6666666666666667,0.23007842902472608,0.2306534897240365,0.5518672199170127,0.5,0.0,0.2977443609022556,0.5803108808290154,0.39688715953307385,0.28,0.2142857142857142,0.925531914893617,0.03488372093023254,0.5,0.3333333333333333,0.0,0.6666666666666666,0.5742725880551302,0.5482866043613708,0.579885877318117,0.0,0.75,0.0,0.12356321839080459,0.24338624338624343,0.12452107279693486,0.0,0.0,0.45333333333333337,0.8275862068965518,0.6153846153846153,0.6279926335174955,0.9166666666666666,0.5,0.3333333333333333,0.0,0.3082414016872161,0.2272727272727273,0.2272727272727273,0.28181818181818186,0.902439024390244,0.75,0.25,0.75,0.4124656278643446,0.4122137404580153,0.4128440366972478,0.4119804400977996,0.4124656278643446,0.41259168704156485,0.5,0.5,1.0,0.6797153024911032,0.10344827586206895,0.49678341672623294,0.0,0.6666666666666666,0.0,0.03298074315161378,0.9574193548387095,0.3911290322580645,0.3290183387270766,0.1218036843552378,0.18414634146341466,0.0,0.25,0.0
Nizamabad,Telangana,0.8888888888888857,0.4060905612244897,1.0,1.0,0.18181818181818182,0.5915492957746479,0.7974683544303798,0.0,0.0,0.5,0.3333333333333333,0.46036640124528516,0.4605546626543104,0.5684647302904566,1.0,0.6666666666666666,0.2977443609022556,0.5803108808290154,0.39688715953307385,0.28,0.2142857142857142,0.925531914893617,0.03488372093023254,0.5,0.3333333333333333,0.0,0.6666666666666666,0.5742725880551302,0.5482866043613708,0.579885877318117,0.0,0.75,0.0,0.12356321839080459,0.24338624338624343,0.12452107279693486,0.0,0.0,0.45333333333333337,0.8275862068965518,0.6153846153846153,0.6279926335174955,0.9166666666666666,0.5,0.3333333333333333,0.0,0.3082414016872161,0.2272727272727273,0.2272727272727273,0.28181818181818186,0.902439024390244,0.75,0.25,0.75,0.4124656278643446,0.4122137404580153,0.4128440366972478,0.4119804400977996,0.4124656278643446,0.41259168704156485,0.5,0.5,1.0,0.6797153024911032,0.10344827586206895,0.49678341672623294,0.0,0.6666666666666666,0.0,0.03298074315161378,0.9574193548387095,0.3911290322580645,0.3290183387270766,0.1218036843552378,0.18414634146341466,0.0,0.25,0.0
Nizamabad,Telangana,1.0,0.17987882653061224,0.0,0.0,0.0,0.0,0.0,0.0,0.0,0.5,0.6666666666666667,0.11366221636831705,0.11243716444961188,0.4730290456431536,0.25,0.0,0.2977443609022556,0.5803108808290154,0.39688715953307385,0.28,0.2142857142857142,0.925531914893617,0.03488372093023254,0.5,0.3333333333333333,0.0,0.6666666666666666,0.5742725880551302,0.5482866043613708,0.579885877318117,0.0,0.75,0.0,0.12356321839080459,0.24338624338624343,0.12452107279693486,0.0,0.0,0.45333333333333337,0.8275862068965518,0.6153846153846153,0.6279926335174955,0.9166666666666666,0.5,0.3333333333333333,0.0,0.3082414016872161,0.2272727272727273,0.2272727272727273,0.28181818181818186,0.902439024390244,0.75,0.25,0.75,0.4124656278643446,0.4122137404580153,0.4128440366972478,0.4119804400977996,0.4124656278643446,0.41259168704156485,0.5,0.5,1.0,0.6797153024911032,0.10344827586206895,0.49678341672623294,0.0,0.6666666666666666,0.0,0.03298074315161378,0.9574193548387095,0.3911290322580645,0.3290183387270766,0.1218036843552378,0.18414634146341466,0.0,0.25,0.0
Kamareddy,Telangana,0.0,0.13692602040816326,0.0,0.0,0.0,0.0,0.0,0.0,0.0,0.5,0.6666666666666667,0.15434353110219717,0.16195328796635092,0.6639004149377592,0.25,0.0,0.2135338345864662,0.5146804835924006,0.9999999999999998,0.68,0.0,0.023404255319148942,0.0,0.0,0.0,0.6666666666666666,0.3333333333333333,0.9188361408882083,0.9034267912772586,0.6005706134094151,0.0,1.0,0.0,0.17816091954022986,0.24338624338624343,0.1781609195402299,0.3333333333333333,0.0,0.4909090909090909,0.08160919540229886,0.591715976331361,0.16574585635359118,0.5,0.5,0.3333333333333333,0.0,0.20765736534717716,0.3939393939393939,0.3939393939393939,0.8727272727272729,0.1707317073170731,0.5,0.5,0.5,0.9477543538038498,0.9465648854961831,0.9486238532110093,0.9486552567237165,0.9477543538038498,0.9480440097799512,0.0,1.0,0.0,0.17437722419928825,0.41379310344827586,0.5493209435310935,0.6666666666666666,0.0,0.0,0.005098996474098182,0.16258064516129028,0.3467741935483871,0.1747572815533981,0.7985977453945559,0.8865853658536585,0.4390134529147983,1.0,1.0
Kamareddy,Telangana,0.11111111111111427,0.33294005102040813,1.0,1.0,0.6136363636363636,0.5070422535211268,0.35443037974683544,0.0,0.0,0.0,0.6666666666666667,0.3292222953960366,0.3197346373491092,0.46473029045643166,0.75,0.6666666666666666,0.2135338345864662,0.5146804835924006,0.9999999999999998,0.68,0.0,0.023404255319148942,0.0,0.0,0.0,0.6666666666666666,0.3333333333333333,0.9188361408882083,0.9034267912772586,0.6005706134094151,0.0,1.0,0.0,0.17816091954022986,0.24338624338624343,0.1781609195402299,0.3333333333333333,0.0,0.4909090909090909,0.08160919540229886,0.591715976331361,0.16574585635359118,0.5,0.5,0.3333333333333333,0.0,0.20765736534717716,0.3939393939393939,0.3939393939393939,0.8727272727272729,0.1707317073170731,0.5,0.5,0.5,0.9477543538038498,0.9465648854961831,0.9486238532110093,0.9486552567237165,0.9477543538038498,0.9480440097799512,0.0,1.0,0.0,0.17437722419928825,0.41379310344827586,0.5493209435310935,0.6666666666666666,0.0,0.0,0.005098996474098182,0.16258064516129028,0.3467741935483871,0.1747572815533981,0.7985977453945559,0.8865853658536585,0.4390134529147983,1.0,1.0
Kamareddy,Telangana,0.22222222222220012,0.528188775510204,1.0,1.0,0.8409090909090909,0.38028169014084506,0.6835443037974683,0.0,1.0,1.0,1.0,0.579147458540382,0.5747700304346339,0.5477178423236513,1.0,1.0,0.2135338345864662,0.5146804835924006,0.9999999999999998,0.68,0.0,0.023404255319148942,0.0,0.0,0.0,0.6666666666666666,0.3333333333333333,0.9188361408882083,0.9034267912772586,0.6005706134094151,0.0,1.0,0.0,0.17816091954022986,0.24338624338624343,0.1781609195402299,0.3333333333333333,0.0,0.4909090909090909,0.08160919540229886,0.591715976331361,0.16574585635359118,0.5,0.5,0.3333333333333333,0.0,0.20765736534717716,0.3939393939393939,0.3939393939393939,0.8727272727272729,0.1707317073170731,0.5,0.5,0.5,0.9477543538038498,0.9465648854961831,0.9486238532110093,0.9486552567237165,0.9477543538038498,0.9480440097799512,0.0,1.0,0.0,0.17437722419928825,0.41379310344827586,0.5493209435310935,0.6666666666666666,0.0,0.0,0.005098996474098182,0.16258064516129028,0.3467741935483871,0.1747572815533981,0.7985977453945559,0.8865853658536585,0.4390134529147983,1.0,1.0
Kamareddy,Telangana,0.3333333333333144,0.22589285714285712,0.0,0.0,0.0,0.0,0.0,0.0,0.0,0.5,0.6666666666666667,0.18269173202418726,0.1900967752966522,0.6514522821576763,0.5,0.0,0.2135338345864662,0.5146804835924006,0.9999999999999998,0.68,0.0,0.023404255319148942,0.0,0.0,0.0,0.6666666666666666,0.3333333333333333,0.9188361408882083,0.9034267912772586,0.6005706134094151,0.0,1.0,0.0,0.17816091954022986,0.24338624338624343,0.1781609195402299,0.3333333333333333,0.0,0.4909090909090909,0.08160919540229886,0.591715976331361,0.16574585635359118,0.5,0.5,0.3333333333333333,0.0,0.20765736534717716,0.3939393939393939,0.3939393939393939,0.8727272727272729,0.1707317073170731,0.5,0.5,0.5,0.9477543538038498,0.9465648854961831,0.9486238532110093,0.9486552567237165,0.9477543538038498,0.9480440097799512,0.0,1.0,0.0,0.17437722419928825,0.41379310344827586,0.5493209435310935,0.6666666666666666,0.0,0.0,0.005098996474098182,0.16258064516129028,0.3467741935483871,0.1747572815533981,0.7985977453945559,0.8865853658536585,0.4390134529147983,1.0,1.0
Kamareddy,Telangana,0.44444444444442865,0.07809311224489796,0.0,0.0,0.0,0.0,0.0,0.0,0.0,0.5,0.6666666666666667,0.07768065616955036,0.08511438634886981,0.6970954356846475,0.0,0.0,0.2135338345864662,0.5146804835924006,0.9999999999999998,0.68,0.0,0.023404255319148942,0.0,0.0,0.0,0.6666666666666666,0.3333333333333333,0.9188361408882083,0.9034267912772586,0.6005706134094151,0.0,1.0,0.0,0.17816091954022986,0.24338624338624343,0.1781609195402299,0.3333333333333333,0.0,0.4909090909090909,0.08160919540229886,0.591715976331361,0.16574585635359118,0.5,0.5,0.3333333333333333,0.0,0.20765736534717716,0.3939393939393939,0.3939393939393939,0.8727272727272729,0.1707317073170731,0.5,0.5,0.5,0.9477543538038498,0.9465648854961831,0.9486238532110093,0.9486552567237165,0.9477543538038498,0.9480440097799512,0.0,1.0,0.0,0.17437722419928825,0.41379310344827586,0.5493209435310935,0.6666666666666666,0.0,0.0,0.005098996474098182,0.16258064516129028,0.3467741935483871,0.1747572815533981,0.7985977453945559,0.8865853658536585,0.4390134529147983,1.0,1.0
Kamareddy,Telangana,0.5555555555555429,0.34017857142857144,1.0,1.0,0.2272727272727273,0.5352112676056339,0.1518987341772152,0.0,0.0,0.0,0.3333333333333333,0.3625396635334969,0.35331532332524024,0.4813278008298756,0.75,0.6666666666666666,0.2135338345864662,0.5146804835924006,0.9999999999999998,0.68,0.0,0.023404255319148942,0.0,0.0,0.0,0.6666666666666666,0.3333333333333333,0.9188361408882083,0.9034267912772586,0.6005706134094151,0.0,1.0,0.0,0.17816091954022986,0.24338624338624343,0.1781609195402299,0.3333333333333333,0.0,0.4909090909090909,0.08160919540229886,0.591715976331361,0.16574585635359118,0.5,0.5,0.3333333333333333,0.0,0.20765736534717716,0.3939393939393939,0.3939393939393939,0.8727272727272729,0.1707317073170731,0.5,0.5,0.5,0.9477543538038498,0.9465648854961831,0.9486238532110093,0.9486552567237165,0.9477543538038498,0.9480440097799512,0.0,1.0,0.0,0.17437722419928825,0.41379310344827586,0.5493209435310935,0.6666666666666666,0.0,0.0,0.005098996474098182,0.16258064516129028,0.3467741935483871,0.1747572815533981,0.7985977453945559,0.8865853658536585,0.4390134529147983,1.0,1.0
Kamareddy,Telangana,0.6666666666666572,0.24789540816326527,0.0,0.0,0.0,0.0,0.0,0.0,0.0,0.5,0.6666666666666667,0.19550380171226722,0.20127893854939644,0.6224066390041494,0.5,0.0,0.2135338345864662,0.5146804835924006,0.9999999999999998,0.68,0.0,0.023404255319148942,0.0,0.0,0.0,0.6666666666666666,0.3333333333333333,0.9188361408882083,0.9034267912772586,0.6005706134094151,0.0,1.0,0.0,0.17816091954022986,0.24338624338624343,0.1781609195402299,0.3333333333333333,0.0,0.4909090909090909,0.08160919540229886,0.591715976331361,0.16574585635359118,0.5,0.5,0.3333333333333333,0.0,0.20765736534717716,0.3939393939393939,0.3939393939393939,0.8727272727272729,0.1707317073170731,0.5,0.5,0.5,0.9477543538038498,0.9465648854961831,0.9486238532110093,0.9486552567237165,0.9477543538038498,0.9480440097799512,0.0,1.0,0.0,0.17437722419928825,0.41379310344827586,0.5493209435310935,0.6666666666666666,0.0,0.0,0.005098996474098182,0.16258064516129028,0.3467741935483871,0.1747572815533981,0.7985977453945559,0.8865853658536585,0.4390134529147983,1.0,1.0
Kamareddy,Telangana,0.7777777777777715,0.34454719387755095,1.0,1.0,0.34090909090909094,0.4084507042253521,0.08860759493670886,0.0,0.0,0.5,0.3333333333333333,0.42600131712865946,0.42782888212563697,0.5809128630705391,1.0,0.6666666666666666,0.2135338345864662,0.5146804835924006,0.9999999999999998,0.68,0.0,0.023404255319148942,0.0,0.0,0.0,0.6666666666666666,0.3333333333333333,0.9188361408882083,0.9034267912772586,0.6005706134094151,0.0,1.0,0.0,0.17816091954022986,0.24338624338624343,0.1781609195402299,0.3333333333333333,0.0,0.4909090909090909,0.08160919540229886,0.591715976331361,0.16574585635359118,0.5,0.5,0.3333333333333333,0.0,0.20765736534717716,0.3939393939393939,0.3939393939393939,0.8727272727272729,0.1707317073170731,0.5,0.5,0.5,0.9477543538038498,0.9465648854961831,0.9486238532110093,0.9486552567237165,0.9477543538038498,0.9480440097799512,0.0,1.0,0.0,0.17437722419928825,0.41379310344827586,0.5493209435310935,0.6666666666666666,0.0,0.0,0.005098996474098182,0.16258064516129028,0.3467741935483871,0.1747572815533981,0.7985977453945559,0.8865853658536585,0.4390134529147983,1.0,1.0
Kamareddy,Telangana,0.8888888888888857,0.11823979591836734,0.0,0.0,0.0,0.0,0.0,0.0,0.0,0.5,0.6666666666666667,0.10492127162785128,0.10245186882330815,0.43568464730290435,0.25,0.0,0.2135338345864662,0.5146804835924006,0.9999999999999998,0.68,0.0,0.023404255319148942,0.0,0.0,0.0,0.6666666666666666,0.3333333333333333,0.9188361408882083,0.9034267912772586,0.6005706134094151,0.0,1.0,0.0,0.17816091954022986,0.24338624338624343,0.1781609195402299,0.3333333333333333,0.0,0.4909090909090909,0.08160919540229886,0.591715976331361,0.16574585635359118,0.5,0.5,0.3333333333333333,0.0,0.20765736534717716,0.3939393939393939,0.3939393939393939,0.8727272727272729,0.1707317073170731,0.5,0.5,0.5,0.9477543538038498,0.9465648854961831,0.9486238532110093,0.9486552567237165,0.9477543538038498,0.9480440097799512,0.0,1.0,0.0,0.17437722419928825,0.41379310344827586,0.5493209435310935,0.6666666666666666,0.0,0.0,0.005098996474098182,0.16258064516129028,0.3467741935483871,0.1747572815533981,0.7985977453945559,0.8865853658536585,0.4390134529147983,1.0,1.0
Kamareddy,Telangana,1.0,0.3313456632653061,1.0,1.0,0.045454545454545456,0.38028169014084506,0.4430379746835443,1.0,0.0,0.0,0.0,0.27788421241693106,0.27757070068050477,0.5477178423236513,0.75,0.3333333333333333,0.2135338345864662,0.5146804835924006,0.9999999999999998,0.68,0.0,0.023404255319148942,0.0,0.0,0.0,0.6666666666666666,0.3333333333333333,0.9188361408882083,0.9034267912772586,0.6005706134094151,0.0,1.0,0.0,0.17816091954022986,0.24338624338624343,0.1781609195402299,0.3333333333333333,0.0,0.4909090909090909,0.08160919540229886,0.591715976331361,0.16574585635359118,0.5,0.5,0.3333333333333333,0.0,0.20765736534717716,0.3939393939393939,0.3939393939393939,0.8727272727272729,0.1707317073170731,0.5,0.5,0.5,0.9477543538038498,0.9465648854961831,0.9486238532110093,0.9486552567237165,0.9477543538038498,0.9480440097799512,0.0,1.0,0.0,0.17437722419928825,0.41379310344827586,0.5493209435310935,0.6666666666666666,0.0,0.0,0.005098996474098182,0.16258064516129028,0.3467741935483871,0.1747572815533981,0.7985977453945559,0.8865853658536585,0.4390134529147983,1.0,1.0
Jagtial,Telangana,0.0,0.33670280612244896,1.0,1.0,0.11363636363636365,0.28169014084507044,0.12658227848101267,1.0,0.0,0.0,0.0,0.3558642160091001,0.35926546523954456,0.5933609958506225,0.75,0.6666666666666666,0.35789473684210527,0.47841105354058716,0.7276264591439687,0.6000000000000001,0.0,0.7702127659574468,0.22093023255813954,0.0,0.0,0.6666666666666666,0.3333333333333333,0.26646248085758045,0.16199376947040497,0.5699001426533523,0.0,0.5,0.0,0.1293103448275862,0.03174603174603176,0.13026819923371646,0.0,0.0,0.14424242424242423,0.33333333333333337,0.33727810650887574,0.4806629834254144,0.125,0.25,0.6666666666666666,0.5,0.058403634003893576,0.7727272727272728,0.7727272727272728,0.9636363636363637,0.9512195121951221,0.25,0.75,0.25,0.529789184234647,0.5297709923664122,0.5302752293577981,0.5293398533007334,0.529789184234647,0.5299511002444988,0.5,0.5,0.0,0.9074733096085408,0.06896551724137931,0.6947819871336669,0.0,0.6666666666666666,0.0,0.03525901817195552,0.7096774193548387,0.4193548387096775,0.5339805825242718,0.8722848501512233,0.9317073170731708,0.6363228699551571,1.0,1.0
Jagtial,Telangana,0.11111111111111427,0.6123086734693878,1.0,1.0,0.13636363636363635,0.323943661971831,0.5822784810126582,1.0,1.0,1.0,0.0,0.5678620607076573,0.567725609547584,0.5726141078838176,1.0,1.0,0.35789473684210527,0.47841105354058716,0.7276264591439687,0.6000000000000001,0.0,0.7702127659574468,0.22093023255813954,0.0,0.0,0.6666666666666666,0.3333333333333333,0.26646248085758045,0.16199376947040497,0.5699001426533523,0.0,0.5,0.0,0.1293103448275862,0.03174603174603176,0.13026819923371646,0.0,0.0,0.14424242424242423,0.33333333333333337,0.33727810650887574,0.4806629834254144,0.125,0.25,0.6666666666666666,0.5,0.058403634003893576,0.7727272727272728,0.7727272727272728,0.9636363636363637,0.9512195121951221,0.25,0.75,0.25,0.529789184234647,0.5297709923664122,0.5302752293577981,0.5293398533007334,0.529789184234647,0.5299511002444988,0.5,0.5,0.0,0.9074733096085408,0.06896551724137931,0.6947819871336669,0.0,0.6666666666666666,0.0,0.03525901817195552,0.7096774193548387,0.4193548387096775,0.5339805825242718,0.8722848501512233,0.9317073170731708,0.6363228699551571,1.0,1.0
Jagtial,Telangana,0.22222222222220012,0.2880739795918367,0.0,0.0,0.0,0.0,0.0,0.0,0.0,0.5,0.6666666666666667,0.20849547985391848,0.2085969291796327,0.5394190871369293,0.5,0.0,0.35789473684210527,0.47841105354058716,0.7276264591439687,0.6000000000000001,0.0,0.7702127659574468,0.22093023255813954,0.0,0.0,0.6666666666666666,0.3333333333333333,0.26646248085758045,0.16199376947040497,0.5699001426533523,0.0,0.5,0.0,0.1293103448275862,0.03174603174603176,0.13026819923371646,0.0,0.0,0.14424242424242423,0.33333333333333337,0.33727810650887574,0.4806629834254144,0.125,0.25,0.6666666666666666,0.5,0.058403634003893576,0.7727272727272728,0.7727272727272728,0.9636363636363637,0.9512195121951221,0.25,0.75,0.25,0.529789184234647,0.5297709923664122,0.5302752293577981,0.5293398533007334,0.529789184234647,0.5299511002444988,0.5,0.5,0.0,0.9074733096085408,0.06896551724137931,0.6947819871336669,0.0,0.6666666666666666,0.0,0.03525901817195552,0.7096774193548387,0.4193548387096775,0.5339805825242718,0.8722848501512233,0.9317073170731708,0.6363228699551571,1.0,1.0
Jagtial,Telangana,0.3333333333333144,0.1128826530612245,0.0,0.0,0.0,0.0,0.0,0.0,0.0,0.5,0.6666666666666667,0.10096988564928455,0.11103511951578157,0.7468879668049793,0.0,0.0,0.35789473684210527,0.47841105354058716,0.7276264591439687,0.6000000000000001,0.0,0.7702127659574468,0.22093023255813954,0.0,0.0,0.6666666666666666,0.3333333333333333,0.26646248085758045,0.16199376947040497,0.5699001426533523,0.0,0.5,0.0,0.1293103448275862,0.03174603174603176,0.13026819923371646,0.0,0.0,0.14424242424242423,0.33333333333333337,0.33727810650887574,0.4806629834254144,0.125,0.25,0.6666666666666666,0.5,0.058403634003893576,0.7727272727272728,0.7727272727272728,0.9636363636363637,0.9512195121951221,0.25,0.75,0.25,0.529789184234647,0.5297709923664122,0.5302752293577981,0.5293398533007334,0.529789184234647,0.5299511002444988,0.5,0.5,0.0,0.9074733096085408,0.06896551724137931,0.6947819871336669,0.0,0.6666666666666666,0.0,0.03525901817195552,0.7096774193548387,0.4193548387096775,0.5339805825242718,0.8722848501512233,0.9317073170731708,0.6363228699551571,1.0,1.0
Jagtial,Telangana,0.44444444444442865,0.3578125,1.0,1.0,0.4090909090909091,0.8450704225352113,0.5316455696202531,1.0,0.0,0.0,0.3333333333333333,0.43103035382865346,0.4289573573162808,0.5518672199170127,0.75,0.6666666666666666,0.35789473684210527,0.47841105354058716,0.7276264591439687,0.6000000000000001,0.0,0.7702127659574468,0.22093023255813954,0.0,0.0,0.6666666666666666,0.3333333333333333,0.26646248085758045,0.16199376947040497,0.5699001426533523,0.0,0.5,0.0,0.1293103448275862,0.03174603174603176,0.13026819923371646,0.0,0.0,0.14424242424242423,0.33333333333333337,0.33727810650887574,0.4806629834254144,0.125,0.25,0.6666666666666666,0.5,0.058403634003893576,0.7727272727272728,0.7727272727272728,0.9636363636363637,0.9512195121951221,0.25,0.75,0.25,0.529789184234647,0.5297709923664122,0.5302752293577981,0.5293398533007334,0.529789184234647,0.5299511002444988,0.5,0.5,0.0,0.9074733096085408,0.06896551724137931,0.6947819871336669,0.0,0.6666666666666666,0.0,0.03525901817195552,0.7096774193548387,0.4193548387096775,0.5339805825242718,0.8722848501512233,0.9317073170731708,0.6363228699551571,1.0,1.0
Jagtial,Telangana,0.5555555555555429,0.2689413265306122,0.0,0.0,0.0,0.0,0.0,0.0,0.0,0.5,0.6666666666666667,0.2740226306651499,0.27329617344321716,0.5435684647302907,0.5,0.0,0.35789473684210527,0.47841105354058716,0.7276264591439687,0.6000000000000001,0.0,0.7702127659574468,0.22093023255813954,0.0,0.0,0.6666666666666666,0.3333333333333333,0.26646248085758045,0.16199376947040497,0.5699001426533523,0.0,0.5,0.0,0.1293103448275862,0.03174603174603176,0.13026819923371646,0.0,0.0,0.14424242424242423,0.33333333333333337,0.33727810650887574,0.4806629834254144,0.125,0.25,0.6666666666666666,0.5,0.058403634003893576,0.7727272727272728,0.7727272727272728,0.9636363636363637,0.9512195121951221,0.25,0.75,0.25,0.529789184234647,0.5297709923664122,0.5302752293577981,0.5293398533007334,0.529789184234647,0.5299511002444988,0.5,0.5,0.0,0.9074733096085408,0.06896551724137931,0.6947819871336669,0.0,0.6666666666666666,0.0,0.03525901817195552,0.7096774193548387,0.4193548387096775,0.5339805825242718,0.8722848501512233,0.9317073170731708,0.6363228699551571,1.0,1.0
Jagtial,Telangana,0.6666666666666572,0.4874681122448979,1.0,1.0,0.8409090909090909,0.4366197183098592,0.10126582278481013,1.0,0.0,0.5,1.0,0.39516853259893425,0.3882980542352016,0.5062240663900415,0.75,0.6666666666666666,0.35789473684210527,0.47841105354058716,0.7276264591439687,0.6000000000000001,0.0,0.7702127659574468,0.22093023255813954,0.0,0.0,0.6666666666666666,0.3333333333333333,0.26646248085758045,0.16199376947040497,0.5699001426533523,0.0,0.5,0.0,0.1293103448275862,0.03174603174603176,0.13026819923371646,0.0,0.0,0.14424242424242423,0.33333333333333337,0.33727810650887574,0.4806629834254144,0.125,0.25,0.6666666666666666,0.5,0.058403634003893576,0.7727272727272728,0.7727272727272728,0.9636363636363637,0.9512195121951221,0.25,0.75,0.25,0.529789184234647,0.5297709923664122,0.5302752293577981,0.5293398533007334,0.529789184234647,0.5299511002444988,0.5,0.5,0.0,0.9074733096085408,0.06896551724137931,0.6947819871336669,0.0,0.6666666666666666,0.0,0.03525901817195552,0.7096774193548387,0.4193548387096775,0.5339805825242718,0.8722848501512233,0.9317073170731708,0.6363228699551571,1.0,1.0
Jagtial,Telangana,0.7777777777777715,0.1800063775510204,0.0,0.0,0.0,0.0,0.0,0.0,0.0,0.5,0.6666666666666667,0.11129737172962939,0.11182163252744248,0.5145228215767634,0.25,0.0,0.35789473684210527,0.47841105354058716,0.7276264591439687,0.6000000000000001,0.0,0.7702127659574468,0.22093023255813954,0.0,0.0,0.6666666666666666,0.3333333333333333,0.26646248085758045,0.16199376947040497,0.5699001426533523,0.0,0.5,0.0,0.1293103448275862,0.03174603174603176,0.13026819923371646,0.0,0.0,0.14424242424242423,0.33333333333333337,0.33727810650887574,0.4806629834254144,0.125,0.25,0.6666666666666666,0.5,0.058403634003893576,0.7727272727272728,0.7727272727272728,0.9636363636363637,0.9512195121951221,0.25,0.75,0.25,0.529789184234647,0.5297709923664122,0.5302752293577981,0.5293398533007334,0.529789184234647,0.5299511002444988,0.5,0.5,0.0,0.9074733096085408,0.06896551724137931,0.6947819871336669,0.0,0.6666666666666666,0.0,0.03525901817195552,0.7096774193548387,0.4193548387096775,0.5339805825242718,0.8722848501512233,0.9317073170731708,0.6363228699551571,1.0,1.0
Jagtial,Telangana,0.8888888888888857,0.4020089285714285,1.0,1.0,0.5,0.15492957746478875,0.27848101265822783,0.0,0.0,0.0,0.6666666666666667,0.3332934203436508,0.34397975583900425,0.6639004149377592,0.75,0.3333333333333333,0.35789473684210527,0.47841105354058716,0.7276264591439687,0.6000000000000001,0.0,0.7702127659574468,0.22093023255813954,0.0,0.0,0.6666666666666666,0.3333333333333333,0.26646248085758045,0.16199376947040497,0.5699001426533523,0.0,0.5,0.0,0.1293103448275862,0.03174603174603176,0.13026819923371646,0.0,0.0,0.14424242424242423,0.33333333333333337,0.33727810650887574,0.4806629834254144,0.125,0.25,0.6666666666666666,0.5,0.058403634003893576,0.7727272727272728,0.7727272727272728,0.9636363636363637,0.9512195121951221,0.25,0.75,0.25,0.529789184234647,0.5297709923664122,0.5302752293577981,0.5293398533007334,0.529789184234647,0.5299511002444988,0.5,0.5,0.0,0.9074733096085408,0.06896551724137931,0.6947819871336669,0.0,0.6666666666666666,0.0,0.03525901817195552,0.7096774193548387,0.4193548387096775,0.5339805825242718,0.8722848501512233,0.9317073170731708,0.6363228699551571,1.0,1.0
Jagtial,Telangana,1.0,0.5884885204081632,1.0,1.0,0.5909090909090909,0.5070422535211268,0.6708860759493671,1.0,1.0,1.0,0.6666666666666667,0.5641202179249236,0.5758301131894812,0.6431535269709543,1.0,1.0,0.35789473684210527,0.47841105354058716,0.7276264591439687,0.6000000000000001,0.0,0.7702127659574468,0.22093023255813954,0.0,0.0,0.6666666666666666,0.3333333333333333,0.26646248085758045,0.16199376947040497,0.5699001426533523,0.0,0.5,0.0,0.1293103448275862,0.03174603174603176,0.13026819923371646,0.0,0.0,0.14424242424242423,0.33333333333333337,0.33727810650887574,0.4806629834254144,0.125,0.25,0.6666666666666666,0.5,0.058403634003893576,0.7727272727272728,0.7727272727272728,0.9636363636363637,0.9512195121951221,0.25,0.75,0.25,0.529789184234647,0.5297709923664122,0.5302752293577981,0.5293398533007334,0.529789184234647,0.5299511002444988,0.5,0.5,0.0,0.9074733096085408,0.06896551724137931,0.6947819871336669,0.0,0.6666666666666666,0.0,0.03525901817195552,0.7096774193548387,0.4193548387096775,0.5339805825242718,0.8722848501512233,0.9317073170731708,0.6363228699551571,1.0,1.0
Rajanna Sircilla,Telangana,0.0,0.5905293367346939,1.0,1.0,0.9090909090909092,0.2112676056338028,0.25316455696202533,1.0,1.0,1.0,1.0,0.6164461473986709,0.6161816503094757,0.5767634854771786,1.0,1.0,0.25563909774436094,0.6303972366148531,0.6303501945525292,0.5200000000000001,0.10714285714285743,0.5212765957446809,0.9651162790697674,0.875,0.6666666666666666,0.3333333333333333,1.0,0.669218989280245,0.6573208722741434,0.9429386590584878,0.0,1.0,0.0,0.05028735632183908,0.19576719576719576,0.04980842911877394,0.0,0.0,0.7260606060606061,1.0,0.21499013806706116,0.0,0.5833333333333333,0.75,0.0,0.75,0.21479558728098636,0.24242424242424243,0.24242424242424243,0.28181818181818186,0.9999999999999998,0.5,0.5,0.5,0.461044912923923,0.46106870229007635,0.4605504587155964,0.4608801955990221,0.461044912923923,0.4608801955990221,0.5,0.5,0.0,0.11387900355871884,0.8103448275862069,0.17441029306647604,0.6666666666666666,0.3333333333333333,1.0,0.028315703824247352,0.7225806451612904,0.6975806451612904,0.39374325782092773,0.33984052790761604,0.36097560975609755,0.0,0.5,0.0
Rajanna Sircilla,Telangana,0.11111111111111427,0.2862882653061224,0.0,0.0,0.0,0.0,0.0,0.0,0.0,0.5,0.6666666666666667,0.19667125666048016,0.204869541428718,0.6597510373443982,0.5,0.0,0.25563909774436094,0.6303972366148531,0.6303501945525292,0.5200000000000001,0.10714285714285743,0.5212765957446809,0.9651162790697674,0.875,0.6666666666666666,0.3333333333333333,1.0,0.669218989280245,0.6573208722741434,0.9429386590584878,0.0,1.0,0.0,0.05028735632183908,0.19576719576719576,0.04980842911877394,0.0,0.0,0.7260606060606061,1.0,0.21499013806706116,0.0,0.5833333333333333,0.75,0.0,0.75,0.21479558728098636,0.24242424242424243,0.24242424242424243,0.28181818181818186,0.9999999999999998,0.5,0.5,0.5,0.461044912923923,0.46106870229007635,0.4605504587155964,0.4608801955990221,0.461044912923923,0.4608801955990221,0.5,0.5,0.0,0.11387900355871884,0.8103448275862069,0.17441029306647604,0.6666666666666666,0.3333333333333333,1.0,0.028315703824247352,0.7225806451612904,0.6975806451612904,0.39374325782092773,0.33984052790761604,0.36097560975609755,0.0,0.5,0.0
Rajanna Sircilla,Telangana,0.22222222222220012,0.042793367346938775,0.0,0.0,0.0,0.0,0.0,0.0,0.0,0.5,0.6666666666666667,0.06310243668802012,0.05546626543104333,0.195020746887967,0.0,0.0,0.25563909774436094,0.6303972366148531,0.6303501945525292,0.5200000000000001,0.10714285714285743,0.5212765957446809,0.9651162790697674,0.875,0.6666666666666666,0.3333333333333333,1.0,0.669218989280245,0.6573208722741434,0.9429386590584878,0.0,1.0,0.0,0.05028735632183908,0.19576719576719576,0.04980842911877394,0.0,0.0,0.7260606060606061,1.0,0.21499013806706116,0.0,0.5833333333333333,0.75,0.0,0.75,0.21479558728098636,0.24242424242424243,0.24242424242424243,0.28181818181818186,0.9999999999999998,0.5,0.5,0.5,0.461044912923923,0.46106870229007635,0.4605504587155964,0.4608801955990221,0.461044912923923,0.4608801955990221,0.5,0.5,0.0,0.11387900355871884,0.8103448275862069,0.17441029306647604,0.6666666666666666,0.3333333333333333,1.0,0.028315703824247352,0.7225806451612904,0.6975806451612904,0.39374325782092773,0.33984052790761604,0.36097560975609755,0.0,0.5,0.0
Rajanna Sircilla,Telangana,0.3333333333333144,0.4061224489795918,1.0,1.0,0.5909090909090909,0.5774647887323944,0.43037974683544306,1.0,0.0,0.0,0.6666666666666667,0.4214213015625935,0.4203057141880108,0.5560165975103737,0.75,0.6666666666666666,0.25563909774436094,0.6303972366148531,0.6303501945525292,0.5200000000000001,0.10714285714285743,0.5212765957446809,0.9651162790697674,0.875,0.6666666666666666,0.3333333333333333,1.0,0.669218989280245,0.6573208722741434,0.9429386590584878,0.0,1.0,0.0,0.05028735632183908,0.19576719576719576,0.04980842911877394,0.0,0.0,0.7260606060606061,1.0,0.21499013806706116,0.0,0.5833333333333333,0.75,0.0,0.75,0.21479558728098636,0.24242424242424243,0.24242424242424243,0.28181818181818186,0.9999999999999998,0.5,0.5,0.5,0.461044912923923,0.46106870229007635,0.4605504587155964,0.4608801955990221,0.461044912923923,0.4608801955990221,0.5,0.5,0.0,0.11387900355871884,0.8103448275862069,0.17441029306647604,0.6666666666666666,0.3333333333333333,1.0,0.028315703824247352,0.7225806451612904,0.6975806451612904,0.39374325782092773,0.33984052790761604,0.36097560975609755,0.0,0.5,0.0
Rajanna Sircilla,Telangana,0.44444444444442865,0.25803571428571426,0.0,0.0,0.0,0.0,0.0,0.0,0.0,0.5,0.6666666666666667,0.2578279351014788,0.2673118353110146,0.6639004149377592,0.5,0.0,0.25563909774436094,0.6303972366148531,0.6303501945525292,0.5200000000000001,0.10714285714285743,0.5212765957446809,0.9651162790697674,0.875,0.6666666666666666,0.3333333333333333,1.0,0.669218989280245,0.6573208722741434,0.9429386590584878,0.0,1.0,0.0,0.05028735632183908,0.19576719576719576,0.04980842911877394,0.0,0.0,0.7260606060606061,1.0,0.21499013806706116,0.0,0.5833333333333333,0.75,0.0,0.75,0.21479558728098636,0.24242424242424243,0.24242424242424243,0.28181818181818186,0.9999999999999998,0.5,0.5,0.5,0.461044912923923,0.46106870229007635,0.4605504587155964,0.4608801955990221,0.461044912923923,0.4608801955990221,0.5,0.5,0.0,0.11387900355871884,0.8103448275862069,0.17441029306647604,0.6666666666666666,0.3333333333333333,1.0,0.028315703824247352,0.7225806451612904,0.6975806451612904,0.39374325782092773,0.33984052790761604,0.36097560975609755,0.0,0.5,0.0
Rajanna Sircilla,Telangana,0.5555555555555429,0.506218112244898,1.0,1.0,0.045454545454545456,0.09859154929577466,0.4177215189873418,1.0,0.0,0.5,0.0,0.357271148895408,0.36118045344184935,0.5975103734439835,0.75,0.6666666666666666,0.25563909774436094,0.6303972366148531,0.6303501945525292,0.5200000000000001,0.10714285714285743,0.5212765957446809,0.9651162790697674,0.875,0.6666666666666666,0.3333333333333333,1.0,0.669218989280245,0.6573208722741434,0.9429386590584878,0.0,1.0,0.0,0.05028735632183908,0.19576719576719576,0.04980842911877394,0.0,0.0,0.7260606060606061,1.0,0.21499013806706116,0.0,0.5833333333333333,0.75,0.0,0.75,0.21479558728098636,0.24242424242424243,0.24242424242424243,0.28181818181818186,0.9999999999999998,0.5,0.5,0.5,0.461044912923923,0.46106870229007635,0.4605504587155964,0.4608801955990221,0.461044912923923,0.4608801955990221,0.5,0.5,0.0,0.11387900355871884,0.8103448275862069,0.17441029306647604,0.6666666666666666,0.3333333333333333,1.0,0.028315703824247352,0.7225806451612904,0.6975806451612904,0.39374325782092773,0.33984052790761604,0.36097560975609755,0.0,0.5,0.0
Rajanna Sircilla,Telangana,0.6666666666666572,0.16192602040816323,0.0,0.0,0.0,0.0,0.0,0.0,0.0,0.5,0.6666666666666667,0.11114769801832006,0.10761549772595153,0.41908713692946087,0.25,0.0,0.25563909774436094,0.6303972366148531,0.6303501945525292,0.5200000000000001,0.10714285714285743,0.5212765957446809,0.9651162790697674,0.875,0.6666666666666666,0.3333333333333333,1.0,0.669218989280245,0.6573208722741434,0.9429386590584878,0.0,1.0,0.0,0.05028735632183908,0.19576719576719576,0.04980842911877394,0.0,0.0,0.7260606060606061,1.0,0.21499013806706116,0.0,0.5833333333333333,0.75,0.0,0.75,0.21479558728098636,0.24242424242424243,0.24242424242424243,0.28181818181818186,0.9999999999999998,0.5,0.5,0.5,0.461044912923923,0.46106870229007635,0.4605504587155964,0.4608801955990221,0.461044912923923,0.4608801955990221,0.5,0.5,0.0,0.11387900355871884,0.8103448275862069,0.17441029306647604,0.6666666666666666,0.3333333333333333,1.0,0.028315703824247352,0.7225806451612904,0.6975806451612904,0.39374325782092773,0.33984052790761604,0.36097560975609755,0.0,0.5,0.0
Rajanna Sircilla,Telangana,0.7777777777777715,0.30516581632653056,1.0,1.0,0.5454545454545454,0.35211267605633806,0.8860759493670886,0.0,0.0,0.0,0.6666666666666667,0.3432916242591151,0.3493485620490374,0.6182572614107884,0.75,0.6666666666666666,0.25563909774436094,0.6303972366148531,0.6303501945525292,0.5200000000000001,0.10714285714285743,0.5212765957446809,0.9651162790697674,0.875,0.6666666666666666,0.3333333333333333,1.0,0.669218989280245,0.6573208722741434,0.9429386590584878,0.0,1.0,0.0,0.05028735632183908,0.19576719576719576,0.04980842911877394,0.0,0.0,0.7260606060606061,1.0,0.21499013806706116,0.0,0.5833333333333333,0.75,0.0,0.75,0.21479558728098636,0.24242424242424243,0.24242424242424243,0.28181818181818186,0.9999999999999998,0.5,0.5,0.5,0.461044912923923,0.46106870229007635,0.4605504587155964,0.4608801955990221,0.461044912923923,0.4608801955990221,0.5,0.5,0.0,0.11387900355871884,0.8103448275862069,0.17441029306647604,0.6666666666666666,0.3333333333333333,1.0,0.028315703824247352,0.7225806451612904,0.6975806451612904,0.39374325782092773,0.33984052790761604,0.36097560975609755,0.0,0.5,0.0
Rajanna Sircilla,Telangana,0.8888888888888857,0.5259566326530613,1.0,1.0,0.75,0.6901408450704225,0.35443037974683544,1.0,1.0,1.0,0.6666666666666667,0.6320720828593664,0.6433334473207264,0.6390041493775933,1.0,1.0,0.25563909774436094,0.6303972366148531,0.6303501945525292,0.5200000000000001,0.10714285714285743,0.5212765957446809,0.9651162790697674,0.875,0.6666666666666666,0.3333333333333333,1.0,0.669218989280245,0.6573208722741434,0.9429386590584878,0.0,1.0,0.0,0.05028735632183908,0.19576719576719576,0.04980842911877394,0.0,0.0,0.7260606060606061,1.0,0.21499013806706116,0.0,0.5833333333333333,0.75,0.0,0.75,0.21479558728098636,0.24242424242424243,0.24242424242424243,0.28181818181818186,0.9999999999999998,0.5,0.5,0.5,0.461044912923923,0.46106870229007635,0.4605504587155964,0.4608801955990221,0.461044912923923,0.4608801955990221,0.5,0.5,0.0,0.11387900355871884,0.8103448275862069,0.17441029306647604,0.6666666666666666,0.3333333333333333,1.0,0.028315703824247352,0.7225806451612904,0.6975806451612904,0.39374325782092773,0.33984052790761604,0.36097560975609755,0.0,0.5,0.0
Rajanna Sircilla,Telangana,1.0,0.2793686224489796,0.0,0.0,0.0,0.0,0.0,0.0,0.0,0.5,0.6666666666666667,0.21567981799676705,0.21194815853366616,0.489626556016598,0.5,0.0,0.25563909774436094,0.6303972366148531,0.6303501945525292,0.5200000000000001,0.10714285714285743,0.5212765957446809,0.9651162790697674,0.875,0.6666666666666666,0.3333333333333333,1.0,0.669218989280245,0.6573208722741434,0.9429386590584878,0.0,1.0,0.0,0.05028735632183908,0.19576719576719576,0.04980842911877394,0.0,0.0,0.7260606060606061,1.0,0.21499013806706116,0.0,0.5833333333333333,0.75,0.0,0.75,0.21479558728098636,0.24242424242424243,0.24242424242424243,0.28181818181818186,0.9999999999999998,0.5,0.5,0.5,0.461044912923923,0.46106870229007635,0.4605504587155964,0.4608801955990221,0.461044912923923,0.4608801955990221,0.5,0.5,0.0,0.11387900355871884,0.8103448275862069,0.17441029306647604,0.6666666666666666,0.3333333333333333,1.0,0.028315703824247352,0.7225806451612904,0.6975806451612904,0.39374325782092773,0.33984052790761604,0.36097560975609755,0.0,0.5,0.0
Karimnagar,Telangana,0.0,0.25545280612244897,0.0,0.0,0.0,0.0,0.0,0.0,0.0,0.5,0.6666666666666667,0.2358857690235287,0.2342098963854598,0.5228215767634858,0.5,0.0,0.37593984962406013,0.7184801381692572,0.31517509727626447,0.08000000000000002,0.03571428571428581,0.8914893617021277,0.5930232558139535,0.5,0.3333333333333333,0.0,0.6666666666666666,0.48238897396630936,0.32398753894080995,0.1312410841654779,0.0,0.75,0.0,0.153735632183908,0.18518518518518517,0.1532567049808429,0.0,0.0,0.4763636363636364,0.13793103448275862,0.37869822485207105,0.5580110497237569,0.75,0.5,0.3333333333333333,0.0,0.06294613887086309,0.6515151515151515,0.6515151515151515,0.32727272727272727,0.46341463414634143,0.25,0.75,0.25,0.9477543538038498,0.9465648854961831,0.9486238532110093,0.9486552567237165,0.9477543538038498,0.9480440097799512,0.0,1.0,1.0,0.686832740213523,0.5689655172413792,0.5328806290207291,0.0,1.0,0.0,0.03135340385136968,0.09677419354838707,0.45967741935483875,0.43581445523193096,0.03464393731097057,0.04756097560975611,0.0,0.0,0.0
Karimnagar,Telangana,0.11111111111111427,0.0916454081632653,0.0,0.0,0.0,0.0,0.0,0.0,0.0,0.5,0.6666666666666667,0.04274681194994911,0.03942823923674042,0.28215767634854805,0.0,0.0,0.37593984962406013,0.7184801381692572,0.31517509727626447,0.08000000000000002,0.03571428571428581,0.8914893617021277,0.5930232558139535,0.5,0.3333333333333333,0.0,0.6666666666666666,0.48238897396630936,0.32398753894080995,0.1312410841654779,0.0,0.75,0.0,0.153735632183908,0.18518518518518517,0.1532567049808429,0.0,0.0,0.4763636363636364,0.13793103448275862,0.37869822485207105,0.5580110497237569,0.75,0.5,0.3333333333333333,0.0,0.06294613887086309,0.6515151515151515,0.6515151515151515,0.32727272727272727,0.46341463414634143,0.25,0.75,0.25,0.9477543538038498,0.9465648854961831,0.9486238532110093,0.9486552567237165,0.9477543538038498,0.9480440097799512,0.0,1.0,1.0,0.686832740213523,0.5689655172413792,0.5328806290207291,0.0,1.0,0.0,0.03135340385136968,0.09677419354838707,0.45967741935483875,0.43581445523193096,0.03464393731097057,0.04756097560975611,0.0,0.0,0.0
Karimnagar,Telangana,0.22222222222220012,0.369547193877551,1.0,1.0,0.4545454545454546,0.6901408450704225,0.24050632911392406,1.0,0.0,0.0,0.6666666666666667,0.39157636352750996,0.39236740416509935,0.5726141078838176,0.75,0.6666666666666666,0.37593984962406013,0.7184801381692572,0.31517509727626447,0.08000000000000002,0.03571428571428581,0.8914893617021277,0.5930232558139535,0.5,0.3333333333333333,0.0,0.6666666666666666,0.48238897396630936,0.32398753894080995,0.1312410841654779,0.0,0.75,0.0,0.153735632183908,0.18518518518518517,0.1532567049808429,0.0,0.0,0.4763636363636364,0.13793103448275862,0.37869822485207105,0.5580110497237569,0.75,0.5,0.3333333333333333,0.0,0.06294613887086309,0.6515151515151515,0.6515151515151515,0.32727272727272727,0.46341463414634143,0.25,0.75,0.25,0.9477543538038498,0.9465648854961831,0.9486238532110093,0.9486552567237165,0.9477543538038498,0.9480440097799512,0.0,1.0,1.0,0.686832740213523,0.5689655172413792,0.5328806290207291,0.0,1.0,0.0,0.03135340385136968,0.09677419354838707,0.45967741935483875,0.43581445523193096,0.03464393731097057,0.04756097560975611,0.0,0.0,0.0
Karimnagar,Telangana,0.3333333333333144,0.24387755102040815,0.0,0.0,0.0,0.0,0.0,0.0,0.0,0.5,0.6666666666666667,0.25666048015326587,0.24952980200389835,0.4605809128630707,0.5,0.0,0.37593984962406013,0.7184801381692572,0.31517509727626447,0.08000000000000002,0.03571428571428581,0.8914893617021277,0.5930232558139535,0.5,0.3333333333333333,0.0,0.6666666666666666,0.48238897396630936,0.32398753894080995,0.1312410841654779,0.0,0.75,0.0,0.153735632183908,0.18518518518518517,0.1532567049808429,0.0,0.0,0.4763636363636364,0.13793103448275862,0.37869822485207105,0.5580110497237569,0.75,0.5,0.3333333333333333,0.0,0.06294613887086309,0.6515151515151515,0.6515151515151515,0.32727272727272727,0.46341463414634143,0.25,0.75,0.25,0.9477543538038498,0.9465648854961831,0.9486238532110093,0.9486552567237165,0.9477543538038498,0.9480440097799512,0.0,1.0,1.0,0.686832740213523,0.5689655172413792,0.5328806290207291,0.0,1.0,0.0,0.03135340385136968,0.09677419354838707,0.45967741935483875,0.43581445523193096,0.03464393731097057,0.04756097560975611,0.0,0.0,0.0
Karimnagar,Telangana,0.44444444444442865,0.5468112244897959,1.0,1.0,0.1590909090909091,0.014084507042253521,0.1518987341772152,1.0,0.0,0.5,0.3333333333333333,0.3975932467221457,0.39732585576035295,0.5643153526970957,0.75,0.6666666666666666,0.37593984962406013,0.7184801381692572,0.31517509727626447,0.08000000000000002,0.03571428571428581,0.8914893617021277,0.5930232558139535,0.5,0.3333333333333333,0.0,0.6666666666666666,0.48238897396630936,0.32398753894080995,0.1312410841654779,0.0,0.75,0.0,0.153735632183908,0.18518518518518517,0.1532567049808429,0.0,0.0,0.4763636363636364,0.13793103448275862,0.37869822485207105,0.5580110497237569,0.75,0.5,0.3333333333333333,0.0,0.06294613887086309,0.6515151515151515,0.6515151515151515,0.32727272727272727,0.46341463414634143,0.25,0.75,0.25,0.9477543538038498,0.9465648854961831,0.9486238532110093,0.9486552567237165,0.9477543538038498,0.9480440097799512,0.0,1.0,1.0,0.686832740213523,0.5689655172413792,0.5328806290207291,0.0,1.0,0.0,0.03135340385136968,0.09677419354838707,0.45967741935483875,0.43581445523193096,0.03464393731097057,0.04756097560975611,0.0,0.0,0.0
Karimnagar,Telangana,0.5555555555555429,0.15918367346938772,0.0,0.0,0.0,0.0,0.0,0.0,0.0,0.5,0.6666666666666667,0.1688618810992037,0.1767944465342133,0.6639004149377592,0.25,0.0,0.37593984962406013,0.7184801381692572,0.31517509727626447,0.08000000000000002,0.03571428571428581,0.8914893617021277,0.5930232558139535,0.5,0.3333333333333333,0.0,0.6666666666666666,0.48238897396630936,0.32398753894080995,0.1312410841654779,0.0,0.75,0.0,0.153735632183908,0.18518518518518517,0.1532567049808429,0.0,0.0,0.4763636363636364,0.13793103448275862,0.37869822485207105,0.5580110497237569,0.75,0.5,0.3333333333333333,0.0,0.06294613887086309,0.6515151515151515,0.6515151515151515,0.32727272727272727,0.46341463414634143,0.25,0.75,0.25,0.9477543538038498,0.9465648854961831,0.9486238532110093,0.9486552567237165,0.9477543538038498,0.9480440097799512,0.0,1.0,1.0,0.686832740213523,0.5689655172413792,0.5328806290207291,0.0,1.0,0.0,0.03135340385136968,0.09677419354838707,0.45967741935483875,0.43581445523193096,0.03464393731097057,0.04756097560975611,0.0,0.0,0.0
Karimnagar,Telangana,0.6666666666666572,0.397672193877551,1.0,1.0,0.7272727272727273,0.4225352112676056,0.35443037974683544,1.0,0.0,0.0,0.6666666666666667,0.33470035322995867,0.3212734671545327,0.4315352697095438,0.75,0.3333333333333333,0.37593984962406013,0.7184801381692572,0.31517509727626447,0.08000000000000002,0.03571428571428581,0.8914893617021277,0.5930232558139535,0.5,0.3333333333333333,0.0,0.6666666666666666,0.48238897396630936,0.32398753894080995,0.1312410841654779,0.0,0.75,0.0,0.153735632183908,0.18518518518518517,0.1532567049808429,0.0,0.0,0.4763636363636364,0.13793103448275862,0.37869822485207105,0.5580110497237569,0.75,0.5,0.3333333333333333,0.0,0.06294613887086309,0.6515151515151515,0.6515151515151515,0.32727272727272727,0.46341463414634143,0.25,0.75,0.25,0.9477543538038498,0.9465648854961831,0.9486238532110093,0.9486552567237165,0.9477543538038498,0.9480440097799512,0.0,1.0,1.0,0.686832740213523,0.5689655172413792,0.5328806290207291,0.0,1.0,0.0,0.03135340385136968,0.09677419354838707,0.45967741935483875,0.43581445523193096,0.03464393731097057,0.04756097560975611,0.0,0.0,0.0
Karimnagar,Telangana,0.7777777777777715,0.6333227040816326,1.0,1.0,0.36363636363636365,0.5633802816901409,0.22784810126582278,0.0,1.0,1.0,0.3333333333333333,0.5585523558642159,0.5634168860923983,0.601659751037344,1.0,1.0,0.37593984962406013,0.7184801381692572,0.31517509727626447,0.08000000000000002,0.03571428571428581,0.8914893617021277,0.5930232558139535,0.5,0.3333333333333333,0.0,0.6666666666666666,0.48238897396630936,0.32398753894080995,0.1312410841654779,0.0,0.75,0.0,0.153735632183908,0.18518518518518517,0.1532567049808429,0.0,0.0,0.4763636363636364,0.13793103448275862,0.37869822485207105,0.5580110497237569,0.75,0.5,0.3333333333333333,0.0,0.06294613887086309,0.6515151515151515,0.6515151515151515,0.32727272727272727,0.46341463414634143,0.25,0.75,0.25,0.9477543538038498,0.9465648854961831,0.9486238532110093,0.9486552567237165,0.9477543538038498,0.9480440097799512,0.0,1.0,1.0,0.686832740213523,0.5689655172413792,0.5328806290207291,0.0,1.0,0.0,0.03135340385136968,0.09677419354838707,0.45967741935483875,0.43581445523193096,0.03464393731097057,0.04756097560975611,0.0,0.0,0.0
Karimnagar,Telangana,0.8888888888888857,0.30503826530612244,0.0,0.0,0.0,0.0,0.0,0.0,0.0,0.5,0.6666666666666667,0.2048135065557085,0.21081968334302226,0.6265560165975104,0.5,0.0,0.37593984962406013,0.7184801381692572,0.31517509727626447,0.08000000000000002,0.03571428571428581,0.8914893617021277,0.5930232558139535,0.5,0.3333333333333333,0.0,0.6666666666666666,0.48238897396630936,0.32398753894080995,0.1312410841654779,0.0,0.75,0.0,0.153735632183908,0.18518518518518517,0.1532567049808429,0.0,0.0,0.4763636363636364,0.13793103448275862,0.37869822485207105,0.5580110497237569,0.75,0.5,0.3333333333333333,0.0,0.06294613887086309,0.6515151515151515,0.6515151515151515,0.32727272727272727,0.46341463414634143,0.25,0.75,0.25,0.9477543538038498,0.9465648854961831,0.9486238532110093,0.9486552567237165,0.9477543538038498,0.9480440097799512,0.0,1.0,1.0,0.686832740213523,0.5689655172413792,0.5328806290207291,0.0,1.0,0.0,0.03135340385136968,0.09677419354838707,0.45967741935483875,0.43581445523193096,0.03464393731097057,0.04756097560975611,0.0,0.0,0.0
Karimnagar,Telangana,1.0,0.07114158163265305,0.0,0.0,0.0,0.0,0.0,0.0,0.0,0.5,0.6666666666666667,0.10034125606178529,0.1078548712512396,0.6846473029045641,0.0,0.0,0.37593984962406013,0.7184801381692572,0.31517509727626447,0.08000000000000002,0.03571428571428581,0.8914893617021277,0.5930232558139535,0.5,0.3333333333333333,0.0,0.6666666666666666,0.48238897396630936,0.32398753894080995,0.1312410841654779,0.0,0.75,0.0,0.153735632183908,0.18518518518518517,0.1532567049808429,0.0,0.0,0.4763636363636364,0.13793103448275862,0.37869822485207105,0.5580110497237569,0.75,0.5,0.3333333333333333,0.0,0.06294613887086309,0.6515151515151515,0.6515151515151515,0.32727272727272727,0.46341463414634143,0.25,0.75,0.25,0.9477543538038498,0.9465648854961831,0.9486238532110093,0.9486552567237165,0.9477543538038498,0.9480440097799512,0.0,1.0,1.0,0.686832740213523,0.5689655172413792,0.5328806290207291,0.0,1.0,0.0,0.03135340385136968,0.09677419354838707,0.45967741935483875,0.43581445523193096,0.03464393731097057,0.04756097560975611,0.0,0.0,0.0
Peddapalli,Telangana,0.0,0.08150510204081632,0.0,0.0,0.0,0.0,0.0,0.0,0.0,0.5,0.6666666666666667,0.08360773513740047,0.0773176486680573,0.29875518672199197,0.0,0.0,0.7639097744360902,0.16407599309153714,0.36575875486381315,0.9600000000000001,0.7142857142857142,0.24893617021276593,0.5930232558139535,0.125,1.0,1.0,0.0,0.6018376722817764,0.4937694704049844,0.3930099857346648,0.0,0.75,0.0,0.09051724137931033,0.24338624338624343,0.09003831417624522,0.0,0.0,0.15757575757575756,0.12873563218390802,0.9408284023668638,0.0036832412523020303,0.0,0.25,0.6666666666666666,0.5,0.4597663854639844,0.12121212121212122,0.12121212121212122,0.6090909090909091,0.0,0.75,0.25,0.75,0.6755270394133823,0.6748091603053435,0.6770642201834863,0.6760391198044011,0.6755270394133823,0.6760391198044011,0.0,1.0,0.0,0.9679715302491104,0.5689655172413792,0.12973552537526803,0.0,0.0,1.0,0.03449959316517494,0.29935483870967744,0.41129032258064513,0.3063646170442287,0.376134176519109,0.3804878048780488,0.0,0.5,0.0
Peddapalli,Telangana,0.11111111111111427,0.4079081632653061,1.0,1.0,0.6818181818181819,0.5352112676056339,0.6329113924050633,0.0,0.0,0.0,0.6666666666666667,0.3517332215769622,0.3535888930684266,0.5767634854771786,0.75,0.3333333333333333,0.7639097744360902,0.16407599309153714,0.36575875486381315,0.9600000000000001,0.7142857142857142,0.24893617021276593,0.5930232558139535,0.125,1.0,1.0,0.0,0.6018376722817764,0.4937694704049844,0.3930099857346648,0.0,0.75,0.0,0.09051724137931033,0.24338624338624343,0.09003831417624522,0.0,0.0,0.15757575757575756,0.12873563218390802,0.9408284023668638,0.0036832412523020303,0.0,0.25,0.6666666666666666,0.5,0.4597663854639844,0.12121212121212122,0.12121212121212122,0.6090909090909091,0.0,0.75,0.25,0.75,0.6755270394133823,0.6748091603053435,0.6770642201834863,0.6760391198044011,0.6755270394133823,0.6760391198044011,0.0,1.0,0.0,0.9679715302491104,0.5689655172413792,0.12973552537526803,0.0,0.0,1.0,0.03449959316517494,0.29935483870967744,0.41129032258064513,0.3063646170442287,0.376134176519109,0.3804878048780488,0.0,0.5,0.0
Peddapalli,Telangana,0.22222222222220012,0.25864158163265305,0.0,0.0,0.0,0.0,0.0,0.0,0.0,0.5,0.6666666666666667,0.3062922828234449,0.3080737270457888,0.5726141078838176,0.5,0.3333333333333333,0.7639097744360902,0.16407599309153714,0.36575875486381315,0.9600000000000001,0.7142857142857142,0.24893617021276593,0.5930232558139535,0.125,1.0,1.0,0.0,0.6018376722817764,0.4937694704049844,0.3930099857346648,0.0,0.75,0.0,0.09051724137931033,0.24338624338624343,0.09003831417624522,0.0,0.0,0.15757575757575756,0.12873563218390802,0.9408284023668638,0.0036832412523020303,0.0,0.25,0.6666666666666666,0.5,0.4597663854639844,0.12121212121212122,0.12121212121212122,0.6090909090909091,0.0,0.75,0.25,0.75,0.6755270394133823,0.6748091603053435,0.6770642201834863,0.6760391198044011,0.6755270394133823,0.6760391198044011,0.0,1.0,0.0,0.9679715302491104,0.5689655172413792,0.12973552537526803,0.0,0.0,1.0,0.03449959316517494,0.29935483870967744,0.41129032258064513,0.3063646170442287,0.376134176519109,0.3804878048780488,0.0,0.5,0.0
Peddapalli,Telangana,0.3333333333333144,0.541390306122449,1.0,1.0,0.8863636363636364,0.04225352112676056,0.3924050632911392,1.0,0.0,0.5,1.0,0.512782134945818,0.5021372636186439,0.5020746887966809,1.0,0.6666666666666666,0.7639097744360902,0.16407599309153714,0.36575875486381315,0.9600000000000001,0.7142857142857142,0.24893617021276593,0.5930232558139535,0.125,1.0,1.0,0.0,0.6018376722817764,0.4937694704049844,0.3930099857346648,0.0,0.75,0.0,0.09051724137931033,0.24338624338624343,0.09003831417624522,0.0,0.0,0.15757575757575756,0.12873563218390802,0.9408284023668638,0.0036832412523020303,0.0,0.25,0.6666666666666666,0.5,0.4597663854639844,0.12121212121212122,0.12121212121212122,0.6090909090909091,0.0,0.75,0.25,0.75,0.6755270394133823,0.6748091603053435,0.6770642201834863,0.6760391198044011,0.6755270394133823,0.6760391198044011,0.0,1.0,0.0,0.9679715302491104,0.5689655172413792,0.12973552537526803,0.0,0.0,1.0,0.03449959316517494,0.29935483870967744,0.41129032258064513,0.3063646170442287,0.376134176519109,0.3804878048780488,0.0,0.5,0.0
Peddapalli,Telangana,0.44444444444442865,0.20440051020408162,0.0,0.0,0.0,0.0,0.0,0.0,0.0,0.5,0.6666666666666667,0.14967371130934562,0.14858256676811543,0.5020746887966809,0.25,0.0,0.7639097744360902,0.16407599309153714,0.36575875486381315,0.9600000000000001,0.7142857142857142,0.24893617021276593,0.5930232558139535,0.125,1.0,1.0,0.0,0.6018376722817764,0.4937694704049844,0.3930099857346648,0.0,0.75,0.0,0.09051724137931033,0.24338624338624343,0.09003831417624522,0.0,0.0,0.15757575757575756,0.12873563218390802,0.9408284023668638,0.0036832412523020303,0.0,0.25,0.6666666666666666,0.5,0.4597663854639844,0.12121212121212122,0.12121212121212122,0.6090909090909091,0.0,0.75,0.25,0.75,0.6755270394133823,0.6748091603053435,0.6770642201834863,0.6760391198044011,0.6755270394133823,0.6760391198044011,0.0,1.0,0.0,0.9679715302491104,0.5689655172413792,0.12973552537526803,0.0,0.0,1.0,0.03449959316517494,0.29935483870967744,0.41129032258064513,0.3063646170442287,0.376134176519109,0.3804878048780488,0.0,0.5,0.0
Peddapalli,Telangana,0.5555555555555429,0.3830676020408163,1.0,1.0,0.75,0.7746478873239436,0.3924050632911392,1.0,0.0,0.0,0.6666666666666667,0.3737651918816978,0.37051602092808533,0.5352697095435688,0.75,0.6666666666666666,0.7639097744360902,0.16407599309153714,0.36575875486381315,0.9600000000000001,0.7142857142857142,0.24893617021276593,0.5930232558139535,0.125,1.0,1.0,0.0,0.6018376722817764,0.4937694704049844,0.3930099857346648,0.0,0.75,0.0,0.09051724137931033,0.24338624338624343,0.09003831417624522,0.0,0.0,0.15757575757575756,0.12873563218390802,0.9408284023668638,0.0036832412523020303,0.0,0.25,0.6666666666666666,0.5,0.4597663854639844,0.12121212121212122,0.12121212121212122,0.6090909090909091,0.0,0.75,0.25,0.75,0.6755270394133823,0.6748091603053435,0.6770642201834863,0.6760391198044011,0.6755270394133823,0.6760391198044011,0.0,1.0,0.0,0.9679715302491104,0.5689655172413792,0.12973552537526803,0.0,0.0,1.0,0.03449959316517494,0.29935483870967744,0.41129032258064513,0.3063646170442287,0.376134176519109,0.3804878048780488,0.0,0.5,0.0
Peddapalli,Telangana,0.6666666666666572,0.7189732142857144,1.0,1.0,0.022727272727272728,0.8028169014084507,0.8354430379746836,1.0,1.0,1.0,0.0,0.5733101837993174,0.5819170399753788,0.6265560165975104,1.0,1.0,0.7639097744360902,0.16407599309153714,0.36575875486381315,0.9600000000000001,0.7142857142857142,0.24893617021276593,0.5930232558139535,0.125,1.0,1.0,0.0,0.6018376722817764,0.4937694704049844,0.3930099857346648,0.0,0.75,0.0,0.09051724137931033,0.24338624338624343,0.09003831417624522,0.0,0.0,0.15757575757575756,0.12873563218390802,0.9408284023668638,0.0036832412523020303,0.0,0.25,0.6666666666666666,0.5,0.4597663854639844,0.12121212121212122,0.12121212121212122,0.6090909090909091,0.0,0.75,0.25,0.75,0.6755270394133823,0.6748091603053435,0.6770642201834863,0.6760391198044011,0.6755270394133823,0.6760391198044011,0.0,1.0,0.0,0.9679715302491104,0.5689655172413792,0.12973552537526803,0.0,0.0,1.0,0.03449959316517494,0.29935483870967744,0.41129032258064513,0.3063646170442287,0.376134176519109,0.3804878048780488,0.0,0.5,0.0
Peddapalli,Telangana,0.7777777777777715,0.3081951530612244,0.0,0.0,0.0,0.0,0.0,0.0,0.0,0.5,0.6666666666666667,0.23331138118900796,0.23403891529596826,0.5560165975103737,0.5,0.0,0.7639097744360902,0.16407599309153714,0.36575875486381315,0.9600000000000001,0.7142857142857142,0.24893617021276593,0.5930232558139535,0.125,1.0,1.0,0.0,0.6018376722817764,0.4937694704049844,0.3930099857346648,0.0,0.75,0.0,0.09051724137931033,0.24338624338624343,0.09003831417624522,0.0,0.0,0.15757575757575756,0.12873563218390802,0.9408284023668638,0.0036832412523020303,0.0,0.25,0.6666666666666666,0.5,0.4597663854639844,0.12121212121212122,0.12121212121212122,0.6090909090909091,0.0,0.75,0.25,0.75,0.6755270394133823,0.6748091603053435,0.6770642201834863,0.6760391198044011,0.6755270394133823,0.6760391198044011,0.0,1.0,0.0,0.9679715302491104,0.5689655172413792,0.12973552537526803,0.0,0.0,1.0,0.03449959316517494,0.29935483870967744,0.41129032258064513,0.3063646170442287,0.376134176519109,0.3804878048780488,0.0,0.5,0.0
Peddapalli,Telangana,0.8888888888888857,0.030803571428571423,0.0,0.0,0.0,0.0,0.0,0.0,0.0,0.5,0.6666666666666667,0.063132371430282,0.07147009540744795,0.7427385892116183,0.0,0.0,0.7639097744360902,0.16407599309153714,0.36575875486381315,0.9600000000000001,0.7142857142857142,0.24893617021276593,0.5930232558139535,0.125,1.0,1.0,0.0,0.6018376722817764,0.4937694704049844,0.3930099857346648,0.0,0.75,0.0,0.09051724137931033,0.24338624338624343,0.09003831417624522,0.0,0.0,0.15757575757575756,0.12873563218390802,0.9408284023668638,0.0036832412523020303,0.0,0.25,0.6666666666666666,0.5,0.4597663854639844,0.12121212121212122,0.12121212121212122,0.6090909090909091,0.0,0.75,0.25,0.75,0.6755270394133823,0.6748091603053435,0.6770642201834863,0.6760391198044011,0.6755270394133823,0.6760391198044011,0.0,1.0,0.0,0.9679715302491104,0.5689655172413792,0.12973552537526803,0.0,0.0,1.0,0.03449959316517494,0.29935483870967744,0.41129032258064513,0.3063646170442287,0.376134176519109,0.3804878048780488,0.0,0.5,0.0
Peddapalli,Telangana,1.0,0.3741071428571428,1.0,1.0,0.8409090909090909,0.943661971830986,0.6329113924050633,1.0,0.0,0.0,1.0,0.4408190145482847,0.44003693191533017,0.5601659751037342,0.75,0.6666666666666666,0.7639097744360902,0.16407599309153714,0.36575875486381315,0.9600000000000001,0.7142857142857142,0.24893617021276593,0.5930232558139535,0.125,1.0,1.0,0.0,0.6018376722817764,0.4937694704049844,0.3930099857346648,0.0,0.75,0.0,0.09051724137931033,0.24338624338624343,0.09003831417624522,0.0,0.0,0.15757575757575756,0.12873563218390802,0.9408284023668638,0.0036832412523020303,0.0,0.25,0.6666666666666666,0.5,0.4597663854639844,0.12121212121212122,0.12121212121212122,0.6090909090909091,0.0,0.75,0.25,0.75,0.6755270394133823,0.6748091603053435,0.6770642201834863,0.6760391198044011,0.6755270394133823,0.6760391198044011,0.0,1.0,0.0,0.9679715302491104,0.5689655172413792,0.12973552537526803,0.0,0.0,1.0,0.03449959316517494,0.29935483870967744,0.41129032258064513,0.3063646170442287,0.376134176519109,0.3804878048780488,0.0,0.5,0.0
Jayashankar Bhupalpally,Telangana,0.0,0.4483737244897959,1.0,1.0,0.7727272727272727,0.49295774647887325,0.9746835443037974,1.0,0.0,0.0,0.6666666666666667,0.4406094713524516,0.44290941421878743,0.5850622406639006,0.75,0.6666666666666666,0.20902255639097744,0.5716753022452503,0.8832684824902723,0.56,0.8928571428571426,0.3893617021276596,0.22093023255813954,0.875,0.6666666666666666,0.3333333333333333,1.0,0.22970903522205208,0.17289719626168223,0.47574893009985736,0.0,0.5,0.0,0.08764367816091953,0.04232804232804231,0.08812260536398467,0.0,0.0,0.7212121212121213,0.974712643678161,0.003944773175542399,0.44935543278084716,0.3333333333333333,0.75,0.0,0.75,0.4234263465282284,0.2727272727272727,0.2727272727272728,0.38181818181818183,0.7804878048780488,0.75,0.25,0.75,0.4867094408799266,0.48702290076335875,0.4862385321100918,0.48655256723716384,0.4867094408799266,0.48655256723716384,0.5,0.5,0.0,0.32028469750889677,0.9655172413793103,0.7812723373838455,0.3333333333333333,0.6666666666666666,1.0,0.008462164361269323,0.8864516129032258,0.0,0.09492988133764833,0.45188342040142965,0.5024390243902439,0.0,0.5,0.3333333333333333
Jayashankar Bhupalpally,Telangana,0.11111111111111427,0.3488520408163265,0.0,0.0,0.0,0.0,0.0,0.0,0.0,0.5,0.6666666666666667,0.3057235227204693,0.31539171767602503,0.6556016597510377,0.5,0.0,0.20902255639097744,0.5716753022452503,0.8832684824902723,0.56,0.8928571428571426,0.3893617021276596,0.22093023255813954,0.875,0.6666666666666666,0.3333333333333333,1.0,0.22970903522205208,0.17289719626168223,0.47574893009985736,0.0,0.5,0.0,0.08764367816091953,0.04232804232804231,0.08812260536398467,0.0,0.0,0.7212121212121213,0.974712643678161,0.003944773175542399,0.44935543278084716,0.3333333333333333,0.75,0.0,0.75,0.4234263465282284,0.2727272727272727,0.2727272727272728,0.38181818181818183,0.7804878048780488,0.75,0.25,0.75,0.4867094408799266,0.48702290076335875,0.4862385321100918,0.48655256723716384,0.4867094408799266,0.48655256723716384,0.5,0.5,0.0,0.32028469750889677,0.9655172413793103,0.7812723373838455,0.3333333333333333,0.6666666666666666,1.0,0.008462164361269323,0.8864516129032258,0.0,0.09492988133764833,0.45188342040142965,0.5024390243902439,0.0,0.5,0.3333333333333333
Jayashankar Bhupalpally,Telangana,0.22222222222220012,0.6434948979591837,1.0,1.0,0.8409090909090909,0.7605633802816901,0.16455696202531644,1.0,0.0,0.5,1.0,0.5180207148416451,0.5143795096262354,0.5477178423236513,0.75,0.6666666666666666,0.20902255639097744,0.5716753022452503,0.8832684824902723,0.56,0.8928571428571426,0.3893617021276596,0.22093023255813954,0.875,0.6666666666666666,0.3333333333333333,1.0,0.22970903522205208,0.17289719626168223,0.47574893009985736,0.0,0.5,0.0,0.08764367816091953,0.04232804232804231,0.08812260536398467,0.0,0.0,0.7212121212121213,0.974712643678161,0.003944773175542399,0.44935543278084716,0.3333333333333333,0.75,0.0,0.75,0.4234263465282284,0.2727272727272727,0.2727272727272728,0.38181818181818183,0.7804878048780488,0.75,0.25,0.75,0.4867094408799266,0.48702290076335875,0.4862385321100918,0.48655256723716384,0.4867094408799266,0.48655256723716384,0.5,0.5,0.0,0.32028469750889677,0.9655172413793103,0.7812723373838455,0.3333333333333333,0.6666666666666666,1.0,0.008462164361269323,0.8864516129032258,0.0,0.09492988133764833,0.45188342040142965,0.5024390243902439,0.0,0.5,0.3333333333333333
Jayashankar Bhupalpally,Telangana,0.3333333333333144,0.23893494897959183,0.0,0.0,0.0,0.0,0.0,0.0,0.0,0.5,0.6666666666666667,0.16613781955337364,0.17621311082994223,0.7012448132780085,0.25,0.0,0.20902255639097744,0.5716753022452503,0.8832684824902723,0.56,0.8928571428571426,0.3893617021276596,0.22093023255813954,0.875,0.6666666666666666,0.3333333333333333,1.0,0.22970903522205208,0.17289719626168223,0.47574893009985736,0.0,0.5,0.0,0.08764367816091953,0.04232804232804231,0.08812260536398467,0.0,0.0,0.7212121212121213,0.974712643678161,0.003944773175542399,0.44935543278084716,0.3333333333333333,0.75,0.0,0.75,0.4234263465282284,0.2727272727272727,0.2727272727272728,0.38181818181818183,0.7804878048780488,0.75,0.25,0.75,0.4867094408799266,0.48702290076335875,0.4862385321100918,0.48655256723716384,0.4867094408799266,0.48655256723716384,0.5,0.5,0.0,0.32028469750889677,0.9655172413793103,0.7812723373838455,0.3333333333333333,0.6666666666666666,1.0,0.008462164361269323,0.8864516129032258,0.0,0.09492988133764833,0.45188342040142965,0.5024390243902439,0.0,0.5,0.3333333333333333
Jayashankar Bhupalpally,Telangana,0.44444444444442865,0.38427933673469383,1.0,1.0,0.1590909090909091,0.4647887323943662,0.27848101265822783,1.0,0.0,0.0,0.3333333333333333,0.4440519667125665,0.45245015901241326,0.6307053941908713,0.75,0.6666666666666666,0.20902255639097744,0.5716753022452503,0.8832684824902723,0.56,0.8928571428571426,0.3893617021276596,0.22093023255813954,0.875,0.6666666666666666,0.3333333333333333,1.0,0.22970903522205208,0.17289719626168223,0.47574893009985736,0.0,0.5,0.0,0.08764367816091953,0.04232804232804231,0.08812260536398467,0.0,0.0,0.7212121212121213,0.974712643678161,0.003944773175542399,0.44935543278084716,0.3333333333333333,0.75,0.0,0.75,0.4234263465282284,0.2727272727272727,0.2727272727272728,0.38181818181818183,0.7804878048780488,0.75,0.25,0.75,0.4867094408799266,0.48702290076335875,0.4862385321100918,0.48655256723716384,0.4867094408799266,0.48655256723716384,0.5,0.5,0.0,0.32028469750889677,0.9655172413793103,0.7812723373838455,0.3333333333333333,0.6666666666666666,1.0,0.008462164361269323,0.8864516129032258,0.0,0.09492988133764833,0.45188342040142965,0.5024390243902439,0.0,0.5,0.3333333333333333
Jayashankar Bhupalpally,Telangana,0.5555555555555429,0.6835140306122449,1.0,1.0,0.4318181818181818,0.5070422535211268,0.35443037974683544,1.0,1.0,1.0,0.3333333333333333,0.7456744297431598,0.7374414389768493,0.5435684647302907,1.0,1.0,0.20902255639097744,0.5716753022452503,0.8832684824902723,0.56,0.8928571428571426,0.3893617021276596,0.22093023255813954,0.875,0.6666666666666666,0.3333333333333333,1.0,0.22970903522205208,0.17289719626168223,0.47574893009985736,0.0,0.5,0.0,0.08764367816091953,0.04232804232804231,0.08812260536398467,0.0,0.0,0.7212121212121213,0.974712643678161,0.003944773175542399,0.44935543278084716,0.3333333333333333,0.75,0.0,0.75,0.4234263465282284,0.2727272727272727,0.2727272727272728,0.38181818181818183,0.7804878048780488,0.75,0.25,0.75,0.4867094408799266,0.48702290076335875,0.4862385321100918,0.48655256723716384,0.4867094408799266,0.48655256723716384,0.5,0.5,0.0,0.32028469750889677,0.9655172413793103,0.7812723373838455,0.3333333333333333,0.6666666666666666,1.0,0.008462164361269323,0.8864516129032258,0.0,0.09492988133764833,0.45188342040142965,0.5024390243902439,0.0,0.5,0.3333333333333333
Jayashankar Bhupalpally,Telangana,0.6666666666666572,0.37455357142857143,0.0,0.0,0.0,0.0,0.0,0.0,0.0,0.5,0.6666666666666667,0.2518709213913668,0.2547618233423383,0.5850622406639006,0.5,0.0,0.20902255639097744,0.5716753022452503,0.8832684824902723,0.56,0.8928571428571426,0.3893617021276596,0.22093023255813954,0.875,0.6666666666666666,0.3333333333333333,1.0,0.22970903522205208,0.17289719626168223,0.47574893009985736,0.0,0.5,0.0,0.08764367816091953,0.04232804232804231,0.08812260536398467,0.0,0.0,0.7212121212121213,0.974712643678161,0.003944773175542399,0.44935543278084716,0.3333333333333333,0.75,0.0,0.75,0.4234263465282284,0.2727272727272727,0.2727272727272728,0.38181818181818183,0.7804878048780488,0.75,0.25,0.75,0.4867094408799266,0.48702290076335875,0.4862385321100918,0.48655256723716384,0.4867094408799266,0.48655256723716384,0.5,0.5,0.0,0.32028469750889677,0.9655172413793103,0.7812723373838455,0.3333333333333333,0.6666666666666666,1.0,0.008462164361269323,0.8864516129032258,0.0,0.09492988133764833,0.45188342040142965,0.5024390243902439,0.0,0.5,0.3333333333333333
Jayashankar Bhupalpally,Telangana,0.7777777777777715,0.13223852040816325,0.0,0.0,0.0,0.0,0.0,0.0,0.0,0.5,0.6666666666666667,0.09166018080584323,0.10470881920459599,0.8381742738589208,0.0,0.0,0.20902255639097744,0.5716753022452503,0.8832684824902723,0.56,0.8928571428571426,0.3893617021276596,0.22093023255813954,0.875,0.6666666666666666,0.3333333333333333,1.0,0.22970903522205208,0.17289719626168223,0.47574893009985736,0.0,0.5,0.0,0.08764367816091953,0.04232804232804231,0.08812260536398467,0.0,0.0,0.7212121212121213,0.974712643678161,0.003944773175542399,0.44935543278084716,0.3333333333333333,0.75,0.0,0.75,0.4234263465282284,0.2727272727272727,0.2727272727272728,0.38181818181818183,0.7804878048780488,0.75,0.25,0.75,0.4867094408799266,0.48702290076335875,0.4862385321100918,0.48655256723716384,0.4867094408799266,0.48655256723716384,0.5,0.5,0.0,0.32028469750889677,0.9655172413793103,0.7812723373838455,0.3333333333333333,0.6666666666666666,1.0,0.008462164361269323,0.8864516129032258,0.0,0.09492988133764833,0.45188342040142965,0.5024390243902439,0.0,0.5,0.3333333333333333
Jayashankar Bhupalpally,Telangana,0.8888888888888857,0.4602997448979591,1.0,1.0,0.9545454545454546,0.028169014084507043,0.8354430379746836,1.0,0.0,0.0,1.0,0.5205951026761659,0.5148924528947099,0.5352697095435688,0.75,0.6666666666666666,0.20902255639097744,0.5716753022452503,0.8832684824902723,0.56,0.8928571428571426,0.3893617021276596,0.22093023255813954,0.875,0.6666666666666666,0.3333333333333333,1.0,0.22970903522205208,0.17289719626168223,0.47574893009985736,0.0,0.5,0.0,0.08764367816091953,0.04232804232804231,0.08812260536398467,0.0,0.0,0.7212121212121213,0.974712643678161,0.003944773175542399,0.44935543278084716,0.3333333333333333,0.75,0.0,0.75,0.4234263465282284,0.2727272727272727,0.2727272727272728,0.38181818181818183,0.7804878048780488,0.75,0.25,0.75,0.4867094408799266,0.48702290076335875,0.4862385321100918,0.48655256723716384,0.4867094408799266,0.48655256723716384,0.5,0.5,0.0,0.32028469750889677,0.9655172413793103,0.7812723373838455,0.3333333333333333,0.6666666666666666,1.0,0.008462164361269323,0.8864516129032258,0.0,0.09492988133764833,0.45188342040142965,0.5024390243902439,0.0,0.5,0.3333333333333333
Jayashankar Bhupalpally,Telangana,1.0,0.3076211734693877,0.0,0.0,0.0,0.0,0.0,0.0,0.0,0.5,0.6666666666666667,0.3097946476680835,0.2990459255206374,0.44398340248962676,0.5,0.0,0.20902255639097744,0.5716753022452503,0.8832684824902723,0.56,0.8928571428571426,0.3893617021276596,0.22093023255813954,0.875,0.6666666666666666,0.3333333333333333,1.0,0.22970903522205208,0.17289719626168223,0.47574893009985736,0.0,0.5,0.0,0.08764367816091953,0.04232804232804231,0.08812260536398467,0.0,0.0,0.7212121212121213,0.974712643678161,0.003944773175542399,0.44935543278084716,0.3333333333333333,0.75,0.0,0.75,0.4234263465282284,0.2727272727272727,0.2727272727272728,0.38181818181818183,0.7804878048780488,0.75,0.25,0.75,0.4867094408799266,0.48702290076335875,0.4862385321100918,0.48655256723716384,0.4867094408799266,0.48655256723716384,0.5,0.5,0.0,0.32028469750889677,0.9655172413793103,0.7812723373838455,0.3333333333333333,0.6666666666666666,1.0,0.008462164361269323,0.8864516129032258,0.0,0.09492988133764833,0.45188342040142965,0.5024390243902439,0.0,0.5,0.3333333333333333
Mulugu,Telangana,0.0,0.3815051020408163,0.0,0.0,0.0,0.0,0.0,0.0,0.0,0.5,0.6666666666666667,0.38753517332215764,0.3936326642273365,0.6141078838174279,0.5,0.0,0.8481203007518797,0.07772020725388601,0.3424124513618676,0.7999999999999999,0.9999999999999998,0.1127659574468085,0.5116279069767442,0.375,1.0,1.0,0.0,0.7274119448698315,0.6651090342679128,0.2574893009985735,0.0,1.0,0.0,0.03304597701149425,0.11640211640211641,0.03256704980842912,0.0,0.0,0.1309090909090909,0.4839080459770115,0.3412228796844181,0.27071823204419887,0.5833333333333333,0.0,1.0,0.25,0.4529526281635302,0.21212121212121215,0.21212121212121215,0.7454545454545456,0.4390243902439024,0.75,0.25,0.75,0.7791017415215398,0.7786259541984734,0.779816513761468,0.7787286063569683,0.7791017415215398,0.7793398533007336,0.0,1.0,0.0,0.2562277580071174,0.034482758620689655,0.986061472480343,0.3333333333333333,0.6666666666666666,1.0,0.0005424464334147002,0.3070967741935484,0.18145161290322576,0.2599784250269688,0.8170195215837226,0.802439024390244,0.23183856502242156,0.75,0.6666666666666666
Mulugu,Telangana,0.11111111111111427,0.6096301020408164,1.0,1.0,0.6818181818181819,0.1267605633802817,0.6582278481012658,1.0,0.0,0.5,0.6666666666666667,0.6337783631682931,0.6357418869473037,0.5892116182572615,1.0,0.6666666666666666,0.8481203007518797,0.07772020725388601,0.3424124513618676,0.7999999999999999,0.9999999999999998,0.1127659574468085,0.5116279069767442,0.375,1.0,1.0,0.0,0.7274119448698315,0.6651090342679128,0.2574893009985735,0.0,1.0,0.0,0.03304597701149425,0.11640211640211641,0.03256704980842912,0.0,0.0,0.1309090909090909,0.4839080459770115,0.3412228796844181,0.27071823204419887,0.5833333333333333,0.0,1.0,0.25,0.4529526281635302,0.21212121212121215,0.21212121212121215,0.7454545454545456,0.4390243902439024,0.75,0.25,0.75,0.7791017415215398,0.7786259541984734,0.779816513761468,0.7787286063569683,0.7791017415215398,0.7793398533007336,0.0,1.0,0.0,0.2562277580071174,0.034482758620689655,0.986061472480343,0.3333333333333333,0.6666666666666666,1.0,0.0005424464334147002,0.3070967741935484,0.18145161290322576,0.2599784250269688,0.8170195215837226,0.802439024390244,0.23183856502242156,0.75,0.6666666666666666
Mulugu,Telangana,0.22222222222220012,0.2791772959183673,0.0,0.0,0.0,0.0,0.0,0.0,0.0,0.5,0.6666666666666667,0.2226845476860444,0.2287043053038334,0.6265560165975104,0.25,0.0,0.8481203007518797,0.07772020725388601,0.3424124513618676,0.7999999999999999,0.9999999999999998,0.1127659574468085,0.5116279069767442,0.375,1.0,1.0,0.0,0.7274119448698315,0.6651090342679128,0.2574893009985735,0.0,1.0,0.0,0.03304597701149425,0.11640211640211641,0.03256704980842912,0.0,0.0,0.1309090909090909,0.4839080459770115,0.3412228796844181,0.27071823204419887,0.5833333333333333,0.0,1.0,0.25,0.4529526281635302,0.21212121212121215,0.21212121212121215,0.7454545454545456,0.4390243902439024,0.75,0.25,0.75,0.7791017415215398,0.7786259541984734,0.779816513761468,0.7787286063569683,0.7791017415215398,0.7793398533007336,0.0,1.0,0.0,0.2562277580071174,0.034482758620689655,0.986061472480343,0.3333333333333333,0.6666666666666666,1.0,0.0005424464334147002,0.3070967741935484,0.18145161290322576,0.2599784250269688,0.8170195215837226,0.802439024390244,0.23183856502242156,0.75,0.6666666666666666
Mulugu,Telangana,0.3333333333333144,0.5340242346938775,1.0,1.0,0.5454545454545454,0.4225352112676056,0.7341772151898734,1.0,0.0,0.0,0.6666666666666667,0.514159133089864,0.5150634339842013,0.5767634854771786,0.75,0.6666666666666666,0.8481203007518797,0.07772020725388601,0.3424124513618676,0.7999999999999999,0.9999999999999998,0.1127659574468085,0.5116279069767442,0.375,1.0,1.0,0.0,0.7274119448698315,0.6651090342679128,0.2574893009985735,0.0,1.0,0.0,0.03304597701149425,0.11640211640211641,0.03256704980842912,0.0,0.0,0.1309090909090909,0.4839080459770115,0.3412228796844181,0.27071823204419887,0.5833333333333333,0.0,1.0,0.25,0.4529526281635302,0.21212121212121215,0.21212121212121215,0.7454545454545456,0.4390243902439024,0.75,0.25,0.75,0.7791017415215398,0.7786259541984734,0.779816513761468,0.7787286063569683,0.7791017415215398,0.7793398533007336,0.0,1.0,0.0,0.2562277580071174,0.034482758620689655,0.986061472480343,0.3333333333333333,0.6666666666666666,1.0,0.0005424464334147002,0.3070967741935484,0.18145161290322576,0.2599784250269688,0.8170195215837226,0.802439024390244,0.23183856502242156,0.75,0.6666666666666666
Mulugu,Telangana,0.44444444444442865,0.9777742346938776,1.0,1.0,0.38636363636363635,0.1971830985915493,0.10126582278481013,1.0,1.0,1.0,0.3333333333333333,0.8268275160150871,0.8187600451390076,0.5477178423236513,1.0,1.0,0.8481203007518797,0.07772020725388601,0.3424124513618676,0.7999999999999999,0.9999999999999998,0.1127659574468085,0.5116279069767442,0.375,1.0,1.0,0.0,0.7274119448698315,0.6651090342679128,0.2574893009985735,0.0,1.0,0.0,0.03304597701149425,0.11640211640211641,0.03256704980842912,0.0,0.0,0.1309090909090909,0.4839080459770115,0.3412228796844181,0.27071823204419887,0.5833333333333333,0.0,1.0,0.25,0.4529526281635302,0.21212121212121215,0.21212121212121215,0.7454545454545456,0.4390243902439024,0.75,0.25,0.75,0.7791017415215398,0.7786259541984734,0.779816513761468,0.7787286063569683,0.7791017415215398,0.7793398533007336,0.0,1.0,0.0,0.2562277580071174,0.034482758620689655,0.986061472480343,0.3333333333333333,0.6666666666666666,1.0,0.0005424464334147002,0.3070967741935484,0.18145161290322576,0.2599784250269688,0.8170195215837226,0.802439024390244,0.23183856502242156,0.75,0.6666666666666666
Mulugu,Telangana,0.5555555555555429,0.4038265306122449,0.0,0.0,0.0,0.0,0.0,0.0,0.0,0.5,0.6666666666666667,0.34059749745554685,0.34579215538761415,0.6099585062240664,0.5,0.0,0.8481203007518797,0.07772020725388601,0.3424124513618676,0.7999999999999999,0.9999999999999998,0.1127659574468085,0.5116279069767442,0.375,1.0,1.0,0.0,0.7274119448698315,0.6651090342679128,0.2574893009985735,0.0,1.0,0.0,0.03304597701149425,0.11640211640211641,0.03256704980842912,0.0,0.0,0.1309090909090909,0.4839080459770115,0.3412228796844181,0.27071823204419887,0.5833333333333333,0.0,1.0,0.25,0.4529526281635302,0.21212121212121215,0.21212121212121215,0.7454545454545456,0.4390243902439024,0.75,0.25,0.75,0.7791017415215398,0.7786259541984734,0.779816513761468,0.7787286063569683,0.7791017415215398,0.7793398533007336,0.0,1.0,0.0,0.2562277580071174,0.034482758620689655,0.986061472480343,0.3333333333333333,0.6666666666666666,1.0,0.0005424464334147002,0.3070967741935484,0.18145161290322576,0.2599784250269688,0.8170195215837226,0.802439024390244,0.23183856502242156,0.75,0.6666666666666666
Mulugu,Telangana,0.6666666666666572,0.08124999999999999,0.0,0.0,0.0,0.0,0.0,0.0,0.0,0.5,0.6666666666666667,0.10102975513380827,0.1061450603563246,0.6224066390041494,0.0,0.0,0.8481203007518797,0.07772020725388601,0.3424124513618676,0.7999999999999999,0.9999999999999998,0.1127659574468085,0.5116279069767442,0.375,1.0,1.0,0.0,0.7274119448698315,0.6651090342679128,0.2574893009985735,0.0,1.0,0.0,0.03304597701149425,0.11640211640211641,0.03256704980842912,0.0,0.0,0.1309090909090909,0.4839080459770115,0.3412228796844181,0.27071823204419887,0.5833333333333333,0.0,1.0,0.25,0.4529526281635302,0.21212121212121215,0.21212121212121215,0.7454545454545456,0.4390243902439024,0.75,0.25,0.75,0.7791017415215398,0.7786259541984734,0.779816513761468,0.7787286063569683,0.7791017415215398,0.7793398533007336,0.0,1.0,0.0,0.2562277580071174,0.034482758620689655,0.986061472480343,0.3333333333333333,0.6666666666666666,1.0,0.0005424464334147002,0.3070967741935484,0.18145161290322576,0.2599784250269688,0.8170195215837226,0.802439024390244,0.23183856502242156,0.75,0.6666666666666666
Mulugu,Telangana,0.7777777777777715,0.4964285714285714,1.0,1.0,0.9772727272727273,0.056338028169014086,0.31645569620253167,1.0,0.0,0.0,1.0,0.544123810093995,0.550080361112061,0.6099585062240664,0.75,0.6666666666666666,0.8481203007518797,0.07772020725388601,0.3424124513618676,0.7999999999999999,0.9999999999999998,0.1127659574468085,0.5116279069767442,0.375,1.0,1.0,0.0,0.7274119448698315,0.6651090342679128,0.2574893009985735,0.0,1.0,0.0,0.03304597701149425,0.11640211640211641,0.03256704980842912,0.0,0.0,0.1309090909090909,0.4839080459770115,0.3412228796844181,0.27071823204419887,0.5833333333333333,0.0,1.0,0.25,0.4529526281635302,0.21212121212121215,0.21212121212121215,0.7454545454545456,0.4390243902439024,0.75,0.25,0.75,0.7791017415215398,0.7786259541984734,0.779816513761468,0.7787286063569683,0.7791017415215398,0.7793398533007336,0.0,1.0,0.0,0.2562277580071174,0.034482758620689655,0.986061472480343,0.3333333333333333,0.6666666666666666,1.0,0.0005424464334147002,0.3070967741935484,0.18145161290322576,0.2599784250269688,0.8170195215837226,0.802439024390244,0.23183856502242156,0.75,0.6666666666666666
Mulugu,Telangana,0.8888888888888857,0.3425701530612245,0.0,0.0,0.0,0.0,0.0,0.0,0.0,0.5,0.6666666666666667,0.3253906483865174,0.3196320486954143,0.5020746887966809,0.5,0.0,0.8481203007518797,0.07772020725388601,0.3424124513618676,0.7999999999999999,0.9999999999999998,0.1127659574468085,0.5116279069767442,0.375,1.0,1.0,0.0,0.7274119448698315,0.6651090342679128,0.2574893009985735,0.0,1.0,0.0,0.03304597701149425,0.11640211640211641,0.03256704980842912,0.0,0.0,0.1309090909090909,0.4839080459770115,0.3412228796844181,0.27071823204419887,0.5833333333333333,0.0,1.0,0.25,0.4529526281635302,0.21212121212121215,0.21212121212121215,0.7454545454545456,0.4390243902439024,0.75,0.25,0.75,0.7791017415215398,0.7786259541984734,0.779816513761468,0.7787286063569683,0.7791017415215398,0.7793398533007336,0.0,1.0,0.0,0.2562277580071174,0.034482758620689655,0.986061472480343,0.3333333333333333,0.6666666666666666,1.0,0.0005424464334147002,0.3070967741935484,0.18145161290322576,0.2599784250269688,0.8170195215837226,0.802439024390244,0.23183856502242156,0.75,0.6666666666666666
Mulugu,Telangana,1.0,0.5801020408163265,1.0,1.0,0.25,0.9859154929577465,0.21518987341772153,1.0,0.0,0.5,0.3333333333333333,0.5923486798778662,0.5849605033683276,0.5311203319502078,0.75,0.6666666666666666,0.8481203007518797,0.07772020725388601,0.3424124513618676,0.7999999999999999,0.9999999999999998,0.1127659574468085,0.5116279069767442,0.375,1.0,1.0,0.0,0.7274119448698315,0.6651090342679128,0.2574893009985735,0.0,1.0,0.0,0.03304597701149425,0.11640211640211641,0.03256704980842912,0.0,0.0,0.1309090909090909,0.4839080459770115,0.3412228796844181,0.27071823204419887,0.5833333333333333,0.0,1.0,0.25,0.4529526281635302,0.21212121212121215,0.21212121212121215,0.7454545454545456,0.4390243902439024,0.75,0.25,0.75,0.7791017415215398,0.7786259541984734,0.779816513761468,0.7787286063569683,0.7791017415215398,0.7793398533007336,0.0,1.0,0.0,0.2562277580071174,0.034482758620689655,0.986061472480343,0.3333333333333333,0.6666666666666666,1.0,0.0005424464334147002,0.3070967741935484,0.18145161290322576,0.2599784250269688,0.8170195215837226,0.802439024390244,0.23183856502242156,0.75,0.6666666666666666
Bhadradri Kothagudem,Telangana,0.0,0.6697066326530613,1.0,1.0,0.9318181818181819,0.5352112676056339,0.4177215189873418,1.0,0.0,0.5,1.0,0.49407292103214984,0.4928016961324078,0.5643153526970957,0.75,0.6666666666666666,0.6481203007518798,0.229706390328152,0.5836575875486381,0.7200000000000001,0.2142857142857142,0.027659574468085105,0.08139534883720931,0.125,1.0,1.0,0.0,0.16079632465543645,0.006230529595015576,0.8459343794579173,0.0,0.5,0.3333333333333333,0.02155172413793103,0.3703703703703704,0.02107279693486589,0.0,0.0,0.5212121212121212,0.05862068965517242,0.9506903353057199,0.014732965009208107,0.5,0.5,0.3333333333333333,0.0,0.13043478260869565,0.48484848484848475,0.48484848484848486,0.9545454545454545,0.46341463414634143,0.5,0.5,0.5,0.9697525206232815,0.9694656488549619,0.9706422018348625,0.9706601466992666,0.9697525206232815,0.9700488997555012,0.0,1.0,0.0,0.5160142348754448,0.7241379310344828,0.635096497498213,0.3333333333333333,1.0,1.0,0.02321670735014917,0.23354838709677417,0.8669354838709676,0.18122977346278318,0.15259829529832278,0.2048780487804878,0.0,0.25,0.0
Bhadradri Kothagudem,Telangana,0.11111111111111427,0.2366390306122449,0.0,0.0,0.0,0.0,0.0,0.0,0.0,0.5,0.6666666666666667,0.24190265221816437,0.2422118113736621,0.5518672199170127,0.25,0.0,0.6481203007518798,0.229706390328152,0.5836575875486381,0.7200000000000001,0.2142857142857142,0.027659574468085105,0.08139534883720931,0.125,1.0,1.0,0.0,0.16079632465543645,0.006230529595015576,0.8459343794579173,0.0,0.5,0.3333333333333333,0.02155172413793103,0.3703703703703704,0.02107279693486589,0.0,0.0,0.5212121212121212,0.05862068965517242,0.9506903353057199,0.014732965009208107,0.5,0.5,0.3333333333333333,0.0,0.13043478260869565,0.48484848484848475,0.48484848484848486,0.9545454545454545,0.46341463414634143,0.5,0.5,0.5,0.9697525206232815,0.9694656488549619,0.9706422018348625,0.9706601466992666,0.9697525206232815,0.9700488997555012,0.0,1.0,0.0,0.5160142348754448,0.7241379310344828,0.635096497498213,0.3333333333333333,1.0,1.0,0.02321670735014917,0.23354838709677417,0.8669354838709676,0.18122977346278318,0.15259829529832278,0.2048780487804878,0.0,0.25,0.0
Bhadradri Kothagudem,Telangana,0.22222222222220012,0.5210459183673469,1.0,1.0,0.5227272727272727,0.38028169014084506,0.7088607594936709,1.0,0.0,0.0,0.6666666666666667,0.45659462372028975,0.46718872892658075,0.6473029045643157,0.75,0.3333333333333333,0.6481203007518798,0.229706390328152,0.5836575875486381,0.7200000000000001,0.2142857142857142,0.027659574468085105,0.08139534883720931,0.125,1.0,1.0,0.0,0.16079632465543645,0.006230529595015576,0.8459343794579173,0.0,0.5,0.3333333333333333,0.02155172413793103,0.3703703703703704,0.02107279693486589,0.0,0.0,0.5212121212121212,0.05862068965517242,0.9506903353057199,0.014732965009208107,0.5,0.5,0.3333333333333333,0.0,0.13043478260869565,0.48484848484848475,0.48484848484848486,0.9545454545454545,0.46341463414634143,0.5,0.5,0.5,0.9697525206232815,0.9694656488549619,0.9706422018348625,0.9706601466992666,0.9697525206232815,0.9700488997555012,0.0,1.0,0.0,0.5160142348754448,0.7241379310344828,0.635096497498213,0.3333333333333333,1.0,1.0,0.02321670735014917,0.23354838709677417,0.8669354838709676,0.18122977346278318,0.15259829529832278,0.2048780487804878,0.0,0.25,0.0
Bhadradri Kothagudem,Telangana,0.3333333333333144,0.9205038265306122,1.0,1.0,0.7727272727272727,0.16901408450704225,0.6582278481012658,0.0,1.0,1.0,0.6666666666666667,0.7853379632401364,0.788051841466334,0.5933609958506225,1.0,1.0,0.6481203007518798,0.229706390328152,0.5836575875486381,0.7200000000000001,0.2142857142857142,0.027659574468085105,0.08139534883720931,0.125,1.0,1.0,0.0,0.16079632465543645,0.006230529595015576,0.8459343794579173,0.0,0.5,0.3333333333333333,0.02155172413793103,0.3703703703703704,0.02107279693486589,0.0,0.0,0.5212121212121212,0.05862068965517242,0.9506903353057199,0.014732965009208107,0.5,0.5,0.3333333333333333,0.0,0.13043478260869565,0.48484848484848475,0.48484848484848486,0.9545454545454545,0.46341463414634143,0.5,0.5,0.5,0.9697525206232815,0.9694656488549619,0.9706422018348625,0.9706601466992666,0.9697525206232815,0.9700488997555012,0.0,1.0,0.0,0.5160142348754448,0.7241379310344828,0.635096497498213,0.3333333333333333,1.0,1.0,0.02321670735014917,0.23354838709677417,0.8669354838709676,0.18122977346278318,0.15259829529832278,0.2048780487804878,0.0,0.25,0.0
Bhadradri Kothagudem,Telangana,0.44444444444442865,0.41074617346938774,0.0,0.0,0.0,0.0,0.0,0.0,0.0,0.5,0.6666666666666667,0.3256001915823505,0.3346441883527682,0.6473029045643157,0.5,0.0,0.6481203007518798,0.229706390328152,0.5836575875486381,0.7200000000000001,0.2142857142857142,0.027659574468085105,0.08139534883720931,0.125,1.0,1.0,0.0,0.16079632465543645,0.006230529595015576,0.8459343794579173,0.0,0.5,0.3333333333333333,0.02155172413793103,0.3703703703703704,0.02107279693486589,0.0,0.0,0.5212121212121212,0.05862068965517242,0.9506903353057199,0.014732965009208107,0.5,0.5,0.3333333333333333,0.0,0.13043478260869565,0.48484848484848475,0.48484848484848486,0.9545454545454545,0.46341463414634143,0.5,0.5,0.5,0.9697525206232815,0.9694656488549619,0.9706422018348625,0.9706601466992666,0.9697525206232815,0.9700488997555012,0.0,1.0,0.0,0.5160142348754448,0.7241379310344828,0.635096497498213,0.3333333333333333,1.0,1.0,0.02321670735014917,0.23354838709677417,0.8669354838709676,0.18122977346278318,0.15259829529832278,0.2048780487804878,0.0,0.25,0.0
Bhadradri Kothagudem,Telangana,0.5555555555555429,0.09684311224489794,0.0,0.0,0.0,0.0,0.0,0.0,0.0,0.5,0.6666666666666667,0.10540022750404118,0.11616455220052663,0.7634854771784232,0.0,0.0,0.6481203007518798,0.229706390328152,0.5836575875486381,0.7200000000000001,0.2142857142857142,0.027659574468085105,0.08139534883720931,0.125,1.0,1.0,0.0,0.16079632465543645,0.006230529595015576,0.8459343794579173,0.0,0.5,0.3333333333333333,0.02155172413793103,0.3703703703703704,0.02107279693486589,0.0,0.0,0.5212121212121212,0.05862068965517242,0.9506903353057199,0.014732965009208107,0.5,0.5,0.3333333333333333,0.0,0.13043478260869565,0.48484848484848475,0.48484848484848486,0.9545454545454545,0.46341463414634143,0.5,0.5,0.5,0.9697525206232815,0.9694656488549619,0.9706422018348625,0.9706601466992666,0.9697525206232815,0.9700488997555012,0.0,1.0,0.0,0.5160142348754448,0.7241379310344828,0.635096497498213,0.3333333333333333,1.0,1.0,0.02321670735014917,0.23354838709677417,0.8669354838709676,0.18122977346278318,0.15259829529832278,0.2048780487804878,0.0,0.25,0.0
Bhadradri Kothagudem,Telangana,0.6666666666666572,0.506951530612245,1.0,1.0,0.045454545454545456,0.7605633802816901,0.810126582278481,0.0,0.0,0.0,0.0,0.4745255343351493,0.471771022124953,0.5518672199170127,0.75,0.6666666666666666,0.6481203007518798,0.229706390328152,0.5836575875486381,0.7200000000000001,0.2142857142857142,0.027659574468085105,0.08139534883720931,0.125,1.0,1.0,0.0,0.16079632465543645,0.006230529595015576,0.8459343794579173,0.0,0.5,0.3333333333333333,0.02155172413793103,0.3703703703703704,0.02107279693486589,0.0,0.0,0.5212121212121212,0.05862068965517242,0.9506903353057199,0.014732965009208107,0.5,0.5,0.3333333333333333,0.0,0.13043478260869565,0.48484848484848475,0.48484848484848486,0.9545454545454545,0.46341463414634143,0.5,0.5,0.5,0.9697525206232815,0.9694656488549619,0.9706422018348625,0.9706601466992666,0.9697525206232815,0.9700488997555012,0.0,1.0,0.0,0.5160142348754448,0.7241379310344828,0.635096497498213,0.3333333333333333,1.0,1.0,0.02321670735014917,0.23354838709677417,0.8669354838709676,0.18122977346278318,0.15259829529832278,0.2048780487804878,0.0,0.25,0.0
Bhadradri Kothagudem,Telangana,0.7777777777777715,0.3642219387755102,0.0,0.0,0.0,0.0,0.0,0.0,0.0,0.5,0.6666666666666667,0.38154822486978385,0.3888793899394727,0.6265560165975104,0.5,0.0,0.6481203007518798,0.229706390328152,0.5836575875486381,0.7200000000000001,0.2142857142857142,0.027659574468085105,0.08139534883720931,0.125,1.0,1.0,0.0,0.16079632465543645,0.006230529595015576,0.8459343794579173,0.0,0.5,0.3333333333333333,0.02155172413793103,0.3703703703703704,0.02107279693486589,0.0,0.0,0.5212121212121212,0.05862068965517242,0.9506903353057199,0.014732965009208107,0.5,0.5,0.3333333333333333,0.0,0.13043478260869565,0.48484848484848475,0.48484848484848486,0.9545454545454545,0.46341463414634143,0.5,0.5,0.5,0.9697525206232815,0.9694656488549619,0.9706422018348625,0.9706601466992666,0.9697525206232815,0.9700488997555012,0.0,1.0,0.0,0.5160142348754448,0.7241379310344828,0.635096497498213,0.3333333333333333,1.0,1.0,0.02321670735014917,0.23354838709677417,0.8669354838709676,0.18122977346278318,0.15259829529832278,0.2048780487804878,0.0,0.25,0.0
Bhadradri Kothagudem,Telangana,0.8888888888888857,0.551626275510204,1.0,1.0,0.4772727272727273,0.15492957746478875,0.49367088607594933,1.0,0.0,0.5,0.6666666666666667,0.5925881578159612,0.581506685360599,0.5103734439834029,1.0,0.6666666666666666,0.6481203007518798,0.229706390328152,0.5836575875486381,0.7200000000000001,0.2142857142857142,0.027659574468085105,0.08139534883720931,0.125,1.0,1.0,0.0,0.16079632465543645,0.006230529595015576,0.8459343794579173,0.0,0.5,0.3333333333333333,0.02155172413793103,0.3703703703703704,0.02107279693486589,0.0,0.0,0.5212121212121212,0.05862068965517242,0.9506903353057199,0.014732965009208107,0.5,0.5,0.3333333333333333,0.0,0.13043478260869565,0.48484848484848475,0.48484848484848486,0.9545454545454545,0.46341463414634143,0.5,0.5,0.5,0.9697525206232815,0.9694656488549619,0.9706422018348625,0.9706601466992666,0.9697525206232815,0.9700488997555012,0.0,1.0,0.0,0.5160142348754448,0.7241379310344828,0.635096497498213,0.3333333333333333,1.0,1.0,0.02321670735014917,0.23354838709677417,0.8669354838709676,0.18122977346278318,0.15259829529832278,0.2048780487804878,0.0,0.25,0.0
Bhadradri Kothagudem,Telangana,1.0,0.2639987244897959,0.0,0.0,0.0,0.0,0.0,0.0,0.0,0.5,0.6666666666666667,0.17008920553194035,0.17443490749923057,0.601659751037344,0.25,0.0,0.6481203007518798,0.229706390328152,0.5836575875486381,0.7200000000000001,0.2142857142857142,0.027659574468085105,0.08139534883720931,0.125,1.0,1.0,0.0,0.16079632465543645,0.006230529595015576,0.8459343794579173,0.0,0.5,0.3333333333333333,0.02155172413793103,0.3703703703703704,0.02107279693486589,0.0,0.0,0.5212121212121212,0.05862068965517242,0.9506903353057199,0.014732965009208107,0.5,0.5,0.3333333333333333,0.0,0.13043478260869565,0.48484848484848475,0.48484848484848486,0.9545454545454545,0.46341463414634143,0.5,0.5,0.5,0.9697525206232815,0.9694656488549619,0.9706422018348625,0.9706601466992666,0.9697525206232815,0.9700488997555012,0.0,1.0,0.0,0.5160142348754448,0.7241379310344828,0.635096497498213,0.3333333333333333,1.0,1.0,0.02321670735014917,0.23354838709677417,0.8669354838709676,0.18122977346278318,0.15259829529832278,0.2048780487804878,0.0,0.25,0.0
Khammam,Telangana,0.0,0.20051020408163261,0.0,0.0,0.0,0.0,0.0,0.0,0.0,0.5,0.6666666666666667,0.14263904687780637,0.14382929248025167,0.5394190871369293,0.25,0.0,0.8300751879699247,0.09671848013816925,0.30350194552529175,0.84,0.03571428571428581,0.6574468085106383,0.5232558139534883,0.375,1.0,1.0,0.0,0.13782542113323124,0.0,0.9857346647646219,0.05362776025236593,0.5,0.3333333333333333,0.1422413793103448,0.12698412698412698,0.1417624521072797,0.0,0.0,0.3624242424242424,0.26091954022988506,0.2445759368836292,0.5948434622467773,0.29166666666666663,0.25,0.6666666666666666,0.5,0.3127839065541856,0.06060606060606061,0.06060606060606066,0.42727272727272736,0.12195121951219501,0.75,0.25,0.75,0.32080659945004586,0.32061068702290074,0.3211009174311926,0.32151589242053785,0.32080659945004586,0.3209046454767726,0.5,0.5,1.0,0.16370106761565834,0.5,0.3198713366690493,0.6666666666666666,1.0,0.0,0.0188228912394901,0.6348387096774194,0.29032258064516125,0.18446601941747576,0.7801759692053889,0.9134146341463415,0.4686098654708522,1.0,1.0
Khammam,Telangana,0.11111111111111427,0.4119260204081633,1.0,1.0,0.7727272727272727,0.7746478873239436,0.2911392405063291,1.0,0.0,0.0,0.6666666666666667,0.4060947135245165,0.4030024279314708,0.5394190871369293,0.75,0.6666666666666666,0.8300751879699247,0.09671848013816925,0.30350194552529175,0.84,0.03571428571428581,0.6574468085106383,0.5232558139534883,0.375,1.0,1.0,0.0,0.13782542113323124,0.0,0.9857346647646219,0.05362776025236593,0.5,0.3333333333333333,0.1422413793103448,0.12698412698412698,0.1417624521072797,0.0,0.0,0.3624242424242424,0.26091954022988506,0.2445759368836292,0.5948434622467773,0.29166666666666663,0.25,0.6666666666666666,0.5,0.3127839065541856,0.06060606060606061,0.06060606060606066,0.42727272727272736,0.12195121951219501,0.75,0.25,0.75,0.32080659945004586,0.32061068702290074,0.3211009174311926,0.32151589242053785,0.32080659945004586,0.3209046454767726,0.5,0.5,1.0,0.16370106761565834,0.5,0.3198713366690493,0.6666666666666666,1.0,0.0,0.0188228912394901,0.6348387096774194,0.29032258064516125,0.18446601941747576,0.7801759692053889,0.9134146341463415,0.4686098654708522,1.0,1.0
Khammam,Telangana,0.22222222222220012,0.7731186224489796,1.0,1.0,0.75,0.5070422535211268,0.24050632911392406,0.0,1.0,1.0,0.6666666666666667,0.562204394420164,0.5652976780768046,0.5933609958506225,1.0,1.0,0.8300751879699247,0.09671848013816925,0.30350194552529175,0.84,0.03571428571428581,0.6574468085106383,0.5232558139534883,0.375,1.0,1.0,0.0,0.13782542113323124,0.0,0.9857346647646219,0.05362776025236593,0.5,0.3333333333333333,0.1422413793103448,0.12698412698412698,0.1417624521072797,0.0,0.0,0.3624242424242424,0.26091954022988506,0.2445759368836292,0.5948434622467773,0.29166666666666663,0.25,0.6666666666666666,0.5,0.3127839065541856,0.06060606060606061,0.06060606060606066,0.42727272727272736,0.12195121951219501,0.75,0.25,0.75,0.32080659945004586,0.32061068702290074,0.3211009174311926,0.32151589242053785,0.32080659945004586,0.3209046454767726,0.5,0.5,1.0,0.16370106761565834,0.5,0.3198713366690493,0.6666666666666666,1.0,0.0,0.0188228912394901,0.6348387096774194,0.29032258064516125,0.18446601941747576,0.7801759692053889,0.9134146341463415,0.4686098654708522,1.0,1.0
Khammam,Telangana,0.3333333333333144,0.3365752551020408,0.0,0.0,0.0,0.0,0.0,0.0,0.0,0.5,0.6666666666666667,0.2497156199485122,0.2527100502684403,0.5850622406639006,0.5,0.0,0.8300751879699247,0.09671848013816925,0.30350194552529175,0.84,0.03571428571428581,0.6574468085106383,0.5232558139534883,0.375,1.0,1.0,0.0,0.13782542113323124,0.0,0.9857346647646219,0.05362776025236593,0.5,0.3333333333333333,0.1422413793103448,0.12698412698412698,0.1417624521072797,0.0,0.0,0.3624242424242424,0.26091954022988506,0.2445759368836292,0.5948434622467773,0.29166666666666663,0.25,0.6666666666666666,0.5,0.3127839065541856,0.06060606060606061,0.06060606060606066,0.42727272727272736,0.12195121951219501,0.75,0.25,0.75,0.32080659945004586,0.32061068702290074,0.3211009174311926,0.32151589242053785,0.32080659945004586,0.3209046454767726,0.5,0.5,1.0,0.16370106761565834,0.5,0.3198713366690493,0.6666666666666666,1.0,0.0,0.0188228912394901,0.6348387096774194,0.29032258064516125,0.18446601941747576,0.7801759692053889,0.9134146341463415,0.4686098654708522,1.0,1.0
Khammam,Telangana,0.44444444444442865,0.12107780612244898,0.0,0.0,0.0,0.0,0.0,0.0,0.0,0.5,0.6666666666666667,0.07292103214991319,0.07280374790548165,0.46473029045643166,0.0,0.0,0.8300751879699247,0.09671848013816925,0.30350194552529175,0.84,0.03571428571428581,0.6574468085106383,0.5232558139534883,0.375,1.0,1.0,0.0,0.13782542113323124,0.0,0.9857346647646219,0.05362776025236593,0.5,0.3333333333333333,0.1422413793103448,0.12698412698412698,0.1417624521072797,0.0,0.0,0.3624242424242424,0.26091954022988506,0.2445759368836292,0.5948434622467773,0.29166666666666663,0.25,0.6666666666666666,0.5,0.3127839065541856,0.06060606060606061,0.06060606060606066,0.42727272727272736,0.12195121951219501,0.75,0.25,0.75,0.32080659945004586,0.32061068702290074,0.3211009174311926,0.32151589242053785,0.32080659945004586,0.3209046454767726,0.5,0.5,1.0,0.16370106761565834,0.5,0.3198713366690493,0.6666666666666666,1.0,0.0,0.0188228912394901,0.6348387096774194,0.29032258064516125,0.18446601941747576,0.7801759692053889,0.9134146341463415,0.4686098654708522,1.0,1.0
Khammam,Telangana,0.5555555555555429,0.48329081632653054,1.0,1.0,0.9772727272727273,0.36619718309859156,0.8227848101265822,0.0,0.0,0.0,1.0,0.4260312518709214,0.43145368122285677,0.6099585062240664,0.75,0.6666666666666666,0.8300751879699247,0.09671848013816925,0.30350194552529175,0.84,0.03571428571428581,0.6574468085106383,0.5232558139534883,0.375,1.0,1.0,0.0,0.13782542113323124,0.0,0.9857346647646219,0.05362776025236593,0.5,0.3333333333333333,0.1422413793103448,0.12698412698412698,0.1417624521072797,0.0,0.0,0.3624242424242424,0.26091954022988506,0.2445759368836292,0.5948434622467773,0.29166666666666663,0.25,0.6666666666666666,0.5,0.3127839065541856,0.06060606060606061,0.06060606060606066,0.42727272727272736,0.12195121951219501,0.75,0.25,0.75,0.32080659945004586,0.32061068702290074,0.3211009174311926,0.32151589242053785,0.32080659945004586,0.3209046454767726,0.5,0.5,1.0,0.16370106761565834,0.5,0.3198713366690493,0.6666666666666666,1.0,0.0,0.0188228912394901,0.6348387096774194,0.29032258064516125,0.18446601941747576,0.7801759692053889,0.9134146341463415,0.4686098654708522,1.0,1.0
Khammam,Telangana,0.6666666666666572,0.2652742346938775,0.0,0.0,0.0,0.0,0.0,0.0,0.0,0.5,0.6666666666666667,0.26168951685325986,0.26184044044728655,0.5518672199170127,0.5,0.0,0.8300751879699247,0.09671848013816925,0.30350194552529175,0.84,0.03571428571428581,0.6574468085106383,0.5232558139534883,0.375,1.0,1.0,0.0,0.13782542113323124,0.0,0.9857346647646219,0.05362776025236593,0.5,0.3333333333333333,0.1422413793103448,0.12698412698412698,0.1417624521072797,0.0,0.0,0.3624242424242424,0.26091954022988506,0.2445759368836292,0.5948434622467773,0.29166666666666663,0.25,0.6666666666666666,0.5,0.3127839065541856,0.06060606060606061,0.06060606060606066,0.42727272727272736,0.12195121951219501,0.75,0.25,0.75,0.32080659945004586,0.32061068702290074,0.3211009174311926,0.32151589242053785,0.32080659945004586,0.3209046454767726,0.5,0.5,1.0,0.16370106761565834,0.5,0.3198713366690493,0.6666666666666666,1.0,0.0,0.0188228912394901,0.6348387096774194,0.29032258064516125,0.18446601941747576,0.7801759692053889,0.9134146341463415,0.4686098654708522,1.0,1.0
Khammam,Telangana,0.7777777777777715,0.5455676020408163,1.0,1.0,0.5681818181818182,0.8591549295774648,0.5316455696202531,1.0,0.0,0.5,0.6666666666666667,0.5441836795785188,0.5435488834934856,0.5684647302904566,1.0,0.6666666666666666,0.8300751879699247,0.09671848013816925,0.30350194552529175,0.84,0.03571428571428581,0.6574468085106383,0.5232558139534883,0.375,1.0,1.0,0.0,0.13782542113323124,0.0,0.9857346647646219,0.05362776025236593,0.5,0.3333333333333333,0.1422413793103448,0.12698412698412698,0.1417624521072797,0.0,0.0,0.3624242424242424,0.26091954022988506,0.2445759368836292,0.5948434622467773,0.29166666666666663,0.25,0.6666666666666666,0.5,0.3127839065541856,0.06060606060606061,0.06060606060606066,0.42727272727272736,0.12195121951219501,0.75,0.25,0.75,0.32080659945004586,0.32061068702290074,0.3211009174311926,0.32151589242053785,0.32080659945004586,0.3209046454767726,0.5,0.5,1.0,0.16370106761565834,0.5,0.3198713366690493,0.6666666666666666,1.0,0.0,0.0188228912394901,0.6348387096774194,0.29032258064516125,0.18446601941747576,0.7801759692053889,0.9134146341463415,0.4686098654708522,1.0,1.0
Khammam,Telangana,0.8888888888888857,0.17755102040816323,0.0,0.0,0.0,0.0,0.0,0.0,0.0,0.5,0.6666666666666667,0.12210381368616416,0.1295352733987621,0.6721991701244812,0.25,0.0,0.8300751879699247,0.09671848013816925,0.30350194552529175,0.84,0.03571428571428581,0.6574468085106383,0.5232558139534883,0.375,1.0,1.0,0.0,0.13782542113323124,0.0,0.9857346647646219,0.05362776025236593,0.5,0.3333333333333333,0.1422413793103448,0.12698412698412698,0.1417624521072797,0.0,0.0,0.3624242424242424,0.26091954022988506,0.2445759368836292,0.5948434622467773,0.29166666666666663,0.25,0.6666666666666666,0.5,0.3127839065541856,0.06060606060606061,0.06060606060606066,0.42727272727272736,0.12195121951219501,0.75,0.25,0.75,0.32080659945004586,0.32061068702290074,0.3211009174311926,0.32151589242053785,0.32080659945004586,0.3209046454767726,0.5,0.5,1.0,0.16370106761565834,0.5,0.3198713366690493,0.6666666666666666,1.0,0.0,0.0188228912394901,0.6348387096774194,0.29032258064516125,0.18446601941747576,0.7801759692053889,0.9134146341463415,0.4686098654708522,1.0,1.0
Khammam,Telangana,1.0,0.35570790816326525,1.0,1.0,0.8409090909090909,0.619718309859155,0.6329113924050633,1.0,0.0,0.0,1.0,0.36861641621265634,0.36412132818110315,0.5228215767634858,0.75,0.3333333333333333,0.8300751879699247,0.09671848013816925,0.30350194552529175,0.84,0.03571428571428581,0.6574468085106383,0.5232558139534883,0.375,1.0,1.0,0.0,0.13782542113323124,0.0,0.9857346647646219,0.05362776025236593,0.5,0.3333333333333333,0.1422413793103448,0.12698412698412698,0.1417624521072797,0.0,0.0,0.3624242424242424,0.26091954022988506,0.2445759368836292,0.5948434622467773,0.29166666666666663,0.25,0.6666666666666666,0.5,0.3127839065541856,0.06060606060606061,0.06060606060606066,0.42727272727272736,0.12195121951219501,0.75,0.25,0.75,0.32080659945004586,0.32061068702290074,0.3211009174311926,0.32151589242053785,0.32080659945004586,0.3209046454767726,0.5,0.5,1.0,0.16370106761565834,0.5,0.3198713366690493,0.6666666666666666,1.0,0.0,0.0188228912394901,0.6348387096774194,0.29032258064516125,0.18446601941747576,0.7801759692053889,0.9134146341463415,0.4686098654708522,1.0,1.0
Nalgonda,Telangana,0.0,0.27949617346938777,1.0,1.0,0.4318181818181818,0.619718309859155,0.7341772151898734,1.0,0.0,0.0,0.3333333333333333,0.27423217386098303,0.27148377389460726,0.5186721991701244,0.75,0.6666666666666666,0.6676691729323309,0.07772020725388601,0.4785992217898831,0.7600000000000001,0.1785714285714286,0.6,0.6162790697674418,0.125,1.0,1.0,0.0,0.5436447166921898,0.4719626168224299,0.8159771754636234,0.0,0.75,0.0,0.11781609195402298,0.07407407407407408,0.11877394636015326,0.0,0.0,0.3381818181818182,0.14597701149425285,0.717948717948718,0.847145488029466,0.125,0.25,0.6666666666666666,0.5,0.21576898118105126,0.5,0.5,0.8636363636363636,0.04878048780487809,0.5,0.5,0.5,0.2997250229147571,0.29923664122137406,0.30091743119266057,0.2995110024449878,0.2997250229147571,0.30012224938875304,0.5,0.5,1.0,0.7437722419928826,0.7241379310344828,0.39742673338098644,0.0,0.6666666666666666,1.0,0.02446433414700298,0.35612903225806447,0.44354838709677413,0.21467098166127296,0.883007973604619,0.9121951219512195,0.646188340807175,1.0,1.0
Nalgonda,Telangana,0.11111111111111427,0.43338647959183674,1.0,1.0,0.2272727272727273,0.8028169014084507,0.6835443037974683,1.0,1.0,1.0,0.3333333333333333,0.39361192600131706,0.3900078651301166,0.5352697095435688,1.0,1.0,0.6676691729323309,0.07772020725388601,0.4785992217898831,0.7600000000000001,0.1785714285714286,0.6,0.6162790697674418,0.125,1.0,1.0,0.0,0.5436447166921898,0.4719626168224299,0.8159771754636234,0.0,0.75,0.0,0.11781609195402298,0.07407407407407408,0.11877394636015326,0.0,0.0,0.3381818181818182,0.14597701149425285,0.717948717948718,0.847145488029466,0.125,0.25,0.6666666666666666,0.5,0.21576898118105126,0.5,0.5,0.8636363636363636,0.04878048780487809,0.5,0.5,0.5,0.2997250229147571,0.29923664122137406,0.30091743119266057,0.2995110024449878,0.2997250229147571,0.30012224938875304,0.5,0.5,1.0,0.7437722419928826,0.7241379310344828,0.39742673338098644,0.0,0.6666666666666666,1.0,0.02446433414700298,0.35612903225806447,0.44354838709677413,0.21467098166127296,0.883007973604619,0.9121951219512195,0.646188340807175,1.0,1.0
Nalgonda,Telangana,0.22222222222220012,0.1900191326530612,0.0,0.0,0.0,0.0,0.0,0.0,0.0,0.5,0.6666666666666667,0.1880799856313237,0.1978935129774647,0.6887966804979255,0.5,0.0,0.6676691729323309,0.07772020725388601,0.4785992217898831,0.7600000000000001,0.1785714285714286,0.6,0.6162790697674418,0.125,1.0,1.0,0.0,0.5436447166921898,0.4719626168224299,0.8159771754636234,0.0,0.75,0.0,0.11781609195402298,0.07407407407407408,0.11877394636015326,0.0,0.0,0.3381818181818182,0.14597701149425285,0.717948717948718,0.847145488029466,0.125,0.25,0.6666666666666666,0.5,0.21576898118105126,0.5,0.5,0.8636363636363636,0.04878048780487809,0.5,0.5,0.5,0.2997250229147571,0.29923664122137406,0.30091743119266057,0.2995110024449878,0.2997250229147571,0.30012224938875304,0.5,0.5,1.0,0.7437722419928826,0.7241379310344828,0.39742673338098644,0.0,0.6666666666666666,1.0,0.02446433414700298,0.35612903225806447,0.44354838709677413,0.21467098166127296,0.883007973604619,0.9121951219512195,0.646188340807175,1.0,1.0
Nalgonda,Telangana,0.3333333333333144,0.08309948979591836,0.0,0.0,0.0,0.0,0.0,0.0,0.0,0.5,0.6666666666666667,0.04801532658803808,0.04346339294873987,0.24896265560165975,0.0,0.0,0.6676691729323309,0.07772020725388601,0.4785992217898831,0.7600000000000001,0.1785714285714286,0.6,0.6162790697674418,0.125,1.0,1.0,0.0,0.5436447166921898,0.4719626168224299,0.8159771754636234,0.0,0.75,0.0,0.11781609195402298,0.07407407407407408,0.11877394636015326,0.0,0.0,0.3381818181818182,0.14597701149425285,0.717948717948718,0.847145488029466,0.125,0.25,0.6666666666666666,0.5,0.21576898118105126,0.5,0.5,0.8636363636363636,0.04878048780487809,0.5,0.5,0.5,0.2997250229147571,0.29923664122137406,0.30091743119266057,0.2995110024449878,0.2997250229147571,0.30012224938875304,0.5,0.5,1.0,0.7437722419928826,0.7241379310344828,0.39742673338098644,0.0,0.6666666666666666,1.0,0.02446433414700298,0.35612903225806447,0.44354838709677413,0.21467098166127296,0.883007973604619,0.9121951219512195,0.646188340807175,1.0,1.0
Nalgonda,Telangana,0.44444444444442865,0.31693239795918365,1.0,1.0,0.7045454545454546,0.29577464788732394,1.0,1.0,0.0,0.0,0.6666666666666667,0.28144644674609354,0.27384331292959,0.4688796680497931,0.75,0.6666666666666666,0.6676691729323309,0.07772020725388601,0.4785992217898831,0.7600000000000001,0.1785714285714286,0.6,0.6162790697674418,0.125,1.0,1.0,0.0,0.5436447166921898,0.4719626168224299,0.8159771754636234,0.0,0.75,0.0,0.11781609195402298,0.07407407407407408,0.11877394636015326,0.0,0.0,0.3381818181818182,0.14597701149425285,0.717948717948718,0.847145488029466,0.125,0.25,0.6666666666666666,0.5,0.21576898118105126,0.5,0.5,0.8636363636363636,0.04878048780487809,0.5,0.5,0.5,0.2997250229147571,0.29923664122137406,0.30091743119266057,0.2995110024449878,0.2997250229147571,0.30012224938875304,0.5,0.5,1.0,0.7437722419928826,0.7241379310344828,0.39742673338098644,0.0,0.6666666666666666,1.0,0.02446433414700298,0.35612903225806447,0.44354838709677413,0.21467098166127296,0.883007973604619,0.9121951219512195,0.646188340807175,1.0,1.0
Nalgonda,Telangana,0.5555555555555429,0.18568239795918365,0.0,0.0,0.0,0.0,0.0,0.0,0.0,0.5,0.6666666666666667,0.19783871160869304,0.20363847758437917,0.6224066390041494,0.5,0.0,0.6676691729323309,0.07772020725388601,0.4785992217898831,0.7600000000000001,0.1785714285714286,0.6,0.6162790697674418,0.125,1.0,1.0,0.0,0.5436447166921898,0.4719626168224299,0.8159771754636234,0.0,0.75,0.0,0.11781609195402298,0.07407407407407408,0.11877394636015326,0.0,0.0,0.3381818181818182,0.14597701149425285,0.717948717948718,0.847145488029466,0.125,0.25,0.6666666666666666,0.5,0.21576898118105126,0.5,0.5,0.8636363636363636,0.04878048780487809,0.5,0.5,0.5,0.2997250229147571,0.29923664122137406,0.30091743119266057,0.2995110024449878,0.2997250229147571,0.30012224938875304,0.5,0.5,1.0,0.7437722419928826,0.7241379310344828,0.39742673338098644,0.0,0.6666666666666666,1.0,0.02446433414700298,0.35612903225806447,0.44354838709677413,0.21467098166127296,0.883007973604619,0.9121951219512195,0.646188340807175,1.0,1.0
Nalgonda,Telangana,0.6666666666666572,0.346077806122449,1.0,1.0,0.34090909090909094,0.8309859154929577,0.31645569620253167,0.0,0.0,0.5,0.3333333333333333,0.2765072142728851,0.272817426392641,0.5103734439834029,0.75,0.6666666666666666,0.6676691729323309,0.07772020725388601,0.4785992217898831,0.7600000000000001,0.1785714285714286,0.6,0.6162790697674418,0.125,1.0,1.0,0.0,0.5436447166921898,0.4719626168224299,0.8159771754636234,0.0,0.75,0.0,0.11781609195402298,0.07407407407407408,0.11877394636015326,0.0,0.0,0.3381818181818182,0.14597701149425285,0.717948717948718,0.847145488029466,0.125,0.25,0.6666666666666666,0.5,0.21576898118105126,0.5,0.5,0.8636363636363636,0.04878048780487809,0.5,0.5,0.5,0.2997250229147571,0.29923664122137406,0.30091743119266057,0.2995110024449878,0.2997250229147571,0.30012224938875304,0.5,0.5,1.0,0.7437722419928826,0.7241379310344828,0.39742673338098644,0.0,0.6666666666666666,1.0,0.02446433414700298,0.35612903225806447,0.44354838709677413,0.21467098166127296,0.883007973604619,0.9121951219512195,0.646188340807175,1.0,1.0
Nalgonda,Telangana,0.7777777777777715,0.12786989795918366,0.0,0.0,0.0,0.0,0.0,0.0,0.0,0.5,0.6666666666666667,0.0795066754475244,0.06343398420134734,0.0,0.25,0.0,0.6676691729323309,0.07772020725388601,0.4785992217898831,0.7600000000000001,0.1785714285714286,0.6,0.6162790697674418,0.125,1.0,1.0,0.0,0.5436447166921898,0.4719626168224299,0.8159771754636234,0.0,0.75,0.0,0.11781609195402298,0.07407407407407408,0.11877394636015326,0.0,0.0,0.3381818181818182,0.14597701149425285,0.717948717948718,0.847145488029466,0.125,0.25,0.6666666666666666,0.5,0.21576898118105126,0.5,0.5,0.8636363636363636,0.04878048780487809,0.5,0.5,0.5,0.2997250229147571,0.29923664122137406,0.30091743119266057,0.2995110024449878,0.2997250229147571,0.30012224938875304,0.5,0.5,1.0,0.7437722419928826,0.7241379310344828,0.39742673338098644,0.0,0.6666666666666666,1.0,0.02446433414700298,0.35612903225806447,0.44354838709677413,0.21467098166127296,0.883007973604619,0.9121951219512195,0.646188340807175,1.0,1.0
Nalgonda,Telangana,0.8888888888888857,0.23874362244897956,1.0,1.0,0.36363636363636365,1.0,0.20253164556962025,0.0,0.0,0.0,0.3333333333333333,0.2546249176794587,0.258591799746948,0.5975103734439835,0.75,0.3333333333333333,0.6676691729323309,0.07772020725388601,0.4785992217898831,0.7600000000000001,0.1785714285714286,0.6,0.6162790697674418,0.125,1.0,1.0,0.0,0.5436447166921898,0.4719626168224299,0.8159771754636234,0.0,0.75,0.0,0.11781609195402298,0.07407407407407408,0.11877394636015326,0.0,0.0,0.3381818181818182,0.14597701149425285,0.717948717948718,0.847145488029466,0.125,0.25,0.6666666666666666,0.5,0.21576898118105126,0.5,0.5,0.8636363636363636,0.04878048780487809,0.5,0.5,0.5,0.2997250229147571,0.29923664122137406,0.30091743119266057,0.2995110024449878,0.2997250229147571,0.30012224938875304,0.5,0.5,1.0,0.7437722419928826,0.7241379310344828,0.39742673338098644,0.0,0.6666666666666666,1.0,0.02446433414700298,0.35612903225806447,0.44354838709677413,0.21467098166127296,0.883007973604619,0.9121951219512195,0.646188340807175,1.0,1.0
Nalgonda,Telangana,1.0,0.5084502551020408,1.0,1.0,0.1590909090909091,0.1971830985915493,0.9873417721518987,1.0,1.0,1.0,0.3333333333333333,0.40654373465844457,0.40375474472523337,0.5435684647302907,1.0,1.0,0.6676691729323309,0.07772020725388601,0.4785992217898831,0.7600000000000001,0.1785714285714286,0.6,0.6162790697674418,0.125,1.0,1.0,0.0,0.5436447166921898,0.4719626168224299,0.8159771754636234,0.0,0.75,0.0,0.11781609195402298,0.07407407407407408,0.11877394636015326,0.0,0.0,0.3381818181818182,0.14597701149425285,0.717948717948718,0.847145488029466,0.125,0.25,0.6666666666666666,0.5,0.21576898118105126,0.5,0.5,0.8636363636363636,0.04878048780487809,0.5,0.5,0.5,0.2997250229147571,0.29923664122137406,0.30091743119266057,0.2995110024449878,0.2997250229147571,0.30012224938875304,0.5,0.5,1.0,0.7437722419928826,0.7241379310344828,0.39742673338098644,0.0,0.6666666666666666,1.0,0.02446433414700298,0.35612903225806447,0.44354838709677413,0.21467098166127296,0.883007973604619,0.9121951219512195,0.646188340807175,1.0,1.0
Suryapet,Telangana,0.0,0.4741390306122449,1.0,1.0,0.18181818181818182,0.8309859154929577,0.4810126582278481,1.0,1.0,1.0,0.3333333333333333,0.4394120816619768,0.430803953082789,0.5020746887966809,1.0,1.0,0.21052631578947373,0.6269430051813472,0.7548638132295717,0.56,0.607142857142857,0.948936170212766,0.43023255813953487,0.625,0.6666666666666666,0.3333333333333333,1.0,0.15160796324655437,0.1059190031152648,0.5684736091298146,0.0,0.5,0.3333333333333333,0.17528735632183906,0.05291005291005292,0.17624521072796936,0.3333333333333333,0.0,0.6666666666666667,0.08275862068965517,0.14201183431952663,0.9558011049723758,0.5416666666666666,0.75,0.0,0.75,0.2154445165476963,0.4696969696969696,0.4696969696969697,0.15454545454545454,0.07317073170731692,0.5,0.5,0.5,0.3923006416131989,0.39236641221374047,0.3926605504587156,0.3924205378973105,0.3923006416131989,0.3924205378973105,0.5,0.5,0.0,0.12455516014234876,0.10344827586206895,0.5096497498213008,0.6666666666666666,0.3333333333333333,1.0,0.026579875237320312,0.9741935483870969,0.8145161290322579,0.2351672060409925,0.3342040142974978,0.38170731707317074,0.0,0.5,0.0
Suryapet,Telangana,0.11111111111111427,0.21811224489795916,0.0,0.0,0.0,0.0,0.0,0.0,0.0,0.5,0.6666666666666667,0.19089385140393939,0.1844885955613309,0.43568464730290435,0.5,0.0,0.21052631578947373,0.6269430051813472,0.7548638132295717,0.56,0.607142857142857,0.948936170212766,0.43023255813953487,0.625,0.6666666666666666,0.3333333333333333,1.0,0.15160796324655437,0.1059190031152648,0.5684736091298146,0.0,0.5,0.3333333333333333,0.17528735632183906,0.05291005291005292,0.17624521072796936,0.3333333333333333,0.0,0.6666666666666667,0.08275862068965517,0.14201183431952663,0.9558011049723758,0.5416666666666666,0.75,0.0,0.75,0.2154445165476963,0.4696969696969696,0.4696969696969697,0.15454545454545454,0.07317073170731692,0.5,0.5,0.5,0.3923006416131989,0.39236641221374047,0.3926605504587156,0.3924205378973105,0.3923006416131989,0.3924205378973105,0.5,0.5,0.0,0.12455516014234876,0.10344827586206895,0.5096497498213008,0.6666666666666666,0.3333333333333333,1.0,0.026579875237320312,0.9741935483870969,0.8145161290322579,0.2351672060409925,0.3342040142974978,0.38170731707317074,0.0,0.5,0.0
Suryapet,Telangana,0.22222222222220012,0.06221301020408163,0.0,0.0,0.0,0.0,0.0,0.0,0.0,0.5,0.6666666666666667,0.037478297311860136,0.039359846800943815,0.4979253112033195,0.0,0.0,0.21052631578947373,0.6269430051813472,0.7548638132295717,0.56,0.607142857142857,0.948936170212766,0.43023255813953487,0.625,0.6666666666666666,0.3333333333333333,1.0,0.15160796324655437,0.1059190031152648,0.5684736091298146,0.0,0.5,0.3333333333333333,0.17528735632183906,0.05291005291005292,0.17624521072796936,0.3333333333333333,0.0,0.6666666666666667,0.08275862068965517,0.14201183431952663,0.9558011049723758,0.5416666666666666,0.75,0.0,0.75,0.2154445165476963,0.4696969696969696,0.4696969696969697,0.15454545454545454,0.07317073170731692,0.5,0.5,0.5,0.3923006416131989,0.39236641221374047,0.3926605504587156,0.3924205378973105,0.3923006416131989,0.3924205378973105,0.5,0.5,0.0,0.12455516014234876,0.10344827586206895,0.5096497498213008,0.6666666666666666,0.3333333333333333,1.0,0.026579875237320312,0.9741935483870969,0.8145161290322579,0.2351672060409925,0.3342040142974978,0.38170731707317074,0.0,0.5,0.0
Suryapet,Telangana,0.3333333333333144,0.31772959183673466,1.0,1.0,0.5454545454545454,0.8450704225352113,0.5569620253164557,0.0,0.0,0.0,0.6666666666666667,0.32880320900437043,0.3327633963683617,0.5975103734439835,0.75,0.6666666666666666,0.21052631578947373,0.6269430051813472,0.7548638132295717,0.56,0.607142857142857,0.948936170212766,0.43023255813953487,0.625,0.6666666666666666,0.3333333333333333,1.0,0.15160796324655437,0.1059190031152648,0.5684736091298146,0.0,0.5,0.3333333333333333,0.17528735632183906,0.05291005291005292,0.17624521072796936,0.3333333333333333,0.0,0.6666666666666667,0.08275862068965517,0.14201183431952663,0.9558011049723758,0.5416666666666666,0.75,0.0,0.75,0.2154445165476963,0.4696969696969696,0.4696969696969697,0.15454545454545454,0.07317073170731692,0.5,0.5,0.5,0.3923006416131989,0.39236641221374047,0.3926605504587156,0.3924205378973105,0.3923006416131989,0.3924205378973105,0.5,0.5,0.0,0.12455516014234876,0.10344827586206895,0.5096497498213008,0.6666666666666666,0.3333333333333333,1.0,0.026579875237320312,0.9741935483870969,0.8145161290322579,0.2351672060409925,0.3342040142974978,0.38170731707317074,0.0,0.5,0.0
Suryapet,Telangana,0.44444444444442865,0.21422193877551016,0.0,0.0,0.0,0.0,0.0,0.0,0.0,0.5,0.6666666666666667,0.21100999820391547,0.2177957117942756,0.6348547717842328,0.5,0.0,0.21052631578947373,0.6269430051813472,0.7548638132295717,0.56,0.607142857142857,0.948936170212766,0.43023255813953487,0.625,0.6666666666666666,0.3333333333333333,1.0,0.15160796324655437,0.1059190031152648,0.5684736091298146,0.0,0.5,0.3333333333333333,0.17528735632183906,0.05291005291005292,0.17624521072796936,0.3333333333333333,0.0,0.6666666666666667,0.08275862068965517,0.14201183431952663,0.9558011049723758,0.5416666666666666,0.75,0.0,0.75,0.2154445165476963,0.4696969696969696,0.4696969696969697,0.15454545454545454,0.07317073170731692,0.5,0.5,0.5,0.3923006416131989,0.39236641221374047,0.3926605504587156,0.3924205378973105,0.3923006416131989,0.3924205378973105,0.5,0.5,0.0,0.12455516014234876,0.10344827586206895,0.5096497498213008,0.6666666666666666,0.3333333333333333,1.0,0.026579875237320312,0.9741935483870969,0.8145161290322579,0.2351672060409925,0.3342040142974978,0.38170731707317074,0.0,0.5,0.0
Suryapet,Telangana,0.5555555555555429,0.33683035714285714,1.0,1.0,0.5227272727272727,0.5492957746478874,0.17721518987341772,1.0,0.0,0.5,0.6666666666666667,0.36277914147159185,0.3751325103443559,0.6721991701244812,1.0,0.6666666666666666,0.21052631578947373,0.6269430051813472,0.7548638132295717,0.56,0.607142857142857,0.948936170212766,0.43023255813953487,0.625,0.6666666666666666,0.3333333333333333,1.0,0.15160796324655437,0.1059190031152648,0.5684736091298146,0.0,0.5,0.3333333333333333,0.17528735632183906,0.05291005291005292,0.17624521072796936,0.3333333333333333,0.0,0.6666666666666667,0.08275862068965517,0.14201183431952663,0.9558011049723758,0.5416666666666666,0.75,0.0,0.75,0.2154445165476963,0.4696969696969696,0.4696969696969697,0.15454545454545454,0.07317073170731692,0.5,0.5,0.5,0.3923006416131989,0.39236641221374047,0.3926605504587156,0.3924205378973105,0.3923006416131989,0.3924205378973105,0.5,0.5,0.0,0.12455516014234876,0.10344827586206895,0.5096497498213008,0.6666666666666666,0.3333333333333333,1.0,0.026579875237320312,0.9741935483870969,0.8145161290322579,0.2351672060409925,0.3342040142974978,0.38170731707317074,0.0,0.5,0.0
Suryapet,Telangana,0.6666666666666572,0.1237563775510204,0.0,0.0,0.0,0.0,0.0,0.0,0.0,0.5,0.6666666666666667,0.09902412740226305,0.10905173887768013,0.7510373443983402,0.25,0.0,0.21052631578947373,0.6269430051813472,0.7548638132295717,0.56,0.607142857142857,0.948936170212766,0.43023255813953487,0.625,0.6666666666666666,0.3333333333333333,1.0,0.15160796324655437,0.1059190031152648,0.5684736091298146,0.0,0.5,0.3333333333333333,0.17528735632183906,0.05291005291005292,0.17624521072796936,0.3333333333333333,0.0,0.6666666666666667,0.08275862068965517,0.14201183431952663,0.9558011049723758,0.5416666666666666,0.75,0.0,0.75,0.2154445165476963,0.4696969696969696,0.4696969696969697,0.15454545454545454,0.07317073170731692,0.5,0.5,0.5,0.3923006416131989,0.39236641221374047,0.3926605504587156,0.3924205378973105,0.3923006416131989,0.3924205378973105,0.5,0.5,0.0,0.12455516014234876,0.10344827586206895,0.5096497498213008,0.6666666666666666,0.3333333333333333,1.0,0.026579875237320312,0.9741935483870969,0.8145161290322579,0.2351672060409925,0.3342040142974978,0.38170731707317074,0.0,0.5,0.0
Suryapet,Telangana,0.7777777777777715,0.2931122448979591,1.0,1.0,0.29545454545454547,0.4647887323943662,0.18987341772151897,1.0,0.0,0.0,0.3333333333333333,0.30338861282404356,0.31121977909243237,0.6390041493775933,0.75,0.6666666666666666,0.21052631578947373,0.6269430051813472,0.7548638132295717,0.56,0.607142857142857,0.948936170212766,0.43023255813953487,0.625,0.6666666666666666,0.3333333333333333,1.0,0.15160796324655437,0.1059190031152648,0.5684736091298146,0.0,0.5,0.3333333333333333,0.17528735632183906,0.05291005291005292,0.17624521072796936,0.3333333333333333,0.0,0.6666666666666667,0.08275862068965517,0.14201183431952663,0.9558011049723758,0.5416666666666666,0.75,0.0,0.75,0.2154445165476963,0.4696969696969696,0.4696969696969697,0.15454545454545454,0.07317073170731692,0.5,0.5,0.5,0.3923006416131989,0.39236641221374047,0.3926605504587156,0.3924205378973105,0.3923006416131989,0.3924205378973105,0.5,0.5,0.0,0.12455516014234876,0.10344827586206895,0.5096497498213008,0.6666666666666666,0.3333333333333333,1.0,0.026579875237320312,0.9741935483870969,0.8145161290322579,0.2351672060409925,0.3342040142974978,0.38170731707317074,0.0,0.5,0.0
Suryapet,Telangana,0.8888888888888857,0.5775829081632653,1.0,1.0,0.045454545454545456,0.7746478873239436,0.5189873417721519,1.0,1.0,1.0,0.0,0.4589594683589774,0.4565537051602093,0.5518672199170127,1.0,1.0,0.21052631578947373,0.6269430051813472,0.7548638132295717,0.56,0.607142857142857,0.948936170212766,0.43023255813953487,0.625,0.6666666666666666,0.3333333333333333,1.0,0.15160796324655437,0.1059190031152648,0.5684736091298146,0.0,0.5,0.3333333333333333,0.17528735632183906,0.05291005291005292,0.17624521072796936,0.3333333333333333,0.0,0.6666666666666667,0.08275862068965517,0.14201183431952663,0.9558011049723758,0.5416666666666666,0.75,0.0,0.75,0.2154445165476963,0.4696969696969696,0.4696969696969697,0.15454545454545454,0.07317073170731692,0.5,0.5,0.5,0.3923006416131989,0.39236641221374047,0.3926605504587156,0.3924205378973105,0.3923006416131989,0.3924205378973105,0.5,0.5,0.0,0.12455516014234876,0.10344827586206895,0.5096497498213008,0.6666666666666666,0.3333333333333333,1.0,0.026579875237320312,0.9741935483870969,0.8145161290322579,0.2351672060409925,0.3342040142974978,0.38170731707317074,0.0,0.5,0.0
Suryapet,Telangana,1.0,0.19145408163265304,0.0,0.0,0.0,0.0,0.0,0.0,0.0,0.5,0.6666666666666667,0.16874214213015623,0.16427863078343538,0.4522821576763487,0.5,0.0,0.21052631578947373,0.6269430051813472,0.7548638132295717,0.56,0.607142857142857,0.948936170212766,0.43023255813953487,0.625,0.6666666666666666,0.3333333333333333,1.0,0.15160796324655437,0.1059190031152648,0.5684736091298146,0.0,0.5,0.3333333333333333,0.17528735632183906,0.05291005291005292,0.17624521072796936,0.3333333333333333,0.0,0.6666666666666667,0.08275862068965517,0.14201183431952663,0.9558011049723758,0.5416666666666666,0.75,0.0,0.75,0.2154445165476963,0.4696969696969696,0.4696969696969697,0.15454545454545454,0.07317073170731692,0.5,0.5,0.5,0.3923006416131989,0.39236641221374047,0.3926605504587156,0.3924205378973105,0.3923006416131989,0.3924205378973105,0.5,0.5,0.0,0.12455516014234876,0.10344827586206895,0.5096497498213008,0.6666666666666666,0.3333333333333333,1.0,0.026579875237320312,0.9741935483870969,0.8145161290322579,0.2351672060409925,0.3342040142974978,0.38170731707317074,0.0,0.5,0.0
Yadadri Bhuvanagiri,Telangana,0.0,0.2068877551020408,0.0,0.0,0.0,0.0,0.0,0.0,0.0,0.5,0.6666666666666667,0.1898162006825121,0.19457647984132953,0.6099585062240664,0.5,0.0,0.9999999999999999,0.06044905008635579,0.03891050583657585,0.7600000000000001,0.607142857142857,0.1957446808510638,0.41860465116279066,0.375,1.0,1.0,0.0,0.886676875957121,0.838006230529595,0.06276747503566334,0.0,1.0,0.0,0.16810344827586204,0.026455026455026454,0.1685823754789272,0.3333333333333333,0.0,0.44969696969696965,0.693103448275862,0.9487179487179487,0.22099447513812154,0.3333333333333333,0.5,0.3333333333333333,0.0,0.06164828033744322,0.787878787878788,0.787878787878788,0.21818181818181823,0.853658536585366,0.25,0.75,0.25,0.5655362053162236,0.564885496183206,0.5669724770642203,0.5660146699266504,0.5655362053162236,0.5660146699266504,0.5,0.5,0.0,0.5836298932384342,0.3103448275862069,0.45103645461043596,0.3333333333333333,1.0,0.0,0.01741253051261188,0.3548387096774194,0.9435483870967744,0.43149946062567435,0.03395655760241957,0.03536585365853659,0.0,0.0,0.0
Yadadri Bhuvanagiri,Telangana,0.11111111111111427,0.044292091836734694,0.0,0.0,0.0,0.0,0.0,0.0,0.0,0.5,0.6666666666666667,0.0643896306052805,0.07088875970317685,0.6804979253112036,0.0,0.0,0.9999999999999999,0.06044905008635579,0.03891050583657585,0.7600000000000001,0.607142857142857,0.1957446808510638,0.41860465116279066,0.375,1.0,1.0,0.0,0.886676875957121,0.838006230529595,0.06276747503566334,0.0,1.0,0.0,0.16810344827586204,0.026455026455026454,0.1685823754789272,0.3333333333333333,0.0,0.44969696969696965,0.693103448275862,0.9487179487179487,0.22099447513812154,0.3333333333333333,0.5,0.3333333333333333,0.0,0.06164828033744322,0.787878787878788,0.787878787878788,0.21818181818181823,0.853658536585366,0.25,0.75,0.25,0.5655362053162236,0.564885496183206,0.5669724770642203,0.5660146699266504,0.5655362053162236,0.5660146699266504,0.5,0.5,0.0,0.5836298932384342,0.3103448275862069,0.45103645461043596,0.3333333333333333,1.0,0.0,0.01741253051261188,0.3548387096774194,0.9435483870967744,0.43149946062567435,0.03395655760241957,0.03536585365853659,0.0,0.0,0.0
Yadadri Bhuvanagiri,Telangana,0.22222222222220012,0.34878826530612245,1.0,1.0,0.8863636363636364,0.647887323943662,0.35443037974683544,1.0,0.0,0.0,1.0,0.28264383643656826,0.2943610436685703,0.6846473029045641,0.75,0.6666666666666666,0.9999999999999999,0.06044905008635579,0.03891050583657585,0.7600000000000001,0.607142857142857,0.1957446808510638,0.41860465116279066,0.375,1.0,1.0,0.0,0.886676875957121,0.838006230529595,0.06276747503566334,0.0,1.0,0.0,0.16810344827586204,0.026455026455026454,0.1685823754789272,0.3333333333333333,0.0,0.44969696969696965,0.693103448275862,0.9487179487179487,0.22099447513812154,0.3333333333333333,0.5,0.3333333333333333,0.0,0.06164828033744322,0.787878787878788,0.787878787878788,0.21818181818181823,0.853658536585366,0.25,0.75,0.25,0.5655362053162236,0.564885496183206,0.5669724770642203,0.5660146699266504,0.5655362053162236,0.5660146699266504,0.5,0.5,0.0,0.5836298932384342,0.3103448275862069,0.45103645461043596,0.3333333333333333,1.0,0.0,0.01741253051261188,0.3548387096774194,0.9435483870967744,0.43149946062567435,0.03395655760241957,0.03536585365853659,0.0,0.0,0.0
Yadadri Bhuvanagiri,Telangana,0.3333333333333144,0.20513392857142854,0.0,0.0,0.0,0.0,0.0,0.0,0.0,0.5,0.6666666666666667,0.2273244327366341,0.22829395068905378,0.5560165975103737,0.5,0.3333333333333333,0.9999999999999999,0.06044905008635579,0.03891050583657585,0.7600000000000001,0.607142857142857,0.1957446808510638,0.41860465116279066,0.375,1.0,1.0,0.0,0.886676875957121,0.838006230529595,0.06276747503566334,0.0,1.0,0.0,0.16810344827586204,0.026455026455026454,0.1685823754789272,0.3333333333333333,0.0,0.44969696969696965,0.693103448275862,0.9487179487179487,0.22099447513812154,0.3333333333333333,0.5,0.3333333333333333,0.0,0.06164828033744322,0.787878787878788,0.787878787878788,0.21818181818181823,0.853658536585366,0.25,0.75,0.25,0.5655362053162236,0.564885496183206,0.5669724770642203,0.5660146699266504,0.5655362053162236,0.5660146699266504,0.5,0.5,0.0,0.5836298932384342,0.3103448275862069,0.45103645461043596,0.3333333333333333,1.0,0.0,0.01741253051261188,0.3548387096774194,0.9435483870967744,0.43149946062567435,0.03395655760241957,0.03536585365853659,0.0,0.0,0.0
Yadadri Bhuvanagiri,Telangana,0.44444444444442865,0.3645089285714286,1.0,1.0,0.36363636363636365,0.7887323943661972,0.11392405063291139,0.0,0.0,0.5,0.3333333333333333,0.3052745015865413,0.3030810792326369,0.5311203319502078,0.75,0.6666666666666666,0.9999999999999999,0.06044905008635579,0.03891050583657585,0.7600000000000001,0.607142857142857,0.1957446808510638,0.41860465116279066,0.375,1.0,1.0,0.0,0.886676875957121,0.838006230529595,0.06276747503566334,0.0,1.0,0.0,0.16810344827586204,0.026455026455026454,0.1685823754789272,0.3333333333333333,0.0,0.44969696969696965,0.693103448275862,0.9487179487179487,0.22099447513812154,0.3333333333333333,0.5,0.3333333333333333,0.0,0.06164828033744322,0.787878787878788,0.787878787878788,0.21818181818181823,0.853658536585366,0.25,0.75,0.25,0.5655362053162236,0.564885496183206,0.5669724770642203,0.5660146699266504,0.5655362053162236,0.5660146699266504,0.5,0.5,0.0,0.5836298932384342,0.3103448275862069,0.45103645461043596,0.3333333333333333,1.0,0.0,0.01741253051261188,0.3548387096774194,0.9435483870967744,0.43149946062567435,0.03395655760241957,0.03536585365853659,0.0,0.0,0.0
Yadadri Bhuvanagiri,Telangana,0.5555555555555429,0.11460459183673469,0.0,0.0,0.0,0.0,0.0,0.0,0.0,0.5,0.6666666666666667,0.12683350296353946,0.13066374858940602,0.5933609958506225,0.25,0.0,0.9999999999999999,0.06044905008635579,0.03891050583657585,0.7600000000000001,0.607142857142857,0.1957446808510638,0.41860465116279066,0.375,1.0,1.0,0.0,0.886676875957121,0.838006230529595,0.06276747503566334,0.0,1.0,0.0,0.16810344827586204,0.026455026455026454,0.1685823754789272,0.3333333333333333,0.0,0.44969696969696965,0.693103448275862,0.9487179487179487,0.22099447513812154,0.3333333333333333,0.5,0.3333333333333333,0.0,0.06164828033744322,0.787878787878788,0.787878787878788,0.21818181818181823,0.853658536585366,0.25,0.75,0.25,0.5655362053162236,0.564885496183206,0.5669724770642203,0.5660146699266504,0.5655362053162236,0.5660146699266504,0.5,0.5,0.0,0.5836298932384342,0.3103448275862069,0.45103645461043596,0.3333333333333333,1.0,0.0,0.01741253051261188,0.3548387096774194,0.9435483870967744,0.43149946062567435,0.03395655760241957,0.03536585365853659,0.0,0.0,0.0
Yadadri Bhuvanagiri,Telangana,0.6666666666666572,0.29046556122448974,1.0,1.0,0.022727272727272728,0.6901408450704225,0.02531645569620253,1.0,0.0,0.0,0.0,0.2893791534454888,0.27934890401121637,0.44398340248962676,0.75,0.6666666666666666,0.9999999999999999,0.06044905008635579,0.03891050583657585,0.7600000000000001,0.607142857142857,0.1957446808510638,0.41860465116279066,0.375,1.0,1.0,0.0,0.886676875957121,0.838006230529595,0.06276747503566334,0.0,1.0,0.0,0.16810344827586204,0.026455026455026454,0.1685823754789272,0.3333333333333333,0.0,0.44969696969696965,0.693103448275862,0.9487179487179487,0.22099447513812154,0.3333333333333333,0.5,0.3333333333333333,0.0,0.06164828033744322,0.787878787878788,0.787878787878788,0.21818181818181823,0.853658536585366,0.25,0.75,0.25,0.5655362053162236,0.564885496183206,0.5669724770642203,0.5660146699266504,0.5655362053162236,0.5660146699266504,0.5,0.5,0.0,0.5836298932384342,0.3103448275862069,0.45103645461043596,0.3333333333333333,1.0,0.0,0.01741253051261188,0.3548387096774194,0.9435483870967744,0.43149946062567435,0.03395655760241957,0.03536585365853659,0.0,0.0,0.0
Yadadri Bhuvanagiri,Telangana,0.7777777777777715,0.4868941326530612,1.0,1.0,0.09090909090909091,0.2535211267605634,0.7721518987341772,1.0,1.0,1.0,0.0,0.5353229958690056,0.5304859282563348,0.5435684647302907,1.0,1.0,0.9999999999999999,0.06044905008635579,0.03891050583657585,0.7600000000000001,0.607142857142857,0.1957446808510638,0.41860465116279066,0.375,1.0,1.0,0.0,0.886676875957121,0.838006230529595,0.06276747503566334,0.0,1.0,0.0,0.16810344827586204,0.026455026455026454,0.1685823754789272,0.3333333333333333,0.0,0.44969696969696965,0.693103448275862,0.9487179487179487,0.22099447513812154,0.3333333333333333,0.5,0.3333333333333333,0.0,0.06164828033744322,0.787878787878788,0.787878787878788,0.21818181818181823,0.853658536585366,0.25,0.75,0.25,0.5655362053162236,0.564885496183206,0.5669724770642203,0.5660146699266504,0.5655362053162236,0.5660146699266504,0.5,0.5,0.0,0.5836298932384342,0.3103448275862069,0.45103645461043596,0.3333333333333333,1.0,0.0,0.01741253051261188,0.3548387096774194,0.9435483870967744,0.43149946062567435,0.03395655760241957,0.03536585365853659,0.0,0.0,0.0
Yadadri Bhuvanagiri,Telangana,0.8888888888888857,0.21170280612244896,0.0,0.0,0.0,0.0,0.0,0.0,0.0,0.5,0.6666666666666667,0.15919295934862,0.16253462367062205,0.5850622406639006,0.5,0.0,0.9999999999999999,0.06044905008635579,0.03891050583657585,0.7600000000000001,0.607142857142857,0.1957446808510638,0.41860465116279066,0.375,1.0,1.0,0.0,0.886676875957121,0.838006230529595,0.06276747503566334,0.0,1.0,0.0,0.16810344827586204,0.026455026455026454,0.1685823754789272,0.3333333333333333,0.0,0.44969696969696965,0.693103448275862,0.9487179487179487,0.22099447513812154,0.3333333333333333,0.5,0.3333333333333333,0.0,0.06164828033744322,0.787878787878788,0.787878787878788,0.21818181818181823,0.853658536585366,0.25,0.75,0.25,0.5655362053162236,0.564885496183206,0.5669724770642203,0.5660146699266504,0.5655362053162236,0.5660146699266504,0.5,0.5,0.0,0.5836298932384342,0.3103448275862069,0.45103645461043596,0.3333333333333333,1.0,0.0,0.01741253051261188,0.3548387096774194,0.9435483870967744,0.43149946062567435,0.03395655760241957,0.03536585365853659,0.0,0.0,0.0
Yadadri Bhuvanagiri,Telangana,1.0,0.08555484693877549,0.0,0.0,0.0,0.0,0.0,0.0,0.0,0.5,0.6666666666666667,0.05310423277255583,0.05013165543890845,0.32780082987551884,0.0,0.0,0.9999999999999999,0.06044905008635579,0.03891050583657585,0.7600000000000001,0.607142857142857,0.1957446808510638,0.41860465116279066,0.375,1.0,1.0,0.0,0.886676875957121,0.838006230529595,0.06276747503566334,0.0,1.0,0.0,0.16810344827586204,0.026455026455026454,0.1685823754789272,0.3333333333333333,0.0,0.44969696969696965,0.693103448275862,0.9487179487179487,0.22099447513812154,0.3333333333333333,0.5,0.3333333333333333,0.0,0.06164828033744322,0.787878787878788,0.787878787878788,0.21818181818181823,0.853658536585366,0.25,0.75,0.25,0.5655362053162236,0.564885496183206,0.5669724770642203,0.5660146699266504,0.5655362053162236,0.5660146699266504,0.5,0.5,0.0,0.5836298932384342,0.3103448275862069,0.45103645461043596,0.3333333333333333,1.0,0.0,0.01741253051261188,0.3548387096774194,0.9435483870967744,0.43149946062567435,0.03395655760241957,0.03536585365853659,0.0,0.0,0.0
Mahabubnagar,Telangana,0.0,0.00953443877551021,0.0,0.0,0.0,0.0,0.0,0.0,0.0,0.5,0.6666666666666667,0.04609950308327845,0.043189823205553465,0.31120331950207447,0.0,0.0,0.3639097744360902,0.4283246977547495,0.9105058365758751,0.36,0.24999999999999978,0.851063829787234,0.5697674418604651,0.0,0.0,0.6666666666666666,0.3333333333333333,0.9724349157733537,0.942367601246106,0.15049928673323823,0.0,1.0,0.0,0.04885057471264368,0.021164021164021163,0.04980842911877394,0.0,0.0,0.5987878787878789,0.23563218390804597,0.14595660749506903,0.3001841620626151,0.4583333333333333,0.5,0.3333333333333333,0.0,0.08176508760545101,0.7424242424242423,0.7424242424242425,0.1181818181818182,0.46341463414634143,0.25,0.75,0.25,0.5499541704857929,0.5496183206106869,0.5504587155963304,0.5501222493887532,0.5499541704857929,0.5501222493887532,0.5,0.5,0.0,0.20284697508896793,0.603448275862069,0.0,0.6666666666666666,0.3333333333333333,0.0,0.008841876864659613,0.20645161290322578,0.10080645161290325,0.09277238403451997,0.3458894693428649,0.3414634146341463,0.0,0.5,0.0
Mahabubnagar,Telangana,0.11111111111111427,0.23705357142857142,1.0,1.0,0.5454545454545454,0.9577464788732395,0.13924050632911392,1.0,0.0,0.0,0.6666666666666667,0.2594144764413578,0.2621824026262695,0.5809128630705391,0.75,0.6666666666666666,0.3639097744360902,0.4283246977547495,0.9105058365758751,0.36,0.24999999999999978,0.851063829787234,0.5697674418604651,0.0,0.0,0.6666666666666666,0.3333333333333333,0.9724349157733537,0.942367601246106,0.15049928673323823,0.0,1.0,0.0,0.04885057471264368,0.021164021164021163,0.04980842911877394,0.0,0.0,0.5987878787878789,0.23563218390804597,0.14595660749506903,0.3001841620626151,0.4583333333333333,0.5,0.3333333333333333,0.0,0.08176508760545101,0.7424242424242423,0.7424242424242425,0.1181818181818182,0.46341463414634143,0.25,0.75,0.25,0.5499541704857929,0.5496183206106869,0.5504587155963304,0.5501222493887532,0.5499541704857929,0.5501222493887532,0.5,0.5,0.0,0.20284697508896793,0.603448275862069,0.0,0.6666666666666666,0.3333333333333333,0.0,0.008841876864659613,0.20645161290322578,0.10080645161290325,0.09277238403451997,0.3458894693428649,0.3414634146341463,0.0,0.5,0.0
Mahabubnagar,Telangana,0.22222222222220012,0.18721301020408163,0.0,0.0,0.0,0.0,0.0,0.0,0.0,0.5,0.6666666666666667,0.182063102436688,0.17908559313339945,0.48547717842323657,0.5,0.0,0.3639097744360902,0.4283246977547495,0.9105058365758751,0.36,0.24999999999999978,0.851063829787234,0.5697674418604651,0.0,0.0,0.6666666666666666,0.3333333333333333,0.9724349157733537,0.942367601246106,0.15049928673323823,0.0,1.0,0.0,0.04885057471264368,0.021164021164021163,0.04980842911877394,0.0,0.0,0.5987878787878789,0.23563218390804597,0.14595660749506903,0.3001841620626151,0.4583333333333333,0.5,0.3333333333333333,0.0,0.08176508760545101,0.7424242424242423,0.7424242424242425,0.1181818181818182,0.46341463414634143,0.25,0.75,0.25,0.5499541704857929,0.5496183206106869,0.5504587155963304,0.5501222493887532,0.5499541704857929,0.5501222493887532,0.5,0.5,0.0,0.20284697508896793,0.603448275862069,0.0,0.6666666666666666,0.3333333333333333,0.0,0.008841876864659613,0.20645161290322578,0.10080645161290325,0.09277238403451997,0.3458894693428649,0.3414634146341463,0.0,0.5,0.0
Mahabubnagar,Telangana,0.3333333333333144,0.28093112244897955,1.0,1.0,0.13636363636363635,0.5492957746478874,0.6962025316455696,1.0,0.0,0.5,0.0,0.3288331437466323,0.3230858667031426,0.5020746887966809,1.0,0.6666666666666666,0.3639097744360902,0.4283246977547495,0.9105058365758751,0.36,0.24999999999999978,0.851063829787234,0.5697674418604651,0.0,0.0,0.6666666666666666,0.3333333333333333,0.9724349157733537,0.942367601246106,0.15049928673323823,0.0,1.0,0.0,0.04885057471264368,0.021164021164021163,0.04980842911877394,0.0,0.0,0.5987878787878789,0.23563218390804597,0.14595660749506903,0.3001841620626151,0.4583333333333333,0.5,0.3333333333333333,0.0,0.08176508760545101,0.7424242424242423,0.7424242424242425,0.1181818181818182,0.46341463414634143,0.25,0.75,0.25,0.5499541704857929,0.5496183206106869,0.5504587155963304,0.5501222493887532,0.5499541704857929,0.5501222493887532,0.5,0.5,0.0,0.20284697508896793,0.603448275862069,0.0,0.6666666666666666,0.3333333333333333,0.0,0.008841876864659613,0.20645161290322578,0.10080645161290325,0.09277238403451997,0.3458894693428649,0.3414634146341463,0.0,0.5,0.0
Mahabubnagar,Telangana,0.44444444444442865,0.10698341836734693,0.0,0.0,0.0,0.0,0.0,0.0,0.0,0.5,0.6666666666666667,0.07387894390229299,0.08039530827890434,0.6721991701244812,0.25,0.0,0.3639097744360902,0.4283246977547495,0.9105058365758751,0.36,0.24999999999999978,0.851063829787234,0.5697674418604651,0.0,0.0,0.6666666666666666,0.3333333333333333,0.9724349157733537,0.942367601246106,0.15049928673323823,0.0,1.0,0.0,0.04885057471264368,0.021164021164021163,0.04980842911877394,0.0,0.0,0.5987878787878789,0.23563218390804597,0.14595660749506903,0.3001841620626151,0.4583333333333333,0.5,0.3333333333333333,0.0,0.08176508760545101,0.7424242424242423,0.7424242424242425,0.1181818181818182,0.46341463414634143,0.25,0.75,0.25,0.5499541704857929,0.5496183206106869,0.5504587155963304,0.5501222493887532,0.5499541704857929,0.5501222493887532,0.5,0.5,0.0,0.20284697508896793,0.603448275862069,0.0,0.6666666666666666,0.3333333333333333,0.0,0.008841876864659613,0.20645161290322578,0.10080645161290325,0.09277238403451997,0.3458894693428649,0.3414634146341463,0.0,0.5,0.0
Mahabubnagar,Telangana,0.5555555555555429,0.2679209183673469,1.0,1.0,0.7727272727272727,0.35211267605633806,0.8860759493670886,1.0,0.0,0.0,0.6666666666666667,0.22621684727294494,0.22709708306261328,0.5560165975103737,0.75,0.3333333333333333,0.3639097744360902,0.4283246977547495,0.9105058365758751,0.36,0.24999999999999978,0.851063829787234,0.5697674418604651,0.0,0.0,0.6666666666666666,0.3333333333333333,0.9724349157733537,0.942367601246106,0.15049928673323823,0.0,1.0,0.0,0.04885057471264368,0.021164021164021163,0.04980842911877394,0.0,0.0,0.5987878787878789,0.23563218390804597,0.14595660749506903,0.3001841620626151,0.4583333333333333,0.5,0.3333333333333333,0.0,0.08176508760545101,0.7424242424242423,0.7424242424242425,0.1181818181818182,0.46341463414634143,0.25,0.75,0.25,0.5499541704857929,0.5496183206106869,0.5504587155963304,0.5501222493887532,0.5499541704857929,0.5501222493887532,0.5,0.5,0.0,0.20284697508896793,0.603448275862069,0.0,0.6666666666666666,0.3333333333333333,0.0,0.008841876864659613,0.20645161290322578,0.10080645161290325,0.09277238403451997,0.3458894693428649,0.3414634146341463,0.0,0.5,0.0
Mahabubnagar,Telangana,0.6666666666666572,0.39984056122448974,1.0,1.0,0.4545454545454546,0.8873239436619719,0.6708860759493671,1.0,1.0,1.0,0.6666666666666667,0.3412261270430461,0.3349177580959546,0.5020746887966809,1.0,1.0,0.3639097744360902,0.4283246977547495,0.9105058365758751,0.36,0.24999999999999978,0.851063829787234,0.5697674418604651,0.0,0.0,0.6666666666666666,0.3333333333333333,0.9724349157733537,0.942367601246106,0.15049928673323823,0.0,1.0,0.0,0.04885057471264368,0.021164021164021163,0.04980842911877394,0.0,0.0,0.5987878787878789,0.23563218390804597,0.14595660749506903,0.3001841620626151,0.4583333333333333,0.5,0.3333333333333333,0.0,0.08176508760545101,0.7424242424242423,0.7424242424242425,0.1181818181818182,0.46341463414634143,0.25,0.75,0.25,0.5499541704857929,0.5496183206106869,0.5504587155963304,0.5501222493887532,0.5499541704857929,0.5501222493887532,0.5,0.5,0.0,0.20284697508896793,0.603448275862069,0.0,0.6666666666666666,0.3333333333333333,0.0,0.008841876864659613,0.20645161290322578,0.10080645161290325,0.09277238403451997,0.3458894693428649,0.3414634146341463,0.0,0.5,0.0
Mahabubnagar,Telangana,0.7777777777777715,0.1856505102040816,0.0,0.0,0.0,0.0,0.0,0.0,0.0,0.5,0.6666666666666667,0.13982518110519065,0.13931539171767604,0.5062240663900415,0.5,0.0,0.3639097744360902,0.4283246977547495,0.9105058365758751,0.36,0.24999999999999978,0.851063829787234,0.5697674418604651,0.0,0.0,0.6666666666666666,0.3333333333333333,0.9724349157733537,0.942367601246106,0.15049928673323823,0.0,1.0,0.0,0.04885057471264368,0.021164021164021163,0.04980842911877394,0.0,0.0,0.5987878787878789,0.23563218390804597,0.14595660749506903,0.3001841620626151,0.4583333333333333,0.5,0.3333333333333333,0.0,0.08176508760545101,0.7424242424242423,0.7424242424242425,0.1181818181818182,0.46341463414634143,0.25,0.75,0.25,0.5499541704857929,0.5496183206106869,0.5504587155963304,0.5501222493887532,0.5499541704857929,0.5501222493887532,0.5,0.5,0.0,0.20284697508896793,0.603448275862069,0.0,0.6666666666666666,0.3333333333333333,0.0,0.008841876864659613,0.20645161290322578,0.10080645161290325,0.09277238403451997,0.3458894693428649,0.3414634146341463,0.0,0.5,0.0
Mahabubnagar,Telangana,0.8888888888888857,0.021938775510204088,0.0,0.0,0.0,0.0,0.0,0.0,0.0,0.5,0.6666666666666667,0.058253008441597316,0.06227131279280511,0.5933609958506225,0.0,0.0,0.3639097744360902,0.4283246977547495,0.9105058365758751,0.36,0.24999999999999978,0.851063829787234,0.5697674418604651,0.0,0.0,0.6666666666666666,0.3333333333333333,0.9724349157733537,0.942367601246106,0.15049928673323823,0.0,1.0,0.0,0.04885057471264368,0.021164021164021163,0.04980842911877394,0.0,0.0,0.5987878787878789,0.23563218390804597,0.14595660749506903,0.3001841620626151,0.4583333333333333,0.5,0.3333333333333333,0.0,0.08176508760545101,0.7424242424242423,0.7424242424242425,0.1181818181818182,0.46341463414634143,0.25,0.75,0.25,0.5499541704857929,0.5496183206106869,0.5504587155963304,0.5501222493887532,0.5499541704857929,0.5501222493887532,0.5,0.5,0.0,0.20284697508896793,0.603448275862069,0.0,0.6666666666666666,0.3333333333333333,0.0,0.008841876864659613,0.20645161290322578,0.10080645161290325,0.09277238403451997,0.3458894693428649,0.3414634146341463,0.0,0.5,0.0
Mahabubnagar,Telangana,1.0,0.24154974489795916,1.0,1.0,0.5909090909090909,0.5774647887323944,0.02531645569620253,1.0,0.0,0.0,0.6666666666666667,0.2299586900556786,0.23769791061108642,0.6473029045643157,0.75,0.6666666666666666,0.3639097744360902,0.4283246977547495,0.9105058365758751,0.36,0.24999999999999978,0.851063829787234,0.5697674418604651,0.0,0.0,0.6666666666666666,0.3333333333333333,0.9724349157733537,0.942367601246106,0.15049928673323823,0.0,1.0,0.0,0.04885057471264368,0.021164021164021163,0.04980842911877394,0.0,0.0,0.5987878787878789,0.23563218390804597,0.14595660749506903,0.3001841620626151,0.4583333333333333,0.5,0.3333333333333333,0.0,0.08176508760545101,0.7424242424242423,0.7424242424242425,0.1181818181818182,0.46341463414634143,0.25,0.75,0.25,0.5499541704857929,0.5496183206106869,0.5504587155963304,0.5501222493887532,0.5499541704857929,0.5501222493887532,0.5,0.5,0.0,0.20284697508896793,0.603448275862069,0.0,0.6666666666666666,0.3333333333333333,0.0,0.008841876864659613,0.20645161290322578,0.10080645161290325,0.09277238403451997,0.3458894693428649,0.3414634146341463,0.0,0.5,0.0
Nagarkurnool,Telangana,0.0,0.2925382653061224,1.0,1.0,0.5227272727272727,0.6901408450704225,0.10126582278481013,1.0,0.0,0.0,0.6666666666666667,0.2741423696341974,0.2729200150463359,0.5394190871369293,0.75,0.6666666666666666,0.37593984962406013,0.5958549222797926,0.39688715953307385,0.20000000000000007,0.7499999999999998,0.448936170212766,0.6627906976744186,0.5,0.3333333333333333,0.0,0.6666666666666666,1.0000000000000002,1.0,0.5085592011412268,0.0,1.0,0.0,0.17528735632183906,0.28571428571428575,0.17624521072796936,0.3333333333333333,0.0,0.7066666666666667,0.014942528735632177,0.6686390532544378,0.8637200736648252,0.041666666666666664,0.75,0.0,0.75,0.47047371836469826,0.2272727272727273,0.2272727272727273,0.5090909090909091,0.29268292682926833,0.75,0.25,0.75,0.995417048579285,0.9954198473282442,0.9963302752293578,0.9951100244498778,0.995417048579285,0.9957212713936432,0.0,1.0,0.0,0.9999999999999999,0.5,0.19585418155825587,0.0,0.6666666666666666,1.0,0.012964469758611336,0.7612903225806452,0.9637096774193549,0.3376483279395901,0.48474017047016765,0.5646341463414635,0.0,0.5,0.3333333333333333
Nagarkurnool,Telangana,0.11111111111111427,0.20271045918367345,0.0,0.0,0.0,0.0,0.0,0.0,0.0,0.5,0.6666666666666667,0.18017721367419026,0.1832917279348904,0.5809128630705391,0.5,0.0,0.37593984962406013,0.5958549222797926,0.39688715953307385,0.20000000000000007,0.7499999999999998,0.448936170212766,0.6627906976744186,0.5,0.3333333333333333,0.0,0.6666666666666666,1.0000000000000002,1.0,0.5085592011412268,0.0,1.0,0.0,0.17528735632183906,0.28571428571428575,0.17624521072796936,0.3333333333333333,0.0,0.7066666666666667,0.014942528735632177,0.6686390532544378,0.8637200736648252,0.041666666666666664,0.75,0.0,0.75,0.47047371836469826,0.2272727272727273,0.2272727272727273,0.5090909090909091,0.29268292682926833,0.75,0.25,0.75,0.995417048579285,0.9954198473282442,0.9963302752293578,0.9951100244498778,0.995417048579285,0.9957212713936432,0.0,1.0,0.0,0.9999999999999999,0.5,0.19585418155825587,0.0,0.6666666666666666,1.0,0.012964469758611336,0.7612903225806452,0.9637096774193549,0.3376483279395901,0.48474017047016765,0.5646341463414635,0.0,0.5,0.3333333333333333
Nagarkurnool,Telangana,0.22222222222220012,0.28029336734693877,1.0,1.0,0.9545454545454546,0.49295774647887325,0.620253164556962,1.0,0.0,0.5,1.0,0.28243429324073516,0.2900523202133844,0.6390041493775933,0.75,0.6666666666666666,0.37593984962406013,0.5958549222797926,0.39688715953307385,0.20000000000000007,0.7499999999999998,0.448936170212766,0.6627906976744186,0.5,0.3333333333333333,0.0,0.6666666666666666,1.0000000000000002,1.0,0.5085592011412268,0.0,1.0,0.0,0.17528735632183906,0.28571428571428575,0.17624521072796936,0.3333333333333333,0.0,0.7066666666666667,0.014942528735632177,0.6686390532544378,0.8637200736648252,0.041666666666666664,0.75,0.0,0.75,0.47047371836469826,0.2272727272727273,0.2272727272727273,0.5090909090909091,0.29268292682926833,0.75,0.25,0.75,0.995417048579285,0.9954198473282442,0.9963302752293578,0.9951100244498778,0.995417048579285,0.9957212713936432,0.0,1.0,0.0,0.9999999999999999,0.5,0.19585418155825587,0.0,0.6666666666666666,1.0,0.012964469758611336,0.7612903225806452,0.9637096774193549,0.3376483279395901,0.48474017047016765,0.5646341463414635,0.0,0.5,0.3333333333333333
Nagarkurnool,Telangana,0.3333333333333144,0.1338329081632653,0.0,0.0,0.0,0.0,0.0,0.0,0.0,0.5,0.6666666666666667,0.09034305214632102,0.09427897274561434,0.5933609958506225,0.25,0.0,0.37593984962406013,0.5958549222797926,0.39688715953307385,0.20000000000000007,0.7499999999999998,0.448936170212766,0.6627906976744186,0.5,0.3333333333333333,0.0,0.6666666666666666,1.0000000000000002,1.0,0.5085592011412268,0.0,1.0,0.0,0.17528735632183906,0.28571428571428575,0.17624521072796936,0.3333333333333333,0.0,0.7066666666666667,0.014942528735632177,0.6686390532544378,0.8637200736648252,0.041666666666666664,0.75,0.0,0.75,0.47047371836469826,0.2272727272727273,0.2272727272727273,0.5090909090909091,0.29268292682926833,0.75,0.25,0.75,0.995417048579285,0.9954198473282442,0.9963302752293578,0.9951100244498778,0.995417048579285,0.9957212713936432,0.0,1.0,0.0,0.9999999999999999,0.5,0.19585418155825587,0.0,0.6666666666666666,1.0,0.012964469758611336,0.7612903225806452,0.9637096774193549,0.3376483279395901,0.48474017047016765,0.5646341463414635,0.0,0.5,0.3333333333333333
Nagarkurnool,Telangana,0.44444444444442865,0.2762117346938775,1.0,1.0,0.7954545454545455,0.18309859154929578,0.9113924050632911,1.0,0.0,0.0,1.0,0.23319164221996047,0.24552884450979723,0.705394190871369,0.75,0.3333333333333333,0.37593984962406013,0.5958549222797926,0.39688715953307385,0.20000000000000007,0.7499999999999998,0.448936170212766,0.6627906976744186,0.5,0.3333333333333333,0.0,0.6666666666666666,1.0000000000000002,1.0,0.5085592011412268,0.0,1.0,0.0,0.17528735632183906,0.28571428571428575,0.17624521072796936,0.3333333333333333,0.0,0.7066666666666667,0.014942528735632177,0.6686390532544378,0.8637200736648252,0.041666666666666664,0.75,0.0,0.75,0.47047371836469826,0.2272727272727273,0.2272727272727273,0.5090909090909091,0.29268292682926833,0.75,0.25,0.75,0.995417048579285,0.9954198473282442,0.9963302752293578,0.9951100244498778,0.995417048579285,0.9957212713936432,0.0,1.0,0.0,0.9999999999999999,0.5,0.19585418155825587,0.0,0.6666666666666666,1.0,0.012964469758611336,0.7612903225806452,0.9637096774193549,0.3376483279395901,0.48474017047016765,0.5646341463414635,0.0,0.5,0.3333333333333333
Nagarkurnool,Telangana,0.5555555555555429,0.5133609693877551,1.0,1.0,0.25,0.7887323943661972,0.8354430379746836,1.0,1.0,1.0,0.3333333333333333,0.44950008980422673,0.45826351605512433,0.6348547717842328,1.0,1.0,0.37593984962406013,0.5958549222797926,0.39688715953307385,0.20000000000000007,0.7499999999999998,0.448936170212766,0.6627906976744186,0.5,0.3333333333333333,0.0,0.6666666666666666,1.0000000000000002,1.0,0.5085592011412268,0.0,1.0,0.0,0.17528735632183906,0.28571428571428575,0.17624521072796936,0.3333333333333333,0.0,0.7066666666666667,0.014942528735632177,0.6686390532544378,0.8637200736648252,0.041666666666666664,0.75,0.0,0.75,0.47047371836469826,0.2272727272727273,0.2272727272727273,0.5090909090909091,0.29268292682926833,0.75,0.25,0.75,0.995417048579285,0.9954198473282442,0.9963302752293578,0.9951100244498778,0.995417048579285,0.9957212713936432,0.0,1.0,0.0,0.9999999999999999,0.5,0.19585418155825587,0.0,0.6666666666666666,1.0,0.012964469758611336,0.7612903225806452,0.9637096774193549,0.3376483279395901,0.48474017047016765,0.5646341463414635,0.0,0.5,0.3333333333333333
Nagarkurnool,Telangana,0.6666666666666572,0.19036989795918366,0.0,0.0,0.0,0.0,0.0,0.0,0.0,0.5,0.6666666666666667,0.1717954858408669,0.1682795882775365,0.4688796680497931,0.5,0.0,0.37593984962406013,0.5958549222797926,0.39688715953307385,0.20000000000000007,0.7499999999999998,0.448936170212766,0.6627906976744186,0.5,0.3333333333333333,0.0,0.6666666666666666,1.0000000000000002,1.0,0.5085592011412268,0.0,1.0,0.0,0.17528735632183906,0.28571428571428575,0.17624521072796936,0.3333333333333333,0.0,0.7066666666666667,0.014942528735632177,0.6686390532544378,0.8637200736648252,0.041666666666666664,0.75,0.0,0.75,0.47047371836469826,0.2272727272727273,0.2272727272727273,0.5090909090909091,0.29268292682926833,0.75,0.25,0.75,0.995417048579285,0.9954198473282442,0.9963302752293578,0.9951100244498778,0.995417048579285,0.9957212713936432,0.0,1.0,0.0,0.9999999999999999,0.5,0.19585418155825587,0.0,0.6666666666666666,1.0,0.012964469758611336,0.7612903225806452,0.9637096774193549,0.3376483279395901,0.48474017047016765,0.5646341463414635,0.0,0.5,0.3333333333333333
Nagarkurnool,Telangana,0.7777777777777715,0.010841836734693883,0.0,0.0,0.0,0.0,0.0,0.0,0.0,0.5,0.6666666666666667,0.04675806741303957,0.05180727011592519,0.6348547717842328,0.0,0.0,0.37593984962406013,0.5958549222797926,0.39688715953307385,0.20000000000000007,0.7499999999999998,0.448936170212766,0.6627906976744186,0.5,0.3333333333333333,0.0,0.6666666666666666,1.0000000000000002,1.0,0.5085592011412268,0.0,1.0,0.0,0.17528735632183906,0.28571428571428575,0.17624521072796936,0.3333333333333333,0.0,0.7066666666666667,0.014942528735632177,0.6686390532544378,0.8637200736648252,0.041666666666666664,0.75,0.0,0.75,0.47047371836469826,0.2272727272727273,0.2272727272727273,0.5090909090909091,0.29268292682926833,0.75,0.25,0.75,0.995417048579285,0.9954198473282442,0.9963302752293578,0.9951100244498778,0.995417048579285,0.9957212713936432,0.0,1.0,0.0,0.9999999999999999,0.5,0.19585418155825587,0.0,0.6666666666666666,1.0,0.012964469758611336,0.7612903225806452,0.9637096774193549,0.3376483279395901,0.48474017047016765,0.5646341463414635,0.0,0.5,0.3333333333333333
Nagarkurnool,Telangana,0.8888888888888857,0.29607780612244894,1.0,1.0,0.9545454545454546,0.1267605633802817,0.9873417721518987,1.0,0.0,0.0,1.0,0.2855774411782314,0.28912902233013027,0.5933609958506225,0.75,0.6666666666666666,0.37593984962406013,0.5958549222797926,0.39688715953307385,0.20000000000000007,0.7499999999999998,0.448936170212766,0.6627906976744186,0.5,0.3333333333333333,0.0,0.6666666666666666,1.0000000000000002,1.0,0.5085592011412268,0.0,1.0,0.0,0.17528735632183906,0.28571428571428575,0.17624521072796936,0.3333333333333333,0.0,0.7066666666666667,0.014942528735632177,0.6686390532544378,0.8637200736648252,0.041666666666666664,0.75,0.0,0.75,0.47047371836469826,0.2272727272727273,0.2272727272727273,0.5090909090909091,0.29268292682926833,0.75,0.25,0.75,0.995417048579285,0.9954198473282442,0.9963302752293578,0.9951100244498778,0.995417048579285,0.9957212713936432,0.0,1.0,0.0,0.9999999999999999,0.5,0.19585418155825587,0.0,0.6666666666666666,1.0,0.012964469758611336,0.7612903225806452,0.9637096774193549,0.3376483279395901,0.48474017047016765,0.5646341463414635,0.0,0.5,0.3333333333333333
Nagarkurnool,Telangana,1.0,0.1823022959183673,0.0,0.0,0.0,0.0,0.0,0.0,0.0,0.5,0.6666666666666667,0.17308267975812724,0.17932496665868758,0.6348547717842328,0.5,0.0,0.37593984962406013,0.5958549222797926,0.39688715953307385,0.20000000000000007,0.7499999999999998,0.448936170212766,0.6627906976744186,0.5,0.3333333333333333,0.0,0.6666666666666666,1.0000000000000002,1.0,0.5085592011412268,0.0,1.0,0.0,0.17528735632183906,0.28571428571428575,0.17624521072796936,0.3333333333333333,0.0,0.7066666666666667,0.014942528735632177,0.6686390532544378,0.8637200736648252,0.041666666666666664,0.75,0.0,0.75,0.47047371836469826,0.2272727272727273,0.2272727272727273,0.5090909090909091,0.29268292682926833,0.75,0.25,0.75,0.995417048579285,0.9954198473282442,0.9963302752293578,0.9951100244498778,0.995417048579285,0.9957212713936432,0.0,1.0,0.0,0.9999999999999999,0.5,0.19585418155825587,0.0,0.6666666666666666,1.0,0.012964469758611336,0.7612903225806452,0.9637096774193549,0.3376483279395901,0.48474017047016765,0.5646341463414635,0.0,0.5,0.3333333333333333
Wanaparthy,Telangana,0.0,0.16377551020408163,0.0,0.0,0.0,0.0,0.0,0.0,0.0,0.5,0.6666666666666667,0.20158055439142666,0.19847484868173582,0.489626556016598,0.5,0.3333333333333333,0.47669172932330817,0.4974093264248704,0.357976653696498,0.43999999999999995,0.10714285714285743,0.3,0.1511627906976744,0.25,0.0,0.6666666666666666,0.3333333333333333,0.225114854517611,0.10747663551401869,0.5763195435092725,0.0,0.5,0.0,0.10201149425287356,0.05820105820105821,0.10344827586206895,0.0,0.0,0.25212121212121213,0.8701149425287358,0.7534516765285996,0.27624309392265195,0.375,0.25,0.6666666666666666,0.5,0.15347177157689812,0.3484848484848485,0.3484848484848485,0.390909090909091,0.0,0.5,0.5,0.5,0.5939505041246562,0.5938931297709925,0.5944954128440366,0.5941320293398533,0.5939505041246562,0.5941320293398533,0.5,0.5,0.0,0.6405693950177935,0.17241379310344826,0.6208005718370263,0.0,0.6666666666666666,0.0,0.008624898291293733,0.9251612903225805,0.5241935483870968,0.31067961165048547,0.7878746219411601,0.8365853658536585,0.3390134529147983,0.75,0.6666666666666666
Wanaparthy,Telangana,0.11111111111111427,0.31202168367346933,1.0,1.0,0.34090909090909094,0.5352112676056339,0.8987341772151899,1.0,0.0,0.5,0.3333333333333333,0.2693228761300365,0.2684745067195568,0.5394190871369293,0.75,0.6666666666666666,0.47669172932330817,0.4974093264248704,0.357976653696498,0.43999999999999995,0.10714285714285743,0.3,0.1511627906976744,0.25,0.0,0.6666666666666666,0.3333333333333333,0.225114854517611,0.10747663551401869,0.5763195435092725,0.0,0.5,0.0,0.10201149425287356,0.05820105820105821,0.10344827586206895,0.0,0.0,0.25212121212121213,0.8701149425287358,0.7534516765285996,0.27624309392265195,0.375,0.25,0.6666666666666666,0.5,0.15347177157689812,0.3484848484848485,0.3484848484848485,0.390909090909091,0.0,0.5,0.5,0.5,0.5939505041246562,0.5938931297709925,0.5944954128440366,0.5941320293398533,0.5939505041246562,0.5941320293398533,0.5,0.5,0.0,0.6405693950177935,0.17241379310344826,0.6208005718370263,0.0,0.6666666666666666,0.0,0.008624898291293733,0.9251612903225805,0.5241935483870968,0.31067961165048547,0.7878746219411601,0.8365853658536585,0.3390134529147983,0.75,0.6666666666666666
Wanaparthy,Telangana,0.22222222222220012,0.0810905612244898,0.0,0.0,0.0,0.0,0.0,0.0,0.0,0.5,0.6666666666666667,0.08555349338442195,0.08220770782751427,0.385892116182573,0.25,0.0,0.47669172932330817,0.4974093264248704,0.357976653696498,0.43999999999999995,0.10714285714285743,0.3,0.1511627906976744,0.25,0.0,0.6666666666666666,0.3333333333333333,0.225114854517611,0.10747663551401869,0.5763195435092725,0.0,0.5,0.0,0.10201149425287356,0.05820105820105821,0.10344827586206895,0.0,0.0,0.25212121212121213,0.8701149425287358,0.7534516765285996,0.27624309392265195,0.375,0.25,0.6666666666666666,0.5,0.15347177157689812,0.3484848484848485,0.3484848484848485,0.390909090909091,0.0,0.5,0.5,0.5,0.5939505041246562,0.5938931297709925,0.5944954128440366,0.5941320293398533,0.5939505041246562,0.5941320293398533,0.5,0.5,0.0,0.6405693950177935,0.17241379310344826,0.6208005718370263,0.0,0.6666666666666666,0.0,0.008624898291293733,0.9251612903225805,0.5241935483870968,0.31067961165048547,0.7878746219411601,0.8365853658536585,0.3390134529147983,0.75,0.6666666666666666
Wanaparthy,Telangana,0.3333333333333144,0.25510204081632654,1.0,1.0,0.8409090909090909,0.8450704225352113,0.5949367088607594,1.0,0.0,0.0,1.0,0.2411842184038795,0.23978387990288275,0.5269709543568464,0.75,0.3333333333333333,0.47669172932330817,0.4974093264248704,0.357976653696498,0.43999999999999995,0.10714285714285743,0.3,0.1511627906976744,0.25,0.0,0.6666666666666666,0.3333333333333333,0.225114854517611,0.10747663551401869,0.5763195435092725,0.0,0.5,0.0,0.10201149425287356,0.05820105820105821,0.10344827586206895,0.0,0.0,0.25212121212121213,0.8701149425287358,0.7534516765285996,0.27624309392265195,0.375,0.25,0.6666666666666666,0.5,0.15347177157689812,0.3484848484848485,0.3484848484848485,0.390909090909091,0.0,0.5,0.5,0.5,0.5939505041246562,0.5938931297709925,0.5944954128440366,0.5941320293398533,0.5939505041246562,0.5941320293398533,0.5,0.5,0.0,0.6405693950177935,0.17241379310344826,0.6208005718370263,0.0,0.6666666666666666,0.0,0.008624898291293733,0.9251612903225805,0.5241935483870968,0.31067961165048547,0.7878746219411601,0.8365853658536585,0.3390134529147983,0.75,0.6666666666666666
Wanaparthy,Telangana,0.44444444444442865,0.3932716836734694,1.0,1.0,0.38636363636363635,0.5633802816901409,0.5569620253164557,1.0,1.0,1.0,0.3333333333333333,0.40956714362689334,0.4164757377834012,0.6224066390041494,1.0,1.0,0.47669172932330817,0.4974093264248704,0.357976653696498,0.43999999999999995,0.10714285714285743,0.3,0.1511627906976744,0.25,0.0,0.6666666666666666,0.3333333333333333,0.225114854517611,0.10747663551401869,0.5763195435092725,0.0,0.5,0.0,0.10201149425287356,0.05820105820105821,0.10344827586206895,0.0,0.0,0.25212121212121213,0.8701149425287358,0.7534516765285996,0.27624309392265195,0.375,0.25,0.6666666666666666,0.5,0.15347177157689812,0.3484848484848485,0.3484848484848485,0.390909090909091,0.0,0.5,0.5,0.5,0.5939505041246562,0.5938931297709925,0.5944954128440366,0.5941320293398533,0.5939505041246562,0.5941320293398533,0.5,0.5,0.0,0.6405693950177935,0.17241379310344826,0.6208005718370263,0.0,0.6666666666666666,0.0,0.008624898291293733,0.9251612903225805,0.5241935483870968,0.31067961165048547,0.7878746219411601,0.8365853658536585,0.3390134529147983,0.75,0.6666666666666666
Wanaparthy,Telangana,0.5555555555555429,0.19894770408163265,0.0,0.0,0.0,0.0,0.0,0.0,0.0,0.5,0.6666666666666667,0.16188708615218822,0.16154293335157133,0.5186721991701244,0.5,0.0,0.47669172932330817,0.4974093264248704,0.357976653696498,0.43999999999999995,0.10714285714285743,0.3,0.1511627906976744,0.25,0.0,0.6666666666666666,0.3333333333333333,0.225114854517611,0.10747663551401869,0.5763195435092725,0.0,0.5,0.0,0.10201149425287356,0.05820105820105821,0.10344827586206895,0.0,0.0,0.25212121212121213,0.8701149425287358,0.7534516765285996,0.27624309392265195,0.375,0.25,0.6666666666666666,0.5,0.15347177157689812,0.3484848484848485,0.3484848484848485,0.390909090909091,0.0,0.5,0.5,0.5,0.5939505041246562,0.5938931297709925,0.5944954128440366,0.5941320293398533,0.5939505041246562,0.5941320293398533,0.5,0.5,0.0,0.6405693950177935,0.17241379310344826,0.6208005718370263,0.0,0.6666666666666666,0.0,0.008624898291293733,0.9251612903225805,0.5241935483870968,0.31067961165048547,0.7878746219411601,0.8365853658536585,0.3390134529147983,0.75,0.6666666666666666
Wanaparthy,Telangana,0.6666666666666572,0.0660076530612245,0.0,0.0,0.0,0.0,0.0,0.0,0.0,0.5,0.6666666666666667,0.045979764114230985,0.04189036692541806,0.26141078838174314,0.0,0.0,0.47669172932330817,0.4974093264248704,0.357976653696498,0.43999999999999995,0.10714285714285743,0.3,0.1511627906976744,0.25,0.0,0.6666666666666666,0.3333333333333333,0.225114854517611,0.10747663551401869,0.5763195435092725,0.0,0.5,0.0,0.10201149425287356,0.05820105820105821,0.10344827586206895,0.0,0.0,0.25212121212121213,0.8701149425287358,0.7534516765285996,0.27624309392265195,0.375,0.25,0.6666666666666666,0.5,0.15347177157689812,0.3484848484848485,0.3484848484848485,0.390909090909091,0.0,0.5,0.5,0.5,0.5939505041246562,0.5938931297709925,0.5944954128440366,0.5941320293398533,0.5939505041246562,0.5941320293398533,0.5,0.5,0.0,0.6405693950177935,0.17241379310344826,0.6208005718370263,0.0,0.6666666666666666,0.0,0.008624898291293733,0.9251612903225805,0.5241935483870968,0.31067961165048547,0.7878746219411601,0.8365853658536585,0.3390134529147983,0.75,0.6666666666666666
Wanaparthy,Telangana,0.7777777777777715,0.2654974489795918,1.0,1.0,0.7727272727272727,0.5633802816901409,0.9620253164556962,1.0,0.0,0.0,0.6666666666666667,0.2648925342752798,0.25749752077420235,0.46473029045643166,0.75,0.6666666666666666,0.47669172932330817,0.4974093264248704,0.357976653696498,0.43999999999999995,0.10714285714285743,0.3,0.1511627906976744,0.25,0.0,0.6666666666666666,0.3333333333333333,0.225114854517611,0.10747663551401869,0.5763195435092725,0.0,0.5,0.0,0.10201149425287356,0.05820105820105821,0.10344827586206895,0.0,0.0,0.25212121212121213,0.8701149425287358,0.7534516765285996,0.27624309392265195,0.375,0.25,0.6666666666666666,0.5,0.15347177157689812,0.3484848484848485,0.3484848484848485,0.390909090909091,0.0,0.5,0.5,0.5,0.5939505041246562,0.5938931297709925,0.5944954128440366,0.5941320293398533,0.5939505041246562,0.5941320293398533,0.5,0.5,0.0,0.6405693950177935,0.17241379310344826,0.6208005718370263,0.0,0.6666666666666666,0.0,0.008624898291293733,0.9251612903225805,0.5241935483870968,0.31067961165048547,0.7878746219411601,0.8365853658536585,0.3390134529147983,0.75,0.6666666666666666
Wanaparthy,Telangana,0.8888888888888857,0.2006377551020408,0.0,0.0,0.0,0.0,0.0,0.0,0.0,0.5,0.6666666666666667,0.1925402622283422,0.20052662175563385,0.6597510373443982,0.5,0.0,0.47669172932330817,0.4974093264248704,0.357976653696498,0.43999999999999995,0.10714285714285743,0.3,0.1511627906976744,0.25,0.0,0.6666666666666666,0.3333333333333333,0.225114854517611,0.10747663551401869,0.5763195435092725,0.0,0.5,0.0,0.10201149425287356,0.05820105820105821,0.10344827586206895,0.0,0.0,0.25212121212121213,0.8701149425287358,0.7534516765285996,0.27624309392265195,0.375,0.25,0.6666666666666666,0.5,0.15347177157689812,0.3484848484848485,0.3484848484848485,0.390909090909091,0.0,0.5,0.5,0.5,0.5939505041246562,0.5938931297709925,0.5944954128440366,0.5941320293398533,0.5939505041246562,0.5941320293398533,0.5,0.5,0.0,0.6405693950177935,0.17241379310344826,0.6208005718370263,0.0,0.6666666666666666,0.0,0.008624898291293733,0.9251612903225805,0.5241935483870968,0.31067961165048547,0.7878746219411601,0.8365853658536585,0.3390134529147983,0.75,0.6666666666666666
Wanaparthy,Telangana,1.0,0.35730229591836726,1.0,1.0,0.9090909090909092,0.8309859154929577,0.7341772151898734,0.0,0.0,0.5,1.0,0.32090043704723703,0.3183325924152789,0.5311203319502078,1.0,0.6666666666666666,0.47669172932330817,0.4974093264248704,0.357976653696498,0.43999999999999995,0.10714285714285743,0.3,0.1511627906976744,0.25,0.0,0.6666666666666666,0.3333333333333333,0.225114854517611,0.10747663551401869,0.5763195435092725,0.0,0.5,0.0,0.10201149425287356,0.05820105820105821,0.10344827586206895,0.0,0.0,0.25212121212121213,0.8701149425287358,0.7534516765285996,0.27624309392265195,0.375,0.25,0.6666666666666666,0.5,0.15347177157689812,0.3484848484848485,0.3484848484848485,0.390909090909091,0.0,0.5,0.5,0.5,0.5939505041246562,0.5938931297709925,0.5944954128440366,0.5941320293398533,0.5939505041246562,0.5941320293398533,0.5,0.5,0.0,0.6405693950177935,0.17241379310344826,0.6208005718370263,0.0,0.6666666666666666,0.0,0.008624898291293733,0.9251612903225805,0.5241935483870968,0.31067961165048547,0.7878746219411601,0.8365853658536585,0.3390134529147983,0.75,0.6666666666666666
Gadwal,Telangana,0.0,0.2659438775510204,1.0,1.0,0.5681818181818182,0.7464788732394366,0.5189873417721519,0.0,0.0,0.5,0.6666666666666667,0.25360713644255517,0.25052149232294907,0.5103734439834029,0.75,0.6666666666666666,0.3458646616541354,0.5371329879101898,0.30350194552529175,0.24000000000000005,0.10714285714285743,0.5574468085106383,0.7325581395348837,0.5,0.3333333333333333,0.0,0.6666666666666666,0.43797856049004597,0.3894080996884735,0.9058487874465051,0.0,0.75,0.0,0.11925287356321837,0.07407407407407408,0.11877394636015326,0.0,0.0,0.20848484848484844,0.23563218390804597,0.39250493096646943,0.4327808471454881,0.8333333333333333,0.25,0.6666666666666666,0.5,0.46755353666450356,0.18181818181818188,0.18181818181818188,0.32727272727272727,0.3414634146341462,0.75,0.25,0.75,0.3024747937671861,0.3022900763358778,0.3027522935779817,0.301955990220049,0.3024747937671861,0.30256723716381423,0.5,0.5,0.0,0.3167259786476868,0.5,0.9767691208005719,0.3333333333333333,0.0,0.0,0.0040683482506102524,0.8735483870967742,0.9556451612903226,0.1197411003236246,0.1618091833929062,0.17682926829268295,0.0,0.25,0.0
Gadwal,Telangana,0.11111111111111427,0.1017219387755102,0.0,0.0,0.0,0.0,0.0,0.0,0.0,0.5,0.6666666666666667,0.09998203915464285,0.11253975310330677,0.8132780082987554,0.25,0.0,0.3458646616541354,0.5371329879101898,0.30350194552529175,0.24000000000000005,0.10714285714285743,0.5574468085106383,0.7325581395348837,0.5,0.3333333333333333,0.0,0.6666666666666666,0.43797856049004597,0.3894080996884735,0.9058487874465051,0.0,0.75,0.0,0.11925287356321837,0.07407407407407408,0.11877394636015326,0.0,0.0,0.20848484848484844,0.23563218390804597,0.39250493096646943,0.4327808471454881,0.8333333333333333,0.25,0.6666666666666666,0.5,0.46755353666450356,0.18181818181818188,0.18181818181818188,0.32727272727272727,0.3414634146341462,0.75,0.25,0.75,0.3024747937671861,0.3022900763358778,0.3027522935779817,0.301955990220049,0.3024747937671861,0.30256723716381423,0.5,0.5,0.0,0.3167259786476868,0.5,0.9767691208005719,0.3333333333333333,0.0,0.0,0.0040683482506102524,0.8735483870967742,0.9556451612903226,0.1197411003236246,0.1618091833929062,0.17682926829268295,0.0,0.25,0.0
Gadwal,Telangana,0.22222222222220012,0.20162627551020407,1.0,1.0,0.11363636363636365,0.6338028169014085,0.7215189873417721,1.0,0.0,0.0,0.0,0.24049571933185654,0.24699928187942416,0.6307053941908713,0.75,0.6666666666666666,0.3458646616541354,0.5371329879101898,0.30350194552529175,0.24000000000000005,0.10714285714285743,0.5574468085106383,0.7325581395348837,0.5,0.3333333333333333,0.0,0.6666666666666666,0.43797856049004597,0.3894080996884735,0.9058487874465051,0.0,0.75,0.0,0.11925287356321837,0.07407407407407408,0.11877394636015326,0.0,0.0,0.20848484848484844,0.23563218390804597,0.39250493096646943,0.4327808471454881,0.8333333333333333,0.25,0.6666666666666666,0.5,0.46755353666450356,0.18181818181818188,0.18181818181818188,0.32727272727272727,0.3414634146341462,0.75,0.25,0.75,0.3024747937671861,0.3022900763358778,0.3027522935779817,0.301955990220049,0.3024747937671861,0.30256723716381423,0.5,0.5,0.0,0.3167259786476868,0.5,0.9767691208005719,0.3333333333333333,0.0,0.0,0.0040683482506102524,0.8735483870967742,0.9556451612903226,0.1197411003236246,0.1618091833929062,0.17682926829268295,0.0,0.25,0.0
Gadwal,Telangana,0.3333333333333144,0.46249999999999997,1.0,1.0,0.9545454545454546,0.14084507042253522,0.3924050632911392,1.0,1.0,1.0,1.0,0.32197808776866427,0.3192900865164313,0.5311203319502078,1.0,1.0,0.3458646616541354,0.5371329879101898,0.30350194552529175,0.24000000000000005,0.10714285714285743,0.5574468085106383,0.7325581395348837,0.5,0.3333333333333333,0.0,0.6666666666666666,0.43797856049004597,0.3894080996884735,0.9058487874465051,0.0,0.75,0.0,0.11925287356321837,0.07407407407407408,0.11877394636015326,0.0,0.0,0.20848484848484844,0.23563218390804597,0.39250493096646943,0.4327808471454881,0.8333333333333333,0.25,0.6666666666666666,0.5,0.46755353666450356,0.18181818181818188,0.18181818181818188,0.32727272727272727,0.3414634146341462,0.75,0.25,0.75,0.3024747937671861,0.3022900763358778,0.3027522935779817,0.301955990220049,0.3024747937671861,0.30256723716381423,0.5,0.5,0.0,0.3167259786476868,0.5,0.9767691208005719,0.3333333333333333,0.0,0.0,0.0040683482506102524,0.8735483870967742,0.9556451612903226,0.1197411003236246,0.1618091833929062,0.17682926829268295,0.0,0.25,0.0
Gadwal,Telangana,0.44444444444442865,0.17924107142857143,0.0,0.0,0.0,0.0,0.0,0.0,0.0,0.5,0.6666666666666667,0.12318146440759145,0.12447423314981365,0.5352697095435688,0.5,0.0,0.3458646616541354,0.5371329879101898,0.30350194552529175,0.24000000000000005,0.10714285714285743,0.5574468085106383,0.7325581395348837,0.5,0.3333333333333333,0.0,0.6666666666666666,0.43797856049004597,0.3894080996884735,0.9058487874465051,0.0,0.75,0.0,0.11925287356321837,0.07407407407407408,0.11877394636015326,0.0,0.0,0.20848484848484844,0.23563218390804597,0.39250493096646943,0.4327808471454881,0.8333333333333333,0.25,0.6666666666666666,0.5,0.46755353666450356,0.18181818181818188,0.18181818181818188,0.32727272727272727,0.3414634146341462,0.75,0.25,0.75,0.3024747937671861,0.3022900763358778,0.3027522935779817,0.301955990220049,0.3024747937671861,0.30256723716381423,0.5,0.5,0.0,0.3167259786476868,0.5,0.9767691208005719,0.3333333333333333,0.0,0.0,0.0040683482506102524,0.8735483870967742,0.9556451612903226,0.1197411003236246,0.1618091833929062,0.17682926829268295,0.0,0.25,0.0
Gadwal,Telangana,0.5555555555555429,0.01329719387755103,0.0,0.0,0.0,0.0,0.0,0.0,0.0,0.5,0.6666666666666667,0.04903310782494163,0.0530725301781623,0.5933609958506225,0.0,0.0,0.3458646616541354,0.5371329879101898,0.30350194552529175,0.24000000000000005,0.10714285714285743,0.5574468085106383,0.7325581395348837,0.5,0.3333333333333333,0.0,0.6666666666666666,0.43797856049004597,0.3894080996884735,0.9058487874465051,0.0,0.75,0.0,0.11925287356321837,0.07407407407407408,0.11877394636015326,0.0,0.0,0.20848484848484844,0.23563218390804597,0.39250493096646943,0.4327808471454881,0.8333333333333333,0.25,0.6666666666666666,0.5,0.46755353666450356,0.18181818181818188,0.18181818181818188,0.32727272727272727,0.3414634146341462,0.75,0.25,0.75,0.3024747937671861,0.3022900763358778,0.3027522935779817,0.301955990220049,0.3024747937671861,0.30256723716381423,0.5,0.5,0.0,0.3167259786476868,0.5,0.9767691208005719,0.3333333333333333,0.0,0.0,0.0040683482506102524,0.8735483870967742,0.9556451612903226,0.1197411003236246,0.1618091833929062,0.17682926829268295,0.0,0.25,0.0
Gadwal,Telangana,0.6666666666666572,0.26144770408163265,1.0,1.0,0.3181818181818182,0.16901408450704225,0.4810126582278481,0.0,0.0,0.0,0.3333333333333333,0.26617972819254027,0.2696713743459973,0.5933609958506225,0.75,0.6666666666666666,0.3458646616541354,0.5371329879101898,0.30350194552529175,0.24000000000000005,0.10714285714285743,0.5574468085106383,0.7325581395348837,0.5,0.3333333333333333,0.0,0.6666666666666666,0.43797856049004597,0.3894080996884735,0.9058487874465051,0.0,0.75,0.0,0.11925287356321837,0.07407407407407408,0.11877394636015326,0.0,0.0,0.20848484848484844,0.23563218390804597,0.39250493096646943,0.4327808471454881,0.8333333333333333,0.25,0.6666666666666666,0.5,0.46755353666450356,0.18181818181818188,0.18181818181818188,0.32727272727272727,0.3414634146341462,0.75,0.25,0.75,0.3024747937671861,0.3022900763358778,0.3027522935779817,0.301955990220049,0.3024747937671861,0.30256723716381423,0.5,0.5,0.0,0.3167259786476868,0.5,0.9767691208005719,0.3333333333333333,0.0,0.0,0.0040683482506102524,0.8735483870967742,0.9556451612903226,0.1197411003236246,0.1618091833929062,0.17682926829268295,0.0,0.25,0.0
Gadwal,Telangana,0.7777777777777715,0.1415178571428571,0.0,0.0,0.0,0.0,0.0,0.0,0.0,0.5,0.6666666666666667,0.16757468718194335,0.17022877269773964,0.5726141078838176,0.5,0.0,0.3458646616541354,0.5371329879101898,0.30350194552529175,0.24000000000000005,0.10714285714285743,0.5574468085106383,0.7325581395348837,0.5,0.3333333333333333,0.0,0.6666666666666666,0.43797856049004597,0.3894080996884735,0.9058487874465051,0.0,0.75,0.0,0.11925287356321837,0.07407407407407408,0.11877394636015326,0.0,0.0,0.20848484848484844,0.23563218390804597,0.39250493096646943,0.4327808471454881,0.8333333333333333,0.25,0.6666666666666666,0.5,0.46755353666450356,0.18181818181818188,0.18181818181818188,0.32727272727272727,0.3414634146341462,0.75,0.25,0.75,0.3024747937671861,0.3022900763358778,0.3027522935779817,0.301955990220049,0.3024747937671861,0.30256723716381423,0.5,0.5,0.0,0.3167259786476868,0.5,0.9767691208005719,0.3333333333333333,0.0,0.0,0.0040683482506102524,0.8735483870967742,0.9556451612903226,0.1197411003236246,0.1618091833929062,0.17682926829268295,0.0,0.25,0.0
Gadwal,Telangana,0.8888888888888857,0.2651466836734694,1.0,1.0,0.9318181818181819,0.23943661971830987,0.7468354430379747,0.0,0.0,0.5,1.0,0.2607016703586182,0.26313989672742194,0.5767634854771786,0.75,0.6666666666666666,0.3458646616541354,0.5371329879101898,0.30350194552529175,0.24000000000000005,0.10714285714285743,0.5574468085106383,0.7325581395348837,0.5,0.3333333333333333,0.0,0.6666666666666666,0.43797856049004597,0.3894080996884735,0.9058487874465051,0.0,0.75,0.0,0.11925287356321837,0.07407407407407408,0.11877394636015326,0.0,0.0,0.20848484848484844,0.23563218390804597,0.39250493096646943,0.4327808471454881,0.8333333333333333,0.25,0.6666666666666666,0.5,0.46755353666450356,0.18181818181818188,0.18181818181818188,0.32727272727272727,0.3414634146341462,0.75,0.25,0.75,0.3024747937671861,0.3022900763358778,0.3027522935779817,0.301955990220049,0.3024747937671861,0.30256723716381423,0.5,0.5,0.0,0.3167259786476868,0.5,0.9767691208005719,0.3333333333333333,0.0,0.0,0.0040683482506102524,0.8735483870967742,0.9556451612903226,0.1197411003236246,0.1618091833929062,0.17682926829268295,0.0,0.25,0.0
Gadwal,Telangana,1.0,0.10790816326530611,0.0,0.0,0.0,0.0,0.0,0.0,0.0,0.5,0.6666666666666667,0.1012093635873795,0.09940840543035942,0.44813278008298774,0.25,0.0,0.3458646616541354,0.5371329879101898,0.30350194552529175,0.24000000000000005,0.10714285714285743,0.5574468085106383,0.7325581395348837,0.5,0.3333333333333333,0.0,0.6666666666666666,0.43797856049004597,0.3894080996884735,0.9058487874465051,0.0,0.75,0.0,0.11925287356321837,0.07407407407407408,0.11877394636015326,0.0,0.0,0.20848484848484844,0.23563218390804597,0.39250493096646943,0.4327808471454881,0.8333333333333333,0.25,0.6666666666666666,0.5,0.46755353666450356,0.18181818181818188,0.18181818181818188,0.32727272727272727,0.3414634146341462,0.75,0.25,0.75,0.3024747937671861,0.3022900763358778,0.3027522935779817,0.301955990220049,0.3024747937671861,0.30256723716381423,0.5,0.5,0.0,0.3167259786476868,0.5,0.9767691208005719,0.3333333333333333,0.0,0.0,0.0040683482506102524,0.8735483870967742,0.9556451612903226,0.1197411003236246,0.1618091833929062,0.17682926829268295,0.0,0.25,0.0
Narayanpet,Telangana,0.0,0.07723214285714286,0.0,0.0,0.0,0.0,0.0,0.0,0.0,0.5,0.6666666666666667,0.09249835358917557,0.09421058030981774,0.5352697095435688,0.25,0.0,0.2511278195488722,0.48877374784110533,0.961089494163424,0.68,0.03571428571428581,0.8851063829787235,0.9651162790697674,0.0,0.0,0.6666666666666666,0.3333333333333333,0.9173047473200613,0.8348909657320872,0.41654778887303856,0.0,1.0,0.0,0.041666666666666664,0.1481481481481482,0.0421455938697318,0.0,0.0,0.3781818181818182,0.07816091954022988,0.0,0.04788213627992635,0.3333333333333333,0.25,0.6666666666666666,0.5,0.45035691109669046,0.18181818181818188,0.18181818181818188,0.9636363636363637,0.8292682926829269,0.75,0.25,0.75,0.4995417048579285,0.499236641221374,0.4990825688073395,0.5,0.4995417048579285,0.5,0.5,0.5,0.0,0.43060498220640564,0.39655172413793105,0.916011436740529,0.3333333333333333,1.0,0.0,0.003525901817195552,0.512258064516129,0.8104838709677419,0.0,0.8112455320318943,0.7963414634146342,0.24304932735426016,0.75,0.6666666666666666
Narayanpet,Telangana,0.11111111111111427,0.21881377551020403,1.0,1.0,0.1590909090909091,0.8873239436619719,0.34177215189873417,1.0,0.0,0.0,0.3333333333333333,0.25043405376279704,0.26409739082857436,0.7178423236514524,0.75,0.6666666666666666,0.2511278195488722,0.48877374784110533,0.961089494163424,0.68,0.03571428571428581,0.8851063829787235,0.9651162790697674,0.0,0.0,0.6666666666666666,0.3333333333333333,0.9173047473200613,0.8348909657320872,0.41654778887303856,0.0,1.0,0.0,0.041666666666666664,0.1481481481481482,0.0421455938697318,0.0,0.0,0.3781818181818182,0.07816091954022988,0.0,0.04788213627992635,0.3333333333333333,0.25,0.6666666666666666,0.5,0.45035691109669046,0.18181818181818188,0.18181818181818188,0.9636363636363637,0.8292682926829269,0.75,0.25,0.75,0.4995417048579285,0.499236641221374,0.4990825688073395,0.5,0.4995417048579285,0.5,0.5,0.5,0.0,0.43060498220640564,0.39655172413793105,0.916011436740529,0.3333333333333333,1.0,0.0,0.003525901817195552,0.512258064516129,0.8104838709677419,0.0,0.8112455320318943,0.7963414634146342,0.24304932735426016,0.75,0.6666666666666666
Narayanpet,Telangana,0.22222222222220012,0.4936224489795918,1.0,1.0,0.6590909090909091,0.3098591549295775,0.8481012658227848,0.0,1.0,1.0,0.6666666666666667,0.3411063880739987,0.3422015525082926,0.5684647302904566,1.0,1.0,0.2511278195488722,0.48877374784110533,0.961089494163424,0.68,0.03571428571428581,0.8851063829787235,0.9651162790697674,0.0,0.0,0.6666666666666666,0.3333333333333333,0.9173047473200613,0.8348909657320872,0.41654778887303856,0.0,1.0,0.0,0.041666666666666664,0.1481481481481482,0.0421455938697318,0.0,0.0,0.3781818181818182,0.07816091954022988,0.0,0.04788213627992635,0.3333333333333333,0.25,0.6666666666666666,0.5,0.45035691109669046,0.18181818181818188,0.18181818181818188,0.9636363636363637,0.8292682926829269,0.75,0.25,0.75,0.4995417048579285,0.499236641221374,0.4990825688073395,0.5,0.4995417048579285,0.5,0.5,0.5,0.0,0.43060498220640564,0.39655172413793105,0.916011436740529,0.3333333333333333,1.0,0.0,0.003525901817195552,0.512258064516129,0.8104838709677419,0.0,0.8112455320318943,0.7963414634146342,0.24304932735426016,0.75,0.6666666666666666
Narayanpet,Telangana,0.3333333333333144,0.19043367346938772,0.0,0.0,0.0,0.0,0.0,0.0,0.0,0.5,0.6666666666666667,0.1313536490450817,0.12652600622371166,0.4107883817427389,0.5,0.0,0.2511278195488722,0.48877374784110533,0.961089494163424,0.68,0.03571428571428581,0.8851063829787235,0.9651162790697674,0.0,0.0,0.6666666666666666,0.3333333333333333,0.9173047473200613,0.8348909657320872,0.41654778887303856,0.0,1.0,0.0,0.041666666666666664,0.1481481481481482,0.0421455938697318,0.0,0.0,0.3781818181818182,0.07816091954022988,0.0,0.04788213627992635,0.3333333333333333,0.25,0.6666666666666666,0.5,0.45035691109669046,0.18181818181818188,0.18181818181818188,0.9636363636363637,0.8292682926829269,0.75,0.25,0.75,0.4995417048579285,0.499236641221374,0.4990825688073395,0.5,0.4995417048579285,0.5,0.5,0.5,0.0,0.43060498220640564,0.39655172413793105,0.916011436740529,0.3333333333333333,1.0,0.0,0.003525901817195552,0.512258064516129,0.8104838709677419,0.0,0.8112455320318943,0.7963414634146342,0.24304932735426016,0.75,0.6666666666666666
Narayanpet,Telangana,0.44444444444442865,0.06683673469387755,0.0,0.0,0.0,0.0,0.0,0.0,0.0,0.5,0.6666666666666667,0.051936777824342924,0.04695140717436652,0.24896265560165975,0.0,0.0,0.2511278195488722,0.48877374784110533,0.961089494163424,0.68,0.03571428571428581,0.8851063829787235,0.9651162790697674,0.0,0.0,0.6666666666666666,0.3333333333333333,0.9173047473200613,0.8348909657320872,0.41654778887303856,0.0,1.0,0.0,0.041666666666666664,0.1481481481481482,0.0421455938697318,0.0,0.0,0.3781818181818182,0.07816091954022988,0.0,0.04788213627992635,0.3333333333333333,0.25,0.6666666666666666,0.5,0.45035691109669046,0.18181818181818188,0.18181818181818188,0.9636363636363637,0.8292682926829269,0.75,0.25,0.75,0.4995417048579285,0.499236641221374,0.4990825688073395,0.5,0.4995417048579285,0.5,0.5,0.5,0.0,0.43060498220640564,0.39655172413793105,0.916011436740529,0.3333333333333333,1.0,0.0,0.003525901817195552,0.512258064516129,0.8104838709677419,0.0,0.8112455320318943,0.7963414634146342,0.24304932735426016,0.75,0.6666666666666666
Narayanpet,Telangana,0.5555555555555429,0.23287627551020407,1.0,1.0,0.2727272727272727,0.3098591549295775,0.20253164556962025,1.0,0.0,0.0,0.3333333333333333,0.2772855175716937,0.27934890401121637,0.5767634854771786,0.75,0.6666666666666666,0.2511278195488722,0.48877374784110533,0.961089494163424,0.68,0.03571428571428581,0.8851063829787235,0.9651162790697674,0.0,0.0,0.6666666666666666,0.3333333333333333,0.9173047473200613,0.8348909657320872,0.41654778887303856,0.0,1.0,0.0,0.041666666666666664,0.1481481481481482,0.0421455938697318,0.0,0.0,0.3781818181818182,0.07816091954022988,0.0,0.04788213627992635,0.3333333333333333,0.25,0.6666666666666666,0.5,0.45035691109669046,0.18181818181818188,0.18181818181818188,0.9636363636363637,0.8292682926829269,0.75,0.25,0.75,0.4995417048579285,0.499236641221374,0.4990825688073395,0.5,0.4995417048579285,0.5,0.5,0.5,0.0,0.43060498220640564,0.39655172413793105,0.916011436740529,0.3333333333333333,1.0,0.0,0.003525901817195552,0.512258064516129,0.8104838709677419,0.0,0.8112455320318943,0.7963414634146342,0.24304932735426016,0.75,0.6666666666666666
Narayanpet,Telangana,0.6666666666666572,0.16116071428571427,0.0,0.0,0.0,0.0,0.0,0.0,0.0,0.5,0.6666666666666667,0.19071424295036815,0.19249051054953326,0.5643153526970957,0.5,0.3333333333333333,0.2511278195488722,0.48877374784110533,0.961089494163424,0.68,0.03571428571428581,0.8851063829787235,0.9651162790697674,0.0,0.0,0.6666666666666666,0.3333333333333333,0.9173047473200613,0.8348909657320872,0.41654778887303856,0.0,1.0,0.0,0.041666666666666664,0.1481481481481482,0.0421455938697318,0.0,0.0,0.3781818181818182,0.07816091954022988,0.0,0.04788213627992635,0.3333333333333333,0.25,0.6666666666666666,0.5,0.45035691109669046,0.18181818181818188,0.18181818181818188,0.9636363636363637,0.8292682926829269,0.75,0.25,0.75,0.4995417048579285,0.499236641221374,0.4990825688073395,0.5,0.4995417048579285,0.5,0.5,0.5,0.0,0.43060498220640564,0.39655172413793105,0.916011436740529,0.3333333333333333,1.0,0.0,0.003525901817195552,0.512258064516129,0.8104838709677419,0.0,0.8112455320318943,0.7963414634146342,0.24304932735426016,0.75,0.6666666666666666
Narayanpet,Telangana,0.7777777777777715,0.3110650510204081,1.0,1.0,0.4090909090909091,0.7042253521126761,0.16455696202531644,1.0,0.0,0.5,0.3333333333333333,0.2610608872657606,0.2667646958246418,0.6182572614107884,0.75,0.6666666666666666,0.2511278195488722,0.48877374784110533,0.961089494163424,0.68,0.03571428571428581,0.8851063829787235,0.9651162790697674,0.0,0.0,0.6666666666666666,0.3333333333333333,0.9173047473200613,0.8348909657320872,0.41654778887303856,0.0,1.0,0.0,0.041666666666666664,0.1481481481481482,0.0421455938697318,0.0,0.0,0.3781818181818182,0.07816091954022988,0.0,0.04788213627992635,0.3333333333333333,0.25,0.6666666666666666,0.5,0.45035691109669046,0.18181818181818188,0.18181818181818188,0.9636363636363637,0.8292682926829269,0.75,0.25,0.75,0.4995417048579285,0.499236641221374,0.4990825688073395,0.5,0.4995417048579285,0.5,0.5,0.5,0.0,0.43060498220640564,0.39655172413793105,0.916011436740529,0.3333333333333333,1.0,0.0,0.003525901817195552,0.512258064516129,0.8104838709677419,0.0,0.8112455320318943,0.7963414634146342,0.24304932735426016,0.75,0.6666666666666666
Narayanpet,Telangana,0.8888888888888857,0.12279974489795917,0.0,0.0,0.0,0.0,0.0,0.0,0.0,0.5,0.6666666666666667,0.07387894390229299,0.068631809321889,0.30705394190871393,0.25,0.0,0.2511278195488722,0.48877374784110533,0.961089494163424,0.68,0.03571428571428581,0.8851063829787235,0.9651162790697674,0.0,0.0,0.6666666666666666,0.3333333333333333,0.9173047473200613,0.8348909657320872,0.41654778887303856,0.0,1.0,0.0,0.041666666666666664,0.1481481481481482,0.0421455938697318,0.0,0.0,0.3781818181818182,0.07816091954022988,0.0,0.04788213627992635,0.3333333333333333,0.25,0.6666666666666666,0.5,0.45035691109669046,0.18181818181818188,0.18181818181818188,0.9636363636363637,0.8292682926829269,0.75,0.25,0.75,0.4995417048579285,0.499236641221374,0.4990825688073395,0.5,0.4995417048579285,0.5,0.5,0.5,0.0,0.43060498220640564,0.39655172413793105,0.916011436740529,0.3333333333333333,1.0,0.0,0.003525901817195552,0.512258064516129,0.8104838709677419,0.0,0.8112455320318943,0.7963414634146342,0.24304932735426016,0.75,0.6666666666666666
Narayanpet,Telangana,1.0,0.24913903061224485,1.0,1.0,0.7954545454545455,0.7323943661971831,0.9493670886075949,0.0,0.0,0.0,1.0,0.20256840088606834,0.19272988407482133,0.39004149377593356,0.75,0.3333333333333333,0.2511278195488722,0.48877374784110533,0.961089494163424,0.68,0.03571428571428581,0.8851063829787235,0.9651162790697674,0.0,0.0,0.6666666666666666,0.3333333333333333,0.9173047473200613,0.8348909657320872,0.41654778887303856,0.0,1.0,0.0,0.041666666666666664,0.1481481481481482,0.0421455938697318,0.0,0.0,0.3781818181818182,0.07816091954022988,0.0,0.04788213627992635,0.3333333333333333,0.25,0.6666666666666666,0.5,0.45035691109669046,0.18181818181818188,0.18181818181818188,0.9636363636363637,0.8292682926829269,0.75,0.25,0.75,0.4995417048579285,0.499236641221374,0.4990825688073395,0.5,0.4995417048579285,0.5,0.5,0.5,0.0,0.43060498220640564,0.39655172413793105,0.916011436740529,0.3333333333333333,1.0,0.0,0.003525901817195552,0.512258064516129,0.8104838709677419,0.0,0.8112455320318943,0.7963414634146342,0.24304932735426016,0.75,0.6666666666666666
Vikarabad,Telangana,0.0,0.25121173469387753,1.0,1.0,0.13636363636363635,0.4507042253521127,0.6329113924050633,1.0,0.0,0.0,0.0,0.2741124348919356,0.2633792702527101,0.42738589211618283,0.75,0.3333333333333333,0.4345864661654135,0.6407599309153711,0.19844357976653693,0.0,0.392857142857143,0.08297872340425533,0.9069767441860466,0.5,0.3333333333333333,0.0,0.6666666666666666,0.4517611026033691,0.40031152647975077,0.5192582025677603,0.0,0.75,0.0,0.17097701149425285,0.04232804232804231,0.17049808429118773,0.3333333333333333,0.0,0.24606060606060604,0.3804597701149425,0.14201183431952663,0.48434622467771643,0.5416666666666666,0.25,0.6666666666666666,0.5,0.07527579493835171,0.787878787878788,0.787878787878788,0.06363636363636363,0.6585365853658536,0.25,0.75,0.25,0.35472043996333646,0.3541984732824428,0.3559633027522936,0.35452322738386316,0.35472043996333646,0.3551344743276284,0.5,0.5,0.0,0.8683274021352313,0.603448275862069,0.6940671908506075,0.0,0.6666666666666666,0.0,0.002224030377000271,0.33677419354838706,0.8024193548387096,0.2491909385113269,0.8977178993676105,0.8890243902439025,0.5327354260089688,1.0,1.0
Vikarabad,Telangana,0.11111111111111427,0.4327168367346938,1.0,1.0,0.7727272727272727,0.647887323943662,0.35443037974683544,1.0,1.0,1.0,0.6666666666666667,0.4662036759863497,0.46783845706664845,0.5809128630705391,1.0,1.0,0.4345864661654135,0.6407599309153711,0.19844357976653693,0.0,0.392857142857143,0.08297872340425533,0.9069767441860466,0.5,0.3333333333333333,0.0,0.6666666666666666,0.4517611026033691,0.40031152647975077,0.5192582025677603,0.0,0.75,0.0,0.17097701149425285,0.04232804232804231,0.17049808429118773,0.3333333333333333,0.0,0.24606060606060604,0.3804597701149425,0.14201183431952663,0.48434622467771643,0.5416666666666666,0.25,0.6666666666666666,0.5,0.07527579493835171,0.787878787878788,0.787878787878788,0.06363636363636363,0.6585365853658536,0.25,0.75,0.25,0.35472043996333646,0.3541984732824428,0.3559633027522936,0.35452322738386316,0.35472043996333646,0.3551344743276284,0.5,0.5,0.0,0.8683274021352313,0.603448275862069,0.6940671908506075,0.0,0.6666666666666666,0.0,0.002224030377000271,0.33677419354838706,0.8024193548387096,0.2491909385113269,0.8977178993676105,0.8890243902439025,0.5327354260089688,1.0,1.0
Vikarabad,Telangana,0.22222222222220012,0.20255102040816322,0.0,0.0,0.0,0.0,0.0,0.0,0.0,0.5,0.6666666666666667,0.19179189367179547,0.2037410662380741,0.7219917012448134,0.5,0.0,0.4345864661654135,0.6407599309153711,0.19844357976653693,0.0,0.392857142857143,0.08297872340425533,0.9069767441860466,0.5,0.3333333333333333,0.0,0.6666666666666666,0.4517611026033691,0.40031152647975077,0.5192582025677603,0.0,0.75,0.0,0.17097701149425285,0.04232804232804231,0.17049808429118773,0.3333333333333333,0.0,0.24606060606060604,0.3804597701149425,0.14201183431952663,0.48434622467771643,0.5416666666666666,0.25,0.6666666666666666,0.5,0.07527579493835171,0.787878787878788,0.787878787878788,0.06363636363636363,0.6585365853658536,0.25,0.75,0.25,0.35472043996333646,0.3541984732824428,0.3559633027522936,0.35452322738386316,0.35472043996333646,0.3551344743276284,0.5,0.5,0.0,0.8683274021352313,0.603448275862069,0.6940671908506075,0.0,0.6666666666666666,0.0,0.002224030377000271,0.33677419354838706,0.8024193548387096,0.2491909385113269,0.8977178993676105,0.8890243902439025,0.5327354260089688,1.0,1.0
Vikarabad,Telangana,0.3333333333333144,0.08115433673469388,0.0,0.0,0.0,0.0,0.0,0.0,0.0,0.5,0.6666666666666667,0.06558702029575525,0.07362445713504087,0.7302904564315353,0.0,0.0,0.4345864661654135,0.6407599309153711,0.19844357976653693,0.0,0.392857142857143,0.08297872340425533,0.9069767441860466,0.5,0.3333333333333333,0.0,0.6666666666666666,0.4517611026033691,0.40031152647975077,0.5192582025677603,0.0,0.75,0.0,0.17097701149425285,0.04232804232804231,0.17049808429118773,0.3333333333333333,0.0,0.24606060606060604,0.3804597701149425,0.14201183431952663,0.48434622467771643,0.5416666666666666,0.25,0.6666666666666666,0.5,0.07527579493835171,0.787878787878788,0.787878787878788,0.06363636363636363,0.6585365853658536,0.25,0.75,0.25,0.35472043996333646,0.3541984732824428,0.3559633027522936,0.35452322738386316,0.35472043996333646,0.3551344743276284,0.5,0.5,0.0,0.8683274021352313,0.603448275862069,0.6940671908506075,0.0,0.6666666666666666,0.0,0.002224030377000271,0.33677419354838706,0.8024193548387096,0.2491909385113269,0.8977178993676105,0.8890243902439025,0.5327354260089688,1.0,1.0
Vikarabad,Telangana,0.44444444444442865,0.31696428571428564,1.0,1.0,0.6590909090909091,0.4084507042253521,0.9367088607594937,1.0,0.0,0.0,0.6666666666666667,0.31602107405855234,0.32182060664090556,0.6141078838174279,0.75,0.6666666666666666,0.4345864661654135,0.6407599309153711,0.19844357976653693,0.0,0.392857142857143,0.08297872340425533,0.9069767441860466,0.5,0.3333333333333333,0.0,0.6666666666666666,0.4517611026033691,0.40031152647975077,0.5192582025677603,0.0,0.75,0.0,0.17097701149425285,0.04232804232804231,0.17049808429118773,0.3333333333333333,0.0,0.24606060606060604,0.3804597701149425,0.14201183431952663,0.48434622467771643,0.5416666666666666,0.25,0.6666666666666666,0.5,0.07527579493835171,0.787878787878788,0.787878787878788,0.06363636363636363,0.6585365853658536,0.25,0.75,0.25,0.35472043996333646,0.3541984732824428,0.3559633027522936,0.35452322738386316,0.35472043996333646,0.3551344743276284,0.5,0.5,0.0,0.8683274021352313,0.603448275862069,0.6940671908506075,0.0,0.6666666666666666,0.0,0.002224030377000271,0.33677419354838706,0.8024193548387096,0.2491909385113269,0.8977178993676105,0.8890243902439025,0.5327354260089688,1.0,1.0
Vikarabad,Telangana,0.5555555555555429,0.18842474489795916,0.0,0.0,0.0,0.0,0.0,0.0,0.0,0.5,0.6666666666666667,0.22008022510926178,0.2276100263310878,0.6473029045643157,0.5,0.0,0.4345864661654135,0.6407599309153711,0.19844357976653693,0.0,0.392857142857143,0.08297872340425533,0.9069767441860466,0.5,0.3333333333333333,0.0,0.6666666666666666,0.4517611026033691,0.40031152647975077,0.5192582025677603,0.0,0.75,0.0,0.17097701149425285,0.04232804232804231,0.17049808429118773,0.3333333333333333,0.0,0.24606060606060604,0.3804597701149425,0.14201183431952663,0.48434622467771643,0.5416666666666666,0.25,0.6666666666666666,0.5,0.07527579493835171,0.787878787878788,0.787878787878788,0.06363636363636363,0.6585365853658536,0.25,0.75,0.25,0.35472043996333646,0.3541984732824428,0.3559633027522936,0.35452322738386316,0.35472043996333646,0.3551344743276284,0.5,0.5,0.0,0.8683274021352313,0.603448275862069,0.6940671908506075,0.0,0.6666666666666666,0.0,0.002224030377000271,0.33677419354838706,0.8024193548387096,0.2491909385113269,0.8977178993676105,0.8890243902439025,0.5327354260089688,1.0,1.0
Vikarabad,Telangana,0.6666666666666572,0.3907525510204081,1.0,1.0,0.5,0.38028169014084506,0.8354430379746836,1.0,0.0,0.5,0.6666666666666667,0.3171585942645034,0.3288992237458537,0.6763485477178426,0.75,0.6666666666666666,0.4345864661654135,0.6407599309153711,0.19844357976653693,0.0,0.392857142857143,0.08297872340425533,0.9069767441860466,0.5,0.3333333333333333,0.0,0.6666666666666666,0.4517611026033691,0.40031152647975077,0.5192582025677603,0.0,0.75,0.0,0.17097701149425285,0.04232804232804231,0.17049808429118773,0.3333333333333333,0.0,0.24606060606060604,0.3804597701149425,0.14201183431952663,0.48434622467771643,0.5416666666666666,0.25,0.6666666666666666,0.5,0.07527579493835171,0.787878787878788,0.787878787878788,0.06363636363636363,0.6585365853658536,0.25,0.75,0.25,0.35472043996333646,0.3541984732824428,0.3559633027522936,0.35452322738386316,0.35472043996333646,0.3551344743276284,0.5,0.5,0.0,0.8683274021352313,0.603448275862069,0.6940671908506075,0.0,0.6666666666666666,0.0,0.002224030377000271,0.33677419354838706,0.8024193548387096,0.2491909385113269,0.8977178993676105,0.8890243902439025,0.5327354260089688,1.0,1.0
Vikarabad,Telangana,0.7777777777777715,0.10248724489795918,0.0,0.0,0.0,0.0,0.0,0.0,0.0,0.5,0.6666666666666667,0.09462372028976829,0.08836302704920837,0.3236514522821583,0.25,0.0,0.4345864661654135,0.6407599309153711,0.19844357976653693,0.0,0.392857142857143,0.08297872340425533,0.9069767441860466,0.5,0.3333333333333333,0.0,0.6666666666666666,0.4517611026033691,0.40031152647975077,0.5192582025677603,0.0,0.75,0.0,0.17097701149425285,0.04232804232804231,0.17049808429118773,0.3333333333333333,0.0,0.24606060606060604,0.3804597701149425,0.14201183431952663,0.48434622467771643,0.5416666666666666,0.25,0.6666666666666666,0.5,0.07527579493835171,0.787878787878788,0.787878787878788,0.06363636363636363,0.6585365853658536,0.25,0.75,0.25,0.35472043996333646,0.3541984732824428,0.3559633027522936,0.35452322738386316,0.35472043996333646,0.3551344743276284,0.5,0.5,0.0,0.8683274021352313,0.603448275862069,0.6940671908506075,0.0,0.6666666666666666,0.0,0.002224030377000271,0.33677419354838706,0.8024193548387096,0.2491909385113269,0.8977178993676105,0.8890243902439025,0.5327354260089688,1.0,1.0
Vikarabad,Telangana,0.8888888888888857,0.28341836734693876,1.0,1.0,0.4772727272727273,0.6619718309859155,1.0,1.0,0.0,0.0,0.6666666666666667,0.26133029994611745,0.2565058304551517,0.49377593360995853,0.75,0.3333333333333333,0.4345864661654135,0.6407599309153711,0.19844357976653693,0.0,0.392857142857143,0.08297872340425533,0.9069767441860466,0.5,0.3333333333333333,0.0,0.6666666666666666,0.4517611026033691,0.40031152647975077,0.5192582025677603,0.0,0.75,0.0,0.17097701149425285,0.04232804232804231,0.17049808429118773,0.3333333333333333,0.0,0.24606060606060604,0.3804597701149425,0.14201183431952663,0.48434622467771643,0.5416666666666666,0.25,0.6666666666666666,0.5,0.07527579493835171,0.787878787878788,0.787878787878788,0.06363636363636363,0.6585365853658536,0.25,0.75,0.25,0.35472043996333646,0.3541984732824428,0.3559633027522936,0.35452322738386316,0.35472043996333646,0.3551344743276284,0.5,0.5,0.0,0.8683274021352313,0.603448275862069,0.6940671908506075,0.0,0.6666666666666666,0.0,0.002224030377000271,0.33677419354838706,0.8024193548387096,0.2491909385113269,0.8977178993676105,0.8890243902439025,0.5327354260089688,1.0,1.0
Vikarabad,Telangana,1.0,0.6090561224489796,1.0,1.0,0.4318181818181818,0.8028169014084507,0.8607594936708861,1.0,1.0,1.0,0.3333333333333333,0.4470454409387534,0.44571350408644805,0.5601659751037342,1.0,1.0,0.4345864661654135,0.6407599309153711,0.19844357976653693,0.0,0.392857142857143,0.08297872340425533,0.9069767441860466,0.5,0.3333333333333333,0.0,0.6666666666666666,0.4517611026033691,0.40031152647975077,0.5192582025677603,0.0,0.75,0.0,0.17097701149425285,0.04232804232804231,0.17049808429118773,0.3333333333333333,0.0,0.24606060606060604,0.3804597701149425,0.14201183431952663,0.48434622467771643,0.5416666666666666,0.25,0.6666666666666666,0.5,0.07527579493835171,0.787878787878788,0.787878787878788,0.06363636363636363,0.6585365853658536,0.25,0.75,0.25,0.35472043996333646,0.3541984732824428,0.3559633027522936,0.35452322738386316,0.35472043996333646,0.3551344743276284,0.5,0.5,0.0,0.8683274021352313,0.603448275862069,0.6940671908506075,0.0,0.6666666666666666,0.0,0.002224030377000271,0.33677419354838706,0.8024193548387096,0.2491909385113269,0.8977178993676105,0.8890243902439025,0.5327354260089688,1.0,1.0
Siddipet,Telangana,0.0,0.5806441326530613,1.0,1.0,0.8636363636363636,0.2112676056338028,0.4177215189873418,1.0,1.0,1.0,1.0,0.5376579057654313,0.538590431898232,0.5809128630705391,1.0,1.0,0.15639097744360902,0.5509499136442142,0.7276264591439687,0.36,0.7499999999999998,0.8638297872340426,0.43023255813953487,0.875,0.6666666666666666,0.3333333333333333,1.0,0.9096477794793262,0.8255451713395638,0.27746077032810273,0.0,1.0,0.0,0.11637931034482757,0.04761904761904763,0.11685823754789273,0.0,0.0,0.5187878787878788,0.38850574712643676,0.32938856015779094,0.27071823204419887,0.9583333333333333,0.5,0.3333333333333333,0.0,0.482154445165477,0.19696969696969702,0.19696969696969702,0.690909090909091,0.4390243902439024,0.75,0.25,0.75,0.23098075160403309,0.23053435114503817,0.23119266055045873,0.23105134474327632,0.23098075160403309,0.23105134474327632,1.0,0.5,0.0,0.4199288256227757,0.0,0.29342387419585414,0.3333333333333333,1.0,1.0,0.012367778681855165,0.3974193548387097,0.6572580645161291,0.18662351672060412,0.3417651910915589,0.39146341463414636,0.0,0.5,0.0
Siddipet,Telangana,0.11111111111111427,0.23061224489795917,0.0,0.0,0.0,0.0,0.0,0.0,0.0,0.5,0.6666666666666667,0.2348081183021014,0.24063878535034028,0.6224066390041494,0.5,0.0,0.15639097744360902,0.5509499136442142,0.7276264591439687,0.36,0.7499999999999998,0.8638297872340426,0.43023255813953487,0.875,0.6666666666666666,0.3333333333333333,1.0,0.9096477794793262,0.8255451713395638,0.27746077032810273,0.0,1.0,0.0,0.11637931034482757,0.04761904761904763,0.11685823754789273,0.0,0.0,0.5187878787878788,0.38850574712643676,0.32938856015779094,0.27071823204419887,0.9583333333333333,0.5,0.3333333333333333,0.0,0.482154445165477,0.19696969696969702,0.19696969696969702,0.690909090909091,0.4390243902439024,0.75,0.25,0.75,0.23098075160403309,0.23053435114503817,0.23119266055045873,0.23105134474327632,0.23098075160403309,0.23105134474327632,1.0,0.5,0.0,0.4199288256227757,0.0,0.29342387419585414,0.3333333333333333,1.0,1.0,0.012367778681855165,0.3974193548387097,0.6572580645161291,0.18662351672060412,0.3417651910915589,0.39146341463414636,0.0,0.5,0.0
Siddipet,Telangana,0.22222222222220012,0.07914540816326532,0.0,0.0,0.0,0.0,0.0,0.0,0.0,0.5,0.6666666666666667,0.05247560318505657,0.04773792018602743,0.26141078838174314,0.0,0.0,0.15639097744360902,0.5509499136442142,0.7276264591439687,0.36,0.7499999999999998,0.8638297872340426,0.43023255813953487,0.875,0.6666666666666666,0.3333333333333333,1.0,0.9096477794793262,0.8255451713395638,0.27746077032810273,0.0,1.0,0.0,0.11637931034482757,0.04761904761904763,0.11685823754789273,0.0,0.0,0.5187878787878788,0.38850574712643676,0.32938856015779094,0.27071823204419887,0.9583333333333333,0.5,0.3333333333333333,0.0,0.482154445165477,0.19696969696969702,0.19696969696969702,0.690909090909091,0.4390243902439024,0.75,0.25,0.75,0.23098075160403309,0.23053435114503817,0.23119266055045873,0.23105134474327632,0.23098075160403309,0.23105134474327632,1.0,0.5,0.0,0.4199288256227757,0.0,0.29342387419585414,0.3333333333333333,1.0,1.0,0.012367778681855165,0.3974193548387097,0.6572580645161291,0.18662351672060412,0.3417651910915589,0.39146341463414636,0.0,0.5,0.0
Siddipet,Telangana,0.3333333333333144,0.3505102040816326,1.0,1.0,0.34090909090909094,0.38028169014084506,0.8987341772151899,0.0,0.0,0.0,0.3333333333333333,0.30745973777165775,0.2971993297541292,0.44813278008298774,0.75,0.3333333333333333,0.15639097744360902,0.5509499136442142,0.7276264591439687,0.36,0.7499999999999998,0.8638297872340426,0.43023255813953487,0.875,0.6666666666666666,0.3333333333333333,1.0,0.9096477794793262,0.8255451713395638,0.27746077032810273,0.0,1.0,0.0,0.11637931034482757,0.04761904761904763,0.11685823754789273,0.0,0.0,0.5187878787878788,0.38850574712643676,0.32938856015779094,0.27071823204419887,0.9583333333333333,0.5,0.3333333333333333,0.0,0.482154445165477,0.19696969696969702,0.19696969696969702,0.690909090909091,0.4390243902439024,0.75,0.25,0.75,0.23098075160403309,0.23053435114503817,0.23119266055045873,0.23105134474327632,0.23098075160403309,0.23105134474327632,1.0,0.5,0.0,0.4199288256227757,0.0,0.29342387419585414,0.3333333333333333,1.0,1.0,0.012367778681855165,0.3974193548387097,0.6572580645161291,0.18662351672060412,0.3417651910915589,0.39146341463414636,0.0,0.5,0.0
Siddipet,Telangana,0.44444444444442865,0.2260204081632653,0.0,0.0,0.0,0.0,0.0,0.0,0.0,0.5,0.6666666666666667,0.26656887984194455,0.27052627979345484,0.5975103734439835,0.5,0.3333333333333333,0.15639097744360902,0.5509499136442142,0.7276264591439687,0.36,0.7499999999999998,0.8638297872340426,0.43023255813953487,0.875,0.6666666666666666,0.3333333333333333,1.0,0.9096477794793262,0.8255451713395638,0.27746077032810273,0.0,1.0,0.0,0.11637931034482757,0.04761904761904763,0.11685823754789273,0.0,0.0,0.5187878787878788,0.38850574712643676,0.32938856015779094,0.27071823204419887,0.9583333333333333,0.5,0.3333333333333333,0.0,0.482154445165477,0.19696969696969702,0.19696969696969702,0.690909090909091,0.4390243902439024,0.75,0.25,0.75,0.23098075160403309,0.23053435114503817,0.23119266055045873,0.23105134474327632,0.23098075160403309,0.23105134474327632,1.0,0.5,0.0,0.4199288256227757,0.0,0.29342387419585414,0.3333333333333333,1.0,1.0,0.012367778681855165,0.3974193548387097,0.6572580645161291,0.18662351672060412,0.3417651910915589,0.39146341463414636,0.0,0.5,0.0
Siddipet,Telangana,0.5555555555555429,0.360905612244898,1.0,1.0,0.18181818181818182,0.38028169014084506,0.569620253164557,1.0,0.0,0.5,0.3333333333333333,0.3354786565287673,0.34134664706083506,0.6141078838174279,0.75,0.6666666666666666,0.15639097744360902,0.5509499136442142,0.7276264591439687,0.36,0.7499999999999998,0.8638297872340426,0.43023255813953487,0.875,0.6666666666666666,0.3333333333333333,1.0,0.9096477794793262,0.8255451713395638,0.27746077032810273,0.0,1.0,0.0,0.11637931034482757,0.04761904761904763,0.11685823754789273,0.0,0.0,0.5187878787878788,0.38850574712643676,0.32938856015779094,0.27071823204419887,0.9583333333333333,0.5,0.3333333333333333,0.0,0.482154445165477,0.19696969696969702,0.19696969696969702,0.690909090909091,0.4390243902439024,0.75,0.25,0.75,0.23098075160403309,0.23053435114503817,0.23119266055045873,0.23105134474327632,0.23098075160403309,0.23105134474327632,1.0,0.5,0.0,0.4199288256227757,0.0,0.29342387419585414,0.3333333333333333,1.0,1.0,0.012367778681855165,0.3974193548387097,0.6572580645161291,0.18662351672060412,0.3417651910915589,0.39146341463414636,0.0,0.5,0.0
Siddipet,Telangana,0.6666666666666572,0.11147959183673467,0.0,0.0,0.0,0.0,0.0,0.0,0.0,0.5,0.6666666666666667,0.14129198347602226,0.1444790206203194,0.5809128630705391,0.25,0.0,0.15639097744360902,0.5509499136442142,0.7276264591439687,0.36,0.7499999999999998,0.8638297872340426,0.43023255813953487,0.875,0.6666666666666666,0.3333333333333333,1.0,0.9096477794793262,0.8255451713395638,0.27746077032810273,0.0,1.0,0.0,0.11637931034482757,0.04761904761904763,0.11685823754789273,0.0,0.0,0.5187878787878788,0.38850574712643676,0.32938856015779094,0.27071823204419887,0.9583333333333333,0.5,0.3333333333333333,0.0,0.482154445165477,0.19696969696969702,0.19696969696969702,0.690909090909091,0.4390243902439024,0.75,0.25,0.75,0.23098075160403309,0.23053435114503817,0.23119266055045873,0.23105134474327632,0.23098075160403309,0.23105134474327632,1.0,0.5,0.0,0.4199288256227757,0.0,0.29342387419585414,0.3333333333333333,1.0,1.0,0.012367778681855165,0.3974193548387097,0.6572580645161291,0.18662351672060412,0.3417651910915589,0.39146341463414636,0.0,0.5,0.0
Siddipet,Telangana,0.7777777777777715,0.3589604591836734,1.0,1.0,1.0,0.7464788732394366,0.2911392405063291,1.0,0.0,0.0,1.0,0.32197808776866427,0.32944636323222654,0.6307053941908713,0.75,0.6666666666666666,0.15639097744360902,0.5509499136442142,0.7276264591439687,0.36,0.7499999999999998,0.8638297872340426,0.43023255813953487,0.875,0.6666666666666666,0.3333333333333333,1.0,0.9096477794793262,0.8255451713395638,0.27746077032810273,0.0,1.0,0.0,0.11637931034482757,0.04761904761904763,0.11685823754789273,0.0,0.0,0.5187878787878788,0.38850574712643676,0.32938856015779094,0.27071823204419887,0.9583333333333333,0.5,0.3333333333333333,0.0,0.482154445165477,0.19696969696969702,0.19696969696969702,0.690909090909091,0.4390243902439024,0.75,0.25,0.75,0.23098075160403309,0.23053435114503817,0.23119266055045873,0.23105134474327632,0.23098075160403309,0.23105134474327632,1.0,0.5,0.0,0.4199288256227757,0.0,0.29342387419585414,0.3333333333333333,1.0,1.0,0.012367778681855165,0.3974193548387097,0.6572580645161291,0.18662351672060412,0.3417651910915589,0.39146341463414636,0.0,0.5,0.0
Siddipet,Telangana,0.8888888888888857,0.6236607142857143,1.0,1.0,0.34090909090909094,0.35211267605633806,0.9746835443037974,1.0,1.0,1.0,0.3333333333333333,0.4888642758785846,0.4920835755565434,0.5933609958506225,1.0,1.0,0.15639097744360902,0.5509499136442142,0.7276264591439687,0.36,0.7499999999999998,0.8638297872340426,0.43023255813953487,0.875,0.6666666666666666,0.3333333333333333,1.0,0.9096477794793262,0.8255451713395638,0.27746077032810273,0.0,1.0,0.0,0.11637931034482757,0.04761904761904763,0.11685823754789273,0.0,0.0,0.5187878787878788,0.38850574712643676,0.32938856015779094,0.27071823204419887,0.9583333333333333,0.5,0.3333333333333333,0.0,0.482154445165477,0.19696969696969702,0.19696969696969702,0.690909090909091,0.4390243902439024,0.75,0.25,0.75,0.23098075160403309,0.23053435114503817,0.23119266055045873,0.23105134474327632,0.23098075160403309,0.23105134474327632,1.0,0.5,0.0,0.4199288256227757,0.0,0.29342387419585414,0.3333333333333333,1.0,1.0,0.012367778681855165,0.3974193548387097,0.6572580645161291,0.18662351672060412,0.3417651910915589,0.39146341463414636,0.0,0.5,0.0
Siddipet,Telangana,1.0,0.2647959183673469,0.0,0.0,0.0,0.0,0.0,0.0,0.0,0.5,0.6666666666666667,0.21582949170807636,0.2141025202612591,0.5186721991701244,0.5,0.0,0.15639097744360902,0.5509499136442142,0.7276264591439687,0.36,0.7499999999999998,0.8638297872340426,0.43023255813953487,0.875,0.6666666666666666,0.3333333333333333,1.0,0.9096477794793262,0.8255451713395638,0.27746077032810273,0.0,1.0,0.0,0.11637931034482757,0.04761904761904763,0.11685823754789273,0.0,0.0,0.5187878787878788,0.38850574712643676,0.32938856015779094,0.27071823204419887,0.9583333333333333,0.5,0.3333333333333333,0.0,0.482154445165477,0.19696969696969702,0.19696969696969702,0.690909090909091,0.4390243902439024,0.75,0.25,0.75,0.23098075160403309,0.23053435114503817,0.23119266055045873,0.23105134474327632,0.23098075160403309,0.23105134474327632,1.0,0.5,0.0,0.4199288256227757,0.0,0.29342387419585414,0.3333333333333333,1.0,1.0,0.012367778681855165,0.3974193548387097,0.6572580645161291,0.18662351672060412,0.3417651910915589,0.39146341463414636,0.0,0.5,0.0
Jangaon,Telangana,0.0,0.2525191326530612,0.0,0.0,0.0,0.0,0.0,0.0,0.0,0.5,0.6666666666666667,0.2393581991259055,0.2361248845877646,0.5020746887966809,0.5,0.0,0.35187969924812024,0.41968911917098445,0.5291828793774318,0.43999999999999995,0.7499999999999998,0.2276595744680851,0.22093023255813954,0.25,0.0,0.6666666666666666,0.3333333333333333,0.19754977029096477,0.0763239875389408,1.0,0.0,0.5,0.3333333333333333,0.20689655172413787,0.12698412698412698,0.20689655172413796,0.3333333333333333,0.0,0.6048484848484849,0.5057471264367817,0.46351084812623283,0.3683241252302026,1.0,0.5,0.3333333333333333,0.0,0.02952628163530175,0.7424242424242423,0.7424242424242425,0.36363636363636365,0.7317073170731707,0.25,0.75,0.25,0.6526122823098075,0.651908396946565,0.6532110091743121,0.6528117359413204,0.6526122823098075,0.6528117359413204,0.0,1.0,0.0,0.5266903914590747,0.3103448275862069,0.7405289492494638,0.3333333333333333,0.3333333333333333,0.0,0.007702739354488742,0.9690322580645161,0.7056451612903226,0.06688241639697952,0.007561176794061028,0.052439024390243894,0.0,0.0,0.0
Jangaon,Telangana,0.11111111111111427,0.07436224489795917,0.0,0.0,0.0,0.0,0.0,0.0,0.0,0.5,0.6666666666666667,0.07223253307789018,0.074889717197278,0.5518672199170127,0.0,0.0,0.35187969924812024,0.41968911917098445,0.5291828793774318,0.43999999999999995,0.7499999999999998,0.2276595744680851,0.22093023255813954,0.25,0.0,0.6666666666666666,0.3333333333333333,0.19754977029096477,0.0763239875389408,1.0,0.0,0.5,0.3333333333333333,0.20689655172413787,0.12698412698412698,0.20689655172413796,0.3333333333333333,0.0,0.6048484848484849,0.5057471264367817,0.46351084812623283,0.3683241252302026,1.0,0.5,0.3333333333333333,0.0,0.02952628163530175,0.7424242424242423,0.7424242424242425,0.36363636363636365,0.7317073170731707,0.25,0.75,0.25,0.6526122823098075,0.651908396946565,0.6532110091743121,0.6528117359413204,0.6526122823098075,0.6528117359413204,0.0,1.0,0.0,0.5266903914590747,0.3103448275862069,0.7405289492494638,0.3333333333333333,0.3333333333333333,0.0,0.007702739354488742,0.9690322580645161,0.7056451612903226,0.06688241639697952,0.007561176794061028,0.052439024390243894,0.0,0.0,0.0
Jangaon,Telangana,0.22222222222220012,0.3499362244897959,1.0,1.0,0.5,0.028169014084507043,0.8987341772151899,1.0,0.0,0.0,0.6666666666666667,0.3235945638508052,0.3387477345005643,0.7095435684647304,0.75,0.3333333333333333,0.35187969924812024,0.41968911917098445,0.5291828793774318,0.43999999999999995,0.7499999999999998,0.2276595744680851,0.22093023255813954,0.25,0.0,0.6666666666666666,0.3333333333333333,0.19754977029096477,0.0763239875389408,1.0,0.0,0.5,0.3333333333333333,0.20689655172413787,0.12698412698412698,0.20689655172413796,0.3333333333333333,0.0,0.6048484848484849,0.5057471264367817,0.46351084812623283,0.3683241252302026,1.0,0.5,0.3333333333333333,0.0,0.02952628163530175,0.7424242424242423,0.7424242424242425,0.36363636363636365,0.7317073170731707,0.25,0.75,0.25,0.6526122823098075,0.651908396946565,0.6532110091743121,0.6528117359413204,0.6526122823098075,0.6528117359413204,0.0,1.0,0.0,0.5266903914590747,0.3103448275862069,0.7405289492494638,0.3333333333333333,0.3333333333333333,0.0,0.007702739354488742,0.9690322580645161,0.7056451612903226,0.06688241639697952,0.007561176794061028,0.052439024390243894,0.0,0.0,0.0
Jangaon,Telangana,0.3333333333333144,0.2499362244897959,0.0,0.0,0.0,0.0,0.0,0.0,0.0,0.5,0.6666666666666667,0.21621864335748064,0.22210443524946138,0.6224066390041494,0.5,0.0,0.35187969924812024,0.41968911917098445,0.5291828793774318,0.43999999999999995,0.7499999999999998,0.2276595744680851,0.22093023255813954,0.25,0.0,0.6666666666666666,0.3333333333333333,0.19754977029096477,0.0763239875389408,1.0,0.0,0.5,0.3333333333333333,0.20689655172413787,0.12698412698412698,0.20689655172413796,0.3333333333333333,0.0,0.6048484848484849,0.5057471264367817,0.46351084812623283,0.3683241252302026,1.0,0.5,0.3333333333333333,0.0,0.02952628163530175,0.7424242424242423,0.7424242424242425,0.36363636363636365,0.7317073170731707,0.25,0.75,0.25,0.6526122823098075,0.651908396946565,0.6532110091743121,0.6528117359413204,0.6526122823098075,0.6528117359413204,0.0,1.0,0.0,0.5266903914590747,0.3103448275862069,0.7405289492494638,0.3333333333333333,0.3333333333333333,0.0,0.007702739354488742,0.9690322580645161,0.7056451612903226,0.06688241639697952,0.007561176794061028,0.052439024390243894,0.0,0.0,0.0
Jangaon,Telangana,0.44444444444442865,0.3616071428571428,1.0,1.0,0.4090909090909091,0.9014084507042254,0.46835443037974683,1.0,0.0,0.5,0.3333333333333333,0.39956893971142904,0.40467804260848755,0.6058091286307055,0.75,0.6666666666666666,0.35187969924812024,0.41968911917098445,0.5291828793774318,0.43999999999999995,0.7499999999999998,0.2276595744680851,0.22093023255813954,0.25,0.0,0.6666666666666666,0.3333333333333333,0.19754977029096477,0.0763239875389408,1.0,0.0,0.5,0.3333333333333333,0.20689655172413787,0.12698412698412698,0.20689655172413796,0.3333333333333333,0.0,0.6048484848484849,0.5057471264367817,0.46351084812623283,0.3683241252302026,1.0,0.5,0.3333333333333333,0.0,0.02952628163530175,0.7424242424242423,0.7424242424242425,0.36363636363636365,0.7317073170731707,0.25,0.75,0.25,0.6526122823098075,0.651908396946565,0.6532110091743121,0.6528117359413204,0.6526122823098075,0.6528117359413204,0.0,1.0,0.0,0.5266903914590747,0.3103448275862069,0.7405289492494638,0.3333333333333333,0.3333333333333333,0.0,0.007702739354488742,0.9690322580645161,0.7056451612903226,0.06688241639697952,0.007561176794061028,0.052439024390243894,0.0,0.0,0.0
Jangaon,Telangana,0.5555555555555429,0.16811224489795915,0.0,0.0,0.0,0.0,0.0,0.0,0.0,0.5,0.6666666666666667,0.11339280368796023,0.12242246007591562,0.7136929460580914,0.25,0.0,0.35187969924812024,0.41968911917098445,0.5291828793774318,0.43999999999999995,0.7499999999999998,0.2276595744680851,0.22093023255813954,0.25,0.0,0.6666666666666666,0.3333333333333333,0.19754977029096477,0.0763239875389408,1.0,0.0,0.5,0.3333333333333333,0.20689655172413787,0.12698412698412698,0.20689655172413796,0.3333333333333333,0.0,0.6048484848484849,0.5057471264367817,0.46351084812623283,0.3683241252302026,1.0,0.5,0.3333333333333333,0.0,0.02952628163530175,0.7424242424242423,0.7424242424242425,0.36363636363636365,0.7317073170731707,0.25,0.75,0.25,0.6526122823098075,0.651908396946565,0.6532110091743121,0.6528117359413204,0.6526122823098075,0.6528117359413204,0.0,1.0,0.0,0.5266903914590747,0.3103448275862069,0.7405289492494638,0.3333333333333333,0.3333333333333333,0.0,0.007702739354488742,0.9690322580645161,0.7056451612903226,0.06688241639697952,0.007561176794061028,0.052439024390243894,0.0,0.0,0.0
Jangaon,Telangana,0.6666666666666572,0.3775829081632653,1.0,1.0,0.8636363636363636,0.5774647887323944,0.08860759493670886,1.0,0.0,0.0,1.0,0.30425672034963774,0.30916800601853434,0.6058091286307055,0.75,0.3333333333333333,0.35187969924812024,0.41968911917098445,0.5291828793774318,0.43999999999999995,0.7499999999999998,0.2276595744680851,0.22093023255813954,0.25,0.0,0.6666666666666666,0.3333333333333333,0.19754977029096477,0.0763239875389408,1.0,0.0,0.5,0.3333333333333333,0.20689655172413787,0.12698412698412698,0.20689655172413796,0.3333333333333333,0.0,0.6048484848484849,0.5057471264367817,0.46351084812623283,0.3683241252302026,1.0,0.5,0.3333333333333333,0.0,0.02952628163530175,0.7424242424242423,0.7424242424242425,0.36363636363636365,0.7317073170731707,0.25,0.75,0.25,0.6526122823098075,0.651908396946565,0.6532110091743121,0.6528117359413204,0.6526122823098075,0.6528117359413204,0.0,1.0,0.0,0.5266903914590747,0.3103448275862069,0.7405289492494638,0.3333333333333333,0.3333333333333333,0.0,0.007702739354488742,0.9690322580645161,0.7056451612903226,0.06688241639697952,0.007561176794061028,0.052439024390243894,0.0,0.0,0.0
Jangaon,Telangana,0.7777777777777715,0.673405612244898,1.0,1.0,0.9318181818181819,0.23943661971830987,0.9493670886075949,1.0,1.0,1.0,1.0,0.5767826139016943,0.5723079027459563,0.5477178423236513,1.0,1.0,0.35187969924812024,0.41968911917098445,0.5291828793774318,0.43999999999999995,0.7499999999999998,0.2276595744680851,0.22093023255813954,0.25,0.0,0.6666666666666666,0.3333333333333333,0.19754977029096477,0.0763239875389408,1.0,0.0,0.5,0.3333333333333333,0.20689655172413787,0.12698412698412698,0.20689655172413796,0.3333333333333333,0.0,0.6048484848484849,0.5057471264367817,0.46351084812623283,0.3683241252302026,1.0,0.5,0.3333333333333333,0.0,0.02952628163530175,0.7424242424242423,0.7424242424242425,0.36363636363636365,0.7317073170731707,0.25,0.75,0.25,0.6526122823098075,0.651908396946565,0.6532110091743121,0.6528117359413204,0.6526122823098075,0.6528117359413204,0.0,1.0,0.0,0.5266903914590747,0.3103448275862069,0.7405289492494638,0.3333333333333333,0.3333333333333333,0.0,0.007702739354488742,0.9690322580645161,0.7056451612903226,0.06688241639697952,0.007561176794061028,0.052439024390243894,0.0,0.0,0.0
Jangaon,Telangana,0.8888888888888857,0.246109693877551,0.0,0.0,0.0,0.0,0.0,0.0,0.0,0.5,0.6666666666666667,0.22313356881997243,0.22412201210546118,0.5560165975103737,0.5,0.0,0.35187969924812024,0.41968911917098445,0.5291828793774318,0.43999999999999995,0.7499999999999998,0.2276595744680851,0.22093023255813954,0.25,0.0,0.6666666666666666,0.3333333333333333,0.19754977029096477,0.0763239875389408,1.0,0.0,0.5,0.3333333333333333,0.20689655172413787,0.12698412698412698,0.20689655172413796,0.3333333333333333,0.0,0.6048484848484849,0.5057471264367817,0.46351084812623283,0.3683241252302026,1.0,0.5,0.3333333333333333,0.0,0.02952628163530175,0.7424242424242423,0.7424242424242425,0.36363636363636365,0.7317073170731707,0.25,0.75,0.25,0.6526122823098075,0.651908396946565,0.6532110091743121,0.6528117359413204,0.6526122823098075,0.6528117359413204,0.0,1.0,0.0,0.5266903914590747,0.3103448275862069,0.7405289492494638,0.3333333333333333,0.3333333333333333,0.0,0.007702739354488742,0.9690322580645161,0.7056451612903226,0.06688241639697952,0.007561176794061028,0.052439024390243894,0.0,0.0,0.0
Jangaon,Telangana,1.0,0.0689094387755102,0.0,0.0,0.0,0.0,0.0,0.0,0.0,0.5,0.6666666666666667,0.08935520565167931,0.0922271996717163,0.5643153526970957,0.0,0.0,0.35187969924812024,0.41968911917098445,0.5291828793774318,0.43999999999999995,0.7499999999999998,0.2276595744680851,0.22093023255813954,0.25,0.0,0.6666666666666666,0.3333333333333333,0.19754977029096477,0.0763239875389408,1.0,0.0,0.5,0.3333333333333333,0.20689655172413787,0.12698412698412698,0.20689655172413796,0.3333333333333333,0.0,0.6048484848484849,0.5057471264367817,0.46351084812623283,0.3683241252302026,1.0,0.5,0.3333333333333333,0.0,0.02952628163530175,0.7424242424242423,0.7424242424242425,0.36363636363636365,0.7317073170731707,0.25,0.75,0.25,0.6526122823098075,0.651908396946565,0.6532110091743121,0.6528117359413204,0.6526122823098075,0.6528117359413204,0.0,1.0,0.0,0.5266903914590747,0.3103448275862069,0.7405289492494638,0.3333333333333333,0.3333333333333333,0.0,0.007702739354488742,0.9690322580645161,0.7056451612903226,0.06688241639697952,0.007561176794061028,0.052439024390243894,0.0,0.0,0.0
Warangal,Telangana,0.0,0.08475765306122449,0.0,0.0,0.0,0.0,0.0,0.0,0.0,0.5,0.6666666666666667,0.058282943183859175,0.05129432684745068,0.19917012448132843,0.0,0.0,0.7894736842105263,0.17616580310880825,0.3929961089494163,0.7200000000000001,0.7499999999999998,0.10851063829787233,0.5930232558139535,0.375,1.0,1.0,0.0,0.45482388973966315,0.4252336448598131,0.06348074179743224,0.0,0.75,0.0,0.564655172413793,0.2751322751322752,0.5651340996168583,0.6666666666666666,0.3333333333333333,0.42666666666666664,0.8931034482758622,0.7357001972386588,0.5303867403314917,0.20833333333333331,0.5,0.3333333333333333,0.0,0.20214146658014276,0.3484848484848485,0.3484848484848485,0.5636363636363637,0.46341463414634143,0.5,0.5,0.5,0.3666361136571953,0.36641221374045796,0.3669724770642202,0.3667481662591687,0.3666361136571953,0.3667481662591687,0.5,0.5,0.0,0.587188612099644,0.05172413793103448,0.3155825589706933,0.3333333333333333,0.0,0.0,0.028749660970979113,0.8516129032258064,0.5000000000000001,0.5533980582524273,0.362386582348089,0.35609756097560974,0.0,0.5,0.0
Warangal,Telangana,0.11111111111111427,0.41170280612244897,1.0,1.0,0.2272727272727273,0.5633802816901409,0.3924050632911392,1.0,0.0,0.0,0.3333333333333333,0.39720409507274135,0.38631467359710014,0.4730290456431536,0.75,0.6666666666666666,0.7894736842105263,0.17616580310880825,0.3929961089494163,0.7200000000000001,0.7499999999999998,0.10851063829787233,0.5930232558139535,0.375,1.0,1.0,0.0,0.45482388973966315,0.4252336448598131,0.06348074179743224,0.0,0.75,0.0,0.564655172413793,0.2751322751322752,0.5651340996168583,0.6666666666666666,0.3333333333333333,0.42666666666666664,0.8931034482758622,0.7357001972386588,0.5303867403314917,0.20833333333333331,0.5,0.3333333333333333,0.0,0.20214146658014276,0.3484848484848485,0.3484848484848485,0.5636363636363637,0.46341463414634143,0.5,0.5,0.5,0.3666361136571953,0.36641221374045796,0.3669724770642202,0.3667481662591687,0.3666361136571953,0.3667481662591687,0.5,0.5,0.0,0.587188612099644,0.05172413793103448,0.3155825589706933,0.3333333333333333,0.0,0.0,0.028749660970979113,0.8516129032258064,0.5000000000000001,0.5533980582524273,0.362386582348089,0.35609756097560974,0.0,0.5,0.0
Warangal,Telangana,0.22222222222220012,0.23753188775510203,0.0,0.0,0.0,0.0,0.0,0.0,0.0,0.5,0.6666666666666667,0.27300484942824643,0.2841705707348767,0.6804979253112036,0.5,0.0,0.7894736842105263,0.17616580310880825,0.3929961089494163,0.7200000000000001,0.7499999999999998,0.10851063829787233,0.5930232558139535,0.375,1.0,1.0,0.0,0.45482388973966315,0.4252336448598131,0.06348074179743224,0.0,0.75,0.0,0.564655172413793,0.2751322751322752,0.5651340996168583,0.6666666666666666,0.3333333333333333,0.42666666666666664,0.8931034482758622,0.7357001972386588,0.5303867403314917,0.20833333333333331,0.5,0.3333333333333333,0.0,0.20214146658014276,0.3484848484848485,0.3484848484848485,0.5636363636363637,0.46341463414634143,0.5,0.5,0.5,0.3666361136571953,0.36641221374045796,0.3669724770642202,0.3667481662591687,0.3666361136571953,0.3667481662591687,0.5,0.5,0.0,0.587188612099644,0.05172413793103448,0.3155825589706933,0.3333333333333333,0.0,0.0,0.028749660970979113,0.8516129032258064,0.5000000000000001,0.5533980582524273,0.362386582348089,0.35609756097560974,0.0,0.5,0.0
Warangal,Telangana,0.3333333333333144,0.4615752551020407,1.0,1.0,0.9318181818181819,0.4225352112676056,0.4050632911392405,1.0,0.0,0.5,1.0,0.4494701550619649,0.43658311390760185,0.4730290456431536,1.0,0.6666666666666666,0.7894736842105263,0.17616580310880825,0.3929961089494163,0.7200000000000001,0.7499999999999998,0.10851063829787233,0.5930232558139535,0.375,1.0,1.0,0.0,0.45482388973966315,0.4252336448598131,0.06348074179743224,0.0,0.75,0.0,0.564655172413793,0.2751322751322752,0.5651340996168583,0.6666666666666666,0.3333333333333333,0.42666666666666664,0.8931034482758622,0.7357001972386588,0.5303867403314917,0.20833333333333331,0.5,0.3333333333333333,0.0,0.20214146658014276,0.3484848484848485,0.3484848484848485,0.5636363636363637,0.46341463414634143,0.5,0.5,0.5,0.3666361136571953,0.36641221374045796,0.3669724770642202,0.3667481662591687,0.3666361136571953,0.3667481662591687,0.5,0.5,0.0,0.587188612099644,0.05172413793103448,0.3155825589706933,0.3333333333333333,0.0,0.0,0.028749660970979113,0.8516129032258064,0.5000000000000001,0.5533980582524273,0.362386582348089,0.35609756097560974,0.0,0.5,0.0
Warangal,Telangana,0.44444444444442865,0.14984056122448977,0.0,0.0,0.0,0.0,0.0,0.0,0.0,0.5,0.6666666666666667,0.11168652337903368,0.11756659713435696,0.6390041493775933,0.25,0.0,0.7894736842105263,0.17616580310880825,0.3929961089494163,0.7200000000000001,0.7499999999999998,0.10851063829787233,0.5930232558139535,0.375,1.0,1.0,0.0,0.45482388973966315,0.4252336448598131,0.06348074179743224,0.0,0.75,0.0,0.564655172413793,0.2751322751322752,0.5651340996168583,0.6666666666666666,0.3333333333333333,0.42666666666666664,0.8931034482758622,0.7357001972386588,0.5303867403314917,0.20833333333333331,0.5,0.3333333333333333,0.0,0.20214146658014276,0.3484848484848485,0.3484848484848485,0.5636363636363637,0.46341463414634143,0.5,0.5,0.5,0.3666361136571953,0.36641221374045796,0.3669724770642202,0.3667481662591687,0.3666361136571953,0.3667481662591687,0.5,0.5,0.0,0.587188612099644,0.05172413793103448,0.3155825589706933,0.3333333333333333,0.0,0.0,0.028749660970979113,0.8516129032258064,0.5000000000000001,0.5533980582524273,0.362386582348089,0.35609756097560974,0.0,0.5,0.0
Warangal,Telangana,0.5555555555555429,0.34343112244897955,1.0,1.0,0.8636363636363636,0.647887323943662,0.17721518987341772,1.0,0.0,0.0,1.0,0.3762797102316949,0.382313716102999,0.6141078838174279,0.75,0.6666666666666666,0.7894736842105263,0.17616580310880825,0.3929961089494163,0.7200000000000001,0.7499999999999998,0.10851063829787233,0.5930232558139535,0.375,1.0,1.0,0.0,0.45482388973966315,0.4252336448598131,0.06348074179743224,0.0,0.75,0.0,0.564655172413793,0.2751322751322752,0.5651340996168583,0.6666666666666666,0.3333333333333333,0.42666666666666664,0.8931034482758622,0.7357001972386588,0.5303867403314917,0.20833333333333331,0.5,0.3333333333333333,0.0,0.20214146658014276,0.3484848484848485,0.3484848484848485,0.5636363636363637,0.46341463414634143,0.5,0.5,0.5,0.3666361136571953,0.36641221374045796,0.3669724770642202,0.3667481662591687,0.3666361136571953,0.3667481662591687,0.5,0.5,0.0,0.587188612099644,0.05172413793103448,0.3155825589706933,0.3333333333333333,0.0,0.0,0.028749660970979113,0.8516129032258064,0.5000000000000001,0.5533980582524273,0.362386582348089,0.35609756097560974,0.0,0.5,0.0
Warangal,Telangana,0.6666666666666572,0.5732142857142858,1.0,1.0,0.9090909090909092,0.8591549295774648,0.8354430379746836,1.0,1.0,1.0,1.0,0.5492725857630365,0.5505591081626373,0.5809128630705391,1.0,1.0,0.7894736842105263,0.17616580310880825,0.3929961089494163,0.7200000000000001,0.7499999999999998,0.10851063829787233,0.5930232558139535,0.375,1.0,1.0,0.0,0.45482388973966315,0.4252336448598131,0.06348074179743224,0.0,0.75,0.0,0.564655172413793,0.2751322751322752,0.5651340996168583,0.6666666666666666,0.3333333333333333,0.42666666666666664,0.8931034482758622,0.7357001972386588,0.5303867403314917,0.20833333333333331,0.5,0.3333333333333333,0.0,0.20214146658014276,0.3484848484848485,0.3484848484848485,0.5636363636363637,0.46341463414634143,0.5,0.5,0.5,0.3666361136571953,0.36641221374045796,0.3669724770642202,0.3667481662591687,0.3666361136571953,0.3667481662591687,0.5,0.5,0.0,0.587188612099644,0.05172413793103448,0.3155825589706933,0.3333333333333333,0.0,0.0,0.028749660970979113,0.8516129032258064,0.5000000000000001,0.5533980582524273,0.362386582348089,0.35609756097560974,0.0,0.5,0.0
Warangal,Telangana,0.7777777777777715,0.28679846938775505,0.0,0.0,0.0,0.0,0.0,0.0,0.0,0.5,0.6666666666666667,0.24169310902233132,0.24125431727250968,0.5394190871369293,0.5,0.0,0.7894736842105263,0.17616580310880825,0.3929961089494163,0.7200000000000001,0.7499999999999998,0.10851063829787233,0.5930232558139535,0.375,1.0,1.0,0.0,0.45482388973966315,0.4252336448598131,0.06348074179743224,0.0,0.75,0.0,0.564655172413793,0.2751322751322752,0.5651340996168583,0.6666666666666666,0.3333333333333333,0.42666666666666664,0.8931034482758622,0.7357001972386588,0.5303867403314917,0.20833333333333331,0.5,0.3333333333333333,0.0,0.20214146658014276,0.3484848484848485,0.3484848484848485,0.5636363636363637,0.46341463414634143,0.5,0.5,0.5,0.3666361136571953,0.36641221374045796,0.3669724770642202,0.3667481662591687,0.3666361136571953,0.3667481662591687,0.5,0.5,0.0,0.587188612099644,0.05172413793103448,0.3155825589706933,0.3333333333333333,0.0,0.0,0.028749660970979113,0.8516129032258064,0.5000000000000001,0.5533980582524273,0.362386582348089,0.35609756097560974,0.0,0.5,0.0
Warangal,Telangana,0.8888888888888857,0.08463010204081634,0.0,0.0,0.0,0.0,0.0,0.0,0.0,0.5,0.6666666666666667,0.08016523977728551,0.07728345245015902,0.39004149377593356,0.0,0.0,0.7894736842105263,0.17616580310880825,0.3929961089494163,0.7200000000000001,0.7499999999999998,0.10851063829787233,0.5930232558139535,0.375,1.0,1.0,0.0,0.45482388973966315,0.4252336448598131,0.06348074179743224,0.0,0.75,0.0,0.564655172413793,0.2751322751322752,0.5651340996168583,0.6666666666666666,0.3333333333333333,0.42666666666666664,0.8931034482758622,0.7357001972386588,0.5303867403314917,0.20833333333333331,0.5,0.3333333333333333,0.0,0.20214146658014276,0.3484848484848485,0.3484848484848485,0.5636363636363637,0.46341463414634143,0.5,0.5,0.5,0.3666361136571953,0.36641221374045796,0.3669724770642202,0.3667481662591687,0.3666361136571953,0.3667481662591687,0.5,0.5,0.0,0.587188612099644,0.05172413793103448,0.3155825589706933,0.3333333333333333,0.0,0.0,0.028749660970979113,0.8516129032258064,0.5000000000000001,0.5533980582524273,0.362386582348089,0.35609756097560974,0.0,0.5,0.0
Warangal,Telangana,1.0,0.40315688775510206,1.0,1.0,0.9318181818181819,0.11267605633802817,0.8987341772151899,1.0,0.0,0.0,1.0,0.3454169909597078,0.35895769927845983,0.6887966804979255,0.75,0.3333333333333333,0.7894736842105263,0.17616580310880825,0.3929961089494163,0.7200000000000001,0.7499999999999998,0.10851063829787233,0.5930232558139535,0.375,1.0,1.0,0.0,0.45482388973966315,0.4252336448598131,0.06348074179743224,0.0,0.75,0.0,0.564655172413793,0.2751322751322752,0.5651340996168583,0.6666666666666666,0.3333333333333333,0.42666666666666664,0.8931034482758622,0.7357001972386588,0.5303867403314917,0.20833333333333331,0.5,0.3333333333333333,0.0,0.20214146658014276,0.3484848484848485,0.3484848484848485,0.5636363636363637,0.46341463414634143,0.5,0.5,0.5,0.3666361136571953,0.36641221374045796,0.3669724770642202,0.3667481662591687,0.3666361136571953,0.3667481662591687,0.5,0.5,0.0,0.587188612099644,0.05172413793103448,0.3155825589706933,0.3333333333333333,0.0,0.0,0.028749660970979113,0.8516129032258064,0.5000000000000001,0.5533980582524273,0.362386582348089,0.35609756097560974,0.0,0.5,0.0
Hanamkonda,Telangana,0.0,0.4166135204081632,1.0,1.0,0.1590909090909091,0.056338028169014086,0.06329113924050633,1.0,0.0,0.0,0.3333333333333333,0.404148955277495,0.4142871798379099,0.6473029045643157,0.75,0.6666666666666666,0.8421052631578946,0.0,0.1245136186770428,0.84,0.4285714285714286,0.0,0.7441860465116279,0.375,1.0,1.0,0.0,0.34915773353751917,0.338006230529595,0.37589158345221113,0.0,0.75,0.0,0.08908045977011492,0.23809523809523808,0.09003831417624522,0.0,0.0,0.8218181818181819,0.9413793103448276,0.767258382642998,1.0,0.7916666666666666,0.75,0.0,0.75,0.47306943543153795,0.24242424242424243,0.24242424242424243,0.7000000000000001,0.14634146341463405,0.75,0.25,0.75,0.7470210815765352,0.7465648854961832,0.7486238532110091,0.7469437652811737,0.7470210815765352,0.7469437652811737,0.0,1.0,0.0,0.02846975088967972,0.8103448275862069,0.9999999999999999,0.6666666666666666,0.0,1.0,0.028261459180905883,0.6335483870967742,0.5806451612903226,0.4735706580366775,0.46906791311520474,0.5573170731707318,0.0,0.5,0.3333333333333333
Hanamkonda,Telangana,0.11111111111111427,0.25876913265306123,0.0,0.0,0.0,0.0,0.0,0.0,0.0,0.5,0.6666666666666667,0.2682751601508711,0.26905584242382796,0.5601659751037342,0.5,0.0,0.8421052631578946,0.0,0.1245136186770428,0.84,0.4285714285714286,0.0,0.7441860465116279,0.375,1.0,1.0,0.0,0.34915773353751917,0.338006230529595,0.37589158345221113,0.0,0.75,0.0,0.08908045977011492,0.23809523809523808,0.09003831417624522,0.0,0.0,0.8218181818181819,0.9413793103448276,0.767258382642998,1.0,0.7916666666666666,0.75,0.0,0.75,0.47306943543153795,0.24242424242424243,0.24242424242424243,0.7000000000000001,0.14634146341463405,0.75,0.25,0.75,0.7470210815765352,0.7465648854961832,0.7486238532110091,0.7469437652811737,0.7470210815765352,0.7469437652811737,0.0,1.0,0.0,0.02846975088967972,0.8103448275862069,0.9999999999999999,0.6666666666666666,0.0,1.0,0.028261459180905883,0.6335483870967742,0.5806451612903226,0.4735706580366775,0.46906791311520474,0.5573170731707318,0.0,0.5,0.3333333333333333
Hanamkonda,Telangana,0.22222222222220012,0.4738520408163264,1.0,1.0,0.9318181818181819,0.8450704225352113,0.16455696202531644,0.0,0.0,0.5,1.0,0.38026103095252345,0.3830660328967616,0.5892116182572615,0.75,0.6666666666666666,0.8421052631578946,0.0,0.1245136186770428,0.84,0.4285714285714286,0.0,0.7441860465116279,0.375,1.0,1.0,0.0,0.34915773353751917,0.338006230529595,0.37589158345221113,0.0,0.75,0.0,0.08908045977011492,0.23809523809523808,0.09003831417624522,0.0,0.0,0.8218181818181819,0.9413793103448276,0.767258382642998,1.0,0.7916666666666666,0.75,0.0,0.75,0.47306943543153795,0.24242424242424243,0.24242424242424243,0.7000000000000001,0.14634146341463405,0.75,0.25,0.75,0.7470210815765352,0.7465648854961832,0.7486238532110091,0.7469437652811737,0.7470210815765352,0.7469437652811737,0.0,1.0,0.0,0.02846975088967972,0.8103448275862069,0.9999999999999999,0.6666666666666666,0.0,1.0,0.028261459180905883,0.6335483870967742,0.5806451612903226,0.4735706580366775,0.46906791311520474,0.5573170731707318,0.0,0.5,0.3333333333333333
Hanamkonda,Telangana,0.3333333333333144,0.1244579081632653,0.0,0.0,0.0,0.0,0.0,0.0,0.0,0.5,0.6666666666666667,0.14422558821768544,0.1373320110795746,0.385892116182573,0.25,0.0,0.8421052631578946,0.0,0.1245136186770428,0.84,0.4285714285714286,0.0,0.7441860465116279,0.375,1.0,1.0,0.0,0.34915773353751917,0.338006230529595,0.37589158345221113,0.0,0.75,0.0,0.08908045977011492,0.23809523809523808,0.09003831417624522,0.0,0.0,0.8218181818181819,0.9413793103448276,0.767258382642998,1.0,0.7916666666666666,0.75,0.0,0.75,0.47306943543153795,0.24242424242424243,0.24242424242424243,0.7000000000000001,0.14634146341463405,0.75,0.25,0.75,0.7470210815765352,0.7465648854961832,0.7486238532110091,0.7469437652811737,0.7470210815765352,0.7469437652811737,0.0,1.0,0.0,0.02846975088967972,0.8103448275862069,0.9999999999999999,0.6666666666666666,0.0,1.0,0.028261459180905883,0.6335483870967742,0.5806451612903226,0.4735706580366775,0.46906791311520474,0.5573170731707318,0.0,0.5,0.3333333333333333
Hanamkonda,Telangana,0.44444444444442865,0.3325255102040816,1.0,1.0,0.29545454545454547,0.35211267605633806,0.5569620253164557,1.0,0.0,0.0,0.3333333333333333,0.3245824103454469,0.335533290018124,0.6680497925311206,0.75,0.3333333333333333,0.8421052631578946,0.0,0.1245136186770428,0.84,0.4285714285714286,0.0,0.7441860465116279,0.375,1.0,1.0,0.0,0.34915773353751917,0.338006230529595,0.37589158345221113,0.0,0.75,0.0,0.08908045977011492,0.23809523809523808,0.09003831417624522,0.0,0.0,0.8218181818181819,0.9413793103448276,0.767258382642998,1.0,0.7916666666666666,0.75,0.0,0.75,0.47306943543153795,0.24242424242424243,0.24242424242424243,0.7000000000000001,0.14634146341463405,0.75,0.25,0.75,0.7470210815765352,0.7465648854961832,0.7486238532110091,0.7469437652811737,0.7470210815765352,0.7469437652811737,0.0,1.0,0.0,0.02846975088967972,0.8103448275862069,0.9999999999999999,0.6666666666666666,0.0,1.0,0.028261459180905883,0.6335483870967742,0.5806451612903226,0.4735706580366775,0.46906791311520474,0.5573170731707318,0.0,0.5,0.3333333333333333
Hanamkonda,Telangana,0.5555555555555429,0.6028061224489796,1.0,1.0,0.8181818181818182,0.6338028169014085,0.08860759493670886,1.0,1.0,1.0,1.0,0.6499431239897024,0.6479841329548952,0.5684647302904566,1.0,1.0,0.8421052631578946,0.0,0.1245136186770428,0.84,0.4285714285714286,0.0,0.7441860465116279,0.375,1.0,1.0,0.0,0.34915773353751917,0.338006230529595,0.37589158345221113,0.0,0.75,0.0,0.08908045977011492,0.23809523809523808,0.09003831417624522,0.0,0.0,0.8218181818181819,0.9413793103448276,0.767258382642998,1.0,0.7916666666666666,0.75,0.0,0.75,0.47306943543153795,0.24242424242424243,0.24242424242424243,0.7000000000000001,0.14634146341463405,0.75,0.25,0.75,0.7470210815765352,0.7465648854961832,0.7486238532110091,0.7469437652811737,0.7470210815765352,0.7469437652811737,0.0,1.0,0.0,0.02846975088967972,0.8103448275862069,0.9999999999999999,0.6666666666666666,0.0,1.0,0.028261459180905883,0.6335483870967742,0.5806451612903226,0.4735706580366775,0.46906791311520474,0.5573170731707318,0.0,0.5,0.3333333333333333
Hanamkonda,Telangana,0.6666666666666572,0.2733737244897959,0.0,0.0,0.0,0.0,0.0,0.0,0.0,0.5,0.6666666666666667,0.20343650841166255,0.2055876620045823,0.5684647302904566,0.5,0.0,0.8421052631578946,0.0,0.1245136186770428,0.84,0.4285714285714286,0.0,0.7441860465116279,0.375,1.0,1.0,0.0,0.34915773353751917,0.338006230529595,0.37589158345221113,0.0,0.75,0.0,0.08908045977011492,0.23809523809523808,0.09003831417624522,0.0,0.0,0.8218181818181819,0.9413793103448276,0.767258382642998,1.0,0.7916666666666666,0.75,0.0,0.75,0.47306943543153795,0.24242424242424243,0.24242424242424243,0.7000000000000001,0.14634146341463405,0.75,0.25,0.75,0.7470210815765352,0.7465648854961832,0.7486238532110091,0.7469437652811737,0.7470210815765352,0.7469437652811737,0.0,1.0,0.0,0.02846975088967972,0.8103448275862069,0.9999999999999999,0.6666666666666666,0.0,1.0,0.028261459180905883,0.6335483870967742,0.5806451612903226,0.4735706580366775,0.46906791311520474,0.5573170731707318,0.0,0.5,0.3333333333333333
Hanamkonda,Telangana,0.7777777777777715,0.02914540816326531,0.0,0.0,0.0,0.0,0.0,0.0,0.0,0.5,0.6666666666666667,0.05957013710111956,0.05515849946995863,0.294605809128631,0.0,0.0,0.8421052631578946,0.0,0.1245136186770428,0.84,0.4285714285714286,0.0,0.7441860465116279,0.375,1.0,1.0,0.0,0.34915773353751917,0.338006230529595,0.37589158345221113,0.0,0.75,0.0,0.08908045977011492,0.23809523809523808,0.09003831417624522,0.0,0.0,0.8218181818181819,0.9413793103448276,0.767258382642998,1.0,0.7916666666666666,0.75,0.0,0.75,0.47306943543153795,0.24242424242424243,0.24242424242424243,0.7000000000000001,0.14634146341463405,0.75,0.25,0.75,0.7470210815765352,0.7465648854961832,0.7486238532110091,0.7469437652811737,0.7470210815765352,0.7469437652811737,0.0,1.0,0.0,0.02846975088967972,0.8103448275862069,0.9999999999999999,0.6666666666666666,0.0,1.0,0.028261459180905883,0.6335483870967742,0.5806451612903226,0.4735706580366775,0.46906791311520474,0.5573170731707318,0.0,0.5,0.3333333333333333
Hanamkonda,Telangana,0.8888888888888857,0.35599489795918365,1.0,1.0,0.13636363636363635,0.2535211267605634,0.26582278481012656,1.0,0.0,0.0,0.0,0.3473926839489912,0.3569743186403584,0.6514522821576763,0.75,0.6666666666666666,0.8421052631578946,0.0,0.1245136186770428,0.84,0.4285714285714286,0.0,0.7441860465116279,0.375,1.0,1.0,0.0,0.34915773353751917,0.338006230529595,0.37589158345221113,0.0,0.75,0.0,0.08908045977011492,0.23809523809523808,0.09003831417624522,0.0,0.0,0.8218181818181819,0.9413793103448276,0.767258382642998,1.0,0.7916666666666666,0.75,0.0,0.75,0.47306943543153795,0.24242424242424243,0.24242424242424243,0.7000000000000001,0.14634146341463405,0.75,0.25,0.75,0.7470210815765352,0.7465648854961832,0.7486238532110091,0.7469437652811737,0.7470210815765352,0.7469437652811737,0.0,1.0,0.0,0.02846975088967972,0.8103448275862069,0.9999999999999999,0.6666666666666666,0.0,1.0,0.028261459180905883,0.6335483870967742,0.5806451612903226,0.4735706580366775,0.46906791311520474,0.5573170731707318,0.0,0.5,0.3333333333333333
Hanamkonda,Telangana,1.0,0.26444515306122446,0.0,0.0,0.0,0.0,0.0,0.0,0.0,0.5,0.6666666666666667,0.24911692510327482,0.24809356085216971,0.5352697095435688,0.5,0.0,0.8421052631578946,0.0,0.1245136186770428,0.84,0.4285714285714286,0.0,0.7441860465116279,0.375,1.0,1.0,0.0,0.34915773353751917,0.338006230529595,0.37589158345221113,0.0,0.75,0.0,0.08908045977011492,0.23809523809523808,0.09003831417624522,0.0,0.0,0.8218181818181819,0.9413793103448276,0.767258382642998,1.0,0.7916666666666666,0.75,0.0,0.75,0.47306943543153795,0.24242424242424243,0.24242424242424243,0.7000000000000001,0.14634146341463405,0.75,0.25,0.75,0.7470210815765352,0.7465648854961832,0.7486238532110091,0.7469437652811737,0.7470210815765352,0.7469437652811737,0.0,1.0,0.0,0.02846975088967972,0.8103448275862069,0.9999999999999999,0.6666666666666666,0.0,1.0,0.028261459180905883,0.6335483870967742,0.5806451612903226,0.4735706580366775,0.46906791311520474,0.5573170731707318,0.0,0.5,0.3333333333333333
Mahabubabad,Telangana,0.0,0.27949617346938777,0.0,0.0,0.0,0.0,0.0,0.0,0.0,0.5,0.6666666666666667,0.28186553313775964,0.2748350032486407,0.4730290456431536,0.5,0.0,0.2661654135338346,0.5544041450777202,0.7743190661478596,0.68,0.3214285714285714,0.05106382978723404,0.8372093023255814,0.625,0.6666666666666666,0.3333333333333333,1.0,0.13169984686064318,0.04205607476635514,0.9251069900142654,0.0946372239747634,0.5,0.3333333333333333,0.09913793103448273,0.07407407407407408,0.0996168582375479,0.0,0.0,0.5042424242424243,0.6770114942528735,0.8599605522682446,0.4143646408839779,0.41666666666666663,0.5,0.3333333333333333,0.0,0.19759896171317326,0.36363636363636365,0.36363636363636365,0.7636363636363637,0.024390243902439046,0.5,0.5,0.5,0.5884509624197984,0.5877862595419846,0.5889908256880735,0.5892420537897312,0.5884509624197984,0.588630806845966,0.5,0.5,0.0,0.6263345195729537,0.20689655172413793,0.1165117941386705,0.0,1.0,1.0,0.025006780580417682,0.24387096774193545,0.435483870967742,0.38187702265372164,0.7716524608193565,0.8341463414634146,0.23901345291479828,0.75,0.6666666666666666
Mahabubabad,Telangana,0.11111111111111427,0.41077806122448973,1.0,1.0,0.7954545454545455,0.8591549295774648,0.6708860759493671,0.0,0.0,0.5,1.0,0.5123630485541519,0.5095920391204734,0.5518672199170127,1.0,0.6666666666666666,0.2661654135338346,0.5544041450777202,0.7743190661478596,0.68,0.3214285714285714,0.05106382978723404,0.8372093023255814,0.625,0.6666666666666666,0.3333333333333333,1.0,0.13169984686064318,0.04205607476635514,0.9251069900142654,0.0946372239747634,0.5,0.3333333333333333,0.09913793103448273,0.07407407407407408,0.0996168582375479,0.0,0.0,0.5042424242424243,0.6770114942528735,0.8599605522682446,0.4143646408839779,0.41666666666666663,0.5,0.3333333333333333,0.0,0.19759896171317326,0.36363636363636365,0.36363636363636365,0.7636363636363637,0.024390243902439046,0.5,0.5,0.5,0.5884509624197984,0.5877862595419846,0.5889908256880735,0.5892420537897312,0.5884509624197984,0.588630806845966,0.5,0.5,0.0,0.6263345195729537,0.20689655172413793,0.1165117941386705,0.0,1.0,1.0,0.025006780580417682,0.24387096774193545,0.435483870967742,0.38187702265372164,0.7716524608193565,0.8341463414634146,0.23901345291479828,0.75,0.6666666666666666
Mahabubabad,Telangana,0.22222222222220012,0.15082908163265304,0.0,0.0,0.0,0.0,0.0,0.0,0.0,0.5,0.6666666666666667,0.16059989223492785,0.1547378859898095,0.41908713692946087,0.25,0.0,0.2661654135338346,0.5544041450777202,0.7743190661478596,0.68,0.3214285714285714,0.05106382978723404,0.8372093023255814,0.625,0.6666666666666666,0.3333333333333333,1.0,0.13169984686064318,0.04205607476635514,0.9251069900142654,0.0946372239747634,0.5,0.3333333333333333,0.09913793103448273,0.07407407407407408,0.0996168582375479,0.0,0.0,0.5042424242424243,0.6770114942528735,0.8599605522682446,0.4143646408839779,0.41666666666666663,0.5,0.3333333333333333,0.0,0.19759896171317326,0.36363636363636365,0.36363636363636365,0.7636363636363637,0.024390243902439046,0.5,0.5,0.5,0.5884509624197984,0.5877862595419846,0.5889908256880735,0.5892420537897312,0.5884509624197984,0.588630806845966,0.5,0.5,0.0,0.6263345195729537,0.20689655172413793,0.1165117941386705,0.0,1.0,1.0,0.025006780580417682,0.24387096774193545,0.435483870967742,0.38187702265372164,0.7716524608193565,0.8341463414634146,0.23901345291479828,0.75,0.6666666666666666
Mahabubabad,Telangana,0.3333333333333144,0.37662627551020406,1.0,1.0,0.6818181818181819,0.4366197183098592,0.7215189873417721,1.0,0.0,0.0,0.6666666666666667,0.3553253906483865,0.36018876312279857,0.6058091286307055,0.75,0.3333333333333333,0.2661654135338346,0.5544041450777202,0.7743190661478596,0.68,0.3214285714285714,0.05106382978723404,0.8372093023255814,0.625,0.6666666666666666,0.3333333333333333,1.0,0.13169984686064318,0.04205607476635514,0.9251069900142654,0.0946372239747634,0.5,0.3333333333333333,0.09913793103448273,0.07407407407407408,0.0996168582375479,0.0,0.0,0.5042424242424243,0.6770114942528735,0.8599605522682446,0.4143646408839779,0.41666666666666663,0.5,0.3333333333333333,0.0,0.19759896171317326,0.36363636363636365,0.36363636363636365,0.7636363636363637,0.024390243902439046,0.5,0.5,0.5,0.5884509624197984,0.5877862595419846,0.5889908256880735,0.5892420537897312,0.5884509624197984,0.588630806845966,0.5,0.5,0.0,0.6263345195729537,0.20689655172413793,0.1165117941386705,0.0,1.0,1.0,0.025006780580417682,0.24387096774193545,0.435483870967742,0.38187702265372164,0.7716524608193565,0.8341463414634146,0.23901345291479828,0.75,0.6666666666666666
Mahabubabad,Telangana,0.44444444444442865,0.6642538265306122,1.0,1.0,0.09090909090909091,0.28169014084507044,0.7468354430379747,0.0,1.0,1.0,0.0,0.7251092618092557,0.7246862497007831,0.5767634854771786,1.0,1.0,0.2661654135338346,0.5544041450777202,0.7743190661478596,0.68,0.3214285714285714,0.05106382978723404,0.8372093023255814,0.625,0.6666666666666666,0.3333333333333333,1.0,0.13169984686064318,0.04205607476635514,0.9251069900142654,0.0946372239747634,0.5,0.3333333333333333,0.09913793103448273,0.07407407407407408,0.0996168582375479,0.0,0.0,0.5042424242424243,0.6770114942528735,0.8599605522682446,0.4143646408839779,0.41666666666666663,0.5,0.3333333333333333,0.0,0.19759896171317326,0.36363636363636365,0.36363636363636365,0.7636363636363637,0.024390243902439046,0.5,0.5,0.5,0.5884509624197984,0.5877862595419846,0.5889908256880735,0.5892420537897312,0.5884509624197984,0.588630806845966,0.5,0.5,0.0,0.6263345195729537,0.20689655172413793,0.1165117941386705,0.0,1.0,1.0,0.025006780580417682,0.24387096774193545,0.435483870967742,0.38187702265372164,0.7716524608193565,0.8341463414634146,0.23901345291479828,0.75,0.6666666666666666
Mahabubabad,Telangana,0.5555555555555429,0.3212691326530612,0.0,0.0,0.0,0.0,0.0,0.0,0.0,0.5,0.6666666666666667,0.2526492246901754,0.24990596040077967,0.5145228215767634,0.5,0.0,0.2661654135338346,0.5544041450777202,0.7743190661478596,0.68,0.3214285714285714,0.05106382978723404,0.8372093023255814,0.625,0.6666666666666666,0.3333333333333333,1.0,0.13169984686064318,0.04205607476635514,0.9251069900142654,0.0946372239747634,0.5,0.3333333333333333,0.09913793103448273,0.07407407407407408,0.0996168582375479,0.0,0.0,0.5042424242424243,0.6770114942528735,0.8599605522682446,0.4143646408839779,0.41666666666666663,0.5,0.3333333333333333,0.0,0.19759896171317326,0.36363636363636365,0.36363636363636365,0.7636363636363637,0.024390243902439046,0.5,0.5,0.5,0.5884509624197984,0.5877862595419846,0.5889908256880735,0.5892420537897312,0.5884509624197984,0.588630806845966,0.5,0.5,0.0,0.6263345195729537,0.20689655172413793,0.1165117941386705,0.0,1.0,1.0,0.025006780580417682,0.24387096774193545,0.435483870967742,0.38187702265372164,0.7716524608193565,0.8341463414634146,0.23901345291479828,0.75,0.6666666666666666
Mahabubabad,Telangana,0.6666666666666572,0.08695790816326529,0.0,0.0,0.0,0.0,0.0,0.0,0.0,0.5,0.6666666666666667,0.06202478596659281,0.06695619464487229,0.6265560165975104,0.0,0.0,0.2661654135338346,0.5544041450777202,0.7743190661478596,0.68,0.3214285714285714,0.05106382978723404,0.8372093023255814,0.625,0.6666666666666666,0.3333333333333333,1.0,0.13169984686064318,0.04205607476635514,0.9251069900142654,0.0946372239747634,0.5,0.3333333333333333,0.09913793103448273,0.07407407407407408,0.0996168582375479,0.0,0.0,0.5042424242424243,0.6770114942528735,0.8599605522682446,0.4143646408839779,0.41666666666666663,0.5,0.3333333333333333,0.0,0.19759896171317326,0.36363636363636365,0.36363636363636365,0.7636363636363637,0.024390243902439046,0.5,0.5,0.5,0.5884509624197984,0.5877862595419846,0.5889908256880735,0.5892420537897312,0.5884509624197984,0.588630806845966,0.5,0.5,0.0,0.6263345195729537,0.20689655172413793,0.1165117941386705,0.0,1.0,1.0,0.025006780580417682,0.24387096774193545,0.435483870967742,0.38187702265372164,0.7716524608193565,0.8341463414634146,0.23901345291479828,0.75,0.6666666666666666
Mahabubabad,Telangana,0.7777777777777715,0.40771683673469383,1.0,1.0,0.7727272727272727,0.9295774647887324,0.9873417721518987,1.0,0.0,0.0,0.6666666666666667,0.4156139615637909,0.4229388229661799,0.6224066390041494,0.75,0.6666666666666666,0.2661654135338346,0.5544041450777202,0.7743190661478596,0.68,0.3214285714285714,0.05106382978723404,0.8372093023255814,0.625,0.6666666666666666,0.3333333333333333,1.0,0.13169984686064318,0.04205607476635514,0.9251069900142654,0.0946372239747634,0.5,0.3333333333333333,0.09913793103448273,0.07407407407407408,0.0996168582375479,0.0,0.0,0.5042424242424243,0.6770114942528735,0.8599605522682446,0.4143646408839779,0.41666666666666663,0.5,0.3333333333333333,0.0,0.19759896171317326,0.36363636363636365,0.36363636363636365,0.7636363636363637,0.024390243902439046,0.5,0.5,0.5,0.5884509624197984,0.5877862595419846,0.5889908256880735,0.5892420537897312,0.5884509624197984,0.588630806845966,0.5,0.5,0.0,0.6263345195729537,0.20689655172413793,0.1165117941386705,0.0,1.0,1.0,0.025006780580417682,0.24387096774193545,0.435483870967742,0.38187702265372164,0.7716524608193565,0.8341463414634146,0.23901345291479828,0.75,0.6666666666666666
Mahabubabad,Telangana,0.8888888888888857,0.2747130102040816,0.0,0.0,0.0,0.0,0.0,0.0,0.0,0.5,0.6666666666666667,0.29614440519667123,0.2939506890537906,0.5311203319502078,0.5,0.0,0.2661654135338346,0.5544041450777202,0.7743190661478596,0.68,0.3214285714285714,0.05106382978723404,0.8372093023255814,0.625,0.6666666666666666,0.3333333333333333,1.0,0.13169984686064318,0.04205607476635514,0.9251069900142654,0.0946372239747634,0.5,0.3333333333333333,0.09913793103448273,0.07407407407407408,0.0996168582375479,0.0,0.0,0.5042424242424243,0.6770114942528735,0.8599605522682446,0.4143646408839779,0.41666666666666663,0.5,0.3333333333333333,0.0,0.19759896171317326,0.36363636363636365,0.36363636363636365,0.7636363636363637,0.024390243902439046,0.5,0.5,0.5,0.5884509624197984,0.5877862595419846,0.5889908256880735,0.5892420537897312,0.5884509624197984,0.588630806845966,0.5,0.5,0.0,0.6263345195729537,0.20689655172413793,0.1165117941386705,0.0,1.0,1.0,0.025006780580417682,0.24387096774193545,0.435483870967742,0.38187702265372164,0.7716524608193565,0.8341463414634146,0.23901345291479828,0.75,0.6666666666666666
Mahabubabad,Telangana,1.0,0.4434630102040816,1.0,1.0,0.2727272727272727,0.04225352112676056,0.21518987341772153,1.0,0.0,0.5,0.3333333333333333,0.4882655810333473,0.4847313887084089,0.5477178423236513,1.0,0.6666666666666666,0.2661654135338346,0.5544041450777202,0.7743190661478596,0.68,0.3214285714285714,0.05106382978723404,0.8372093023255814,0.625,0.6666666666666666,0.3333333333333333,1.0,0.13169984686064318,0.04205607476635514,0.9251069900142654,0.0946372239747634,0.5,0.3333333333333333,0.09913793103448273,0.07407407407407408,0.0996168582375479,0.0,0.0,0.5042424242424243,0.6770114942528735,0.8599605522682446,0.4143646408839779,0.41666666666666663,0.5,0.3333333333333333,0.0,0.19759896171317326,0.36363636363636365,0.36363636363636365,0.7636363636363637,0.024390243902439046,0.5,0.5,0.5,0.5884509624197984,0.5877862595419846,0.5889908256880735,0.5892420537897312,0.5884509624197984,0.588630806845966,0.5,0.5,0.0,0.6263345195729537,0.20689655172413793,0.1165117941386705,0.0,1.0,1.0,0.025006780580417682,0.24387096774193545,0.435483870967742,0.38187702265372164,0.7716524608193565,0.8341463414634146,0.23901345291479828,0.75,0.6666666666666666
Nirmal,Telangana,0.0,0.5464285714285715,1.0,1.0,0.7954545454545455,0.36619718309859156,0.08860759493670886,1.0,0.0,0.5,1.0,0.4047177153804706,0.40474643504428415,0.5643153526970957,0.75,0.6666666666666666,0.9398496240601503,0.10189982728842831,0.05836575875486372,0.7200000000000001,0.857142857142857,0.4893617021276596,0.5813953488372092,0.375,1.0,1.0,0.0,0.552833078101072,0.42834890965732086,0.4728958630527817,0.0,0.75,0.0,0.1307471264367816,0.04761904761904763,0.13218390804597702,0.0,0.0,0.5381818181818182,0.46551724137931033,0.15384615384615385,0.9815837937384899,0.9583333333333333,0.5,0.3333333333333333,0.0,0.2790395846852693,0.2727272727272727,0.2727272727272728,0.1272727272727273,0.4878048780487805,0.75,0.25,0.75,0.8762603116406966,0.8763358778625955,0.8770642201834863,0.8765281173594133,0.8762603116406966,0.8765281173594133,0.0,1.0,0.0,0.4199288256227757,0.5862068965517241,0.7269478198713366,0.3333333333333333,0.3333333333333333,0.0,0.005424464334147002,0.23612903225806448,0.9032258064516129,0.3063646170442287,0.12785262579048665,0.1317073170731707,0.0,0.25,0.0
Nirmal,Telangana,0.11111111111111427,0.1900191326530612,0.0,0.0,0.0,0.0,0.0,0.0,0.0,0.5,0.6666666666666667,0.1670358618212297,0.1677324487911637,0.5394190871369293,0.25,0.0,0.9398496240601503,0.10189982728842831,0.05836575875486372,0.7200000000000001,0.857142857142857,0.4893617021276596,0.5813953488372092,0.375,1.0,1.0,0.0,0.552833078101072,0.42834890965732086,0.4728958630527817,0.0,0.75,0.0,0.1307471264367816,0.04761904761904763,0.13218390804597702,0.0,0.0,0.5381818181818182,0.46551724137931033,0.15384615384615385,0.9815837937384899,0.9583333333333333,0.5,0.3333333333333333,0.0,0.2790395846852693,0.2727272727272727,0.2727272727272728,0.1272727272727273,0.4878048780487805,0.75,0.25,0.75,0.8762603116406966,0.8763358778625955,0.8770642201834863,0.8765281173594133,0.8762603116406966,0.8765281173594133,0.0,1.0,0.0,0.4199288256227757,0.5862068965517241,0.7269478198713366,0.3333333333333333,0.3333333333333333,0.0,0.005424464334147002,0.23612903225806448,0.9032258064516129,0.3063646170442287,0.12785262579048665,0.1317073170731707,0.0,0.25,0.0
Nirmal,Telangana,0.22222222222220012,0.4142538265306122,1.0,1.0,0.3181818181818182,0.028169014084507043,0.45569620253164556,1.0,0.0,0.0,0.3333333333333333,0.4242950368197329,0.42977806654584,0.6099585062240664,0.75,0.6666666666666666,0.9398496240601503,0.10189982728842831,0.05836575875486372,0.7200000000000001,0.857142857142857,0.4893617021276596,0.5813953488372092,0.375,1.0,1.0,0.0,0.552833078101072,0.42834890965732086,0.4728958630527817,0.0,0.75,0.0,0.1307471264367816,0.04761904761904763,0.13218390804597702,0.0,0.0,0.5381818181818182,0.46551724137931033,0.15384615384615385,0.9815837937384899,0.9583333333333333,0.5,0.3333333333333333,0.0,0.2790395846852693,0.2727272727272727,0.2727272727272728,0.1272727272727273,0.4878048780487805,0.75,0.25,0.75,0.8762603116406966,0.8763358778625955,0.8770642201834863,0.8765281173594133,0.8762603116406966,0.8765281173594133,0.0,1.0,0.0,0.4199288256227757,0.5862068965517241,0.7269478198713366,0.3333333333333333,0.3333333333333333,0.0,0.005424464334147002,0.23612903225806448,0.9032258064516129,0.3063646170442287,0.12785262579048665,0.1317073170731707,0.0,0.25,0.0
Nirmal,Telangana,0.3333333333333144,0.714126275510204,1.0,1.0,0.3181818181818182,0.028169014084507043,0.8734177215189873,1.0,1.0,1.0,0.3333333333333333,0.5611267436987367,0.5634852785281947,0.5892116182572615,1.0,1.0,0.9398496240601503,0.10189982728842831,0.05836575875486372,0.7200000000000001,0.857142857142857,0.4893617021276596,0.5813953488372092,0.375,1.0,1.0,0.0,0.552833078101072,0.42834890965732086,0.4728958630527817,0.0,0.75,0.0,0.1307471264367816,0.04761904761904763,0.13218390804597702,0.0,0.0,0.5381818181818182,0.46551724137931033,0.15384615384615385,0.9815837937384899,0.9583333333333333,0.5,0.3333333333333333,0.0,0.2790395846852693,0.2727272727272727,0.2727272727272728,0.1272727272727273,0.4878048780487805,0.75,0.25,0.75,0.8762603116406966,0.8763358778625955,0.8770642201834863,0.8765281173594133,0.8762603116406966,0.8765281173594133,0.0,1.0,0.0,0.4199288256227757,0.5862068965517241,0.7269478198713366,0.3333333333333333,0.3333333333333333,0.0,0.005424464334147002,0.23612903225806448,0.9032258064516129,0.3063646170442287,0.12785262579048665,0.1317073170731707,0.0,0.25,0.0
Nirmal,Telangana,0.44444444444442865,0.2994579081632653,0.0,0.0,0.0,0.0,0.0,0.0,0.0,0.5,0.6666666666666667,0.2745315212836017,0.27709195362992856,0.5809128630705391,0.5,0.0,0.9398496240601503,0.10189982728842831,0.05836575875486372,0.7200000000000001,0.857142857142857,0.4893617021276596,0.5813953488372092,0.375,1.0,1.0,0.0,0.552833078101072,0.42834890965732086,0.4728958630527817,0.0,0.75,0.0,0.1307471264367816,0.04761904761904763,0.13218390804597702,0.0,0.0,0.5381818181818182,0.46551724137931033,0.15384615384615385,0.9815837937384899,0.9583333333333333,0.5,0.3333333333333333,0.0,0.2790395846852693,0.2727272727272727,0.2727272727272728,0.1272727272727273,0.4878048780487805,0.75,0.25,0.75,0.8762603116406966,0.8763358778625955,0.8770642201834863,0.8765281173594133,0.8762603116406966,0.8765281173594133,0.0,1.0,0.0,0.4199288256227757,0.5862068965517241,0.7269478198713366,0.3333333333333333,0.3333333333333333,0.0,0.005424464334147002,0.23612903225806448,0.9032258064516129,0.3063646170442287,0.12785262579048665,0.1317073170731707,0.0,0.25,0.0
Nirmal,Telangana,0.5555555555555429,0.07401147959183674,0.0,0.0,0.0,0.0,0.0,0.0,0.0,0.5,0.6666666666666667,0.11189606657486678,0.11052217624730706,0.4688796680497931,0.0,0.0,0.9398496240601503,0.10189982728842831,0.05836575875486372,0.7200000000000001,0.857142857142857,0.4893617021276596,0.5813953488372092,0.375,1.0,1.0,0.0,0.552833078101072,0.42834890965732086,0.4728958630527817,0.0,0.75,0.0,0.1307471264367816,0.04761904761904763,0.13218390804597702,0.0,0.0,0.5381818181818182,0.46551724137931033,0.15384615384615385,0.9815837937384899,0.9583333333333333,0.5,0.3333333333333333,0.0,0.2790395846852693,0.2727272727272727,0.2727272727272728,0.1272727272727273,0.4878048780487805,0.75,0.25,0.75,0.8762603116406966,0.8763358778625955,0.8770642201834863,0.8765281173594133,0.8762603116406966,0.8765281173594133,0.0,1.0,0.0,0.4199288256227757,0.5862068965517241,0.7269478198713366,0.3333333333333333,0.3333333333333333,0.0,0.005424464334147002,0.23612903225806448,0.9032258064516129,0.3063646170442287,0.12785262579048665,0.1317073170731707,0.0,0.25,0.0
Nirmal,Telangana,0.6666666666666572,0.4730548469387755,1.0,1.0,0.11363636363636365,0.9154929577464789,0.49367088607594933,1.0,0.0,0.0,0.0,0.44016045021852357,0.44311459152617716,0.5892116182572615,0.75,0.6666666666666666,0.9398496240601503,0.10189982728842831,0.05836575875486372,0.7200000000000001,0.857142857142857,0.4893617021276596,0.5813953488372092,0.375,1.0,1.0,0.0,0.552833078101072,0.42834890965732086,0.4728958630527817,0.0,0.75,0.0,0.1307471264367816,0.04761904761904763,0.13218390804597702,0.0,0.0,0.5381818181818182,0.46551724137931033,0.15384615384615385,0.9815837937384899,0.9583333333333333,0.5,0.3333333333333333,0.0,0.2790395846852693,0.2727272727272727,0.2727272727272728,0.1272727272727273,0.4878048780487805,0.75,0.25,0.75,0.8762603116406966,0.8763358778625955,0.8770642201834863,0.8765281173594133,0.8762603116406966,0.8765281173594133,0.0,1.0,0.0,0.4199288256227757,0.5862068965517241,0.7269478198713366,0.3333333333333333,0.3333333333333333,0.0,0.005424464334147002,0.23612903225806448,0.9032258064516129,0.3063646170442287,0.12785262579048665,0.1317073170731707,0.0,0.25,0.0
Nirmal,Telangana,0.7777777777777715,0.2878507653061224,0.0,0.0,0.0,0.0,0.0,0.0,0.0,0.5,0.6666666666666667,0.2609411482967131,0.2595492938481004,0.5311203319502078,0.5,0.0,0.9398496240601503,0.10189982728842831,0.05836575875486372,0.7200000000000001,0.857142857142857,0.4893617021276596,0.5813953488372092,0.375,1.0,1.0,0.0,0.552833078101072,0.42834890965732086,0.4728958630527817,0.0,0.75,0.0,0.1307471264367816,0.04761904761904763,0.13218390804597702,0.0,0.0,0.5381818181818182,0.46551724137931033,0.15384615384615385,0.9815837937384899,0.9583333333333333,0.5,0.3333333333333333,0.0,0.2790395846852693,0.2727272727272727,0.2727272727272728,0.1272727272727273,0.4878048780487805,0.75,0.25,0.75,0.8762603116406966,0.8763358778625955,0.8770642201834863,0.8765281173594133,0.8762603116406966,0.8765281173594133,0.0,1.0,0.0,0.4199288256227757,0.5862068965517241,0.7269478198713366,0.3333333333333333,0.3333333333333333,0.0,0.005424464334147002,0.23612903225806448,0.9032258064516129,0.3063646170442287,0.12785262579048665,0.1317073170731707,0.0,0.25,0.0
Nirmal,Telangana,0.8888888888888857,0.45943877551020407,1.0,1.0,0.7045454545454546,0.15492957746478875,0.11392405063291139,0.0,0.0,0.5,0.6666666666666667,0.48838532000239476,0.4784392846151216,0.5020746887966809,1.0,0.6666666666666666,0.9398496240601503,0.10189982728842831,0.05836575875486372,0.7200000000000001,0.857142857142857,0.4893617021276596,0.5813953488372092,0.375,1.0,1.0,0.0,0.552833078101072,0.42834890965732086,0.4728958630527817,0.0,0.75,0.0,0.1307471264367816,0.04761904761904763,0.13218390804597702,0.0,0.0,0.5381818181818182,0.46551724137931033,0.15384615384615385,0.9815837937384899,0.9583333333333333,0.5,0.3333333333333333,0.0,0.2790395846852693,0.2727272727272727,0.2727272727272728,0.1272727272727273,0.4878048780487805,0.75,0.25,0.75,0.8762603116406966,0.8763358778625955,0.8770642201834863,0.8765281173594133,0.8762603116406966,0.8765281173594133,0.0,1.0,0.0,0.4199288256227757,0.5862068965517241,0.7269478198713366,0.3333333333333333,0.3333333333333333,0.0,0.005424464334147002,0.23612903225806448,0.9032258064516129,0.3063646170442287,0.12785262579048665,0.1317073170731707,0.0,0.25,0.0
Nirmal,Telangana,1.0,0.15213647959183674,0.0,0.0,0.0,0.0,0.0,0.0,0.0,0.5,0.6666666666666667,0.14847632161887087,0.15518243682248745,0.6473029045643157,0.25,0.0,0.9398496240601503,0.10189982728842831,0.05836575875486372,0.7200000000000001,0.857142857142857,0.4893617021276596,0.5813953488372092,0.375,1.0,1.0,0.0,0.552833078101072,0.42834890965732086,0.4728958630527817,0.0,0.75,0.0,0.1307471264367816,0.04761904761904763,0.13218390804597702,0.0,0.0,0.5381818181818182,0.46551724137931033,0.15384615384615385,0.9815837937384899,0.9583333333333333,0.5,0.3333333333333333,0.0,0.2790395846852693,0.2727272727272727,0.2727272727272728,0.1272727272727273,0.4878048780487805,0.75,0.25,0.75,0.8762603116406966,0.8763358778625955,0.8770642201834863,0.8765281173594133,0.8762603116406966,0.8765281173594133,0.0,1.0,0.0,0.4199288256227757,0.5862068965517241,0.7269478198713366,0.3333333333333333,0.3333333333333333,0.0,0.005424464334147002,0.23612903225806448,0.9032258064516129,0.3063646170442287,0.12785262579048665,0.1317073170731707,0.0,0.25,0.0
Adilabad,Telangana,0.0,0.19285714285714284,0.0,0.0,0.0,0.0,0.0,0.0,0.0,0.5,0.6666666666666667,0.16975992336705978,0.17063912731251923,0.5435684647302907,0.25,0.0,0.8496240601503758,0.1934369602763385,0.0778210116731517,0.9999999999999999,0.6785714285714286,0.748936170212766,0.39534883720930236,0.375,1.0,1.0,0.0,0.34456355283307816,0.2585669781931464,0.19828815977175465,0.0,0.75,0.0,0.16091954022988503,0.22751322751322756,0.16091954022988506,0.3333333333333333,0.0,0.35151515151515156,0.3505747126436782,0.5009861932938856,0.6003683241252302,0.0,0.25,0.6666666666666666,0.5,0.14698247890979882,0.25757575757575757,0.25757575757575757,0.9090909090909091,0.6585365853658536,0.5,0.5,0.5,0.458295142071494,0.4580152671755725,0.45871559633027525,0.4584352078239609,0.458295142071494,0.4584352078239609,0.5,0.5,1.0,0.25978647686832734,0.7068965517241379,0.7641172265904217,0.3333333333333333,0.3333333333333333,0.0,0.009167344724708433,0.8180645161290322,0.6895161290322581,0.1963322545846818,0.8161946659334616,0.8439024390243902,0.28878923766816156,0.75,0.6666666666666666
Adilabad,Telangana,0.11111111111111427,0.40232780612244895,1.0,1.0,0.6818181818181819,0.014084507042253521,0.05063291139240506,1.0,0.0,0.0,0.6666666666666667,0.4218403879542597,0.4120644256745204,0.489626556016598,0.75,0.6666666666666666,0.8496240601503758,0.1934369602763385,0.0778210116731517,0.9999999999999999,0.6785714285714286,0.748936170212766,0.39534883720930236,0.375,1.0,1.0,0.0,0.34456355283307816,0.2585669781931464,0.19828815977175465,0.0,0.75,0.0,0.16091954022988503,0.22751322751322756,0.16091954022988506,0.3333333333333333,0.0,0.35151515151515156,0.3505747126436782,0.5009861932938856,0.6003683241252302,0.0,0.25,0.6666666666666666,0.5,0.14698247890979882,0.25757575757575757,0.25757575757575757,0.9090909090909091,0.6585365853658536,0.5,0.5,0.5,0.458295142071494,0.4580152671755725,0.45871559633027525,0.4584352078239609,0.458295142071494,0.4584352078239609,0.5,0.5,1.0,0.25978647686832734,0.7068965517241379,0.7641172265904217,0.3333333333333333,0.3333333333333333,0.0,0.009167344724708433,0.8180645161290322,0.6895161290322581,0.1963322545846818,0.8161946659334616,0.8439024390243902,0.28878923766816156,0.75,0.6666666666666666
Adilabad,Telangana,0.22222222222220012,0.7803571428571429,1.0,1.0,0.022727272727272728,0.8028169014084507,0.7974683544303798,1.0,1.0,1.0,0.0,0.6177632760581931,0.617583695243306,0.5767634854771786,1.0,1.0,0.8496240601503758,0.1934369602763385,0.0778210116731517,0.9999999999999999,0.6785714285714286,0.748936170212766,0.39534883720930236,0.375,1.0,1.0,0.0,0.34456355283307816,0.2585669781931464,0.19828815977175465,0.0,0.75,0.0,0.16091954022988503,0.22751322751322756,0.16091954022988506,0.3333333333333333,0.0,0.35151515151515156,0.3505747126436782,0.5009861932938856,0.6003683241252302,0.0,0.25,0.6666666666666666,0.5,0.14698247890979882,0.25757575757575757,0.25757575757575757,0.9090909090909091,0.6585365853658536,0.5,0.5,0.5,0.458295142071494,0.4580152671755725,0.45871559633027525,0.4584352078239609,0.458295142071494,0.4584352078239609,0.5,0.5,1.0,0.25978647686832734,0.7068965517241379,0.7641172265904217,0.3333333333333333,0.3333333333333333,0.0,0.009167344724708433,0.8180645161290322,0.6895161290322581,0.1963322545846818,0.8161946659334616,0.8439024390243902,0.28878923766816156,0.75,0.6666666666666666
Adilabad,Telangana,0.3333333333333144,0.3197385204081632,0.0,0.0,0.0,0.0,0.0,0.0,0.0,0.5,0.6666666666666667,0.28267377117883014,0.2951133604623329,0.6929460580912861,0.5,0.0,0.8496240601503758,0.1934369602763385,0.0778210116731517,0.9999999999999999,0.6785714285714286,0.748936170212766,0.39534883720930236,0.375,1.0,1.0,0.0,0.34456355283307816,0.2585669781931464,0.19828815977175465,0.0,0.75,0.0,0.16091954022988503,0.22751322751322756,0.16091954022988506,0.3333333333333333,0.0,0.35151515151515156,0.3505747126436782,0.5009861932938856,0.6003683241252302,0.0,0.25,0.6666666666666666,0.5,0.14698247890979882,0.25757575757575757,0.25757575757575757,0.9090909090909091,0.6585365853658536,0.5,0.5,0.5,0.458295142071494,0.4580152671755725,0.45871559633027525,0.4584352078239609,0.458295142071494,0.4584352078239609,0.5,0.5,1.0,0.25978647686832734,0.7068965517241379,0.7641172265904217,0.3333333333333333,0.3333333333333333,0.0,0.009167344724708433,0.8180645161290322,0.6895161290322581,0.1963322545846818,0.8161946659334616,0.8439024390243902,0.28878923766816156,0.75,0.6666666666666666
Adilabad,Telangana,0.44444444444442865,0.1018176020408163,0.0,0.0,0.0,0.0,0.0,0.0,0.0,0.5,0.6666666666666667,0.09303717894988922,0.10118660876107102,0.705394190871369,0.0,0.0,0.8496240601503758,0.1934369602763385,0.0778210116731517,0.9999999999999999,0.6785714285714286,0.748936170212766,0.39534883720930236,0.375,1.0,1.0,0.0,0.34456355283307816,0.2585669781931464,0.19828815977175465,0.0,0.75,0.0,0.16091954022988503,0.22751322751322756,0.16091954022988506,0.3333333333333333,0.0,0.35151515151515156,0.3505747126436782,0.5009861932938856,0.6003683241252302,0.0,0.25,0.6666666666666666,0.5,0.14698247890979882,0.25757575757575757,0.25757575757575757,0.9090909090909091,0.6585365853658536,0.5,0.5,0.5,0.458295142071494,0.4580152671755725,0.45871559633027525,0.4584352078239609,0.458295142071494,0.4584352078239609,0.5,0.5,1.0,0.25978647686832734,0.7068965517241379,0.7641172265904217,0.3333333333333333,0.3333333333333333,0.0,0.009167344724708433,0.8180645161290322,0.6895161290322581,0.1963322545846818,0.8161946659334616,0.8439024390243902,0.28878923766816156,0.75,0.6666666666666666
Adilabad,Telangana,0.5555555555555429,0.44116709183673464,1.0,1.0,0.2727272727272727,0.5211267605633803,0.6075949367088608,1.0,0.0,0.0,0.3333333333333333,0.3935221217745315,0.3890503710289642,0.5269709543568464,0.75,0.3333333333333333,0.8496240601503758,0.1934369602763385,0.0778210116731517,0.9999999999999999,0.6785714285714286,0.748936170212766,0.39534883720930236,0.375,1.0,1.0,0.0,0.34456355283307816,0.2585669781931464,0.19828815977175465,0.0,0.75,0.0,0.16091954022988503,0.22751322751322756,0.16091954022988506,0.3333333333333333,0.0,0.35151515151515156,0.3505747126436782,0.5009861932938856,0.6003683241252302,0.0,0.25,0.6666666666666666,0.5,0.14698247890979882,0.25757575757575757,0.25757575757575757,0.9090909090909091,0.6585365853658536,0.5,0.5,0.5,0.458295142071494,0.4580152671755725,0.45871559633027525,0.4584352078239609,0.458295142071494,0.4584352078239609,0.5,0.5,1.0,0.25978647686832734,0.7068965517241379,0.7641172265904217,0.3333333333333333,0.3333333333333333,0.0,0.009167344724708433,0.8180645161290322,0.6895161290322581,0.1963322545846818,0.8161946659334616,0.8439024390243902,0.28878923766816156,0.75,0.6666666666666666
Adilabad,Telangana,0.6666666666666572,0.33265306122448973,0.0,0.0,0.0,0.0,0.0,0.0,0.0,0.5,0.6666666666666667,0.2708495479853918,0.2796908661901994,0.6514522821576763,0.5,0.0,0.8496240601503758,0.1934369602763385,0.0778210116731517,0.9999999999999999,0.6785714285714286,0.748936170212766,0.39534883720930236,0.375,1.0,1.0,0.0,0.34456355283307816,0.2585669781931464,0.19828815977175465,0.0,0.75,0.0,0.16091954022988503,0.22751322751322756,0.16091954022988506,0.3333333333333333,0.0,0.35151515151515156,0.3505747126436782,0.5009861932938856,0.6003683241252302,0.0,0.25,0.6666666666666666,0.5,0.14698247890979882,0.25757575757575757,0.25757575757575757,0.9090909090909091,0.6585365853658536,0.5,0.5,0.5,0.458295142071494,0.4580152671755725,0.45871559633027525,0.4584352078239609,0.458295142071494,0.4584352078239609,0.5,0.5,1.0,0.25978647686832734,0.7068965517241379,0.7641172265904217,0.3333333333333333,0.3333333333333333,0.0,0.009167344724708433,0.8180645161290322,0.6895161290322581,0.1963322545846818,0.8161946659334616,0.8439024390243902,0.28878923766816156,0.75,0.6666666666666666
Adilabad,Telangana,0.7777777777777715,0.5459183673469388,1.0,1.0,0.34090909090909094,0.08450704225352113,0.7594936708860759,0.0,0.0,0.5,0.3333333333333333,0.45312219361791295,0.44756009985295625,0.5269709543568464,0.75,0.6666666666666666,0.8496240601503758,0.1934369602763385,0.0778210116731517,0.9999999999999999,0.6785714285714286,0.748936170212766,0.39534883720930236,0.375,1.0,1.0,0.0,0.34456355283307816,0.2585669781931464,0.19828815977175465,0.0,0.75,0.0,0.16091954022988503,0.22751322751322756,0.16091954022988506,0.3333333333333333,0.0,0.35151515151515156,0.3505747126436782,0.5009861932938856,0.6003683241252302,0.0,0.25,0.6666666666666666,0.5,0.14698247890979882,0.25757575757575757,0.25757575757575757,0.9090909090909091,0.6585365853658536,0.5,0.5,0.5,0.458295142071494,0.4580152671755725,0.45871559633027525,0.4584352078239609,0.458295142071494,0.4584352078239609,0.5,0.5,1.0,0.25978647686832734,0.7068965517241379,0.7641172265904217,0.3333333333333333,0.3333333333333333,0.0,0.009167344724708433,0.8180645161290322,0.6895161290322581,0.1963322545846818,0.8161946659334616,0.8439024390243902,0.28878923766816156,0.75,0.6666666666666666
Adilabad,Telangana,0.8888888888888857,0.23568239795918366,0.0,0.0,0.0,0.0,0.0,0.0,0.0,0.5,0.6666666666666667,0.15353529306112673,0.14434223574872618,0.3526970954356847,0.25,0.0,0.8496240601503758,0.1934369602763385,0.0778210116731517,0.9999999999999999,0.6785714285714286,0.748936170212766,0.39534883720930236,0.375,1.0,1.0,0.0,0.34456355283307816,0.2585669781931464,0.19828815977175465,0.0,0.75,0.0,0.16091954022988503,0.22751322751322756,0.16091954022988506,0.3333333333333333,0.0,0.35151515151515156,0.3505747126436782,0.5009861932938856,0.6003683241252302,0.0,0.25,0.6666666666666666,0.5,0.14698247890979882,0.25757575757575757,0.25757575757575757,0.9090909090909091,0.6585365853658536,0.5,0.5,0.5,0.458295142071494,0.4580152671755725,0.45871559633027525,0.4584352078239609,0.458295142071494,0.4584352078239609,0.5,0.5,1.0,0.25978647686832734,0.7068965517241379,0.7641172265904217,0.3333333333333333,0.3333333333333333,0.0,0.009167344724708433,0.8180645161290322,0.6895161290322581,0.1963322545846818,0.8161946659334616,0.8439024390243902,0.28878923766816156,0.75,0.6666666666666666
Adilabad,Telangana,1.0,0.3787627551020408,1.0,1.0,0.8409090909090909,0.28169014084507044,0.31645569620253167,0.0,0.0,0.0,1.0,0.4081302759983236,0.4106623807406901,0.5850622406639006,0.75,0.6666666666666666,0.8496240601503758,0.1934369602763385,0.0778210116731517,0.9999999999999999,0.6785714285714286,0.748936170212766,0.39534883720930236,0.375,1.0,1.0,0.0,0.34456355283307816,0.2585669781931464,0.19828815977175465,0.0,0.75,0.0,0.16091954022988503,0.22751322751322756,0.16091954022988506,0.3333333333333333,0.0,0.35151515151515156,0.3505747126436782,0.5009861932938856,0.6003683241252302,0.0,0.25,0.6666666666666666,0.5,0.14698247890979882,0.25757575757575757,0.25757575757575757,0.9090909090909091,0.6585365853658536,0.5,0.5,0.5,0.458295142071494,0.4580152671755725,0.45871559633027525,0.4584352078239609,0.458295142071494,0.4584352078239609,0.5,0.5,1.0,0.25978647686832734,0.7068965517241379,0.7641172265904217,0.3333333333333333,0.3333333333333333,0.0,0.009167344724708433,0.8180645161290322,0.6895161290322581,0.1963322545846818,0.8161946659334616,0.8439024390243902,0.28878923766816156,0.75,0.6666666666666666
Kumuram Bheem,Telangana,0.0,0.43303571428571425,1.0,1.0,0.13636363636363635,0.8309859154929577,0.8607594936708861,0.0,0.0,0.0,0.0,0.5354726695803149,0.540060869267859,0.601659751037344,0.75,0.6666666666666666,0.17142857142857143,0.5509499136442142,0.7042801556420233,0.56,0.3214285714285714,0.2,0.8837209302325579,0.875,0.6666666666666666,0.3333333333333333,1.0,0.5283307810107197,0.40965732087227413,0.7874465049928674,0.0,0.75,0.0,0.0,0.4126984126984128,0.0,0.0,0.0,0.0,0.3172413793103448,0.10848126232741614,0.2965009208103131,0.7916666666666666,0.0,1.0,0.25,0.41304347826086957,0.24242424242424243,0.24242424242424243,0.40909090909090917,0.7073170731707317,0.75,0.25,0.75,1.0,0.9999999999999999,1.0,1.0,1.0,1.0,0.0,1.0,0.0,0.1779359430604982,0.9999999999999999,0.7108649035025018,0.6666666666666666,0.0,0.0,0.0010848928668294004,0.8683870967741936,0.16129032258064513,0.17152103559870552,0.9305746494363483,0.9865853658536584,0.9905829596412558,1.0,1.0
Kumuram Bheem,Telangana,0.11111111111111427,0.8777104591836734,1.0,1.0,0.2727272727272727,0.28169014084507044,0.6582278481012658,1.0,1.0,1.0,0.3333333333333333,0.91944560857331,0.9270252710050269,0.6141078838174279,1.0,1.0,0.17142857142857143,0.5509499136442142,0.7042801556420233,0.56,0.3214285714285714,0.2,0.8837209302325579,0.875,0.6666666666666666,0.3333333333333333,1.0,0.5283307810107197,0.40965732087227413,0.7874465049928674,0.0,0.75,0.0,0.0,0.4126984126984128,0.0,0.0,0.0,0.0,0.3172413793103448,0.10848126232741614,0.2965009208103131,0.7916666666666666,0.0,1.0,0.25,0.41304347826086957,0.24242424242424243,0.24242424242424243,0.40909090909090917,0.7073170731707317,0.75,0.25,0.75,1.0,0.9999999999999999,1.0,1.0,1.0,1.0,0.0,1.0,0.0,0.1779359430604982,0.9999999999999999,0.7108649035025018,0.6666666666666666,0.0,0.0,0.0010848928668294004,0.8683870967741936,0.16129032258064513,0.17152103559870552,0.9305746494363483,0.9865853658536584,0.9905829596412558,1.0,1.0
Kumuram Bheem,Telangana,0.22222222222220012,0.39183673469387753,0.0,0.0,0.0,0.0,0.0,0.0,0.0,0.5,0.6666666666666667,0.31383583787343583,0.31751188318571966,0.5933609958506225,0.5,0.0,0.17142857142857143,0.5509499136442142,0.7042801556420233,0.56,0.3214285714285714,0.2,0.8837209302325579,0.875,0.6666666666666666,0.3333333333333333,1.0,0.5283307810107197,0.40965732087227413,0.7874465049928674,0.0,0.75,0.0,0.0,0.4126984126984128,0.0,0.0,0.0,0.0,0.3172413793103448,0.10848126232741614,0.2965009208103131,0.7916666666666666,0.0,1.0,0.25,0.41304347826086957,0.24242424242424243,0.24242424242424243,0.40909090909090917,0.7073170731707317,0.75,0.25,0.75,1.0,0.9999999999999999,1.0,1.0,1.0,1.0,0.0,1.0,0.0,0.1779359430604982,0.9999999999999999,0.7108649035025018,0.6666666666666666,0.0,0.0,0.0010848928668294004,0.8683870967741936,0.16129032258064513,0.17152103559870552,0.9305746494363483,0.9865853658536584,0.9905829596412558,1.0,1.0
Kumuram Bheem,Telangana,0.3333333333333144,0.04693877551020408,0.0,0.0,0.0,0.0,0.0,0.0,0.0,0.5,0.6666666666666667,0.14024426749685684,0.1430085832506925,0.5726141078838176,0.0,0.0,0.17142857142857143,0.5509499136442142,0.7042801556420233,0.56,0.3214285714285714,0.2,0.8837209302325579,0.875,0.6666666666666666,0.3333333333333333,1.0,0.5283307810107197,0.40965732087227413,0.7874465049928674,0.0,0.75,0.0,0.0,0.4126984126984128,0.0,0.0,0.0,0.0,0.3172413793103448,0.10848126232741614,0.2965009208103131,0.7916666666666666,0.0,1.0,0.25,0.41304347826086957,0.24242424242424243,0.24242424242424243,0.40909090909090917,0.7073170731707317,0.75,0.25,0.75,1.0,0.9999999999999999,1.0,1.0,1.0,1.0,0.0,1.0,0.0,0.1779359430604982,0.9999999999999999,0.7108649035025018,0.6666666666666666,0.0,0.0,0.0010848928668294004,0.8683870967741936,0.16129032258064513,0.17152103559870552,0.9305746494363483,0.9865853658536584,0.9905829596412558,1.0,1.0
Kumuram Bheem,Telangana,0.44444444444442865,0.49948979591836734,1.0,1.0,0.6590909090909091,0.8028169014084507,0.4810126582278481,1.0,0.0,0.0,0.6666666666666667,0.5271807459737771,0.5285367438361317,0.5809128630705391,0.75,0.6666666666666666,0.17142857142857143,0.5509499136442142,0.7042801556420233,0.56,0.3214285714285714,0.2,0.8837209302325579,0.875,0.6666666666666666,0.3333333333333333,1.0,0.5283307810107197,0.40965732087227413,0.7874465049928674,0.0,0.75,0.0,0.0,0.4126984126984128,0.0,0.0,0.0,0.0,0.3172413793103448,0.10848126232741614,0.2965009208103131,0.7916666666666666,0.0,1.0,0.25,0.41304347826086957,0.24242424242424243,0.24242424242424243,0.40909090909090917,0.7073170731707317,0.75,0.25,0.75,1.0,0.9999999999999999,1.0,1.0,1.0,1.0,0.0,1.0,0.0,0.1779359430604982,0.9999999999999999,0.7108649035025018,0.6666666666666666,0.0,0.0,0.0010848928668294004,0.8683870967741936,0.16129032258064513,0.17152103559870552,0.9305746494363483,0.9865853658536584,0.9905829596412558,1.0,1.0
Kumuram Bheem,Telangana,0.5555555555555429,0.35698341836734687,0.0,0.0,0.0,0.0,0.0,0.0,0.0,0.5,0.6666666666666667,0.3189247440579536,0.32072632766815995,0.5767634854771786,0.5,0.0,0.17142857142857143,0.5509499136442142,0.7042801556420233,0.56,0.3214285714285714,0.2,0.8837209302325579,0.875,0.6666666666666666,0.3333333333333333,1.0,0.5283307810107197,0.40965732087227413,0.7874465049928674,0.0,0.75,0.0,0.0,0.4126984126984128,0.0,0.0,0.0,0.0,0.3172413793103448,0.10848126232741614,0.2965009208103131,0.7916666666666666,0.0,1.0,0.25,0.41304347826086957,0.24242424242424243,0.24242424242424243,0.40909090909090917,0.7073170731707317,0.75,0.25,0.75,1.0,0.9999999999999999,1.0,1.0,1.0,1.0,0.0,1.0,0.0,0.1779359430604982,0.9999999999999999,0.7108649035025018,0.6666666666666666,0.0,0.0,0.0010848928668294004,0.8683870967741936,0.16129032258064513,0.17152103559870552,0.9305746494363483,0.9865853658536584,0.9905829596412558,1.0,1.0
Kumuram Bheem,Telangana,0.6666666666666572,0.6021045918367347,1.0,1.0,1.0,0.5352112676056339,0.27848101265822783,0.0,0.0,0.5,1.0,0.6334790157456744,0.6277399719591013,0.5477178423236513,1.0,0.6666666666666666,0.17142857142857143,0.5509499136442142,0.7042801556420233,0.56,0.3214285714285714,0.2,0.8837209302325579,0.875,0.6666666666666666,0.3333333333333333,1.0,0.5283307810107197,0.40965732087227413,0.7874465049928674,0.0,0.75,0.0,0.0,0.4126984126984128,0.0,0.0,0.0,0.0,0.3172413793103448,0.10848126232741614,0.2965009208103131,0.7916666666666666,0.0,1.0,0.25,0.41304347826086957,0.24242424242424243,0.24242424242424243,0.40909090909090917,0.7073170731707317,0.75,0.25,0.75,1.0,0.9999999999999999,1.0,1.0,1.0,1.0,0.0,1.0,0.0,0.1779359430604982,0.9999999999999999,0.7108649035025018,0.6666666666666666,0.0,0.0,0.0010848928668294004,0.8683870967741936,0.16129032258064513,0.17152103559870552,0.9305746494363483,0.9865853658536584,0.9905829596412558,1.0,1.0
Kumuram Bheem,Telangana,0.7777777777777715,0.20105229591836735,0.0,0.0,0.0,0.0,0.0,0.0,0.0,0.5,0.6666666666666667,0.21627851284200444,0.2085969291796327,0.4315352697095438,0.25,0.0,0.17142857142857143,0.5509499136442142,0.7042801556420233,0.56,0.3214285714285714,0.2,0.8837209302325579,0.875,0.6666666666666666,0.3333333333333333,1.0,0.5283307810107197,0.40965732087227413,0.7874465049928674,0.0,0.75,0.0,0.0,0.4126984126984128,0.0,0.0,0.0,0.0,0.3172413793103448,0.10848126232741614,0.2965009208103131,0.7916666666666666,0.0,1.0,0.25,0.41304347826086957,0.24242424242424243,0.24242424242424243,0.40909090909090917,0.7073170731707317,0.75,0.25,0.75,1.0,0.9999999999999999,1.0,1.0,1.0,1.0,0.0,1.0,0.0,0.1779359430604982,0.9999999999999999,0.7108649035025018,0.6666666666666666,0.0,0.0,0.0010848928668294004,0.8683870967741936,0.16129032258064513,0.17152103559870552,0.9305746494363483,0.9865853658536584,0.9905829596412558,1.0,1.0
Kumuram Bheem,Telangana,0.8888888888888857,0.505484693877551,1.0,1.0,0.9545454545454546,0.11267605633802817,0.0,1.0,0.0,0.0,1.0,0.48670897443573,0.47320726327668156,0.4771784232365146,0.75,0.6666666666666666,0.17142857142857143,0.5509499136442142,0.7042801556420233,0.56,0.3214285714285714,0.2,0.8837209302325579,0.875,0.6666666666666666,0.3333333333333333,1.0,0.5283307810107197,0.40965732087227413,0.7874465049928674,0.0,0.75,0.0,0.0,0.4126984126984128,0.0,0.0,0.0,0.0,0.3172413793103448,0.10848126232741614,0.2965009208103131,0.7916666666666666,0.0,1.0,0.25,0.41304347826086957,0.24242424242424243,0.24242424242424243,0.40909090909090917,0.7073170731707317,0.75,0.25,0.75,1.0,0.9999999999999999,1.0,1.0,1.0,1.0,0.0,1.0,0.0,0.1779359430604982,0.9999999999999999,0.7108649035025018,0.6666666666666666,0.0,0.0,0.0010848928668294004,0.8683870967741936,0.16129032258064513,0.17152103559870552,0.9305746494363483,0.9865853658536584,0.9905829596412558,1.0,1.0
Kumuram Bheem,Telangana,1.0,0.7533482142857143,1.0,1.0,0.8636363636363636,0.07042253521126761,0.5822784810126582,1.0,1.0,1.0,1.0,0.9044483027001137,0.91509079095852,0.6224066390041494,1.0,1.0,0.17142857142857143,0.5509499136442142,0.7042801556420233,0.56,0.3214285714285714,0.2,0.8837209302325579,0.875,0.6666666666666666,0.3333333333333333,1.0,0.5283307810107197,0.40965732087227413,0.7874465049928674,0.0,0.75,0.0,0.0,0.4126984126984128,0.0,0.0,0.0,0.0,0.3172413793103448,0.10848126232741614,0.2965009208103131,0.7916666666666666,0.0,1.0,0.25,0.41304347826086957,0.24242424242424243,0.24242424242424243,0.40909090909090917,0.7073170731707317,0.75,0.25,0.75,1.0,0.9999999999999999,1.0,1.0,1.0,1.0,0.0,1.0,0.0,0.1779359430604982,0.9999999999999999,0.7108649035025018,0.6666666666666666,0.0,0.0,0.0010848928668294004,0.8683870967741936,0.16129032258064513,0.17152103559870552,0.9305746494363483,0.9865853658536584,0.9905829596412558,1.0,1.0
Mancherial,Telangana,0.0,0.7838010204081632,1.0,1.0,0.5909090909090909,0.6056338028169014,0.9240506329113924,0.0,1.0,1.0,0.6666666666666667,0.7036161168652336,0.7064938617788874,0.5933609958506225,1.0,1.0,0.3654135338345864,0.5146804835924006,0.2334630350194551,0.36,0.4642857142857142,0.6702127659574468,0.5581395348837209,0.5,0.3333333333333333,0.0,0.6666666666666666,0.9601837672281777,0.8177570093457944,0.8223965763195435,0.0,1.0,0.0,0.16522988505747124,0.07936507936507937,0.16666666666666669,0.3333333333333333,0.0,0.8424242424242425,0.57816091954023,0.48717948717948717,0.5138121546961327,0.3333333333333333,0.75,0.0,0.75,0.08046722907203116,0.5909090909090909,0.5909090909090909,0.9999999999999999,0.9268292682926831,0.25,0.75,0.25,0.9697525206232815,0.9694656488549619,0.9706422018348625,0.9706601466992666,0.9697525206232815,0.9700488997555012,0.0,1.0,0.0,0.7544483985765125,0.8448275862068965,0.1801286633309507,0.0,0.0,0.0,0.007431516137781393,0.8064516129032259,0.5443548387096774,0.10140237324703343,0.32581798185317556,0.38658536585365855,0.0,0.5,0.0
Mancherial,Telangana,0.11111111111111427,0.28861607142857143,0.0,0.0,0.0,0.0,0.0,0.0,0.0,0.5,0.6666666666666667,0.24067532778542777,0.251991929692576,0.6929460580912861,0.5,0.0,0.3654135338345864,0.5146804835924006,0.2334630350194551,0.36,0.4642857142857142,0.6702127659574468,0.5581395348837209,0.5,0.3333333333333333,0.0,0.6666666666666666,0.9601837672281777,0.8177570093457944,0.8223965763195435,0.0,1.0,0.0,0.16522988505747124,0.07936507936507937,0.16666666666666669,0.3333333333333333,0.0,0.8424242424242425,0.57816091954023,0.48717948717948717,0.5138121546961327,0.3333333333333333,0.75,0.0,0.75,0.08046722907203116,0.5909090909090909,0.5909090909090909,0.9999999999999999,0.9268292682926831,0.25,0.75,0.25,0.9697525206232815,0.9694656488549619,0.9706422018348625,0.9706601466992666,0.9697525206232815,0.9700488997555012,0.0,1.0,0.0,0.7544483985765125,0.8448275862068965,0.1801286633309507,0.0,0.0,0.0,0.007431516137781393,0.8064516129032259,0.5443548387096774,0.10140237324703343,0.32581798185317556,0.38658536585365855,0.0,0.5,0.0
Mancherial,Telangana,0.22222222222220012,0.1165816326530612,0.0,0.0,0.0,0.0,0.0,0.0,0.0,0.5,0.6666666666666667,0.04361491947554331,0.04650685634168862,0.5477178423236513,0.0,0.0,0.3654135338345864,0.5146804835924006,0.2334630350194551,0.36,0.4642857142857142,0.6702127659574468,0.5581395348837209,0.5,0.3333333333333333,0.0,0.6666666666666666,0.9601837672281777,0.8177570093457944,0.8223965763195435,0.0,1.0,0.0,0.16522988505747124,0.07936507936507937,0.16666666666666669,0.3333333333333333,0.0,0.8424242424242425,0.57816091954023,0.48717948717948717,0.5138121546961327,0.3333333333333333,0.75,0.0,0.75,0.08046722907203116,0.5909090909090909,0.5909090909090909,0.9999999999999999,0.9268292682926831,0.25,0.75,0.25,0.9697525206232815,0.9694656488549619,0.9706422018348625,0.9706601466992666,0.9697525206232815,0.9700488997555012,0.0,1.0,0.0,0.7544483985765125,0.8448275862068965,0.1801286633309507,0.0,0.0,0.0,0.007431516137781393,0.8064516129032259,0.5443548387096774,0.10140237324703343,0.32581798185317556,0.38658536585365855,0.0,0.5,0.0
Mancherial,Telangana,0.3333333333333144,0.4644451530612244,1.0,1.0,0.2727272727272727,0.647887323943662,0.8481012658227848,1.0,0.0,0.0,0.3333333333333333,0.46090522660599886,0.4560407618917348,0.5352697095435688,0.75,0.6666666666666666,0.3654135338345864,0.5146804835924006,0.2334630350194551,0.36,0.4642857142857142,0.6702127659574468,0.5581395348837209,0.5,0.3333333333333333,0.0,0.6666666666666666,0.9601837672281777,0.8177570093457944,0.8223965763195435,0.0,1.0,0.0,0.16522988505747124,0.07936507936507937,0.16666666666666669,0.3333333333333333,0.0,0.8424242424242425,0.57816091954023,0.48717948717948717,0.5138121546961327,0.3333333333333333,0.75,0.0,0.75,0.08046722907203116,0.5909090909090909,0.5909090909090909,0.9999999999999999,0.9268292682926831,0.25,0.75,0.25,0.9697525206232815,0.9694656488549619,0.9706422018348625,0.9706601466992666,0.9697525206232815,0.9700488997555012,0.0,1.0,0.0,0.7544483985765125,0.8448275862068965,0.1801286633309507,0.0,0.0,0.0,0.007431516137781393,0.8064516129032259,0.5443548387096774,0.10140237324703343,0.32581798185317556,0.38658536585365855,0.0,0.5,0.0
Mancherial,Telangana,0.44444444444442865,0.26945153061224486,0.0,0.0,0.0,0.0,0.0,0.0,0.0,0.5,0.6666666666666667,0.3163503562234329,0.3086892589679581,0.4813278008298756,0.5,0.3333333333333333,0.3654135338345864,0.5146804835924006,0.2334630350194551,0.36,0.4642857142857142,0.6702127659574468,0.5581395348837209,0.5,0.3333333333333333,0.0,0.6666666666666666,0.9601837672281777,0.8177570093457944,0.8223965763195435,0.0,1.0,0.0,0.16522988505747124,0.07936507936507937,0.16666666666666669,0.3333333333333333,0.0,0.8424242424242425,0.57816091954023,0.48717948717948717,0.5138121546961327,0.3333333333333333,0.75,0.0,0.75,0.08046722907203116,0.5909090909090909,0.5909090909090909,0.9999999999999999,0.9268292682926831,0.25,0.75,0.25,0.9697525206232815,0.9694656488549619,0.9706422018348625,0.9706601466992666,0.9697525206232815,0.9700488997555012,0.0,1.0,0.0,0.7544483985765125,0.8448275862068965,0.1801286633309507,0.0,0.0,0.0,0.007431516137781393,0.8064516129032259,0.5443548387096774,0.10140237324703343,0.32581798185317556,0.38658536585365855,0.0,0.5,0.0
Mancherial,Telangana,0.5555555555555429,0.5230229591836735,1.0,1.0,0.11363636363636365,0.8732394366197184,0.8227848101265822,1.0,0.0,0.5,0.0,0.38367359157037656,0.3822453236672024,0.5518672199170127,0.75,0.6666666666666666,0.3654135338345864,0.5146804835924006,0.2334630350194551,0.36,0.4642857142857142,0.6702127659574468,0.5581395348837209,0.5,0.3333333333333333,0.0,0.6666666666666666,0.9601837672281777,0.8177570093457944,0.8223965763195435,0.0,1.0,0.0,0.16522988505747124,0.07936507936507937,0.16666666666666669,0.3333333333333333,0.0,0.8424242424242425,0.57816091954023,0.48717948717948717,0.5138121546961327,0.3333333333333333,0.75,0.0,0.75,0.08046722907203116,0.5909090909090909,0.5909090909090909,0.9999999999999999,0.9268292682926831,0.25,0.75,0.25,0.9697525206232815,0.9694656488549619,0.9706422018348625,0.9706601466992666,0.9697525206232815,0.9700488997555012,0.0,1.0,0.0,0.7544483985765125,0.8448275862068965,0.1801286633309507,0.0,0.0,0.0,0.007431516137781393,0.8064516129032259,0.5443548387096774,0.10140237324703343,0.32581798185317556,0.38658536585365855,0.0,0.5,0.0
Mancherial,Telangana,0.6666666666666572,0.13820153061224488,0.0,0.0,0.0,0.0,0.0,0.0,0.0,0.5,0.6666666666666667,0.1635634317188529,0.1674588790479773,0.5933609958506225,0.25,0.0,0.3654135338345864,0.5146804835924006,0.2334630350194551,0.36,0.4642857142857142,0.6702127659574468,0.5581395348837209,0.5,0.3333333333333333,0.0,0.6666666666666666,0.9601837672281777,0.8177570093457944,0.8223965763195435,0.0,1.0,0.0,0.16522988505747124,0.07936507936507937,0.16666666666666669,0.3333333333333333,0.0,0.8424242424242425,0.57816091954023,0.48717948717948717,0.5138121546961327,0.3333333333333333,0.75,0.0,0.75,0.08046722907203116,0.5909090909090909,0.5909090909090909,0.9999999999999999,0.9268292682926831,0.25,0.75,0.25,0.9697525206232815,0.9694656488549619,0.9706422018348625,0.9706601466992666,0.9697525206232815,0.9700488997555012,0.0,1.0,0.0,0.7544483985765125,0.8448275862068965,0.1801286633309507,0.0,0.0,0.0,0.007431516137781393,0.8064516129032259,0.5443548387096774,0.10140237324703343,0.32581798185317556,0.38658536585365855,0.0,0.5,0.0
Mancherial,Telangana,0.7777777777777715,0.44164540816326525,1.0,1.0,0.9318181818181819,0.676056338028169,0.1518987341772152,1.0,0.0,0.0,1.0,0.3633479015745674,0.38149300687343984,0.7261410788381739,0.75,0.3333333333333333,0.3654135338345864,0.5146804835924006,0.2334630350194551,0.36,0.4642857142857142,0.6702127659574468,0.5581395348837209,0.5,0.3333333333333333,0.0,0.6666666666666666,0.9601837672281777,0.8177570093457944,0.8223965763195435,0.0,1.0,0.0,0.16522988505747124,0.07936507936507937,0.16666666666666669,0.3333333333333333,0.0,0.8424242424242425,0.57816091954023,0.48717948717948717,0.5138121546961327,0.3333333333333333,0.75,0.0,0.75,0.08046722907203116,0.5909090909090909,0.5909090909090909,0.9999999999999999,0.9268292682926831,0.25,0.75,0.25,0.9697525206232815,0.9694656488549619,0.9706422018348625,0.9706601466992666,0.9697525206232815,0.9700488997555012,0.0,1.0,0.0,0.7544483985765125,0.8448275862068965,0.1801286633309507,0.0,0.0,0.0,0.007431516137781393,0.8064516129032259,0.5443548387096774,0.10140237324703343,0.32581798185317556,0.38658536585365855,0.0,0.5,0.0
Mancherial,Telangana,0.8888888888888857,0.7184630102040815,1.0,1.0,0.9318181818181819,0.9577464788732395,0.0379746835443038,1.0,1.0,1.0,1.0,0.7057714183080883,0.7082720651095988,0.5892116182572615,1.0,1.0,0.3654135338345864,0.5146804835924006,0.2334630350194551,0.36,0.4642857142857142,0.6702127659574468,0.5581395348837209,0.5,0.3333333333333333,0.0,0.6666666666666666,0.9601837672281777,0.8177570093457944,0.8223965763195435,0.0,1.0,0.0,0.16522988505747124,0.07936507936507937,0.16666666666666669,0.3333333333333333,0.0,0.8424242424242425,0.57816091954023,0.48717948717948717,0.5138121546961327,0.3333333333333333,0.75,0.0,0.75,0.08046722907203116,0.5909090909090909,0.5909090909090909,0.9999999999999999,0.9268292682926831,0.25,0.75,0.25,0.9697525206232815,0.9694656488549619,0.9706422018348625,0.9706601466992666,0.9697525206232815,0.9700488997555012,0.0,1.0,0.0,0.7544483985765125,0.8448275862068965,0.1801286633309507,0.0,0.0,0.0,0.007431516137781393,0.8064516129032259,0.5443548387096774,0.10140237324703343,0.32581798185317556,0.38658536585365855,0.0,0.5,0.0
Mancherial,Telangana,1.0,0.3274553571428571,0.0,0.0,0.0,0.0,0.0,0.0,0.0,0.5,0.6666666666666667,0.2417230437645932,0.236740416509934,0.4813278008298756,0.5,0.0,0.3654135338345864,0.5146804835924006,0.2334630350194551,0.36,0.4642857142857142,0.6702127659574468,0.5581395348837209,0.5,0.3333333333333333,0.0,0.6666666666666666,0.9601837672281777,0.8177570093457944,0.8223965763195435,0.0,1.0,0.0,0.16522988505747124,0.07936507936507937,0.16666666666666669,0.3333333333333333,0.0,0.8424242424242425,0.57816091954023,0.48717948717948717,0.5138121546961327,0.3333333333333333,0.75,0.0,0.75,0.08046722907203116,0.5909090909090909,0.5909090909090909,0.9999999999999999,0.9268292682926831,0.25,0.75,0.25,0.9697525206232815,0.9694656488549619,0.9706422018348625,0.9706601466992666,0.9697525206232815,0.9700488997555012,0.0,1.0,0.0,0.7544483985765125,0.8448275862068965,0.1801286633309507,0.0,0.0,0.0,0.007431516137781393,0.8064516129032259,0.5443548387096774,0.10140237324703343,0.32581798185317556,0.38658536585365855,0.0,0.5,0.0
Asifabad,Telangana,0.0,0.36457270408163267,0.0,0.0,0.0,0.0,0.0,0.0,0.0,0.5,0.6666666666666667,0.2562413937615997,0.25633484936566014,0.5518672199170127,0.5,0.0,0.1744360902255639,0.6459412780656304,0.8054474708171204,0.5200000000000001,0.8214285714285714,0.6446808510638298,0.3023255813953488,0.875,0.6666666666666666,0.3333333333333333,1.0,0.3522205206738132,0.2757009345794392,0.3181169757489301,0.0,0.75,0.0,0.15517241379310343,0.11640211640211641,0.15517241379310348,0.3333333333333333,0.0,0.10060606060606059,0.6632183908045977,0.9368836291913215,0.6998158379373851,0.7916666666666666,0.0,1.0,0.25,0.08565866320571058,0.7424242424242423,0.7424242424242425,0.2545454545454545,0.46341463414634143,0.25,0.75,0.25,0.2456461961503208,0.24580152671755728,0.24587155963302754,0.24572127139364303,0.2456461961503208,0.24572127139364303,1.0,0.5,0.0,0.34875444839857644,0.9310344827586207,0.6211579699785561,0.3333333333333333,1.0,0.0,0.0018985625169514503,0.9070967741935485,0.41129032258064513,0.1521035598705502,0.05677756392631286,0.05121951219512197,0.0,0.0,0.0
Asifabad,Telangana,0.11111111111111427,0.12997448979591836,0.0,0.0,0.0,0.0,0.0,0.0,0.0,0.5,0.6666666666666667,0.08199125905525953,0.07841192764080294,0.37344398340248963,0.0,0.0,0.1744360902255639,0.6459412780656304,0.8054474708171204,0.5200000000000001,0.8214285714285714,0.6446808510638298,0.3023255813953488,0.875,0.6666666666666666,0.3333333333333333,1.0,0.3522205206738132,0.2757009345794392,0.3181169757489301,0.0,0.75,0.0,0.15517241379310343,0.11640211640211641,0.15517241379310348,0.3333333333333333,0.0,0.10060606060606059,0.6632183908045977,0.9368836291913215,0.6998158379373851,0.7916666666666666,0.0,1.0,0.25,0.08565866320571058,0.7424242424242423,0.7424242424242425,0.2545454545454545,0.46341463414634143,0.25,0.75,0.25,0.2456461961503208,0.24580152671755728,0.24587155963302754,0.24572127139364303,0.2456461961503208,0.24572127139364303,1.0,0.5,0.0,0.34875444839857644,0.9310344827586207,0.6211579699785561,0.3333333333333333,1.0,0.0,0.0018985625169514503,0.9070967741935485,0.41129032258064513,0.1521035598705502,0.05677756392631286,0.05121951219512197,0.0,0.0,0.0
Asifabad,Telangana,0.22222222222220012,0.47104591836734694,1.0,1.0,0.25,0.014084507042253521,0.6708860759493671,1.0,0.0,0.0,0.3333333333333333,0.4597677064000478,0.4507061518995999,0.5020746887966809,0.75,0.6666666666666666,0.1744360902255639,0.6459412780656304,0.8054474708171204,0.5200000000000001,0.8214285714285714,0.6446808510638298,0.3023255813953488,0.875,0.6666666666666666,0.3333333333333333,1.0,0.3522205206738132,0.2757009345794392,0.3181169757489301,0.0,0.75,0.0,0.15517241379310343,0.11640211640211641,0.15517241379310348,0.3333333333333333,0.0,0.10060606060606059,0.6632183908045977,0.9368836291913215,0.6998158379373851,0.7916666666666666,0.0,1.0,0.25,0.08565866320571058,0.7424242424242423,0.7424242424242425,0.2545454545454545,0.46341463414634143,0.25,0.75,0.25,0.2456461961503208,0.24580152671755728,0.24587155963302754,0.24572127139364303,0.2456461961503208,0.24572127139364303,1.0,0.5,0.0,0.34875444839857644,0.9310344827586207,0.6211579699785561,0.3333333333333333,1.0,0.0,0.0018985625169514503,0.9070967741935485,0.41129032258064513,0.1521035598705502,0.05677756392631286,0.05121951219512197,0.0,0.0,0.0
Asifabad,Telangana,0.3333333333333144,0.31224489795918364,0.0,0.0,0.0,0.0,0.0,0.0,0.0,0.5,0.6666666666666667,0.35783990899838347,0.3654549806791369,0.6307053941908713,0.5,0.3333333333333333,0.1744360902255639,0.6459412780656304,0.8054474708171204,0.5200000000000001,0.8214285714285714,0.6446808510638298,0.3023255813953488,0.875,0.6666666666666666,0.3333333333333333,1.0,0.3522205206738132,0.2757009345794392,0.3181169757489301,0.0,0.75,0.0,0.15517241379310343,0.11640211640211641,0.15517241379310348,0.3333333333333333,0.0,0.10060606060606059,0.6632183908045977,0.9368836291913215,0.6998158379373851,0.7916666666666666,0.0,1.0,0.25,0.08565866320571058,0.7424242424242423,0.7424242424242425,0.2545454545454545,0.46341463414634143,0.25,0.75,0.25,0.2456461961503208,0.24580152671755728,0.24587155963302754,0.24572127139364303,0.2456461961503208,0.24572127139364303,1.0,0.5,0.0,0.34875444839857644,0.9310344827586207,0.6211579699785561,0.3333333333333333,1.0,0.0,0.0018985625169514503,0.9070967741935485,0.41129032258064513,0.1521035598705502,0.05677756392631286,0.05121951219512197,0.0,0.0,0.0
Asifabad,Telangana,0.44444444444442865,0.5798788265306122,1.0,1.0,0.1590909090909091,0.2112676056338028,0.25316455696202533,1.0,0.0,0.5,0.3333333333333333,0.5514278872058911,0.5531238245050099,0.5850622406639006,1.0,0.6666666666666666,0.1744360902255639,0.6459412780656304,0.8054474708171204,0.5200000000000001,0.8214285714285714,0.6446808510638298,0.3023255813953488,0.875,0.6666666666666666,0.3333333333333333,1.0,0.3522205206738132,0.2757009345794392,0.3181169757489301,0.0,0.75,0.0,0.15517241379310343,0.11640211640211641,0.15517241379310348,0.3333333333333333,0.0,0.10060606060606059,0.6632183908045977,0.9368836291913215,0.6998158379373851,0.7916666666666666,0.0,1.0,0.25,0.08565866320571058,0.7424242424242423,0.7424242424242425,0.2545454545454545,0.46341463414634143,0.25,0.75,0.25,0.2456461961503208,0.24580152671755728,0.24587155963302754,0.24572127139364303,0.2456461961503208,0.24572127139364303,1.0,0.5,0.0,0.34875444839857644,0.9310344827586207,0.6211579699785561,0.3333333333333333,1.0,0.0,0.0018985625169514503,0.9070967741935485,0.41129032258064513,0.1521035598705502,0.05677756392631286,0.05121951219512197,0.0,0.0,0.0
Asifabad,Telangana,0.5555555555555429,0.2056441326530612,0.0,0.0,0.0,0.0,0.0,0.0,0.0,0.5,0.6666666666666667,0.15742680955516972,0.15798652669014807,0.5352697095435688,0.25,0.0,0.1744360902255639,0.6459412780656304,0.8054474708171204,0.5200000000000001,0.8214285714285714,0.6446808510638298,0.3023255813953488,0.875,0.6666666666666666,0.3333333333333333,1.0,0.3522205206738132,0.2757009345794392,0.3181169757489301,0.0,0.75,0.0,0.15517241379310343,0.11640211640211641,0.15517241379310348,0.3333333333333333,0.0,0.10060606060606059,0.6632183908045977,0.9368836291913215,0.6998158379373851,0.7916666666666666,0.0,1.0,0.25,0.08565866320571058,0.7424242424242423,0.7424242424242425,0.2545454545454545,0.46341463414634143,0.25,0.75,0.25,0.2456461961503208,0.24580152671755728,0.24587155963302754,0.24572127139364303,0.2456461961503208,0.24572127139364303,1.0,0.5,0.0,0.34875444839857644,0.9310344827586207,0.6211579699785561,0.3333333333333333,1.0,0.0,0.0018985625169514503,0.9070967741935485,0.41129032258064513,0.1521035598705502,0.05677756392631286,0.05121951219512197,0.0,0.0,0.0
Asifabad,Telangana,0.6666666666666572,0.4512436224489796,1.0,1.0,0.7272727272727273,0.49295774647887325,0.5443037974683544,0.0,0.0,0.0,0.6666666666666667,0.39986828713404776,0.39438498102109903,0.5186721991701244,0.75,0.3333333333333333,0.1744360902255639,0.6459412780656304,0.8054474708171204,0.5200000000000001,0.8214285714285714,0.6446808510638298,0.3023255813953488,0.875,0.6666666666666666,0.3333333333333333,1.0,0.3522205206738132,0.2757009345794392,0.3181169757489301,0.0,0.75,0.0,0.15517241379310343,0.11640211640211641,0.15517241379310348,0.3333333333333333,0.0,0.10060606060606059,0.6632183908045977,0.9368836291913215,0.6998158379373851,0.7916666666666666,0.0,1.0,0.25,0.08565866320571058,0.7424242424242423,0.7424242424242425,0.2545454545454545,0.46341463414634143,0.25,0.75,0.25,0.2456461961503208,0.24580152671755728,0.24587155963302754,0.24572127139364303,0.2456461961503208,0.24572127139364303,1.0,0.5,0.0,0.34875444839857644,0.9310344827586207,0.6211579699785561,0.3333333333333333,1.0,0.0,0.0018985625169514503,0.9070967741935485,0.41129032258064513,0.1521035598705502,0.05677756392631286,0.05121951219512197,0.0,0.0,0.0
Asifabad,Telangana,0.7777777777777715,0.807876275510204,1.0,1.0,0.18181818181818182,0.9295774647887324,0.569620253164557,1.0,1.0,1.0,0.3333333333333333,0.8508950487936298,0.8397907191464624,0.5352697095435688,1.0,1.0,0.1744360902255639,0.6459412780656304,0.8054474708171204,0.5200000000000001,0.8214285714285714,0.6446808510638298,0.3023255813953488,0.875,0.6666666666666666,0.3333333333333333,1.0,0.3522205206738132,0.2757009345794392,0.3181169757489301,0.0,0.75,0.0,0.15517241379310343,0.11640211640211641,0.15517241379310348,0.3333333333333333,0.0,0.10060606060606059,0.6632183908045977,0.9368836291913215,0.6998158379373851,0.7916666666666666,0.0,1.0,0.25,0.08565866320571058,0.7424242424242423,0.7424242424242425,0.2545454545454545,0.46341463414634143,0.25,0.75,0.25,0.2456461961503208,0.24580152671755728,0.24587155963302754,0.24572127139364303,0.2456461961503208,0.24572127139364303,1.0,0.5,0.0,0.34875444839857644,0.9310344827586207,0.6211579699785561,0.3333333333333333,1.0,0.0,0.0018985625169514503,0.9070967741935485,0.41129032258064513,0.1521035598705502,0.05677756392631286,0.05121951219512197,0.0,0.0,0.0
Asifabad,Telangana,0.8888888888888857,0.34776785714285713,0.0,0.0,0.0,0.0,0.0,0.0,0.0,0.5,0.6666666666666667,0.28267377117883014,0.2973361146257224,0.7178423236514524,0.5,0.0,0.1744360902255639,0.6459412780656304,0.8054474708171204,0.5200000000000001,0.8214285714285714,0.6446808510638298,0.3023255813953488,0.875,0.6666666666666666,0.3333333333333333,1.0,0.3522205206738132,0.2757009345794392,0.3181169757489301,0.0,0.75,0.0,0.15517241379310343,0.11640211640211641,0.15517241379310348,0.3333333333333333,0.0,0.10060606060606059,0.6632183908045977,0.9368836291913215,0.6998158379373851,0.7916666666666666,0.0,1.0,0.25,0.08565866320571058,0.7424242424242423,0.7424242424242425,0.2545454545454545,0.46341463414634143,0.25,0.75,0.25,0.2456461961503208,0.24580152671755728,0.24587155963302754,0.24572127139364303,0.2456461961503208,0.24572127139364303,1.0,0.5,0.0,0.34875444839857644,0.9310344827586207,0.6211579699785561,0.3333333333333333,1.0,0.0,0.0018985625169514503,0.9070967741935485,0.41129032258064513,0.1521035598705502,0.05677756392631286,0.05121951219512197,0.0,0.0,0.0
Asifabad,Telangana,1.0,0.14760841836734692,0.0,0.0,0.0,0.0,0.0,0.0,0.0,0.5,0.6666666666666667,0.11647608214093275,0.13090312211469413,0.8340248962655603,0.0,0.0,0.1744360902255639,0.6459412780656304,0.8054474708171204,0.5200000000000001,0.8214285714285714,0.6446808510638298,0.3023255813953488,0.875,0.6666666666666666,0.3333333333333333,1.0,0.3522205206738132,0.2757009345794392,0.3181169757489301,0.0,0.75,0.0,0.15517241379310343,0.11640211640211641,0.15517241379310348,0.3333333333333333,0.0,0.10060606060606059,0.6632183908045977,0.9368836291913215,0.6998158379373851,0.7916666666666666,0.0,1.0,0.25,0.08565866320571058,0.7424242424242423,0.7424242424242425,0.2545454545454545,0.46341463414634143,0.25,0.75,0.25,0.2456461961503208,0.24580152671755728,0.24587155963302754,0.24572127139364303,0.2456461961503208,0.24572127139364303,1.0,0.5,0.0,0.34875444839857644,0.9310344827586207,0.6211579699785561,0.3333333333333333,1.0,0.0,0.0018985625169514503,0.9070967741935485,0.41129032258064513,0.1521035598705502,0.05677756392631286,0.05121951219512197,0.0,0.0,0.0
