District,State,Year,Month,Month_Number,Scenario,Data_Type,Rainfall_mm,Normal_Rainfall_mm,Departure_mm,Departure_Percent,Rainfall_Category,Flood_Probability_Percent
Visakhapatnam,Andhra Pradesh,2025,Jan,0.0,Normal Year,Actual,0.017819192414582317,0.015965166908563134,0.4285190615835777,0.4053112755768394,Normal,0.109
Visakhapatnam,Andhra Pradesh,2025,Feb,0.09090909090909091,Normal Year,Actual,0.013732221677292792,0.015965166908563134,0.4239369501466276,0.3064867218110579,Normal,0.0
Visakhapatnam,Andhra Pradesh,2025,Mar,0.1818181818181818,Normal Year,Forecast,0.014549615824750698,0.015965166908563134,0.4248533724340176,0.326512842838485,Normal,0.0
Visakhapatnam,Andhra Pradesh,2025,Apr,0.2727272727272727,Normal Year,Forecast,0.02844531633153507,0.047895500725689405,0.42027126099706746,0.2868959512407488,Normal,0.0
Visakhapatnam,Andhra Pradesh,2025,May,0.36363636363636365,Normal Year,Forecast,0.0709498119993461,0.11175616835994194,0.4276026392961877,0.3561166739225076,Normal,0.018000000000000002
Visakhapatnam,Andhra Pradesh,2025,Jun,0.4545454545454545,Normal Year,Forecast,0.28821317639365707,0.4629898403483309,0.44941348973607037,0.3800609490639965,Normal,0.063
Visakhapatnam,Andhra Pradesh,2025,Jul,0.5454545454545454,Normal Year,Forecast,0.4449893738760831,0.7822931785195937,0.42357038123167157,0.34436221158032215,Normal,0.0
Visakhapatnam,Andhra Pradesh,2025,Aug,0.6363636363636364,Normal Year,Forecast,0.4062448912865784,0.6865021770682148,0.4406158357771261,0.3604701784936874,Normal,0.027000000000000003
Visakhapatnam,Andhra Pradesh,2025,Sep,0.7272727272727273,Normal Year,Forecast,0.2888670917116234,0.4629898403483309,0.4501466275659824,0.38136700043535043,Normal,0.064
Visakhapatnam,Andhra Pradesh,2025,Oct,0.8181818181818182,Normal Year,Forecast,0.16985450384175252,0.3033381712626996,0.4175219941348974,0.3282542446669569,Normal,0.0
Visakhapatnam,Andhra Pradesh,2025,Nov,0.9090909090909091,Normal Year,Forecast,0.059506293934935436,0.07982583454281568,0.4349340175953079,0.41227688289072706,Normal,0.121
Visakhapatnam,Andhra Pradesh,2025,Dec,0.9999999999999999,Normal Year,Forecast,0.018800065391531798,0.015965166908563134,0.42961876832844575,0.42925555071832827,Normal,0.153
Vizianagaram,Andhra Pradesh,2025,Jan,0.0,Early Monsoon,Actual,0.011933954552885404,0.014513788098693761,0.42283724340175954,0.2799303439268611,Normal,0.0
Vizianagaram,Andhra Pradesh,2025,Feb,0.09090909090909091,Early Monsoon,Actual,0.011933954552885404,0.014513788098693761,0.42283724340175954,0.2799303439268611,Normal,0.0
Vizianagaram,Andhra Pradesh,2025,Mar,0.1818181818181818,Early Monsoon,Forecast,0.011933954552885404,0.014513788098693761,0.42283724340175954,0.2799303439268611,Normal,0.0
Vizianagaram,Andhra Pradesh,2025,Apr,0.2727272727272727,Early Monsoon,Forecast,0.0264835703776361,0.04499274310595065,0.41990469208211145,0.2799303439268611,Normal,0.0
Vizianagaram,Andhra Pradesh,2025,May,0.36363636363636365,Early Monsoon,Forecast,0.09350989046918425,0.10595065312046445,0.4565615835777126,0.520243796255986,Excess,0.32
Vizianagaram,Andhra Pradesh,2025,Jun,0.4545454545454545,Early Monsoon,Forecast,0.3578551577570705,0.4412191582002903,0.5412390029325513,0.520243796255986,Excess,0.32
Vizianagaram,Andhra Pradesh,2025,Jul,0.5454545454545454,Early Monsoon,Forecast,0.3621056073238516,0.7460087082728593,0.35355571847507333,0.2808010448410971,Normal,0.0
Vizianagaram,Andhra Pradesh,2025,Aug,0.6363636363636364,Early Monsoon,Forecast,0.31829328102010795,0.6545718432510885,0.3621700879765396,0.2808010448410971,Normal,0.0
Vizianagaram,Andhra Pradesh,2025,Sep,0.7272727272727273,Early Monsoon,Forecast,0.2162824914173615,0.4412191582002903,0.38251466275659823,0.2808010448410971,Normal,0.0
Vizianagaram,Andhra Pradesh,2025,Oct,0.8181818181818182,Early Monsoon,Forecast,0.14320745463462484,0.28882438316400577,0.39681085043988273,0.2808010448410971,Normal,0.0
Vizianagaram,Andhra Pradesh,2025,Nov,0.9090909090909091,Early Monsoon,Forecast,0.04119666503187838,0.07547169811320756,0.41715542521994137,0.2812363952982151,Normal,0.0
Vizianagaram,Andhra Pradesh,2025,Dec,0.9999999999999999,Early Monsoon,Forecast,0.011933954552885404,0.014513788098693761,0.42283724340175954,0.2799303439268611,Normal,0.0
Srikakulam,Andhra Pradesh,2025,Jan,0.0,Delayed Monsoon,Actual,0.018146150073565473,0.01741654571843251,0.4279692082111437,0.391380060949064,Normal,0.083
Srikakulam,Andhra Pradesh,2025,Feb,0.09090909090909091,Delayed Monsoon,Actual,0.018146150073565473,0.01741654571843251,0.4279692082111437,0.391380060949064,Normal,0.083
Srikakulam,Andhra Pradesh,2025,Mar,0.1818181818181818,Delayed Monsoon,Forecast,0.018146150073565473,0.01741654571843251,0.4279692082111437,0.391380060949064,Normal,0.083
Srikakulam,Andhra Pradesh,2025,Apr,0.2727272727272727,Delayed Monsoon,Forecast,0.03874448258950467,0.05079825834542816,0.42998533724340177,0.3896386591205921,Normal,0.08
Srikakulam,Andhra Pradesh,2025,May,0.36363636363636365,Delayed Monsoon,Forecast,0.08010462645087463,0.11756168359941944,0.4342008797653959,0.3896386591205921,Normal,0.08
Srikakulam,Andhra Pradesh,2025,Jun,0.4545454545454545,Delayed Monsoon,Forecast,0.08206637240477359,0.4847605224963715,0.20454545454545456,0.041358293426208115,Deficient,0.0
Srikakulam,Andhra Pradesh,2025,Jul,0.5454545454545454,Delayed Monsoon,Forecast,0.1383030897498774,0.8185776487663281,0.05681818181818182,0.041358293426208115,Deficient,0.0
Srikakulam,Andhra Pradesh,2025,Aug,0.6363636363636364,Delayed Monsoon,Forecast,0.45234592120320427,0.7184325108853411,0.47214076246334313,0.3896386591205921,Normal,0.08
Srikakulam,Andhra Pradesh,2025,Sep,0.7272727272727273,Delayed Monsoon,Forecast,0.3076671571031552,0.4847605224963715,0.4574780058651027,0.3896386591205921,Normal,0.08
Srikakulam,Andhra Pradesh,2025,Oct,0.8181818181818182,Delayed Monsoon,Forecast,0.2041850580349845,0.3178519593613933,0.4468475073313783,0.3896386591205921,Normal,0.08
Srikakulam,Andhra Pradesh,2025,Nov,0.9090909090909091,Delayed Monsoon,Forecast,0.059506293934935436,0.0841799709724238,0.43218475073313783,0.39007400957771005,Normal,0.081
Srikakulam,Andhra Pradesh,2025,Dec,0.9999999999999999,Delayed Monsoon,Forecast,0.018146150073565473,0.01741654571843251,0.4279692082111437,0.391380060949064,Normal,0.083
East Godavari,Andhra Pradesh,2025,Jan,0.0,Flood Year,Actual,0.03367663887526566,0.018867924528301886,0.4444648093841642,0.7161515019590771,Extremely Excess,0.68
East Godavari,Andhra Pradesh,2025,Feb,0.09090909090909091,Flood Year,Actual,0.040052313225437314,0.018867924528301886,0.45161290322580644,0.8576404005224205,Extremely Excess,0.9400000000000001
East Godavari,Andhra Pradesh,2025,Mar,0.1818181818181818,Flood Year,Forecast,0.03956187673696257,0.018867924528301886,0.4510630498533724,0.846756639094471,Extremely Excess,0.92
East Godavari,Andhra Pradesh,2025,Apr,0.2727272727272727,Flood Year,Forecast,0.07454634624816088,0.05370101596516691,0.468291788856305,0.7670875054418808,Extremely Excess,0.773
East Godavari,Andhra Pradesh,2025,May,0.36363636363636365,Flood Year,Forecast,0.15922837992479977,0.12336719883889695,0.5192448680351907,0.8084457988680889,Extremely Excess,0.85
East Godavari,Andhra Pradesh,2025,Jun,0.4545454545454545,Flood Year,Forecast,0.5172470165113618,0.5065312046444123,0.6787023460410557,0.6800174140182847,Extremely Excess,0.613
East Godavari,Andhra Pradesh,2025,Jul,0.5454545454545454,Flood Year,Forecast,1.0,0.8548621190130624,1.0,0.8006094906399652,Extremely Excess,0.835
East Godavari,Andhra Pradesh,2025,Aug,0.6363636363636364,Flood Year,Forecast,0.6347882949158085,0.7503628447024674,0.656524926686217,0.5537657814540705,Excess,0.38200000000000006
East Godavari,Andhra Pradesh,2025,Sep,0.7272727272727273,Flood Year,Forecast,0.5407879679581494,0.5065312046444123,0.7050953079178885,0.7148454505877231,Extremely Excess,0.677
East Godavari,Andhra Pradesh,2025,Oct,0.8181818181818182,Flood Year,Forecast,0.2810201078960275,0.33236574746008707,0.5238269794721407,0.5402699172834131,Excess,0.35700000000000004
East Godavari,Andhra Pradesh,2025,Nov,0.9090909090909091,Flood Year,Forecast,0.09252901749223477,0.08853410740203194,0.46645894428152496,0.6147148454505877,Excess,0.493
East Godavari,Andhra Pradesh,2025,Dec,0.9999999999999999,Flood Year,Forecast,0.0264835703776361,0.018867924528301886,0.43640029325513197,0.5563778841967784,Excess,0.387
West Godavari,Andhra Pradesh,2025,Jan,0.0,Drought Year,Actual,0.0014713094654242274,0.014513788098693761,0.4111070381231672,0.014366565084893312,Deficient,0.0
West Godavari,Andhra Pradesh,2025,Feb,0.09090909090909091,Drought Year,Actual,0.0034330554193231985,0.014513788098693761,0.41330645161290325,0.06399651719634308,Deficient,0.0
West Godavari,Andhra Pradesh,2025,Mar,0.1818181818181818,Drought Year,Forecast,0.003106097760340036,0.014513788098693761,0.41293988269794724,0.05572485851110143,Deficient,0.0
West Godavari,Andhra Pradesh,2025,Apr,0.2727272727272727,Drought Year,Forecast,0.009154814451528529,0.04499274310595065,0.40047653958944285,0.060078363082281205,Deficient,0.0
West Godavari,Andhra Pradesh,2025,May,0.36363636363636365,Drought Year,Forecast,0.015040052313225442,0.10595065312046445,0.3685850439882698,0.02263822377013497,Deficient,0.0
West Godavari,Andhra Pradesh,2025,Jun,0.4545454545454545,Drought Year,Forecast,0.1350335131600458,0.4412191582002903,0.29142228739002934,0.1436656508489334,Deficient,0.0
West Godavari,Andhra Pradesh,2025,Jul,0.5454545454545454,Drought Year,Forecast,0.10724211214647705,0.7460087082728593,0.06781524926686217,0.022202873313016958,Deficient,0.0
West Godavari,Andhra Pradesh,2025,Aug,0.6363636363636364,Drought Year,Forecast,0.2120320418505804,0.6545718432510885,0.24303519061583578,0.15803221593382671,Deficient,0.0
West Godavari,Andhra Pradesh,2025,Sep,0.7272727272727273,Drought Year,Forecast,0.06097760340035966,0.4412191582002903,0.2083944281524927,0.01828471919895519,Deficient,0.0
West Godavari,Andhra Pradesh,2025,Oct,0.8181818181818182,Drought Year,Forecast,0.05754454798103646,0.28882438316400577,0.30076979472140764,0.06312581628210712,Deficient,0.0
West Godavari,Andhra Pradesh,2025,Nov,0.9090909090909091,Drought Year,Forecast,0.025502697400686614,0.07547169811320756,0.3995601173020528,0.1484545058772312,Deficient,0.0
West Godavari,Andhra Pradesh,2025,Dec,0.9999999999999999,Drought Year,Forecast,0.0027791401013568737,0.014513788098693761,0.4125733137829912,0.047453199825859826,Deficient,0.0
Krishna,Andhra Pradesh,2025,Jan,0.0,Cyclone Risk,Actual,0.012097433382376984,0.011611030478955009,0.4248533724340176,0.32303003918154116,Normal,0.0
Krishna,Andhra Pradesh,2025,Feb,0.09090909090909091,Cyclone Risk,Actual,0.012097433382376984,0.011611030478955009,0.4248533724340176,0.32303003918154116,Normal,0.0
Krishna,Andhra Pradesh,2025,Mar,0.1818181818181818,Cyclone Risk,Forecast,0.012097433382376984,0.011611030478955009,0.4248533724340176,0.32303003918154116,Normal,0.0
Krishna,Andhra Pradesh,2025,Apr,0.2727272727272727,Cyclone Risk,Forecast,0.026974006866110845,0.03918722786647315,0.4241202346041056,0.325642141924249,Normal,0.0
Krishna,Andhra Pradesh,2025,May,0.36363636363636365,Cyclone Risk,Forecast,0.0564001961745954,0.09433962264150944,0.4222873900293255,0.3243360905528951,Normal,0.0
Krishna,Andhra Pradesh,2025,Jun,0.4545454545454545,Cyclone Risk,Forecast,0.2187346738597352,0.397677793904209,0.41275659824046923,0.3243360905528951,Normal,0.0
Krishna,Andhra Pradesh,2025,Jul,0.5454545454545454,Cyclone Risk,Forecast,0.36619257806114114,0.6734397677793905,0.40395894428152496,0.3243360905528951,Normal,0.0
Krishna,Andhra Pradesh,2025,Aug,0.6363636363636364,Cyclone Risk,Forecast,0.32188981526892274,0.5907111756168361,0.40652492668621704,0.3243360905528951,Normal,0.0
Krishna,Andhra Pradesh,2025,Sep,0.7272727272727273,Cyclone Risk,Forecast,0.2187346738597352,0.397677793904209,0.41275659824046923,0.3243360905528951,Normal,0.0
Krishna,Andhra Pradesh,2025,Oct,0.8181818181818182,Cyclone Risk,Forecast,0.38564655877063925,0.2597968069666183,0.686950146627566,0.9991292990857641,Extremely Excess,1.0
Krishna,Andhra Pradesh,2025,Nov,0.9090909090909091,Cyclone Risk,Forecast,0.11378126532614029,0.0667634252539913,0.5040322580645161,0.9982585981715282,Extremely Excess,1.0
Krishna,Andhra Pradesh,2025,Dec,0.9999999999999999,Cyclone Risk,Forecast,0.012097433382376984,0.011611030478955009,0.4248533724340176,0.32303003918154116,Normal,0.0
Guntur,Andhra Pradesh,2025,Jan,0.0,Normal Year,Actual,0.010953081575935919,0.010159651669085633,0.4244868035190616,0.31214627775359166,Normal,0.0
Guntur,Andhra Pradesh,2025,Feb,0.09090909090909091,Normal Year,Actual,0.010462645087461175,0.010159651669085633,0.4239369501466276,0.2977797126686983,Normal,0.0
Guntur,Andhra Pradesh,2025,Mar,0.1818181818181818,Normal Year,Forecast,0.010299166257969596,0.010159651669085633,0.4237536656891496,0.29299085764040056,Normal,0.0
Guntur,Andhra Pradesh,2025,Apr,0.2727272727272727,Normal Year,Forecast,0.024848782082720296,0.036284470246734396,0.42357038123167157,0.31693513278188945,Normal,0.0
Guntur,Andhra Pradesh,2025,May,0.36363636363636365,Normal Year,Forecast,0.052313225437305884,0.08853410740203194,0.4213709677419355,0.31693513278188945,Normal,0.0
Guntur,Andhra Pradesh,2025,Jun,0.4545454545454545,Normal Year,Forecast,0.23949648520516595,0.37590711175616837,0.4497800586510264,0.38833260774923817,Normal,0.078
Guntur,Andhra Pradesh,2025,Jul,0.5454545454545454,Normal Year,Forecast,0.40019617459539,0.6371552975326561,0.46499266862170086,0.3874619068350022,Normal,0.076
Guntur,Andhra Pradesh,2025,Aug,0.6363636363636364,Normal Year,Forecast,0.3472290338401178,0.5587808417997098,0.45509530791788855,0.38136700043535043,Normal,0.065
Guntur,Andhra Pradesh,2025,Sep,0.7272727272727273,Normal Year,Forecast,0.22543730586889002,0.37590711175616837,0.4340175953079179,0.3604701784936874,Normal,0.027000000000000003
Guntur,Andhra Pradesh,2025,Oct,0.8181818181818182,Normal Year,Forecast,0.13961092038581005,0.24528301886792453,0.42027126099706746,0.3317370483239008,Normal,0.0
Guntur,Andhra Pradesh,2025,Nov,0.9090909090909091,Normal Year,Forecast,0.042667974497302606,0.062409288824383166,0.4270527859237537,0.35742272529386154,Normal,0.021
Guntur,Andhra Pradesh,2025,Dec,0.9999999999999999,Normal Year,Forecast,0.010953081575935919,0.010159651669085633,0.4244868035190616,0.31214627775359166,Normal,0.0
Prakasam,Andhra Pradesh,2025,Jan,0.0,Early Monsoon,Actual,0.009154814451528529,0.008708272859216257,0.42338709677419356,0.27949499346974316,Normal,0.0
Prakasam,Andhra Pradesh,2025,Feb,0.09090909090909091,Early Monsoon,Actual,0.009154814451528529,0.008708272859216257,0.42338709677419356,0.27949499346974316,Normal,0.0
Prakasam,Andhra Pradesh,2025,Mar,0.1818181818181818,Early Monsoon,Forecast,0.009154814451528529,0.008708272859216257,0.42338709677419356,0.27949499346974316,Normal,0.0
Prakasam,Andhra Pradesh,2025,Apr,0.2727272727272727,Early Monsoon,Forecast,0.020925290174922354,0.033381712626995644,0.4210043988269795,0.27949499346974316,Normal,0.0
Prakasam,Andhra Pradesh,2025,May,0.36363636363636365,Early Monsoon,Forecast,0.07520026156612719,0.08272859216255443,0.4506964809384164,0.520243796255986,Excess,0.32
Prakasam,Andhra Pradesh,2025,Jun,0.4545454545454545,Early Monsoon,Forecast,0.28919404937060655,0.3541364296081277,0.5192448680351907,0.520243796255986,Excess,0.32
Prakasam,Andhra Pradesh,2025,Jul,0.5454545454545454,Early Monsoon,Forecast,0.29262710478992976,0.6008708272859217,0.36730205278592376,0.2808010448410971,Normal,0.0
Prakasam,Andhra Pradesh,2025,Aug,0.6363636363636364,Early Monsoon,Forecast,0.2571521987902567,0.5268505079825835,0.374266862170088,0.2808010448410971,Normal,0.0
Prakasam,Andhra Pradesh,2025,Sep,0.7272727272727273,Early Monsoon,Forecast,0.17459538989700837,0.3541364296081277,0.3907624633431085,0.2808010448410971,Normal,0.0
Prakasam,Andhra Pradesh,2025,Oct,0.8181818181818182,Early Monsoon,Forecast,0.11541605362105609,0.23076923076923075,0.4023093841642229,0.2803656943839791,Normal,0.0
Prakasam,Andhra Pradesh,2025,Nov,0.9090909090909091,Early Monsoon,Forecast,0.032859244727807754,0.058055152394775045,0.4188049853372434,0.2812363952982151,Normal,0.0
Prakasam,Andhra Pradesh,2025,Dec,0.9999999999999999,Early Monsoon,Forecast,0.009154814451528529,0.008708272859216257,0.42338709677419356,0.27949499346974316,Normal,0.0
Nellore,Andhra Pradesh,2025,Jan,0.0,Delayed Monsoon,Actual,0.015040052313225442,0.012481857764876637,0.4276026392961877,0.39050936003482806,Normal,0.08199999999999999
Nellore,Andhra Pradesh,2025,Feb,0.09090909090909091,Delayed Monsoon,Actual,0.015040052313225442,0.012481857764876637,0.4276026392961877,0.39050936003482806,Normal,0.08199999999999999
Nellore,Andhra Pradesh,2025,Mar,0.1818181818181818,Delayed Monsoon,Forecast,0.015040052313225442,0.012481857764876637,0.4276026392961877,0.39050936003482806,Normal,0.08199999999999999
Nellore,Andhra Pradesh,2025,Apr,0.2727272727272727,Delayed Monsoon,Forecast,0.03269576589831618,0.04092888243831641,0.42943548387096775,0.39050936003482806,Normal,0.08199999999999999
Nellore,Andhra Pradesh,2025,May,0.36363636363636365,Delayed Monsoon,Forecast,0.06784371423900605,0.09782293178519595,0.43291788856304986,0.3892033086634741,Normal,0.08
Nellore,Andhra Pradesh,2025,Jun,0.4545454545454545,Delayed Monsoon,Forecast,0.06947850253392186,0.4107402031930334,0.2371700879765396,0.041358293426208115,Deficient,0.0
Nellore,Andhra Pradesh,2025,Jul,0.5454545454545454,Delayed Monsoon,Forecast,0.11754127840444664,0.6952104499274311,0.11143695014662758,0.041358293426208115,Deficient,0.0
Nellore,Andhra Pradesh,2025,Aug,0.6363636363636364,Delayed Monsoon,Forecast,0.3851561222821645,0.6098693759071118,0.4653592375366569,0.3896386591205921,Normal,0.08
Nellore,Andhra Pradesh,2025,Sep,0.7272727272727273,Delayed Monsoon,Forecast,0.26172960601602097,0.4107402031930334,0.4527126099706745,0.3896386591205921,Normal,0.08
Nellore,Andhra Pradesh,2025,Oct,0.8181818181818182,Delayed Monsoon,Forecast,0.17361451692005886,0.26850507982583455,0.4437316715542522,0.3896386591205921,Normal,0.08
Nellore,Andhra Pradesh,2025,Nov,0.9090909090909091,Delayed Monsoon,Forecast,0.05018800065391532,0.06937590711175617,0.4310850439882698,0.3892033086634741,Normal,0.079
Nellore,Andhra Pradesh,2025,Dec,0.9999999999999999,Delayed Monsoon,Forecast,0.015040052313225442,0.012481857764876637,0.4276026392961877,0.39050936003482806,Normal,0.08199999999999999
Kurnool,Andhra Pradesh,2025,Jan,0.0,Flood Year,Actual,0.01683831943763283,0.0014513788098693761,0.43658357771260997,0.7740531127557684,Extremely Excess,0.787
Kurnool,Andhra Pradesh,2025,Feb,0.09090909090909091,Flood Year,Actual,0.01569396763119176,0.0014513788098693761,0.43530058651026393,0.7235524597300828,Extremely Excess,0.693
Kurnool,Andhra Pradesh,2025,Mar,0.1818181818181818,Flood Year,Forecast,0.014876573483733857,0.0014513788098693761,0.4343841642228739,0.6869830213321724,Extremely Excess,0.627
Kurnool,Andhra Pradesh,2025,Apr,0.2727272727272727,Flood Year,Forecast,0.0376001307830636,0.018867924528301886,0.44886363636363635,0.8032215933826731,Extremely Excess,0.84
Kurnool,Andhra Pradesh,2025,May,0.36363636363636365,Flood Year,Forecast,0.08043158410985778,0.05370101596516691,0.4748900293255132,0.8323900740095778,Extremely Excess,0.893
Kurnool,Andhra Pradesh,2025,Jun,0.4545454545454545,Flood Year,Forecast,0.24734346902076185,0.24528301886792453,0.5410557184750733,0.6504135829342621,Excess,0.559
Kurnool,Andhra Pradesh,2025,Jul,0.5454545454545454,Flood Year,Forecast,0.4714729442537192,0.4194484760522496,0.6823680351906158,0.7522855898998694,Extremely Excess,0.747
Kurnool,Andhra Pradesh,2025,Aug,0.6363636363636364,Flood Year,Forecast,0.3575282000980874,0.3671988388969521,0.5876099706744868,0.6373530692207228,Excess,0.535
Kurnool,Andhra Pradesh,2025,Sep,0.7272727272727273,Flood Year,Forecast,0.3179663233611248,0.24528301886792453,0.6202346041055719,0.8593818023508926,Extremely Excess,0.943
Kurnool,Andhra Pradesh,2025,Oct,0.8181818181818182,Flood Year,Forecast,0.13601438613699526,0.15820029027576196,0.4712243401759531,0.5259033521985198,Excess,0.331
Kurnool,Andhra Pradesh,2025,Nov,0.9090909090909091,Flood Year,Forecast,0.050024521824423754,0.036284470246734396,0.45179618768328444,0.6895951240748803,Extremely Excess,0.631
Kurnool,Andhra Pradesh,2025,Dec,0.9999999999999999,Flood Year,Forecast,0.01160699689390224,0.0014513788098693761,0.4307184750733138,0.542011319111885,Excess,0.36
Kadapa,Andhra Pradesh,2025,Jan,0.0,Drought Year,Actual,0.000980872976949485,0.004354136429608128,0.41697214076246336,0.047453199825859826,Deficient,0.0
Kadapa,Andhra Pradesh,2025,Feb,0.09090909090909091,Drought Year,Actual,0.004086970737289521,0.004354136429608128,0.42045454545454547,0.1658685241619504,Deficient,0.0
Kadapa,Andhra Pradesh,2025,Mar,0.1818181818181818,Drought Year,Forecast,0.003596534248814778,0.004354136429608128,0.41990469208211145,0.1471484545058772,Deficient,0.0
Kadapa,Andhra Pradesh,2025,Apr,0.2727272727272727,Drought Year,Forecast,0.0021252247833905506,0.02467343976777939,0.405425219941349,0.0008707009142359667,Deficient,0.0
Kadapa,Andhra Pradesh,2025,May,0.36363636363636365,Drought Year,Forecast,0.016511361778649668,0.06531204644412192,0.39589442815249265,0.09272964736612971,Deficient,0.0
Kadapa,Andhra Pradesh,2025,Jun,0.4545454545454545,Drought Year,Forecast,0.07307503678273664,0.28882438316400577,0.3181818181818182,0.10274270787984327,Deficient,0.0
Kadapa,Andhra Pradesh,2025,Jul,0.5454545454545454,Drought Year,Forecast,0.0956351152525748,0.49201741654571846,0.2151759530791789,0.060078363082281205,Deficient,0.0
Kadapa,Andhra Pradesh,2025,Aug,0.6363636363636364,Drought Year,Forecast,0.10004904364884748,0.4310595065312046,0.2586143695014663,0.08837614279494993,Deficient,0.0
Kadapa,Andhra Pradesh,2025,Sep,0.7272727272727273,Drought Year,Forecast,0.04054274971391205,0.28882438316400577,0.28170821114369504,0.02002612102742707,Deficient,0.0
Kadapa,Andhra Pradesh,2025,Oct,0.8181818181818182,Drought Year,Forecast,0.05394801373222169,0.18722786647314948,0.36088709677419356,0.1258162821070962,Deficient,0.0
Kadapa,Andhra Pradesh,2025,Nov,0.9090909090909091,Drought Year,Forecast,0.006375674350171653,0.04499274310595065,0.39736070381231675,0.024814976055724858,Deficient,0.0
Kadapa,Andhra Pradesh,2025,Dec,0.9999999999999999,Drought Year,Forecast,0.0004904364884747419,0.004354136429608128,0.41642228739002934,0.028733130169786625,Deficient,0.0
Anantapur,Andhra Pradesh,2025,Jan,0.0,Cyclone Risk,Actual,0.0058852378616969115,0.0,0.4252199413489736,0.3221593382673052,Normal,0.0
Anantapur,Andhra Pradesh,2025,Feb,0.09090909090909091,Cyclone Risk,Actual,0.0058852378616969115,0.0,0.4252199413489736,0.3221593382673052,Normal,0.0
Anantapur,Andhra Pradesh,2025,Mar,0.1818181818181818,Cyclone Risk,Forecast,0.0058852378616969115,0.0,0.4252199413489736,0.3221593382673052,Normal,0.0
Anantapur,Andhra Pradesh,2025,Apr,0.2727272727272727,Cyclone Risk,Forecast,0.014386136995259117,0.015965166908563134,0.4246700879765396,0.3221593382673052,Normal,0.0
Anantapur,Andhra Pradesh,2025,May,0.36363636363636365,Cyclone Risk,Forecast,0.031551414091875105,0.047895500725689405,0.4237536656891496,0.3243360905528951,Normal,0.0
Anantapur,Andhra Pradesh,2025,Jun,0.4545454545454545,Cyclone Risk,Forecast,0.12555174104953412,0.22351233671988388,0.4182551319648094,0.3243360905528951,Normal,0.0
Anantapur,Andhra Pradesh,2025,Jul,0.5454545454545454,Cyclone Risk,Forecast,0.2108876900441393,0.38316400580551524,0.41312316715542524,0.3243360905528951,Normal,0.0
Anantapur,Andhra Pradesh,2025,Aug,0.6363636363636364,Cyclone Risk,Forecast,0.18522151381396113,0.3352685050798258,0.4145894428152493,0.3243360905528951,Normal,0.0
Anantapur,Andhra Pradesh,2025,Sep,0.7272727272727273,Cyclone Risk,Forecast,0.12555174104953412,0.22351233671988388,0.4182551319648094,0.3243360905528951,Normal,0.0
Anantapur,Andhra Pradesh,2025,Oct,0.8181818181818182,Cyclone Risk,Forecast,0.2221677292790584,0.14368650217706821,0.5769794721407625,0.9991292990857641,Extremely Excess,1.0
Anantapur,Andhra Pradesh,2025,Nov,0.9090909090909091,Cyclone Risk,Forecast,0.06473761647866602,0.031930333817126275,0.4710410557184751,0.99782324771441,Extremely Excess,1.0
Anantapur,Andhra Pradesh,2025,Dec,0.9999999999999999,Cyclone Risk,Forecast,0.0058852378616969115,0.0,0.4252199413489736,0.3221593382673052,Normal,0.0
Chittoor,Andhra Pradesh,2025,Jan,0.0,Normal Year,Actual,0.011443518064410659,0.007256894049346881,0.42686950146627567,0.3787548976926426,Normal,0.06
Chittoor,Andhra Pradesh,2025,Feb,0.09090909090909091,Normal Year,Actual,0.0111165604054275,0.007256894049346881,0.42650293255131966,0.3678711362646931,Normal,0.04
Chittoor,Andhra Pradesh,2025,Mar,0.1818181818181818,Normal Year,Forecast,0.012751348700343309,0.007256894049346881,0.4283357771260997,0.4222899434044406,Normal,0.14
Chittoor,Andhra Pradesh,2025,Apr,0.2727272727272727,Normal Year,Forecast,0.026974006866110845,0.030478955007256895,0.42961876832844575,0.40313452329124944,Normal,0.105
Chittoor,Andhra Pradesh,2025,May,0.36363636363636365,Normal Year,Forecast,0.05509236553866275,0.07692307692307693,0.4318181818181818,0.390944710491946,Normal,0.08199999999999999
Chittoor,Andhra Pradesh,2025,Jun,0.4545454545454545,Normal Year,Forecast,0.22723557299329739,0.33236574746008707,0.46352639296187687,0.4209838920330866,Normal,0.13699999999999998
Chittoor,Andhra Pradesh,2025,Jul,0.5454545454545454,Normal Year,Forecast,0.295242766061795,0.5645863570391872,0.3931451612903226,0.30735742272529387,Normal,0.0
Chittoor,Andhra Pradesh,2025,Aug,0.6363636363636364,Normal Year,Forecast,0.24243910413601444,0.49492017416545714,0.3779325513196481,0.28167174575533305,Normal,0.0
Chittoor,Andhra Pradesh,2025,Sep,0.7272727272727273,Normal Year,Forecast,0.17917279712277262,0.33236574746008707,0.40964076246334313,0.31432303003918155,Normal,0.0
Chittoor,Andhra Pradesh,2025,Oct,0.8181818181818182,Normal Year,Forecast,0.11492561713258136,0.216255442670537,0.4109237536656892,0.3021332172398781,Normal,0.0
Chittoor,Andhra Pradesh,2025,Nov,0.9090909090909091,Normal Year,Forecast,0.04413928396272684,0.05370101596516691,0.4342008797653959,0.4296909011754462,Normal,0.153
Chittoor,Andhra Pradesh,2025,Dec,0.9999999999999999,Normal Year,Forecast,0.012751348700343309,0.007256894049346881,0.4283357771260997,0.4222899434044406,Normal,0.14
Alluri Sitharama Raju,Andhra Pradesh,2025,Jan,0.0,Early Monsoon,Actual,0.01683831943763283,0.02467343976777939,0.4219208211143695,0.2808010448410971,Normal,0.0
Alluri Sitharama Raju,Andhra Pradesh,2025,Feb,0.09090909090909091,Early Monsoon,Actual,0.01683831943763283,0.02467343976777939,0.4219208211143695,0.2808010448410971,Normal,0.0
Alluri Sitharama Raju,Andhra Pradesh,2025,Mar,0.1818181818181818,Early Monsoon,Forecast,0.01683831943763283,0.02467343976777939,0.4219208211143695,0.2808010448410971,Normal,0.0
Alluri Sitharama Raju,Andhra Pradesh,2025,Apr,0.2727272727272727,Early Monsoon,Forecast,0.03629230014713095,0.06531204644412192,0.4180718475073314,0.2808010448410971,Normal,0.0
Alluri Sitharama Raju,Andhra Pradesh,2025,May,0.36363636363636365,Early Monsoon,Forecast,0.12555174104953412,0.14658925979680695,0.46682551319648097,0.520243796255986,Excess,0.32
Alluri Sitharama Raju,Andhra Pradesh,2025,Jun,0.4545454545454545,Early Monsoon,Forecast,0.47801209743338247,0.5936139332365747,0.5797287390029325,0.520243796255986,Excess,0.32
Alluri Sitharama Raju,Andhra Pradesh,2025,Jul,0.5454545454545454,Early Monsoon,Forecast,0.48373385646558775,1.0,0.3295454545454546,0.2808010448410971,Normal,0.0
Alluri Sitharama Raju,Andhra Pradesh,2025,Aug,0.6363636363636364,Early Monsoon,Forecast,0.4253719143370934,0.8780841799709724,0.34109237536656895,0.2808010448410971,Normal,0.0
Alluri Sitharama Raju,Andhra Pradesh,2025,Sep,0.7272727272727273,Early Monsoon,Forecast,0.28919404937060655,0.5936139332365747,0.3680351906158358,0.2808010448410971,Normal,0.0
Alluri Sitharama Raju,Andhra Pradesh,2025,Oct,0.8181818181818182,Early Monsoon,Forecast,0.19192414582311593,0.3904208998548621,0.3872800586510264,0.2808010448410971,Normal,0.0
Alluri Sitharama Raju,Andhra Pradesh,2025,Nov,0.9090909090909091,Early Monsoon,Forecast,0.05574628085662908,0.10595065312046445,0.4142228739002933,0.2808010448410971,Normal,0.0
Alluri Sitharama Raju,Andhra Pradesh,2025,Dec,0.9999999999999999,Early Monsoon,Forecast,0.01683831943763283,0.02467343976777939,0.4219208211143695,0.2808010448410971,Normal,0.0
Anakapalli,Andhra Pradesh,2025,Jan,0.0,Delayed Monsoon,Actual,0.01683831943763283,0.015384615384615389,0.4277859237536657,0.39050936003482806,Normal,0.081
Anakapalli,Andhra Pradesh,2025,Feb,0.09090909090909091,Delayed Monsoon,Actual,0.01683831943763283,0.015384615384615389,0.4277859237536657,0.39050936003482806,Normal,0.081
Anakapalli,Andhra Pradesh,2025,Mar,0.1818181818181818,Delayed Monsoon,Forecast,0.01683831943763283,0.015384615384615389,0.4277859237536657,0.39050936003482806,Normal,0.081
Anakapalli,Andhra Pradesh,2025,Apr,0.2727272727272727,Delayed Monsoon,Forecast,0.03629230014713095,0.046734397677793915,0.42980205278592376,0.39050936003482806,Normal,0.081
Anakapalli,Andhra Pradesh,2025,May,0.36363636363636365,Delayed Monsoon,Forecast,0.07503678273663561,0.10943396226415096,0.4336510263929619,0.3896386591205921,Normal,0.08
Anakapalli,Andhra Pradesh,2025,Jun,0.4545454545454545,Delayed Monsoon,Forecast,0.076835049861043,0.45428156748911463,0.21792521994134897,0.041358293426208115,Deficient,0.0
Anakapalli,Andhra Pradesh,2025,Jul,0.5454545454545454,Delayed Monsoon,Forecast,0.1298021906163152,0.7677793904208999,0.07936217008797658,0.041358293426208115,Deficient,0.0
Anakapalli,Andhra Pradesh,2025,Aug,0.6363636363636364,Delayed Monsoon,Forecast,0.42471799901912705,0.6737300435413643,0.46939149560117305,0.3896386591205921,Normal,0.08
Anakapalli,Andhra Pradesh,2025,Sep,0.7272727272727273,Delayed Monsoon,Forecast,0.2887036128821318,0.45428156748911463,0.45546187683284456,0.3896386591205921,Normal,0.08
Anakapalli,Andhra Pradesh,2025,Oct,0.8181818181818182,Delayed Monsoon,Forecast,0.19159718816413276,0.29753265602322204,0.44556451612903225,0.3896386591205921,Normal,0.08
Anakapalli,Andhra Pradesh,2025,Nov,0.9090909090909091,Delayed Monsoon,Forecast,0.0555828020271375,0.07808417997097242,0.4316348973607038,0.3892033086634741,Normal,0.079
Anakapalli,Andhra Pradesh,2025,Dec,0.9999999999999999,Delayed Monsoon,Forecast,0.01683831943763283,0.015384615384615389,0.4277859237536657,0.39050936003482806,Normal,0.081
Bapatla,Andhra Pradesh,2025,Jan,0.0,Flood Year,Actual,0.02288703612882132,0.010740203193033381,0.4375,0.6491075315629081,Excess,0.557
Bapatla,Andhra Pradesh,2025,Feb,0.09090909090909091,Flood Year,Actual,0.02403138793526239,0.010740203193033381,0.43878299120234604,0.6821941663038746,Extremely Excess,0.617
Bapatla,Andhra Pradesh,2025,Mar,0.1818181818181818,Flood Year,Forecast,0.024685303253228708,0.010740203193033381,0.43951612903225806,0.7009142359599478,Extremely Excess,0.652
Bapatla,Andhra Pradesh,2025,Apr,0.2727272727272727,Flood Year,Forecast,0.05378453490273011,0.0374455732946299,0.4552785923753666,0.7270352633870265,Extremely Excess,0.7000000000000001
Bapatla,Andhra Pradesh,2025,May,0.36363636363636365,Flood Year,Forecast,0.10364557789766227,0.09085631349782293,0.4774560117302053,0.6795820635611667,Extremely Excess,0.613
Bapatla,Andhra Pradesh,2025,Jun,0.4545454545454545,Flood Year,Forecast,0.4919077979401668,0.3846153846153846,0.7272727272727273,0.8650413582934262,Extremely Excess,0.9540000000000001
Bapatla,Andhra Pradesh,2025,Jul,0.5454545454545454,Flood Year,Forecast,0.6321726336439433,0.6516690856313498,0.7159090909090909,0.6456247279059644,Excess,0.551
Bapatla,Andhra Pradesh,2025,Aug,0.6363636363636364,Flood Year,Forecast,0.5303253228706883,0.5715529753265602,0.6523093841642229,0.6121027427078798,Excess,0.489
Bapatla,Andhra Pradesh,2025,Sep,0.7272727272727273,Flood Year,Forecast,0.45626941311100216,0.3846153846153846,0.6873167155425219,0.7962559860687854,Extremely Excess,0.8270000000000001
Bapatla,Andhra Pradesh,2025,Oct,0.8181818181818182,Flood Year,Forecast,0.30799411476213834,0.251088534107402,0.6053885630498533,0.8097518502394427,Extremely Excess,0.8520000000000001
Bapatla,Andhra Pradesh,2025,Nov,0.9090909090909091,Flood Year,Forecast,0.06604544711459867,0.06415094339622643,0.45216275659824046,0.5733565520243796,Excess,0.41700000000000004
Bapatla,Andhra Pradesh,2025,Dec,0.9999999999999999,Flood Year,Forecast,0.019944417197972866,0.010740203193033381,0.4342008797653959,0.563778841967784,Excess,0.4
Eluru,Andhra Pradesh,2025,Jan,0.0,Drought Year,Actual,0.004577407225764264,0.013062409288824385,0.4155058651026393,0.10230735742272529,Deficient,0.0
Eluru,Andhra Pradesh,2025,Feb,0.09090909090909091,Drought Year,Actual,0.006866110838646395,0.013062409288824385,0.4180718475073314,0.1632564214192425,Deficient,0.0
Eluru,Andhra Pradesh,2025,Mar,0.1818181818181818,Drought Year,Forecast,0.004250449566781103,0.013062409288824385,0.4151392961876833,0.09360034828036568,Deficient,0.0
Eluru,Andhra Pradesh,2025,Apr,0.2727272727272727,Drought Year,Forecast,0.011770475723393823,0.0420899854862119,0.405241935483871,0.10230735742272529,Deficient,0.0
Eluru,Andhra Pradesh,2025,May,0.36363636363636365,Drought Year,Forecast,0.0111165604054275,0.10014513788098695,0.3678519061583578,0.002176752285589889,Deficient,0.0
Eluru,Andhra Pradesh,2025,Jun,0.4545454545454545,Drought Year,Forecast,0.06866110838646396,0.4194484760522496,0.2307551319648094,0.03744013931214624,Deficient,0.0
Eluru,Andhra Pradesh,2025,Jul,0.5454545454545454,Drought Year,Forecast,0.23884256988719962,0.7097242380261248,0.23826979472140766,0.16804527644754028,Deficient,0.0
Eluru,Andhra Pradesh,2025,Aug,0.6363636363636364,Drought Year,Forecast,0.09776034003596534,0.6226415094339623,0.13508064516129037,0.03221593382673055,Deficient,0.0
Eluru,Andhra Pradesh,2025,Sep,0.7272727272727273,Drought Year,Forecast,0.13470655550106264,0.4194484760522496,0.30480205278592376,0.1545494122768829,Deficient,0.0
Eluru,Andhra Pradesh,2025,Oct,0.8181818181818182,Drought Year,Forecast,0.08631682197155469,0.274310595065312,0.342192082111437,0.1475838049629952,Deficient,0.0
Eluru,Andhra Pradesh,2025,Nov,0.9090909090909091,Drought Year,Forecast,0.018800065391531798,0.07111756168359942,0.39479472140762467,0.10100130605137136,Deficient,0.0
Eluru,Andhra Pradesh,2025,Dec,0.9999999999999999,Drought Year,Forecast,0.0027791401013568737,0.013062409288824385,0.41348973607038125,0.054418807139747505,Deficient,0.0
Konaseema,Andhra Pradesh,2025,Jan,0.0,Cyclone Risk,Actual,0.01683831943763283,0.020319303338171262,0.4246700879765396,0.32520679146713105,Normal,0.0
Konaseema,Andhra Pradesh,2025,Feb,0.09090909090909091,Cyclone Risk,Actual,0.01683831943763283,0.020319303338171262,0.4246700879765396,0.32520679146713105,Normal,0.0
Konaseema,Andhra Pradesh,2025,Mar,0.1818181818181818,Cyclone Risk,Forecast,0.01683831943763283,0.020319303338171262,0.4246700879765396,0.32520679146713105,Normal,0.0
Konaseema,Andhra Pradesh,2025,Apr,0.2727272727272727,Cyclone Risk,Forecast,0.03629230014713095,0.05660377358490566,0.42357038123167157,0.32520679146713105,Normal,0.0
Konaseema,Andhra Pradesh,2025,May,0.36363636363636365,Cyclone Risk,Forecast,0.07503678273663561,0.12917271407837444,0.4211876832844575,0.3243360905528951,Normal,0.0
Konaseema,Andhra Pradesh,2025,Jun,0.4545454545454545,Cyclone Risk,Forecast,0.28854013405264023,0.5283018867924528,0.4085410557184751,0.3243360905528951,Normal,0.0
Konaseema,Andhra Pradesh,2025,Jul,0.5454545454545454,Cyclone Risk,Forecast,0.48275298348863827,0.8911465892597968,0.39717741935483875,0.3243360905528951,Normal,0.0
Konaseema,Andhra Pradesh,2025,Aug,0.6363636363636364,Cyclone Risk,Forecast,0.4243910413601439,0.7822931785195937,0.40047653958944285,0.3243360905528951,Normal,0.0
Konaseema,Andhra Pradesh,2025,Sep,0.7272727272727273,Cyclone Risk,Forecast,0.28854013405264023,0.5283018867924528,0.4085410557184751,0.3243360905528951,Normal,0.0
Konaseema,Andhra Pradesh,2025,Oct,0.8181818181818182,Cyclone Risk,Forecast,0.5082556808893249,0.3468795355587808,0.7694281524926686,0.9991292990857641,Extremely Excess,1.0
Konaseema,Andhra Pradesh,2025,Nov,0.9090909090909091,Cyclone Risk,Forecast,0.15072748079123754,0.09288824383164006,0.5289589442815249,0.999564649542882,Extremely Excess,1.0
Konaseema,Andhra Pradesh,2025,Dec,0.9999999999999999,Cyclone Risk,Forecast,0.01683831943763283,0.020319303338171262,0.4246700879765396,0.32520679146713105,Normal,0.0
Parvathipuram Manyam,Andhra Pradesh,2025,Jan,0.0,Normal Year,Actual,0.01929050188000654,0.02177068214804064,0.42650293255131966,0.3595994775794515,Normal,0.025
Parvathipuram Manyam,Andhra Pradesh,2025,Feb,0.09090909090909091,Normal Year,Actual,0.022233120810854996,0.02177068214804064,0.42980205278592376,0.4196778406617327,Normal,0.135
Parvathipuram Manyam,Andhra Pradesh,2025,Mar,0.1818181818181818,Normal Year,Forecast,0.017819192414582317,0.02177068214804064,0.4248533724340176,0.32956029603831083,Normal,0.0
Parvathipuram Manyam,Andhra Pradesh,2025,Apr,0.2727272727272727,Normal Year,Forecast,0.03482099068170672,0.059506531204644414,0.42008797653958946,0.2942969090117545,Normal,0.0
Parvathipuram Manyam,Andhra Pradesh,2025,May,0.36363636363636365,Normal Year,Forecast,0.09694294588850745,0.13497822931785194,0.44208211143695014,0.42054854157596866,Normal,0.13699999999999998
Parvathipuram Manyam,Andhra Pradesh,2025,Jun,0.4545454545454545,Normal Year,Forecast,0.30014713094654244,0.5500725689404935,0.4078079178885631,0.3243360905528951,Normal,0.0
Parvathipuram Manyam,Andhra Pradesh,2025,Jul,0.5454545454545454,Normal Year,Forecast,0.6316821971554685,0.9274310595065313,0.5412390029325513,0.4305616020896822,Normal,0.155
Parvathipuram Manyam,Andhra Pradesh,2025,Aug,0.6363636363636364,Normal Year,Forecast,0.5196991989537356,0.81422351233672,0.4871700879765396,0.3970396168915977,Normal,0.094
Parvathipuram Manyam,Andhra Pradesh,2025,Sep,0.7272727272727273,Normal Year,Forecast,0.3576916789275789,0.5500725689404935,0.47232404692082114,0.4026991728341315,Normal,0.10400000000000001
Parvathipuram Manyam,Andhra Pradesh,2025,Oct,0.8181818181818182,Normal Year,Forecast,0.2084355076017656,0.36139332365747456,0.4241202346041056,0.34305616020896823,Normal,0.0
Parvathipuram Manyam,Andhra Pradesh,2025,Nov,0.9090909090909091,Normal Year,Forecast,0.0699689390223966,0.09724238026124819,0.43566715542521994,0.40618197649107535,Normal,0.111
Parvathipuram Manyam,Andhra Pradesh,2025,Dec,0.9999999999999999,Normal Year,Forecast,0.01700179826712441,0.02177068214804064,0.4239369501466276,0.3125816282107096,Normal,0.0
Sri Sathya Sai,Andhra Pradesh,2025,Jan,0.0,Early Monsoon,Actual,0.006375674350171653,0.0029027576197387522,0.4239369501466276,0.27905964301262515,Normal,0.0
Sri Sathya Sai,Andhra Pradesh,2025,Feb,0.09090909090909091,Early Monsoon,Actual,0.006375674350171653,0.0029027576197387522,0.4239369501466276,0.27905964301262515,Normal,0.0
Sri Sathya Sai,Andhra Pradesh,2025,Mar,0.1818181818181818,Early Monsoon,Forecast,0.006375674350171653,0.0029027576197387522,0.4239369501466276,0.27905964301262515,Normal,0.0
Sri Sathya Sai,Andhra Pradesh,2025,Apr,0.2727272727272727,Early Monsoon,Forecast,0.015367009972208601,0.02177068214804064,0.4221041055718475,0.27905964301262515,Normal,0.0
Sri Sathya Sai,Andhra Pradesh,2025,May,0.36363636363636365,Early Monsoon,Forecast,0.05689063266307014,0.059506531204644414,0.44483137829912023,0.520243796255986,Excess,0.32
Sri Sathya Sai,Andhra Pradesh,2025,Jun,0.4545454545454545,Early Monsoon,Forecast,0.22053294098414258,0.26705370101596515,0.4972507331378299,0.520243796255986,Excess,0.32
Sri Sathya Sai,Andhra Pradesh,2025,Jul,0.5454545454545454,Early Monsoon,Forecast,0.22314860225600786,0.45573294629898403,0.3810483870967742,0.2808010448410971,Normal,0.0
Sri Sathya Sai,Andhra Pradesh,2025,Aug,0.6363636363636364,Early Monsoon,Forecast,0.19601111656040546,0.3991291727140784,0.38636363636363635,0.2808010448410971,Normal,0.0
Sri Sathya Sai,Andhra Pradesh,2025,Sep,0.7272727272727273,Early Monsoon,Forecast,0.13290828837665525,0.26705370101596515,0.3990102639296188,0.2808010448410971,Normal,0.0
Sri Sathya Sai,Andhra Pradesh,2025,Oct,0.8181818181818182,Early Monsoon,Forecast,0.08762465260748735,0.1727140783744557,0.4078079178885631,0.2803656943839791,Normal,0.0
Sri Sathya Sai,Andhra Pradesh,2025,Nov,0.9090909090909091,Early Monsoon,Forecast,0.024521824423737133,0.04063860667634253,0.42045454545454547,0.2812363952982151,Normal,0.0
Sri Sathya Sai,Andhra Pradesh,2025,Dec,0.9999999999999999,Early Monsoon,Forecast,0.006375674350171653,0.0029027576197387522,0.4239369501466276,0.27905964301262515,Normal,0.0
Tirupati,Andhra Pradesh,2025,Jan,0.0,Delayed Monsoon,Actual,0.012097433382376984,0.007837445573294629,0.4272360703812317,0.3887679582063561,Normal,0.078
Tirupati,Andhra Pradesh,2025,Feb,0.09090909090909091,Delayed Monsoon,Actual,0.012097433382376984,0.007837445573294629,0.4272360703812317,0.3887679582063561,Normal,0.078
Tirupati,Andhra Pradesh,2025,Mar,0.1818181818181818,Delayed Monsoon,Forecast,0.012097433382376984,0.007837445573294629,0.4272360703812317,0.3887679582063561,Normal,0.078
Tirupati,Andhra Pradesh,2025,Apr,0.2727272727272727,Delayed Monsoon,Forecast,0.026810528036619263,0.031640058055152395,0.4287023460410557,0.3887679582063561,Normal,0.078
Tirupati,Andhra Pradesh,2025,May,0.36363636363636365,Delayed Monsoon,Forecast,0.0564001961745954,0.07924528301886792,0.4318181818181818,0.39007400957771005,Normal,0.08
Tirupati,Andhra Pradesh,2025,Jun,0.4545454545454545,Delayed Monsoon,Forecast,0.05770802681052804,0.34107402031930334,0.2679618768328446,0.041358293426208115,Deficient,0.0
Tirupati,Andhra Pradesh,2025,Jul,0.5454545454545454,Delayed Monsoon,Forecast,0.09792381886545694,0.579100145137881,0.16275659824046923,0.041358293426208115,Deficient,0.0
Tirupati,Andhra Pradesh,2025,Aug,0.6363636363636364,Delayed Monsoon,Forecast,0.32172633643943116,0.5076923076923078,0.45876099706744866,0.3896386591205921,Normal,0.08
Tirupati,Andhra Pradesh,2025,Sep,0.7272727272727273,Delayed Monsoon,Forecast,0.21857119503024364,0.34107402031930334,0.44831378299120234,0.3896386591205921,Normal,0.08
Tirupati,Andhra Pradesh,2025,Oct,0.8181818181818182,Delayed Monsoon,Forecast,0.14484224292954065,0.2220609579100145,0.4407991202346041,0.3896386591205921,Normal,0.08
Tirupati,Andhra Pradesh,2025,Nov,0.9090909090909091,Delayed Monsoon,Forecast,0.041687101520353126,0.05544267053701017,0.4303519061583578,0.39050936003482806,Normal,0.081
Tirupati,Andhra Pradesh,2025,Dec,0.9999999999999999,Delayed Monsoon,Forecast,0.012097433382376984,0.007837445573294629,0.4272360703812317,0.3887679582063561,Normal,0.078
Hyderabad,Telangana,2025,Jan,0.0,Flood Year,Actual,0.01912702305051496,0.007256894049346881,0.43548387096774194,0.6347409664780148,Excess,0.53
Hyderabad,Telangana,2025,Feb,0.09090909090909091,Flood Year,Actual,0.024848782082720296,0.007256894049346881,0.44189882697947214,0.8249891162385721,Extremely Excess,0.88
Hyderabad,Telangana,2025,Mar,0.1818181818181818,Flood Year,Forecast,0.016511361778649668,0.007256894049346881,0.43255131964809385,0.5472355245973008,Excess,0.37
Hyderabad,Telangana,2025,Apr,0.2727272727272727,Flood Year,Forecast,0.03482099068170672,0.030478955007256895,0.43841642228739003,0.5337396604266434,Excess,0.34500000000000003
Hyderabad,Telangana,2025,May,0.36363636363636365,Flood Year,Forecast,0.07912375347392514,0.07692307692307693,0.45876099706744866,0.5907705703090989,Excess,0.45
Hyderabad,Telangana,2025,Jun,0.4545454545454545,Flood Year,Forecast,0.33137158737943445,0.33236574746008707,0.5802785923753666,0.6521549847627339,Excess,0.562
Hyderabad,Telangana,2025,Jul,0.5454545454545454,Flood Year,Forecast,0.6128821317639367,0.5645863570391872,0.749266862170088,0.7300827165868524,Extremely Excess,0.706
Hyderabad,Telangana,2025,Aug,0.6363636363636364,Flood Year,Forecast,0.48896517900931835,0.49492017416545714,0.6543255131964809,0.6547670875054419,Excess,0.5670000000000001
Hyderabad,Telangana,2025,Sep,0.7272727272727273,Flood Year,Forecast,0.40967794670590163,0.33236574746008707,0.6680718475073313,0.825859817152808,Extremely Excess,0.881
Hyderabad,Telangana,2025,Oct,0.8181818181818182,Flood Year,Forecast,0.21268595716854669,0.216255442670537,0.5205278592375366,0.6273400087070091,Excess,0.517
Hyderabad,Telangana,2025,Nov,0.9090909090909091,Flood Year,Forecast,0.08370116069968939,0.05370101596516691,0.47855571847507333,0.8685241619503701,Extremely Excess,0.96
Hyderabad,Telangana,2025,Dec,0.9999999999999999,Flood Year,Forecast,0.017328755926107567,0.007256894049346881,0.4334677419354839,0.5746626033957336,Excess,0.42
Rangareddy,Telangana,2025,Jan,0.0,Drought Year,Actual,0.004740886055255845,0.006676342525399129,0.41972140762463345,0.16195037004788856,Deficient,0.0
Rangareddy,Telangana,2025,Feb,0.09090909090909091,Drought Year,Actual,0.004086970737289521,0.006676342525399129,0.4189882697947214,0.13974749673487158,Deficient,0.0
Rangareddy,Telangana,2025,Mar,0.1818181818181818,Drought Year,Forecast,0.004740886055255845,0.006676342525399129,0.41972140762463345,0.16195037004788856,Deficient,0.0
Rangareddy,Telangana,2025,Apr,0.2727272727272727,Drought Year,Forecast,0.008500899133562204,0.02931785195936139,0.40964076246334313,0.10056595559425338,Deficient,0.0
Rangareddy,Telangana,2025,May,0.36363636363636365,Drought Year,Forecast,0.010789602746444336,0.07460087082728592,0.38361436950146627,0.025250326512842813,Deficient,0.0
Rangareddy,Telangana,2025,Jun,0.4545454545454545,Drought Year,Forecast,0.036619257806114115,0.3236574746008708,0.2553152492668622,0.0,Deficient,0.0
Rangareddy,Telangana,2025,Jul,0.5454545454545454,Drought Year,Forecast,0.17083537681870198,0.5500725689404935,0.2628299120234604,0.1475838049629952,Deficient,0.0
Rangareddy,Telangana,2025,Aug,0.6363636363636364,Drought Year,Forecast,0.06751675658002289,0.48214804063860667,0.18988269794721413,0.019590770570309113,Deficient,0.0
Rangareddy,Telangana,2025,Sep,0.7272727272727273,Drought Year,Forecast,0.10740559097596862,0.3236574746008708,0.33467741935483875,0.1610796691336526,Deficient,0.0
Rangareddy,Telangana,2025,Oct,0.8181818181818182,Drought Year,Forecast,0.025666176230178195,0.2104499274310595,0.31451612903225806,0.0074009577710056895,Deficient,0.0
Rangareddy,Telangana,2025,Nov,0.9090909090909091,Drought Year,Forecast,0.010953081575935919,0.05195936139332366,0.3980938416422288,0.065302568567697,Deficient,0.0
Rangareddy,Telangana,2025,Dec,0.9999999999999999,Drought Year,Forecast,0.002615661271865294,0.006676342525399129,0.4173387096774194,0.0892468437091859,Deficient,0.0
Medchal Malkajgiri,Telangana,2025,Jan,0.0,Cyclone Risk,Actual,0.009972208598986433,0.007547169811320753,0.4250366568914956,0.32477144101001304,Normal,0.0
Medchal Malkajgiri,Telangana,2025,Feb,0.09090909090909091,Cyclone Risk,Actual,0.009972208598986433,0.007547169811320753,0.4250366568914956,0.32477144101001304,Normal,0.0
Medchal Malkajgiri,Telangana,2025,Mar,0.1818181818181818,Cyclone Risk,Forecast,0.009972208598986433,0.007547169811320753,0.4250366568914956,0.32477144101001304,Normal,0.0
Medchal Malkajgiri,Telangana,2025,Apr,0.2727272727272727,Cyclone Risk,Forecast,0.02256007846983816,0.03105950653120464,0.4243035190615836,0.32477144101001304,Normal,0.0
Medchal Malkajgiri,Telangana,2025,May,0.36363636363636365,Cyclone Risk,Forecast,0.04773581821154162,0.07808417997097242,0.42283724340175954,0.32477144101001304,Normal,0.0
Medchal Malkajgiri,Telangana,2025,Jun,0.4545454545454545,Cyclone Risk,Forecast,0.18603890796141903,0.3367198838896952,0.4145894428152493,0.3243360905528951,Normal,0.0
Medchal Malkajgiri,Telangana,2025,Jul,0.5454545454545454,Cyclone Risk,Forecast,0.3119176066699363,0.5718432510885342,0.40725806451612906,0.3243360905528951,Normal,0.0
Medchal Malkajgiri,Telangana,2025,Aug,0.6363636363636364,Cyclone Risk,Forecast,0.27415399705738114,0.5013062409288824,0.4094574780058651,0.3243360905528951,Normal,0.0
Medchal Malkajgiri,Telangana,2025,Sep,0.7272727272727273,Cyclone Risk,Forecast,0.18603890796141903,0.3367198838896952,0.4145894428152493,0.3243360905528951,Normal,0.0
Medchal Malkajgiri,Telangana,2025,Oct,0.8181818181818182,Cyclone Risk,Forecast,0.32842896844858593,0.21915820029027575,0.6484604105571847,0.9991292990857641,Extremely Excess,1.0
Medchal Malkajgiri,Telangana,2025,Nov,0.9090909090909091,Cyclone Risk,Forecast,0.09677946705901586,0.054571843251088534,0.49266862170087977,1.0,Extremely Excess,1.0
Medchal Malkajgiri,Telangana,2025,Dec,0.9999999999999999,Cyclone Risk,Forecast,0.009972208598986433,0.007547169811320753,0.4250366568914956,0.32477144101001304,Normal,0.0
Sangareddy,Telangana,2025,Jan,0.0,Normal Year,Actual,0.010626123916952755,0.008708272859216257,0.4250366568914956,0.325642141924249,Normal,0.0
Sangareddy,Telangana,2025,Feb,0.09090909090909091,Normal Year,Actual,0.012751348700343309,0.008708272859216257,0.4274193548387097,0.3922507618633,Normal,0.085
Sangareddy,Telangana,2025,Mar,0.1818181818181818,Normal Year,Forecast,0.012751348700343309,0.008708272859216257,0.4274193548387097,0.3922507618633,Normal,0.085
Sangareddy,Telangana,2025,Apr,0.2727272727272727,Normal Year,Forecast,0.024685303253228708,0.033381712626995644,0.4252199413489736,0.33826730518067044,Normal,0.0
Sangareddy,Telangana,2025,May,0.36363636363636365,Normal Year,Forecast,0.04544711459865948,0.08272859216255443,0.4173387096774194,0.2873313016978668,Normal,0.0
Sangareddy,Telangana,2025,Jun,0.4545454545454545,Normal Year,Forecast,0.22396599640346576,0.3541364296081277,0.44611436950146627,0.38397910317805833,Normal,0.07
Sangareddy,Telangana,2025,Jul,0.5454545454545454,Normal Year,Forecast,0.343632499591303,0.6008708272859217,0.4244868035190616,0.34479756203744016,Normal,0.0
Sangareddy,Telangana,2025,Aug,0.6363636363636364,Normal Year,Forecast,0.3065228052967141,0.5268505079825835,0.42961876832844575,0.3508924684370919,Normal,0.009000000000000001
Sangareddy,Telangana,2025,Sep,0.7272727272727273,Normal Year,Forecast,0.20778159228379925,0.3541364296081277,0.4279692082111437,0.3500217675228559,Normal,0.008
Sangareddy,Telangana,2025,Oct,0.8181818181818182,Normal Year,Forecast,0.15334314206310284,0.23076923076923075,0.44483137829912023,0.3992163691771876,Normal,0.098
Sangareddy,Telangana,2025,Nov,0.9090909090909091,Normal Year,Forecast,0.03988883439594573,0.058055152394775045,0.42668621700879766,0.3548106225511537,Normal,0.016
Sangareddy,Telangana,2025,Dec,0.9999999999999999,Normal Year,Forecast,0.012097433382376984,0.008708272859216257,0.42668621700879766,0.3717892903787549,Normal,0.047
Medak,Telangana,2025,Jan,0.0,Early Monsoon,Actual,0.00980872976949485,0.010159651669085633,0.42320381231671556,0.2781889420983892,Normal,0.0
Medak,Telangana,2025,Feb,0.09090909090909091,Early Monsoon,Actual,0.00980872976949485,0.010159651669085633,0.42320381231671556,0.2781889420983892,Normal,0.0
Medak,Telangana,2025,Mar,0.1818181818181818,Early Monsoon,Forecast,0.00980872976949485,0.010159651669085633,0.42320381231671556,0.2781889420983892,Normal,0.0
Medak,Telangana,2025,Apr,0.2727272727272727,Early Monsoon,Forecast,0.022396599640346578,0.036284470246734396,0.4208211143695015,0.2808010448410971,Normal,0.0
Medak,Telangana,2025,May,0.36363636363636365,Early Monsoon,Forecast,0.07977766879189145,0.08853410740203194,0.45216275659824046,0.520243796255986,Excess,0.32
Medak,Telangana,2025,Jun,0.4545454545454545,Early Monsoon,Forecast,0.3063593264672225,0.37590711175616837,0.5247434017595308,0.520243796255986,Excess,0.32
Medak,Telangana,2025,Jul,0.5454545454545454,Early Monsoon,Forecast,0.3099558607160373,0.6371552975326561,0.36381964809384165,0.2808010448410971,Normal,0.0
Medak,Telangana,2025,Aug,0.6363636363636364,Early Monsoon,Forecast,0.2725192087624653,0.5587808417997098,0.3713343108504399,0.2808010448410971,Normal,0.0
Medak,Telangana,2025,Sep,0.7272727272727273,Early Monsoon,Forecast,0.18505803498446952,0.37590711175616837,0.3887463343108505,0.2808010448410971,Normal,0.0
Medak,Telangana,2025,Oct,0.8181818181818182,Early Monsoon,Forecast,0.12244564328919405,0.24528301886792453,0.40102639296187687,0.2808010448410971,Normal,0.0
Medak,Telangana,2025,Nov,0.9090909090909091,Early Monsoon,Forecast,0.03482099068170672,0.062409288824383166,0.4182551319648094,0.2799303439268611,Normal,0.0
Medak,Telangana,2025,Dec,0.9999999999999999,Early Monsoon,Forecast,0.00980872976949485,0.010159651669085633,0.42320381231671556,0.2781889420983892,Normal,0.0
Nizamabad,Telangana,2025,Jan,0.0,Delayed Monsoon,Actual,0.014549615824750698,0.011611030478955009,0.4276026392961877,0.391815411406182,Normal,0.084
Nizamabad,Telangana,2025,Feb,0.09090909090909091,Delayed Monsoon,Actual,0.014549615824750698,0.011611030478955009,0.4276026392961877,0.391815411406182,Normal,0.084
Nizamabad,Telangana,2025,Mar,0.1818181818181818,Delayed Monsoon,Forecast,0.014549615824750698,0.011611030478955009,0.4276026392961877,0.391815411406182,Normal,0.084
Nizamabad,Telangana,2025,Apr,0.2727272727272727,Delayed Monsoon,Forecast,0.031551414091875105,0.03918722786647315,0.42925219941348974,0.3896386591205921,Normal,0.08
Nizamabad,Telangana,2025,May,0.36363636363636365,Delayed Monsoon,Forecast,0.0657184894556155,0.09433962264150944,0.43273460410557185,0.3896386591205921,Normal,0.08
Nizamabad,Telangana,2025,Jun,0.4545454545454545,Delayed Monsoon,Forecast,0.0673532777505313,0.397677793904209,0.24303519061583578,0.041358293426208115,Deficient,0.0
Nizamabad,Telangana,2025,Jul,0.5454545454545454,Delayed Monsoon,Forecast,0.11378126532614029,0.6734397677793905,0.12096774193548387,0.041358293426208115,Deficient,0.0
Nizamabad,Telangana,2025,Aug,0.6363636363636364,Delayed Monsoon,Forecast,0.37322216772927913,0.5907111756168361,0.4640762463343109,0.3896386591205921,Normal,0.08
Nizamabad,Telangana,2025,Sep,0.7272727272727273,Delayed Monsoon,Forecast,0.25371914337093354,0.397677793904209,0.45197947214076245,0.3896386591205921,Normal,0.08
Nizamabad,Telangana,2025,Oct,0.8181818181818182,Delayed Monsoon,Forecast,0.1682197155468367,0.2597968069666183,0.4431818181818182,0.3896386591205921,Normal,0.08
Nizamabad,Telangana,2025,Nov,0.9090909090909091,Delayed Monsoon,Forecast,0.0487166911884911,0.0667634252539913,0.4310850439882698,0.39050936003482806,Normal,0.081
Nizamabad,Telangana,2025,Dec,0.9999999999999999,Delayed Monsoon,Forecast,0.014549615824750698,0.011611030478955009,0.4276026392961877,0.391815411406182,Normal,0.084
Kamareddy,Telangana,2025,Jan,0.0,Flood Year,Actual,0.018800065391531798,0.009579100145137884,0.4336510263929619,0.5589899869394863,Excess,0.391
Kamareddy,Telangana,2025,Feb,0.09090909090909091,Flood Year,Actual,0.0238679091057708,0.009579100145137884,0.43933284457478006,0.7122333478450152,Extremely Excess,0.6729999999999999
Kamareddy,Telangana,2025,Mar,0.1818181818181818,Flood Year,Forecast,0.018473107732548635,0.009579100145137884,0.43328445747800587,0.5489769264257728,Excess,0.373
Kamareddy,Telangana,2025,Apr,0.2727272727272727,Flood Year,Forecast,0.03825404610102993,0.035123367198838906,0.43933284457478006,0.5289508053983457,Excess,0.336
Kamareddy,Telangana,2025,May,0.36363636363636365,Flood Year,Forecast,0.10642471799901915,0.08621190130624094,0.4835043988269795,0.7357422725293862,Extremely Excess,0.716
Kamareddy,Telangana,2025,Jun,0.4545454545454545,Flood Year,Forecast,0.36177864966486845,0.3671988388969521,0.592375366568915,0.6460600783630823,Excess,0.551
Kamareddy,Telangana,2025,Jul,0.5454545454545454,Flood Year,Forecast,0.5080922020598333,0.6226415094339623,0.595124633431085,0.5289508053983457,Excess,0.336
Kamareddy,Telangana,2025,Aug,0.6363636363636364,Flood Year,Forecast,0.6271047899297042,0.5460087082728592,0.7769428152492668,0.7771005659555943,Extremely Excess,0.792
Kamareddy,Telangana,2025,Sep,0.7272727272727273,Flood Year,Forecast,0.33856465587706397,0.3671988388969521,0.5663489736070382,0.5990422289943405,Excess,0.465
Kamareddy,Telangana,2025,Oct,0.8181818181818182,Flood Year,Forecast,0.21415726663397092,0.239477503628447,0.5075146627565983,0.56682629516761,Excess,0.405
Kamareddy,Telangana,2025,Nov,0.9090909090909091,Flood Year,Forecast,0.06522805296714076,0.06066763425253992,0.4534457478005865,0.5951240748802786,Excess,0.45799999999999996
Kamareddy,Telangana,2025,Dec,0.9999999999999999,Flood Year,Forecast,0.02893575282000982,0.009579100145137884,0.44501466275659823,0.8654767087505442,Extremely Excess,0.9550000000000001
Jagtial,Telangana,2025,Jan,0.0,Drought Year,Actual,0.006866110838646395,0.013062409288824385,0.4180718475073314,0.1632564214192425,Deficient,0.0
Jagtial,Telangana,2025,Feb,0.09090909090909091,Drought Year,Actual,0.002615661271865294,0.013062409288824385,0.41330645161290325,0.05006530256856767,Deficient,0.0
Jagtial,Telangana,2025,Mar,0.1818181818181818,Drought Year,Forecast,0.004413928396272682,0.013062409288824385,0.4153225806451613,0.09795385285154548,Deficient,0.0
Jagtial,Telangana,2025,Apr,0.2727272727272727,Drought Year,Forecast,0.012914827529834888,0.0420899854862119,0.40652492668621704,0.1175446234218546,Deficient,0.0
Jagtial,Telangana,2025,May,0.36363636363636365,Drought Year,Forecast,0.013078306359326467,0.10014513788098695,0.37005131964809385,0.01523726599912928,Deficient,0.0
Jagtial,Telangana,2025,Jun,0.4545454545454545,Drought Year,Forecast,0.11034820990681707,0.4194484760522496,0.27749266862170086,0.11144971702220288,Deficient,0.0
Jagtial,Telangana,2025,Jul,0.5454545454545454,Drought Year,Forecast,0.09089422919731896,0.7097242380261248,0.07239736070381231,0.010448410970831545,Deficient,0.0
Jagtial,Telangana,2025,Aug,0.6363636363636364,Drought Year,Forecast,0.1383030897498774,0.6226415094339623,0.18053519061583578,0.08141053548106225,Deficient,0.0
Jagtial,Telangana,2025,Sep,0.7272727272727273,Drought Year,Forecast,0.1427170181461501,0.4194484760522496,0.31378299120234604,0.16891597736177622,Deficient,0.0
Jagtial,Telangana,2025,Oct,0.8181818181818182,Drought Year,Forecast,0.09416380578715058,0.274310595065312,0.35098973607038125,0.16848062690465826,Deficient,0.0
Jagtial,Telangana,2025,Nov,0.9090909090909091,Drought Year,Forecast,0.025993133889161357,0.07111756168359942,0.4028592375366569,0.1645624727905964,Deficient,0.0
Jagtial,Telangana,2025,Dec,0.9999999999999999,Drought Year,Forecast,0.0021252247833905506,0.013062409288824385,0.41275659824046923,0.03700478885502828,Deficient,0.0
Rajanna Sircilla,Telangana,2025,Jan,0.0,Cyclone Risk,Actual,0.012424391041360144,0.012191582002902757,0.4248533724340176,0.3234653896386591,Normal,0.0
Rajanna Sircilla,Telangana,2025,Feb,0.09090909090909091,Cyclone Risk,Actual,0.012424391041360144,0.012191582002902757,0.4248533724340176,0.3234653896386591,Normal,0.0
Rajanna Sircilla,Telangana,2025,Mar,0.1818181818181818,Cyclone Risk,Forecast,0.012424391041360144,0.012191582002902757,0.4248533724340176,0.3234653896386591,Normal,0.0
Rajanna Sircilla,Telangana,2025,Apr,0.2727272727272727,Cyclone Risk,Forecast,0.02746444335458558,0.04034833091436865,0.4239369501466276,0.3234653896386591,Normal,0.0
Rajanna Sircilla,Telangana,2025,May,0.36363636363636365,Cyclone Risk,Forecast,0.05770802681052804,0.09666182873730043,0.4222873900293255,0.32477144101001304,Normal,0.0
Rajanna Sircilla,Telangana,2025,Jun,0.4545454545454545,Cyclone Risk,Forecast,0.22331208108549944,0.40638606676342526,0.4123900293255132,0.3243360905528951,Normal,0.0
Rajanna Sircilla,Telangana,2025,Jul,0.5454545454545454,Cyclone Risk,Forecast,0.37403956187673704,0.6879535558780843,0.40359237536656895,0.3243360905528951,Normal,0.0
Rajanna Sircilla,Telangana,2025,Aug,0.6363636363636364,Cyclone Risk,Forecast,0.3287559261075691,0.6034833091436865,0.406158357771261,0.3243360905528951,Normal,0.0
Rajanna Sircilla,Telangana,2025,Sep,0.7272727272727273,Cyclone Risk,Forecast,0.22331208108549944,0.40638606676342526,0.4123900293255132,0.3243360905528951,Normal,0.0
Rajanna Sircilla,Telangana,2025,Oct,0.8181818181818182,Cyclone Risk,Forecast,0.3938205002452183,0.26560232220609575,0.6924486803519061,0.9991292990857641,Extremely Excess,1.0
Rajanna Sircilla,Telangana,2025,Nov,0.9090909090909091,Cyclone Risk,Forecast,0.11639692659800556,0.06850507982583455,0.5058651026392962,1.0,Extremely Excess,1.0
Rajanna Sircilla,Telangana,2025,Dec,0.9999999999999999,Cyclone Risk,Forecast,0.012424391041360144,0.012191582002902757,0.4248533724340176,0.3234653896386591,Normal,0.0
Karimnagar,Telangana,2025,Jan,0.0,Normal Year,Actual,0.016020925290174924,0.013642960812772133,0.4279692082111437,0.39747496734871574,Normal,0.094
Karimnagar,Telangana,2025,Feb,0.09090909090909091,Normal Year,Actual,0.012424391041360144,0.013642960812772133,0.4239369501466276,0.30343926861123205,Normal,0.0
Karimnagar,Telangana,2025,Mar,0.1818181818181818,Normal Year,Forecast,0.01520353114271702,0.013642960812772133,0.4270527859237537,0.3761427949499347,Normal,0.055
Karimnagar,Telangana,2025,Apr,0.2727272727272727,Normal Year,Forecast,0.02762792218407717,0.043251088534107404,0.4222873900293255,0.30561602089682194,Normal,0.0
Karimnagar,Telangana,2025,May,0.36363636363636365,Normal Year,Forecast,0.07405590975968612,0.10246734397677794,0.436950146627566,0.4114061819764911,Normal,0.12
Karimnagar,Telangana,2025,Jun,0.4545454545454545,Normal Year,Forecast,0.29344449893738767,0.4281567489114659,0.4772727272727273,0.4262080975185024,Normal,0.147
Karimnagar,Telangana,2025,Jul,0.5454545454545454,Normal Year,Forecast,0.41474579042014065,0.7242380261248186,0.42631964809384165,0.34653896386591204,Normal,0.001
Karimnagar,Telangana,2025,Aug,0.6363636363636364,Normal Year,Forecast,0.41915971881641334,0.6354136429608128,0.4873533724340176,0.4114061819764911,Normal,0.12
Karimnagar,Telangana,2025,Sep,0.7272727272727273,Normal Year,Forecast,0.27578878535229695,0.4281567489114659,0.4574780058651027,0.39529821506312585,Normal,0.09
Karimnagar,Telangana,2025,Oct,0.8181818181818182,Normal Year,Forecast,0.18718325976786007,0.28011611030478956,0.45161290322580644,0.40618197649107535,Normal,0.111
Karimnagar,Telangana,2025,Nov,0.9090909090909091,Normal Year,Forecast,0.0418505803498447,0.07285921625544269,0.41953812316715544,0.2977797126686983,Normal,0.0
Karimnagar,Telangana,2025,Dec,0.9999999999999999,Normal Year,Forecast,0.014059179336275951,0.013642960812772133,0.42576979472140764,0.3461036134087941,Normal,0.0
Peddapalli,Telangana,2025,Jan,0.0,Early Monsoon,Actual,0.011933954552885404,0.014513788098693761,0.42283724340175954,0.2799303439268611,Normal,0.0
Peddapalli,Telangana,2025,Feb,0.09090909090909091,Early Monsoon,Actual,0.011933954552885404,0.014513788098693761,0.42283724340175954,0.2799303439268611,Normal,0.0
Peddapalli,Telangana,2025,Mar,0.1818181818181818,Early Monsoon,Forecast,0.011933954552885404,0.014513788098693761,0.42283724340175954,0.2799303439268611,Normal,0.0
Peddapalli,Telangana,2025,Apr,0.2727272727272727,Early Monsoon,Forecast,0.0264835703776361,0.04499274310595065,0.41990469208211145,0.2799303439268611,Normal,0.0
Peddapalli,Telangana,2025,May,0.36363636363636365,Early Monsoon,Forecast,0.09350989046918425,0.10595065312046445,0.4565615835777126,0.520243796255986,Excess,0.32
Peddapalli,Telangana,2025,Jun,0.4545454545454545,Early Monsoon,Forecast,0.3578551577570705,0.4412191582002903,0.5412390029325513,0.520243796255986,Excess,0.32
Peddapalli,Telangana,2025,Jul,0.5454545454545454,Early Monsoon,Forecast,0.3621056073238516,0.7460087082728593,0.35355571847507333,0.2808010448410971,Normal,0.0
Peddapalli,Telangana,2025,Aug,0.6363636363636364,Early Monsoon,Forecast,0.31829328102010795,0.6545718432510885,0.3621700879765396,0.2808010448410971,Normal,0.0
Peddapalli,Telangana,2025,Sep,0.7272727272727273,Early Monsoon,Forecast,0.2162824914173615,0.4412191582002903,0.38251466275659823,0.2808010448410971,Normal,0.0
Peddapalli,Telangana,2025,Oct,0.8181818181818182,Early Monsoon,Forecast,0.14320745463462484,0.28882438316400577,0.39681085043988273,0.2808010448410971,Normal,0.0
Peddapalli,Telangana,2025,Nov,0.9090909090909091,Early Monsoon,Forecast,0.04119666503187838,0.07547169811320756,0.41715542521994137,0.2812363952982151,Normal,0.0
Peddapalli,Telangana,2025,Dec,0.9999999999999999,Early Monsoon,Forecast,0.011933954552885404,0.014513788098693761,0.42283724340175954,0.2799303439268611,Normal,0.0
Jayashankar Bhupalpally,Telangana,2025,Jan,0.0,Delayed Monsoon,Actual,0.01896354422102338,0.018867924528301886,0.4279692082111437,0.3896386591205921,Normal,0.08
Jayashankar Bhupalpally,Telangana,2025,Feb,0.09090909090909091,Delayed Monsoon,Actual,0.01896354422102338,0.018867924528301886,0.4279692082111437,0.3896386591205921,Normal,0.08
Jayashankar Bhupalpally,Telangana,2025,Mar,0.1818181818181818,Delayed Monsoon,Forecast,0.01896354422102338,0.018867924528301886,0.4279692082111437,0.3896386591205921,Normal,0.08
Jayashankar Bhupalpally,Telangana,2025,Apr,0.2727272727272727,Delayed Monsoon,Forecast,0.04054274971391205,0.05370101596516691,0.43016862170087977,0.3896386591205921,Normal,0.08
Jayashankar Bhupalpally,Telangana,2025,May,0.36363636363636365,Delayed Monsoon,Forecast,0.08370116069968939,0.12336719883889695,0.4345674486803519,0.3896386591205921,Normal,0.08
Jayashankar Bhupalpally,Telangana,2025,Jun,0.4545454545454545,Delayed Monsoon,Forecast,0.08566290665358836,0.5065312046444123,0.19483137829912026,0.041358293426208115,Deficient,0.0
Jayashankar Bhupalpally,Telangana,2025,Jul,0.5454545454545454,Delayed Monsoon,Forecast,0.1445152852705575,0.8548621190130624,0.04087243401759533,0.041358293426208115,Deficient,0.0
Jayashankar Bhupalpally,Telangana,2025,Aug,0.6363636363636364,Delayed Monsoon,Forecast,0.4721268595716855,0.7503628447024674,0.4741568914956012,0.3896386591205921,Normal,0.08
Jayashankar Bhupalpally,Telangana,2025,Sep,0.7272727272727273,Delayed Monsoon,Forecast,0.32107242112146483,0.5065312046444123,0.45876099706744866,0.3896386591205921,Normal,0.08
Jayashankar Bhupalpally,Telangana,2025,Oct,0.8181818181818182,Delayed Monsoon,Forecast,0.21317639365702146,0.33236574746008707,0.4477639296187683,0.3896386591205921,Normal,0.08
Jayashankar Bhupalpally,Telangana,2025,Nov,0.9090909090909091,Delayed Monsoon,Forecast,0.06212195520680073,0.08853410740203194,0.43236803519061584,0.3896386591205921,Normal,0.08
Jayashankar Bhupalpally,Telangana,2025,Dec,0.9999999999999999,Delayed Monsoon,Forecast,0.01896354422102338,0.018867924528301886,0.4279692082111437,0.3896386591205921,Normal,0.08
Mulugu,Telangana,2025,Jan,0.0,Flood Year,Actual,0.03563838482916463,0.023222060957910014,0.4439149560117302,0.6652154984762735,Excess,0.5870000000000001
Mulugu,Telangana,2025,Feb,0.09090909090909091,Flood Year,Actual,0.0359653424881478,0.023222060957910014,0.4442815249266862,0.671745755333043,Excess,0.599
Mulugu,Telangana,2025,Mar,0.1818181818181818,Flood Year,Forecast,0.02844531633153507,0.023222060957910014,0.43585043988269795,0.523291249455812,Excess,0.326
Mulugu,Telangana,2025,Apr,0.2727272727272727,Flood Year,Forecast,0.06375674350171653,0.062409288824383166,0.4506964809384164,0.565520243796256,Excess,0.40299999999999997
Mulugu,Telangana,2025,May,0.36363636363636365,Flood Year,Forecast,0.17459538989700837,0.14078374455732945,0.5254765395894428,0.7845015237266,Extremely Excess,0.8059999999999999
Mulugu,Telangana,2025,Jun,0.4545454545454545,Flood Year,Forecast,0.5810037600130784,0.5718432510885342,0.7089442815249267,0.6782760121898128,Extremely Excess,0.61
Mulugu,Telangana,2025,Jul,0.5454545454545454,Flood Year,Forecast,0.9187510217426845,0.9637155297532657,0.8401759530791788,0.6377884196778407,Excess,0.536
Mulugu,Telangana,2025,Aug,0.6363636363636364,Flood Year,Forecast,0.8505803498446952,0.8461538461538461,0.8379765395894427,0.675663909447105,Extremely Excess,0.606
Mulugu,Telangana,2025,Sep,0.7272727272727273,Flood Year,Forecast,0.4958312898479647,0.5718432510885342,0.6134530791788857,0.566390944710492,Excess,0.405
Mulugu,Telangana,2025,Oct,0.8181818181818182,Flood Year,Forecast,0.45937551087134226,0.37590711175616837,0.6962976539589443,0.8219416630387462,Extremely Excess,0.875
Mulugu,Telangana,2025,Nov,0.9090909090909091,Flood Year,Forecast,0.09841425535393167,0.10159651669085631,0.4648093841642229,0.5750979538528516,Excess,0.42100000000000004
Mulugu,Telangana,2025,Dec,0.9999999999999999,Flood Year,Forecast,0.04299493215628577,0.023222060957910014,0.45216275659824046,0.8106225511536788,Extremely Excess,0.853
Bhadradri Kothagudem,Telangana,2025,Jan,0.0,Drought Year,Actual,0.004904364884747425,0.02177068214804064,0.41037390029325516,0.06486721811057905,Deficient,0.0
Bhadradri Kothagudem,Telangana,2025,Feb,0.09090909090909091,Drought Year,Actual,0.00392349190779794,0.02177068214804064,0.4092741935483871,0.044841097083151926,Deficient,0.0
Bhadradri Kothagudem,Telangana,2025,Mar,0.1818181818181818,Drought Year,Forecast,0.008337420304070624,0.02177068214804064,0.4142228739002933,0.1349586417065738,Deficient,0.0
Bhadradri Kothagudem,Telangana,2025,Apr,0.2727272727272727,Drought Year,Forecast,0.01929050188000654,0.059506531204644414,0.4026759530791789,0.1349586417065738,Deficient,0.0
Bhadradri Kothagudem,Telangana,2025,May,0.36363636363636365,Drought Year,Forecast,0.033022723557299336,0.13497822931785194,0.37041788856304986,0.09316499782324772,Deficient,0.0
Bhadradri Kothagudem,Telangana,2025,Jun,0.4545454545454545,Drought Year,Forecast,0.16871015203531145,0.5500725689404935,0.2604472140762464,0.14453635176316937,Deficient,0.0
Bhadradri Kothagudem,Telangana,2025,Jul,0.5454545454545454,Drought Year,Forecast,0.14892921366683018,0.9274310595065313,0.0,0.03482803656943839,Deficient,0.0
Bhadradri Kothagudem,Telangana,2025,Aug,0.6363636363636364,Drought Year,Forecast,0.15334314206310284,0.81422351233672,0.07642961876832849,0.05616020896821944,Deficient,0.0
Bhadradri Kothagudem,Telangana,2025,Sep,0.7272727272727273,Drought Year,Forecast,0.1775380088278568,0.5500725689404935,0.2703445747800587,0.1567261645624728,Deficient,0.0
Bhadradri Kothagudem,Telangana,2025,Oct,0.8181818181818182,Drought Year,Forecast,0.07896027464443355,0.36139332365747456,0.27895894428152496,0.07792773182411838,Deficient,0.0
Bhadradri Kothagudem,Telangana,2025,Nov,0.9090909090909091,Drought Year,Forecast,0.02288703612882132,0.09724238026124819,0.38288123167155425,0.08489333913800612,Deficient,0.0
Bhadradri Kothagudem,Telangana,2025,Dec,0.9999999999999999,Drought Year,Forecast,0.009972208598986433,0.02177068214804064,0.41605571847507333,0.16848062690465826,Deficient,0.0
Khammam,Telangana,2025,Jan,0.0,Cyclone Risk,Actual,0.014386136995259117,0.015965166908563134,0.4246700879765396,0.3221593382673052,Normal,0.0
Khammam,Telangana,2025,Feb,0.09090909090909091,Cyclone Risk,Actual,0.014386136995259117,0.015965166908563134,0.4246700879765396,0.3221593382673052,Normal,0.0
Khammam,Telangana,2025,Mar,0.1818181818181818,Cyclone Risk,Forecast,0.014386136995259117,0.015965166908563134,0.4246700879765396,0.3221593382673052,Normal,0.0
Khammam,Telangana,2025,Apr,0.2727272727272727,Cyclone Risk,Forecast,0.031551414091875105,0.047895500725689405,0.4237536656891496,0.3243360905528951,Normal,0.0
Khammam,Telangana,2025,May,0.36363636363636365,Cyclone Risk,Forecast,0.0657184894556155,0.11175616835994194,0.4217375366568915,0.3243360905528951,Normal,0.0
Khammam,Telangana,2025,Jun,0.4545454545454545,Cyclone Risk,Forecast,0.25371914337093354,0.4629898403483309,0.41074046920821117,0.3243360905528951,Normal,0.0
Khammam,Telangana,2025,Jul,0.5454545454545454,Cyclone Risk,Forecast,0.4243910413601439,0.7822931785195937,0.40047653958944285,0.3243360905528951,Normal,0.0
Khammam,Telangana,2025,Aug,0.6363636363636364,Cyclone Risk,Forecast,0.37322216772927913,0.6865021770682148,0.40359237536656895,0.3243360905528951,Normal,0.0
Khammam,Telangana,2025,Sep,0.7272727272727273,Cyclone Risk,Forecast,0.25371914337093354,0.4629898403483309,0.41074046920821117,0.3243360905528951,Normal,0.0
Khammam,Telangana,2025,Oct,0.8181818181818182,Cyclone Risk,Forecast,0.4469511198299821,0.3033381712626996,0.7281891495601174,0.9991292990857641,Extremely Excess,1.0
Khammam,Telangana,2025,Nov,0.9090909090909091,Cyclone Risk,Forecast,0.13225437305868892,0.07982583454281568,0.5164956011730205,0.9991292990857641,Extremely Excess,1.0
Khammam,Telangana,2025,Dec,0.9999999999999999,Cyclone Risk,Forecast,0.014386136995259117,0.015965166908563134,0.4246700879765396,0.3221593382673052,Normal,0.0
Nalgonda,Telangana,2025,Jan,0.0,Normal Year,Actual,0.008827856792545366,0.006676342525399129,0.4243035190615836,0.30126251632564216,Normal,0.0
Nalgonda,Telangana,2025,Feb,0.09090909090909091,Normal Year,Actual,0.010789602746444336,0.006676342525399129,0.42650293255131966,0.36830648672181104,Normal,0.040999999999999995
Nalgonda,Telangana,2025,Mar,0.1818181818181818,Normal Year,Forecast,0.012260912211868563,0.006676342525399129,0.4281524926686217,0.4188071397474967,Normal,0.133
Nalgonda,Telangana,2025,Apr,0.2727272727272727,Normal Year,Forecast,0.019453980709498123,0.02931785195936139,0.4219208211143695,0.2873313016978668,Normal,0.0
Nalgonda,Telangana,2025,May,0.36363636363636365,Normal Year,Forecast,0.05852542095798595,0.07460087082728592,0.437133431085044,0.4327383543752721,Normal,0.159
Nalgonda,Telangana,2025,Jun,0.4545454545454545,Normal Year,Forecast,0.16119012587869874,0.3236574746008708,0.3949780058651027,0.283413147583805,Normal,0.0
Nalgonda,Telangana,2025,Jul,0.5454545454545454,Normal Year,Forecast,0.3398724865129966,0.5500725689404935,0.45234604105571846,0.37831954723552463,Normal,0.059000000000000004
Nalgonda,Telangana,2025,Aug,0.6363636363636364,Normal Year,Forecast,0.26990354749059997,0.48214804063860667,0.41678885630498536,0.33347845015237265,Normal,0.0
Nalgonda,Telangana,2025,Sep,0.7272727272727273,Normal Year,Forecast,0.18554847147294426,0.3236574746008708,0.4222873900293255,0.3391380060949064,Normal,0.0
Nalgonda,Telangana,2025,Oct,0.8181818181818182,Normal Year,Forecast,0.12473434690207622,0.2104499274310595,0.42558651026392963,0.34566826295167613,Normal,0.0
Nalgonda,Telangana,2025,Nov,0.9090909090909091,Normal Year,Forecast,0.0359653424881478,0.05195936139332366,0.42613636363636365,0.3500217675228559,Normal,0.006999999999999999
Nalgonda,Telangana,2025,Dec,0.9999999999999999,Normal Year,Forecast,0.01128003923491908,0.006676342525399129,0.4270527859237537,0.38528515454941226,Normal,0.07200000000000001
Suryapet,Telangana,2025,Jan,0.0,Early Monsoon,Actual,0.008500899133562204,0.007256894049346881,0.42357038123167157,0.2808010448410971,Normal,0.0
Suryapet,Telangana,2025,Feb,0.09090909090909091,Early Monsoon,Actual,0.008500899133562204,0.007256894049346881,0.42357038123167157,0.2808010448410971,Normal,0.0
Suryapet,Telangana,2025,Mar,0.1818181818181818,Early Monsoon,Forecast,0.008500899133562204,0.007256894049346881,0.42357038123167157,0.2808010448410971,Normal,0.0
Suryapet,Telangana,2025,Apr,0.2727272727272727,Early Monsoon,Forecast,0.019617459538989704,0.030478955007256895,0.4213709677419355,0.2808010448410971,Normal,0.0
Suryapet,Telangana,2025,May,0.36363636363636365,Early Monsoon,Forecast,0.07062285434036292,0.07692307692307693,0.44923020527859236,0.520243796255986,Excess,0.32
Suryapet,Telangana,2025,Jun,0.4545454545454545,Early Monsoon,Forecast,0.2720287722739906,0.33236574746008707,0.5137463343108505,0.520243796255986,Excess,0.32
Suryapet,Telangana,2025,Jul,0.5454545454545454,Early Monsoon,Forecast,0.27529834886382215,0.5645863570391872,0.37078445747800587,0.2808010448410971,Normal,0.0
Suryapet,Telangana,2025,Aug,0.6363636363636364,Early Monsoon,Forecast,0.24194866764753967,0.49492017416545714,0.3773826979472141,0.2808010448410971,Normal,0.0
Suryapet,Telangana,2025,Sep,0.7272727272727273,Early Monsoon,Forecast,0.16413274480954718,0.33236574746008707,0.3927785923753666,0.2808010448410971,Normal,0.0
Suryapet,Telangana,2025,Oct,0.8181818181818182,Early Monsoon,Forecast,0.10854994278240969,0.216255442670537,0.40377565982404695,0.2808010448410971,Normal,0.0
Suryapet,Telangana,2025,Nov,0.9090909090909091,Early Monsoon,Forecast,0.0307340199444172,0.05370101596516691,0.41917155425219943,0.2808010448410971,Normal,0.0
Suryapet,Telangana,2025,Dec,0.9999999999999999,Early Monsoon,Forecast,0.008500899133562204,0.007256894049346881,0.42357038123167157,0.2808010448410971,Normal,0.0
Yadadri Bhuvanagiri,Telangana,2025,Jan,0.0,Delayed Monsoon,Actual,0.012097433382376984,0.007837445573294629,0.4272360703812317,0.3887679582063561,Normal,0.078
Yadadri Bhuvanagiri,Telangana,2025,Feb,0.09090909090909091,Delayed Monsoon,Actual,0.012097433382376984,0.007837445573294629,0.4272360703812317,0.3887679582063561,Normal,0.078
Yadadri Bhuvanagiri,Telangana,2025,Mar,0.1818181818181818,Delayed Monsoon,Forecast,0.012097433382376984,0.007837445573294629,0.4272360703812317,0.3887679582063561,Normal,0.078
Yadadri Bhuvanagiri,Telangana,2025,Apr,0.2727272727272727,Delayed Monsoon,Forecast,0.026810528036619263,0.031640058055152395,0.4287023460410557,0.3887679582063561,Normal,0.078
Yadadri Bhuvanagiri,Telangana,2025,May,0.36363636363636365,Delayed Monsoon,Forecast,0.0564001961745954,0.07924528301886792,0.4318181818181818,0.39007400957771005,Normal,0.08
Yadadri Bhuvanagiri,Telangana,2025,Jun,0.4545454545454545,Delayed Monsoon,Forecast,0.05770802681052804,0.34107402031930334,0.2679618768328446,0.041358293426208115,Deficient,0.0
Yadadri Bhuvanagiri,Telangana,2025,Jul,0.5454545454545454,Delayed Monsoon,Forecast,0.09792381886545694,0.579100145137881,0.16275659824046923,0.041358293426208115,Deficient,0.0
Yadadri Bhuvanagiri,Telangana,2025,Aug,0.6363636363636364,Delayed Monsoon,Forecast,0.32172633643943116,0.5076923076923078,0.45876099706744866,0.3896386591205921,Normal,0.08
Yadadri Bhuvanagiri,Telangana,2025,Sep,0.7272727272727273,Delayed Monsoon,Forecast,0.21857119503024364,0.34107402031930334,0.44831378299120234,0.3896386591205921,Normal,0.08
Yadadri Bhuvanagiri,Telangana,2025,Oct,0.8181818181818182,Delayed Monsoon,Forecast,0.14484224292954065,0.2220609579100145,0.4407991202346041,0.3896386591205921,Normal,0.08
Yadadri Bhuvanagiri,Telangana,2025,Nov,0.9090909090909091,Delayed Monsoon,Forecast,0.041687101520353126,0.05544267053701017,0.4303519061583578,0.39050936003482806,Normal,0.081
Yadadri Bhuvanagiri,Telangana,2025,Dec,0.9999999999999999,Delayed Monsoon,Forecast,0.012097433382376984,0.007837445573294629,0.4272360703812317,0.3887679582063561,Normal,0.078
Mahabubnagar,Telangana,2025,Jan,0.0,Flood Year,Actual,0.01798267124407389,0.004354136429608128,0.43603372434017595,0.6943839791031781,Extremely Excess,0.64
Mahabubnagar,Telangana,2025,Feb,0.09090909090909091,Flood Year,Actual,0.017655713585090736,0.004354136429608128,0.43566715542521994,0.6817588158467567,Extremely Excess,0.617
Mahabubnagar,Telangana,2025,Mar,0.1818181818181818,Flood Year,Forecast,0.01569396763119176,0.004354136429608128,0.4334677419354839,0.607313887679582,Excess,0.48
Mahabubnagar,Telangana,2025,Apr,0.2727272727272727,Flood Year,Forecast,0.04332188981526893,0.02467343976777939,0.45161290322580644,0.7845015237266,Extremely Excess,0.8059999999999999
Mahabubnagar,Telangana,2025,May,0.36363636363636365,Flood Year,Forecast,0.09596207291155796,0.06531204644412192,0.48497067448680353,0.848498040922943,Extremely Excess,0.923
Mahabubnagar,Telangana,2025,Jun,0.4545454545454545,Flood Year,Forecast,0.27578878535229695,0.28882438316400577,0.5454545454545454,0.6168915977361776,Excess,0.498
Mahabubnagar,Telangana,2025,Jul,0.5454545454545454,Flood Year,Forecast,0.4427006702632009,0.49201741654571846,0.6042888563049853,0.588593818023509,Excess,0.445
Mahabubnagar,Telangana,2025,Aug,0.6363636363636364,Flood Year,Forecast,0.4745790420140592,0.4310595065312046,0.6785190615835777,0.7357422725293862,Extremely Excess,0.716
Mahabubnagar,Telangana,2025,Sep,0.7272727272727273,Flood Year,Forecast,0.30701324178518885,0.28882438316400577,0.5804618768328446,0.69612538093165,Extremely Excess,0.643
Mahabubnagar,Telangana,2025,Oct,0.8181818181818182,Flood Year,Forecast,0.19682851070786336,0.18722786647314948,0.5210777126099707,0.6695690030474533,Excess,0.594
Mahabubnagar,Telangana,2025,Nov,0.9090909090909091,Flood Year,Forecast,0.059833251593918606,0.04499274310595065,0.4572947214076246,0.7026556377884197,Extremely Excess,0.655
Mahabubnagar,Telangana,2025,Dec,0.9999999999999999,Flood Year,Forecast,0.016020925290174924,0.004354136429608128,0.4338343108504399,0.6199390509360034,Excess,0.503
Nagarkurnool,Telangana,2025,Jan,0.0,Drought Year,Actual,0.00392349190779794,0.00493468795355588,0.41990469208211145,0.15280801044841097,Deficient,0.0
Nagarkurnool,Telangana,2025,Feb,0.09090909090909091,Drought Year,Actual,0.0017982671244073899,0.00493468795355588,0.4175219941348974,0.07400957771005662,Deficient,0.0
Nagarkurnool,Telangana,2025,Mar,0.1818181818181818,Drought Year,Forecast,0.0016347882949158087,0.00493468795355588,0.4173387096774194,0.0679146713104049,Deficient,0.0
Nagarkurnool,Telangana,2025,Apr,0.2727272727272727,Drought Year,Forecast,0.002615661271865294,0.025834542815674894,0.405241935483871,0.0074009577710056895,Deficient,0.0
Nagarkurnool,Telangana,2025,May,0.36363636363636365,Drought Year,Forecast,0.017328755926107567,0.06763425253991293,0.3953445747800587,0.09534175010883761,Deficient,0.0
Nagarkurnool,Telangana,2025,Jun,0.4545454545454545,Drought Year,Forecast,0.0359653424881478,0.29753265602322204,0.2710777126099707,0.006094906399651767,Deficient,0.0
Nagarkurnool,Telangana,2025,Jul,0.5454545454545454,Drought Year,Forecast,0.11198299820173288,0.5065312046444123,0.2243401759530792,0.08010448410970833,Deficient,0.0
Nagarkurnool,Telangana,2025,Aug,0.6363636363636364,Drought Year,Forecast,0.1386300474088606,0.44383164005805514,0.2938049853372434,0.14801915542011318,Deficient,0.0
Nagarkurnool,Telangana,2025,Sep,0.7272727272727273,Drought Year,Forecast,0.10021252247833906,0.29753265602322204,0.343108504398827,0.16412712233347845,Deficient,0.0
Nagarkurnool,Telangana,2025,Oct,0.8181818181818182,Drought Year,Forecast,0.03367663887526566,0.193033381712627,0.33449413489736074,0.044841097083151926,Deficient,0.0
Nagarkurnool,Telangana,2025,Nov,0.9090909090909091,Drought Year,Forecast,0.006866110838646395,0.046734397677793915,0.39681085043988273,0.027862429255550714,Deficient,0.0
Nagarkurnool,Telangana,2025,Dec,0.9999999999999999,Drought Year,Forecast,0.0,0.00493468795355588,0.4155058651026393,0.0074009577710056895,Deficient,0.0
Wanaparthy,Telangana,2025,Jan,0.0,Cyclone Risk,Actual,0.008664377963053787,0.005224963715529753,0.4250366568914956,0.3221593382673052,Normal,0.0
Wanaparthy,Telangana,2025,Feb,0.09090909090909091,Cyclone Risk,Actual,0.008664377963053787,0.005224963715529753,0.4250366568914956,0.3221593382673052,Normal,0.0
Wanaparthy,Telangana,2025,Mar,0.1818181818181818,Cyclone Risk,Forecast,0.008664377963053787,0.005224963715529753,0.4250366568914956,0.3221593382673052,Normal,0.0
Wanaparthy,Telangana,2025,Apr,0.2727272727272727,Cyclone Risk,Forecast,0.020107896027464447,0.02641509433962264,0.4244868035190616,0.32520679146713105,Normal,0.0
Wanaparthy,Telangana,2025,May,0.36363636363636365,Cyclone Risk,Forecast,0.042667974497302606,0.06879535558780842,0.42302052785923755,0.32390074009577713,Normal,0.0
Wanaparthy,Telangana,2025,Jun,0.4545454545454545,Cyclone Risk,Forecast,0.1674023213993788,0.3018867924528302,0.4156891495601173,0.3243360905528951,Normal,0.0
Wanaparthy,Telangana,2025,Jul,0.5454545454545454,Cyclone Risk,Forecast,0.2808566290665359,0.5137880986937591,0.4090909090909091,0.3243360905528951,Normal,0.0
Wanaparthy,Telangana,2025,Aug,0.6363636363636364,Cyclone Risk,Forecast,0.2468530325322871,0.4502177068214804,0.4111070381231672,0.3243360905528951,Normal,0.0
Wanaparthy,Telangana,2025,Sep,0.7272727272727273,Cyclone Risk,Forecast,0.1674023213993788,0.3018867924528302,0.4156891495601173,0.3243360905528951,Normal,0.0
Wanaparthy,Telangana,2025,Oct,0.8181818181818182,Cyclone Risk,Forecast,0.2957332025502698,0.19593613933236573,0.626466275659824,0.9991292990857641,Extremely Excess,1.0
Wanaparthy,Telangana,2025,Nov,0.9090909090909091,Cyclone Risk,Forecast,0.08697073728952101,0.047605224963715526,0.48607038123167157,1.0,Extremely Excess,1.0
Wanaparthy,Telangana,2025,Dec,0.9999999999999999,Cyclone Risk,Forecast,0.008664377963053787,0.005224963715529753,0.4250366568914956,0.3221593382673052,Normal,0.0
Gadwal,Telangana,2025,Jan,0.0,Normal Year,Actual,0.007356547327121137,0.0029027576197387522,0.4250366568914956,0.31911188506747934,Normal,0.0
Gadwal,Telangana,2025,Feb,0.09090909090909091,Normal Year,Actual,0.00964525094000327,0.0029027576197387522,0.4276026392961877,0.413147583804963,Normal,0.12300000000000001
Gadwal,Telangana,2025,Mar,0.1818181818181818,Normal Year,Forecast,0.0076835049861043,0.0029027576197387522,0.4254032258064516,0.3326077492381367,Normal,0.0
Gadwal,Telangana,2025,Apr,0.2727272727272727,Normal Year,Forecast,0.01896354422102338,0.02177068214804064,0.42613636363636365,0.3526338702655638,Normal,0.012
Gadwal,Telangana,2025,May,0.36363636363636365,Normal Year,Forecast,0.038907961418996245,0.059506531204644414,0.4246700879765396,0.33609055289508055,Normal,0.0
Gadwal,Telangana,2025,Jun,0.4545454545454545,Normal Year,Forecast,0.17214320745463466,0.26705370101596515,0.44299853372434017,0.38789725729212016,Normal,0.077
Gadwal,Telangana,2025,Jul,0.5454545454545454,Normal Year,Forecast,0.2798757560895865,0.45573294629898403,0.4446480938416422,0.37353069220722684,Normal,0.051
Gadwal,Telangana,2025,Aug,0.6363636363636364,Normal Year,Forecast,0.21105116887363087,0.3991291727140784,0.40322580645161293,0.3086634740966478,Normal,0.0
Gadwal,Telangana,2025,Sep,0.7272727272727273,Normal Year,Forecast,0.1502370443027628,0.26705370101596515,0.4184384164222874,0.3282542446669569,Normal,0.0
Gadwal,Telangana,2025,Oct,0.8181818181818182,Normal Year,Forecast,0.09923164950138957,0.1727140783744557,0.4208211143695015,0.32781889420983895,Normal,0.0
Gadwal,Telangana,2025,Nov,0.9090909090909091,Normal Year,Forecast,0.0264835703776361,0.04063860667634253,0.42265395894428154,0.30822812363952984,Normal,0.0
Gadwal,Telangana,2025,Dec,0.9999999999999999,Normal Year,Forecast,0.0076835049861043,0.0029027576197387522,0.4254032258064516,0.3326077492381367,Normal,0.0
Narayanpet,Telangana,2025,Jan,0.0,Early Monsoon,Actual,0.006866110838646395,0.0037735849056603765,0.4239369501466276,0.282107096212451,Normal,0.0
Narayanpet,Telangana,2025,Feb,0.09090909090909091,Early Monsoon,Actual,0.006866110838646395,0.0037735849056603765,0.4239369501466276,0.282107096212451,Normal,0.0
Narayanpet,Telangana,2025,Mar,0.1818181818181818,Early Monsoon,Forecast,0.006866110838646395,0.0037735849056603765,0.4239369501466276,0.282107096212451,Normal,0.0
Narayanpet,Telangana,2025,Apr,0.2727272727272727,Early Monsoon,Forecast,0.016347882949158087,0.023512336719883887,0.4221041055718475,0.282107096212451,Normal,0.0
Narayanpet,Telangana,2025,May,0.36363636363636365,Early Monsoon,Forecast,0.05966977276442702,0.06298984034833091,0.44574780058651026,0.520679146713104,Excess,0.321
Narayanpet,Telangana,2025,Jun,0.4545454545454545,Early Monsoon,Forecast,0.2308321072421122,0.28011611030478956,0.500549853372434,0.520243796255986,Excess,0.32
Narayanpet,Telangana,2025,Jul,0.5454545454545454,Early Monsoon,Forecast,0.23361124734346905,0.47750362844702465,0.3790322580645161,0.2808010448410971,Normal,0.0
Narayanpet,Telangana,2025,Aug,0.6363636363636364,Early Monsoon,Forecast,0.20532940984142556,0.4182873730043541,0.3847140762463343,0.2808010448410971,Normal,0.0
Narayanpet,Telangana,2025,Sep,0.7272727272727273,Early Monsoon,Forecast,0.1391204838973353,0.28011611030478956,0.39772727272727276,0.2808010448410971,Normal,0.0
Narayanpet,Telangana,2025,Oct,0.8181818181818182,Early Monsoon,Forecast,0.09187510217426843,0.18142235123367198,0.40707478005865105,0.2808010448410971,Normal,0.0
Narayanpet,Telangana,2025,Nov,0.9090909090909091,Early Monsoon,Forecast,0.025666176230178195,0.043251088534107404,0.42008797653958946,0.2799303439268611,Normal,0.0
Narayanpet,Telangana,2025,Dec,0.9999999999999999,Early Monsoon,Forecast,0.006866110838646395,0.0037735849056603765,0.4239369501466276,0.282107096212451,Normal,0.0
Vikarabad,Telangana,2025,Jan,0.0,Delayed Monsoon,Actual,0.012097433382376984,0.007837445573294629,0.4272360703812317,0.3887679582063561,Normal,0.078
Vikarabad,Telangana,2025,Feb,0.09090909090909091,Delayed Monsoon,Actual,0.012097433382376984,0.007837445573294629,0.4272360703812317,0.3887679582063561,Normal,0.078
Vikarabad,Telangana,2025,Mar,0.1818181818181818,Delayed Monsoon,Forecast,0.012097433382376984,0.007837445573294629,0.4272360703812317,0.3887679582063561,Normal,0.078
Vikarabad,Telangana,2025,Apr,0.2727272727272727,Delayed Monsoon,Forecast,0.026810528036619263,0.031640058055152395,0.4287023460410557,0.3887679582063561,Normal,0.078
Vikarabad,Telangana,2025,May,0.36363636363636365,Delayed Monsoon,Forecast,0.0564001961745954,0.07924528301886792,0.4318181818181818,0.39007400957771005,Normal,0.08
Vikarabad,Telangana,2025,Jun,0.4545454545454545,Delayed Monsoon,Forecast,0.05770802681052804,0.34107402031930334,0.2679618768328446,0.041358293426208115,Deficient,0.0
Vikarabad,Telangana,2025,Jul,0.5454545454545454,Delayed Monsoon,Forecast,0.09792381886545694,0.579100145137881,0.16275659824046923,0.041358293426208115,Deficient,0.0
Vikarabad,Telangana,2025,Aug,0.6363636363636364,Delayed Monsoon,Forecast,0.32172633643943116,0.5076923076923078,0.45876099706744866,0.3896386591205921,Normal,0.08
Vikarabad,Telangana,2025,Sep,0.7272727272727273,Delayed Monsoon,Forecast,0.21857119503024364,0.34107402031930334,0.44831378299120234,0.3896386591205921,Normal,0.08
Vikarabad,Telangana,2025,Oct,0.8181818181818182,Delayed Monsoon,Forecast,0.14484224292954065,0.2220609579100145,0.4407991202346041,0.3896386591205921,Normal,0.08
Vikarabad,Telangana,2025,Nov,0.9090909090909091,Delayed Monsoon,Forecast,0.041687101520353126,0.05544267053701017,0.4303519061583578,0.39050936003482806,Normal,0.081
Vikarabad,Telangana,2025,Dec,0.9999999999999999,Delayed Monsoon,Forecast,0.012097433382376984,0.007837445573294629,0.4272360703812317,0.3887679582063561,Normal,0.078
Siddipet,Telangana,2025,Jan,0.0,Flood Year,Actual,0.03008010462645088,0.01103047895500726,0.44538123167155425,0.8471919895515889,Extremely Excess,0.92
Siddipet,Telangana,2025,Feb,0.09090909090909091,Flood Year,Actual,0.019944417197972866,0.01103047895500726,0.4340175953079179,0.5568132346538964,Excess,0.387
Siddipet,Telangana,2025,Mar,0.1818181818181818,Flood Year,Forecast,0.0264835703776361,0.01103047895500726,0.4413489736070381,0.7440139312146279,Extremely Excess,0.731
Siddipet,Telangana,2025,Apr,0.2727272727272727,Flood Year,Forecast,0.04152362269086154,0.03802612481857766,0.4411656891495601,0.5428820200261211,Excess,0.36100000000000004
Siddipet,Telangana,2025,May,0.36363636363636365,Flood Year,Forecast,0.10577080268105281,0.09201741654571845,0.47910557184750735,0.6865476708750544,Extremely Excess,0.626
Siddipet,Telangana,2025,Jun,0.4545454545454545,Flood Year,Forecast,0.4899460519862679,0.3889695210449927,0.7223240469208212,0.851110143665651,Extremely Excess,0.9279999999999999
Siddipet,Telangana,2025,Jul,0.5454545454545454,Flood Year,Forecast,0.8283472290338403,0.6589259796806967,0.9312683284457478,0.8624292555507183,Extremely Excess,0.9490000000000001
Siddipet,Telangana,2025,Aug,0.6363636363636364,Flood Year,Forecast,0.61631518718326,0.5779390420899855,0.7446847507331378,0.7161515019590771,Extremely Excess,0.68
Siddipet,Telangana,2025,Sep,0.7272727272727273,Flood Year,Forecast,0.4136014386136996,0.3889695210449927,0.6367302052785924,0.7052677405311276,Extremely Excess,0.66
Siddipet,Telangana,2025,Oct,0.8181818181818182,Flood Year,Forecast,0.3137158737943437,0.2539912917271408,0.6099706744868035,0.8167174575533305,Extremely Excess,0.865
Siddipet,Telangana,2025,Nov,0.9090909090909091,Flood Year,Forecast,0.07144024848782082,0.06502177068214804,0.4576612903225806,0.6177622986504137,Excess,0.499
Siddipet,Telangana,2025,Dec,0.9999999999999999,Flood Year,Forecast,0.0264835703776361,0.01103047895500726,0.4413489736070381,0.7440139312146279,Extremely Excess,0.731
Jangaon,Telangana,2025,Jan,0.0,Drought Year,Actual,0.004086970737289521,0.011901306240928881,0.4156891495601173,0.09664780148019156,Deficient,0.0
Jangaon,Telangana,2025,Feb,0.09090909090909091,Drought Year,Actual,0.005231322543730587,0.011901306240928881,0.41697214076246336,0.1284283848498041,Deficient,0.0
Jangaon,Telangana,2025,Mar,0.1818181818181818,Drought Year,Forecast,0.005231322543730587,0.011901306240928881,0.41697214076246336,0.1284283848498041,Deficient,0.0
Jangaon,Telangana,2025,Apr,0.2727272727272727,Drought Year,Forecast,0.015530488801700182,0.03976777939042089,0.4109237536656892,0.16238572050500652,Deficient,0.0
Jangaon,Telangana,2025,May,0.36363636363636365,Drought Year,Forecast,0.02403138793526239,0.09550072568940493,0.3852639296187683,0.09534175010883761,Deficient,0.0
Jangaon,Telangana,2025,Jun,0.4545454545454545,Drought Year,Forecast,0.05394801373222169,0.4020319303338171,0.22525659824046923,0.01523726599912928,Deficient,0.0
Jangaon,Telangana,2025,Jul,0.5454545454545454,Drought Year,Forecast,0.12849435998038256,0.6806966618287373,0.13288123167155425,0.05616020896821944,Deficient,0.0
Jangaon,Telangana,2025,Aug,0.6363636363636364,Drought Year,Forecast,0.12048389733529509,0.5970972423802613,0.17668621700879766,0.06617326948193297,Deficient,0.0
Jangaon,Telangana,2025,Sep,0.7272727272727273,Drought Year,Forecast,0.07732548634951775,0.4020319303338171,0.25146627565982405,0.05877231171092728,Deficient,0.0
Jangaon,Telangana,2025,Oct,0.8181818181818182,Drought Year,Forecast,0.08092202059833252,0.262699564586357,0.343475073313783,0.14235959947757945,Deficient,0.0
Jangaon,Telangana,2025,Nov,0.9090909090909091,Drought Year,Forecast,0.012587869870851727,0.06763425253991293,0.39002932551319647,0.05137135393992165,Deficient,0.0
Jangaon,Telangana,2025,Dec,0.9999999999999999,Drought Year,Forecast,0.0006539153179663231,0.011901306240928881,0.4118401759530792,0.0013060513713539224,Deficient,0.0
Warangal,Telangana,2025,Jan,0.0,Cyclone Risk,Actual,0.012914827529834888,0.013062409288824385,0.4248533724340176,0.3243360905528951,Normal,0.0
Warangal,Telangana,2025,Feb,0.09090909090909091,Cyclone Risk,Actual,0.012914827529834888,0.013062409288824385,0.4248533724340176,0.3243360905528951,Normal,0.0
Warangal,Telangana,2025,Mar,0.1818181818181818,Cyclone Risk,Forecast,0.012914827529834888,0.013062409288824385,0.4248533724340176,0.3243360905528951,Normal,0.0
Warangal,Telangana,2025,Apr,0.2727272727272727,Cyclone Risk,Forecast,0.02844531633153507,0.0420899854862119,0.4239369501466276,0.3243360905528951,Normal,0.0
Warangal,Telangana,2025,May,0.36363636363636365,Cyclone Risk,Forecast,0.059506293934935436,0.10014513788098695,0.4221041055718475,0.3243360905528951,Normal,0.0
Warangal,Telangana,2025,Jun,0.4545454545454545,Cyclone Risk,Forecast,0.23034167075363743,0.4194484760522496,0.4120234604105572,0.3243360905528951,Normal,0.0
Warangal,Telangana,2025,Jul,0.5454545454545454,Cyclone Risk,Forecast,0.38564655877063925,0.7097242380261248,0.4028592375366569,0.3243360905528951,Normal,0.0
Warangal,Telangana,2025,Aug,0.6363636363636364,Cyclone Risk,Forecast,0.3390550923655387,0.6226415094339623,0.405608504398827,0.3243360905528951,Normal,0.0
Warangal,Telangana,2025,Sep,0.7272727272727273,Cyclone Risk,Forecast,0.23034167075363743,0.4194484760522496,0.4120234604105572,0.3243360905528951,Normal,0.0
Warangal,Telangana,2025,Oct,0.8181818181818182,Cyclone Risk,Forecast,0.40608141245708684,0.274310595065312,0.7006964809384164,0.9991292990857641,Extremely Excess,1.0
Warangal,Telangana,2025,Nov,0.9090909090909091,Cyclone Risk,Forecast,0.11999346084682035,0.07111756168359942,0.5082478005865103,0.9991292990857641,Extremely Excess,1.0
Warangal,Telangana,2025,Dec,0.9999999999999999,Cyclone Risk,Forecast,0.012914827529834888,0.013062409288824385,0.4248533724340176,0.3243360905528951,Normal,0.0
Hanamkonda,Telangana,2025,Jan,0.0,Normal Year,Actual,0.016020925290174924,0.01277213352685051,0.4285190615835777,0.41227688289072706,Normal,0.121
Hanamkonda,Telangana,2025,Feb,0.09090909090909091,Normal Year,Actual,0.01667484060814125,0.01277213352685051,0.42925219941348974,0.4296909011754462,Normal,0.154
Hanamkonda,Telangana,2025,Mar,0.1818181818181818,Normal Year,Forecast,0.014876573483733857,0.01277213352685051,0.4272360703812317,0.38136700043535043,Normal,0.065
Hanamkonda,Telangana,2025,Apr,0.2727272727272727,Normal Year,Forecast,0.030407062285434043,0.041509433962264156,0.42650293255131966,0.3548106225511537,Normal,0.016
Hanamkonda,Telangana,2025,May,0.36363636363636365,Normal Year,Forecast,0.06326630701324179,0.09898403483309144,0.4270527859237537,0.35393992163691773,Normal,0.013999999999999999
Hanamkonda,Telangana,2025,Jun,0.4545454545454545,Normal Year,Forecast,0.26369135196991994,0.4150943396226415,0.45216275659824046,0.38833260774923817,Normal,0.078
Hanamkonda,Telangana,2025,Jul,0.5454545454545454,Normal Year,Forecast,0.35474905999673045,0.702467343976778,0.37280058651026393,0.29516760992599045,Normal,0.0
Hanamkonda,Telangana,2025,Aug,0.6363636363636364,Normal Year,Forecast,0.42079450711132915,0.6162554426705371,0.5012829912023461,0.4283848498040923,Normal,0.151
Hanamkonda,Telangana,2025,Sep,0.7272727272727273,Normal Year,Forecast,0.23982344286414914,0.4150943396226415,0.4254032258064516,0.34566826295167613,Normal,0.0
Hanamkonda,Telangana,2025,Oct,0.8181818181818182,Normal Year,Forecast,0.16429622363903876,0.2714078374455733,0.4314516129032258,0.3595994775794515,Normal,0.025
Hanamkonda,Telangana,2025,Nov,0.9090909090909091,Normal Year,Forecast,0.039234919077979415,0.0702467343976778,0.4182551319648094,0.2860252503265128,Normal,0.0
Hanamkonda,Telangana,2025,Dec,0.9999999999999999,Normal Year,Forecast,0.01569396763119176,0.01277213352685051,0.4281524926686217,0.40313452329124944,Normal,0.105
Mahabubabad,Telangana,2025,Jan,0.0,Early Monsoon,Actual,0.011933954552885404,0.014513788098693761,0.42283724340175954,0.2799303439268611,Normal,0.0
Mahabubabad,Telangana,2025,Feb,0.09090909090909091,Early Monsoon,Actual,0.011933954552885404,0.014513788098693761,0.42283724340175954,0.2799303439268611,Normal,0.0
Mahabubabad,Telangana,2025,Mar,0.1818181818181818,Early Monsoon,Forecast,0.011933954552885404,0.014513788098693761,0.42283724340175954,0.2799303439268611,Normal,0.0
Mahabubabad,Telangana,2025,Apr,0.2727272727272727,Early Monsoon,Forecast,0.0264835703776361,0.04499274310595065,0.41990469208211145,0.2799303439268611,Normal,0.0
Mahabubabad,Telangana,2025,May,0.36363636363636365,Early Monsoon,Forecast,0.09350989046918425,0.10595065312046445,0.4565615835777126,0.520243796255986,Excess,0.32
Mahabubabad,Telangana,2025,Jun,0.4545454545454545,Early Monsoon,Forecast,0.3578551577570705,0.4412191582002903,0.5412390029325513,0.520243796255986,Excess,0.32
Mahabubabad,Telangana,2025,Jul,0.5454545454545454,Early Monsoon,Forecast,0.3621056073238516,0.7460087082728593,0.35355571847507333,0.2808010448410971,Normal,0.0
Mahabubabad,Telangana,2025,Aug,0.6363636363636364,Early Monsoon,Forecast,0.31829328102010795,0.6545718432510885,0.3621700879765396,0.2808010448410971,Normal,0.0
Mahabubabad,Telangana,2025,Sep,0.7272727272727273,Early Monsoon,Forecast,0.2162824914173615,0.4412191582002903,0.38251466275659823,0.2808010448410971,Normal,0.0
Mahabubabad,Telangana,2025,Oct,0.8181818181818182,Early Monsoon,Forecast,0.14320745463462484,0.28882438316400577,0.39681085043988273,0.2808010448410971,Normal,0.0
Mahabubabad,Telangana,2025,Nov,0.9090909090909091,Early Monsoon,Forecast,0.04119666503187838,0.07547169811320756,0.41715542521994137,0.2812363952982151,Normal,0.0
Mahabubabad,Telangana,2025,Dec,0.9999999999999999,Early Monsoon,Forecast,0.011933954552885404,0.014513788098693761,0.42283724340175954,0.2799303439268611,Normal,0.0
Nirmal,Telangana,2025,Jan,0.0,Delayed Monsoon,Actual,0.017165277096615993,0.015965166908563134,0.4277859237536657,0.3896386591205921,Normal,0.08
Nirmal,Telangana,2025,Feb,0.09090909090909091,Delayed Monsoon,Actual,0.017165277096615993,0.015965166908563134,0.4277859237536657,0.3896386591205921,Normal,0.08
Nirmal,Telangana,2025,Mar,0.1818181818181818,Delayed Monsoon,Forecast,0.017165277096615993,0.015965166908563134,0.4277859237536657,0.3896386591205921,Normal,0.08
Nirmal,Telangana,2025,Apr,0.2727272727272727,Delayed Monsoon,Forecast,0.03694621546509728,0.047895500725689405,0.42980205278592376,0.3896386591205921,Normal,0.08
Nirmal,Telangana,2025,May,0.36363636363636365,Delayed Monsoon,Forecast,0.07650809220205984,0.11175616835994194,0.4338343108504399,0.3896386591205921,Normal,0.08
Nirmal,Telangana,2025,Jun,0.4545454545454545,Delayed Monsoon,Forecast,0.07830635932646723,0.4629898403483309,0.21407624633431088,0.041358293426208115,Deficient,0.0
Nirmal,Telangana,2025,Jul,0.5454545454545454,Delayed Monsoon,Forecast,0.13225437305868892,0.7822931785195937,0.07294721407624638,0.041358293426208115,Deficient,0.0
Nirmal,Telangana,2025,Aug,0.6363636363636364,Delayed Monsoon,Forecast,0.43256498283472294,0.6865021770682148,0.47012463343108507,0.3896386591205921,Normal,0.08
Nirmal,Telangana,2025,Sep,0.7272727272727273,Delayed Monsoon,Forecast,0.294098414255354,0.4629898403483309,0.4560117302052786,0.3896386591205921,Normal,0.08
Nirmal,Telangana,2025,Oct,0.8181818181818182,Delayed Monsoon,Forecast,0.19519372241294755,0.3033381712626996,0.44593108504398826,0.3896386591205921,Normal,0.08
Nirmal,Telangana,2025,Nov,0.9090909090909091,Delayed Monsoon,Forecast,0.056727153833578556,0.07982583454281568,0.4318181818181818,0.3896386591205921,Normal,0.08
Nirmal,Telangana,2025,Dec,0.9999999999999999,Delayed Monsoon,Forecast,0.017165277096615993,0.015965166908563134,0.4277859237536657,0.3896386591205921,Normal,0.08
Adilabad,Telangana,2025,Jan,0.0,Flood Year,Actual,0.03580186365865621,0.01741654571843251,0.4477639296187683,0.8001741401828473,Extremely Excess,0.835
Adilabad,Telangana,2025,Feb,0.09090909090909091,Flood Year,Actual,0.02517573974170345,0.01741654571843251,0.43585043988269795,0.5542011319111885,Excess,0.383
Adilabad,Telangana,2025,Mar,0.1818181818181818,Flood Year,Forecast,0.03858100376001308,0.01741654571843251,0.4508797653958944,0.8646060078363083,Extremely Excess,0.953
Adilabad,Telangana,2025,Apr,0.2727272727272727,Flood Year,Forecast,0.05966977276442702,0.05079825834542816,0.4534457478005865,0.632128863735307,Excess,0.525
Adilabad,Telangana,2025,May,0.36363636363636365,Flood Year,Forecast,0.148602256007847,0.11756168359941944,0.5109970674486803,0.7862429255550718,Extremely Excess,0.809
Adilabad,Telangana,2025,Jun,0.4545454545454545,Flood Year,Forecast,0.5123426516266144,0.4847605224963715,0.686950146627566,0.7057030909882456,Extremely Excess,0.6609999999999999
Adilabad,Telangana,2025,Jul,0.5454545454545454,Flood Year,Forecast,0.8087297694948505,0.8185776487663281,0.8084677419354839,0.6621680452764476,Excess,0.5810000000000001
Adilabad,Telangana,2025,Aug,0.6363636363636364,Flood Year,Forecast,0.6441065881968286,0.7184325108853411,0.687133431085044,0.5916412712233348,Excess,0.451
Adilabad,Telangana,2025,Sep,0.7272727272727273,Flood Year,Forecast,0.5200261566127187,0.4847605224963715,0.6955645161290323,0.717457553330431,Extremely Excess,0.6829999999999999
Adilabad,Telangana,2025,Oct,0.8181818181818182,Flood Year,Forecast,0.3392185711950303,0.3178519593613933,0.5982404692082112,0.7022202873313017,Extremely Excess,0.655
Adilabad,Telangana,2025,Nov,0.9090909090909091,Flood Year,Forecast,0.08059506293934936,0.0841799709724238,0.45582844574780057,0.5528950805398346,Excess,0.38
Adilabad,Telangana,2025,Dec,0.9999999999999999,Flood Year,Forecast,0.024358345594245552,0.01741654571843251,0.4349340175953079,0.5354810622551154,Excess,0.348
Kumuram Bheem,Telangana,2025,Jan,0.0,Drought Year,Actual,0.0017982671244073899,0.02177068214804064,0.40689149560117305,0.0013060513713539224,Deficient,0.0
Kumuram Bheem,Telangana,2025,Feb,0.09090909090909091,Drought Year,Actual,0.008664377963053787,0.02177068214804064,0.4145894428152493,0.14192424902046147,Deficient,0.0
Kumuram Bheem,Telangana,2025,Mar,0.1818181818181818,Drought Year,Forecast,0.004086970737289521,0.02177068214804064,0.4094574780058651,0.04788855028297778,Deficient,0.0
Kumuram Bheem,Telangana,2025,Apr,0.2727272727272727,Drought Year,Forecast,0.006375674350171653,0.059506531204644414,0.3881964809384164,0.003047453199825856,Deficient,0.0
Kumuram Bheem,Telangana,2025,May,0.36363636363636365,Drought Year,Forecast,0.032859244727807754,0.13497822931785194,0.37023460410557185,0.09229429690901175,Deficient,0.0
Kumuram Bheem,Telangana,2025,Jun,0.4545454545454545,Drought Year,Forecast,0.182932810201079,0.5500725689404935,0.2763929618768329,0.16412712233347845,Deficient,0.0
Kumuram Bheem,Telangana,2025,Jul,0.5454545454545454,Drought Year,Forecast,0.20647376164786663,0.9274310595065313,0.06451612903225812,0.08228123639529822,Deficient,0.0
Kumuram Bheem,Telangana,2025,Aug,0.6363636363636364,Drought Year,Forecast,0.2638548307994115,0.81422351233672,0.20032991202346043,0.15890291684806268,Deficient,0.0
Kumuram Bheem,Telangana,2025,Sep,0.7272727272727273,Drought Year,Forecast,0.17361451692005886,0.5500725689404935,0.26594574780058655,0.15150195907705702,Deficient,0.0
Kumuram Bheem,Telangana,2025,Oct,0.8181818181818182,Drought Year,Forecast,0.07274807912375349,0.36139332365747456,0.2719941348973607,0.065302568567697,Deficient,0.0
Kumuram Bheem,Telangana,2025,Nov,0.9090909090909091,Drought Year,Forecast,0.017492234755599155,0.09724238026124819,0.37683284457478006,0.04788855028297778,Deficient,0.0
Kumuram Bheem,Telangana,2025,Dec,0.9999999999999999,Drought Year,Forecast,0.008337420304070624,0.02177068214804064,0.4142228739002933,0.1349586417065738,Deficient,0.0
Mancherial,Telangana,2025,Jan,0.0,Cyclone Risk,Actual,0.014222658165767536,0.015384615384615389,0.4248533724340176,0.326077492381367,Normal,0.0
Mancherial,Telangana,2025,Feb,0.09090909090909091,Cyclone Risk,Actual,0.014222658165767536,0.015384615384615389,0.4248533724340176,0.326077492381367,Normal,0.0
Mancherial,Telangana,2025,Mar,0.1818181818181818,Cyclone Risk,Forecast,0.014222658165767536,0.015384615384615389,0.4248533724340176,0.326077492381367,Normal,0.0
Mancherial,Telangana,2025,Apr,0.2727272727272727,Cyclone Risk,Forecast,0.030897498773908787,0.046734397677793915,0.4237536656891496,0.32390074009577713,Normal,0.0
Mancherial,Telangana,2025,May,0.36363636363636365,Cyclone Risk,Forecast,0.06441065881968286,0.10943396226415096,0.4217375366568915,0.32390074009577713,Normal,0.0
Mancherial,Telangana,2025,Jun,0.4545454545454545,Cyclone Risk,Forecast,0.2489782573156777,0.45428156748911463,0.4109237536656892,0.3243360905528951,Normal,0.0
Mancherial,Telangana,2025,Jul,0.5454545454545454,Cyclone Risk,Forecast,0.4167075363740396,0.7677793904208999,0.40102639296187687,0.3243360905528951,Normal,0.0
Mancherial,Telangana,2025,Aug,0.6363636363636364,Cyclone Risk,Forecast,0.3663560568906327,0.6737300435413643,0.40395894428152496,0.3243360905528951,Normal,0.0
Mancherial,Telangana,2025,Sep,0.7272727272727273,Cyclone Risk,Forecast,0.2489782573156777,0.45428156748911463,0.4109237536656892,0.3243360905528951,Normal,0.0
Mancherial,Telangana,2025,Oct,0.8181818181818182,Cyclone Risk,Forecast,0.43877717835540303,0.29753265602322204,0.7226906158357771,0.9991292990857641,Extremely Excess,1.0
Mancherial,Telangana,2025,Nov,0.9090909090909091,Cyclone Risk,Forecast,0.1298021906163152,0.07808417997097242,0.5148460410557185,0.9991292990857641,Extremely Excess,1.0
Mancherial,Telangana,2025,Dec,0.9999999999999999,Cyclone Risk,Forecast,0.014222658165767536,0.015384615384615389,0.4248533724340176,0.326077492381367,Normal,0.0
Asifabad,Telangana,2025,Jan,0.0,Normal Year,Actual,0.020598332515939184,0.018867924528301886,0.42980205278592376,0.42577274706138446,Normal,0.147
Asifabad,Telangana,2025,Feb,0.09090909090909091,Normal Year,Actual,0.019944417197972866,0.018867924528301886,0.42906891495601174,0.4114061819764911,Normal,0.12
Asifabad,Telangana,2025,Mar,0.1818181818181818,Normal Year,Forecast,0.015040052313225442,0.018867924528301886,0.42357038123167157,0.3025685676969961,Normal,0.0
Asifabad,Telangana,2025,Apr,0.2727272727272727,Normal Year,Forecast,0.037927088442046765,0.05370101596516691,0.4272360703812317,0.3604701784936874,Normal,0.027000000000000003
Asifabad,Telangana,2025,May,0.36363636363636365,Normal Year,Forecast,0.06882458721595554,0.12336719883889695,0.4178885630498534,0.3069220722681759,Normal,0.0
Asifabad,Telangana,2025,Jun,0.4545454545454545,Normal Year,Forecast,0.33513160045774076,0.5065312046444123,0.4745234604105572,0.4105354810622551,Normal,0.11800000000000001
Asifabad,Telangana,2025,Jul,0.5454545454545454,Normal Year,Forecast,0.47670426679744976,0.8548621190130624,0.41330645161290325,0.33609055289508055,Normal,0.0
Asifabad,Telangana,2025,Aug,0.6363636363636364,Normal Year,Forecast,0.408370116069969,0.7503628447024674,0.4026759530791789,0.32520679146713105,Normal,0.0
Asifabad,Telangana,2025,Sep,0.7272727272727273,Normal Year,Forecast,0.2965505966977277,0.5065312046444123,0.4312683284457478,0.3535045711797997,Normal,0.013000000000000001
Asifabad,Telangana,2025,Oct,0.8181818181818182,Normal Year,Forecast,0.22249468693804153,0.33236574746008707,0.4582111436950147,0.41010013060513717,Normal,0.11800000000000001
Asifabad,Telangana,2025,Nov,0.9090909090909091,Normal Year,Forecast,0.0673532777505313,0.08853410740203194,0.438233137829912,0.4283848498040923,Normal,0.151
Asifabad,Telangana,2025,Dec,0.9999999999999999,Normal Year,Forecast,0.01912702305051496,0.018867924528301886,0.4281524926686217,0.3931214627775359,Normal,0.087
