District,State,Year,Annual_Rainfall_mm,Normal_Rainfall_mm,Departure_Percent,Monsoon_Rainfall_mm,Pre_Monsoon_mm,Post_Monsoon_mm,Winter_mm,Monsoon_Percent,Rainfall_Category,Flood_Occurred,Drought_Declared,Waterlogging_Risk,Peak_Month,Peak_Rainfall_mm,Consecutive_Dry_Days_Avg,Heavy_Rain_Days,Jan_mm,Feb_mm,Mar_mm,Apr_mm,May_mm,Jun_mm,Jul_mm,Aug_mm,Sep_mm,Oct_mm,Nov_mm,Dec_mm
Hyderabad,Telangana,0.0,0.30627990430622,0.2142857142857142,0.5501432664756447,0.33688063444723104,0.4110970996216898,0.4272445820433437,0.599647266313933,0.668639053254438,Normal,0.0,0.0,Medium,Jul,0.34199535962877037,0.7142857142857142,0.13793103448275862,0.4969879518072289,0.5993150684931506,0.12258064516129032,0.46603773584905656,0.4297423887587821,0.36432926829268286,0.34351851851851856,0.33229085222830335,0.3505747126436782,0.28962611901000535,0.5350223546944859,0.2048192771084337
Hyderabad,Telangana,0.11111111111111427,0.09025119617224878,0.2142857142857142,0.11843361986628459,0.07767911611197717,0.3694829760403531,0.3735810113519092,0.09523809523809523,0.07692307692307754,Deficient,0.0,1.0,Low,Jul,0.09582366589327143,0.42857142857142855,0.1724137931034483,0.0,0.18493150684931506,0.5032258064516129,0.3169811320754717,0.30679156908665106,0.08841463414634146,0.09791666666666662,0.09434454000521239,0.08199233716475096,0.06582411795681936,0.2593144560357675,0.6054216867469879
Hyderabad,Telangana,0.22222222222220012,0.2608851674641147,0.2142857142857142,0.4594078319006686,0.27458821934521793,0.2976040353089533,0.2414860681114551,0.3862433862433862,0.5088757396449708,Normal,0.0,0.0,Medium,Jul,0.29280742459396747,0.6190476190476191,0.06896551724137931,0.012048192771084336,0.7363013698630136,0.36774193548387096,0.08867924528301886,0.36416861826697894,0.2682926829268293,0.2944444444444444,0.2684388845452176,0.2532567049808429,0.3127962085308057,0.3651266766020865,0.006024096385542168
Hyderabad,Telangana,0.3333333333333144,0.34724880382775114,0.2142857142857142,0.6313276026743075,0.35687656747780105,0.4155107187894073,0.37254901960784315,0.15343915343915343,0.46745562130177554,Excess,0.0,0.0,High,Jul,0.36798143851508125,0.14285714285714285,0.10344827586206896,0.15662650602409636,0.11986301369863013,0.2096774193548387,0.27735849056603773,0.5234192037470726,0.325076219512195,0.36944444444444446,0.31717487620536877,0.41609195402298843,0.38072669826224337,0.503725782414307,0.10843373493975902
Hyderabad,Telangana,0.44444444444442865,0.3992224880382774,0.2142857142857142,0.7354345749761223,0.40418897851284474,0.5100882723833544,0.43550051599587203,0.42151675485008816,0.4378698224852071,Excess,1.0,0.0,High,Jul,0.382830626450116,0.7142857142857142,0.5862068965517241,0.20180722891566263,0.5890410958904109,0.5096774193548387,0.5150943396226415,0.44262295081967207,0.3871951219512194,0.3842592592592593,0.4240291894709408,0.4268199233716475,0.3981042654028436,0.6482861400894189,0.0
Hyderabad,Telangana,0.5555555555555429,0.5315191387559808,0.2142857142857142,1.0,0.5348064800379582,0.5081967213114755,0.7120743034055727,0.82010582010582,0.4378698224852071,Excess,1.0,0.0,High,Jul,0.5078886310904872,0.7142857142857142,0.48275862068965514,0.7349397590361445,0.7568493150684932,0.29032258064516125,0.330188679245283,0.6334894613583139,0.5045731707317073,0.5090277777777777,0.54782382069325,0.5199233716475096,0.5887309110057926,0.7019374068554397,0.6987951807228915
Hyderabad,Telangana,0.6666666666666572,0.19934210526315785,0.2142857142857142,0.3361986628462273,0.21216023859553987,0.3039092055485498,0.3622291021671827,0.02821869488536155,0.49704142011834307,Normal,0.0,0.0,Low,Jul,0.20464037122969833,0.19047619047619047,0.27586206896551724,0.0,0.0547945205479452,0.0,0.5,0.2540983606557377,0.18064024390243902,0.20648148148148146,0.1931196247068022,0.25019157088122607,0.305423907319642,0.27272727272727276,0.5451807228915663
Hyderabad,Telangana,0.7777777777777715,0.3968301435406698,0.2142857142857142,0.7306590257879657,0.3949027316478003,0.3297604035308953,0.628482972136223,0.3862433862433862,0.37869822485207116,Excess,1.0,0.0,High,Jul,0.40510440835266825,0.2857142857142857,1.0,0.17771084337349397,0.547945205479452,0.2161290322580645,0.19622641509433963,0.4121779859484777,0.35403963414634143,0.40648148148148144,0.36043784206411267,0.41494252873563214,0.4660347551342813,0.5991058122205665,0.6626506024096385
Hyderabad,Telangana,0.8888888888888857,0.08283492822966501,0.2142857142857142,0.1041069723018147,0.0841184843760591,0.28562421185372006,0.24045407636738905,0.12345679012345678,0.29585798816568065,Deficient,0.0,1.0,Low,Aug,0.07633410672853827,0.8095238095238095,0.13793103448275862,0.0,0.23972602739726026,0.5516129032258065,0.4679245283018868,0.039812646370023415,0.0815548780487805,0.07731481481481481,0.11545478238206933,0.12643678160919541,0.06845708267509215,0.2056631892697467,0.3253012048192771
Hyderabad,Telangana,1.0,0.47769138755980856,0.2142857142857142,0.89207258834766,0.4981359723446077,0.4243379571248424,0.3426212590299278,0.6208112874779541,0.5562130177514799,Excess,1.0,0.0,High,Jul,0.45429234338747093,0.23809523809523808,0.8275862068965517,0.4216867469879518,0.7260273972602739,0.6806451612903226,0.27358490566037735,0.3711943793911006,0.5007621951219512,0.4555555555555555,0.5014334115194162,0.5157088122605364,0.530279094260137,0.41877794336810736,0.19277108433734938
Rangareddy,Telangana,0.0,0.039174641148325334,0.18571428571428572,0.03056351480420244,0.07449332339185247,0.1469104665825977,0.11867905056759546,0.4567901234567901,0.9171597633136095,Deficient,0.0,1.0,Low,Jul,0.08584686774941994,0.0,0.20689655172413793,0.3403614457831325,0.49999999999999994,0.06451612903225806,0.32075471698113206,0.050351288056206096,0.03620426829268292,0.08796296296296299,0.09147771696637999,0.06973180076628349,0.15850447604002108,0.19076005961251868,0.0
Rangareddy,Telangana,0.11111111111111427,0.47906698564593286,0.18571428571428572,0.9312320916905444,0.4801735240290109,0.5554854981084489,0.42518059855521156,0.2892416225749559,0.41420118343195256,Excess,1.0,0.0,High,Jul,0.4563805104408353,0.09523809523809523,0.10344827586206896,0.06325301204819277,0.4897260273972603,0.4387096774193548,0.5849056603773585,0.509367681498829,0.4508384146341462,0.45763888888888893,0.48475371383893673,0.5160919540229885,0.48815165876777256,0.61698956780924,0.03313253012048192
Rangareddy,Telangana,0.22222222222220012,0.3090311004784688,0.18571428571428572,0.5835721107927412,0.3073951060801192,0.4697351828499369,0.38802889576883387,0.13932980599647266,0.36094674556213047,Normal,0.0,0.0,Medium,Jul,0.2867749419953596,1.0,0.10344827586206896,0.0,0.2705479452054794,0.6258064516129032,0.5660377358490566,0.2939110070257611,0.3384146341463413,0.28842592592592586,0.2757362522804274,0.3344827586206896,0.35808320168509744,0.5156482861400895,0.1295180722891566
Rangareddy,Telangana,0.3333333333333144,0.2586124401913875,0.18571428571428572,0.4794651384909264,0.24794956957906858,0.2503152585119798,0.26831785345717235,0.0,0.24852071005917153,Normal,0.0,0.0,Medium,Jul,0.2348027842227378,0.8571428571428572,0.0,0.0,0.0,0.0967741935483871,0.27358490566037735,0.25995316159250587,0.27553353658536583,0.23657407407407402,0.23612197028928847,0.3015325670498084,0.2264349657714587,0.40685543964232496,0.0
Rangareddy,Telangana,0.44444444444442865,0.026375598086124358,0.18571428571428572,0.004775549188156647,0.029688876838609046,0.06935687263556116,0.20123839009287925,0.4973544973544973,0.2899408284023668,Deficient,0.0,1.0,Low,Jul,0.04338747099767978,0.23809523809523808,0.13793103448275862,0.35542168674698793,0.5616438356164383,0.0,0.0,0.12880562060889927,0.09375000000000003,0.04560185185185181,0.04352358613500132,0.014559386973180072,0.0,0.3099850968703428,0.0
Rangareddy,Telangana,0.5555555555555429,0.4717703349282295,0.18571428571428572,0.9159503342884432,0.4714295397546261,0.37578814627994955,0.4716202270381837,0.3474426807760141,0.4023668639053257,Excess,1.0,0.0,High,Jul,0.45870069605568453,0.0,0.10344827586206896,0.09036144578313252,0.571917808219178,0.0,0.5037735849056604,0.38524590163934425,0.4969512195121951,0.4599537037037038,0.4654678133958823,0.4954022988505747,0.4186413902053713,0.6125186289120716,0.17771084337349397
Rangareddy,Telangana,0.6666666666666572,0.10125598086124402,0.18571428571428572,0.15759312320916907,0.11787433064461464,0.20554854981084492,0.04024767801857586,0.19753086419753085,0.550295857988166,Deficient,0.0,1.0,Low,Jul,0.13967517401392107,0.2857142857142857,0.0,0.33734939759036137,0.0,0.1064516129032258,0.06792452830188679,0.3009367681498829,0.08879573170731711,0.14166666666666664,0.14386239249413604,0.09310344827586209,0.16271721958925747,0.04321907600596127,0.06927710843373493
Rangareddy,Telangana,0.7777777777777715,0.28229665071770327,0.18571428571428572,0.5281757402101241,0.30061682369687515,0.3467843631778058,0.44478844169246645,0.63668430335097,0.550295857988166,Normal,0.0,0.0,Medium,Jul,0.2747099767981438,0.5714285714285714,0.3103448275862069,0.5210843373493975,0.6438356164383562,0.4225806451612903,0.2339622641509434,0.34543325526932084,0.3296493902439024,0.2763888888888889,0.3197810789679437,0.2708812260536398,0.3433385992627699,0.42175856929955297,0.48493975903614456
Rangareddy,Telangana,0.8888888888888857,0.24688995215311002,0.18571428571428572,0.45558739255014324,0.25276215007117186,0.3600252206809584,0.19298245614035087,0.3421516754850088,0.4201183431952664,Normal,0.0,0.0,Medium,Jul,0.2837587006960556,0.09523809523809523,0.10344827586206896,0.0,0.6643835616438355,0.0,0.5547169811320755,0.3243559718969555,0.2370426829268292,0.28541666666666665,0.21553296846494654,0.27739463601532566,0.2806740389678779,0.21013412816691507,0.17771084337349397
Rangareddy,Telangana,1.0,0.12338516746411479,0.18571428571428572,0.20343839541547273,0.13509116789805456,0.16834804539722573,0.3075335397316822,0.2927689594356261,0.4733727810650885,Deficient,0.0,0.0,Low,Jul,0.13132250580046403,0.8095238095238095,0.06896551724137931,0.0,0.5684931506849316,0.36774193548387096,0.04716981132075471,0.1498829039812646,0.17149390243902438,0.13333333333333333,0.1475110763617409,0.12835249042145597,0.14533965244865718,0.4634873323397914,0.0
Medchal Malkajgiri,Telangana,0.0,0.155322966507177,0.22857142857142865,0.2387774594078319,0.16539009015115566,0.223203026481715,0.39215686274509803,0.24338624338624337,0.4556213017751478,Normal,0.0,0.0,Low,Jul,0.17424593967517396,0.2857142857142857,0.3103448275862069,0.11746987951807228,0.3390410958904109,0.1903225806451613,0.22264150943396227,0.20725995316159251,0.17721036585365854,0.1761574074074074,0.17696116757883765,0.13065134099616854,0.2127435492364402,0.4709388971684054,0.23192771084337346
Medchal Malkajgiri,Telangana,0.11111111111111427,0.3168062200956937,0.22857142857142865,0.5577841451766954,0.3111909442147359,0.28940731399747793,0.3095975232198142,0.7389770723104055,0.3254437869822482,Normal,0.0,0.0,Medium,Jul,0.2960556844547564,1.0,0.0,0.5963855421686747,0.7568493150684932,0.0,0.3113207547169811,0.3442622950819672,0.3109756097560975,0.29768518518518516,0.34427938493614807,0.28160919540229884,0.33859926276987895,0.4605067064083458,0.012048192771084336
Medchal Malkajgiri,Telangana,0.22222222222220012,0.2732655502392344,0.22857142857142865,0.47182425978987586,0.2880770012878736,0.3562421185372005,0.24664602683178535,0.1128747795414462,0.5147928994082838,Normal,0.0,0.0,Medium,Jul,0.2610208816705336,0.2857142857142857,0.24137931034482757,0.17469879518072287,0.02054794520547945,0.4967741935483871,0.11132075471698114,0.4121779859484777,0.31935975609756084,0.2627314814814815,0.3064894448788116,0.23946360153256707,0.36124275934702477,0.18479880774962743,0.38554216867469876
Medchal Malkajgiri,Telangana,0.3333333333333144,0.2941985645933014,0.22857142857142865,0.5128939828080229,0.28455229444858665,0.44829760403530894,0.20536635706914344,0.19223985890652556,0.2721893491124261,Normal,0.0,0.0,Medium,Jul,0.285614849187935,0.8095238095238095,0.034482758620689655,0.0,0.3732876712328767,0.1935483870967742,0.4245283018867924,0.4988290398126463,0.29001524390243905,0.28726851851851853,0.26009903570497783,0.3218390804597701,0.2991047919957873,0.315946348733234,0.0
Medchal Malkajgiri,Telangana,0.44444444444442865,0.5343899521531099,0.22857142857142865,0.9866284622731615,0.5308072934318443,0.6071878940731401,0.43962848297213625,0.3985890652557319,0.3905325443786989,Excess,1.0,0.0,High,Jul,0.5589327146171694,0.4761904761904762,0.8620689655172413,0.2048192771084337,0.5410958904109588,0.6806451612903226,0.6245283018867924,0.49297423887587827,0.5423018292682925,0.5599537037037037,0.49048735991660153,0.5367816091954023,0.48235913638757244,0.5007451564828614,0.31024096385542166
Medchal Malkajgiri,Telangana,0.5555555555555429,0.31321770334928223,0.22857142857142865,0.5501432664756447,0.31302108045821175,0.36317780580075665,0.32610939112487103,0.36684303350970016,0.3727810650887582,Normal,0.0,0.0,Medium,Jul,0.3116009280742459,0.2857142857142857,0.1724137931034483,0.6265060240963854,0.0,0.6064516129032258,0.1811320754716981,0.3419203747072599,0.2972560975609756,0.31319444444444444,0.28902788636955956,0.3321839080459769,0.3786203264876251,0.35916542473919527,0.2650602409638554
Medchal Malkajgiri,Telangana,0.6666666666666572,0.28307416267942576,0.22857142857142865,0.4909264565425024,0.29539754626177717,0.2730138713745271,0.29205366357069146,0.38095238095238093,0.4911242603550301,Normal,0.0,0.0,Medium,Aug,0.26357308584686767,0.4761904761904762,0.24137931034482757,0.04216867469879517,0.6917808219178082,0.35161290322580646,0.16792452830188678,0.275175644028103,0.3243140243902438,0.25949074074074074,0.32577534532186603,0.2601532567049808,0.35123749341758825,0.315946348733234,0.25301204819277107
Medchal Malkajgiri,Telangana,0.7777777777777715,0.24366028708133966,0.22857142857142865,0.41356255969436484,0.2410357215481597,0.26166456494325346,0.11867905056759546,0.16049382716049382,0.3254437869822482,Normal,0.0,0.0,Low,Jul,0.2243619489559164,0.8571428571428572,0.0,0.27409638554216864,0.0,0.0,0.15660377358490568,0.3887587822014051,0.20846036585365849,0.2261574074074074,0.2426374771957258,0.28160919540229884,0.3033175355450237,0.19076005961251868,0.0
Medchal Malkajgiri,Telangana,0.8888888888888857,0.16620813397129183,0.22857142857142865,0.2607449856733524,0.16647461533247473,0.317780580075662,0.2755417956656347,0.6155202821869488,0.33136094674556293,Normal,0.0,0.0,Low,Jul,0.18283062645011597,0.23809523809523808,0.24137931034482757,0.5210843373493975,0.6027397260273972,0.4774193548387097,0.06415094339622641,0.37704918032786877,0.20884146341463414,0.1847222222222222,0.16262705238467554,0.1632183908045977,0.14218009478672985,0.28017883755588674,0.2771084337349397
Medchal Malkajgiri,Telangana,1.0,0.21854066985645929,0.22857142857142865,0.3638968481375358,0.24700061004541443,0.16897856242118536,0.1785345717234262,0.5537918871252204,0.6745562130177518,Normal,0.0,0.0,Low,Jul,0.24269141531322505,0.23809523809523808,0.06896551724137931,0.35542168674698793,0.6712328767123288,0.0,0.21698113207547168,0.17915690866510536,0.24199695121951217,0.24444444444444444,0.2593171748762053,0.21532567049808427,0.31911532385466035,0.11922503725782417,0.3192771084337349
Sangareddy,Telangana,0.0,0.4879186602870812,0.2857142857142856,0.828080229226361,0.49928828034975925,0.6015132408575032,0.3797729618163055,0.8447971781305114,0.4911242603550301,Excess,1.0,0.0,High,Jul,0.47146171693735506,0.8571428571428572,0.8620689655172413,0.7379518072289156,0.8013698630136985,0.8709677419354839,0.30943396226415093,0.6088992974238876,0.4954268292682926,0.4726851851851852,0.5215011727912432,0.5452107279693486,0.42654028436018965,0.30402384500745155,0.5331325301204819
Sangareddy,Telangana,0.11111111111111427,0.1716507177033492,0.2857142857142856,0.23400191021967526,0.16708466074696668,0.223203026481715,0.36532507739938086,0.0,0.26627218934911223,Deficient,0.0,0.0,Low,Jul,0.17517401392111367,0.3333333333333333,0.10344827586206896,0.0,0.0,0.0,0.0,0.414519906323185,0.16615853658536586,0.17708333333333334,0.14281991138910613,0.1693486590038314,0.25487098472880465,0.33233979135618485,0.4337349397590361
Sangareddy,Telangana,0.22222222222220012,0.3044856459330143,0.2857142857142856,0.48328557784145176,0.33620280620890663,0.2938209331651955,0.3075335397316822,0.4038800705467372,0.6804733727810648,Normal,0.0,0.0,Medium,Jul,0.33897911832946637,0.8095238095238095,0.10344827586206896,0.11144578313253012,0.6575342465753424,0.09354838709677418,0.43018867924528303,0.24473067915690866,0.3315548780487805,0.34050925925925923,0.31639301537659636,0.3302681992337165,0.39652448657188,0.436661698956781,0.05421686746987951
Sangareddy,Telangana,0.3333333333333144,0.43935406698564594,0.2857142857142856,0.7363896848137537,0.42798074967803146,0.4697351828499369,0.5944272445820433,0.20987654320987653,0.31360946745562224,Excess,1.0,0.0,High,Jul,0.4633410672853828,0.14285714285714285,0.06896551724137931,0.15963855421686746,0.22602739726027396,0.8387096774193548,0.1981132075471698,0.4449648711943794,0.3891006097560975,0.46458333333333335,0.4052645295804014,0.4727969348659004,0.37230121116377046,0.5573770491803279,0.6475903614457831
Sangareddy,Telangana,0.44444444444442865,0.3254784688995215,0.2857142857142856,0.5224450811843362,0.31837592354097455,0.4419924337957125,0.34365325077399383,0.1710758377425044,0.31360946745562224,Normal,0.0,0.0,Medium,Jul,0.3132250580046404,0.9047619047619047,0.24137931034482757,0.19277108433734938,0.11301369863013698,0.5935483870967742,0.22264150943396227,0.46721311475409827,0.2964939024390243,0.3148148148148149,0.31535053427156634,0.3536398467432949,0.334913112164297,0.5052160953800299,0.021084337349397585
Sangareddy,Telangana,0.5555555555555429,0.485346889952153,0.2857142857142856,0.8233046800382045,0.504643123432522,0.6078184110970997,0.31475748194014447,0.2698412698412698,0.550295857988166,Excess,1.0,0.0,High,Jul,0.5048723897911833,0.8095238095238095,0.8620689655172413,0.0,0.523972602739726,0.2709677419354839,0.6188679245283019,0.6463700234192037,0.523246951219512,0.5060185185185185,0.46338285118582234,0.5329501915708812,0.48815165876777256,0.31445603576751124,0.322289156626506
Sangareddy,Telangana,0.6666666666666572,0.423145933014354,0.2857142857142856,0.7058261700095512,0.41991459364197103,0.47919293820933156,0.48503611971104227,0.1675485008818342,0.3727810650887582,Excess,1.0,0.0,High,Jul,0.3993039443155453,0.23809523809523808,0.24137931034482757,0.28614457831325296,0.0,0.5548387096774193,0.1490566037735849,0.5960187353629977,0.38224085365853644,0.40069444444444446,0.3964034401876466,0.49003831417624527,0.45866245392311744,0.6020864381520119,0.23795180722891565
Sangareddy,Telangana,0.7777777777777715,0.17194976076555016,0.2857142857142856,0.23400191021967526,0.16959262522876697,0.3360655737704918,0.25696594427244585,0.25573192239858905,0.29585798816568065,Deficient,0.0,0.0,Low,Jul,0.21415313225058,0.047619047619047616,0.034482758620689655,0.18674698795180722,0.2842465753424658,0.34516129032258064,0.1169811320754717,0.4262295081967213,0.1455792682926829,0.2159722222222222,0.14281991138910613,0.19386973180076628,0.1806213796735124,0.25782414307004475,0.2680722891566265
Sangareddy,Telangana,0.8888888888888857,0.42864832535885156,0.2857142857142856,0.7163323782234957,0.45495831356334293,0.4754098360655738,0.6222910216718266,0.10582010582010581,0.609467455621302,Excess,1.0,0.0,High,Jul,0.46055684454756374,0.14285714285714285,0.5172413793103449,0.0,0.2054794520547945,0.14516129032258063,0.4490566037735849,0.5515222482435598,0.432545731707317,0.46180555555555547,0.4623403700807922,0.42643678160919535,0.4765666140073723,0.5782414307004471,0.6867469879518072
Sangareddy,Telangana,1.0,0.3299043062200956,0.2857142857142856,0.5310410697230181,0.32928895817799764,0.2648171500630517,0.4086687306501548,0.47266313932980597,0.3727810650887582,Normal,0.0,0.0,Medium,Jul,0.3392111368909513,0.0,0.10344827586206896,0.2078313253012048,0.6815068493150684,0.041935483870967745,0.20754716981132074,0.34777517564402805,0.30373475609756095,0.3407407407407408,0.3036226218399791,0.3268199233716474,0.41126908899420755,0.35767511177347244,0.5090361445783131
Medak,Telangana,0.0,0.5245215311004784,0.3571428571428572,0.8175740210124165,0.532298515556158,0.5302648171500631,0.5799793601651186,0.6455026455026455,0.46745562130177554,Excess,1.0,0.0,High,Jul,0.5232018561484918,0.7619047619047619,0.4482758620689655,0.8222891566265059,0.3184931506849315,0.0,0.6490566037735849,0.5819672131147541,0.4858993902439024,0.5243055555555555,0.5379202501954652,0.5659003831417624,0.517114270668773,0.4560357675111774,0.8102409638554215
Medak,Telangana,0.11111111111111427,0.2939593301435406,0.3571428571428572,0.4087870105062082,0.29011048600284683,0.2578814627994956,0.08875128998968008,0.31569664902998235,0.33136094674556293,Normal,0.0,0.0,Low,Jul,0.3090487238979118,0.14285714285714285,0.06896551724137931,0.06626506024096385,0.5376712328767123,0.035483870967741936,0.1471698113207547,0.37470725995316156,0.27591463414634143,0.3106481481481481,0.2679176439927027,0.33103448275862074,0.28014744602422326,0.14754098360655737,0.0
Medak,Telangana,0.22222222222220012,0.3572368421052631,0.3571428571428572,0.5205348615090736,0.37117874330644607,0.39029003783102145,0.3219814241486068,0.41622574955908287,0.5088757396449708,Normal,0.0,0.0,Medium,Jul,0.36937354988399074,0.42857142857142855,0.1724137931034483,0.358433734939759,0.40068493150684925,0.29354838709677417,0.5358490566037736,0.2857142857142857,0.338795731707317,0.37083333333333335,0.3734688558769873,0.36283524904214554,0.42917324907846244,0.3815201192250373,0.2078313253012048
Medak,Telangana,0.3333333333333144,0.3747009569377989,0.3571428571428572,0.5520534861509073,0.3724666169592624,0.4136191677175284,0.4540763673890609,0.2892416225749559,0.3727810650887582,Normal,0.0,0.0,Medium,Jul,0.3902552204176335,0.047619047619047616,0.10344827586206896,0.49397590361445776,0.0,0.13870967741935483,0.5433962264150943,0.3805620608899297,0.34756097560975596,0.3916666666666667,0.3515767526713579,0.436015325670498,0.32332806740389675,0.5245901639344264,0.30421686746987947
Medak,Telangana,0.44444444444442865,0.13456937799043053,0.3571428571428572,0.1260744985673352,0.13265098624008667,0.2812105926860025,0.411764705882353,0.3492063492063492,0.2840236686390538,Deficient,0.0,1.0,Low,Jul,0.11693735498839905,0.8095238095238095,0.3103448275862069,0.3463855421686747,0.2842465753424658,0.1774193548387097,0.22641509433962265,0.3173302107728337,0.19778963414634146,0.1189814814814815,0.10737555381808708,0.19501915708812256,0.11216429699842026,0.4694485842026826,0.29216867469879515
Medak,Telangana,0.5555555555555429,0.33809808612440184,0.3571428571428572,0.48710601719197705,0.3008201721683724,0.34930643127364436,0.4530443756449949,0.30335097001763667,0.041420118343195256,Normal,0.0,0.0,Medium,Jul,0.3146171693735499,0.0,0.24137931034482757,0.10542168674698794,0.46917808219178075,0.1032258064516129,0.2113207547169811,0.4800936768149883,0.28963414634146345,0.31620370370370376,0.3015376596299192,0.31570881226053643,0.2848867825171143,0.6259314456035768,0.09638554216867469
Medak,Telangana,0.6666666666666572,0.19940191387559805,0.3571428571428572,0.24068767908309455,0.1956212295804243,0.31904161412358134,0.22807017543859645,0.49559082892416223,0.29585798816568065,Normal,0.0,0.0,Low,Jul,0.1879350348027842,0.4761904761904762,0.1724137931034483,0.6114457831325301,0.26712328767123283,0.1032258064516129,0.48490566037735844,0.2540983606557377,0.19092987804878045,0.1898148148148148,0.19755016940317957,0.2011494252873563,0.25908372827804105,0.20715350223546947,0.28614457831325296
Medak,Telangana,0.7777777777777715,0.06483253588516744,0.3571428571428572,0.0019102196752626144,0.1069612960075916,0.21563682219419922,0.43137254901960786,0.31569664902998235,1.0,Deficient,0.0,1.0,Low,Jul,0.07540603248259861,0.5238095238095237,0.0,0.539156626506024,0.0,0.07096774193548387,0.3415094339622642,0.16276346604215455,0.13224085365853658,0.07754629629629631,0.10737555381808708,0.12873563218390804,0.18852027382833073,0.3904619970193741,0.5090361445783131
Medak,Telangana,0.8888888888888857,0.27063397129186595,0.3571428571428572,0.3667621776504298,0.2619806141123838,0.5598991172761666,0.4912280701754386,0.24867724867724866,0.2721893491124261,Normal,0.0,0.0,Low,Jul,0.25382830626450115,0.6666666666666667,0.1724137931034483,0.0,0.4828767123287671,0.7354838709677419,0.44528301886792454,0.49648711943793905,0.3125,0.25555555555555554,0.25592911128485796,0.27241379310344827,0.24117956819378625,0.3904619970193741,0.683734939759036
Medak,Telangana,1.0,0.30251196172248795,0.3571428571428572,0.42406876790830944,0.29404188978512835,0.2673392181588903,0.13415892672858618,0.0582010582010582,0.2899408284023668,Normal,0.0,0.0,Low,Jul,0.29118329466357307,0.047619047619047616,0.1724137931034483,0.0,0.11301369863013698,0.31612903225806455,0.23773584905660375,0.23419203747072598,0.30144817073170727,0.29282407407407407,0.33802449830596815,0.2754789272030651,0.25065824117956825,0.15648286140089418,0.11445783132530118
Nizamabad,Telangana,0.0,0.4879186602870812,0.4285714285714286,0.6857688634192932,0.5015928963600622,0.4640605296343001,0.2476780185758514,0.43915343915343913,0.5088757396449708,Excess,1.0,0.0,High,Jul,0.5032482598607889,0.2857142857142857,0.8275862068965517,0.23493975903614456,0.5856164383561644,0.0,0.39245283018867927,0.6182669789227166,0.5201981707317073,0.5043981481481482,0.4607766484232474,0.4704980842911876,0.563454449710374,0.33979135618479883,0.0753012048192771
Nizamabad,Telangana,0.11111111111111427,0.2751196172248803,0.4285714285714286,0.32760267430754536,0.2886192638785331,0.3322824716267339,0.2848297213622291,0.14814814814814814,0.5029585798816569,Normal,0.0,0.0,Low,Jul,0.288399071925754,0.4761904761904762,0.20689655172413793,0.0,0.2876712328767123,0.25161290322580643,0.5471698113207547,0.18618266978922715,0.2614329268292682,0.2900462962962963,0.28798540526452954,0.2927203065134099,0.3475513428120064,0.16244411326378544,0.5421686746987951
Nizamabad,Telangana,0.22222222222220012,0.1594497607655502,0.4285714285714286,0.13276026743075453,0.15318918186131633,0.07187894073139975,0.4303405572755418,0.5132275132275133,0.2366863905325447,Deficient,0.0,1.0,Low,Jul,0.14733178654292342,0.5238095238095237,0.3103448275862069,0.5451807228915663,0.37671232876712324,0.0,0.0,0.1334894613583138,0.1840701219512195,0.14930555555555555,0.1475110763617409,0.12911877394636012,0.23117430226434968,0.4098360655737705,0.466867469879518
Nizamabad,Telangana,0.3333333333333144,0.48074162679425825,0.4285714285714286,0.673352435530086,0.5122347997017554,0.46532156368221944,0.24974200206398348,0.6031746031746031,0.6390532544378704,Excess,1.0,0.0,High,Jul,0.5046403712296983,0.42857142857142855,0.27586206896551724,0.719879518072289,0.3527397260273973,0.3225806451612903,0.6113207547169811,0.3676814988290398,0.4809451219512194,0.505787037037037,0.5027365129007036,0.5448275862068965,0.5102685624012638,0.3800298062593145,0.0
Nizamabad,Telangana,0.44444444444442865,0.38612440191387554,0.4285714285714286,0.5138490926456543,0.4179488917508303,0.5901639344262296,0.6480908152734777,0.04585537918871252,0.6627218934911241,Normal,0.0,0.0,Medium,Jul,0.40974477958236655,0.09523809523809523,0.20689655172413793,0.07831325301204818,0.0,0.4161290322580645,0.539622641509434,0.6100702576112412,0.4176829268292682,0.4111111111111111,0.3953609590826166,0.4574712643678161,0.4175882043180622,0.6020864381520119,0.7138554216867469
Nizamabad,Telangana,0.5555555555555429,0.12661483253588515,0.4285714285714286,0.0783190066857688,0.14268284416728796,0.11223203026481714,0.3622291021671827,0.0,0.5384615384615392,Deficient,0.0,1.0,Low,Jul,0.1524361948955916,0.6666666666666667,0.1724137931034483,0.0,0.0,0.0,0.04905660377358491,0.17798594847775176,0.1451981707317073,0.15439814814814815,0.11467292155329686,0.17203065134099615,0.19905213270142183,0.27272727272727276,0.5451807228915663
Nizamabad,Telangana,0.6666666666666572,0.33540669856459326,0.4285714285714286,0.4288443170964661,0.3275943875821866,0.27112232030264816,0.11867905056759546,0.20282186948853614,0.3076923076923075,Normal,0.0,0.0,Medium,Jul,0.34779582366589334,0.0,0.1724137931034483,0.0,0.39383561643835613,0.2096774193548387,0.2358490566037736,0.2810304449648712,0.32088414634146334,0.34930555555555554,0.34349752410737566,0.314176245210728,0.2917324907846235,0.19076005961251868,0.0
Nizamabad,Telangana,0.7777777777777715,0.09922248803827752,0.4285714285714286,0.03151862464183375,0.09604826137056868,0.2786885245901639,0.004127966976264195,0.25749559082892415,0.2366863905325447,Deficient,0.0,1.0,Low,Jul,0.09002320185614845,0.7142857142857142,0.10344827586206896,0.13855421686746985,0.3424657534246575,0.5,0.0,0.33606557377049173,0.11928353658536586,0.09212962962962959,0.09695074276778734,0.10076628352490419,0.14797261716692997,0.025335320417287636,0.0
Nizamabad,Telangana,0.8888888888888857,0.08582535885167455,0.4285714285714286,0.009551098376313238,0.09116789805463296,0.3953341740226986,0.19298245614035087,0.36155202821869487,0.36686390532544344,Deficient,0.0,1.0,Low,Jul,0.06774941995359626,0.047619047619047616,0.3103448275862069,0.27409638554216864,0.3904109589041096,0.3193548387096774,0.46603773584905656,0.32903981264637006,0.09527439024390247,0.06990740740740739,0.09642950221527233,0.13486590038314172,0.14797261716692997,0.2324888226527571,0.1325301204819277
Nizamabad,Telangana,1.0,0.24515550239234443,0.4285714285714286,0.27698185291308497,0.2594048668067511,0.27994955863808324,0.22703818369453047,0.14109347442680775,0.5147928994082838,Normal,0.0,0.0,Low,Jul,0.27563805104408345,0.6190476190476191,0.20689655172413793,0.24096385542168672,0.0,0.1032258064516129,0.20188679245283017,0.35714285714285715,0.20388719512195122,0.2773148148148148,0.25592911128485796,0.285823754789272,0.3033175355450237,0.24143070044709392,0.21385542168674695
Kamareddy,Telangana,0.0,0.480322966507177,0.3285714285714285,0.7679083094555874,0.47698773130888616,0.371374527112232,0.6790505675954591,0.7989417989417988,0.38461538461538414,Excess,1.0,0.0,High,Jul,0.46519721577726214,0.6190476190476191,0.20689655172413793,0.7831325301204818,0.660958904109589,0.07096774193548387,0.2037735849056604,0.5374707259953162,0.46189024390243894,0.4664351851851851,0.5006515506906438,0.47701149425287354,0.44971037388099,0.6676602086438153,0.6716867469879517
Kamareddy,Telangana,0.11111111111111427,0.5166866028708134,0.3285714285714285,0.833810888252149,0.5474140852707923,0.35813366960907944,0.5521155830753354,0.5890652557319224,0.6272189349112427,Excess,1.0,0.0,High,Jul,0.5505800464037123,0.4761904761904762,0.5172413793103449,0.6957831325301205,0.3527397260273973,0.0,0.19056603773584904,0.5468384074941451,0.495045731707317,0.5516203703703704,0.5327078446703153,0.5570881226053639,0.5824117956819379,0.7108792846497766,0.21385542168674695
Kamareddy,Telangana,0.22222222222220012,0.4688397129186602,0.3285714285714285,0.7468958930276981,0.4756998576560699,0.5781841109709962,0.3756449948400413,0.3350970017636684,0.4556213017751478,Excess,1.0,0.0,High,Jul,0.4535962877030162,0.9523809523809523,0.24137931034482757,0.24397590361445778,0.3732876712328767,0.5032258064516129,0.6735849056603774,0.4730679156908664,0.4996189024390243,0.45486111111111105,0.48084440969507425,0.42375478927203064,0.5271195365982096,0.2921013412816692,0.5451807228915663
Kamareddy,Telangana,0.3333333333333144,0.20376794258373201,0.3285714285714285,0.2664756446991404,0.20341625432115498,0.26166456494325346,0.22497420020639833,0.21340388007054673,0.3372781065088759,Normal,0.0,0.0,Low,Jul,0.18283062645011597,0.0,0.24137931034482757,0.21686746987951805,0.1678082191780822,0.0,0.1811320754716981,0.37353629976580793,0.23323170731707313,0.1847222222222222,0.23064894448788117,0.175095785440613,0.24170616113744073,0.19672131147540983,0.29819277108433734
Kamareddy,Telangana,0.44444444444442865,0.22781100478468894,0.3285714285714285,0.30945558739255014,0.25811699315393477,0.4583858764186633,0.27244582043343657,0.019400352733686066,0.6923076923076925,Normal,0.0,0.0,Low,Jul,0.26450116009280744,0.5714285714285714,0.24137931034482757,0.0,0.03767123287671233,0.6322580645161291,0.36792452830188677,0.39344262295081966,0.2846798780487805,0.2662037037037037,0.2530622882460255,0.2149425287356322,0.3101632438125329,0.18926974664679586,0.4518072289156626
Kamareddy,Telangana,0.5555555555555429,0.20604066985645922,0.3285714285714285,0.27029608404966565,0.1887073815495153,0.24401008827238335,0.28689370485036125,0.6807760141093474,0.1360946745562135,Normal,0.0,0.0,Low,Jul,0.18097447795823665,1.0,0.0,0.49397590361445776,0.7602739726027397,0.0,0.24150943396226415,0.3032786885245901,0.19245426829268295,0.18287037037037038,0.1915559030492572,0.20344827586206893,0.22801474460242235,0.157973174366617,0.5572289156626505
Kamareddy,Telangana,0.6666666666666572,0.48875598086124394,0.3285714285714285,0.7831900668576887,0.46783705009150667,0.4155107187894073,0.478844169246646,0.18518518518518517,0.2544378698224854,Excess,1.0,0.0,High,Jul,0.4566125290023202,0.3333333333333333,0.5517241379310345,0.051204819277108425,0.3013698630136986,0.3806451612903226,0.2339622641509434,0.48829039812646363,0.4653201219512194,0.45787037037037037,0.4560854834506125,0.5306513409961686,0.40968931016324384,0.7108792846497766,0.0
Kamareddy,Telangana,0.7777777777777715,0.31561004784688995,0.3285714285714285,0.4689589302769819,0.30176913170202657,0.5731399747793191,0.4014447884416925,0.3932980599647266,0.24260355029585856,Normal,0.0,0.0,Medium,Jul,0.30812064965197217,0.23809523809523808,0.0,0.6716867469879517,0.0,0.7580645161290323,0.6264150943396227,0.4004683840749414,0.283155487804878,0.30972222222222223,0.3127443315089914,0.3118773946360153,0.2985781990521327,0.5991058122205665,0.0
Kamareddy,Telangana,0.8888888888888857,0.38612440191387554,0.3285714285714285,0.5969436485195798,0.4045956754558394,0.4401008827238336,0.4922600619195046,0.47266313932980597,0.5443786982248522,Normal,0.0,0.0,Medium,Jul,0.3767981438515081,0.8571428571428572,0.20689655172413793,0.6867469879518072,0.136986301369863,0.02903225806451613,0.4754716981132075,0.5117096018735363,0.4096798780487805,0.37824074074074077,0.36669272869429237,0.4540229885057471,0.4623486045286994,0.42175856929955297,0.6234939759036143
Kamareddy,Telangana,1.0,0.1432416267942583,0.3285714285714285,0.1566380133715377,0.15827289364874939,0.2547288776796973,0.33230134158926733,0.20282186948853614,0.5207100591715985,Deficient,0.0,1.0,Low,Jul,0.1633410672853828,0.6666666666666667,0.10344827586206896,0.12349397590361444,0.2534246575342466,0.0,0.20566037735849058,0.34543325526932084,0.1764481707317073,0.16527777777777777,0.1853010164190774,0.11302681992337166,0.19062664560294892,0.3874813710879285,0.2259036144578313
Jagtial,Telangana,0.0,0.6964114832535884,0.5,0.9579751671442216,0.7157188368467429,0.7168978562421185,0.6388028895768834,0.7583774250440917,0.5384615384615392,Excess,1.0,0.0,High,Jul,0.6788863109048724,0.5714285714285714,0.3448275862068966,0.680722891566265,0.6986301369863013,0.8064516129032258,0.3754716981132075,0.8056206088992974,0.6955030487804877,0.6796296296296296,0.7083659108678656,0.7344827586206897,0.7230121116377041,0.5007451564828614,0.891566265060241
Jagtial,Telangana,0.11111111111111427,0.50316985645933,0.5,0.6494746895893028,0.523825662577103,0.48675914249684743,0.5933952528379772,0.3386243386243386,0.5562130177514799,Excess,0.0,0.0,High,Jul,0.525754060324826,0.2857142857142857,0.13793103448275862,0.29216867469879515,0.3253424657534246,0.5709677419354838,0.21886792452830187,0.5608899297423888,0.53125,0.5268518518518518,0.472765181131092,0.5597701149425287,0.5229067930489733,0.698956780923994,0.358433734939759
Jagtial,Telangana,0.22222222222220012,0.6732655502392343,0.5,0.9207258834765999,0.6678641632210397,0.5586380832282473,0.4468524251805986,0.7178130511463845,0.39644970414201186,Excess,1.0,0.0,High,Jul,0.6517401392111369,0.9047619047619047,0.9310344827586207,0.8162650602409638,0.4657534246575342,0.2709677419354839,0.5113207547169811,0.6217798594847775,0.6383384146341463,0.6525462962962963,0.6896012509773262,0.6279693486590039,0.6761453396524487,0.5081967213114755,0.3162650602409638
Jagtial,Telangana,0.3333333333333144,0.26566985645933006,0.5,0.2693409742120344,0.29661763709076117,0.27679697351828497,0.1331269349845201,0.6402116402116401,0.6863905325443787,Normal,0.0,0.0,Low,Jul,0.29095127610208815,0.5714285714285714,0.13793103448275862,0.49397590361445776,0.6815068493150684,0.0,0.2943396226415094,0.33138173302107726,0.31554878048780477,0.2925925925925926,0.27182694813656505,0.30536398467432946,0.34439178515007896,0.1311475409836066,0.16265060240963855
Jagtial,Telangana,0.44444444444442865,0.13773923444976074,0.5,0.06590257879656158,0.1548159696332949,0.25598991172761665,0.1589267285861713,0.09700176366843033,0.550295857988166,Deficient,0.0,1.0,Low,Jul,0.17494199535962876,0.3809523809523809,0.20689655172413793,0.06626506024096385,0.11301369863013698,0.0,0.2320754716981132,0.33138173302107726,0.18749999999999997,0.17685185185185184,0.14698983580922595,0.1781609195402299,0.110057925223802,0.2488822652757079,0.0
Jagtial,Telangana,0.5555555555555429,0.6682416267942581,0.5,0.9130850047755492,0.6484782756049615,0.7604035308953342,0.7017543859649122,0.5837742504409171,0.31360946745562224,Excess,1.0,0.0,High,Jul,0.6292343387470998,0.9047619047619047,0.9310344827586207,0.9006024096385541,0.1095890410958904,0.2290322580645161,0.8226415094339623,0.8185011709601874,0.6116615853658536,0.6300925925925926,0.6301798279906177,0.7298850574712643,0.5934702474986835,0.6527570789865872,0.7680722891566264
Jagtial,Telangana,0.6666666666666572,0.4757177033492822,0.5,0.6055396370582617,0.4649901714905442,0.5245901639344263,0.5407636738906089,0.49206349206349204,0.3254437869822482,Normal,0.0,0.0,Medium,Jul,0.44385150812064966,0.6666666666666667,0.3103448275862069,0.15662650602409636,0.7773972602739725,0.17419354838709677,0.5528301886792453,0.5679156908665106,0.44207317073170727,0.44513888888888886,0.46494657284336716,0.4636015325670498,0.5229067930489733,0.6423248882265277,0.3192771084337349
Jagtial,Telangana,0.7777777777777715,0.6155502392344496,0.5,0.8290353390639924,0.6008269504507556,0.5529634300126104,0.44478844169246645,0.3403880070546737,0.33136094674556293,Excess,1.0,0.0,High,Jul,0.5835266821345707,0.6190476190476191,0.034482758620689655,0.358433734939759,0.2534246575342466,0.2290322580645161,0.5566037735849056,0.5983606557377049,0.6006097560975608,0.5844907407407407,0.6231430805316654,0.5892720306513408,0.5497630331753556,0.5722801788375559,0.18072289156626503
Jagtial,Telangana,0.8888888888888857,0.3293660287081339,0.5,0.37153772683858644,0.3241374635667321,0.33984867591424966,0.44169246646026833,0.32451499118165783,0.33136094674556293,Normal,0.0,0.0,Low,Jul,0.32830626450116007,0.6666666666666667,0.20689655172413793,0.23795180722891565,0.3595890410958904,0.016129032258064516,0.16037735849056603,0.5257611241217799,0.3262195121951219,0.32986111111111116,0.2955433932759969,0.34674329501915707,0.35387045813586104,0.42473919523099857,0.4698795180722891
Jagtial,Telangana,1.0,0.25448564593301426,0.5,0.2521489971346705,0.2470683928692469,0.22761664564943257,0.11351909184726523,0.689594356261023,0.27810650887573996,Normal,0.0,0.0,Low,Jul,0.2496519721577726,0.5714285714285714,0.0,0.5271084337349397,0.7397260273972602,0.0,0.30566037735849055,0.23302107728337235,0.21189024390243902,0.2513888888888889,0.2322126661454261,0.2992337164750958,0.2848867825171143,0.18330849478390465,0.0
Rajanna Sircilla,Telangana,0.0,0.2915071770334928,0.4571428571428571,0.33715377268385865,0.2857046024537382,0.19419924337957123,0.5098039215686274,0.25573192239858905,0.31360946745562224,Normal,0.0,0.0,Low,Jul,0.308584686774942,0.5238095238095237,0.24137931034482757,0.3403614457831325,0.1095890410958904,0.0,0.17358490566037735,0.252927400468384,0.28925304878048785,0.31018518518518523,0.27703935366171495,0.2547892720306513,0.31490258030542395,0.41728763040238454,0.683734939759036
Rajanna Sircilla,Telangana,0.11111111111111427,0.37326555023923436,0.4571428571428571,0.47182425978987586,0.37050091506812166,0.4010088272383354,0.5531475748194014,0.6225749559082892,0.36686390532544344,Normal,0.0,0.0,Medium,Jul,0.37726218097447795,0.047619047619047616,0.3103448275862069,0.3704819277108434,0.7876712328767123,0.6451612903225806,0.2830188679245283,0.33489461358313816,0.34870426829268286,0.37870370370370365,0.39301537659629926,0.38965517241379305,0.315955766192733,0.5305514157973175,0.5813253012048192
Rajanna Sircilla,Telangana,0.22222222222220012,0.5936004784688994,0.4571428571428571,0.8347659980897804,0.6233986307869585,0.36696090794451447,0.7812177502579979,0.7989417989417988,0.609467455621302,Excess,1.0,0.0,High,Jul,0.6132250580046403,0.8571428571428572,0.8275862068965517,0.6355421686746988,0.8287671232876712,0.02258064516129032,0.25660377358490566,0.5140515222482436,0.6322408536585366,0.6141203703703704,0.5994266353922335,0.6241379310344828,0.6140073723012112,0.7928464977645306,0.716867469879518
Rajanna Sircilla,Telangana,0.3333333333333144,0.4917464114832535,0.4571428571428571,0.6666666666666666,0.4997627601165864,0.4873896595208071,0.33126934984520123,0.35802469135802467,0.46745562130177554,Excess,0.0,0.0,High,Jul,0.5250580046403712,0.6666666666666667,0.06896551724137931,0.10542168674698794,0.5753424657534246,0.3193548387096774,0.26037735849056604,0.6276346604215457,0.49009146341463405,0.5261574074074074,0.47041959864477456,0.5007662835249043,0.4802527646129542,0.35022354694485847,0.29819277108433734
Rajanna Sircilla,Telangana,0.44444444444442865,0.3413277511961722,0.4571428571428571,0.4192932187201528,0.319663797193791,0.3354350567465321,0.19091847265221878,0.13403880070546736,0.1834319526627226,Normal,0.0,0.0,Low,Jul,0.3197215777262181,1.0,0.3103448275862069,0.22891566265060237,0.0,0.3258064516129032,0.3641509433962264,0.2786885245901639,0.29992378048780477,0.3212962962962963,0.3119624706802189,0.371264367816092,0.30805687203791476,0.2950819672131148,0.0
Rajanna Sircilla,Telangana,0.5555555555555429,0.21620813397129177,0.4571428571428571,0.21298949379178603,0.21324476377685894,0.2610340479192938,0.05985552115583076,0.3315696649029982,0.31360946745562224,Deficient,0.0,0.0,Low,Jul,0.20742459396751742,0.3809523809523809,0.0,0.12349397590361444,0.5034246575342465,0.16129032258064516,0.4169811320754717,0.16744730679156905,0.260670731707317,0.20925925925925928,0.20354443575710188,0.2486590038314176,0.17798841495523962,0.10134128166915055,0.009036144578313251
Rajanna Sircilla,Telangana,0.6666666666666572,0.6391148325358851,0.4571428571428571,0.9092645654250239,0.6278722971598996,0.5756620428751578,0.6140350877192982,0.693121693121693,0.36094674556213047,Excess,1.0,0.0,High,Jul,0.6076566125290024,0.9523809523809523,0.41379310344827586,0.753012048192771,0.4897260273972603,0.02258064516129032,0.569811320754717,0.7072599531615925,0.6116615853658536,0.6085648148148148,0.6114151681000782,0.6758620689655173,0.5945234333859928,0.7690014903129658,0.2771084337349397
Rajanna Sircilla,Telangana,0.7777777777777715,0.3517344497607655,0.4571428571428571,0.4364851957975167,0.36379041550870994,0.2112232030264817,0.21878224974200206,0.14638447971781304,0.4911242603550301,Normal,0.0,0.0,Medium,Jul,0.38839907192575407,0.9047619047619047,0.034482758620689655,0.25,0.0,0.0,0.19056603773584904,0.2740046838407494,0.33727134146341464,0.38981481481481484,0.35392233515767535,0.38314176245210724,0.3422854133754608,0.3353204172876304,0.0
Rajanna Sircilla,Telangana,0.8888888888888857,0.16333732057416264,0.4571428571428571,0.1260744985673352,0.17711651867416792,0.3146279949558638,0.05985552115583076,0.35978835978835977,0.5029585798816569,Deficient,0.0,1.0,Low,Jul,0.19698375870069604,0.7142857142857142,0.20689655172413793,0.17771084337349397,0.4965753424657534,0.0,0.23962264150943394,0.4355971896955503,0.19664634146341461,0.1988425925925926,0.1660151159760229,0.21839080459770116,0.12690889942074776,0.10581222056631893,0.0
Rajanna Sircilla,Telangana,1.0,0.6014354066985645,0.4571428571428571,0.8471824259789875,0.5962177184301497,0.6185372005044136,0.5314757481940143,0.49206349206349204,0.3905325443786989,Excess,1.0,0.0,High,Jul,0.5872389791183295,0.42857142857142855,0.5172413793103449,0.28012048192771083,0.636986301369863,0.6516129032258065,0.5754716981132075,0.5550351288056207,0.6025152439024389,0.5881944444444445,0.5600729736773521,0.6651340996168582,0.5260663507109006,0.4098360655737705,0.7620481927710843
Karimnagar,Telangana,0.0,0.5192583732057415,0.5285714285714285,0.6513849092645654,0.5272825865925573,0.43694829760403536,0.6470588235294117,0.2945326278659612,0.46745562130177554,Excess,0.0,0.0,High,Jul,0.5192575406032482,0.7619047619047619,0.27586206896551724,0.22289156626506024,0.3184931506849315,0.17419354838709677,0.38490566037735846,0.509367681498829,0.5403963414634145,0.5203703703703704,0.5483450612457649,0.47701149425287354,0.5129015271195366,0.5782414307004471,0.7590361445783131
Karimnagar,Telangana,0.11111111111111427,0.4700358851674641,0.5285714285714285,0.5740210124164279,0.4843760591066223,0.5170239596469105,0.32610939112487103,0.4656084656084656,0.5147928994082838,Normal,0.0,0.0,Medium,Jul,0.4816705336426914,0.3809523809523809,0.24137931034482757,0.6746987951807227,0.136986301369863,0.7419354838709677,0.17169811320754716,0.5843091334894613,0.5179115853658536,0.4828703703703704,0.4618191295282773,0.4298850574712643,0.5355450236966824,0.4903129657228018,0.0
Karimnagar,Telangana,0.22222222222220012,0.4113038277511961,0.5285714285714285,0.48233046800382046,0.42282925506676594,0.41866330390920553,0.45098039215686275,0.03880070546737213,0.4911242603550301,Normal,0.0,0.0,Medium,Jul,0.43596287703016245,0.09523809523809523,0.20689655172413793,0.0,0.07534246575342465,0.0,0.4490566037735849,0.4988290398126463,0.41272865853658525,0.43726851851851856,0.4386239249413605,0.43908045977011495,0.3407056345444971,0.5469448584202683,0.25
Karimnagar,Telangana,0.3333333333333144,0.5109449760765549,0.5285714285714285,0.6380133715377269,0.5218599606859621,0.5378310214375789,0.7543859649122807,0.4074074074074074,0.48520710059171623,Excess,0.0,0.0,High,Jul,0.5308584686774942,0.0,0.3103448275862069,0.5692771084337348,0.14383561643835616,0.012903225806451613,0.7056603773584905,0.5562060889929743,0.4679878048780487,0.5319444444444444,0.5384414907479803,0.48352490421455935,0.5555555555555557,0.7272727272727273,0.7710843373493975
Karimnagar,Telangana,0.44444444444442865,0.10735645933014346,0.5285714285714285,0.006685768863419261,0.11529858333898188,0.12673392181588902,0.2043343653250774,0.06349206349206349,0.41420118343195256,Deficient,0.0,1.0,Low,Jul,0.14338747099767976,0.9523809523809523,0.20689655172413793,0.0,0.1232876712328767,0.08709677419354839,0.035849056603773584,0.18149882903981265,0.08460365853658533,0.14537037037037034,0.10320562939796715,0.14521072796934864,0.15060558188520276,0.03129657228017885,0.5722891566265059
Karimnagar,Telangana,0.5555555555555429,0.31088516746411476,0.5285714285714285,0.3247373447946514,0.31234325221988735,0.29823455233291296,0.15789473684210528,0.07407407407407407,0.3905325443786989,Normal,0.0,0.0,Low,Jul,0.32946635730858465,0.23809523809523808,0.3103448275862069,0.0,0.14383561643835616,0.0,0.2660377358490566,0.3887587822014051,0.3586128048780487,0.3310185185185185,0.28381548084440966,0.28888888888888886,0.3180621379673513,0.24739195230998512,0.0
Karimnagar,Telangana,0.6666666666666572,0.11519138755980854,0.5285714285714285,0.01814708691499517,0.13400664271673549,0.38524590163934425,0.21981424148606812,0.2768959435626102,0.5798816568047345,Deficient,0.0,1.0,Low,Jul,0.1517401392111369,0.6190476190476191,0.1724137931034483,0.4728915662650602,0.0,0.6483870967741936,0.2792452830188679,0.30679156908665106,0.08460365853658533,0.1537037037037037,0.15298410216314826,0.15900383141762453,0.15745129015271195,0.33681073025335323,0.0
Karimnagar,Telangana,0.7777777777777715,0.6455143540669854,0.5285714285714285,0.8490926456542502,0.6352606249576356,0.5762925598991173,0.6160990712074303,0.2345679012345679,0.36686390532544344,Excess,1.0,0.0,High,Jul,0.6164733178654292,0.14285714285714285,0.9310344827586207,0.3132530120481927,0.09931506849315068,0.3967741935483871,0.6830188679245284,0.5023419203747073,0.6025152439024389,0.6173611111111111,0.6580661975501694,0.6007662835249041,0.6535018430753028,0.5752608047690015,0.6746987951807227
Karimnagar,Telangana,0.8888888888888857,0.17607655502392341,0.5285714285714285,0.11365807067812794,0.1823357961092659,0.24022698612862547,0.41898864809081526,0.30687830687830686,0.4082840236686396,Deficient,0.0,1.0,Low,Jul,0.1895591647331786,0.14285714285714285,0.034482758620689655,0.03915662650602409,0.5513698630136986,0.0,0.09622641509433962,0.3864168618266979,0.24314024390243902,0.19143518518518518,0.16757883763356793,0.18812260536398467,0.15850447604002108,0.4008941877794337,0.4518072289156626
Karimnagar,Telangana,1.0,0.5157894736842105,0.5285714285714285,0.6456542502387774,0.5148783298312207,0.5529634300126104,0.5830753353973167,0.6860670194003526,0.4082840236686396,Excess,0.0,0.0,High,Jul,0.4812064965197216,0.4761904761904762,0.20689655172413793,0.6957831325301205,0.5410958904109588,0.7451612903225807,0.33962264150943394,0.5456674473067916,0.5064786585365854,0.4824074074074074,0.5149856658848059,0.5448275862068965,0.5239599789362823,0.6423248882265277,0.4427710843373493
Peddapalli,Telangana,0.0,0.18935406698564586,0.5714285714285714,0.11556829035339067,0.2032806886734901,0.23833543505674654,0.3508771929824561,0.18165784832451498,0.5088757396449708,Deficient,0.0,1.0,Low,Jul,0.21392111368909508,0.4761904761904762,0.06896551724137931,0.3012048192771084,0.010273972602739725,0.0,0.22641509433962265,0.3021077283372365,0.18025914634146342,0.2157407407407407,0.20875684128225172,0.1934865900383142,0.2622432859399685,0.35916542473919527,0.33734939759036137
Peddapalli,Telangana,0.11111111111111427,0.734090909090909,0.5714285714285714,0.9446036294173831,0.7333423710431775,0.5542244640605297,0.6501547987616099,0.7848324514991181,0.43195266272189414,Excess,1.0,0.0,High,Jul,0.7127610208816706,0.19047619047619047,0.5862068965517241,0.7740963855421685,0.6438356164383562,0.2806451612903226,0.4415094339622641,0.6533957845433255,0.7179878048780487,0.713425925925926,0.7208756841282252,0.6977011494252874,0.7772511848341233,0.5245901639344264,0.8765060240963854
Peddapalli,Telangana,0.22222222222220012,0.4589712918660287,0.5714285714285714,0.5262655205348615,0.45963532840778143,0.4419924337957125,0.20020639834881318,0.49206349206349204,0.4082840236686396,Normal,0.0,0.0,Medium,Jul,0.4598607888631091,0.5714285714285714,0.1724137931034483,0.5512048192771084,0.3287671232876712,0.5,0.3471698113207547,0.42388758782201397,0.4668445121951219,0.46111111111111114,0.4623403700807922,0.4471264367816092,0.4386519220642444,0.30849478390462,0.0
Peddapalli,Telangana,0.3333333333333144,0.18098086124401905,0.5714285714285714,0.10315186246418334,0.1842337151765742,0.33669609079445145,0.2910216718266254,0.2874779541446208,0.3727810650887582,Deficient,0.0,1.0,Low,Jul,0.17679814385150808,0.2857142857142857,0.034482758620689655,0.4909638554216867,0.0,0.37741935483870964,0.1320754716981132,0.40632318501170955,0.19016768292682926,0.17870370370370367,0.19077404222048475,0.19080459770114944,0.22485518694049497,0.11475409836065574,0.6566265060240963
Peddapalli,Telangana,0.44444444444442865,0.29820574162679414,0.5714285714285714,0.2817574021012416,0.31580017623534185,0.2938209331651955,0.29205366357069146,0.20987654320987653,0.5443786982248522,Normal,0.0,0.0,Low,Jul,0.3180974477958237,0.7142857142857142,0.27586206896551724,0.036144578313253004,0.3664383561643835,0.0,0.3471698113207547,0.3302107728337236,0.3128810975609756,0.319675925925926,0.312483711232734,0.3727969348659003,0.26066350710900477,0.34277198211624443,0.19879518072289154
Peddapalli,Telangana,0.5555555555555429,0.13235645933014353,0.5714285714285714,0.029608404966571134,0.1400393140378228,0.39281210592686006,0.27141382868937053,0.19753086419753085,0.4201183431952664,Deficient,0.0,1.0,Low,Jul,0.11136890951276099,0.6190476190476191,0.20689655172413793,0.09036144578313252,0.28082191780821913,0.635483870967742,0.23962264150943394,0.35011709601873536,0.15091463414634146,0.1134259259259259,0.12848579619494402,0.16666666666666669,0.2432859399684044,0.41132637853949333,0.0
Peddapalli,Telangana,0.6666666666666572,0.4956937799043061,0.5714285714285714,0.5816618911174785,0.5150138954788855,0.5416141235813368,0.4055727554179567,0.8289241622574955,0.550295857988166,Normal,0.0,0.0,Medium,Jul,0.480046403712297,0.4761904761904762,0.1724137931034483,0.7680722891566264,0.7363013698630136,0.6258064516129032,0.5943396226415094,0.4098360655737705,0.5301067073170731,0.48125000000000007,0.5248892363825906,0.4915708812260536,0.5481832543443919,0.41728763040238454,0.37951807228915657
Peddapalli,Telangana,0.7777777777777715,0.547846889952153,0.5714285714285714,0.6609360076408787,0.57012133125466,0.5510718789407314,0.6212590299277605,0.7530864197530864,0.5680473372781067,Excess,0.0,0.0,High,Jul,0.5633410672853828,1.0,0.13793103448275862,0.6957831325301205,0.6712328767123288,0.44516129032258067,0.2358490566037736,0.7154566744730679,0.566310975609756,0.5643518518518518,0.564242898097472,0.5854406130268199,0.5286993154291734,0.6661698956780925,0.5060240963855421
Peddapalli,Telangana,0.8888888888888857,0.6416866028708132,0.5714285714285714,0.8042024832855779,0.6572222598793465,0.4754098360655738,0.6656346749226005,0.20987654320987653,0.5207100591715985,Excess,1.0,0.0,High,Jul,0.6106728538283063,0.23809523809523808,0.9310344827586207,0.027108433734939756,0.37671232876712324,0.02258064516129032,0.3264150943396226,0.6721311475409836,0.6749237804878048,0.6115740740740742,0.6273130049517852,0.6946360153256703,0.6703528172722486,0.6408345752608048,0.6867469879518072
Peddapalli,Telangana,1.0,0.2168062200956937,0.5714285714285714,0.15759312320916907,0.22876703043448784,0.4161412358133669,0.12280701754385966,0.0,0.48520710059171623,Deficient,0.0,1.0,Low,Jul,0.22459396751740132,0.7142857142857142,0.24137931034482757,0.0,0.0,0.0967741935483871,0.5283018867924528,0.4098360655737705,0.21874999999999997,0.22638888888888883,0.20562939796716187,0.2624521072796935,0.2943654555028963,0.19672131147540983,0.0
Jayashankar Bhupalpally,Telangana,0.0,0.6161483253588516,0.7857142857142856,0.603629417382999,0.6351928421338032,0.7370744010088273,0.6532507739938079,0.9894179894179894,0.5384615384615392,Normal,0.0,0.0,Medium,Jul,0.639907192575406,0.9047619047619047,0.0,0.8674698795180722,0.934931506849315,0.8096774193548387,0.7566037735849056,0.6053864168618267,0.6261432926829267,0.6407407407407407,0.5983841542872036,0.6758620689655173,0.5845181674565562,0.6572280178837556,0.6174698795180722
Jayashankar Bhupalpally,Telangana,0.11111111111111427,0.34623205741626795,0.7857142857142856,0.24450811843361983,0.35206398698569774,0.41992433795712486,0.42002063983488136,0.48324514991181655,0.4378698224852071,Normal,0.0,0.0,Low,Jul,0.3382830626450116,0.8095238095238095,0.13793103448275862,0.5150602409638554,0.3527397260273973,0.08709677419354839,0.5226415094339623,0.42388758782201397,0.36852134146341453,0.3398148148148148,0.346364347146208,0.37701149425287356,0.34544497103738814,0.27570789865871836,0.7078313253012047
Jayashankar Bhupalpally,Telangana,0.22222222222220012,0.7149521531100478,0.7857142857142856,0.7354345749761223,0.7024334033755846,0.6475409836065574,0.6429308565531475,0.43562610229276894,0.36686390532544344,Excess,1.0,0.0,High,Jul,0.7081206496519722,0.19047619047619047,0.8275862068965517,0.3975903614457831,0.39383561643835613,0.4225806451612903,0.5471698113207547,0.7096018735362998,0.7073170731707316,0.7087962962962964,0.6729215532968464,0.7172413793103447,0.6324381253291207,0.518628912071535,0.8674698795180722
Jayashankar Bhupalpally,Telangana,0.3333333333333144,0.6589114832535884,0.7857142857142856,0.6599808978032473,0.6722700467701483,0.6841109709962169,0.4489164086687306,0.691358024691358,0.5088757396449708,Excess,0.0,0.0,High,Jul,0.6763341067285382,0.19047619047619047,0.24137931034482757,0.36144578313253006,0.9315068493150684,0.6129032258064516,0.7150943396226415,0.6042154566744731,0.7012195121951219,0.6770833333333333,0.675267135783164,0.6260536398467433,0.5992627698788836,0.5484351713859911,0.24096385542168672
Jayashankar Bhupalpally,Telangana,0.44444444444442865,0.185944976076555,0.7857142857142856,0.03151862464183375,0.17426964007320542,0.24464060529634296,0.3777089783281734,0.003527336860670194,0.18934911242603558,Deficient,0.0,1.0,Low,Jul,0.1607888631090487,0.8571428571428572,0.13793103448275862,0.0,0.00684931506849315,0.0,0.11320754716981132,0.38407494145199056,0.20388719512195122,0.16273148148148145,0.1886890800104248,0.19885057471264367,0.15797788309636648,0.3695976154992549,0.394578313253012
Jayashankar Bhupalpally,Telangana,0.5555555555555429,0.39611244019138747,0.7857142857142856,0.31041069723018144,0.3955805598861247,0.5081967213114755,0.3797729618163055,0.8024691358024691,0.3905325443786989,Normal,0.0,0.0,Low,Jul,0.37865429234338743,0.6666666666666667,0.20689655172413793,0.753012048192771,0.7020547945205479,0.30967741935483867,0.4283018867924528,0.5655737704918032,0.39557926829268286,0.38009259259259254,0.42142298670836587,0.4157088122605364,0.34965771458662454,0.45007451564828616,0.23795180722891565
Jayashankar Bhupalpally,Telangana,0.6666666666666572,0.25687799043062187,0.7857142857142856,0.1251193887297039,0.27228360333491486,0.29129886506935687,0.19607843137254902,0.49382716049382713,0.5266272189349115,Deficient,0.0,1.0,Low,Jul,0.25545243619489555,0.4761904761904762,0.1724137931034483,0.5843373493975903,0.29452054794520544,0.17096774193548386,0.1169811320754717,0.40632318501170955,0.3132621951219512,0.25717592592592586,0.24211623664321083,0.28390804597701147,0.3285939968404423,0.12220566318926974,0.36445783132530113
Jayashankar Bhupalpally,Telangana,0.7777777777777715,0.5665071770334927,0.7857142857142856,0.5377268385864374,0.5801531891818612,0.4331651954602774,0.6078431372549019,0.873015873015873,0.5088757396449708,Normal,0.0,0.0,Medium,Jul,0.5480278422273782,0.3809523809523809,0.27586206896551724,0.7740963855421685,0.8150684931506849,0.07096774193548387,0.27358490566037735,0.6088992974238876,0.5640243902439024,0.5490740740740742,0.5903049257232212,0.6241379310344828,0.5387045813586098,0.7496274217585693,0.29819277108433734
Jayashankar Bhupalpally,Telangana,0.8888888888888857,0.5205741626794258,0.7857142857142856,0.47659980897803245,0.5066766081474953,0.5403530895334174,0.6140350877192982,0.4708994708994709,0.31360946745562224,Normal,0.0,0.0,Medium,Jul,0.49187935034802777,1.0,0.13793103448275862,0.03915662650602409,0.8698630136986301,0.36129032258064514,0.6075471698113207,0.4953161592505854,0.46150914634146334,0.49305555555555547,0.5147250456085484,0.5528735632183908,0.487625065824118,0.6289120715350225,0.5602409638554217
Jayashankar Bhupalpally,Telangana,1.0,0.34049043062200957,0.7857142857142856,0.2368672397325692,0.35721548159696326,0.4224464060529634,0.4024767801857585,0.14638447971781304,0.5325443786982245,Deficient,0.0,0.0,Low,Jul,0.36032482598607884,0.3333333333333333,0.1724137931034483,0.24096385542168672,0.010273972602739725,0.08387096774193549,0.3811320754716981,0.5175644028103045,0.33307926829268286,0.3618055555555555,0.37190513421944227,0.3252873563218391,0.4038967877830437,0.5216095380029807,0.15963855421686746
Mulugu,Telangana,0.0,0.42727272727272725,1.0,0.25501432664756446,0.43923269843421664,0.41866330390920553,0.5614035087719298,0.4991181657848324,0.4911242603550301,Normal,0.0,0.0,Low,Jul,0.4338747099767981,0.7142857142857142,0.20689655172413793,0.5783132530120481,0.3116438356164383,0.1935483870967742,0.2339622641509434,0.5620608899297425,0.45998475609756084,0.4351851851851851,0.4612978889757623,0.42030651340996167,0.38757240652975256,0.5499254843517138,0.5662650602409638
Mulugu,Telangana,0.11111111111111427,0.2761961722488038,1.0,0.07545367717287488,0.3134277774012064,0.42938209331651955,0.4726522187822498,0.7160493827160493,0.7455621301775155,Deficient,0.0,1.0,Low,Jul,0.2837587006960556,0.14285714285714285,0.24137931034482757,0.536144578313253,0.7808219178082192,0.4161290322580645,0.19622641509433963,0.5245901639344263,0.3281249999999999,0.28541666666666665,0.3062288246025541,0.3321839080459769,0.3675618746708794,0.511177347242921,0.38554216867469876
Mulugu,Telangana,0.22222222222220012,0.5538277511961721,1.0,0.40401146131805155,0.597031112316139,0.5838587641866331,0.3168214654282766,0.32275132275132273,0.7041420118343193,Normal,0.0,0.0,Low,Jul,0.5800464037122969,0.9523809523809523,0.24137931034482757,0.14457831325301201,0.46232876712328763,0.47096774193548385,0.5188679245283019,0.5913348946135831,0.5998475609756097,0.5810185185185185,0.5762314308053167,0.5973180076628353,0.6129541864139022,0.3859910581222057,0.18373493975903613
Mulugu,Telangana,0.3333333333333144,0.26555023923444965,1.0,0.0630372492836676,0.2787229715989967,0.39344262295081966,0.34468524251805993,0.2874779541446208,0.5029585798816569,Deficient,0.0,1.0,Low,Jul,0.26194895591647327,0.7619047619047619,0.24137931034482757,0.0,0.5582191780821918,0.26129032258064516,0.530188679245283,0.30679156908665106,0.2465701219512195,0.2636574074074074,0.287203544435757,0.29233716475095783,0.3533438651922065,0.3964232488822653,0.24397590361445778
Mulugu,Telangana,0.44444444444442865,0.7610645933014353,1.0,0.6494746895893028,0.7597098895139971,0.7887767969735182,0.8132094943240453,0.5520282186948854,0.43195266272189414,Excess,0.0,0.0,High,Jul,0.7837587006960557,0.7142857142857142,0.0,0.7048192771084336,0.2705479452054794,0.9096774193548387,0.6924528301886793,0.7049180327868853,0.7099847560975608,0.7842592592592592,0.7654417513682564,0.728352490421456,0.6998420221169037,0.8584202682563339,0.6777108433734939
Mulugu,Telangana,0.5555555555555429,0.5852870813397129,1.0,0.44126074498567336,0.594726496305836,0.6380832282471627,0.4798761609907121,0.5379188712522045,0.47928994082840237,Normal,0.0,0.0,Medium,Jul,0.5798143851508121,0.4761904761904762,0.10344827586206896,0.6084337349397589,0.3527397260273973,0.16129032258064516,0.590566037735849,0.7599531615925058,0.5567835365853657,0.580787037037037,0.5908261662757363,0.5977011494252873,0.6250658241179569,0.7064083457526081,0.012048192771084336
Mulugu,Telangana,0.6666666666666572,0.9571770334928228,1.0,0.8815663801337155,0.963261709482817,0.7944514501891551,0.7657378740970072,0.5537918871252204,0.4733727810650885,Excess,1.0,0.0,High,Jul,0.9290023201856149,0.42857142857142855,0.896551724137931,0.43975903614457823,0.5753424657534246,0.5516129032258065,0.7849056603773585,0.7880562060889931,0.970655487804878,0.9291666666666667,0.9497002866823039,0.9521072796934864,0.9115323854660348,0.7242921013412817,0.8102409638554215
Mulugu,Telangana,0.7777777777777715,0.3074162679425837,1.0,0.11270296084049664,0.31905375177929896,0.29129886506935687,0.3632610939112487,0.4532627865961199,0.48520710059171623,Deficient,0.0,1.0,Low,Jul,0.29535962877030164,0.5238095238095237,0.24137931034482757,0.3132530120481927,0.523972602739726,0.0,0.09622641509433962,0.48126463700234196,0.34832317073170727,0.2969907407407407,0.3197810789679437,0.31954022988505754,0.34702474986835175,0.5439642324888228,0.0
Mulugu,Telangana,0.8888888888888857,0.6292464114832536,1.0,0.49379178605539636,0.6321426150613434,0.5170239596469105,0.7801857585139319,0.6225749559082892,0.443786982248521,Normal,0.0,0.0,Medium,Jul,0.6589327146171693,0.5714285714285714,0.3103448275862069,0.4909638554216867,0.6506849315068493,0.8741935483870968,0.29245283018867924,0.4613583138173302,0.583841463414634,0.6597222222222222,0.6361740943445401,0.6482758620689655,0.5376513954713007,0.7913561847988079,0.716867469879518
Mulugu,Telangana,1.0,0.4987440191387559,1.0,0.33906399235912127,0.49752592693011577,0.5037831021437579,0.34468524251805993,0.25749559082892415,0.4023668639053257,Normal,0.0,0.0,Low,Jul,0.516937354988399,0.09523809523809523,0.0,0.0,0.49999999999999994,0.6064516129032258,0.2320754716981132,0.5714285714285714,0.4714176829268292,0.5180555555555555,0.49726348709929635,0.4674329501915709,0.4986835176408636,0.4783904619970194,0.07831325301204818
Bhadradri Kothagudem,Telangana,0.0,0.44964114832535873,0.9285714285714286,0.3123209169054441,0.427912966854199,0.37263556116015134,0.6088751289989679,0.0,0.2366863905325447,Normal,0.0,0.0,Low,Jul,0.4649651972157772,0.047619047619047616,0.1724137931034483,0.0,0.0,0.17096774193548386,0.17735849056603772,0.5199063231850117,0.4016768292682926,0.4662037037037037,0.4120406567630962,0.4118773946360153,0.42074776197998953,0.6646795827123697,0.4728915662650602
Bhadradri Kothagudem,Telangana,0.11111111111111427,0.8757775119617223,0.9285714285714286,0.8357211079274116,0.8697214125940486,0.882093316519546,0.7977296181630547,0.24162257495590828,0.41420118343195256,Excess,1.0,0.0,High,Jul,0.8990719257540601,0.4761904761904762,0.8275862068965517,0.11445783132530118,0.3390410958904109,0.7096774193548387,0.6283018867924528,0.990632318501171,0.8022103658536582,0.8993055555555556,0.8652593171748761,0.878927203065134,0.7567140600315956,0.7049180327868853,0.9427710843373494
Bhadradri Kothagudem,Telangana,0.22222222222220012,0.7349880382775118,0.9285714285714286,0.6628462273161414,0.7208025486341759,0.6771752837326608,0.6346749226006191,0.710758377425044,0.36094674556213047,Excess,0.0,0.0,High,Jul,0.7245939675174013,0.5238095238095237,0.27586206896551724,0.9397590361445782,0.3116438356164383,0.5967741935483871,0.7226415094339622,0.5925058548009368,0.6814024390243901,0.7252314814814814,0.711753974459213,0.7613026819923372,0.634544497103739,0.9120715350223548,0.048192771084337345
Bhadradri Kothagudem,Telangana,0.3333333333333144,0.6541267942583731,0.9285714285714286,0.5635148042024833,0.6530875076255674,0.716267339218159,0.6738906088751289,0.14638447971781304,0.4201183431952664,Normal,0.0,0.0,Medium,Jul,0.6392111368909512,0.8095238095238095,0.3103448275862069,0.11746987951807228,0.1506849315068493,0.7612903225806452,0.7792452830188679,0.5702576112412178,0.6371951219512194,0.6400462962962963,0.6095908261662757,0.6789272030651341,0.6829910479199579,0.5529061102831595,0.8885542168674698
Bhadradri Kothagudem,Telangana,0.44444444444442865,0.735047846889952,0.9285714285714286,0.6628462273161414,0.7435097946180437,0.6752837326607819,0.41898864809081526,0.5149911816578483,0.47928994082840237,Excess,0.0,0.0,High,Jul,0.7127610208816706,0.23809523809523808,0.13793103448275862,0.43975903614457823,0.49999999999999994,0.4806451612903226,0.47358490566037736,0.7857142857142857,0.746951219512195,0.713425925925926,0.7469377117539745,0.7160919540229884,0.7382833070036862,0.5320417287630403,0.18674698795180722
Bhadradri Kothagudem,Telangana,0.5555555555555429,0.9938995215311003,0.9285714285714286,0.9808978032473734,0.9999999999999999,0.6923076923076924,0.5964912280701754,0.8077601410934744,0.47928994082840237,Excess,1.0,0.0,High,Jul,0.9999999999999999,0.3333333333333333,0.10344827586206896,0.9608433734939757,0.47602739726027393,0.2806451612903226,0.5547169811320755,0.8395784543325526,0.9820884146341463,1.0,1.0,1.0,0.8525539757767248,0.7540983606557378,0.25602409638554213
Bhadradri Kothagudem,Telangana,0.6666666666666572,0.6040669856459329,0.9285714285714286,0.501432664756447,0.6087575408391512,0.5523329129886507,0.6398348813209493,0.1710758377425044,0.44970414201183484,Normal,0.0,0.0,Medium,Jul,0.5958236658932714,0.5238095238095237,0.0,0.009036144578313251,0.3219178082191781,0.14193548387096774,0.6113207547169811,0.594847775175644,0.5960365853658536,0.5967592592592592,0.6307010685431327,0.57816091954023,0.5897840968931017,0.7093889716840538,0.4728915662650602
Bhadradri Kothagudem,Telangana,0.7777777777777715,0.5033492822966507,0.9285714285714286,0.37822349570200575,0.5067443909713277,0.4337957124842371,0.3735810113519092,0.19753086419753085,0.43195266272189414,Normal,0.0,0.0,Low,Jul,0.5053364269141531,0.7142857142857142,0.034482758620689655,0.33734939759036137,0.0,0.5032258064516129,0.3452830188679245,0.4086651053864168,0.5053353658536585,0.5064814814814814,0.4654678133958823,0.5371647509578543,0.5181674565560822,0.38897168405365135,0.3433734939759036
Bhadradri Kothagudem,Telangana,0.8888888888888857,0.6270334928229664,0.9285714285714286,0.5300859598853869,0.6292957364603808,0.7452711223203027,0.5727554179566563,0.3562610229276896,0.4378698224852071,Normal,0.0,0.0,Medium,Jul,0.6201856148491879,0.9047619047619047,0.06896551724137931,0.33734939759036137,0.3082191780821918,0.5709677419354838,0.790566037735849,0.6861826697892272,0.5697408536585366,0.6210648148148148,0.6476413864998697,0.5865900383141762,0.6845708267509216,0.8211624441132639,0.051204819277108425
Bhadradri Kothagudem,Telangana,1.0,0.379066985645933,0.9285714285714286,0.2254059216809933,0.36467159221853174,0.3965952080706179,0.21981424148606812,0.23633156966490299,0.26627218934911223,Deficient,0.0,0.0,Low,Jul,0.3624129930394432,1.0,0.3103448275862069,0.0,0.4589041095890411,0.4967741935483871,0.4433962264150943,0.2810304449648712,0.3319359756097561,0.36388888888888893,0.3630440448266876,0.42796934865900377,0.3354397051079515,0.23099850968703428,0.21385542168674695
Khammam,Telangana,0.0,0.45382775119617214,0.6428571428571428,0.4708691499522445,0.46410899478072243,0.6361916771752838,0.5748194014447884,0.4426807760141093,0.47928994082840237,Normal,0.0,0.0,Medium,Jul,0.47772621809744786,0.3333333333333333,0.0,0.7560240963855421,0.0,0.8032258064516128,0.5660377358490566,0.5386416861826698,0.4695121951219511,0.4789351851851852,0.42038050560333595,0.4674329501915709,0.4860452869931543,0.5290611028315947,0.6475903614457831
Khammam,Telangana,0.11111111111111427,0.6061602870813396,0.6428571428571428,0.6914995224450812,0.5960821527824848,0.6595208070617907,0.3735810113519092,0.4479717813051146,0.36094674556213047,Excess,1.0,0.0,High,Jul,0.6252900232018561,1.0,0.3103448275862069,0.4518072289156626,0.3561643835616438,0.2967741935483871,0.5981132075471698,0.7459016393442622,0.5979420731707317,0.6261574074074073,0.5895230648944488,0.5674329501915709,0.5197472353870458,0.40387481371087935,0.3132530120481927
Khammam,Telangana,0.22222222222220012,0.6249401913875597,0.6428571428571428,0.7191977077363897,0.621161797600488,0.5208070617906684,0.48916408668730654,0.3968253968253968,0.4023668639053257,Excess,1.0,0.0,High,Jul,0.5955916473317866,0.3333333333333333,0.41379310344827586,0.6506024096385542,0.030821917808219176,0.1935483870967742,0.4132075471698113,0.6405152224824355,0.5758384146341462,0.5965277777777778,0.6497263487099297,0.6662835249042145,0.5550289626119012,0.5767511177347244,0.3012048192771084
Khammam,Telangana,0.3333333333333144,0.4814593301435406,0.6428571428571428,0.5109837631327603,0.4653290856097064,0.41298865069356866,0.4468524251805986,0.3509700176366843,0.2899408284023668,Normal,0.0,0.0,Medium,Jul,0.4709976798143851,0.047619047619047616,0.20689655172413793,0.024096385542168672,0.654109589041096,0.2838709677419355,0.3169811320754717,0.46721311475409827,0.4790396341463413,0.4722222222222222,0.4573885848318999,0.4816091954022988,0.4033701948393892,0.6333830104321908,0.06325301204819277
Khammam,Telangana,0.44444444444442865,0.5805622009569377,0.6428571428571428,0.6542502387774595,0.5922185318240356,0.562421185372005,0.7017543859649122,0.7901234567901234,0.49704142011834307,Excess,0.0,0.0,High,Jul,0.5603248259860788,0.23809523809523808,0.3103448275862069,0.6566265060240963,0.7876712328767123,0.432258064516129,0.3471698113207547,0.6721311475409836,0.5967987804878048,0.5613425925925926,0.6041178003648684,0.542911877394636,0.6429699842022117,0.7466467958271238,0.5783132530120481
Khammam,Telangana,0.5555555555555429,0.6279904306220094,0.6428571428571428,0.723018147086915,0.6246865044397748,0.5529634300126104,0.4231166150670794,0.31393298059964725,0.4023668639053257,Excess,1.0,0.0,High,Jul,0.6120649651972158,0.19047619047619047,0.034482758620689655,0.15361445783132527,0.43493150684931503,0.04838709677419355,0.4811320754716981,0.7107728337236534,0.606326219512195,0.6129629629629629,0.6254886630179828,0.6770114942528735,0.5371248025276462,0.5692995529061103,0.12349397590361444
Khammam,Telangana,0.6666666666666572,0.20203349282296648,0.6428571428571428,0.10506208213944601,0.19521453263742963,0.24022698612862547,0.1197110423116615,0.2310405643738977,0.26035502958579926,Deficient,0.0,1.0,Low,Jul,0.17749419953596288,0.9523809523809523,0.20689655172413793,0.36746987951807225,0.030821917808219176,0.0,0.5207547169811321,0.12295081967213115,0.20503048780487806,0.17939814814814817,0.20849622100599427,0.22490421455938692,0.20537124802527648,0.13859910581222057,0.10843373493975902
Khammam,Telangana,0.7777777777777715,0.6694976076555023,0.6428571428571428,0.78414517669532,0.6710499559411643,0.47919293820933156,0.542827657378741,0.5961199294532628,0.4378698224852071,Excess,1.0,0.0,High,Jul,0.6450116009280742,0.047619047619047616,0.1724137931034483,0.48192771084337344,0.6095890410958904,0.19677419354838707,0.4490566037735849,0.5398126463700235,0.6303353658536585,0.6458333333333333,0.6593692989314569,0.6812260536398467,0.7151132174828857,0.5156482861400895,0.5813253012048192
Khammam,Telangana,0.8888888888888857,0.5160287081339712,0.6428571428571428,0.5606494746895894,0.5137938046499015,0.45712484237074397,0.5149638802889577,0.18694885361552027,0.39644970414201186,Normal,0.0,0.0,Medium,Jul,0.49582366589327154,1.0,0.13793103448275862,0.15662650602409636,0.18493150684931506,0.0,0.3622641509433962,0.6241217798594848,0.46036585365853644,0.4969907407407408,0.5267135783163931,0.5590038314176244,0.5028962611901001,0.6259314456035768,0.2771084337349397
Khammam,Telangana,1.0,0.4226076555023923,0.6428571428571428,0.4250238777459408,0.4315054565173184,0.43694829760403536,0.3839009287925697,0.20458553791887124,0.46745562130177554,Normal,0.0,0.0,Low,Jul,0.3951276102088167,0.6666666666666667,0.06896551724137931,0.006024096385542168,0.3904109589041096,0.4387096774193548,0.39999999999999997,0.40398126463700235,0.448170731707317,0.3965277777777777,0.45347928068803756,0.3816091954022988,0.5007898894154819,0.45007451564828616,0.25
Nalgonda,Telangana,0.0,0.028648325358851673,0.18571428571428572,0.009551098376313238,0.03199349284891209,0.2137452711223203,0.015479876160990714,0.0,0.29585798816568065,Deficient,0.0,1.0,Low,Jul,0.0705336426914153,0.9047619047619047,0.10344827586206896,0.0,0.0,0.2967741935483871,0.06226415094339622,0.2505854800936768,0.012957317073170743,0.07268518518518516,0.04534792806880375,0.013793103448275862,0.06529752501316483,0.041728763040238454,0.0
Nalgonda,Telangana,0.11111111111111427,0.3528708133971291,0.18571428571428572,0.673352435530086,0.34718362366976196,0.6469104665825978,0.26006191950464397,0.564373897707231,0.33136094674556293,Excess,1.0,0.0,High,Jul,0.3320185614849188,0.23809523809523808,0.6896551724137931,0.6656626506024096,0.3390410958904109,0.7677419354838709,0.6188679245283019,0.5386416861826698,0.3563262195121951,0.3335648148148148,0.33229085222830335,0.3865900383141762,0.35387045813586104,0.25782414307004475,0.2771084337349397
Nalgonda,Telangana,0.22222222222220012,0.3832535885167463,0.18571428571428572,0.7354345749761223,0.3804649901714904,0.41866330390920553,0.3137254901960785,0.25044091710758376,0.36686390532544344,Excess,1.0,0.0,High,Jul,0.36983758700696057,0.14285714285714285,0.3793103448275862,0.0,0.48630136986301364,0.6161290322580646,0.1811320754716981,0.44145199063231844,0.4173018292682926,0.37129629629629635,0.3570497784727652,0.3800766283524904,0.40126382306477093,0.47242921013412825,0.0
Nalgonda,Telangana,0.3333333333333144,0.15514354066985644,0.18571428571428572,0.26838586437440304,0.16837253439978303,0.3530895334174023,0.23116615067079463,0.31040564373897706,0.49704142011834307,Normal,0.0,0.0,Low,Jul,0.1737819025522042,0.9523809523809523,0.3103448275862069,0.503012048192771,0.030821917808219176,0.535483870967742,0.2037735849056604,0.33489461358313816,0.1684451219512195,0.17569444444444446,0.15663278603075317,0.210727969348659,0.18009478672985782,0.2488822652757079,0.2108433734939759
Nalgonda,Telangana,0.44444444444442865,0.19479665071770327,0.18571428571428572,0.34957020057306587,0.21161797600488028,0.46343001261034045,0.061919504643962855,0.41798941798941797,0.5443786982248522,Normal,0.0,0.0,Low,Jul,0.22320185614849183,0.3809523809523809,0.27586206896551724,0.3704819277108434,0.3904109589041096,0.6483870967741936,0.46226415094339623,0.33840749414519905,0.18711890243902438,0.22499999999999995,0.20849622100599427,0.27356321839080455,0.18694049499736706,0.10879284649776456,0.0
Nalgonda,Telangana,0.5555555555555429,0.4838516746411482,0.18571428571428572,0.9407831900668577,0.485257235816444,0.5491803278688525,0.4943240454076368,0.3315696649029982,0.4201183431952664,Excess,1.0,0.0,High,Jul,0.4524361948955916,0.9523809523809523,0.896551724137931,0.0,0.6438356164383562,0.5387096774193548,0.5830188679245283,0.46252927400468385,0.5182926829268292,0.4537037037037036,0.4998696898618713,0.4689655172413793,0.4776197998946814,0.6572280178837556,0.15361445783132527
Nalgonda,Telangana,0.6666666666666572,0.3574760765550239,0.18571428571428572,0.6819484240687679,0.34379448247813993,0.2591424968474149,0.3023735810113519,0.37389770723104054,0.26627218934911223,Excess,1.0,0.0,High,Jul,0.38979118329466356,0.9523809523809523,0.896551724137931,0.32831325301204817,0.3527397260273973,0.08387096774193549,0.10943396226415093,0.38290398126463693,0.31554878048780477,0.3912037037037036,0.3229085222830337,0.3662835249042145,0.29963138493944186,0.2384500745156483,0.43975903614457823
Nalgonda,Telangana,0.7777777777777715,0.03995215311004782,0.18571428571428572,0.03247373447946511,0.06717277841794886,0.1544766708701135,0.0,0.0,0.7633136094674562,Deficient,0.0,1.0,Low,Jul,0.06844547563805106,0.3809523809523809,0.24137931034482757,0.0,0.0,0.4032258064516129,0.22075471698113205,0.0035128805620609008,0.056021341463414615,0.07060185185185183,0.08313786812614024,0.11877394636015326,0.0631911532385466,0.019374068554396426,0.0
Nalgonda,Telangana,0.8888888888888857,0.08785885167464116,0.18571428571428572,0.1298949379178605,0.10180980139632614,0.3348045397225725,0.42002063983488136,0.31393298059964725,0.5088757396449708,Deficient,0.0,1.0,Low,Jul,0.10232018561484915,0.2857142857142857,0.27586206896551724,0.3192771084337349,0.2465753424657534,0.45483870967741935,0.33773584905660375,0.24707259953161592,0.15853658536585366,0.10439814814814816,0.0698462340370081,0.1528735632183908,0.09373354397051081,0.3412816691505216,0.575301204819277
Nalgonda,Telangana,1.0,0.24928229665071763,0.18571428571428572,0.4603629417382999,0.25662577102962103,0.43757881462799497,0.43756449948400417,0.13580246913580246,0.4378698224852071,Normal,0.0,0.0,Medium,Jul,0.2561484918793503,0.6666666666666667,0.20689655172413793,0.12048192771084336,0.1267123287671233,0.39354838709677414,0.4471698113207547,0.39227166276346603,0.2229420731707317,0.2578703703703704,0.27782121449048736,0.2674329501915709,0.2806740389678779,0.45901639344262296,0.3885542168674698
Suryapet,Telangana,0.0,0.39144736842105254,0.2142857142857142,0.720152817574021,0.4002575747305632,0.35813366960907944,0.5583075335397316,0.6419753086419753,0.46745562130177554,Excess,1.0,0.0,High,Jul,0.36798143851508125,0.0,0.6896551724137931,0.40662650602409633,0.7842465753424657,0.0,0.1981132075471698,0.5421545667447307,0.376905487804878,0.36944444444444446,0.43002345582486323,0.4398467432950191,0.3854660347551343,0.5886736214605067,0.47891566265060237
Suryapet,Telangana,0.11111111111111427,0.45633971291866016,0.2142857142857142,0.8490926456542502,0.4517725208432183,0.6002522068095839,0.41382868937048506,0.3862433862433862,0.36686390532544344,Excess,1.0,0.0,High,Jul,0.4626450116009281,0.23809523809523808,0.13793103448275862,0.22891566265060237,0.4897260273972603,0.37419354838709673,0.5169811320754717,0.65807962529274,0.4043445121951219,0.4638888888888889,0.48188689080010416,0.46704980842911875,0.3907319641916799,0.5201192250372578,0.19578313253012045
Suryapet,Telangana,0.22222222222220012,0.45687799043062194,0.2142857142857142,0.851002865329513,0.4510946926048939,0.4842370744010089,0.37874097007223945,0.6472663139329806,0.36094674556213047,Excess,1.0,0.0,High,Jul,0.436890951276102,1.0,0.034482758620689655,0.36746987951807225,0.8390410958904109,0.667741935483871,0.5452830188679245,0.3185011709601873,0.44740853658536583,0.43819444444444444,0.48605681522022415,0.4321839080459769,0.42390731964191686,0.5007451564828614,0.1325301204819277
Suryapet,Telangana,0.3333333333333144,0.1617822966507176,0.2142857142857142,0.2617000955109837,0.1862671998915474,0.37641866330390916,0.13519091847265222,0.18694885361552027,0.6449704142011834,Normal,0.0,0.0,Low,Jul,0.1761020881670534,0.2857142857142857,0.20689655172413793,0.19578313253012045,0.14041095890410957,0.4838709677419355,0.3811320754716981,0.28688524590163933,0.21036585365853652,0.17800925925925928,0.2074537399009643,0.153639846743295,0.23170089520800427,0.2146050670640835,0.0
Suryapet,Telangana,0.44444444444442865,0.13857655502392338,0.2142857142857142,0.2148997134670487,0.16511895885582592,0.40857503152585123,0.19298245614035087,0.36860670194003525,0.6863905325443787,Deficient,0.0,0.0,Low,Jul,0.15429234338747097,0.5238095238095237,0.13793103448275862,0.0,0.7157534246575341,0.4935483870967742,0.3754716981132075,0.34660421545667447,0.20503048780487806,0.15625000000000003,0.12692207453739898,0.20536398467432948,0.21590310689836759,0.2175856929955291,0.16265060240963855
Suryapet,Telangana,0.5555555555555429,0.49754784688995213,0.2142857142857142,0.9321872015281758,0.4860706297024333,0.6298865069356873,0.2930856553147575,0.5925925925925926,0.3254437869822482,Excess,1.0,0.0,High,Jul,0.46380510440835265,0.5238095238095237,0.5517241379310345,0.2259036144578313,0.8938356164383562,0.7903225806451613,0.5339622641509434,0.5515222482435598,0.4798018292682926,0.46504629629629635,0.46390409173833724,0.5379310344827586,0.4892048446550816,0.3666169895678093,0.15361445783132527
Suryapet,Telangana,0.6666666666666572,0.2147727272727272,0.2142857142857142,0.3667621776504298,0.22842811631532564,0.22635561160151324,0.30650154798761614,0.37566137566137564,0.5029585798816569,Normal,0.0,0.0,Low,Jul,0.20464037122969833,0.0,0.0,0.5933734939759036,0.0547945205479452,0.2838709677419355,0.011320754716981131,0.31030444964871196,0.24009146341463414,0.20648148148148146,0.22804274172530622,0.2540229885057471,0.2738283307003686,0.43517138599105815,0.05421686746987951
Suryapet,Telangana,0.7777777777777715,0.5234449760765549,0.2142857142857142,0.9837631327602675,0.5140649359452314,0.587641866330391,0.4664602683178535,0.8959435626102292,0.34911242603550363,Excess,1.0,0.0,High,Jul,0.5452436194895591,0.9047619047619047,0.48275862068965514,0.7409638554216867,0.8972602739726027,0.2967741935483871,0.6396226415094339,0.5866510538641687,0.47179878048780477,0.5462962962962963,0.5316653635652854,0.49885057471264366,0.44971037388099,0.6929955290611028,0.0
Suryapet,Telangana,0.8888888888888857,0.24503588516746402,0.2142857142857142,0.4278892072588348,0.25140649359452305,0.4155107187894073,0.46336429308565535,0.35978835978835977,0.4260355029585803,Normal,0.0,0.0,Low,Jul,0.24245939675174014,0.3809523809523809,0.10344827586206896,0.0,0.6986301369863013,0.2290322580645161,0.3415094339622642,0.4765807962529273,0.25685975609756095,0.24421296296296294,0.2741725306228824,0.2593869731800766,0.24275934702474986,0.43517138599105815,0.5120481927710843
Suryapet,Telangana,1.0,0.5214712918660286,0.2142857142857142,0.9789875835721108,0.5180641225513454,0.4773013871374527,0.6160990712074303,0.7389770723104055,0.3905325443786989,Excess,1.0,0.0,High,Jul,0.5276102088167054,0.6666666666666667,0.20689655172413793,0.6385542168674698,0.708904109589041,0.7516129032258064,0.19245283018867923,0.4941451990632318,0.5445884146341463,0.5287037037037037,0.49074798019285903,0.5091954022988505,0.4886782517114271,0.5722801788375559,0.680722891566265
Yadadri Bhuvanagiri,Telangana,0.0,0.423145933014354,0.24285714285714288,0.7516714422158548,0.43353894123229164,0.43947036569987386,0.3715170278637771,0.5537918871252204,0.47928994082840237,Excess,1.0,0.0,High,Jul,0.4308584686774942,0.6666666666666667,0.4482758620689655,0.641566265060241,0.3458904109589041,0.24838709677419354,0.35283018867924526,0.5070257611241218,0.38071646341463417,0.432175925925926,0.4347146207974981,0.43026819923371645,0.4997367035281728,0.5171385991058123,0.07831325301204818
Yadadri Bhuvanagiri,Telangana,0.11111111111111427,0.38468899521531097,0.24285714285714288,0.6762177650429799,0.40107096861655245,0.5277427490542245,0.3777089783281734,0.08818342151675485,0.5325443786982245,Excess,1.0,0.0,High,Jul,0.41136890951276095,0.14285714285714285,0.5862068965517241,0.1506024096385542,0.0,0.4129032258064516,0.6433962264150943,0.43091334894613575,0.4333079268292682,0.4127314814814814,0.3573103987490227,0.42413793103448266,0.3838862559241707,0.3278688524590164,0.47891566265060237
Yadadri Bhuvanagiri,Telangana,0.22222222222220012,0.1276315789473684,0.24285714285714288,0.17574021012416424,0.16864366569511283,0.26040353089533413,0.16924664602683176,0.25573192239858905,0.8994082840236688,Deficient,0.0,1.0,Low,Jul,0.1568445475638051,0.4761904761904762,0.24137931034482757,0.2771084337349397,0.18150684931506847,0.5483870967741935,0.0,0.28454332552693207,0.17111280487804878,0.1587962962962963,0.16862131873859784,0.1796934865900383,0.23538704581358608,0.17287630402384502,0.18373493975903613
Yadadri Bhuvanagiri,Telangana,0.3333333333333144,0.04049043062200955,0.24285714285714288,0.005730659025787954,0.05524300142343927,0.0,0.3292053663570692,0.0,0.5207100591715985,Deficient,0.0,1.0,Low,Aug,0.03874709976798141,1.0,0.27586206896551724,0.0,0.0,0.0,0.0,0.0,0.10442073170731705,0.022222222222222227,0.07323429762835545,0.02950191570881225,0.15639810426540288,0.35767511177347244,0.2771084337349397
Yadadri Bhuvanagiri,Telangana,0.44444444444442865,0.2967703349282296,0.24285714285714288,0.5052531041069723,0.32305293838541305,0.47919293820933156,0.12280701754385966,0.6243386243386243,0.6331360946745566,Normal,0.0,0.0,Medium,Jul,0.32157772621809744,0.3333333333333333,0.24137931034482757,0.6957831325301205,0.4212328767123288,0.7064516129032258,0.5943396226415094,0.26463700234192034,0.28125,0.3231481481481482,0.3291634089132135,0.318007662835249,0.39441811479726174,0.1549925484351714,0.08433734939759034
Yadadri Bhuvanagiri,Telangana,0.5555555555555429,0.22631578947368416,0.24285714285714288,0.3677172874880611,0.21663390496848098,0.49810844892812106,0.5159958720330237,0.21164021164021163,0.24260355029585856,Normal,0.0,0.0,Low,Jul,0.23526682134570767,0.19047619047619047,0.27586206896551724,0.0,0.410958904109589,0.6290322580645161,0.5075471698113208,0.38173302107728335,0.2313262195121951,0.23703703703703707,0.2045869168621319,0.22988505747126436,0.20537124802527648,0.4649776453055142,0.6054216867469879
Yadadri Bhuvanagiri,Telangana,0.6666666666666572,0.41166267942583723,0.24285714285714288,0.728748806112703,0.45407713685352125,0.4306431273644389,0.20949432404540763,0.24691358024691357,0.7396449704142007,Excess,1.0,0.0,High,Jul,0.43109048723897914,0.14285714285714285,0.7241379310344828,0.0,0.4794520547945205,0.5451612903225805,0.37924528301886795,0.36651053864168615,0.4557926829268292,0.43240740740740735,0.44201198853270784,0.4628352490421455,0.4955239599789363,0.3219076005961252,0.0
Yadadri Bhuvanagiri,Telangana,0.7777777777777715,0.10334928229665072,0.24285714285714288,0.12798471824259788,0.10811360401274314,0.2686002522068096,0.09081527347781218,0.2804232804232804,0.36686390532544344,Deficient,0.0,1.0,Low,Jul,0.10464037122969835,0.9047619047619047,0.06896551724137931,0.18975903614457829,0.3287671232876712,0.25806451612903225,0.07547169811320754,0.3583138173302108,0.06288109756097562,0.10671296296296293,0.13213448006254883,0.16053639846743295,0.13322801474460247,0.013412816691505215,0.2771084337349397
Yadadri Bhuvanagiri,Telangana,0.8888888888888857,0.09246411483253583,0.24285714285714288,0.10697230181470863,0.09631939266589842,0.27364438839848676,0.23839009287925692,0.1746031746031746,0.34319526627218977,Deficient,0.0,1.0,Low,Jul,0.09883990719257538,0.3333333333333333,0.20689655172413793,0.29819277108433734,0.0,0.02903225806451613,0.1981132075471698,0.37470725995316156,0.1604420731707317,0.10092592592592589,0.08626531144123009,0.09693486590038314,0.10005265929436546,0.2354694485842027,0.2590361445783132
Yadadri Bhuvanagiri,Telangana,1.0,0.21082535885167455,0.24285714285714288,0.33810888252148996,0.20172168372534396,0.2250945775535939,0.07533539731682147,0.23809523809523808,0.2366863905325447,Normal,0.0,0.0,Low,Jul,0.20278422273781901,0.8095238095238095,0.1724137931034483,0.40662650602409633,0.0,0.009677419354838708,0.28679245283018867,0.23653395784543324,0.18254573170731705,0.20462962962962963,0.18191295282773004,0.2567049808429119,0.23959978936282258,0.128166915052161,0.0
Mahabubnagar,Telangana,0.0,0.40005980861244017,0.0714285714285714,0.9178605539637059,0.3927336812851623,0.5958385876418664,0.43240454076367396,0.42857142857142855,0.33136094674556293,Excess,1.0,0.0,High,Jul,0.42807424593967514,0.8095238095238095,0.7931034482758621,0.7319277108433734,0.0,0.8161290322580645,0.5037735849056604,0.4976580796252927,0.3460365853658536,0.42939814814814814,0.37190513421944227,0.4540229885057471,0.3312269615587151,0.5156482861400895,0.2590361445783132
Mahabubnagar,Telangana,0.11111111111111427,0.2717105263157894,0.0714285714285714,0.6246418338108882,0.27973971395648334,0.24905422446406056,0.32610939112487103,0.12698412698412698,0.44970414201183484,Excess,0.0,0.0,High,Jul,0.2821345707656612,0.6190476190476191,0.034482758620689655,0.21686746987951805,0.0,0.0,0.1018867924528302,0.3992974238875878,0.28658536585365846,0.2837962962962963,0.2397706541568934,0.28812260536398465,0.3617693522906793,0.30849478390462,0.36746987951807225
Mahabubnagar,Telangana,0.22222222222220012,0.22571770334928223,0.0714285714285714,0.5195797516714422,0.21771843014979994,0.29508196721311475,0.5149638802889577,0.4021164021164021,0.26035502958579926,Normal,0.0,0.0,Medium,Jul,0.254292343387471,0.9047619047619047,0.20689655172413793,0.5542168674698794,0.1506849315068493,0.6225806451612903,0.14150943396226415,0.23419203747072598,0.18368902439024384,0.25601851851851853,0.22595777951524623,0.2164750957854406,0.21169036334913108,0.49925484351713867,0.5331325301204819
Mahabubnagar,Telangana,0.3333333333333144,0.3614234449760765,0.0714285714285714,0.8290353390639924,0.35775774418762274,0.36506935687263553,0.3508771929824561,0.31393298059964725,0.3550295857988166,Excess,1.0,0.0,High,Jul,0.39141531322505807,0.8571428571428572,0.6896551724137931,0.21987951807228912,0.3595890410958904,0.0,0.47358490566037736,0.38407494145199056,0.3582317073170731,0.39282407407407416,0.35965598123534015,0.3229885057471264,0.3307003686150606,0.41132637853949333,0.23192771084337346
Mahabubnagar,Telangana,0.44444444444442865,0.23576555023923437,0.0714285714285714,0.542502387774594,0.23649427235138612,0.2818411097099621,0.08875128998968008,0.35978835978835977,0.36094674556213047,Normal,0.0,0.0,Medium,Jul,0.22621809744779584,0.3809523809523809,0.034482758620689655,0.40662650602409633,0.2363013698630137,0.1935483870967742,0.2660377358490566,0.28805620608899296,0.24885670731707318,0.22800925925925927,0.27260880896533746,0.2379310344827586,0.20747761979989468,0.14754098360655737,0.0
Mahabubnagar,Telangana,0.5555555555555429,0.0069377990430621594,0.0714285714285714,0.021012416427889147,0.03212905849657696,0.16393442622950818,0.15583075335397314,0.24691358024691357,0.7514792899408285,Deficient,0.0,1.0,Low,Jul,0.033178654292343374,0.7142857142857142,0.13793103448275862,0.13855421686746985,0.3219178082191781,0.0,0.12830188679245283,0.22482435597189693,0.08117378048780491,0.03541666666666668,0.0026062027625749218,0.06206896551724134,0.07688256977356503,0.02831594634873324,0.43674698795180716
Mahabubnagar,Telangana,0.6666666666666572,0.4203349282296649,0.0714285714285714,0.9637058261700095,0.46180437877041947,0.49621689785624207,0.48503611971104227,0.5802469135802468,0.7278106508875748,Excess,1.0,0.0,High,Jul,0.4350348027842227,0.9047619047619047,0.0,0.5301204819277108,0.523972602739726,0.5741935483870968,0.39999999999999997,0.464871194379391,0.46074695121951215,0.43634259259259256,0.4500912170966901,0.4793103448275862,0.5007898894154819,0.555886736214605,0.33132530120481923
Mahabubnagar,Telangana,0.7777777777777715,0.3075358851674641,0.0714285714285714,0.7067812798471824,0.32013827696061803,0.4640605296343001,0.27038183694530443,0.09347442680776014,0.49704142011834307,Excess,1.0,0.0,High,Jul,0.31136890951276097,0.3333333333333333,0.896551724137931,0.08433734939759034,0.08561643835616438,0.038709677419354833,0.5528301886792453,0.5046838407494145,0.3277439024390244,0.312962962962963,0.3242116236643211,0.3383141762452107,0.3127962085308057,0.3278688524590164,0.16566265060240962
Mahabubnagar,Telangana,0.8888888888888857,0.2821172248803827,0.0714285714285714,0.6485195797516714,0.26869111367179555,0.255359394703657,0.3993808049535604,0.5273368606701939,0.23076923076923084,Excess,0.0,0.0,High,Jul,0.2791183294663573,0.3809523809523809,0.10344827586206896,0.21686746987951805,0.7773972602739725,0.0,0.23773584905660375,0.32669789227166274,0.23361280487804878,0.280787037037037,0.2686995048214751,0.3022988505747127,0.2780410742496051,0.4634873323397914,0.2680722891566265
Mahabubnagar,Telangana,1.0,0.32715311004784675,0.0714285714285714,0.7516714422158548,0.3540296888768385,0.5157629255989913,0.17131062951496387,0.3439153439153439,0.6272189349112427,Excess,1.0,0.0,High,Jul,0.3614849187935034,0.7619047619047619,0.10344827586206896,0.0,0.6678082191780822,0.7193548387096774,0.2528301886792453,0.5398126463700235,0.36509146341463405,0.36296296296296293,0.34271566327860314,0.31455938697318003,0.406003159557662,0.25484351713859915,0.024096385542168672
Nagarkurnool,Telangana,0.0,0.14156698564593298,0.09999999999999987,0.3037249283667622,0.15569714634311657,0.33921815889029,0.3839009287925697,0.3421516754850088,0.5088757396449708,Normal,0.0,0.0,Low,Jul,0.12111368909512757,0.3809523809523809,0.3103448275862069,0.20180722891566263,0.43493150684931503,0.6129032258064516,0.0037735849056603774,0.405152224824356,0.20236280487804878,0.12314814814814815,0.14073494917904614,0.20268199233716472,0.19747235387045817,0.3830104321907601,0.38554216867469876
Nagarkurnool,Telangana,0.11111111111111427,0.2681818181818182,0.09999999999999987,0.5845272206303724,0.2972276825052531,0.510718789407314,0.3539731682146543,0.20282186948853614,0.668639053254438,Normal,0.0,0.0,Medium,Jul,0.29234338747099764,0.6190476190476191,0.1724137931034483,0.0,0.39383561643835613,0.5612903225806452,0.3641509433962264,0.5187353629976581,0.27019817073170727,0.2939814814814815,0.2861610633307271,0.3448275862068965,0.325434439178515,0.20268256333830104,0.6626506024096385
Nagarkurnool,Telangana,0.22222222222220012,0.03086124401913873,0.09999999999999987,0.05826170009551096,0.040669694299464515,0.21626733921815888,0.2022703818369453,0.4409171075837742,0.4260355029585803,Deficient,0.0,1.0,Low,Jul,0.04779582366589327,0.23809523809523808,0.3103448275862069,0.27409638554216864,0.5445205479452054,0.2161290322580645,0.08301886792452831,0.2716627634660421,0.08079268292682926,0.05000000000000002,0.018504039614281986,0.031800766283524906,0.12006319115323857,0.3114754098360656,0.0
Nagarkurnool,Telangana,0.3333333333333144,0.12093301435406692,0.09999999999999987,0.25883476599808974,0.1397003999186606,0.23896595208070615,0.21878224974200206,0.5432098765432098,0.5798816568047345,Normal,0.0,0.0,Low,Aug,0.12250580046403706,0.5238095238095237,0.13793103448275862,0.37951807228915657,0.6232876712328766,0.0,0.4547169811320755,0.1615925058548009,0.1890243902439024,0.1189814814814815,0.16731821735731037,0.09540229885057466,0.19483938915218538,0.2563338301043219,0.15963855421686746
Nagarkurnool,Telangana,0.44444444444442865,0.3230263157894736,0.09999999999999987,0.7067812798471824,0.3107164644479088,0.3348045397225725,0.5366357069143446,0.19223985890652556,0.26035502958579926,Excess,1.0,0.0,High,Jul,0.3102088167053364,0.5714285714285714,0.7931034482758621,0.0,0.3732876712328767,0.06129032258064516,0.6094339622641509,0.22131147540983603,0.2934451219512195,0.31180555555555556,0.3189992181391713,0.3103448275862069,0.33859926276987895,0.5603576751117736,0.4728915662650602
Nagarkurnool,Telangana,0.5555555555555429,0.15484449760765548,0.09999999999999987,0.3333333333333333,0.17074493323391846,0.48612862547288777,0.48710010319917446,0.0,0.5325443786982245,Normal,0.0,0.0,Low,Jul,0.15823665893271457,0.7142857142857142,0.24137931034482757,0.0,0.0,0.6129032258064516,0.5264150943396226,0.3536299765807962,0.142530487804878,0.16018518518518518,0.18321605420901751,0.23333333333333328,0.1848341232227488,0.41430700447093893,0.6234939759036143
Nagarkurnool,Telangana,0.6666666666666572,0.10669856459330143,0.09999999999999987,0.22636103151862463,0.12275469396055036,0.13303909205548548,0.2301341589267286,0.09523809523809523,0.5384615384615392,Deficient,0.0,0.0,Low,Jul,0.1162412993039443,0.2857142857142857,0.24137931034482757,0.0,0.18493150684931506,0.2129032258064516,0.045283018867924525,0.14168618266978922,0.15129573170731705,0.11828703703703705,0.10398749022673967,0.1471264367816092,0.17377567140600317,0.3517138599105813,0.0
Nagarkurnool,Telangana,0.7777777777777715,0.030023923444976036,0.09999999999999987,0.05635148042024829,0.046499017149054384,0.10151324085750314,0.009287925696594427,0.23985890652557318,0.5562130177514799,Deficient,0.0,1.0,Low,Jul,0.06542923433874706,0.4761904761904762,0.06896551724137931,0.38253012048192764,0.030821917808219176,0.0,0.13584905660377358,0.10421545667447307,0.029344512195121963,0.06759259259259257,0.015376596299192108,0.11340996168582373,0.09057398630858349,0.03278688524590165,0.0
Nagarkurnool,Telangana,0.8888888888888857,0.08468899521531095,0.09999999999999987,0.1776504297994269,0.0911001152308005,0.3549810844892812,0.45201238390092885,0.35978835978835977,0.38461538461538414,Deficient,0.0,1.0,Low,Jul,0.12227378190255214,0.19047619047619047,0.20689655172413793,0.1716867469879518,0.5034246575342465,0.4387096774193548,0.3641509433962264,0.2740046838407494,0.07202743902439021,0.12430555555555553,0.12796455564242895,0.07701149425287357,0.07161664033701948,0.4277198211624441,0.49397590361445776
Nagarkurnool,Telangana,1.0,0.24892344497607646,0.09999999999999987,0.542502387774594,0.24815291805056597,0.3266078184110971,0.11455108359133127,0.3844797178130511,0.34911242603550363,Normal,0.0,0.0,Medium,Jul,0.2566125290023201,0.047619047619047616,0.034482758620689655,0.37349397590361444,0.3219178082191781,0.0,0.4433962264150943,0.33138173302107726,0.27400914634146334,0.2583333333333333,0.2541047693510555,0.232183908045977,0.23959978936282258,0.18479880774962743,0.0
Wanaparthy,Telangana,0.0,0.1307416267942583,0.11428571428571432,0.2693409742120344,0.14973225784586183,0.31399747793190413,0.0670794633642931,0.32098765432098764,0.5798816568047345,Normal,0.0,0.0,Low,Aug,0.1299303944315545,0.23809523809523808,0.06896551724137931,0.2650602409638554,0.3219178082191781,0.0,0.3962264150943396,0.33723653395784536,0.1139481707317073,0.12893518518518518,0.17565806619755017,0.19386973180076628,0.20168509741969462,0.06259314456035768,0.10843373493975902
Wanaparthy,Telangana,0.11111111111111427,0.13325358851674637,0.11428571428571432,0.274116523400191,0.15562936351928422,0.13745271122320302,0.4303405572755418,0.3350970017636684,0.6272189349112427,Normal,0.0,0.0,Low,Jul,0.16821345707656613,0.047619047619047616,0.1724137931034483,0.16566265060240962,0.46232876712328763,0.0,0.11320754716981132,0.1850117096018735,0.17454268292682926,0.17013888888888887,0.13421944227260882,0.13524904214559386,0.234333859926277,0.47391952309985097,0.33734939759036137
Wanaparthy,Telangana,0.22222222222220012,0.1738038277511961,0.11428571428571432,0.3629417382999045,0.2040940825594794,0.2730138713745271,0.2734778121775026,0.12698412698412698,0.7159763313609471,Normal,0.0,0.0,Low,Jul,0.2081206496519721,0.3809523809523809,0.27586206896551724,0.012048192771084336,0.2328767123287671,0.1774193548387097,0.16792452830188678,0.33840749414519905,0.2149390243902439,0.20995370370370367,0.21970289288506648,0.1708812260536398,0.24275934702474986,0.23397913561847988,0.36445783132530113
Wanaparthy,Telangana,0.3333333333333144,0.007775119617224879,0.11428571428571432,0.0,0.0,0.15132408575031525,0.08359133126934985,0.12345679012345678,0.03550295857988228,Deficient,0.0,1.0,Low,Aug,0.0,0.3333333333333333,0.20689655172413793,0.2108433734939759,0.0,0.4967741935483871,0.054716981132075466,0.06674473067915693,0.0,0.0,0.02971071149335419,0.0,0.050552922590837296,0.1400894187779434,0.0
Wanaparthy,Telangana,0.44444444444442865,0.24575358851674636,0.11428571428571432,0.5205348615090736,0.25920151833525384,0.11727616645649432,0.41692466460268324,0.6208112874779541,0.5029585798816569,Normal,0.0,0.0,Medium,Jul,0.26194895591647327,1.0,0.06896551724137931,0.41867469879518066,0.7294520547945206,0.0,0.07735849056603773,0.16978922716627634,0.2465701219512195,0.2636574074074074,0.27834245504300237,0.2877394636015325,0.2259083728278041,0.31892697466467956,0.6114457831325301
Wanaparthy,Telangana,0.5555555555555429,0.23068181818181813,0.11428571428571432,0.4880611270296084,0.23778214600420247,0.35561160151324084,0.1568627450980392,0.06525573192239859,0.43195266272189414,Normal,0.0,0.0,Medium,Jul,0.26287703016241293,0.9047619047619047,0.0,0.10240963855421685,0.010273972602739725,0.4387096774193548,0.44528301886792454,0.22482435597189693,0.18788109756097562,0.2645833333333333,0.19885327078446705,0.30268199233716475,0.27856766719325965,0.24441132637853946,0.003012048192771084
Wanaparthy,Telangana,0.6666666666666572,0.11525119617224874,0.11428571428571432,0.23495702005730656,0.0967938724327255,0.21689785624211852,0.24664602683178535,0.16225749559082892,0.02366863905325456,Deficient,0.0,0.0,Low,Jul,0.09419953596287703,0.9523809523809523,0.27586206896551724,0.0,0.3150684931506849,0.0,0.2358490566037736,0.25644028103044497,0.1059451219512195,0.0962962962962963,0.09043523586135002,0.0869731800766283,0.19483938915218538,0.15648286140089418,0.4427710843373493
Wanaparthy,Telangana,0.7777777777777715,0.4114832535885167,0.11428571428571432,0.8834765998089781,0.420524639056463,0.3984867591424968,0.4427244582043344,0.26455026455026454,0.46745562130177554,Excess,1.0,0.0,High,Jul,0.4334106728538283,0.3333333333333333,0.48275862068965514,0.4518072289156626,0.0,0.1096774193548387,0.5811320754716981,0.3395784543325527,0.4352134146341462,0.43472222222222223,0.39718530101641913,0.4057471264367816,0.4270668773038442,0.6214605067064084,0.0753012048192771
Wanaparthy,Telangana,0.8888888888888857,0.31854066985645924,0.11428571428571432,0.6800382043935053,0.32495085745272134,0.4306431273644389,0.39628482972136225,0.48677248677248675,0.4378698224852071,Excess,1.0,0.0,High,Jul,0.35104408352668215,0.7142857142857142,0.1724137931034483,0.6144578313253011,0.2465753424657534,0.2129032258064516,0.49811320754716976,0.41334894613583134,0.27439024390243905,0.3525462962962963,0.2845973416731822,0.3651340996168582,0.3770405476566614,0.5916542473919524,0.0
Wanaparthy,Telangana,1.0,0.20340909090909085,0.11428571428571432,0.4278892072588348,0.23046160103029886,0.22950819672131145,0.5263157894736842,0.03880070546737213,0.6627218934911241,Normal,0.0,0.0,Low,Jul,0.2287703016241299,1.0,0.06896551724137931,0.06626506024096385,0.0,0.2967741935483871,0.2641509433962264,0.15456674473067916,0.22637195121951217,0.23055555555555554,0.2319520458691686,0.27279693486590034,0.22011585044760404,0.5067064083457526,0.5512048192771084
Gadwal,Telangana,0.0,0.04599282296650717,0.0,0.15854823304680038,0.0614112383921914,0.25662042875157626,0.18679050567595457,0.07760141093474426,0.5325443786982245,Deficient,0.0,1.0,Low,Aug,0.05197215777262179,0.23809523809523808,0.1724137931034483,0.08132530120481928,0.05821917808219178,0.22258064516129034,0.22264150943396227,0.2576112412177986,0.06402439024390247,0.03425925925925927,0.08808965337503258,0.05287356321839082,0.17061611374407584,0.014903129657228023,0.5542168674698794
Gadwal,Telangana,0.11111111111111427,0.0,0.0,0.04584527220630369,0.021690503626381058,0.2313997477931904,0.40350877192982454,0.43033509700176364,0.6804733727810648,Deficient,0.0,1.0,Low,Jul,0.03897911832946635,0.6190476190476191,0.1724137931034483,0.3012048192771084,0.4931506849315068,0.06129032258064516,0.3886792452830189,0.16627634660421545,0.03391768292682926,0.041203703703703715,0.0,0.013793103448275862,0.11953659820958398,0.330849478390462,0.5481927710843373
Gadwal,Telangana,0.22222222222220012,0.3172248803827751,0.0,0.8252148997134671,0.3183081407171422,0.39092055485498106,0.47574819401444784,0.5361552028218695,0.38461538461538414,Excess,1.0,0.0,High,Jul,0.2930394431554524,0.09523809523809523,0.8620689655172413,0.19578313253012045,0.8184931506849314,0.2709677419354839,0.3773584905660377,0.39344262295081966,0.30182926829268286,0.29467592592592595,0.3510555121188429,0.3701149425287356,0.2780410742496051,0.5126676602086438,0.3915662650602409
Gadwal,Telangana,0.3333333333333144,0.08468899521531095,0.0,0.25405921680993315,0.09326916559343859,0.16078184110970997,0.10526315789473685,0.48324514991181655,0.4201183431952664,Normal,0.0,0.0,Low,Jul,0.07563805104408353,0.6190476190476191,0.1724137931034483,0.48493975903614456,0.386986301369863,0.2161290322580645,0.2622641509433962,0.05737704918032787,0.09679878048780485,0.07777777777777775,0.07427677873338548,0.13065134099616854,0.19483938915218538,0.17138599105812224,0.0
Gadwal,Telangana,0.44444444444442865,0.2864234449760765,0.0,0.7497612225405922,0.30027790957771294,0.3083228247162673,0.18369453044375644,0.5202821869488536,0.5088757396449708,Excess,1.0,0.0,High,Jul,0.2935034802784223,0.2857142857142857,0.8620689655172413,0.5933734939759036,0.3356164383561644,0.5225806451612903,0.12452830188679244,0.3056206088992974,0.2801067073170732,0.29513888888888895,0.3242116236643211,0.34904214559386976,0.2501316482359137,0.21907600596125187,0.1325301204819277
Gadwal,Telangana,0.5555555555555429,0.23193779904306214,0.0,0.6160458452722063,0.2344607876364129,0.4148802017654477,0.20949432404540763,0.7319223985890653,0.37869822485207116,Normal,0.0,0.0,Medium,Jul,0.24153132250580042,0.3809523809523809,0.1724137931034483,0.5993975903614457,0.7397260273972602,0.4,0.48490566037735844,0.3243559718969555,0.2073170731707317,0.243287037037037,0.2426374771957258,0.2812260536398467,0.215376513954713,0.2667660208643815,0.11144578313253012
Gadwal,Telangana,0.6666666666666572,0.2892344497607655,0.0,0.7564469914040115,0.3057005354843082,0.4432534678436318,0.5397316821465428,0.31746031746031744,0.5325443786982245,Excess,1.0,0.0,High,Jul,0.27540603248259854,0.047619047619047616,0.20689655172413793,0.4909638554216867,0.05821917808219178,0.35161290322580646,0.5528301886792453,0.3524590163934426,0.3464176829268293,0.27708333333333335,0.26009903570497783,0.3536398467432949,0.36492890995260674,0.5886736214605067,0.42469879518072284
Gadwal,Telangana,0.7777777777777715,0.31854066985645924,0.0,0.828080229226361,0.3162068731783365,0.4281210592686002,0.4530443756449949,0.5449735449735449,0.3550295857988166,Excess,1.0,0.0,High,Jul,0.32018561484918795,0.5714285714285714,0.896551724137931,0.5903614457831325,0.386986301369863,0.18387096774193548,0.5943396226415094,0.35948477751756436,0.3277439024390244,0.3217592592592593,0.32655720615063855,0.3333333333333333,0.2643496577145866,0.5603576751117736,0.22891566265060237
Gadwal,Telangana,0.8888888888888857,0.037799043062200915,0.0,0.13849092645654248,0.025554124584830196,0.23329129886506939,0.3085655314757482,0.0,0.0,Deficient,0.0,1.0,Low,Jul,0.031090487238979087,0.2857142857142857,0.24137931034482757,0.0,0.0,0.34516129032258064,0.0,0.30796252927400464,0.02248475609756098,0.033333333333333326,0.027365129007036748,0.0111111111111111,0.13164823591363875,0.34724292101341286,0.23795180722891565
Gadwal,Telangana,1.0,0.09742822966507178,0.0,0.2855778414517669,0.09408255947942787,0.21563682219419922,0.21155830753353974,0.42328042328042326,0.2366863905325447,Normal,0.0,0.0,Low,Jul,0.10626450116009276,0.047619047619047616,0.20689655172413793,0.14457831325301201,0.6575342465753424,0.0,0.33962264150943394,0.18969555035128804,0.08917682926829265,0.10833333333333331,0.0758405003909304,0.1586206896551724,0.10057925223802003,0.3248882265275708,0.0
Narayanpet,Telangana,0.0,0.36602870813397115,0.042857142857142816,0.8796561604584527,0.3366095031519012,0.3228247162673392,0.43343653250773995,0.0,0.13017751479289963,Excess,1.0,0.0,High,Jul,0.33851508120649654,0.09523809523809523,0.5517241379310345,0.0,0.0,0.5580645161290323,0.16981132075471697,0.29156908665105385,0.314405487804878,0.34004629629629635,0.34844930935626794,0.3321839080459769,0.35703001579778837,0.5737704918032788,0.14457831325301201
Narayanpet,Telangana,0.11111111111111427,0.030980861244019137,0.042857142857142816,0.09360076408787005,0.041211956890123996,0.23581336696090793,0.24664602683178535,0.16225749559082892,0.43195266272189414,Deficient,0.0,1.0,Low,Aug,0.04547563805104407,0.42857142857142855,0.10344827586206896,0.2771084337349397,0.0,0.38387096774193546,0.0,0.29859484777517564,0.019054878048780505,0.037037037037037035,0.0807922856398228,0.06934865900383141,0.061611374407582936,0.37555886736214605,0.0
Narayanpet,Telangana,0.22222222222220012,0.36997607655502385,0.042857142857142816,0.889207258834766,0.3902934996271944,0.3253467843631778,0.2559339525283798,0.4021164021164021,0.5621301775147929,Excess,1.0,0.0,High,Jul,0.3642691415313225,0.4761904761904762,0.6551724137931034,0.47891566265060237,0.2363013698630137,0.2032258064516129,0.35471698113207545,0.31030444964871196,0.3879573170731706,0.3657407407407408,0.39822778212144916,0.4157088122605364,0.39863085834649814,0.3681073025335321,0.04216867469879517
Narayanpet,Telangana,0.3333333333333144,0.08684210526315786,0.042857142857142816,0.224450811843362,0.11129939673286784,0.21689785624211852,0.01857585139318885,0.0,0.6804733727810648,Deficient,0.0,0.0,Low,Jul,0.10464037122969835,0.42857142857142855,0.3103448275862069,0.0,0.0,0.4419354838709677,0.04905660377358491,0.21194379391100698,0.09641768292682926,0.10671296296296293,0.12874641647120147,0.15632183908045977,0.12427593470247497,0.0,0.09337349397590361
Narayanpet,Telangana,0.44444444444442865,0.3002990430622009,0.042857142857142816,0.725883476599809,0.31471565105402277,0.2698612862547289,0.18782249742002063,0.3350970017636684,0.5147928994082838,Excess,1.0,0.0,High,Jul,0.2842227378190255,0.7619047619047619,0.0,0.0753012048192771,0.5650684931506849,0.0,0.21320754716981133,0.3688524590163934,0.25419207317073167,0.28587962962962965,0.33776387802971075,0.3739463601532567,0.3575566087414429,0.26527570789865873,0.051204819277108425
Narayanpet,Telangana,0.5555555555555429,0.04108851674641148,0.042857142857142816,0.11747851002865328,0.05422625906595266,0.32156368221941994,0.0392156862745098,0.31746031746031744,0.4911242603550301,Deficient,0.0,1.0,Low,Jul,0.08190255220417633,0.6190476190476191,0.034482758620689655,0.5421686746987951,0.0,0.6322580645161291,0.16981132075471697,0.2622950819672131,0.0015243902439024404,0.08402777777777778,0.037529319781078985,0.08927203065134098,0.14007372301211166,0.03278688524590165,0.08734939759036144
Narayanpet,Telangana,0.6666666666666572,0.2053827751196172,0.042857142857142816,0.5033428844317096,0.20721209245577163,0.2080706179066835,0.2972136222910217,0.5873015873015872,0.36686390532544344,Normal,0.0,0.0,Medium,Jul,0.22923433874709973,0.9523809523809523,0.3103448275862069,0.5963855421686747,0.46232876712328763,0.45161290322580644,0.041509433962264156,0.1967213114754098,0.1592987804878049,0.23101851851851848,0.20067761271826948,0.26091954022988506,0.21063717746182206,0.4485842026825634,0.0
Narayanpet,Telangana,0.7777777777777715,0.13642344497607647,0.042857142857142816,0.34097421203438394,0.15400257574730555,0.19230769230769232,0.12177502579979362,0.08818342151675485,0.5621301775147929,Normal,0.0,0.0,Low,Aug,0.13503480278422272,0.23809523809523808,0.06896551724137931,0.10240963855421685,0.0547945205479452,0.45483870967741935,0.005660377358490566,0.1885245901639344,0.18788109756097562,0.11921296296296299,0.18139171227521497,0.21762452107279695,0.11058451816745654,0.1609538002980626,0.06927710843373493
Narayanpet,Telangana,0.8888888888888857,0.245334928229665,0.042857142857142816,0.5969436485195798,0.25886260421609164,0.3783102143757881,0.21671826625386997,0.49382716049382713,0.5029585798816569,Normal,0.0,0.0,Medium,Jul,0.28004640371229694,0.14285714285714285,0.10344827586206896,0.3704819277108434,0.5376712328767123,0.0,0.49056603773584906,0.3981264637002342,0.2621951219512195,0.2817129629629629,0.26687516288767266,0.232183908045977,0.26013691416535023,0.33233979135618485,0.0
Narayanpet,Telangana,1.0,0.04575358851674641,0.042857142857142816,0.12798471824259788,0.035518199688199,0.2976040353089533,0.3106295149638803,0.2716049382716049,0.05325443786982298,Deficient,0.0,1.0,Low,Jul,0.04037122969837584,0.6666666666666667,0.20689655172413793,0.3192771084337349,0.1643835616438356,0.0,0.4169811320754717,0.2939110070257611,0.06554878048780485,0.0425925925925926,0.030231952045869148,0.0590038314176245,0.05687203791469195,0.18926974664679586,0.5632530120481927
Vikarabad,Telangana,0.0,0.4951555023923444,0.24285714285714288,0.8911174785100286,0.5043042093133598,0.6424968474148802,0.4840041279669763,0.49559082892416223,0.4733727810650885,Excess,1.0,0.0,High,Jul,0.4693735498839907,0.8095238095238095,0.9655172413793103,0.503012048192771,0.3904109589041096,0.7354838709677419,0.4433962264150943,0.6510538641686183,0.4683689024390244,0.47060185185185177,0.5186343497524107,0.5164750957854405,0.5529225908372829,0.7183308494783905,0.0
Vikarabad,Telangana,0.11111111111111427,0.2299641148325358,0.24285714285714288,0.3753581661891117,0.24469599403511147,0.32471626733921816,0.17131062951496387,0.49382716049382713,0.5147928994082838,Normal,0.0,0.0,Low,Jul,0.25986078886310904,0.8095238095238095,0.06896551724137931,0.3463855421686747,0.5650684931506849,0.038709677419354833,0.32452830188679244,0.3875878220140515,0.1970274390243902,0.26157407407407407,0.24472243940578578,0.3034482758620689,0.2327540810953133,0.1490312965722802,0.23795180722891565
Vikarabad,Telangana,0.22222222222220012,0.14252392344497603,0.24285714285714288,0.2043935052531041,0.17284620077272414,0.38335435056746536,0.34365325077399383,0.48148148148148145,0.7337278106508878,Deficient,0.0,0.0,Low,Jul,0.17006960556844544,0.5714285714285714,0.06896551724137931,0.3192771084337349,0.571917808219178,0.17419354838709677,0.3660377358490566,0.42154566744730676,0.21112804878048777,0.1719907407407407,0.17122752150117274,0.13869731800766277,0.2338072669826224,0.21609538002980627,0.6054216867469879
Vikarabad,Telangana,0.3333333333333144,0.26136363636363624,0.24285714285714288,0.4364851957975167,0.2592693011590862,0.3524590163934426,0.47678018575851394,0.2698412698412698,0.3372781065088759,Normal,0.0,0.0,Medium,Jul,0.24988399071925751,0.7142857142857142,0.0,0.29819277108433734,0.18493150684931506,0.0,0.3641509433962264,0.42857142857142855,0.2854420731707318,0.2516203703703703,0.2845973416731822,0.253639846743295,0.234333859926277,0.43219076005961254,0.5572289156626505
Vikarabad,Telangana,0.44444444444442865,0.19282296650717698,0.24285714285714288,0.3027698185291309,0.1966379719379109,0.46279949558638084,0.4437564499484004,0.12345679012345678,0.38461538461538414,Normal,0.0,0.0,Low,Jul,0.22227378190255218,0.4761904761904762,0.20689655172413793,0.2108433734939759,0.0,0.6709677419354839,0.43773584905660373,0.3442622950819672,0.20769817073170735,0.224074074074074,0.20041699244201203,0.19272030651340993,0.17166929963138497,0.3621460506706409,0.6024096385542168
Vikarabad,Telangana,0.5555555555555429,0.039832535885167414,0.24285714285714288,0.004775549188156647,0.04412661831491896,0.23707440100882726,0.1413828689370485,0.16049382716049382,0.3195266272189352,Deficient,0.0,1.0,Low,Jul,0.053132250580046364,0.5238095238095237,0.10344827586206896,0.27409638554216864,0.0,0.5258064516129032,0.3754716981132075,0.016393442622950817,0.012195121951219523,0.05532407407407405,0.06280948657805577,0.042911877394636005,0.12480252764612956,0.2235469448584203,0.0
Vikarabad,Telangana,0.6666666666666572,0.14748803827751192,0.24285714285714288,0.21394460362941736,0.14580085406358026,0.40857503152585123,0.2930856553147575,0.35978835978835977,0.29585798816568065,Deficient,0.0,0.0,Low,Jul,0.13758700696055678,0.42857142857142855,0.10344827586206896,0.49397590361445776,0.136986301369863,0.2806451612903226,0.45094339622641505,0.37704918032786877,0.1451981707317073,0.1395833333333333,0.17904612978889753,0.16475095785440613,0.13691416535018433,0.4426229508196722,0.0
Vikarabad,Telangana,0.7777777777777715,0.04736842105263153,0.24285714285714288,0.019102196752626532,0.06547820782213784,0.08701134930643127,0.14654282765737872,0.31569664902998235,0.5857988165680474,Deficient,0.0,1.0,Low,Aug,0.05800464037122968,0.9047619047619047,0.27586206896551724,0.25301204819277107,0.3253424657534246,0.0,0.07547169811320754,0.11475409836065573,0.08498475609756098,0.03240740740740741,0.0948657805577274,0.04406130268199232,0.17588204318062137,0.04023845007451565,0.38554216867469876
Vikarabad,Telangana,0.8888888888888857,0.4874401913875597,0.24285714285714288,0.8767908309455588,0.4929844777333423,0.621689785624212,0.2559339525283798,0.564373897707231,0.44970414201183484,Excess,1.0,0.0,High,Jul,0.4893271461716937,0.23809523809523808,0.7586206896551724,0.6867469879518072,0.3150684931506849,0.5838709677419355,0.4867924528301887,0.6405152224824355,0.463795731707317,0.49050925925925926,0.4821475110763618,0.48237547892720306,0.5466034755134281,0.3666169895678093,0.04518072289156626
Vikarabad,Telangana,1.0,0.4085526315789474,0.24285714285714288,0.723018147086915,0.41984681081813857,0.44640605296343006,0.4179566563467492,0.13051146384479717,0.48520710059171623,Excess,1.0,0.0,High,Jul,0.4385150812064964,0.9523809523809523,0.3793103448275862,0.0,0.2534246575342466,0.26129032258064516,0.2113207547169811,0.6030444964871194,0.35251524390243894,0.43981481481481477,0.43758144383633046,0.40229885057471265,0.44760400210637186,0.34724292101341286,0.5572289156626505
Siddipet,Telangana,0.0,0.2815191387559808,0.3999999999999999,0.3572110792741165,0.30441266183149185,0.28310214375788145,0.3973168214654283,0.04585537918871252,0.5976331360946752,Normal,0.0,0.0,Low,Jul,0.2990719257540604,0.6666666666666667,0.06896551724137931,0.07831325301204818,0.0,0.0,0.0660377358490566,0.48477751756440274,0.3086890243902438,0.3006944444444445,0.29476153244722436,0.34137931034482755,0.3001579778830964,0.5275707898658719,0.1325301204819277
Siddipet,Telangana,0.11111111111111427,0.4811004784688995,0.3999999999999999,0.7000955109837631,0.4921033010235205,0.45586380832282475,0.4736842105263159,0.328042328042328,0.48520710059171623,Excess,1.0,0.0,High,Jul,0.4503480278422274,0.9047619047619047,0.8620689655172413,0.14156626506024095,0.47602739726027393,0.4161290322580645,0.24528301886792453,0.5433255269320844,0.45769817073170727,0.4516203703703704,0.512379463122231,0.5091954022988505,0.5387045813586098,0.5901639344262296,0.22891566265060237
Siddipet,Telangana,0.22222222222220012,0.46776315789473677,0.3999999999999999,0.6771728748806113,0.4828170541584762,0.6746532156368222,0.5748194014447884,0.5255731922398589,0.5147928994082838,Excess,1.0,0.0,High,Jul,0.4614849187935035,0.9523809523809523,0.6896551724137931,0.7680722891566264,0.14726027397260272,0.7419354838709677,0.6811320754716981,0.5608899297423888,0.5152439024390243,0.46273148148148147,0.4998696898618713,0.5034482758620691,0.3949447077409164,0.6825633383010432,0.33734939759036137
Siddipet,Telangana,0.3333333333333144,0.4039473684210526,0.3999999999999999,0.5673352435530086,0.41713549786484094,0.37263556116015134,0.368421052631579,0.1728395061728395,0.5029585798816569,Normal,0.0,0.0,Medium,Jul,0.40069605568445477,0.9047619047619047,0.1724137931034483,0.003012048192771084,0.33219178082191775,0.6645161290322581,0.12830188679245283,0.3711943793911006,0.34832317073170727,0.40208333333333335,0.42116236643210847,0.45325670498084286,0.48130595050026337,0.5022354694485843,0.09939759036144577
Siddipet,Telangana,0.44444444444442865,0.4085526315789474,0.3999999999999999,0.5749761222540593,0.3837185657154476,0.5031525851197983,0.3488132094943241,0.7072310405643739,0.19526627218934944,Normal,0.0,0.0,Medium,Jul,0.4032482598607888,0.8095238095238095,0.3103448275862069,0.5,0.8047945205479452,0.5516129032258065,0.330188679245283,0.5292740046838408,0.3570884146341463,0.40462962962962956,0.400312744331509,0.3850574712643678,0.339652448657188,0.293591654247392,0.4638554216867469
Siddipet,Telangana,0.5555555555555429,0.27535885167464114,0.3999999999999999,0.3467048710601719,0.2699789873246119,0.3846153846153846,0.13106295149638802,0.5837742504409171,0.3076923076923075,Normal,0.0,0.0,Low,Jul,0.3071925754060325,0.23809523809523808,0.034482758620689655,0.3463855421686747,0.7397260273972602,0.0,0.4433962264150943,0.43911007025761123,0.23513719512195116,0.30879629629629635,0.30440448266875164,0.24176245210727965,0.23328067403896788,0.15648286140089418,0.10542168674698794
Siddipet,Telangana,0.6666666666666572,0.38397129186602863,0.3999999999999999,0.5329512893982808,0.38263404053412853,0.2812105926860025,0.49742002063983487,0.4585537918871252,0.37869822485207116,Normal,0.0,0.0,Medium,Jul,0.3809744779582367,0.6190476190476191,0.24137931034482757,0.09939759036144577,0.7773972602739725,0.2064516129032258,0.1320754716981132,0.3653395784543325,0.3894817073170731,0.3824074074074074,0.366432108418035,0.357088122605364,0.44391785150079,0.6602086438152012,0.15662650602409636
Siddipet,Telangana,0.7777777777777715,0.4340311004784688,0.3999999999999999,0.6189111747851003,0.4443164102216497,0.544766708701135,0.36532507739938086,0.4514991181657848,0.47928994082840237,Normal,0.0,0.0,Medium,Jul,0.4672853828306265,0.9047619047619047,0.24137931034482757,0.5331325301204819,0.2705479452054794,0.7516129032258064,0.4547169811320755,0.4566744730679157,0.4508384146341462,0.46851851851851856,0.4550430023455825,0.3950191570881226,0.41126908899420755,0.4634873323397914,0.16867469879518068
Siddipet,Telangana,0.8888888888888857,0.0795454545454545,0.3999999999999999,0.010506208213944601,0.08642310038636206,0.07818411097099623,0.3157894736842105,0.3527336860670194,0.3905325443786989,Deficient,0.0,1.0,Low,Jul,0.07935034802784222,0.42857142857142855,0.0,0.0,0.684931506849315,0.0,0.0,0.1451990632318501,0.14862804878048783,0.08148148148148146,0.08522283033620018,0.12260536398467436,0.050552922590837296,0.38897168405365135,0.17469879518072287
Siddipet,Telangana,1.0,0.09084928229665071,0.3999999999999999,0.029608404966571134,0.10079305903883953,0.37074401008827235,0.1805985552115583,0.19223985890652556,0.443786982248521,Deficient,0.0,1.0,Low,Jul,0.09883990719257538,0.9523809523809523,0.1724137931034483,0.10240963855421685,0.2568493150684931,0.5387096774193548,0.4471698113207547,0.21545667447306788,0.13490853658536586,0.10092592592592589,0.12223090956476415,0.08390804597701146,0.11532385466034753,0.28017883755588674,0.0
Jangaon,Telangana,0.0,0.47093301435406687,0.44285714285714284,0.6446991404011462,0.4848505388734494,0.5914249684741489,0.46439628482972134,0.6313932980599647,0.5088757396449708,Excess,0.0,0.0,High,Jul,0.5023201856148491,0.23809523809523808,0.20689655172413793,0.716867469879518,0.410958904109589,0.29354838709677417,0.6509433962264151,0.5878220140515222,0.5205792682926829,0.5034722222222222,0.45817044566067244,0.47701149425287354,0.4312796208530806,0.5752608047690015,0.23192771084337346
Jangaon,Telangana,0.11111111111111427,0.1531100478468899,0.44285714285714284,0.11556829035339067,0.1620687317833661,0.15069356872635561,0.1506707946336429,0.0,0.4378698224852071,Deficient,0.0,1.0,Low,Jul,0.18306264501160094,0.6666666666666667,0.13793103448275862,0.0,0.0,0.3258064516129032,0.04339622641509434,0.13466042154566743,0.10975609756097562,0.1849537037037037,0.18712535835287988,0.13908045977011496,0.22801474460242235,0.23695976154992549,0.0
Jangaon,Telangana,0.22222222222220012,0.6514952153110046,0.44285714285714284,0.9446036294173831,0.6536975530400595,0.578814627994956,0.48710010319917446,0.43915343915343913,0.4378698224852071,Excess,1.0,0.0,High,Jul,0.6649651972157773,0.6666666666666667,0.0,0.15662650602409636,0.6746575342465753,0.6419354838709677,0.4169811320754717,0.5831381733021077,0.6798780487804877,0.6657407407407407,0.6273130049517852,0.6605363984674331,0.559768299104792,0.5081967213114755,0.4337349397590361
Jangaon,Telangana,0.3333333333333144,0.5158492822966506,0.44285714285714284,0.7191977077363897,0.5353487426286179,0.639344262295082,0.6047471620227037,0.7777777777777778,0.550295857988166,Excess,1.0,0.0,High,Jul,0.5250580046403712,0.3333333333333333,0.7931034482758621,0.7771084337349397,0.6267123287671232,0.8290322580645161,0.5037735849056604,0.5737704918032788,0.5666920731707316,0.5261574074074074,0.47380766223612203,0.5521072796934865,0.5734597156398106,0.669150521609538,0.4518072289156626
Jangaon,Telangana,0.44444444444442865,0.6799043062200955,0.44285714285714284,0.9923591212989494,0.6584423507083303,0.6538461538461539,0.651186790505676,0.4109347442680776,0.3076923076923075,Excess,1.0,0.0,High,Jul,0.6538283062645012,0.8095238095238095,0.7931034482758621,0.09036144578313252,0.6952054794520548,0.2838709677419355,0.6547169811320755,0.7049180327868853,0.6291920731707316,0.6546296296296296,0.6773520979932238,0.6413793103448275,0.6171669299631385,0.8092399403874814,0.30421686746987947
Jangaon,Telangana,0.5555555555555429,0.650358851674641,0.44285714285714284,0.9426934097421203,0.6486816240764588,0.7704918032786886,0.5345717234262126,0.31922398589065254,0.4201183431952664,Excess,1.0,0.0,High,Jul,0.6649651972157773,0.047619047619047616,0.7586206896551724,0.19879518072289154,0.39383561643835613,0.5806451612903225,0.7018867924528303,0.7845433255269321,0.6882621951219511,0.6657407407407407,0.618191295282773,0.6007662835249041,0.6097946287519748,0.4769001490312966,0.6355421686746988
Jangaon,Telangana,0.6666666666666572,0.10944976076555016,0.44285714285714284,0.04297994269340971,0.12065342642174473,0.23266078184110972,0.1568627450980392,0.2786596119929453,0.46745562130177554,Deficient,0.0,1.0,Low,Jul,0.09071925754060325,0.5714285714285714,0.24137931034482757,0.4759036144578313,0.0,0.11935483870967742,0.3113207547169811,0.1955503512880562,0.11699695121951217,0.09282407407407409,0.11336982017200939,0.16628352490421455,0.21748288572933125,0.19523099850968706,0.10240963855421685
Jangaon,Telangana,0.7777777777777715,0.6513157894736841,0.44285714285714284,0.9446036294173831,0.6577645224700059,0.6305170239596469,0.501547987616099,0.36684303350970016,0.46745562130177554,Excess,1.0,0.0,High,Jul,0.6248259860788863,0.09523809523809523,1.0,0.23493975903614456,0.4452054794520548,0.7645161290322581,0.620754716981132,0.5081967213114754,0.6562499999999999,0.6256944444444444,0.6411258795934324,0.6597701149425286,0.6882569773565035,0.6214605067064084,0.24698795180722888
Jangaon,Telangana,0.8888888888888857,0.6099880382775119,0.44285714285714284,0.8758357211079274,0.6191960957093471,0.5838587641866331,0.7997936016511867,0.2839506172839506,0.47928994082840237,Excess,1.0,0.0,High,Jul,0.5967517401392112,0.2857142857142857,1.0,0.12650602409638553,0.40753424657534243,0.15161290322580645,0.6867924528301886,0.6030444964871194,0.584984756097561,0.5976851851851852,0.6283554860568153,0.6229885057471265,0.6271721958925751,0.7853949329359167,0.7861445783132529
Jangaon,Telangana,1.0,0.42673444976076547,0.44285714285714284,0.5711556829035339,0.4201179421134683,0.414249684741488,0.41382868937048506,0.49206349206349204,0.34911242603550363,Normal,0.0,0.0,Medium,Jul,0.41740139211136895,0.7142857142857142,0.20689655172413793,0.2108433734939759,0.7157534246575341,0.25806451612903225,0.15283018867924528,0.5807962529274006,0.43216463414634143,0.41875000000000007,0.4055251498566589,0.4513409961685823,0.38493944181147977,0.3919523099850969,0.4548192771084337
Warangal,Telangana,0.0,0.19025119617224875,0.5,0.14899713467048709,0.20307734020199278,0.13556116015132408,0.3281733746130031,0.15873015873015872,0.49704142011834307,Deficient,0.0,1.0,Low,Jul,0.20672853828306262,0.23809523809523808,0.24137931034482757,0.0,0.3082191780821918,0.0,0.06226415094339622,0.21311475409836067,0.1760670731707317,0.2085648148148148,0.22309095647641383,0.24329501915708812,0.1853607161664034,0.18032786885245905,0.6325301204819276
Warangal,Telangana,0.11111111111111427,0.23570574162679417,0.5,0.221585482330468,0.24767843828373884,0.2395964691046658,0.33849329205366363,0.19929453262786595,0.48520710059171623,Deficient,0.0,0.0,Low,Jul,0.24176334106728534,0.2857142857142857,0.27586206896551724,0.0,0.386986301369863,0.0,0.3584905660377358,0.22248243559718972,0.2907774390243901,0.2435185185185185,0.22048475371383894,0.2977011494252873,0.22432859399684044,0.24143070044709392,0.539156626506024
Warangal,Telangana,0.22222222222220012,0.35370813397129186,0.5,0.41069723018147086,0.36948417271063505,0.4148802017654477,0.542827657378741,0.09171075837742504,0.5266272189349115,Normal,0.0,0.0,Low,Jul,0.34361948955916477,0.19047619047619047,0.24137931034482757,0.15662650602409636,0.0,0.0,0.4962264150943396,0.46252927400468385,0.33231707317073167,0.3451388888888889,0.3898879332812093,0.42643678160919535,0.3628225381779885,0.5514157973174367,0.5090361445783131
Warangal,Telangana,0.3333333333333144,0.6937200956937798,0.5,0.953199617956065,0.6930115908628752,0.6418663303909207,0.6904024767801857,0.9294532627865961,0.4260355029585803,Excess,1.0,0.0,High,Jul,0.6948955916473317,0.09523809523809523,0.5517241379310345,0.8674698795180722,0.8184931506849314,0.6,0.5584905660377358,0.6276346604215457,0.7332317073170731,0.6956018518518517,0.6872556684910086,0.6662835249042145,0.5945234333859928,0.8688524590163935,0.29819277108433734
Warangal,Telangana,0.44444444444442865,0.6217105263157893,0.5,0.8385864374403056,0.6154680403985628,0.6532156368221943,0.49948400412796706,0.43033509700176364,0.38461538461538414,Excess,1.0,0.0,High,Jul,0.622505800464037,0.3333333333333333,0.3793103448275862,0.003012048192771084,0.8321917808219178,0.11290322580645161,0.7584905660377359,0.7014051522248244,0.5750762195121951,0.6233796296296296,0.5973416731821736,0.5911877394636014,0.6598209583991574,0.5737704918032788,0.33734939759036137
Warangal,Telangana,0.5555555555555429,0.3366626794258373,0.5,0.38299904489016234,0.32684877652002975,0.49684741488020184,0.48710010319917446,0.4603174603174603,0.2899408284023668,Normal,0.0,0.0,Low,Jul,0.36658932714617165,0.6666666666666667,0.20689655172413793,0.6234939759036143,0.18493150684931506,0.7451612903225807,0.6113207547169811,0.27283372365339575,0.30411585365853644,0.3680555555555556,0.3304665102945009,0.2973180076628352,0.315955766192733,0.44709388971684055,0.5572289156626505
Warangal,Telangana,0.6666666666666572,0.5678229665071769,0.5,0.7526265520534862,0.5752728258659254,0.5762925598991173,0.7884416924664602,0.6631393298059964,0.46745562130177554,Excess,1.0,0.0,High,Jul,0.5814385150812065,0.23809523809523808,0.3103448275862069,0.48493975903614456,0.7363013698630136,0.36451612903225805,0.6509433962264151,0.5339578454332553,0.5323932926829267,0.5824074074074074,0.5540787073234299,0.6314176245210728,0.5318588730911007,0.7645305514157974,0.7951807228915662
Warangal,Telangana,0.7777777777777715,0.5973684210526314,0.5,0.7994269340974212,0.5941842337151765,0.6172761664564944,0.5356037151702786,0.6754850088183421,0.4023668639053257,Excess,1.0,0.0,High,Jul,0.5733178654292344,0.14285714285714285,0.8275862068965517,0.358433734939759,0.9041095890410958,0.4,0.6622641509433962,0.5901639344262295,0.5590701219512194,0.5743055555555555,0.5830075579880114,0.6340996168582376,0.5982095839915745,0.6825633383010432,0.22289156626506024
Warangal,Telangana,0.8888888888888857,0.6095095693779904,0.5,0.8185291308500477,0.6242120246729478,0.47351828499369486,0.5108359133126934,0.7072310405643739,0.5147928994082838,Excess,1.0,0.0,High,Jul,0.6259860788863109,0.2857142857142857,0.7931034482758621,0.8674698795180722,0.386986301369863,0.0,0.3452830188679245,0.6651053864168618,0.6143292682926829,0.6268518518518518,0.5811832160542091,0.646743295019157,0.6219062664560295,0.5275707898658719,0.4638554216867469
Warangal,Telangana,1.0,0.36273923444976064,0.5,0.4250238777459408,0.37721141462753327,0.501891551071879,0.5366357069143446,0.3527336860670194,0.5147928994082838,Normal,0.0,0.0,Low,Jul,0.3907192575406032,0.5714285714285714,0.24137931034482757,0.6024096385542168,0.0,0.6580645161290322,0.4490566037735849,0.414519906323185,0.41044207317073167,0.3921296296296296,0.34792806880375293,0.41264367816091946,0.3117430226434965,0.5678092399403876,0.45783132530120474
Hanamkonda,Telangana,0.0,0.5175239234449759,0.48571428571428577,0.6838586437440306,0.5124381481732527,0.4943253467843632,0.5737874097007224,0.5361552028218695,0.37869822485207116,Excess,1.0,0.0,High,Jul,0.5129930394431554,0.19047619047619047,1.0,0.4518072289156626,0.5273972602739726,0.2032258064516129,0.3415094339622642,0.6323185011709602,0.4858993902439024,0.5141203703703704,0.5272348188689081,0.47969348659003824,0.5260663507109006,0.5782414307004471,0.5451807228915663
Hanamkonda,Telangana,0.11111111111111427,0.2126794258373205,0.48571428571428577,0.19197707736389683,0.23886667118552155,0.3575031525851198,0.2156862745098039,0.5837742504409171,0.6508875739644973,Deficient,0.0,0.0,Low,Jul,0.25104408352668206,0.09523809523809523,0.0,0.3403614457831325,0.7465753424657534,0.2064516129032258,0.460377358490566,0.3032786885245901,0.22179878048780485,0.25277777777777777,0.25045608548345055,0.26781609195402295,0.21063717746182206,0.330849478390462,0.0
Hanamkonda,Telangana,0.22222222222220012,0.39383971291866016,0.48571428571428577,0.48424068767908307,0.39334372669965423,0.3978562421185372,0.25696594427244585,0.7548500881834215,0.3905325443786989,Normal,0.0,0.0,Medium,Jul,0.40533642691415317,0.6190476190476191,0.034482758620689655,0.6144578313253011,0.7671232876712328,0.25483870967741934,0.12264150943396226,0.5702576112412178,0.3582317073170731,0.406712962962963,0.3565285379202503,0.3977011494252873,0.4791995787256451,0.26825633383010433,0.24698795180722888
Hanamkonda,Telangana,0.3333333333333144,0.4415669856459329,0.48571428571428577,0.5616045845272206,0.4639734291330576,0.37578814627994955,0.5087719298245614,0.23985890652557318,0.5739644970414197,Normal,0.0,0.0,Medium,Jul,0.45591647331786533,0.3809523809523809,0.3103448275862069,0.018072289156626502,0.4452054794520548,0.1903225806451613,0.3641509433962264,0.40281030444964866,0.49047256097560965,0.4571759259259258,0.42064112587959346,0.471647509578544,0.49921011058451825,0.43815201192250375,0.6385542168674698
Hanamkonda,Telangana,0.44444444444442865,0.2063995215311004,0.48571428571428577,0.18242597898758353,0.2060597844506202,0.3455233291298865,0.19504643962848295,0.43562610229276894,0.3372781065088759,Deficient,0.0,1.0,Low,Jul,0.21902552204176332,0.5714285714285714,0.10344827586206896,0.3192771084337349,0.4828767123287671,0.05806451612903226,0.4641509433962264,0.3325526932084309,0.20350609756097557,0.22083333333333335,0.21996351316132398,0.1904214559386973,0.2216956292785677,0.2354694485842027,0.1325301204819277
Hanamkonda,Telangana,0.5555555555555429,0.39282296650717696,0.48571428571428577,0.48328557784145176,0.39347929234731915,0.4823455233291299,0.4623323013415893,0.49382716049382713,0.39644970414201186,Normal,0.0,0.0,Medium,Jul,0.36473317865429233,0.6666666666666667,0.10344827586206896,0.7138554216867469,0.14726027397260272,0.25483870967741934,0.5566037735849056,0.45784543325526933,0.39977134146341464,0.3662037037037037,0.3846755277560594,0.3816091954022988,0.4802527646129542,0.35916542473919527,0.6626506024096385
Hanamkonda,Telangana,0.6666666666666572,0.639712918660287,0.48571428571428577,0.8815663801337155,0.6379041550871009,0.7011349306431274,0.434468524251806,0.2310405643738977,0.41420118343195256,Excess,1.0,0.0,High,Jul,0.6006960556844547,0.2857142857142857,0.10344827586206896,0.30722891566265054,0.09931506849315068,0.9064516129032258,0.5433962264150943,0.6358313817330211,0.644435975609756,0.6016203703703704,0.6630179827990618,0.6295019157088122,0.602422327540811,0.4843517138599106,0.32831325301204817
Hanamkonda,Telangana,0.7777777777777715,0.5901913875598085,0.48571428571428577,0.8013371537726839,0.587677082627262,0.6796973518284994,0.5902992776057792,0.6649029982363316,0.4023668639053257,Excess,1.0,0.0,High,Jul,0.5781902552204177,0.42857142857142855,0.6551724137931034,0.8072289156626505,0.3732876712328767,0.6451612903225806,0.5226415094339623,0.7037470725995316,0.6074695121951219,0.5791666666666667,0.5689340630701069,0.5693486590038315,0.587151132174829,0.8002980625931447,0.14457831325301201
Hanamkonda,Telangana,0.8888888888888857,0.16704545454545452,0.48571428571428577,0.11843361986628459,0.16925371110960477,0.2269861286254729,0.10423116615067081,0.30687830687830686,0.3550295857988166,Deficient,0.0,1.0,Low,Jul,0.1939675174013921,0.9047619047619047,0.034482758620689655,0.45783132530120474,0.07534246575342465,0.0,0.16981132075471697,0.3161592505854801,0.1840701219512195,0.19583333333333333,0.1636695334897055,0.18582375478927204,0.13954713006845706,0.08643815201192251,0.16867469879518068
Hanamkonda,Telangana,1.0,0.4738038277511961,0.48571428571428577,0.6131805157593123,0.4845116247542872,0.6172761664564944,0.4055727554179567,0.008818342151675485,0.48520710059171623,Normal,0.0,0.0,Medium,Jul,0.4719257540603249,0.6666666666666667,0.13793103448275862,0.0,0.017123287671232876,0.7354838709677419,0.4830188679245283,0.5796252927400468,0.5110518292682926,0.4731481481481482,0.49074798019285903,0.4888888888888889,0.4286466561348078,0.4336810730253354,0.3463855421686747
Mahabubabad,Telangana,0.0,0.38558612440191375,0.5714285714285714,0.41451766953199615,0.37341557649291657,0.4312736443883985,0.2734778121775026,0.43033509700176364,0.2899408284023668,Normal,0.0,0.0,Low,Jul,0.3886310904872389,0.2857142857142857,0.06896551724137931,0.09036144578313252,0.732876712328767,0.267741935483871,0.5641509433962264,0.3536299765807962,0.3307926829268292,0.3900462962962963,0.35444357571019025,0.43026819923371645,0.35966298051606116,0.41430700447093893,0.0
Mahabubabad,Telangana,0.11111111111111427,0.7088516746411482,0.5714285714285714,0.9063992359121299,0.702365620551752,0.6450189155107189,0.4912280701754386,0.5961199294532628,0.39644970414201186,Excess,1.0,0.0,High,Jul,0.6691415313225058,0.14285714285714285,0.896551724137931,0.13855421686746985,0.9999999999999999,0.5774193548387097,0.48490566037735844,0.6873536299765808,0.6966463414634145,0.6699074074074074,0.6843888454521763,0.7394636015325671,0.6814112690889943,0.5678092399403876,0.3253012048192771
Mahabubabad,Telangana,0.22222222222220012,0.5601076555023922,0.5714285714285714,0.6800382043935053,0.5594116450891343,0.5592686002522068,0.587203302373581,0.6649029982363316,0.41420118343195256,Excess,1.0,0.0,High,Jul,0.5591647331786542,0.4761904761904762,0.896551724137931,0.37349397590361444,0.8664383561643836,0.267741935483871,0.38301886792452833,0.7037470725995316,0.5884146341463414,0.5601851851851851,0.5241073755538181,0.536015325670498,0.5734597156398106,0.518628912071535,0.7048192771084336
Mahabubabad,Telangana,0.3333333333333144,0.64377990430622,0.5714285714285714,0.8070678127984718,0.6498339320816103,0.4413619167717528,0.5170278637770898,0.6049382716049382,0.4615384615384617,Excess,1.0,0.0,High,Jul,0.6672853828306264,1.0,1.0,0.33132530120481923,0.797945205479452,0.3290322580645161,0.3641509433962264,0.47423887587822017,0.6211890243902438,0.6680555555555555,0.6127182694813658,0.6157088122605363,0.6966824644549763,0.42026825633383014,0.6987951807228915
Mahabubabad,Telangana,0.44444444444442865,0.3752392344497607,0.5714285714285714,0.3982808022922636,0.3783637226326847,0.45649432534678436,0.4014447884416925,0.3562610229276896,0.41420118343195256,Normal,0.0,0.0,Low,Jul,0.3839907192575406,0.3333333333333333,0.3103448275862069,0.48795180722891557,0.136986301369863,0.635483870967742,0.13962264150943396,0.5304449648711944,0.3894817073170731,0.38541666666666663,0.3724263747719573,0.36551724137931035,0.3802001053185887,0.4098360655737705,0.38253012048192764
Mahabubabad,Telangana,0.5555555555555429,0.16369617224880376,0.5714285714285714,0.07640878701050619,0.18355588693824978,0.3297604035308953,0.4840041279669763,0.2222222222222222,0.5857988165680474,Deficient,0.0,1.0,Low,Jul,0.19698375870069604,0.42857142857142855,0.20689655172413793,0.0,0.43150684931506844,0.0,0.4528301886792453,0.33138173302107726,0.20617378048780485,0.1988425925925926,0.14360177221787854,0.22490421455938692,0.20010531858873096,0.44709388971684055,0.5481927710843373
Mahabubabad,Telangana,0.6666666666666572,0.3449760765550238,0.5714285714285714,0.35243553008595985,0.3550464312343251,0.44892812105926855,0.4840041279669763,0.11816578483245149,0.4733727810650885,Normal,0.0,0.0,Low,Jul,0.3269141531322506,0.6666666666666667,0.13793103448275862,0.20180722891566263,0.0,0.6161290322580646,0.2849056603773585,0.4332552693208431,0.29992378048780477,0.3284722222222223,0.37711753974459217,0.3747126436781609,0.4302264349657715,0.631892697466468,0.17469879518072287
Mahabubabad,Telangana,0.7777777777777715,0.7005980861244018,0.5714285714285714,0.8930276981852914,0.7054836304480444,0.576923076923077,0.7358101135190918,0.6190476190476191,0.4615384615384617,Excess,1.0,0.0,High,Jul,0.6649651972157773,0.047619047619047616,0.4482758620689655,0.8433734939759036,0.24315068493150682,0.06129032258064516,0.4792452830188679,0.7517564402810304,0.740091463414634,0.6657407407407407,0.6507688298149596,0.7478927203065133,0.711427066877304,0.895678092399404,0.3765060240963855
Mahabubabad,Telangana,0.8888888888888857,0.22619617224880376,0.5714285714285714,0.17191977077363896,0.22700467701484436,0.2812105926860025,0.28792569659442724,0.1763668430335097,0.36094674556213047,Deficient,0.0,1.0,Low,Jul,0.251508120649652,0.5238095238095237,0.3103448275862069,0.0,0.3424657534246575,0.11612903225806452,0.05283018867924528,0.4473067915690866,0.20083841463414628,0.25324074074074077,0.2157935887412041,0.28390804597701147,0.19431279620853079,0.43517138599105815,0.0
Mahabubabad,Telangana,1.0,0.29694976076555013,0.5714285714285714,0.27984718242597895,0.3040059648884972,0.3694829760403531,0.24355005159958718,0.49382716049382713,0.443786982248521,Normal,0.0,0.0,Low,Jul,0.33271461716937356,0.6666666666666667,0.034482758620689655,0.33132530120481923,0.5821917808219178,0.7,0.1981132075471698,0.30913348946135827,0.2987804878048781,0.33425925925925926,0.33203023195204595,0.2689655172413793,0.2585571353343865,0.3710879284649777,0.0
Nirmal,Telangana,0.0,0.39294258373205737,0.6428571428571428,0.38204393505253104,0.39639395377211406,0.24022698612862547,0.2951496388028896,0.2345679012345679,0.4201183431952664,Normal,0.0,0.0,Low,Jul,0.4002320185614848,0.19047619047619047,0.10344827586206896,0.4006024096385542,0.0,0.1,0.22264150943396227,0.2716627634660421,0.39900914634146334,0.40162037037037035,0.3836330466510295,0.3816091954022988,0.4254870984728806,0.2816691505216095,0.33132530120481923
Nirmal,Telangana,0.11111111111111427,0.242523923444976,0.6428571428571428,0.16427889207258833,0.2392733681285162,0.27364438839848676,0.2693498452012384,0.5520282186948854,0.3195266272189352,Deficient,0.0,1.0,Low,Jul,0.27262180974477956,0.9523809523809523,0.13793103448275862,0.466867469879518,0.5410958904109588,0.0,0.02830188679245283,0.4906323185011709,0.2157012195121951,0.2743055555555556,0.253322908522283,0.23639846743295018,0.21063717746182206,0.330849478390462,0.15662650602409636
Nirmal,Telangana,0.22222222222220012,0.7535885167464113,0.6428571428571428,0.9054441260744985,0.7666915203687384,0.9180327868852459,0.40454076367389064,0.6243386243386243,0.5029585798816569,Excess,1.0,0.0,High,Jul,0.7645011600928073,0.6666666666666667,0.5862068965517241,0.7740963855421685,0.33219178082191775,0.8999999999999999,0.8113207547169811,0.8747072599531616,0.7347560975609755,0.7650462962962963,0.7456346103726871,0.7329501915708811,0.7972617166929964,0.5081967213114755,0.19277108433734938
Nirmal,Telangana,0.3333333333333144,0.17087320574162676,0.6428571428571428,0.060171919770773574,0.1854538060055582,0.26418663303909207,0.3931888544891641,0.5573192239858906,0.5147928994082838,Deficient,0.0,1.0,Low,Jul,0.2109048723897912,1.0,0.06896551724137931,0.5542168674698794,0.4520547945205479,0.0,0.21509433962264152,0.35714285714285715,0.1916920731707317,0.2127314814814815,0.20849622100599427,0.17547892720306513,0.14007372301211166,0.4783904619970194,0.21987951807228912
Nirmal,Telangana,0.44444444444442865,0.5706937799043061,0.6428571428571428,0.6399235912129895,0.5725615129126278,0.7667087011349307,0.5459236326109391,0.5326278659611993,0.43195266272189414,Excess,0.0,0.0,High,Jul,0.5890951276102089,0.9047619047619047,0.13793103448275862,0.358433734939759,0.6267123287671232,0.6322580645161291,0.7301886792452831,0.7412177985948478,0.566310975609756,0.5900462962962963,0.5994266353922335,0.5390804597701149,0.4818325434439179,0.7436661698956781,0.1295180722891566
Nirmal,Telangana,0.5555555555555429,0.7216507177033492,0.6428571428571428,0.8595988538681949,0.7411373957839082,0.7742749054224465,0.7719298245614035,0.5485008818342152,0.5384615384615392,Excess,1.0,0.0,High,Jul,0.7406032482598608,0.7619047619047619,0.10344827586206896,0.641566265060241,0.3356164383561644,0.5741935483870968,0.7245283018867924,0.7798594847775175,0.7278963414634145,0.7412037037037037,0.7367735209799322,0.7333333333333334,0.6798314902580306,0.7540983606557378,0.7680722891566264
Nirmal,Telangana,0.6666666666666572,0.8142942583732055,0.6428571428571428,0.994269340974212,0.7922456449535688,0.7610340479192939,1.0,0.43386243386243384,0.33136094674556293,Excess,1.0,0.0,High,Jul,0.797215777262181,0.8571428571428572,0.896551724137931,0.24096385542168672,0.5684931506849316,0.9258064516129032,0.5056603773584906,0.7634660421545667,0.7553353658536583,0.7976851851851852,0.7714360177221788,0.7973180076628352,0.7525013164823593,0.9806259314456037,0.9759036144578311
Nirmal,Telangana,0.7777777777777715,0.1647727272727272,0.6428571428571428,0.050620821394460336,0.15725615129126277,0.3808322824716267,0.26522187822497423,0.0,0.22485207100591786,Deficient,0.0,1.0,Low,Jul,0.15661252900232017,0.7142857142857142,0.10344827586206896,0.0,0.0,0.6645161290322581,0.5,0.15573770491803277,0.1379573170731707,0.1585648148148148,0.17513682564503516,0.19693486590038312,0.15639810426540288,0.38897168405365135,0.027108433734939756
Nirmal,Telangana,0.8888888888888857,0.5826555023923444,0.6428571428571428,0.6580706781279847,0.5832711990781534,0.566204287515763,0.7481940144478844,0.599647266313933,0.4260355029585803,Excess,0.0,0.0,High,Jul,0.5566125290023202,0.2857142857142857,0.3103448275862069,0.3524096385542168,0.7636986301369862,0.7483870967741935,0.3962264150943396,0.5339578454332553,0.6257621951219511,0.5576388888888889,0.5387021110242377,0.5850574712643677,0.6161137440758294,0.7093889716840538,0.789156626506024
Nirmal,Telangana,1.0,0.7305023923444975,0.6428571428571428,0.8720152817574021,0.7286653561987391,0.5851197982345524,0.6357069143446853,0.82010582010582,0.4260355029585803,Excess,1.0,0.0,High,Jul,0.7183294663573085,0.3333333333333333,0.5172413793103449,0.6054216867469879,0.9041095890410958,0.2870967741935484,0.37924528301886795,0.747072599531616,0.7096036585365852,0.7189814814814814,0.7185301016419078,0.7164750957854407,0.7187993680884677,0.48733233979135626,0.9096385542168673
Adilabad,Telangana,0.0,0.5296052631578946,0.7142857142857142,0.5329512893982808,0.5478885650376194,0.5863808322824716,0.5170278637770898,0.9029982363315696,0.5384615384615392,Normal,0.0,0.0,Medium,Jul,0.5127610208816704,0.14285714285714285,0.24137931034482757,0.7951807228915662,0.8493150684931506,0.6935483870967741,0.4283018867924528,0.5714285714285714,0.5586890243902438,0.5138888888888888,0.5334897054990878,0.5773946360153257,0.5545023696682464,0.5380029806259315,0.46084337349397586
Adilabad,Telangana,0.11111111111111427,0.16052631578947366,0.7142857142857142,0.020057306590257895,0.19189317426964006,0.30580075662042877,0.3952528379772962,0.36860670194003525,0.7396449704142007,Deficient,0.0,1.0,Low,Jul,0.1932714617169373,0.3809523809523809,0.10344827586206896,0.3132530120481927,0.3595890410958904,0.6838709677419355,0.19056603773584904,0.20140515222482436,0.18673780487804878,0.19513888888888883,0.20406567630961694,0.21954022988505745,0.1853607161664034,0.33233979135618485,0.5210843373493975
Adilabad,Telangana,0.22222222222220012,0.2680023923444975,0.7142857142857142,0.16905444126074498,0.26123500305022707,0.2042875157629256,0.26625386996904027,0.26278659611992944,0.2899408284023668,Deficient,0.0,1.0,Low,Jul,0.26774941995359625,0.5714285714285714,0.06896551724137931,0.0,0.5102739726027397,0.0,0.17169811320754716,0.27283372365339575,0.2820121951219512,0.2694444444444445,0.2866823038832421,0.2371647509578544,0.23222748815165875,0.3517138599105813,0.10542168674698794
Adilabad,Telangana,0.3333333333333144,0.492523923444976,0.7142857142857142,0.4813753581661891,0.5104046634582795,0.5813366960907945,0.26418988648090813,0.6278659611992945,0.5384615384615392,Normal,0.0,0.0,Medium,Jul,0.48584686774942,0.6190476190476191,0.13793103448275862,0.41867469879518066,0.7431506849315068,0.5774193548387097,0.5490566037735849,0.5292740046838408,0.44359756097560976,0.48703703703703705,0.5238467552775606,0.560919540229885,0.5255397577672459,0.3979135618479881,0.006024096385542168
Adilabad,Telangana,0.44444444444442865,0.6668062200956937,0.7142857142857142,0.723018147086915,0.6692876025215209,0.40983606557377045,0.368421052631579,0.7954144620811288,0.443786982248521,Excess,1.0,0.0,High,Jul,0.6436194895591647,0.5714285714285714,0.3103448275862069,0.8012048192771084,0.6335616438356164,0.12903225806451613,0.3490566037735849,0.4976580796252927,0.663871951219512,0.6444444444444445,0.6734427938493615,0.6927203065134098,0.6140073723012112,0.5052160953800299,0.09337349397590361
Adilabad,Telangana,0.5555555555555429,0.4707535885167464,0.7142857142857142,0.4508118433619866,0.4870873720599199,0.5611601513240858,0.5252837977296182,0.5114638447971781,0.5266272189349115,Normal,0.0,0.0,Medium,Jul,0.4844547563805104,0.42857142857142855,0.3103448275862069,0.19578313253012045,0.7705479452054794,0.47096774193548385,0.4547169811320755,0.5889929742388759,0.5049542682926829,0.48564814814814816,0.4626009903570498,0.4689655172413793,0.5129015271195366,0.511177347242921,0.539156626506024
Adilabad,Telangana,0.6666666666666572,0.21106459330143537,0.7142857142857142,0.08978032473734476,0.22659798007184975,0.5119798234552333,0.08668730650154799,0.0,0.5266272189349115,Deficient,0.0,1.0,Low,Jul,0.20371229698375867,0.09523809523809523,0.13793103448275862,0.0,0.0,0.5870967741935483,0.5207547169811321,0.414519906323185,0.20198170731707318,0.20555555555555552,0.22230909564764142,0.2590038314176245,0.31911532385466035,0.14456035767511177,0.0
Adilabad,Telangana,0.7777777777777715,0.7464712918660286,0.7142857142857142,0.833810888252149,0.7544228292550665,0.8631778058007566,0.7492260061919505,0.8553791887125219,0.47928994082840237,Excess,1.0,0.0,High,Jul,0.763109048723898,0.7142857142857142,0.7931034482758621,0.8072289156626505,0.7431506849315068,0.967741935483871,0.6245283018867924,0.864168618266979,0.7858231707317073,0.7636574074074074,0.7167057597081053,0.7130268199233716,0.7203791469194313,0.6885245901639345,0.8343373493975902
Adilabad,Telangana,0.8888888888888857,0.331578947368421,0.7142857142857142,0.25787965616045844,0.34494679048329147,0.3587641866330391,0.19401444788441694,0.2998236331569665,0.5029585798816569,Normal,0.0,0.0,Low,Jul,0.3614849187935034,0.3333333333333333,0.10344827586206896,0.5120481927710843,0.0,0.132258064516129,0.29245283018867924,0.4367681498829039,0.296875,0.36296296296296293,0.3296846494657285,0.39731800766283515,0.3422854133754608,0.2995529061102832,0.0
Adilabad,Telangana,1.0,0.5591507177033492,0.7142857142857142,0.5730659025787965,0.5579204229648206,0.6727616645649432,0.3519091847265222,0.37742504409171074,0.4082840236686396,Normal,0.0,0.0,Medium,Jul,0.5248259860788863,0.23809523809523808,0.24137931034482757,0.31024096385542166,0.38013698630136983,0.8806451612903226,0.6264150943396227,0.540983606557377,0.4984756097560974,0.525925925925926,0.5665884805837894,0.606896551724138,0.5808320168509742,0.5275707898658719,0.0
Kumuram Bheem,Telangana,0.0,0.9999999999999999,0.9285714285714286,0.9885386819484241,0.9856300413475224,1.0,0.9205366357069144,0.5255731922398589,0.3905325443786989,Excess,1.0,0.0,High,Jul,0.9559164733178654,0.5714285714285714,0.3448275862068966,0.6656626506024096,0.2636986301369863,0.7032258064516129,1.0,0.9812646370023419,0.9999999999999999,0.9560185185185184,0.943966640604639,0.9486590038314175,1.0,0.9105812220566321,0.8855421686746986
Kumuram Bheem,Telangana,0.11111111111111427,0.9520933014354066,0.9285714285714286,0.9293218720152817,0.9623805327729952,0.8184110970996218,0.9380804953560371,0.7231040564373897,0.4911242603550301,Excess,1.0,0.0,High,Jul,0.9668213457076565,0.5238095238095237,0.3448275862068966,0.8855421686746986,0.3972602739726027,1.0,0.6132075471698113,0.7763466042154568,0.9020579268292682,0.9668981481481482,0.9611675788376337,0.9260536398467434,0.9262769878883624,0.9418777943368108,0.8734939759036143
Kumuram Bheem,Telangana,0.22222222222220012,0.6112440191387558,0.9285714285714286,0.5109837631327603,0.6076730156578322,0.5636822194199244,0.5779153766769866,0.3368606701940035,0.4023668639053257,Normal,0.0,0.0,Medium,Jul,0.5749419953596288,0.047619047619047616,0.20689655172413793,0.575301204819277,0.0,0.33548387096774196,0.6433962264150943,0.5257611241217799,0.6554878048780487,0.5759259259259258,0.6377378160020849,0.5854406130268199,0.5223802001053186,0.5156482861400895,0.683734939759036
Kumuram Bheem,Telangana,0.3333333333333144,0.703827751196172,0.9285714285714286,0.6246418338108882,0.7073815495153527,0.6229508196721313,0.6119711042311662,0.6596119929453262,0.44970414201183484,Excess,0.0,0.0,High,Jul,0.7310904872389791,0.42857142857142855,0.10344827586206896,0.3433734939759036,0.8904109589041096,0.4612903225806452,0.7188679245283018,0.5433255269320844,0.6798780487804877,0.731712962962963,0.7148814177743029,0.6678160919540228,0.6398104265402844,0.6020864381520119,0.6084337349397589
Kumuram Bheem,Telangana,0.44444444444442865,0.8066985645933012,0.9285714285714286,0.7507163323782235,0.834745475496509,0.6708701134930644,0.6140350877192982,0.783068783068783,0.5798816568047345,Excess,1.0,0.0,High,Jul,0.8176334106728539,0.8095238095238095,0.7931034482758621,0.5331325301204819,0.9143835616438355,0.5,0.4433962264150943,0.7892271662763466,0.8418445121951218,0.8180555555555555,0.7954130831378681,0.8226053639846744,0.8335966298051606,0.722801788375559,0.3704819277108434
Kumuram Bheem,Telangana,0.5555555555555429,0.8997009569377988,0.9285714285714286,0.8653295128939829,0.8887683860909644,0.8139974779319041,0.8596491228070174,0.5537918871252204,0.39644970414201186,Excess,1.0,0.0,High,Jul,0.9136890951276101,0.2857142857142857,0.5517241379310345,0.4096385542168674,0.6095890410958904,0.529032258064516,0.5150943396226415,1.0,0.8681402439024389,0.9138888888888888,0.8543132655720616,0.9007662835249042,0.7725118483412322,0.9418777943368108,0.644578313253012
Kumuram Bheem,Telangana,0.6666666666666572,0.23702153110047844,0.9285714285714286,0.050620821394460336,0.23073273232562866,0.3171500630517024,0.43962848297213625,0.0,0.2840236686390538,Deficient,0.0,1.0,Low,Jul,0.2482598607888631,0.8571428571428572,0.13793103448275862,0.0,0.0,0.04838709677419355,0.36792452830188677,0.3430913348946135,0.25838414634146345,0.24999999999999997,0.22543653896273128,0.22911877394636015,0.20695102685624014,0.4843517138599106,0.3433734939759036
Kumuram Bheem,Telangana,0.7777777777777715,0.33947368421052626,0.9285714285714286,0.1766953199617956,0.3697553040059648,0.36380832282471626,0.28070175438596495,0.6649029982363316,0.6568047337278111,Deficient,0.0,1.0,Low,Jul,0.36473317865429233,0.0,0.10344827586206896,0.6265060240963854,0.5787671232876711,0.4645161290322581,0.30754716981132074,0.3161592505854801,0.39824695121951215,0.3662037037037037,0.32603596559812353,0.3969348659003831,0.3954713006845709,0.31445603576751124,0.22289156626506024
Kumuram Bheem,Telangana,0.8888888888888857,0.8260765550239232,0.9285714285714286,0.7745940783190067,0.8394902731647799,0.7515762925598991,0.6945304437564499,0.9629629629629629,0.5088757396449708,Excess,1.0,0.0,High,Jul,0.810904872389791,0.2857142857142857,0.7931034482758621,0.9246987951807227,0.8184931506849314,0.9548387096774194,0.5188679245283019,0.7271662763466042,0.8376524390243901,0.8113425925925926,0.8342455043002346,0.867816091954023,0.7509215376513956,0.9135618479880776,0.21987951807228912
Kumuram Bheem,Telangana,1.0,0.6176435406698564,0.9285714285714286,0.5186246418338109,0.6280078628075644,0.6172761664564944,0.33126934984520123,0.3985890652557319,0.48520710059171623,Normal,0.0,0.0,Medium,Jul,0.6011600928074246,0.5714285714285714,0.0,0.18072289156626503,0.5684931506849316,0.535483870967742,0.369811320754717,0.7224824355971896,0.6246189024390243,0.6020833333333333,0.5871774824081314,0.6678160919540228,0.6524486571879938,0.49329359165424747,0.009036144578313251
Mancherial,Telangana,0.0,0.5398923444976076,0.6142857142857143,0.6160458452722063,0.5551413271876905,0.5327868852459017,0.5397316821465428,0.2892416225749559,0.5207100591715985,Normal,0.0,0.0,Medium,Jul,0.5146171693735498,0.2857142857142857,0.20689655172413793,0.027108433734939756,0.5308219178082192,0.3709677419354839,0.6433962264150943,0.45550351288056207,0.5297256097560975,0.5157407407407407,0.5694553036226219,0.5816091954022988,0.568193786203265,0.6408345752608048,0.3192771084337349
Mancherial,Telangana,0.11111111111111427,0.17188995215311,0.6142857142857143,0.0725883476599809,0.19101199755981826,0.296343001261034,0.37874097007223945,0.2804232804232804,0.5739644970414197,Deficient,0.0,1.0,Low,Jul,0.18747099767981432,0.7142857142857142,0.1724137931034483,0.47891566265060237,0.0,0.04838709677419355,0.2660377358490566,0.3676814988290398,0.2221798780487805,0.1893518518518518,0.17331248371123273,0.24712643678160917,0.16692996313849398,0.4157973174366617,0.30421686746987947
Mancherial,Telangana,0.22222222222220012,0.6332535885167462,0.6142857142857143,0.7545367717287488,0.6450891344133395,0.5718789407313998,0.4427244582043344,0.4673721340388007,0.49704142011834307,Excess,1.0,0.0,High,Jul,0.6406032482598608,0.14285714285714285,0.6896551724137931,0.48493975903614456,0.3561643835616438,0.33548387096774196,0.760377358490566,0.468384074941452,0.6802591463414633,0.6414351851851852,0.63721657544957,0.5862068965517242,0.6298051606108479,0.6184798807749629,0.08132530120481928
Mancherial,Telangana,0.3333333333333144,0.7262559808612438,0.6142857142857143,0.89207258834766,0.7246661695926251,0.6796973518284994,0.7966976264189887,0.5449735449735449,0.4260355029585803,Excess,1.0,0.0,High,Jul,0.719953596287703,0.5238095238095237,0.10344827586206896,0.5271084337349397,0.4589041095890411,0.1032258064516129,0.7264150943396226,0.7740046838407495,0.726371951219512,0.7206018518518518,0.7070628094865781,0.739080459770115,0.6529752501316484,0.8912071535022356,0.5632530120481927
Mancherial,Telangana,0.44444444444442865,0.42739234449760766,0.6142857142857143,0.4498567335243553,0.4174066291601707,0.4211853720050442,0.5758513931888545,0.37213403880070545,0.3195266272189352,Normal,0.0,0.0,Medium,Jul,0.40371229698375866,0.8571428571428572,0.10344827586206896,0.6084337349397589,0.030821917808219176,0.15483870967741933,0.5188679245283019,0.40398126463700235,0.46112804878048774,0.40509259259259256,0.4461819129528277,0.3915708812260536,0.3549236440231701,0.6497764530551416,0.40662650602409633
Mancherial,Telangana,0.5555555555555429,0.6095693779904305,0.6142857142857143,0.7191977077363897,0.5955398901918253,0.6664564943253468,0.43962848297213625,0.43562610229276894,0.3372781065088759,Excess,1.0,0.0,High,Jul,0.57169373549884,0.0,1.0,0.2108433734939759,0.6061643835616438,0.47419354838709676,0.7358490566037735,0.6088992974238876,0.5590701219512194,0.5726851851851852,0.6142819911389106,0.6222222222222222,0.5655608214849922,0.45901639344262296,0.394578313253012
Mancherial,Telangana,0.6666666666666572,0.3503588516746411,0.6142857142857143,0.3361986628462273,0.32888226123500297,0.41866330390920553,0.26109391124871006,0.26102292768959434,0.18934911242603558,Normal,0.0,0.0,Low,Jul,0.33596287703016237,0.6190476190476191,0.1724137931034483,0.18373493975903613,0.297945205479452,0.2838709677419355,0.230188679245283,0.531615925058548,0.33727134146341464,0.3375,0.32655720615063855,0.34674329501915707,0.29541864139020535,0.20417287630402386,0.3885542168674698
Mancherial,Telangana,0.7777777777777715,0.48163875598086114,0.6142857142857143,0.5300859598853869,0.4801735240290109,0.5397225725094579,0.3973168214654283,0.3492063492063492,0.39644970414201186,Normal,0.0,0.0,Medium,Jul,0.508352668213457,0.09523809523809523,0.0,0.5963855421686747,0.0,0.8064516129032258,0.22075471698113205,0.572599531615925,0.4374999999999999,0.5094907407407407,0.4784988272087569,0.44559386973180065,0.49815692469720907,0.2921013412816692,0.6084337349397589
Mancherial,Telangana,0.8888888888888857,0.2666267942583731,0.6142857142857143,0.21203438395415472,0.28645021351589506,0.3600252206809584,0.3715170278637771,0.08112874779541446,0.5680473372781067,Deficient,0.0,0.0,Low,Jul,0.2596287703016241,0.5238095238095237,0.0,0.13855421686746985,0.0,0.4580645161290322,0.21509433962264152,0.3688524590163934,0.3262195121951219,0.2613425925925926,0.30987750847015905,0.3019157088122605,0.2496050552922591,0.323397913561848,0.4698795180722891
Mancherial,Telangana,1.0,0.1491626794258373,0.6142857142857143,0.038204393505253065,0.1701348878194265,0.21626733921815888,0.31888544891640874,0.21164021164021163,0.6035502958579881,Deficient,0.0,1.0,Low,Jul,0.1740139211136891,0.7142857142857142,0.06896551724137931,0.06927710843373493,0.33219178082191775,0.0,0.4811320754716981,0.10304449648711944,0.21074695121951217,0.1759259259259259,0.14568673442793853,0.16130268199233716,0.22485518694049497,0.30849478390462,0.3463855421686747
Asifabad,Telangana,0.0,0.32464114832535884,0.7857142857142856,0.21585482330468,0.3369484172710634,0.4419924337957125,0.5149638802889577,0.5273368606701939,0.4911242603550301,Deficient,0.0,0.0,Low,Jul,0.31856148491879344,0.42857142857142855,0.06896551724137931,0.48795180722891557,0.46917808219178075,0.7709677419354838,0.19056603773584904,0.42271662763466045,0.361280487804878,0.32013888888888886,0.3179567370341413,0.3873563218390805,0.32596103212216954,0.45007451564828616,0.6325301204819276
Asifabad,Telangana,0.11111111111111427,0.9018540669856457,0.7857142857142856,0.9837631327602675,0.8973090218938521,0.8291298865069358,0.8214654282765738,0.7742504409171075,0.4260355029585803,Excess,1.0,0.0,High,Jul,0.8761020881670533,0.14285714285714285,0.13793103448275862,0.753012048192771,0.6472602739726027,0.5451612903225805,0.9735849056603774,0.7377049180327868,0.8593749999999999,0.8763888888888889,0.8639562157935887,0.8934865900383142,0.9268035808320169,1.0000000000000002,0.4156626506024096
Asifabad,Telangana,0.22222222222220012,0.7042464114832534,0.7857142857142856,0.7211079274116523,0.6911136717955669,0.6374527112232031,0.7420020639834881,0.708994708994709,0.36094674556213047,Excess,1.0,0.0,High,Jul,0.6923433874709977,0.047619047619047616,0.7241379310344828,0.575301204819277,0.7226027397260274,0.36129032258064514,0.4867924528301887,0.7505854800936769,0.6596798780487804,0.6930555555555555,0.6666666666666667,0.6509578544061303,0.7498683517640865,0.6482861400894189,0.894578313253012
Asifabad,Telangana,0.3333333333333144,0.6045454545454544,0.7857142857142856,0.5883476599808978,0.6300413475225376,0.6506935687263556,0.37874097007223945,0.48853615520282184,0.5798816568047345,Normal,0.0,0.0,Medium,Jul,0.6090487238979118,0.2857142857142857,0.034482758620689655,0.1506024096385542,0.7773972602739725,0.7258064516129032,0.30943396226415093,0.7529274004683841,0.5621189024390243,0.6099537037037036,0.6335678915819651,0.6555555555555554,0.6598209583991574,0.533532041728763,0.06626506024096385
Asifabad,Telangana,0.44444444444442865,0.7596889952153109,0.7857142857142856,0.7946513849092646,0.7556429200840507,0.673392181588903,0.609907120743034,0.48500881834215165,0.41420118343195256,Excess,1.0,0.0,High,Jul,0.7733178654292343,0.0,0.6206896551724138,0.18373493975903613,0.732876712328767,0.36451612903225805,0.5358490566037736,0.7857142857142857,0.7412347560975608,0.7738425925925926,0.7174876205368779,0.7938697318007664,0.655608214849921,0.5827123695976155,0.641566265060241
Asifabad,Telangana,0.5555555555555429,0.35233253588516744,0.7857142857142856,0.2521489971346705,0.35531756252965485,0.4615384615384615,0.2693498452012384,0.27336860670194,0.4082840236686396,Normal,0.0,0.0,Low,Jul,0.35406032482598604,0.6666666666666667,0.034482758620689655,0.13855421686746985,0.3732876712328767,0.035483870967741936,0.5452830188679245,0.5058548009367682,0.3151676829268292,0.3555555555555555,0.37529319781078974,0.3505747126436782,0.3865192206424434,0.2146050670640835,0.3915662650602409
Asifabad,Telangana,0.6666666666666572,0.7877990430622007,0.7857142857142856,0.8319006685768864,0.7853317969226598,0.6872635561160152,0.7502579979360164,0.4091710758377425,0.4260355029585803,Excess,1.0,0.0,High,Jul,0.7640371229698375,0.7142857142857142,0.48275862068965514,0.38253012048192764,0.3595890410958904,0.8806451612903226,0.3886792452830189,0.7154566744730679,0.7572408536585364,0.7645833333333333,0.8034923117018504,0.8164750957854405,0.6803580832016851,0.836065573770492,0.539156626506024
Asifabad,Telangana,0.7777777777777715,0.3977272727272726,0.7857142857142856,0.3132760267430754,0.4154409272690299,0.37326607818411095,0.5933952528379772,0.4126984126984127,0.5384615384615392,Normal,0.0,0.0,Low,Jul,0.39721577726218105,0.5238095238095237,0.27586206896551724,0.38554216867469876,0.36301369863013694,0.3290322580645161,0.37358490566037733,0.3419203747072599,0.42835365853658536,0.39861111111111114,0.4331508991399531,0.3854406130268199,0.434439178515008,0.646795827123696,0.4638554216867469
Asifabad,Telangana,0.8888888888888857,0.7854665071770334,0.7857142857142856,0.8290353390639924,0.7945502609638716,0.6160151324085751,0.3993808049535604,0.5784832451499118,0.48520710059171623,Excess,1.0,0.0,High,Jul,0.7786542923433875,0.19047619047619047,0.6206896551724138,0.38554216867469876,0.684931506849315,0.2161290322580645,0.6622641509433962,0.6545667447306791,0.7976371951219511,0.7791666666666667,0.762053687776909,0.7590038314176244,0.8256977356503423,0.5469448584202683,0.09939759036144577
Asifabad,Telangana,1.0,0.8937200956937797,0.7857142857142856,0.9732569245463228,0.8759574323866332,0.9123581336696092,0.8555211558307534,1.0,0.36094674556213047,Excess,1.0,0.0,High,Jul,0.853828306264501,0.5714285714285714,0.13793103448275862,1.0,0.8047945205479452,0.9741935483870967,0.5490566037735849,1.0,0.8323170731707316,0.8541666666666665,0.8423247328642167,0.8977011494252873,0.8867825171142708,0.760059612518629,1.0
