District,State,Year,Annual_Rainfall_mm,Normal_Rainfall_mm,Departure_Percent,Monsoon_Rainfall_mm,Pre_Monsoon_mm,Post_Monsoon_mm,Winter_mm,Monsoon_Percent,Rainfall_Category,Flood_Occurred,Drought_Declared,Waterlogging_Risk,Peak_Month,Peak_Rainfall_mm,Consecutive_Dry_Days_Avg,Heavy_Rain_Days,Jan_mm,Feb_mm,Mar_mm,Apr_mm,May_mm,Jun_mm,Jul_mm,Aug_mm,Sep_mm,Oct_mm,Nov_mm,Dec_mm
5,0,0.0,0.30627990430622,0.2142857142857142,0.5501432664756447,0.336880634447231,0.4110970996216898,0.4272445820433437,0.599647266313933,0.668639053254438,2,0.0,0.0,2,1,0.3419953596287703,0.7142857142857142,0.1379310344827586,0.4969879518072289,0.5993150684931506,0.1225806451612903,0.4660377358490565,0.4297423887587821,0.3643292682926828,0.3435185185185185,0.3322908522283033,0.3505747126436782,0.2896261190100053,0.5350223546944859,0.2048192771084337
5,0,0.1111111111111142,0.0902511961722487,0.2142857142857142,0.1184336198662845,0.0776791161119771,0.3694829760403531,0.3735810113519092,0.0952380952380952,0.0769230769230775,0,0.0,1.0,1,1,0.0958236658932714,0.4285714285714285,0.1724137931034483,0.0,0.184931506849315,0.5032258064516129,0.3169811320754717,0.306791569086651,0.0884146341463414,0.0979166666666666,0.0943445400052123,0.0819923371647509,0.0658241179568193,0.2593144560357675,0.6054216867469879
5,0,0.2222222222222001,0.2608851674641147,0.2142857142857142,0.4594078319006686,0.2745882193452179,0.2976040353089533,0.2414860681114551,0.3862433862433862,0.5088757396449708,2,0.0,0.0,2,1,0.2928074245939674,0.6190476190476191,0.0689655172413793,0.0120481927710843,0.7363013698630136,0.3677419354838709,0.0886792452830188,0.3641686182669789,0.2682926829268293,0.2944444444444444,0.2684388845452176,0.2532567049808429,0.3127962085308057,0.3651266766020865,0.0060240963855421
5,0,0.3333333333333144,0.3472488038277511,0.2142857142857142,0.6313276026743075,0.356876567477801,0.4155107187894073,0.3725490196078431,0.1534391534391534,0.4674556213017755,1,0.0,0.0,0,1,0.3679814385150812,0.1428571428571428,0.1034482758620689,0.1566265060240963,0.1198630136986301,0.2096774193548387,0.2773584905660377,0.5234192037470726,0.325076219512195,0.3694444444444444,0.3171748762053687,0.4160919540229884,0.3807266982622433,0.503725782414307,0.108433734939759
5,0,0.4444444444444286,0.3992224880382774,0.2142857142857142,0.7354345749761223,0.4041889785128447,0.5100882723833544,0.435500515995872,0.4215167548500881,0.4378698224852071,1,1.0,0.0,0,1,0.382830626450116,0.7142857142857142,0.5862068965517241,0.2018072289156626,0.5890410958904109,0.5096774193548387,0.5150943396226415,0.442622950819672,0.3871951219512194,0.3842592592592593,0.4240291894709408,0.4268199233716475,0.3981042654028436,0.6482861400894189,0.0
5,0,0.5555555555555429,0.5315191387559808,0.2142857142857142,1.0,0.5348064800379582,0.5081967213114755,0.7120743034055727,0.82010582010582,0.4378698224852071,1,1.0,0.0,0,1,0.5078886310904872,0.7142857142857142,0.4827586206896551,0.7349397590361445,0.7568493150684932,0.2903225806451612,0.330188679245283,0.6334894613583139,0.5045731707317073,0.5090277777777777,0.54782382069325,0.5199233716475096,0.5887309110057926,0.7019374068554397,0.6987951807228915
5,0,0.6666666666666572,0.1993421052631578,0.2142857142857142,0.3361986628462273,0.2121602385955398,0.3039092055485498,0.3622291021671827,0.0282186948853615,0.497041420118343,2,0.0,0.0,1,1,0.2046403712296983,0.1904761904761904,0.2758620689655172,0.0,0.0547945205479452,0.0,0.5,0.2540983606557377,0.180640243902439,0.2064814814814814,0.1931196247068022,0.250191570881226,0.305423907319642,0.2727272727272727,0.5451807228915663
5,0,0.7777777777777715,0.3968301435406698,0.2142857142857142,0.7306590257879657,0.3949027316478003,0.3297604035308953,0.628482972136223,0.3862433862433862,0.3786982248520711,1,1.0,0.0,0,1,0.4051044083526682,0.2857142857142857,1.0,0.1777108433734939,0.547945205479452,0.2161290322580645,0.1962264150943396,0.4121779859484777,0.3540396341463414,0.4064814814814814,0.3604378420641126,0.4149425287356321,0.4660347551342813,0.5991058122205665,0.6626506024096385
5,0,0.8888888888888857,0.082834928229665,0.2142857142857142,0.1041069723018147,0.0841184843760591,0.28562421185372,0.240454076367389,0.1234567901234567,0.2958579881656806,0,0.0,1.0,1,0,0.0763341067285382,0.8095238095238095,0.1379310344827586,0.0,0.2397260273972602,0.5516129032258065,0.4679245283018868,0.0398126463700234,0.0815548780487805,0.0773148148148148,0.1154547823820693,0.1264367816091954,0.0684570826750921,0.2056631892697467,0.3253012048192771
5,0,1.0,0.4776913875598085,0.2142857142857142,0.89207258834766,0.4981359723446077,0.4243379571248424,0.3426212590299278,0.6208112874779541,0.5562130177514799,1,1.0,0.0,0,1,0.4542923433874709,0.238095238095238,0.8275862068965517,0.4216867469879518,0.7260273972602739,0.6806451612903226,0.2735849056603773,0.3711943793911006,0.5007621951219512,0.4555555555555555,0.5014334115194162,0.5157088122605364,0.530279094260137,0.4187779433681073,0.1927710843373493
26,0,0.0,0.0391746411483253,0.1857142857142857,0.0305635148042024,0.0744933233918524,0.1469104665825977,0.1186790505675954,0.4567901234567901,0.9171597633136096,0,0.0,1.0,1,1,0.0858468677494199,0.0,0.2068965517241379,0.3403614457831325,0.4999999999999999,0.064516129032258,0.320754716981132,0.050351288056206,0.0362042682926829,0.0879629629629629,0.0914777169663799,0.0697318007662834,0.158504476040021,0.1907600596125186,0.0
26,0,0.1111111111111142,0.4790669856459328,0.1857142857142857,0.9312320916905444,0.4801735240290109,0.5554854981084489,0.4251805985552115,0.2892416225749559,0.4142011834319525,1,1.0,0.0,0,1,0.4563805104408353,0.0952380952380952,0.1034482758620689,0.0632530120481927,0.4897260273972603,0.4387096774193548,0.5849056603773585,0.509367681498829,0.4508384146341462,0.4576388888888889,0.4847537138389367,0.5160919540229885,0.4881516587677725,0.61698956780924,0.0331325301204819
26,0,0.2222222222222001,0.3090311004784688,0.1857142857142857,0.5835721107927412,0.3073951060801192,0.4697351828499369,0.3880288957688338,0.1393298059964726,0.3609467455621304,2,0.0,0.0,2,1,0.2867749419953596,1.0,0.1034482758620689,0.0,0.2705479452054794,0.6258064516129032,0.5660377358490566,0.2939110070257611,0.3384146341463413,0.2884259259259258,0.2757362522804274,0.3344827586206896,0.3580832016850974,0.5156482861400895,0.1295180722891566
26,0,0.3333333333333144,0.2586124401913875,0.1857142857142857,0.4794651384909264,0.2479495695790685,0.2503152585119798,0.2683178534571723,0.0,0.2485207100591715,2,0.0,0.0,2,1,0.2348027842227378,0.8571428571428572,0.0,0.0,0.0,0.0967741935483871,0.2735849056603773,0.2599531615925058,0.2755335365853658,0.236574074074074,0.2361219702892884,0.3015325670498084,0.2264349657714587,0.4068554396423249,0.0
26,0,0.4444444444444286,0.0263755980861243,0.1857142857142857,0.0047755491881566,0.029688876838609,0.0693568726355611,0.2012383900928792,0.4973544973544973,0.2899408284023668,0,0.0,1.0,1,1,0.0433874709976797,0.238095238095238,0.1379310344827586,0.3554216867469879,0.5616438356164383,0.0,0.0,0.1288056206088992,0.09375,0.0456018518518518,0.0435235861350013,0.01455938697318,0.0,0.3099850968703428,0.0
26,0,0.5555555555555429,0.4717703349282295,0.1857142857142857,0.9159503342884432,0.4714295397546261,0.3757881462799495,0.4716202270381837,0.3474426807760141,0.4023668639053257,1,1.0,0.0,0,1,0.4587006960556845,0.0,0.1034482758620689,0.0903614457831325,0.571917808219178,0.0,0.5037735849056604,0.3852459016393442,0.4969512195121951,0.4599537037037038,0.4654678133958823,0.4954022988505747,0.4186413902053713,0.6125186289120716,0.1777108433734939
26,0,0.6666666666666572,0.101255980861244,0.1857142857142857,0.157593123209169,0.1178743306446146,0.2055485498108449,0.0402476780185758,0.1975308641975308,0.550295857988166,0,0.0,1.0,1,1,0.139675174013921,0.2857142857142857,0.0,0.3373493975903613,0.0,0.1064516129032258,0.0679245283018867,0.3009367681498829,0.0887957317073171,0.1416666666666666,0.143862392494136,0.093103448275862,0.1627172195892574,0.0432190760059612,0.0692771084337349
26,0,0.7777777777777715,0.2822966507177032,0.1857142857142857,0.5281757402101241,0.3006168236968751,0.3467843631778058,0.4447884416924664,0.63668430335097,0.550295857988166,2,0.0,0.0,2,1,0.2747099767981438,0.5714285714285714,0.3103448275862069,0.5210843373493975,0.6438356164383562,0.4225806451612903,0.2339622641509434,0.3454332552693208,0.3296493902439024,0.2763888888888889,0.3197810789679437,0.2708812260536398,0.3433385992627699,0.4217585692995529,0.4849397590361445
26,0,0.8888888888888857,0.24688995215311,0.1857142857142857,0.4555873925501432,0.2527621500711718,0.3600252206809584,0.1929824561403508,0.3421516754850088,0.4201183431952664,2,0.0,0.0,2,1,0.2837587006960556,0.0952380952380952,0.1034482758620689,0.0,0.6643835616438355,0.0,0.5547169811320755,0.3243559718969555,0.2370426829268292,0.2854166666666666,0.2155329684649465,0.2773946360153256,0.2806740389678779,0.210134128166915,0.1777108433734939
26,0,1.0,0.1233851674641147,0.1857142857142857,0.2034383954154727,0.1350911678980545,0.1683480453972257,0.3075335397316822,0.2927689594356261,0.4733727810650885,0,0.0,0.0,1,1,0.131322505800464,0.8095238095238095,0.0689655172413793,0.0,0.5684931506849316,0.3677419354838709,0.0471698113207547,0.1498829039812646,0.1714939024390243,0.1333333333333333,0.1475110763617409,0.1283524904214559,0.1453396524486571,0.4634873323397914,0.0
17,0,0.0,0.155322966507177,0.2285714285714286,0.2387774594078319,0.1653900901511556,0.223203026481715,0.392156862745098,0.2433862433862433,0.4556213017751478,2,0.0,0.0,1,1,0.1742459396751739,0.2857142857142857,0.3103448275862069,0.1174698795180722,0.3390410958904109,0.1903225806451613,0.2226415094339622,0.2072599531615925,0.1772103658536585,0.1761574074074074,0.1769611675788376,0.1306513409961685,0.2127435492364402,0.4709388971684054,0.2319277108433734
17,0,0.1111111111111142,0.3168062200956937,0.2285714285714286,0.5577841451766954,0.3111909442147359,0.2894073139974779,0.3095975232198142,0.7389770723104055,0.3254437869822482,2,0.0,0.0,2,1,0.2960556844547564,1.0,0.0,0.5963855421686747,0.7568493150684932,0.0,0.3113207547169811,0.3442622950819672,0.3109756097560975,0.2976851851851851,0.344279384936148,0.2816091954022988,0.3385992627698789,0.4605067064083458,0.0120481927710843
17,0,0.2222222222222001,0.2732655502392344,0.2285714285714286,0.4718242597898758,0.2880770012878736,0.3562421185372005,0.2466460268317853,0.1128747795414462,0.5147928994082838,2,0.0,0.0,2,1,0.2610208816705336,0.2857142857142857,0.2413793103448275,0.1746987951807228,0.0205479452054794,0.4967741935483871,0.1113207547169811,0.4121779859484777,0.3193597560975608,0.2627314814814815,0.3064894448788116,0.239463601532567,0.3612427593470247,0.1847988077496274,0.3855421686746987
17,0,0.3333333333333144,0.2941985645933014,0.2285714285714286,0.5128939828080229,0.2845522944485866,0.4482976040353089,0.2053663570691434,0.1922398589065255,0.2721893491124261,2,0.0,0.0,2,1,0.285614849187935,0.8095238095238095,0.0344827586206896,0.0,0.3732876712328767,0.1935483870967742,0.4245283018867924,0.4988290398126463,0.290015243902439,0.2872685185185185,0.2600990357049778,0.3218390804597701,0.2991047919957873,0.315946348733234,0.0
17,0,0.4444444444444286,0.5343899521531099,0.2285714285714286,0.9866284622731616,0.5308072934318443,0.6071878940731401,0.4396284829721362,0.3985890652557319,0.3905325443786989,1,1.0,0.0,0,1,0.5589327146171694,0.4761904761904762,0.8620689655172413,0.2048192771084337,0.5410958904109588,0.6806451612903226,0.6245283018867924,0.4929742388758782,0.5423018292682925,0.5599537037037037,0.4904873599166015,0.5367816091954023,0.4823591363875724,0.5007451564828614,0.3102409638554216
17,0,0.5555555555555429,0.3132177033492822,0.2285714285714286,0.5501432664756447,0.3130210804582117,0.3631778058007566,0.326109391124871,0.3668430335097001,0.3727810650887582,2,0.0,0.0,2,1,0.3116009280742459,0.2857142857142857,0.1724137931034483,0.6265060240963854,0.0,0.6064516129032258,0.1811320754716981,0.3419203747072599,0.2972560975609756,0.3131944444444444,0.2890278863695595,0.3321839080459769,0.3786203264876251,0.3591654247391952,0.2650602409638554
17,0,0.6666666666666572,0.2830741626794257,0.2285714285714286,0.4909264565425024,0.2953975462617771,0.2730138713745271,0.2920536635706914,0.3809523809523809,0.4911242603550301,2,0.0,0.0,2,0,0.2635730858468676,0.4761904761904762,0.2413793103448275,0.0421686746987951,0.6917808219178082,0.3516129032258064,0.1679245283018867,0.275175644028103,0.3243140243902438,0.2594907407407407,0.325775345321866,0.2601532567049808,0.3512374934175882,0.315946348733234,0.253012048192771
17,0,0.7777777777777715,0.2436602870813396,0.2285714285714286,0.4135625596943648,0.2410357215481597,0.2616645649432534,0.1186790505675954,0.1604938271604938,0.3254437869822482,2,0.0,0.0,1,1,0.2243619489559164,0.8571428571428572,0.0,0.2740963855421686,0.0,0.0,0.1566037735849056,0.3887587822014051,0.2084603658536584,0.2261574074074074,0.2426374771957258,0.2816091954022988,0.3033175355450237,0.1907600596125186,0.0
17,0,0.8888888888888857,0.1662081339712918,0.2285714285714286,0.2607449856733524,0.1664746153324747,0.317780580075662,0.2755417956656347,0.6155202821869488,0.3313609467455629,2,0.0,0.0,1,1,0.1828306264501159,0.238095238095238,0.2413793103448275,0.5210843373493975,0.6027397260273972,0.4774193548387097,0.0641509433962264,0.3770491803278687,0.2088414634146341,0.1847222222222222,0.1626270523846755,0.1632183908045977,0.1421800947867298,0.2801788375558867,0.2771084337349397
17,0,1.0,0.2185406698564592,0.2285714285714286,0.3638968481375358,0.2470006100454144,0.1689785624211853,0.1785345717234262,0.5537918871252204,0.6745562130177518,2,0.0,0.0,1,1,0.242691415313225,0.238095238095238,0.0689655172413793,0.3554216867469879,0.6712328767123288,0.0,0.2169811320754716,0.1791569086651053,0.2419969512195121,0.2444444444444444,0.2593171748762053,0.2153256704980842,0.3191153238546603,0.1192250372578241,0.3192771084337349
27,0,0.0,0.4879186602870812,0.2857142857142856,0.828080229226361,0.4992882803497592,0.6015132408575032,0.3797729618163055,0.8447971781305114,0.4911242603550301,1,1.0,0.0,0,1,0.471461716937355,0.8571428571428572,0.8620689655172413,0.7379518072289156,0.8013698630136985,0.8709677419354839,0.3094339622641509,0.6088992974238876,0.4954268292682926,0.4726851851851852,0.5215011727912432,0.5452107279693486,0.4265402843601896,0.3040238450074515,0.5331325301204819
27,0,0.1111111111111142,0.1716507177033492,0.2857142857142856,0.2340019102196752,0.1670846607469666,0.223203026481715,0.3653250773993808,0.0,0.2662721893491122,0,0.0,0.0,1,1,0.1751740139211136,0.3333333333333333,0.1034482758620689,0.0,0.0,0.0,0.0,0.414519906323185,0.1661585365853658,0.1770833333333333,0.1428199113891061,0.1693486590038314,0.2548709847288046,0.3323397913561848,0.4337349397590361
27,0,0.2222222222222001,0.3044856459330143,0.2857142857142856,0.4832855778414517,0.3362028062089066,0.2938209331651955,0.3075335397316822,0.4038800705467372,0.6804733727810648,2,0.0,0.0,2,1,0.3389791183294663,0.8095238095238095,0.1034482758620689,0.1114457831325301,0.6575342465753424,0.0935483870967741,0.430188679245283,0.2447306791569086,0.3315548780487805,0.3405092592592592,0.3163930153765963,0.3302681992337165,0.39652448657188,0.436661698956781,0.0542168674698795
27,0,0.3333333333333144,0.4393540669856459,0.2857142857142856,0.7363896848137537,0.4279807496780314,0.4697351828499369,0.5944272445820433,0.2098765432098765,0.3136094674556222,1,1.0,0.0,0,1,0.4633410672853828,0.1428571428571428,0.0689655172413793,0.1596385542168674,0.2260273972602739,0.8387096774193548,0.1981132075471698,0.4449648711943794,0.3891006097560975,0.4645833333333333,0.4052645295804014,0.4727969348659004,0.3723012111637704,0.5573770491803279,0.6475903614457831
27,0,0.4444444444444286,0.3254784688995215,0.2857142857142856,0.5224450811843362,0.3183759235409745,0.4419924337957125,0.3436532507739938,0.1710758377425044,0.3136094674556222,2,0.0,0.0,2,1,0.3132250580046404,0.9047619047619048,0.2413793103448275,0.1927710843373493,0.1130136986301369,0.5935483870967742,0.2226415094339622,0.4672131147540982,0.2964939024390243,0.3148148148148149,0.3153505342715663,0.3536398467432949,0.334913112164297,0.5052160953800299,0.0210843373493975
27,0,0.5555555555555429,0.485346889952153,0.2857142857142856,0.8233046800382045,0.504643123432522,0.6078184110970997,0.3147574819401444,0.2698412698412698,0.550295857988166,1,1.0,0.0,0,1,0.5048723897911833,0.8095238095238095,0.8620689655172413,0.0,0.523972602739726,0.2709677419354839,0.6188679245283019,0.6463700234192037,0.523246951219512,0.5060185185185185,0.4633828511858223,0.5329501915708812,0.4881516587677725,0.3144560357675112,0.322289156626506
27,0,0.6666666666666572,0.423145933014354,0.2857142857142856,0.7058261700095512,0.419914593641971,0.4791929382093315,0.4850361197110422,0.1675485008818342,0.3727810650887582,1,1.0,0.0,0,1,0.3993039443155453,0.238095238095238,0.2413793103448275,0.2861445783132529,0.0,0.5548387096774193,0.1490566037735849,0.5960187353629977,0.3822408536585364,0.4006944444444444,0.3964034401876466,0.4900383141762452,0.4586624539231174,0.6020864381520119,0.2379518072289156
27,0,0.7777777777777715,0.1719497607655501,0.2857142857142856,0.2340019102196752,0.1695926252287669,0.3360655737704918,0.2569659442724458,0.255731922398589,0.2958579881656806,0,0.0,0.0,1,1,0.21415313225058,0.0476190476190476,0.0344827586206896,0.1867469879518072,0.2842465753424658,0.3451612903225806,0.1169811320754717,0.4262295081967213,0.1455792682926829,0.2159722222222222,0.1428199113891061,0.1938697318007662,0.1806213796735124,0.2578241430700447,0.2680722891566265
27,0,0.8888888888888857,0.4286483253588515,0.2857142857142856,0.7163323782234957,0.4549583135633429,0.4754098360655738,0.6222910216718266,0.1058201058201058,0.609467455621302,1,1.0,0.0,0,1,0.4605568445475637,0.1428571428571428,0.5172413793103449,0.0,0.2054794520547945,0.1451612903225806,0.4490566037735849,0.5515222482435598,0.432545731707317,0.4618055555555554,0.4623403700807922,0.4264367816091953,0.4765666140073723,0.5782414307004471,0.6867469879518072
27,0,1.0,0.3299043062200956,0.2857142857142856,0.5310410697230181,0.3292889581779976,0.2648171500630517,0.4086687306501548,0.4726631393298059,0.3727810650887582,2,0.0,0.0,2,1,0.3392111368909513,0.0,0.1034482758620689,0.2078313253012048,0.6815068493150684,0.0419354838709677,0.2075471698113207,0.347775175644028,0.3037347560975609,0.3407407407407408,0.3036226218399791,0.3268199233716474,0.4112690889942075,0.3576751117734724,0.5090361445783131
16,0,0.0,0.5245215311004784,0.3571428571428572,0.8175740210124165,0.532298515556158,0.5302648171500631,0.5799793601651186,0.6455026455026455,0.4674556213017755,1,1.0,0.0,0,1,0.5232018561484918,0.7619047619047619,0.4482758620689655,0.8222891566265059,0.3184931506849315,0.0,0.6490566037735849,0.5819672131147541,0.4858993902439024,0.5243055555555555,0.5379202501954652,0.5659003831417624,0.517114270668773,0.4560357675111774,0.8102409638554215
16,0,0.1111111111111142,0.2939593301435406,0.3571428571428572,0.4087870105062082,0.2901104860028468,0.2578814627994956,0.08875128998968,0.3156966490299823,0.3313609467455629,2,0.0,0.0,1,1,0.3090487238979118,0.1428571428571428,0.0689655172413793,0.0662650602409638,0.5376712328767123,0.0354838709677419,0.1471698113207547,0.3747072599531615,0.2759146341463414,0.3106481481481481,0.2679176439927027,0.3310344827586207,0.2801474460242232,0.1475409836065573,0.0
16,0,0.2222222222222001,0.3572368421052631,0.3571428571428572,0.5205348615090736,0.371178743306446,0.3902900378310214,0.3219814241486068,0.4162257495590828,0.5088757396449708,2,0.0,0.0,2,1,0.3693735498839907,0.4285714285714285,0.1724137931034483,0.358433734939759,0.4006849315068492,0.2935483870967741,0.5358490566037736,0.2857142857142857,0.338795731707317,0.3708333333333333,0.3734688558769873,0.3628352490421455,0.4291732490784624,0.3815201192250373,0.2078313253012048
16,0,0.3333333333333144,0.3747009569377989,0.3571428571428572,0.5520534861509073,0.3724666169592624,0.4136191677175284,0.4540763673890609,0.2892416225749559,0.3727810650887582,2,0.0,0.0,2,1,0.3902552204176335,0.0476190476190476,0.1034482758620689,0.4939759036144577,0.0,0.1387096774193548,0.5433962264150943,0.3805620608899297,0.3475609756097559,0.3916666666666667,0.3515767526713579,0.436015325670498,0.3233280674038967,0.5245901639344264,0.3042168674698794
16,0,0.4444444444444286,0.1345693779904305,0.3571428571428572,0.1260744985673352,0.1326509862400866,0.2812105926860025,0.411764705882353,0.3492063492063492,0.2840236686390538,0,0.0,1.0,1,1,0.116937354988399,0.8095238095238095,0.3103448275862069,0.3463855421686747,0.2842465753424658,0.1774193548387097,0.2264150943396226,0.3173302107728337,0.1977896341463414,0.1189814814814815,0.107375553818087,0.1950191570881225,0.1121642969984202,0.4694485842026826,0.2921686746987951
16,0,0.5555555555555429,0.3380980861244018,0.3571428571428572,0.487106017191977,0.3008201721683724,0.3493064312736443,0.4530443756449949,0.3033509700176366,0.0414201183431952,2,0.0,0.0,2,1,0.3146171693735499,0.0,0.2413793103448275,0.1054216867469879,0.4691780821917807,0.1032258064516129,0.2113207547169811,0.4800936768149883,0.2896341463414634,0.3162037037037037,0.3015376596299192,0.3157088122605364,0.2848867825171143,0.6259314456035768,0.0963855421686746
16,0,0.6666666666666572,0.199401913875598,0.3571428571428572,0.2406876790830945,0.1956212295804243,0.3190416141235813,0.2280701754385964,0.4955908289241622,0.2958579881656806,2,0.0,0.0,1,1,0.1879350348027842,0.4761904761904762,0.1724137931034483,0.6114457831325301,0.2671232876712328,0.1032258064516129,0.4849056603773584,0.2540983606557377,0.1909298780487804,0.1898148148148148,0.1975501694031795,0.2011494252873563,0.259083728278041,0.2071535022354694,0.2861445783132529
16,0,0.7777777777777715,0.0648325358851674,0.3571428571428572,0.0019102196752626,0.1069612960075916,0.2156368221941992,0.4313725490196078,0.3156966490299823,1.0,0,0.0,1.0,1,1,0.0754060324825986,0.5238095238095237,0.0,0.539156626506024,0.0,0.0709677419354838,0.3415094339622642,0.1627634660421545,0.1322408536585365,0.0775462962962963,0.107375553818087,0.128735632183908,0.1885202738283307,0.3904619970193741,0.5090361445783131
16,0,0.8888888888888857,0.2706339712918659,0.3571428571428572,0.3667621776504298,0.2619806141123838,0.5598991172761666,0.4912280701754386,0.2486772486772486,0.2721893491124261,2,0.0,0.0,1,1,0.2538283062645011,0.6666666666666667,0.1724137931034483,0.0,0.4828767123287671,0.7354838709677419,0.4452830188679245,0.496487119437939,0.3125,0.2555555555555555,0.2559291112848579,0.2724137931034482,0.2411795681937862,0.3904619970193741,0.683734939759036
16,0,1.0,0.3025119617224879,0.3571428571428572,0.4240687679083094,0.2940418897851283,0.2673392181588903,0.1341589267285861,0.0582010582010582,0.2899408284023668,2,0.0,0.0,1,1,0.291183294663573,0.0476190476190476,0.1724137931034483,0.0,0.1130136986301369,0.3161290322580645,0.2377358490566037,0.2341920374707259,0.3014481707317072,0.292824074074074,0.3380244983059681,0.2754789272030651,0.2506582411795682,0.1564828614008941,0.1144578313253011
23,0,0.0,0.4879186602870812,0.4285714285714286,0.6857688634192932,0.5015928963600622,0.4640605296343001,0.2476780185758514,0.4391534391534391,0.5088757396449708,1,1.0,0.0,0,1,0.5032482598607889,0.2857142857142857,0.8275862068965517,0.2349397590361445,0.5856164383561644,0.0,0.3924528301886792,0.6182669789227166,0.5201981707317073,0.5043981481481482,0.4607766484232474,0.4704980842911876,0.563454449710374,0.3397913561847988,0.0753012048192771
23,0,0.1111111111111142,0.2751196172248803,0.4285714285714286,0.3276026743075453,0.2886192638785331,0.3322824716267339,0.2848297213622291,0.1481481481481481,0.5029585798816569,2,0.0,0.0,1,1,0.288399071925754,0.4761904761904762,0.2068965517241379,0.0,0.2876712328767123,0.2516129032258064,0.5471698113207547,0.1861826697892271,0.2614329268292682,0.2900462962962963,0.2879854052645295,0.2927203065134099,0.3475513428120064,0.1624441132637854,0.5421686746987951
23,0,0.2222222222222001,0.1594497607655502,0.4285714285714286,0.1327602674307545,0.1531891818613163,0.0718789407313997,0.4303405572755418,0.5132275132275133,0.2366863905325447,0,0.0,1.0,1,1,0.1473317865429234,0.5238095238095237,0.3103448275862069,0.5451807228915663,0.3767123287671232,0.0,0.0,0.1334894613583138,0.1840701219512195,0.1493055555555555,0.1475110763617409,0.1291187739463601,0.2311743022643496,0.4098360655737705,0.466867469879518
23,0,0.3333333333333144,0.4807416267942582,0.4285714285714286,0.673352435530086,0.5122347997017554,0.4653215636822194,0.2497420020639834,0.6031746031746031,0.6390532544378704,1,1.0,0.0,0,1,0.5046403712296983,0.4285714285714285,0.2758620689655172,0.719879518072289,0.3527397260273973,0.3225806451612903,0.6113207547169811,0.3676814988290398,0.4809451219512194,0.505787037037037,0.5027365129007036,0.5448275862068965,0.5102685624012638,0.3800298062593145,0.0
23,0,0.4444444444444286,0.3861244019138755,0.4285714285714286,0.5138490926456543,0.4179488917508303,0.5901639344262296,0.6480908152734777,0.0458553791887125,0.6627218934911241,2,0.0,0.0,2,1,0.4097447795823665,0.0952380952380952,0.2068965517241379,0.0783132530120481,0.0,0.4161290322580645,0.539622641509434,0.6100702576112412,0.4176829268292682,0.4111111111111111,0.3953609590826166,0.4574712643678161,0.4175882043180622,0.6020864381520119,0.7138554216867469
23,0,0.5555555555555429,0.1266148325358851,0.4285714285714286,0.0783190066857688,0.1426828441672879,0.1122320302648171,0.3622291021671827,0.0,0.5384615384615392,0,0.0,1.0,1,1,0.1524361948955916,0.6666666666666667,0.1724137931034483,0.0,0.0,0.0,0.0490566037735849,0.1779859484777517,0.1451981707317073,0.1543981481481481,0.1146729215532968,0.1720306513409961,0.1990521327014218,0.2727272727272727,0.5451807228915663
23,0,0.6666666666666572,0.3354066985645932,0.4285714285714286,0.4288443170964661,0.3275943875821866,0.2711223203026481,0.1186790505675954,0.2028218694885361,0.3076923076923075,2,0.0,0.0,2,1,0.3477958236658933,0.0,0.1724137931034483,0.0,0.3938356164383561,0.2096774193548387,0.2358490566037736,0.2810304449648712,0.3208841463414633,0.3493055555555555,0.3434975241073756,0.314176245210728,0.2917324907846235,0.1907600596125186,0.0
23,0,0.7777777777777715,0.0992224880382775,0.4285714285714286,0.0315186246418337,0.0960482613705686,0.2786885245901639,0.0041279669762641,0.2574955908289241,0.2366863905325447,0,0.0,1.0,1,1,0.0900232018561484,0.7142857142857142,0.1034482758620689,0.1385542168674698,0.3424657534246575,0.5,0.0,0.3360655737704917,0.1192835365853658,0.0921296296296295,0.0969507427677873,0.1007662835249041,0.1479726171669299,0.0253353204172876,0.0
23,0,0.8888888888888857,0.0858253588516745,0.4285714285714286,0.0095510983763132,0.0911678980546329,0.3953341740226986,0.1929824561403508,0.3615520282186948,0.3668639053254434,0,0.0,1.0,1,1,0.0677494199535962,0.0476190476190476,0.3103448275862069,0.2740963855421686,0.3904109589041096,0.3193548387096774,0.4660377358490565,0.32903981264637,0.0952743902439024,0.0699074074074073,0.0964295022152723,0.1348659003831417,0.1479726171669299,0.2324888226527571,0.1325301204819277
23,0,1.0,0.2451555023923444,0.4285714285714286,0.2769818529130849,0.2594048668067511,0.2799495586380832,0.2270381836945304,0.1410934744268077,0.5147928994082838,2,0.0,0.0,1,1,0.2756380510440834,0.6190476190476191,0.2068965517241379,0.2409638554216867,0.0,0.1032258064516129,0.2018867924528301,0.3571428571428571,0.2038871951219512,0.2773148148148148,0.2559291112848579,0.285823754789272,0.3033175355450237,0.2414307004470939,0.2138554216867469
9,0,0.0,0.480322966507177,0.3285714285714285,0.7679083094555874,0.4769877313088861,0.371374527112232,0.6790505675954591,0.7989417989417988,0.3846153846153841,1,1.0,0.0,0,1,0.4651972157772621,0.6190476190476191,0.2068965517241379,0.7831325301204818,0.660958904109589,0.0709677419354838,0.2037735849056604,0.5374707259953162,0.4618902439024389,0.4664351851851851,0.5006515506906438,0.4770114942528735,0.44971037388099,0.6676602086438153,0.6716867469879517
9,0,0.1111111111111142,0.5166866028708134,0.3285714285714285,0.833810888252149,0.5474140852707923,0.3581336696090794,0.5521155830753354,0.5890652557319224,0.6272189349112427,1,1.0,0.0,0,1,0.5505800464037123,0.4761904761904762,0.5172413793103449,0.6957831325301205,0.3527397260273973,0.0,0.190566037735849,0.5468384074941451,0.495045731707317,0.5516203703703704,0.5327078446703153,0.5570881226053639,0.5824117956819379,0.7108792846497766,0.2138554216867469
9,0,0.2222222222222001,0.4688397129186602,0.3285714285714285,0.7468958930276981,0.4756998576560699,0.5781841109709962,0.3756449948400413,0.3350970017636684,0.4556213017751478,1,1.0,0.0,0,1,0.4535962877030162,0.9523809523809524,0.2413793103448275,0.2439759036144577,0.3732876712328767,0.5032258064516129,0.6735849056603774,0.4730679156908664,0.4996189024390243,0.454861111111111,0.4808444096950742,0.4237547892720306,0.5271195365982096,0.2921013412816692,0.5451807228915663
9,0,0.3333333333333144,0.203767942583732,0.3285714285714285,0.2664756446991404,0.2034162543211549,0.2616645649432534,0.2249742002063983,0.2134038800705467,0.3372781065088759,2,0.0,0.0,1,1,0.1828306264501159,0.0,0.2413793103448275,0.216867469879518,0.1678082191780822,0.0,0.1811320754716981,0.3735362997658079,0.2332317073170731,0.1847222222222222,0.2306489444878811,0.175095785440613,0.2417061611374407,0.1967213114754098,0.2981927710843373
9,0,0.4444444444444286,0.2278110047846889,0.3285714285714285,0.3094555873925501,0.2581169931539347,0.4583858764186633,0.2724458204334365,0.019400352733686,0.6923076923076925,2,0.0,0.0,1,1,0.2645011600928074,0.5714285714285714,0.2413793103448275,0.0,0.0376712328767123,0.6322580645161291,0.3679245283018867,0.3934426229508196,0.2846798780487805,0.2662037037037037,0.2530622882460255,0.2149425287356322,0.3101632438125329,0.1892697466467958,0.4518072289156626
9,0,0.5555555555555429,0.2060406698564592,0.3285714285714285,0.2702960840496656,0.1887073815495153,0.2440100882723833,0.2868937048503612,0.6807760141093474,0.1360946745562135,2,0.0,0.0,1,1,0.1809744779582366,1.0,0.0,0.4939759036144577,0.7602739726027397,0.0,0.2415094339622641,0.3032786885245901,0.1924542682926829,0.1828703703703703,0.1915559030492572,0.2034482758620689,0.2280147446024223,0.157973174366617,0.5572289156626505
9,0,0.6666666666666572,0.4887559808612439,0.3285714285714285,0.7831900668576887,0.4678370500915066,0.4155107187894073,0.478844169246646,0.1851851851851851,0.2544378698224854,1,1.0,0.0,0,1,0.4566125290023202,0.3333333333333333,0.5517241379310345,0.0512048192771084,0.3013698630136986,0.3806451612903226,0.2339622641509434,0.4882903981264636,0.4653201219512194,0.4578703703703703,0.4560854834506125,0.5306513409961686,0.4096893101632438,0.7108792846497766,0.0
9,0,0.7777777777777715,0.3156100478468899,0.3285714285714285,0.4689589302769819,0.3017691317020265,0.5731399747793191,0.4014447884416925,0.3932980599647266,0.2426035502958585,2,0.0,0.0,2,1,0.3081206496519721,0.238095238095238,0.0,0.6716867469879517,0.0,0.7580645161290323,0.6264150943396227,0.4004683840749414,0.283155487804878,0.3097222222222222,0.3127443315089914,0.3118773946360153,0.2985781990521327,0.5991058122205665,0.0
9,0,0.8888888888888857,0.3861244019138755,0.3285714285714285,0.5969436485195798,0.4045956754558394,0.4401008827238336,0.4922600619195046,0.4726631393298059,0.5443786982248522,2,0.0,0.0,2,1,0.3767981438515081,0.8571428571428572,0.2068965517241379,0.6867469879518072,0.136986301369863,0.0290322580645161,0.4754716981132075,0.5117096018735363,0.4096798780487805,0.3782407407407407,0.3666927286942923,0.4540229885057471,0.4623486045286994,0.4217585692995529,0.6234939759036143
9,0,1.0,0.1432416267942583,0.3285714285714285,0.1566380133715377,0.1582728936487493,0.2547288776796973,0.3323013415892673,0.2028218694885361,0.5207100591715985,0,0.0,1.0,1,1,0.1633410672853828,0.6666666666666667,0.1034482758620689,0.1234939759036144,0.2534246575342466,0.0,0.2056603773584905,0.3454332552693208,0.1764481707317073,0.1652777777777777,0.1853010164190774,0.1130268199233716,0.1906266456029489,0.3874813710879285,0.2259036144578313
6,0,0.0,0.6964114832535884,0.5,0.9579751671442216,0.7157188368467429,0.7168978562421185,0.6388028895768834,0.7583774250440917,0.5384615384615392,1,1.0,0.0,0,1,0.6788863109048724,0.5714285714285714,0.3448275862068966,0.680722891566265,0.6986301369863013,0.8064516129032258,0.3754716981132075,0.8056206088992974,0.6955030487804877,0.6796296296296296,0.7083659108678656,0.7344827586206897,0.7230121116377041,0.5007451564828614,0.891566265060241
6,0,0.1111111111111142,0.50316985645933,0.5,0.6494746895893028,0.523825662577103,0.4867591424968474,0.5933952528379772,0.3386243386243386,0.5562130177514799,1,0.0,0.0,0,1,0.525754060324826,0.2857142857142857,0.1379310344827586,0.2921686746987951,0.3253424657534246,0.5709677419354838,0.2188679245283018,0.5608899297423888,0.53125,0.5268518518518518,0.472765181131092,0.5597701149425287,0.5229067930489733,0.698956780923994,0.358433734939759
6,0,0.2222222222222001,0.6732655502392343,0.5,0.9207258834766,0.6678641632210397,0.5586380832282473,0.4468524251805986,0.7178130511463845,0.3964497041420118,1,1.0,0.0,0,1,0.6517401392111369,0.9047619047619048,0.9310344827586208,0.8162650602409638,0.4657534246575342,0.2709677419354839,0.5113207547169811,0.6217798594847775,0.6383384146341463,0.6525462962962963,0.6896012509773262,0.6279693486590039,0.6761453396524487,0.5081967213114755,0.3162650602409638
6,0,0.3333333333333144,0.26566985645933,0.5,0.2693409742120344,0.2966176370907611,0.2767969735182849,0.1331269349845201,0.6402116402116401,0.6863905325443787,2,0.0,0.0,1,1,0.2909512761020881,0.5714285714285714,0.1379310344827586,0.4939759036144577,0.6815068493150684,0.0,0.2943396226415094,0.3313817330210772,0.3155487804878047,0.2925925925925926,0.271826948136565,0.3053639846743294,0.3443917851500789,0.1311475409836066,0.1626506024096385
6,0,0.4444444444444286,0.1377392344497607,0.5,0.0659025787965615,0.1548159696332949,0.2559899117276166,0.1589267285861713,0.0970017636684303,0.550295857988166,0,0.0,1.0,1,1,0.1749419953596287,0.3809523809523809,0.2068965517241379,0.0662650602409638,0.1130136986301369,0.0,0.2320754716981132,0.3313817330210772,0.1874999999999999,0.1768518518518518,0.1469898358092259,0.1781609195402299,0.110057925223802,0.2488822652757079,0.0
6,0,0.5555555555555429,0.6682416267942581,0.5,0.9130850047755492,0.6484782756049615,0.7604035308953342,0.7017543859649122,0.5837742504409171,0.3136094674556222,1,1.0,0.0,0,1,0.6292343387470998,0.9047619047619048,0.9310344827586208,0.9006024096385541,0.1095890410958904,0.2290322580645161,0.8226415094339623,0.8185011709601874,0.6116615853658536,0.6300925925925926,0.6301798279906177,0.7298850574712643,0.5934702474986835,0.6527570789865872,0.7680722891566264
6,0,0.6666666666666572,0.4757177033492822,0.5,0.6055396370582617,0.4649901714905442,0.5245901639344263,0.5407636738906089,0.492063492063492,0.3254437869822482,2,0.0,0.0,2,1,0.4438515081206496,0.6666666666666667,0.3103448275862069,0.1566265060240963,0.7773972602739725,0.1741935483870967,0.5528301886792453,0.5679156908665106,0.4420731707317072,0.4451388888888888,0.4649465728433671,0.4636015325670498,0.5229067930489733,0.6423248882265277,0.3192771084337349
6,0,0.7777777777777715,0.6155502392344496,0.5,0.8290353390639924,0.6008269504507556,0.5529634300126104,0.4447884416924664,0.3403880070546737,0.3313609467455629,1,1.0,0.0,0,1,0.5835266821345707,0.6190476190476191,0.0344827586206896,0.358433734939759,0.2534246575342466,0.2290322580645161,0.5566037735849056,0.5983606557377049,0.6006097560975608,0.5844907407407407,0.6231430805316654,0.5892720306513408,0.5497630331753556,0.5722801788375559,0.180722891566265
6,0,0.8888888888888857,0.3293660287081339,0.5,0.3715377268385864,0.3241374635667321,0.3398486759142496,0.4416924664602683,0.3245149911816578,0.3313609467455629,2,0.0,0.0,1,1,0.32830626450116,0.6666666666666667,0.2068965517241379,0.2379518072289156,0.3595890410958904,0.0161290322580645,0.160377358490566,0.5257611241217799,0.3262195121951219,0.3298611111111111,0.2955433932759969,0.346743295019157,0.353870458135861,0.4247391952309985,0.4698795180722891
6,0,1.0,0.2544856459330142,0.5,0.2521489971346705,0.2470683928692469,0.2276166456494325,0.1135190918472652,0.689594356261023,0.2781065088757399,2,0.0,0.0,1,1,0.2496519721577726,0.5714285714285714,0.0,0.5271084337349397,0.7397260273972602,0.0,0.3056603773584905,0.2330210772833723,0.211890243902439,0.2513888888888889,0.2322126661454261,0.2992337164750958,0.2848867825171143,0.1833084947839046,0.0
25,0,0.0,0.2915071770334928,0.4571428571428571,0.3371537726838586,0.2857046024537382,0.1941992433795712,0.5098039215686274,0.255731922398589,0.3136094674556222,2,0.0,0.0,1,1,0.308584686774942,0.5238095238095237,0.2413793103448275,0.3403614457831325,0.1095890410958904,0.0,0.1735849056603773,0.252927400468384,0.2892530487804878,0.3101851851851852,0.2770393536617149,0.2547892720306513,0.3149025803054239,0.4172876304023845,0.683734939759036
25,0,0.1111111111111142,0.3732655502392343,0.4571428571428571,0.4718242597898758,0.3705009150681216,0.4010088272383354,0.5531475748194014,0.6225749559082892,0.3668639053254434,2,0.0,0.0,2,1,0.3772621809744779,0.0476190476190476,0.3103448275862069,0.3704819277108434,0.7876712328767123,0.6451612903225806,0.2830188679245283,0.3348946135831381,0.3487042682926828,0.3787037037037036,0.3930153765962992,0.389655172413793,0.315955766192733,0.5305514157973175,0.5813253012048192
25,0,0.2222222222222001,0.5936004784688994,0.4571428571428571,0.8347659980897804,0.6233986307869585,0.3669609079445144,0.7812177502579979,0.7989417989417988,0.609467455621302,1,1.0,0.0,0,1,0.6132250580046403,0.8571428571428572,0.8275862068965517,0.6355421686746988,0.8287671232876712,0.0225806451612903,0.2566037735849056,0.5140515222482436,0.6322408536585366,0.6141203703703704,0.5994266353922335,0.6241379310344828,0.6140073723012112,0.7928464977645306,0.716867469879518
25,0,0.3333333333333144,0.4917464114832535,0.4571428571428571,0.6666666666666666,0.4997627601165864,0.4873896595208071,0.3312693498452012,0.3580246913580246,0.4674556213017755,1,0.0,0.0,0,1,0.5250580046403712,0.6666666666666667,0.0689655172413793,0.1054216867469879,0.5753424657534246,0.3193548387096774,0.260377358490566,0.6276346604215457,0.490091463414634,0.5261574074074074,0.4704195986447745,0.5007662835249043,0.4802527646129542,0.3502235469448584,0.2981927710843373
25,0,0.4444444444444286,0.3413277511961722,0.4571428571428571,0.4192932187201528,0.319663797193791,0.3354350567465321,0.1909184726522187,0.1340388007054673,0.1834319526627226,2,0.0,0.0,1,1,0.3197215777262181,1.0,0.3103448275862069,0.2289156626506023,0.0,0.3258064516129032,0.3641509433962264,0.2786885245901639,0.2999237804878047,0.3212962962962963,0.3119624706802189,0.371264367816092,0.3080568720379147,0.2950819672131148,0.0
25,0,0.5555555555555429,0.2162081339712917,0.4571428571428571,0.212989493791786,0.2132447637768589,0.2610340479192938,0.0598555211558307,0.3315696649029982,0.3136094674556222,0,0.0,0.0,1,1,0.2074245939675174,0.3809523809523809,0.0,0.1234939759036144,0.5034246575342465,0.1612903225806451,0.4169811320754717,0.167447306791569,0.260670731707317,0.2092592592592592,0.2035444357571018,0.2486590038314176,0.1779884149552396,0.1013412816691505,0.0090361445783132
25,0,0.6666666666666572,0.6391148325358851,0.4571428571428571,0.909264565425024,0.6278722971598996,0.5756620428751578,0.6140350877192982,0.693121693121693,0.3609467455621304,1,1.0,0.0,0,1,0.6076566125290024,0.9523809523809524,0.4137931034482758,0.753012048192771,0.4897260273972603,0.0225806451612903,0.569811320754717,0.7072599531615925,0.6116615853658536,0.6085648148148148,0.6114151681000782,0.6758620689655173,0.5945234333859928,0.7690014903129658,0.2771084337349397
25,0,0.7777777777777715,0.3517344497607655,0.4571428571428571,0.4364851957975167,0.3637904155087099,0.2112232030264817,0.218782249742002,0.146384479717813,0.4911242603550301,2,0.0,0.0,2,1,0.388399071925754,0.9047619047619048,0.0344827586206896,0.25,0.0,0.0,0.190566037735849,0.2740046838407494,0.3372713414634146,0.3898148148148148,0.3539223351576753,0.3831417624521072,0.3422854133754608,0.3353204172876304,0.0
25,0,0.8888888888888857,0.1633373205741626,0.4571428571428571,0.1260744985673352,0.1771165186741679,0.3146279949558638,0.0598555211558307,0.3597883597883597,0.5029585798816569,0,0.0,1.0,1,1,0.196983758700696,0.7142857142857142,0.2068965517241379,0.1777108433734939,0.4965753424657534,0.0,0.2396226415094339,0.4355971896955503,0.1966463414634146,0.1988425925925926,0.1660151159760229,0.2183908045977011,0.1269088994207477,0.1058122205663189,0.0
25,0,1.0,0.6014354066985645,0.4571428571428571,0.8471824259789875,0.5962177184301497,0.6185372005044136,0.5314757481940143,0.492063492063492,0.3905325443786989,1,1.0,0.0,0,1,0.5872389791183295,0.4285714285714285,0.5172413793103449,0.2801204819277108,0.636986301369863,0.6516129032258065,0.5754716981132075,0.5550351288056207,0.6025152439024389,0.5881944444444445,0.5600729736773521,0.6651340996168582,0.5260663507109006,0.4098360655737705,0.7620481927710843
10,0,0.0,0.5192583732057415,0.5285714285714285,0.6513849092645654,0.5272825865925573,0.4369482976040353,0.6470588235294117,0.2945326278659612,0.4674556213017755,1,0.0,0.0,0,1,0.5192575406032482,0.7619047619047619,0.2758620689655172,0.2228915662650602,0.3184931506849315,0.1741935483870967,0.3849056603773584,0.509367681498829,0.5403963414634145,0.5203703703703704,0.5483450612457649,0.4770114942528735,0.5129015271195366,0.5782414307004471,0.7590361445783131
10,0,0.1111111111111142,0.4700358851674641,0.5285714285714285,0.5740210124164279,0.4843760591066223,0.5170239596469105,0.326109391124871,0.4656084656084656,0.5147928994082838,2,0.0,0.0,2,1,0.4816705336426914,0.3809523809523809,0.2413793103448275,0.6746987951807227,0.136986301369863,0.7419354838709677,0.1716981132075471,0.5843091334894613,0.5179115853658536,0.4828703703703704,0.4618191295282773,0.4298850574712643,0.5355450236966824,0.4903129657228018,0.0
10,0,0.2222222222222001,0.4113038277511961,0.5285714285714285,0.4823304680038204,0.4228292550667659,0.4186633039092055,0.4509803921568627,0.0388007054673721,0.4911242603550301,2,0.0,0.0,2,1,0.4359628770301624,0.0952380952380952,0.2068965517241379,0.0,0.0753424657534246,0.0,0.4490566037735849,0.4988290398126463,0.4127286585365852,0.4372685185185185,0.4386239249413605,0.4390804597701149,0.3407056345444971,0.5469448584202683,0.25
10,0,0.3333333333333144,0.5109449760765549,0.5285714285714285,0.6380133715377269,0.5218599606859621,0.5378310214375789,0.7543859649122807,0.4074074074074074,0.4852071005917162,1,0.0,0.0,0,1,0.5308584686774942,0.0,0.3103448275862069,0.5692771084337348,0.1438356164383561,0.0129032258064516,0.7056603773584905,0.5562060889929743,0.4679878048780487,0.5319444444444444,0.5384414907479803,0.4835249042145593,0.5555555555555557,0.7272727272727273,0.7710843373493975
10,0,0.4444444444444286,0.1073564593301434,0.5285714285714285,0.0066857688634192,0.1152985833389818,0.126733921815889,0.2043343653250774,0.0634920634920634,0.4142011834319525,0,0.0,1.0,1,1,0.1433874709976797,0.9523809523809524,0.2068965517241379,0.0,0.1232876712328767,0.0870967741935483,0.0358490566037735,0.1814988290398126,0.0846036585365853,0.1453703703703703,0.1032056293979671,0.1452107279693486,0.1506055818852027,0.0312965722801788,0.5722891566265059
10,0,0.5555555555555429,0.3108851674641147,0.5285714285714285,0.3247373447946514,0.3123432522198873,0.2982345523329129,0.1578947368421052,0.074074074074074,0.3905325443786989,2,0.0,0.0,1,1,0.3294663573085846,0.238095238095238,0.3103448275862069,0.0,0.1438356164383561,0.0,0.2660377358490566,0.3887587822014051,0.3586128048780487,0.3310185185185185,0.2838154808444096,0.2888888888888888,0.3180621379673513,0.2473919523099851,0.0
10,0,0.6666666666666572,0.1151913875598085,0.5285714285714285,0.0181470869149951,0.1340066427167354,0.3852459016393442,0.2198142414860681,0.2768959435626102,0.5798816568047345,0,0.0,1.0,1,1,0.1517401392111369,0.6190476190476191,0.1724137931034483,0.4728915662650602,0.0,0.6483870967741936,0.2792452830188679,0.306791569086651,0.0846036585365853,0.1537037037037037,0.1529841021631482,0.1590038314176245,0.1574512901527119,0.3368107302533532,0.0
10,0,0.7777777777777715,0.6455143540669854,0.5285714285714285,0.8490926456542502,0.6352606249576356,0.5762925598991173,0.6160990712074303,0.2345679012345679,0.3668639053254434,1,1.0,0.0,0,1,0.6164733178654292,0.1428571428571428,0.9310344827586208,0.3132530120481927,0.0993150684931506,0.3967741935483871,0.6830188679245284,0.5023419203747073,0.6025152439024389,0.6173611111111111,0.6580661975501694,0.6007662835249041,0.6535018430753028,0.5752608047690015,0.6746987951807227
10,0,0.8888888888888857,0.1760765550239234,0.5285714285714285,0.1136580706781279,0.1823357961092659,0.2402269861286254,0.4189886480908152,0.3068783068783068,0.4082840236686396,0,0.0,1.0,1,1,0.1895591647331786,0.1428571428571428,0.0344827586206896,0.039156626506024,0.5513698630136986,0.0,0.0962264150943396,0.3864168618266979,0.243140243902439,0.1914351851851851,0.1675788376335679,0.1881226053639846,0.158504476040021,0.4008941877794337,0.4518072289156626
10,0,1.0,0.5157894736842105,0.5285714285714285,0.6456542502387774,0.5148783298312207,0.5529634300126104,0.5830753353973167,0.6860670194003526,0.4082840236686396,1,0.0,0.0,0,1,0.4812064965197216,0.4761904761904762,0.2068965517241379,0.6957831325301205,0.5410958904109588,0.7451612903225807,0.3396226415094339,0.5456674473067916,0.5064786585365854,0.4824074074074074,0.5149856658848059,0.5448275862068965,0.5239599789362823,0.6423248882265277,0.4427710843373493
24,0,0.0,0.1893540669856458,0.5714285714285714,0.1155682903533906,0.2032806886734901,0.2383354350567465,0.3508771929824561,0.1816578483245149,0.5088757396449708,0,0.0,1.0,1,1,0.213921113689095,0.4761904761904762,0.0689655172413793,0.3012048192771084,0.0102739726027397,0.0,0.2264150943396226,0.3021077283372365,0.1802591463414634,0.2157407407407407,0.2087568412822517,0.1934865900383142,0.2622432859399685,0.3591654247391952,0.3373493975903613
24,0,0.1111111111111142,0.734090909090909,0.5714285714285714,0.9446036294173832,0.7333423710431775,0.5542244640605297,0.6501547987616099,0.7848324514991181,0.4319526627218941,1,1.0,0.0,0,1,0.7127610208816706,0.1904761904761904,0.5862068965517241,0.7740963855421685,0.6438356164383562,0.2806451612903226,0.4415094339622641,0.6533957845433255,0.7179878048780487,0.713425925925926,0.7208756841282252,0.6977011494252874,0.7772511848341233,0.5245901639344264,0.8765060240963854
24,0,0.2222222222222001,0.4589712918660287,0.5714285714285714,0.5262655205348615,0.4596353284077814,0.4419924337957125,0.2002063983488131,0.492063492063492,0.4082840236686396,2,0.0,0.0,2,1,0.4598607888631091,0.5714285714285714,0.1724137931034483,0.5512048192771084,0.3287671232876712,0.5,0.3471698113207547,0.4238875878220139,0.4668445121951219,0.4611111111111111,0.4623403700807922,0.4471264367816092,0.4386519220642444,0.30849478390462,0.0
24,0,0.3333333333333144,0.180980861244019,0.5714285714285714,0.1031518624641833,0.1842337151765742,0.3366960907944514,0.2910216718266254,0.2874779541446208,0.3727810650887582,0,0.0,1.0,1,1,0.176798143851508,0.2857142857142857,0.0344827586206896,0.4909638554216867,0.0,0.3774193548387096,0.1320754716981132,0.4063231850117095,0.1901676829268292,0.1787037037037036,0.1907740422204847,0.1908045977011494,0.2248551869404949,0.1147540983606557,0.6566265060240963
24,0,0.4444444444444286,0.2982057416267941,0.5714285714285714,0.2817574021012416,0.3158001762353418,0.2938209331651955,0.2920536635706914,0.2098765432098765,0.5443786982248522,2,0.0,0.0,1,1,0.3180974477958237,0.7142857142857142,0.2758620689655172,0.036144578313253,0.3664383561643835,0.0,0.3471698113207547,0.3302107728337236,0.3128810975609756,0.319675925925926,0.312483711232734,0.3727969348659003,0.2606635071090047,0.3427719821162444,0.1987951807228915
24,0,0.5555555555555429,0.1323564593301435,0.5714285714285714,0.0296084049665711,0.1400393140378228,0.39281210592686,0.2714138286893705,0.1975308641975308,0.4201183431952664,0,0.0,1.0,1,1,0.1113689095127609,0.6190476190476191,0.2068965517241379,0.0903614457831325,0.2808219178082191,0.635483870967742,0.2396226415094339,0.3501170960187353,0.1509146341463414,0.1134259259259259,0.128485796194944,0.1666666666666666,0.2432859399684044,0.4113263785394933,0.0
24,0,0.6666666666666572,0.4956937799043061,0.5714285714285714,0.5816618911174785,0.5150138954788855,0.5416141235813368,0.4055727554179567,0.8289241622574955,0.550295857988166,2,0.0,0.0,2,1,0.480046403712297,0.4761904761904762,0.1724137931034483,0.7680722891566264,0.7363013698630136,0.6258064516129032,0.5943396226415094,0.4098360655737705,0.5301067073170731,0.48125,0.5248892363825906,0.4915708812260536,0.5481832543443919,0.4172876304023845,0.3795180722891565
24,0,0.7777777777777715,0.547846889952153,0.5714285714285714,0.6609360076408787,0.57012133125466,0.5510718789407314,0.6212590299277605,0.7530864197530864,0.5680473372781067,1,0.0,0.0,0,1,0.5633410672853828,1.0,0.1379310344827586,0.6957831325301205,0.6712328767123288,0.4451612903225806,0.2358490566037736,0.7154566744730679,0.566310975609756,0.5643518518518518,0.564242898097472,0.5854406130268199,0.5286993154291734,0.6661698956780925,0.5060240963855421
24,0,0.8888888888888857,0.6416866028708132,0.5714285714285714,0.8042024832855779,0.6572222598793465,0.4754098360655738,0.6656346749226005,0.2098765432098765,0.5207100591715985,1,1.0,0.0,0,1,0.6106728538283063,0.238095238095238,0.9310344827586208,0.0271084337349397,0.3767123287671232,0.0225806451612903,0.3264150943396226,0.6721311475409836,0.6749237804878048,0.6115740740740742,0.6273130049517852,0.6946360153256703,0.6703528172722486,0.6408345752608048,0.6867469879518072
24,0,1.0,0.2168062200956937,0.5714285714285714,0.157593123209169,0.2287670304344878,0.4161412358133669,0.1228070175438596,0.0,0.4852071005917162,0,0.0,1.0,1,1,0.2245939675174013,0.7142857142857142,0.2413793103448275,0.0,0.0,0.0967741935483871,0.5283018867924528,0.4098360655737705,0.2187499999999999,0.2263888888888888,0.2056293979671618,0.2624521072796935,0.2943654555028963,0.1967213114754098,0.0
8,0,0.0,0.6161483253588516,0.7857142857142856,0.603629417382999,0.6351928421338032,0.7370744010088273,0.6532507739938079,0.9894179894179894,0.5384615384615392,2,0.0,0.0,2,1,0.639907192575406,0.9047619047619048,0.0,0.8674698795180722,0.934931506849315,0.8096774193548387,0.7566037735849056,0.6053864168618267,0.6261432926829267,0.6407407407407407,0.5983841542872036,0.6758620689655173,0.5845181674565562,0.6572280178837556,0.6174698795180722
8,0,0.1111111111111142,0.3462320574162679,0.7857142857142856,0.2445081184336198,0.3520639869856977,0.4199243379571248,0.4200206398348813,0.4832451499118165,0.4378698224852071,2,0.0,0.0,1,1,0.3382830626450116,0.8095238095238095,0.1379310344827586,0.5150602409638554,0.3527397260273973,0.0870967741935483,0.5226415094339623,0.4238875878220139,0.3685213414634145,0.3398148148148148,0.346364347146208,0.3770114942528735,0.3454449710373881,0.2757078986587183,0.7078313253012047
8,0,0.2222222222222001,0.7149521531100478,0.7857142857142856,0.7354345749761223,0.7024334033755846,0.6475409836065574,0.6429308565531475,0.4356261022927689,0.3668639053254434,1,1.0,0.0,0,1,0.7081206496519722,0.1904761904761904,0.8275862068965517,0.3975903614457831,0.3938356164383561,0.4225806451612903,0.5471698113207547,0.7096018735362998,0.7073170731707316,0.7087962962962964,0.6729215532968464,0.7172413793103447,0.6324381253291207,0.518628912071535,0.8674698795180722
8,0,0.3333333333333144,0.6589114832535884,0.7857142857142856,0.6599808978032473,0.6722700467701483,0.6841109709962169,0.4489164086687306,0.691358024691358,0.5088757396449708,1,0.0,0.0,0,1,0.6763341067285382,0.1904761904761904,0.2413793103448275,0.36144578313253,0.9315068493150684,0.6129032258064516,0.7150943396226415,0.6042154566744731,0.7012195121951219,0.6770833333333333,0.675267135783164,0.6260536398467433,0.5992627698788836,0.5484351713859911,0.2409638554216867
8,0,0.4444444444444286,0.185944976076555,0.7857142857142856,0.0315186246418337,0.1742696400732054,0.2446406052963429,0.3777089783281734,0.0035273368606701,0.1893491124260355,0,0.0,1.0,1,1,0.1607888631090487,0.8571428571428572,0.1379310344827586,0.0,0.0068493150684931,0.0,0.1132075471698113,0.3840749414519905,0.2038871951219512,0.1627314814814814,0.1886890800104248,0.1988505747126436,0.1579778830963664,0.3695976154992549,0.394578313253012
8,0,0.5555555555555429,0.3961124401913874,0.7857142857142856,0.3104106972301814,0.3955805598861247,0.5081967213114755,0.3797729618163055,0.8024691358024691,0.3905325443786989,2,0.0,0.0,1,1,0.3786542923433874,0.6666666666666667,0.2068965517241379,0.753012048192771,0.7020547945205479,0.3096774193548386,0.4283018867924528,0.5655737704918032,0.3955792682926828,0.3800925925925925,0.4214229867083658,0.4157088122605364,0.3496577145866245,0.4500745156482861,0.2379518072289156
8,0,0.6666666666666572,0.2568779904306218,0.7857142857142856,0.1251193887297039,0.2722836033349148,0.2912988650693568,0.196078431372549,0.4938271604938271,0.5266272189349115,0,0.0,1.0,1,1,0.2554524361948955,0.4761904761904762,0.1724137931034483,0.5843373493975903,0.2945205479452054,0.1709677419354838,0.1169811320754717,0.4063231850117095,0.3132621951219512,0.2571759259259258,0.2421162366432108,0.2839080459770114,0.3285939968404423,0.1222056631892697,0.3644578313253011
8,0,0.7777777777777715,0.5665071770334927,0.7857142857142856,0.5377268385864374,0.5801531891818612,0.4331651954602774,0.6078431372549019,0.873015873015873,0.5088757396449708,2,0.0,0.0,2,1,0.5480278422273782,0.3809523809523809,0.2758620689655172,0.7740963855421685,0.8150684931506849,0.0709677419354838,0.2735849056603773,0.6088992974238876,0.5640243902439024,0.5490740740740742,0.5903049257232212,0.6241379310344828,0.5387045813586098,0.7496274217585693,0.2981927710843373
8,0,0.8888888888888857,0.5205741626794258,0.7857142857142856,0.4765998089780324,0.5066766081474953,0.5403530895334174,0.6140350877192982,0.4708994708994709,0.3136094674556222,2,0.0,0.0,2,1,0.4918793503480277,1.0,0.1379310344827586,0.039156626506024,0.8698630136986301,0.3612903225806451,0.6075471698113207,0.4953161592505854,0.4615091463414633,0.4930555555555554,0.5147250456085484,0.5528735632183908,0.487625065824118,0.6289120715350225,0.5602409638554217
8,0,1.0,0.3404904306220095,0.7857142857142856,0.2368672397325692,0.3572154815969632,0.4224464060529634,0.4024767801857585,0.146384479717813,0.5325443786982245,0,0.0,0.0,1,1,0.3603248259860788,0.3333333333333333,0.1724137931034483,0.2409638554216867,0.0102739726027397,0.0838709677419354,0.3811320754716981,0.5175644028103045,0.3330792682926828,0.3618055555555555,0.3719051342194422,0.3252873563218391,0.4038967877830437,0.5216095380029807,0.1596385542168674
18,0,0.0,0.4272727272727272,1.0,0.2550143266475644,0.4392326984342166,0.4186633039092055,0.5614035087719298,0.4991181657848324,0.4911242603550301,2,0.0,0.0,1,1,0.4338747099767981,0.7142857142857142,0.2068965517241379,0.5783132530120481,0.3116438356164383,0.1935483870967742,0.2339622641509434,0.5620608899297425,0.4599847560975608,0.4351851851851851,0.4612978889757623,0.4203065134099616,0.3875724065297525,0.5499254843517138,0.5662650602409638
18,0,0.1111111111111142,0.2761961722488038,1.0,0.0754536771728748,0.3134277774012064,0.4293820933165195,0.4726522187822498,0.7160493827160493,0.7455621301775155,0,0.0,1.0,1,1,0.2837587006960556,0.1428571428571428,0.2413793103448275,0.536144578313253,0.7808219178082192,0.4161290322580645,0.1962264150943396,0.5245901639344263,0.3281249999999999,0.2854166666666666,0.3062288246025541,0.3321839080459769,0.3675618746708794,0.511177347242921,0.3855421686746987
18,0,0.2222222222222001,0.5538277511961721,1.0,0.4040114613180515,0.597031112316139,0.5838587641866331,0.3168214654282766,0.3227513227513227,0.7041420118343193,2,0.0,0.0,1,1,0.5800464037122969,0.9523809523809524,0.2413793103448275,0.144578313253012,0.4623287671232876,0.4709677419354838,0.5188679245283019,0.5913348946135831,0.5998475609756097,0.5810185185185185,0.5762314308053167,0.5973180076628353,0.6129541864139022,0.3859910581222057,0.1837349397590361
18,0,0.3333333333333144,0.2655502392344496,1.0,0.0630372492836676,0.2787229715989967,0.3934426229508196,0.3446852425180599,0.2874779541446208,0.5029585798816569,0,0.0,1.0,1,1,0.2619489559164732,0.7619047619047619,0.2413793103448275,0.0,0.5582191780821918,0.2612903225806451,0.530188679245283,0.306791569086651,0.2465701219512195,0.2636574074074074,0.287203544435757,0.2923371647509578,0.3533438651922065,0.3964232488822653,0.2439759036144577
18,0,0.4444444444444286,0.7610645933014353,1.0,0.6494746895893028,0.7597098895139971,0.7887767969735182,0.8132094943240453,0.5520282186948854,0.4319526627218941,1,0.0,0.0,0,1,0.7837587006960557,0.7142857142857142,0.0,0.7048192771084336,0.2705479452054794,0.9096774193548388,0.6924528301886793,0.7049180327868853,0.7099847560975608,0.7842592592592592,0.7654417513682564,0.728352490421456,0.6998420221169037,0.8584202682563339,0.6777108433734939
18,0,0.5555555555555429,0.5852870813397129,1.0,0.4412607449856733,0.594726496305836,0.6380832282471627,0.4798761609907121,0.5379188712522045,0.4792899408284023,2,0.0,0.0,2,1,0.5798143851508121,0.4761904761904762,0.1034482758620689,0.6084337349397589,0.3527397260273973,0.1612903225806451,0.590566037735849,0.7599531615925058,0.5567835365853657,0.580787037037037,0.5908261662757363,0.5977011494252873,0.6250658241179569,0.7064083457526081,0.0120481927710843
18,0,0.6666666666666572,0.9571770334928228,1.0,0.8815663801337155,0.963261709482817,0.7944514501891551,0.7657378740970072,0.5537918871252204,0.4733727810650885,1,1.0,0.0,0,1,0.9290023201856148,0.4285714285714285,0.896551724137931,0.4397590361445782,0.5753424657534246,0.5516129032258065,0.7849056603773585,0.7880562060889931,0.970655487804878,0.9291666666666668,0.949700286682304,0.9521072796934864,0.9115323854660348,0.7242921013412817,0.8102409638554215
18,0,0.7777777777777715,0.3074162679425837,1.0,0.1127029608404966,0.3190537517792989,0.2912988650693568,0.3632610939112487,0.4532627865961199,0.4852071005917162,0,0.0,1.0,1,1,0.2953596287703016,0.5238095238095237,0.2413793103448275,0.3132530120481927,0.523972602739726,0.0,0.0962264150943396,0.4812646370023419,0.3483231707317072,0.2969907407407407,0.3197810789679437,0.3195402298850575,0.3470247498683517,0.5439642324888228,0.0
18,0,0.8888888888888857,0.6292464114832536,1.0,0.4937917860553963,0.6321426150613434,0.5170239596469105,0.7801857585139319,0.6225749559082892,0.443786982248521,2,0.0,0.0,2,1,0.6589327146171693,0.5714285714285714,0.3103448275862069,0.4909638554216867,0.6506849315068493,0.8741935483870968,0.2924528301886792,0.4613583138173302,0.583841463414634,0.6597222222222222,0.6361740943445401,0.6482758620689655,0.5376513954713007,0.7913561847988079,0.716867469879518
18,0,1.0,0.4987440191387559,1.0,0.3390639923591212,0.4975259269301157,0.5037831021437579,0.3446852425180599,0.2574955908289241,0.4023668639053257,2,0.0,0.0,1,1,0.516937354988399,0.0952380952380952,0.0,0.0,0.4999999999999999,0.6064516129032258,0.2320754716981132,0.5714285714285714,0.4714176829268292,0.5180555555555555,0.4972634870992963,0.4674329501915709,0.4986835176408636,0.4783904619970194,0.0783132530120481
2,0,0.0,0.4496411483253587,0.9285714285714286,0.3123209169054441,0.427912966854199,0.3726355611601513,0.6088751289989679,0.0,0.2366863905325447,2,0.0,0.0,1,1,0.4649651972157772,0.0476190476190476,0.1724137931034483,0.0,0.0,0.1709677419354838,0.1773584905660377,0.5199063231850117,0.4016768292682926,0.4662037037037037,0.4120406567630962,0.4118773946360153,0.4207477619799895,0.6646795827123697,0.4728915662650602
2,0,0.1111111111111142,0.8757775119617223,0.9285714285714286,0.8357211079274116,0.8697214125940486,0.882093316519546,0.7977296181630547,0.2416225749559082,0.4142011834319525,1,1.0,0.0,0,1,0.8990719257540601,0.4761904761904762,0.8275862068965517,0.1144578313253011,0.3390410958904109,0.7096774193548387,0.6283018867924528,0.990632318501171,0.8022103658536582,0.8993055555555556,0.8652593171748761,0.878927203065134,0.7567140600315956,0.7049180327868853,0.9427710843373494
2,0,0.2222222222222001,0.7349880382775118,0.9285714285714286,0.6628462273161414,0.7208025486341759,0.6771752837326608,0.6346749226006191,0.710758377425044,0.3609467455621304,1,0.0,0.0,0,1,0.7245939675174013,0.5238095238095237,0.2758620689655172,0.9397590361445782,0.3116438356164383,0.5967741935483871,0.7226415094339622,0.5925058548009368,0.6814024390243901,0.7252314814814814,0.711753974459213,0.7613026819923372,0.634544497103739,0.9120715350223548,0.0481927710843373
2,0,0.3333333333333144,0.6541267942583731,0.9285714285714286,0.5635148042024833,0.6530875076255674,0.716267339218159,0.6738906088751289,0.146384479717813,0.4201183431952664,2,0.0,0.0,2,1,0.6392111368909512,0.8095238095238095,0.3103448275862069,0.1174698795180722,0.1506849315068493,0.7612903225806452,0.7792452830188679,0.5702576112412178,0.6371951219512194,0.6400462962962963,0.6095908261662757,0.6789272030651341,0.6829910479199579,0.5529061102831595,0.8885542168674698
2,0,0.4444444444444286,0.735047846889952,0.9285714285714286,0.6628462273161414,0.7435097946180437,0.6752837326607819,0.4189886480908152,0.5149911816578483,0.4792899408284023,1,0.0,0.0,0,1,0.7127610208816706,0.238095238095238,0.1379310344827586,0.4397590361445782,0.4999999999999999,0.4806451612903226,0.4735849056603773,0.7857142857142857,0.746951219512195,0.713425925925926,0.7469377117539745,0.7160919540229884,0.7382833070036862,0.5320417287630403,0.1867469879518072
2,0,0.5555555555555429,0.9938995215311004,0.9285714285714286,0.9808978032473734,1.0,0.6923076923076924,0.5964912280701754,0.8077601410934744,0.4792899408284023,1,1.0,0.0,0,1,1.0,0.3333333333333333,0.1034482758620689,0.9608433734939756,0.4760273972602739,0.2806451612903226,0.5547169811320755,0.8395784543325526,0.9820884146341464,1.0,1.0,1.0,0.8525539757767248,0.7540983606557378,0.2560240963855421
2,0,0.6666666666666572,0.6040669856459329,0.9285714285714286,0.501432664756447,0.6087575408391512,0.5523329129886507,0.6398348813209493,0.1710758377425044,0.4497041420118348,2,0.0,0.0,2,1,0.5958236658932714,0.5238095238095237,0.0,0.0090361445783132,0.3219178082191781,0.1419354838709677,0.6113207547169811,0.594847775175644,0.5960365853658536,0.5967592592592592,0.6307010685431327,0.57816091954023,0.5897840968931017,0.7093889716840538,0.4728915662650602
2,0,0.7777777777777715,0.5033492822966507,0.9285714285714286,0.3782234957020057,0.5067443909713277,0.4337957124842371,0.3735810113519092,0.1975308641975308,0.4319526627218941,2,0.0,0.0,1,1,0.5053364269141531,0.7142857142857142,0.0344827586206896,0.3373493975903613,0.0,0.5032258064516129,0.3452830188679245,0.4086651053864168,0.5053353658536585,0.5064814814814814,0.4654678133958823,0.5371647509578543,0.5181674565560822,0.3889716840536513,0.3433734939759036
2,0,0.8888888888888857,0.6270334928229664,0.9285714285714286,0.5300859598853869,0.6292957364603808,0.7452711223203027,0.5727554179566563,0.3562610229276896,0.4378698224852071,2,0.0,0.0,2,1,0.6201856148491879,0.9047619047619048,0.0689655172413793,0.3373493975903613,0.3082191780821918,0.5709677419354838,0.790566037735849,0.6861826697892272,0.5697408536585366,0.6210648148148148,0.6476413864998697,0.5865900383141762,0.6845708267509216,0.8211624441132639,0.0512048192771084
2,0,1.0,0.379066985645933,0.9285714285714286,0.2254059216809933,0.3646715922185317,0.3965952080706179,0.2198142414860681,0.2363315696649029,0.2662721893491122,0,0.0,0.0,1,1,0.3624129930394432,1.0,0.3103448275862069,0.0,0.4589041095890411,0.4967741935483871,0.4433962264150943,0.2810304449648712,0.3319359756097561,0.3638888888888889,0.3630440448266876,0.4279693486590037,0.3354397051079515,0.2309985096870342,0.2138554216867469
11,0,0.0,0.4538277511961721,0.6428571428571428,0.4708691499522445,0.4641089947807224,0.6361916771752838,0.5748194014447884,0.4426807760141093,0.4792899408284023,2,0.0,0.0,2,1,0.4777262180974478,0.3333333333333333,0.0,0.7560240963855421,0.0,0.8032258064516128,0.5660377358490566,0.5386416861826698,0.4695121951219511,0.4789351851851852,0.4203805056033359,0.4674329501915709,0.4860452869931543,0.5290611028315947,0.6475903614457831
11,0,0.1111111111111142,0.6061602870813396,0.6428571428571428,0.6914995224450812,0.5960821527824848,0.6595208070617907,0.3735810113519092,0.4479717813051146,0.3609467455621304,1,1.0,0.0,0,1,0.6252900232018561,1.0,0.3103448275862069,0.4518072289156626,0.3561643835616438,0.2967741935483871,0.5981132075471698,0.7459016393442622,0.5979420731707317,0.6261574074074073,0.5895230648944488,0.5674329501915709,0.5197472353870458,0.4038748137108793,0.3132530120481927
11,0,0.2222222222222001,0.6249401913875597,0.6428571428571428,0.7191977077363897,0.621161797600488,0.5208070617906684,0.4891640866873065,0.3968253968253968,0.4023668639053257,1,1.0,0.0,0,1,0.5955916473317866,0.3333333333333333,0.4137931034482758,0.6506024096385542,0.0308219178082191,0.1935483870967742,0.4132075471698113,0.6405152224824355,0.5758384146341462,0.5965277777777778,0.6497263487099297,0.6662835249042145,0.5550289626119012,0.5767511177347244,0.3012048192771084
11,0,0.3333333333333144,0.4814593301435406,0.6428571428571428,0.5109837631327603,0.4653290856097064,0.4129886506935686,0.4468524251805986,0.3509700176366843,0.2899408284023668,2,0.0,0.0,2,1,0.4709976798143851,0.0476190476190476,0.2068965517241379,0.0240963855421686,0.654109589041096,0.2838709677419355,0.3169811320754717,0.4672131147540982,0.4790396341463413,0.4722222222222222,0.4573885848318999,0.4816091954022988,0.4033701948393892,0.6333830104321908,0.0632530120481927
11,0,0.4444444444444286,0.5805622009569377,0.6428571428571428,0.6542502387774595,0.5922185318240356,0.562421185372005,0.7017543859649122,0.7901234567901234,0.497041420118343,1,0.0,0.0,0,1,0.5603248259860788,0.238095238095238,0.3103448275862069,0.6566265060240963,0.7876712328767123,0.432258064516129,0.3471698113207547,0.6721311475409836,0.5967987804878048,0.5613425925925926,0.6041178003648684,0.542911877394636,0.6429699842022117,0.7466467958271238,0.5783132530120481
11,0,0.5555555555555429,0.6279904306220094,0.6428571428571428,0.723018147086915,0.6246865044397748,0.5529634300126104,0.4231166150670794,0.3139329805996472,0.4023668639053257,1,1.0,0.0,0,1,0.6120649651972158,0.1904761904761904,0.0344827586206896,0.1536144578313252,0.434931506849315,0.0483870967741935,0.4811320754716981,0.7107728337236534,0.606326219512195,0.6129629629629629,0.6254886630179828,0.6770114942528735,0.5371248025276462,0.5692995529061103,0.1234939759036144
11,0,0.6666666666666572,0.2020334928229664,0.6428571428571428,0.105062082139446,0.1952145326374296,0.2402269861286254,0.1197110423116615,0.2310405643738977,0.2603550295857992,0,0.0,1.0,1,1,0.1774941995359628,0.9523809523809524,0.2068965517241379,0.3674698795180722,0.0308219178082191,0.0,0.5207547169811321,0.1229508196721311,0.205030487804878,0.1793981481481481,0.2084962210059942,0.2249042145593869,0.2053712480252764,0.1385991058122205,0.108433734939759
11,0,0.7777777777777715,0.6694976076555023,0.6428571428571428,0.78414517669532,0.6710499559411643,0.4791929382093315,0.542827657378741,0.5961199294532628,0.4378698224852071,1,1.0,0.0,0,1,0.6450116009280742,0.0476190476190476,0.1724137931034483,0.4819277108433734,0.6095890410958904,0.196774193548387,0.4490566037735849,0.5398126463700235,0.6303353658536585,0.6458333333333333,0.6593692989314569,0.6812260536398467,0.7151132174828857,0.5156482861400895,0.5813253012048192
11,0,0.8888888888888857,0.5160287081339712,0.6428571428571428,0.5606494746895894,0.5137938046499015,0.4571248423707439,0.5149638802889577,0.1869488536155202,0.3964497041420118,2,0.0,0.0,2,1,0.4958236658932715,1.0,0.1379310344827586,0.1566265060240963,0.184931506849315,0.0,0.3622641509433962,0.6241217798594848,0.4603658536585364,0.4969907407407408,0.5267135783163931,0.5590038314176244,0.5028962611901001,0.6259314456035768,0.2771084337349397
11,0,1.0,0.4226076555023923,0.6428571428571428,0.4250238777459408,0.4315054565173184,0.4369482976040353,0.3839009287925697,0.2045855379188712,0.4674556213017755,2,0.0,0.0,1,1,0.3951276102088167,0.6666666666666667,0.0689655172413793,0.0060240963855421,0.3904109589041096,0.4387096774193548,0.3999999999999999,0.4039812646370023,0.448170731707317,0.3965277777777777,0.4534792806880375,0.3816091954022988,0.5007898894154819,0.4500745156482861,0.25
20,0,0.0,0.0286483253588516,0.1857142857142857,0.0095510983763132,0.031993492848912,0.2137452711223203,0.0154798761609907,0.0,0.2958579881656806,0,0.0,1.0,1,1,0.0705336426914153,0.9047619047619048,0.1034482758620689,0.0,0.0,0.2967741935483871,0.0622641509433962,0.2505854800936768,0.0129573170731707,0.0726851851851851,0.0453479280688037,0.0137931034482758,0.0652975250131648,0.0417287630402384,0.0
20,0,0.1111111111111142,0.3528708133971291,0.1857142857142857,0.673352435530086,0.3471836236697619,0.6469104665825978,0.2600619195046439,0.564373897707231,0.3313609467455629,1,1.0,0.0,0,1,0.3320185614849188,0.238095238095238,0.6896551724137931,0.6656626506024096,0.3390410958904109,0.7677419354838709,0.6188679245283019,0.5386416861826698,0.3563262195121951,0.3335648148148148,0.3322908522283033,0.3865900383141762,0.353870458135861,0.2578241430700447,0.2771084337349397
20,0,0.2222222222222001,0.3832535885167463,0.1857142857142857,0.7354345749761223,0.3804649901714904,0.4186633039092055,0.3137254901960785,0.2504409171075837,0.3668639053254434,1,1.0,0.0,0,1,0.3698375870069605,0.1428571428571428,0.3793103448275862,0.0,0.4863013698630136,0.6161290322580646,0.1811320754716981,0.4414519906323184,0.4173018292682926,0.3712962962962963,0.3570497784727652,0.3800766283524904,0.4012638230647709,0.4724292101341282,0.0
20,0,0.3333333333333144,0.1551435406698564,0.1857142857142857,0.268385864374403,0.168372534399783,0.3530895334174023,0.2311661506707946,0.310405643738977,0.497041420118343,2,0.0,0.0,1,1,0.1737819025522042,0.9523809523809524,0.3103448275862069,0.503012048192771,0.0308219178082191,0.535483870967742,0.2037735849056604,0.3348946135831381,0.1684451219512195,0.1756944444444444,0.1566327860307531,0.210727969348659,0.1800947867298578,0.2488822652757079,0.2108433734939759
20,0,0.4444444444444286,0.1947966507177032,0.1857142857142857,0.3495702005730658,0.2116179760048802,0.4634300126103404,0.0619195046439628,0.4179894179894179,0.5443786982248522,2,0.0,0.0,1,1,0.2232018561484918,0.3809523809523809,0.2758620689655172,0.3704819277108434,0.3904109589041096,0.6483870967741936,0.4622641509433962,0.338407494145199,0.1871189024390243,0.2249999999999999,0.2084962210059942,0.2735632183908045,0.186940494997367,0.1087928464977645,0.0
20,0,0.5555555555555429,0.4838516746411482,0.1857142857142857,0.9407831900668576,0.485257235816444,0.5491803278688525,0.4943240454076368,0.3315696649029982,0.4201183431952664,1,1.0,0.0,0,1,0.4524361948955916,0.9523809523809524,0.896551724137931,0.0,0.6438356164383562,0.5387096774193548,0.5830188679245283,0.4625292740046838,0.5182926829268292,0.4537037037037036,0.4998696898618713,0.4689655172413793,0.4776197998946814,0.6572280178837556,0.1536144578313252
20,0,0.6666666666666572,0.3574760765550239,0.1857142857142857,0.6819484240687679,0.3437944824781399,0.2591424968474149,0.3023735810113519,0.3738977072310405,0.2662721893491122,1,1.0,0.0,0,1,0.3897911832946635,0.9523809523809524,0.896551724137931,0.3283132530120481,0.3527397260273973,0.0838709677419354,0.1094339622641509,0.3829039812646369,0.3155487804878047,0.3912037037037036,0.3229085222830337,0.3662835249042145,0.2996313849394418,0.2384500745156483,0.4397590361445782
20,0,0.7777777777777715,0.0399521531100478,0.1857142857142857,0.0324737344794651,0.0671727784179488,0.1544766708701135,0.0,0.0,0.7633136094674562,0,0.0,1.0,1,1,0.068445475638051,0.3809523809523809,0.2413793103448275,0.0,0.0,0.4032258064516129,0.220754716981132,0.0035128805620609,0.0560213414634146,0.0706018518518518,0.0831378681261402,0.1187739463601532,0.0631911532385466,0.0193740685543964,0.0
20,0,0.8888888888888857,0.0878588516746411,0.1857142857142857,0.1298949379178605,0.1018098013963261,0.3348045397225725,0.4200206398348813,0.3139329805996472,0.5088757396449708,0,0.0,1.0,1,1,0.1023201856148491,0.2857142857142857,0.2758620689655172,0.3192771084337349,0.2465753424657534,0.4548387096774193,0.3377358490566037,0.2470725995316159,0.1585365853658536,0.1043981481481481,0.0698462340370081,0.1528735632183908,0.0937335439705108,0.3412816691505216,0.575301204819277
20,0,1.0,0.2492822966507176,0.1857142857142857,0.4603629417382999,0.256625771029621,0.4375788146279949,0.4375644994840041,0.1358024691358024,0.4378698224852071,2,0.0,0.0,2,1,0.2561484918793503,0.6666666666666667,0.2068965517241379,0.1204819277108433,0.1267123287671233,0.3935483870967741,0.4471698113207547,0.392271662763466,0.2229420731707317,0.2578703703703704,0.2778212144904873,0.2674329501915709,0.2806740389678779,0.4590163934426229,0.3885542168674698
29,0,0.0,0.3914473684210525,0.2142857142857142,0.720152817574021,0.4002575747305632,0.3581336696090794,0.5583075335397316,0.6419753086419753,0.4674556213017755,1,1.0,0.0,0,1,0.3679814385150812,0.0,0.6896551724137931,0.4066265060240963,0.7842465753424657,0.0,0.1981132075471698,0.5421545667447307,0.376905487804878,0.3694444444444444,0.4300234558248632,0.4398467432950191,0.3854660347551343,0.5886736214605067,0.4789156626506023
29,0,0.1111111111111142,0.4563397129186601,0.2142857142857142,0.8490926456542502,0.4517725208432183,0.6002522068095839,0.413828689370485,0.3862433862433862,0.3668639053254434,1,1.0,0.0,0,1,0.4626450116009281,0.238095238095238,0.1379310344827586,0.2289156626506023,0.4897260273972603,0.3741935483870967,0.5169811320754717,0.65807962529274,0.4043445121951219,0.4638888888888889,0.4818868908001041,0.4670498084291187,0.3907319641916799,0.5201192250372578,0.1957831325301204
29,0,0.2222222222222001,0.4568779904306219,0.2142857142857142,0.851002865329513,0.4510946926048939,0.4842370744010089,0.3787409700722394,0.6472663139329806,0.3609467455621304,1,1.0,0.0,0,1,0.436890951276102,1.0,0.0344827586206896,0.3674698795180722,0.8390410958904109,0.667741935483871,0.5452830188679245,0.3185011709601873,0.4474085365853658,0.4381944444444444,0.4860568152202241,0.4321839080459769,0.4239073196419168,0.5007451564828614,0.1325301204819277
29,0,0.3333333333333144,0.1617822966507176,0.2142857142857142,0.2617000955109837,0.1862671998915474,0.3764186633039091,0.1351909184726522,0.1869488536155202,0.6449704142011834,2,0.0,0.0,1,1,0.1761020881670534,0.2857142857142857,0.2068965517241379,0.1957831325301204,0.1404109589041095,0.4838709677419355,0.3811320754716981,0.2868852459016393,0.2103658536585365,0.1780092592592592,0.2074537399009643,0.153639846743295,0.2317008952080042,0.2146050670640835,0.0
29,0,0.4444444444444286,0.1385765550239233,0.2142857142857142,0.2148997134670487,0.1651189588558259,0.4085750315258512,0.1929824561403508,0.3686067019400352,0.6863905325443787,0,0.0,0.0,1,1,0.1542923433874709,0.5238095238095237,0.1379310344827586,0.0,0.7157534246575341,0.4935483870967742,0.3754716981132075,0.3466042154566744,0.205030487804878,0.15625,0.1269220745373989,0.2053639846743294,0.2159031068983675,0.2175856929955291,0.1626506024096385
29,0,0.5555555555555429,0.4975478468899521,0.2142857142857142,0.9321872015281758,0.4860706297024333,0.6298865069356873,0.2930856553147575,0.5925925925925926,0.3254437869822482,1,1.0,0.0,0,1,0.4638051044083526,0.5238095238095237,0.5517241379310345,0.2259036144578313,0.8938356164383562,0.7903225806451613,0.5339622641509434,0.5515222482435598,0.4798018292682926,0.4650462962962963,0.4639040917383372,0.5379310344827586,0.4892048446550816,0.3666169895678093,0.1536144578313252
29,0,0.6666666666666572,0.2147727272727272,0.2142857142857142,0.3667621776504298,0.2284281163153256,0.2263556116015132,0.3065015479876161,0.3756613756613756,0.5029585798816569,2,0.0,0.0,1,1,0.2046403712296983,0.0,0.0,0.5933734939759036,0.0547945205479452,0.2838709677419355,0.0113207547169811,0.3103044496487119,0.2400914634146341,0.2064814814814814,0.2280427417253062,0.2540229885057471,0.2738283307003686,0.4351713859910581,0.0542168674698795
29,0,0.7777777777777715,0.5234449760765549,0.2142857142857142,0.9837631327602676,0.5140649359452314,0.587641866330391,0.4664602683178535,0.8959435626102292,0.3491124260355036,1,1.0,0.0,0,1,0.5452436194895591,0.9047619047619048,0.4827586206896551,0.7409638554216867,0.8972602739726027,0.2967741935483871,0.6396226415094339,0.5866510538641687,0.4717987804878047,0.5462962962962963,0.5316653635652854,0.4988505747126436,0.44971037388099,0.6929955290611028,0.0
29,0,0.8888888888888857,0.245035885167464,0.2142857142857142,0.4278892072588348,0.251406493594523,0.4155107187894073,0.4633642930856553,0.3597883597883597,0.4260355029585803,2,0.0,0.0,1,1,0.2424593967517401,0.3809523809523809,0.1034482758620689,0.0,0.6986301369863013,0.2290322580645161,0.3415094339622642,0.4765807962529273,0.2568597560975609,0.2442129629629629,0.2741725306228824,0.2593869731800766,0.2427593470247498,0.4351713859910581,0.5120481927710843
29,0,1.0,0.5214712918660286,0.2142857142857142,0.9789875835721108,0.5180641225513454,0.4773013871374527,0.6160990712074303,0.7389770723104055,0.3905325443786989,1,1.0,0.0,0,1,0.5276102088167054,0.6666666666666667,0.2068965517241379,0.6385542168674698,0.708904109589041,0.7516129032258064,0.1924528301886792,0.4941451990632318,0.5445884146341463,0.5287037037037037,0.490747980192859,0.5091954022988505,0.4886782517114271,0.5722801788375559,0.680722891566265
33,0,0.0,0.423145933014354,0.2428571428571428,0.7516714422158548,0.4335389412322916,0.4394703656998738,0.3715170278637771,0.5537918871252204,0.4792899408284023,1,1.0,0.0,0,1,0.4308584686774942,0.6666666666666667,0.4482758620689655,0.641566265060241,0.3458904109589041,0.2483870967741935,0.3528301886792452,0.5070257611241218,0.3807164634146341,0.432175925925926,0.4347146207974981,0.4302681992337164,0.4997367035281728,0.5171385991058123,0.0783132530120481
33,0,0.1111111111111142,0.3846889952153109,0.2428571428571428,0.6762177650429799,0.4010709686165524,0.5277427490542245,0.3777089783281734,0.0881834215167548,0.5325443786982245,1,1.0,0.0,0,1,0.4113689095127609,0.1428571428571428,0.5862068965517241,0.1506024096385542,0.0,0.4129032258064516,0.6433962264150943,0.4309133489461357,0.4333079268292682,0.4127314814814814,0.3573103987490227,0.4241379310344826,0.3838862559241707,0.3278688524590164,0.4789156626506023
33,0,0.2222222222222001,0.1276315789473684,0.2428571428571428,0.1757402101241642,0.1686436656951128,0.2604035308953341,0.1692466460268317,0.255731922398589,0.8994082840236688,0,0.0,1.0,1,1,0.1568445475638051,0.4761904761904762,0.2413793103448275,0.2771084337349397,0.1815068493150684,0.5483870967741935,0.0,0.284543325526932,0.1711128048780487,0.1587962962962963,0.1686213187385978,0.1796934865900383,0.235387045813586,0.172876304023845,0.1837349397590361
33,0,0.3333333333333144,0.0404904306220095,0.2428571428571428,0.0057306590257879,0.0552430014234392,0.0,0.3292053663570692,0.0,0.5207100591715985,0,0.0,1.0,1,0,0.0387470997679814,1.0,0.2758620689655172,0.0,0.0,0.0,0.0,0.0,0.104420731707317,0.0222222222222222,0.0732342976283554,0.0295019157088122,0.1563981042654028,0.3576751117734724,0.2771084337349397
33,0,0.4444444444444286,0.2967703349282296,0.2428571428571428,0.5052531041069723,0.323052938385413,0.4791929382093315,0.1228070175438596,0.6243386243386243,0.6331360946745566,2,0.0,0.0,2,1,0.3215777262180974,0.3333333333333333,0.2413793103448275,0.6957831325301205,0.4212328767123288,0.7064516129032258,0.5943396226415094,0.2646370023419203,0.28125,0.3231481481481482,0.3291634089132135,0.318007662835249,0.3944181147972617,0.1549925484351714,0.0843373493975903
33,0,0.5555555555555429,0.2263157894736841,0.2428571428571428,0.3677172874880611,0.2166339049684809,0.498108448928121,0.5159958720330237,0.2116402116402116,0.2426035502958585,2,0.0,0.0,1,1,0.2352668213457076,0.1904761904761904,0.2758620689655172,0.0,0.410958904109589,0.6290322580645161,0.5075471698113208,0.3817330210772833,0.2313262195121951,0.237037037037037,0.2045869168621319,0.2298850574712643,0.2053712480252764,0.4649776453055142,0.6054216867469879
33,0,0.6666666666666572,0.4116626794258372,0.2428571428571428,0.728748806112703,0.4540771368535212,0.4306431273644389,0.2094943240454076,0.2469135802469135,0.7396449704142007,1,1.0,0.0,0,1,0.4310904872389791,0.1428571428571428,0.7241379310344828,0.0,0.4794520547945205,0.5451612903225805,0.3792452830188679,0.3665105386416861,0.4557926829268292,0.4324074074074073,0.4420119885327078,0.4628352490421455,0.4955239599789363,0.3219076005961252,0.0
33,0,0.7777777777777715,0.1033492822966507,0.2428571428571428,0.1279847182425978,0.1081136040127431,0.2686002522068096,0.0908152734778121,0.2804232804232804,0.3668639053254434,0,0.0,1.0,1,1,0.1046403712296983,0.9047619047619048,0.0689655172413793,0.1897590361445782,0.3287671232876712,0.2580645161290322,0.0754716981132075,0.3583138173302108,0.0628810975609756,0.1067129629629629,0.1321344800625488,0.1605363984674329,0.1332280147446024,0.0134128166915052,0.2771084337349397
33,0,0.8888888888888857,0.0924641148325358,0.2428571428571428,0.1069723018147086,0.0963193926658984,0.2736443883984867,0.2383900928792569,0.1746031746031746,0.3431952662721897,0,0.0,1.0,1,1,0.0988399071925753,0.3333333333333333,0.2068965517241379,0.2981927710843373,0.0,0.0290322580645161,0.1981132075471698,0.3747072599531615,0.1604420731707317,0.1009259259259258,0.08626531144123,0.0969348659003831,0.1000526592943654,0.2354694485842027,0.2590361445783132
33,0,1.0,0.2108253588516745,0.2428571428571428,0.3381088825214899,0.2017216837253439,0.2250945775535939,0.0753353973168214,0.238095238095238,0.2366863905325447,2,0.0,0.0,1,1,0.202784222737819,0.8095238095238095,0.1724137931034483,0.4066265060240963,0.0,0.0096774193548387,0.2867924528301886,0.2365339578454332,0.182545731707317,0.2046296296296296,0.18191295282773,0.2567049808429119,0.2395997893628225,0.128166915052161,0.0
14,0,0.0,0.4000598086124401,0.0714285714285714,0.917860553963706,0.3927336812851623,0.5958385876418664,0.4324045407636739,0.4285714285714285,0.3313609467455629,1,1.0,0.0,0,1,0.4280742459396751,0.8095238095238095,0.7931034482758621,0.7319277108433734,0.0,0.8161290322580645,0.5037735849056604,0.4976580796252927,0.3460365853658536,0.4293981481481481,0.3719051342194422,0.4540229885057471,0.3312269615587151,0.5156482861400895,0.2590361445783132
14,0,0.1111111111111142,0.2717105263157894,0.0714285714285714,0.6246418338108882,0.2797397139564833,0.2490542244640605,0.326109391124871,0.1269841269841269,0.4497041420118348,1,0.0,0.0,0,1,0.2821345707656612,0.6190476190476191,0.0344827586206896,0.216867469879518,0.0,0.0,0.1018867924528302,0.3992974238875878,0.2865853658536584,0.2837962962962963,0.2397706541568934,0.2881226053639846,0.3617693522906793,0.30849478390462,0.3674698795180722
14,0,0.2222222222222001,0.2257177033492822,0.0714285714285714,0.5195797516714422,0.2177184301497999,0.2950819672131147,0.5149638802889577,0.4021164021164021,0.2603550295857992,2,0.0,0.0,2,1,0.254292343387471,0.9047619047619048,0.2068965517241379,0.5542168674698794,0.1506849315068493,0.6225806451612903,0.1415094339622641,0.2341920374707259,0.1836890243902438,0.2560185185185185,0.2259577795152462,0.2164750957854406,0.211690363349131,0.4992548435171386,0.5331325301204819
14,0,0.3333333333333144,0.3614234449760765,0.0714285714285714,0.8290353390639924,0.3577577441876227,0.3650693568726355,0.3508771929824561,0.3139329805996472,0.3550295857988166,1,1.0,0.0,0,1,0.391415313225058,0.8571428571428572,0.6896551724137931,0.2198795180722891,0.3595890410958904,0.0,0.4735849056603773,0.3840749414519905,0.3582317073170731,0.3928240740740741,0.3596559812353401,0.3229885057471264,0.3307003686150606,0.4113263785394933,0.2319277108433734
14,0,0.4444444444444286,0.2357655502392343,0.0714285714285714,0.542502387774594,0.2364942723513861,0.2818411097099621,0.08875128998968,0.3597883597883597,0.3609467455621304,2,0.0,0.0,2,1,0.2262180974477958,0.3809523809523809,0.0344827586206896,0.4066265060240963,0.2363013698630137,0.1935483870967742,0.2660377358490566,0.2880562060889929,0.2488567073170731,0.2280092592592592,0.2726088089653374,0.2379310344827586,0.2074776197998946,0.1475409836065573,0.0
14,0,0.5555555555555429,0.0069377990430621,0.0714285714285714,0.0210124164278891,0.0321290584965769,0.1639344262295081,0.1558307533539731,0.2469135802469135,0.7514792899408285,0,0.0,1.0,1,1,0.0331786542923433,0.7142857142857142,0.1379310344827586,0.1385542168674698,0.3219178082191781,0.0,0.1283018867924528,0.2248243559718969,0.0811737804878049,0.0354166666666666,0.0026062027625749,0.0620689655172413,0.076882569773565,0.0283159463487332,0.4367469879518071
14,0,0.6666666666666572,0.4203349282296649,0.0714285714285714,0.9637058261700095,0.4618043787704194,0.496216897856242,0.4850361197110422,0.5802469135802468,0.7278106508875748,1,1.0,0.0,0,1,0.4350348027842227,0.9047619047619048,0.0,0.5301204819277108,0.523972602739726,0.5741935483870968,0.3999999999999999,0.464871194379391,0.4607469512195121,0.4363425925925925,0.4500912170966901,0.4793103448275862,0.5007898894154819,0.555886736214605,0.3313253012048192
14,0,0.7777777777777715,0.3075358851674641,0.0714285714285714,0.7067812798471824,0.320138276960618,0.4640605296343001,0.2703818369453044,0.0934744268077601,0.497041420118343,1,1.0,0.0,0,1,0.3113689095127609,0.3333333333333333,0.896551724137931,0.0843373493975903,0.0856164383561643,0.0387096774193548,0.5528301886792453,0.5046838407494145,0.3277439024390244,0.312962962962963,0.3242116236643211,0.3383141762452107,0.3127962085308057,0.3278688524590164,0.1656626506024096
14,0,0.8888888888888857,0.2821172248803827,0.0714285714285714,0.6485195797516714,0.2686911136717955,0.255359394703657,0.3993808049535604,0.5273368606701939,0.2307692307692308,1,0.0,0.0,0,1,0.2791183294663573,0.3809523809523809,0.1034482758620689,0.216867469879518,0.7773972602739725,0.0,0.2377358490566037,0.3266978922716627,0.2336128048780487,0.280787037037037,0.2686995048214751,0.3022988505747127,0.2780410742496051,0.4634873323397914,0.2680722891566265
14,0,1.0,0.3271531100478467,0.0714285714285714,0.7516714422158548,0.3540296888768385,0.5157629255989913,0.1713106295149638,0.3439153439153439,0.6272189349112427,1,1.0,0.0,0,1,0.3614849187935034,0.7619047619047619,0.1034482758620689,0.0,0.6678082191780822,0.7193548387096774,0.2528301886792453,0.5398126463700235,0.365091463414634,0.3629629629629629,0.3427156632786031,0.31455938697318,0.406003159557662,0.2548435171385991,0.0240963855421686
19,0,0.0,0.1415669856459329,0.0999999999999998,0.3037249283667622,0.1556971463431165,0.33921815889029,0.3839009287925697,0.3421516754850088,0.5088757396449708,2,0.0,0.0,1,1,0.1211136890951275,0.3809523809523809,0.3103448275862069,0.2018072289156626,0.434931506849315,0.6129032258064516,0.0037735849056603,0.405152224824356,0.2023628048780487,0.1231481481481481,0.1407349491790461,0.2026819923371647,0.1974723538704581,0.3830104321907601,0.3855421686746987
19,0,0.1111111111111142,0.2681818181818182,0.0999999999999998,0.5845272206303724,0.2972276825052531,0.510718789407314,0.3539731682146543,0.2028218694885361,0.668639053254438,2,0.0,0.0,2,1,0.2923433874709976,0.6190476190476191,0.1724137931034483,0.0,0.3938356164383561,0.5612903225806452,0.3641509433962264,0.5187353629976581,0.2701981707317072,0.2939814814814815,0.2861610633307271,0.3448275862068965,0.325434439178515,0.202682563338301,0.6626506024096385
19,0,0.2222222222222001,0.0308612440191387,0.0999999999999998,0.0582617000955109,0.0406696942994645,0.2162673392181588,0.2022703818369453,0.4409171075837742,0.4260355029585803,0,0.0,1.0,1,1,0.0477958236658932,0.238095238095238,0.3103448275862069,0.2740963855421686,0.5445205479452054,0.2161290322580645,0.0830188679245283,0.2716627634660421,0.0807926829268292,0.05,0.0185040396142819,0.0318007662835249,0.1200631911532385,0.3114754098360656,0.0
19,0,0.3333333333333144,0.1209330143540669,0.0999999999999998,0.2588347659980897,0.1397003999186606,0.2389659520807061,0.218782249742002,0.5432098765432098,0.5798816568047345,2,0.0,0.0,1,0,0.122505800464037,0.5238095238095237,0.1379310344827586,0.3795180722891565,0.6232876712328766,0.0,0.4547169811320755,0.1615925058548009,0.1890243902439024,0.1189814814814815,0.1673182173573103,0.0954022988505746,0.1948393891521853,0.2563338301043219,0.1596385542168674
19,0,0.4444444444444286,0.3230263157894736,0.0999999999999998,0.7067812798471824,0.3107164644479088,0.3348045397225725,0.5366357069143446,0.1922398589065255,0.2603550295857992,1,1.0,0.0,0,1,0.3102088167053364,0.5714285714285714,0.7931034482758621,0.0,0.3732876712328767,0.0612903225806451,0.6094339622641509,0.221311475409836,0.2934451219512195,0.3118055555555555,0.3189992181391713,0.3103448275862069,0.3385992627698789,0.5603576751117736,0.4728915662650602
19,0,0.5555555555555429,0.1548444976076554,0.0999999999999998,0.3333333333333333,0.1707449332339184,0.4861286254728877,0.4871001031991744,0.0,0.5325443786982245,2,0.0,0.0,1,1,0.1582366589327145,0.7142857142857142,0.2413793103448275,0.0,0.0,0.6129032258064516,0.5264150943396226,0.3536299765807962,0.142530487804878,0.1601851851851851,0.1832160542090175,0.2333333333333332,0.1848341232227488,0.4143070044709389,0.6234939759036143
19,0,0.6666666666666572,0.1066985645933014,0.0999999999999998,0.2263610315186246,0.1227546939605503,0.1330390920554854,0.2301341589267286,0.0952380952380952,0.5384615384615392,0,0.0,0.0,1,1,0.1162412993039443,0.2857142857142857,0.2413793103448275,0.0,0.184931506849315,0.2129032258064516,0.0452830188679245,0.1416861826697892,0.151295731707317,0.118287037037037,0.1039874902267396,0.1471264367816092,0.1737756714060031,0.3517138599105813,0.0
19,0,0.7777777777777715,0.030023923444976,0.0999999999999998,0.0563514804202482,0.0464990171490543,0.1015132408575031,0.0092879256965944,0.2398589065255731,0.5562130177514799,0,0.0,1.0,1,1,0.065429234338747,0.4761904761904762,0.0689655172413793,0.3825301204819276,0.0308219178082191,0.0,0.1358490566037735,0.104215456674473,0.0293445121951219,0.0675925925925925,0.0153765962991921,0.1134099616858237,0.0905739863085834,0.0327868852459016,0.0
19,0,0.8888888888888857,0.0846889952153109,0.0999999999999998,0.1776504297994269,0.0911001152308005,0.3549810844892812,0.4520123839009288,0.3597883597883597,0.3846153846153841,0,0.0,1.0,1,1,0.1222737819025521,0.1904761904761904,0.2068965517241379,0.1716867469879518,0.5034246575342465,0.4387096774193548,0.3641509433962264,0.2740046838407494,0.0720274390243902,0.1243055555555555,0.1279645556424289,0.0770114942528735,0.0716166403370194,0.4277198211624441,0.4939759036144577
19,0,1.0,0.2489234449760764,0.0999999999999998,0.542502387774594,0.2481529180505659,0.3266078184110971,0.1145510835913312,0.3844797178130511,0.3491124260355036,2,0.0,0.0,2,1,0.2566125290023201,0.0476190476190476,0.0344827586206896,0.3734939759036144,0.3219178082191781,0.0,0.4433962264150943,0.3313817330210772,0.2740091463414633,0.2583333333333333,0.2541047693510555,0.232183908045977,0.2395997893628225,0.1847988077496274,0.0
31,0,0.0,0.1307416267942583,0.1142857142857143,0.2693409742120344,0.1497322578458618,0.3139974779319041,0.0670794633642931,0.3209876543209876,0.5798816568047345,2,0.0,0.0,1,0,0.1299303944315545,0.238095238095238,0.0689655172413793,0.2650602409638554,0.3219178082191781,0.0,0.3962264150943396,0.3372365339578453,0.1139481707317073,0.1289351851851851,0.1756580661975501,0.1938697318007662,0.2016850974196946,0.0625931445603576,0.108433734939759
31,0,0.1111111111111142,0.1332535885167463,0.1142857142857143,0.274116523400191,0.1556293635192842,0.137452711223203,0.4303405572755418,0.3350970017636684,0.6272189349112427,2,0.0,0.0,1,1,0.1682134570765661,0.0476190476190476,0.1724137931034483,0.1656626506024096,0.4623287671232876,0.0,0.1132075471698113,0.1850117096018735,0.1745426829268292,0.1701388888888888,0.1342194422726088,0.1352490421455938,0.234333859926277,0.4739195230998509,0.3373493975903613
31,0,0.2222222222222001,0.1738038277511961,0.1142857142857143,0.3629417382999045,0.2040940825594794,0.2730138713745271,0.2734778121775026,0.1269841269841269,0.7159763313609471,2,0.0,0.0,1,1,0.2081206496519721,0.3809523809523809,0.2758620689655172,0.0120481927710843,0.2328767123287671,0.1774193548387097,0.1679245283018867,0.338407494145199,0.2149390243902439,0.2099537037037036,0.2197028928850664,0.1708812260536398,0.2427593470247498,0.2339791356184798,0.3644578313253011
31,0,0.3333333333333144,0.0077751196172248,0.1142857142857143,0.0,0.0,0.1513240857503152,0.0835913312693498,0.1234567901234567,0.0355029585798822,0,0.0,1.0,1,0,0.0,0.3333333333333333,0.2068965517241379,0.2108433734939759,0.0,0.4967741935483871,0.0547169811320754,0.0667447306791569,0.0,0.0,0.0297107114933541,0.0,0.0505529225908372,0.1400894187779434,0.0
31,0,0.4444444444444286,0.2457535885167463,0.1142857142857143,0.5205348615090736,0.2592015183352538,0.1172761664564943,0.4169246646026832,0.6208112874779541,0.5029585798816569,2,0.0,0.0,2,1,0.2619489559164732,1.0,0.0689655172413793,0.4186746987951806,0.7294520547945206,0.0,0.0773584905660377,0.1697892271662763,0.2465701219512195,0.2636574074074074,0.2783424550430023,0.2877394636015325,0.2259083728278041,0.3189269746646795,0.6114457831325301
31,0,0.5555555555555429,0.2306818181818181,0.1142857142857143,0.4880611270296084,0.2377821460042024,0.3556116015132408,0.1568627450980392,0.0652557319223985,0.4319526627218941,2,0.0,0.0,2,1,0.2628770301624129,0.9047619047619048,0.0,0.1024096385542168,0.0102739726027397,0.4387096774193548,0.4452830188679245,0.2248243559718969,0.1878810975609756,0.2645833333333333,0.198853270784467,0.3026819923371647,0.2785676671932596,0.2444113263785394,0.003012048192771
31,0,0.6666666666666572,0.1152511961722487,0.1142857142857143,0.2349570200573065,0.0967938724327255,0.2168978562421185,0.2466460268317853,0.1622574955908289,0.0236686390532545,0,0.0,0.0,1,1,0.094199535962877,0.9523809523809524,0.2758620689655172,0.0,0.3150684931506849,0.0,0.2358490566037736,0.2564402810304449,0.1059451219512195,0.0962962962962963,0.09043523586135,0.0869731800766283,0.1948393891521853,0.1564828614008941,0.4427710843373493
31,0,0.7777777777777715,0.4114832535885167,0.1142857142857143,0.8834765998089781,0.420524639056463,0.3984867591424968,0.4427244582043344,0.2645502645502645,0.4674556213017755,1,1.0,0.0,0,1,0.4334106728538283,0.3333333333333333,0.4827586206896551,0.4518072289156626,0.0,0.1096774193548387,0.5811320754716981,0.3395784543325527,0.4352134146341462,0.4347222222222222,0.3971853010164191,0.4057471264367816,0.4270668773038442,0.6214605067064084,0.0753012048192771
31,0,0.8888888888888857,0.3185406698564592,0.1142857142857143,0.6800382043935053,0.3249508574527213,0.4306431273644389,0.3962848297213622,0.4867724867724867,0.4378698224852071,1,1.0,0.0,0,1,0.3510440835266821,0.7142857142857142,0.1724137931034483,0.6144578313253011,0.2465753424657534,0.2129032258064516,0.4981132075471697,0.4133489461358313,0.274390243902439,0.3525462962962963,0.2845973416731822,0.3651340996168582,0.3770405476566614,0.5916542473919524,0.0
31,0,1.0,0.2034090909090908,0.1142857142857143,0.4278892072588348,0.2304616010302988,0.2295081967213114,0.5263157894736842,0.0388007054673721,0.6627218934911241,2,0.0,0.0,1,1,0.2287703016241299,1.0,0.0689655172413793,0.0662650602409638,0.0,0.2967741935483871,0.2641509433962264,0.1545667447306791,0.2263719512195121,0.2305555555555555,0.2319520458691686,0.2727969348659003,0.220115850447604,0.5067064083457526,0.5512048192771084
3,0,0.0,0.0459928229665071,0.0,0.1585482330468003,0.0614112383921914,0.2566204287515762,0.1867905056759545,0.0776014109347442,0.5325443786982245,0,0.0,1.0,1,0,0.0519721577726217,0.238095238095238,0.1724137931034483,0.0813253012048192,0.0582191780821917,0.2225806451612903,0.2226415094339622,0.2576112412177986,0.0640243902439024,0.0342592592592592,0.0880896533750325,0.0528735632183908,0.1706161137440758,0.014903129657228,0.5542168674698794
3,0,0.1111111111111142,0.0,0.0,0.0458452722063036,0.021690503626381,0.2313997477931904,0.4035087719298245,0.4303350970017636,0.6804733727810648,0,0.0,1.0,1,1,0.0389791183294663,0.6190476190476191,0.1724137931034483,0.3012048192771084,0.4931506849315068,0.0612903225806451,0.3886792452830189,0.1662763466042154,0.0339176829268292,0.0412037037037037,0.0,0.0137931034482758,0.1195365982095839,0.330849478390462,0.5481927710843373
3,0,0.2222222222222001,0.3172248803827751,0.0,0.8252148997134671,0.3183081407171422,0.390920554854981,0.4757481940144478,0.5361552028218695,0.3846153846153841,1,1.0,0.0,0,1,0.2930394431554524,0.0952380952380952,0.8620689655172413,0.1957831325301204,0.8184931506849314,0.2709677419354839,0.3773584905660377,0.3934426229508196,0.3018292682926828,0.2946759259259259,0.3510555121188429,0.3701149425287356,0.2780410742496051,0.5126676602086438,0.3915662650602409
3,0,0.3333333333333144,0.0846889952153109,0.0,0.2540592168099331,0.0932691655934385,0.1607818411097099,0.1052631578947368,0.4832451499118165,0.4201183431952664,2,0.0,0.0,1,1,0.0756380510440835,0.6190476190476191,0.1724137931034483,0.4849397590361445,0.386986301369863,0.2161290322580645,0.2622641509433962,0.0573770491803278,0.0967987804878048,0.0777777777777777,0.0742767787333854,0.1306513409961685,0.1948393891521853,0.1713859910581222,0.0
3,0,0.4444444444444286,0.2864234449760765,0.0,0.7497612225405922,0.3002779095777129,0.3083228247162673,0.1836945304437564,0.5202821869488536,0.5088757396449708,1,1.0,0.0,0,1,0.2935034802784223,0.2857142857142857,0.8620689655172413,0.5933734939759036,0.3356164383561644,0.5225806451612903,0.1245283018867924,0.3056206088992974,0.2801067073170732,0.2951388888888889,0.3242116236643211,0.3490421455938697,0.2501316482359137,0.2190760059612518,0.1325301204819277
3,0,0.5555555555555429,0.2319377990430621,0.0,0.6160458452722063,0.2344607876364129,0.4148802017654477,0.2094943240454076,0.7319223985890653,0.3786982248520711,2,0.0,0.0,2,1,0.2415313225058004,0.3809523809523809,0.1724137931034483,0.5993975903614457,0.7397260273972602,0.4,0.4849056603773584,0.3243559718969555,0.2073170731707317,0.243287037037037,0.2426374771957258,0.2812260536398467,0.215376513954713,0.2667660208643815,0.1114457831325301
3,0,0.6666666666666572,0.2892344497607655,0.0,0.7564469914040115,0.3057005354843082,0.4432534678436318,0.5397316821465428,0.3174603174603174,0.5325443786982245,1,1.0,0.0,0,1,0.2754060324825985,0.0476190476190476,0.2068965517241379,0.4909638554216867,0.0582191780821917,0.3516129032258064,0.5528301886792453,0.3524590163934426,0.3464176829268293,0.2770833333333333,0.2600990357049778,0.3536398467432949,0.3649289099526067,0.5886736214605067,0.4246987951807228
3,0,0.7777777777777715,0.3185406698564592,0.0,0.828080229226361,0.3162068731783365,0.4281210592686002,0.4530443756449949,0.5449735449735449,0.3550295857988166,1,1.0,0.0,0,1,0.3201856148491879,0.5714285714285714,0.896551724137931,0.5903614457831325,0.386986301369863,0.1838709677419354,0.5943396226415094,0.3594847775175643,0.3277439024390244,0.3217592592592593,0.3265572061506385,0.3333333333333333,0.2643496577145866,0.5603576751117736,0.2289156626506023
3,0,0.8888888888888857,0.0377990430622009,0.0,0.1384909264565424,0.0255541245848301,0.2332912988650693,0.3085655314757482,0.0,0.0,0,0.0,1.0,1,1,0.031090487238979,0.2857142857142857,0.2413793103448275,0.0,0.0,0.3451612903225806,0.0,0.3079625292740046,0.0224847560975609,0.0333333333333333,0.0273651290070367,0.0111111111111111,0.1316482359136387,0.3472429210134128,0.2379518072289156
3,0,1.0,0.0974282296650717,0.0,0.2855778414517669,0.0940825594794278,0.2156368221941992,0.2115583075335397,0.4232804232804232,0.2366863905325447,2,0.0,0.0,1,1,0.1062645011600927,0.0476190476190476,0.2068965517241379,0.144578313253012,0.6575342465753424,0.0,0.3396226415094339,0.189695550351288,0.0891768292682926,0.1083333333333333,0.0758405003909304,0.1586206896551724,0.10057925223802,0.3248882265275708,0.0
21,0,0.0,0.3660287081339711,0.0428571428571428,0.8796561604584527,0.3366095031519012,0.3228247162673392,0.4334365325077399,0.0,0.1301775147928996,1,1.0,0.0,0,1,0.3385150812064965,0.0952380952380952,0.5517241379310345,0.0,0.0,0.5580645161290323,0.1698113207547169,0.2915690866510538,0.314405487804878,0.3400462962962963,0.3484493093562679,0.3321839080459769,0.3570300157977883,0.5737704918032788,0.144578313253012
21,0,0.1111111111111142,0.0309808612440191,0.0428571428571428,0.09360076408787,0.0412119568901239,0.2358133669609079,0.2466460268317853,0.1622574955908289,0.4319526627218941,0,0.0,1.0,1,0,0.045475638051044,0.4285714285714285,0.1034482758620689,0.2771084337349397,0.0,0.3838709677419354,0.0,0.2985948477751756,0.0190548780487805,0.037037037037037,0.0807922856398228,0.0693486590038314,0.0616113744075829,0.375558867362146,0.0
21,0,0.2222222222222001,0.3699760765550238,0.0428571428571428,0.889207258834766,0.3902934996271944,0.3253467843631778,0.2559339525283798,0.4021164021164021,0.5621301775147929,1,1.0,0.0,0,1,0.3642691415313225,0.4761904761904762,0.6551724137931034,0.4789156626506023,0.2363013698630137,0.2032258064516129,0.3547169811320754,0.3103044496487119,0.3879573170731706,0.3657407407407408,0.3982277821214491,0.4157088122605364,0.3986308583464981,0.3681073025335321,0.0421686746987951
21,0,0.3333333333333144,0.0868421052631578,0.0428571428571428,0.224450811843362,0.1112993967328678,0.2168978562421185,0.0185758513931888,0.0,0.6804733727810648,0,0.0,0.0,1,1,0.1046403712296983,0.4285714285714285,0.3103448275862069,0.0,0.0,0.4419354838709677,0.0490566037735849,0.2119437939110069,0.0964176829268292,0.1067129629629629,0.1287464164712014,0.1563218390804597,0.1242759347024749,0.0,0.0933734939759036
21,0,0.4444444444444286,0.3002990430622009,0.0428571428571428,0.725883476599809,0.3147156510540227,0.2698612862547289,0.1878224974200206,0.3350970017636684,0.5147928994082838,1,1.0,0.0,0,1,0.2842227378190255,0.7619047619047619,0.0,0.0753012048192771,0.5650684931506849,0.0,0.2132075471698113,0.3688524590163934,0.2541920731707316,0.2858796296296296,0.3377638780297107,0.3739463601532567,0.3575566087414429,0.2652757078986587,0.0512048192771084
21,0,0.5555555555555429,0.0410885167464114,0.0428571428571428,0.1174785100286532,0.0542262590659526,0.3215636822194199,0.0392156862745098,0.3174603174603174,0.4911242603550301,0,0.0,1.0,1,1,0.0819025522041763,0.6190476190476191,0.0344827586206896,0.5421686746987951,0.0,0.6322580645161291,0.1698113207547169,0.2622950819672131,0.0015243902439024,0.0840277777777777,0.0375293197810789,0.0892720306513409,0.1400737230121116,0.0327868852459016,0.0873493975903614
21,0,0.6666666666666572,0.2053827751196172,0.0428571428571428,0.5033428844317096,0.2072120924557716,0.2080706179066835,0.2972136222910217,0.5873015873015872,0.3668639053254434,2,0.0,0.0,2,1,0.2292343387470997,0.9523809523809524,0.3103448275862069,0.5963855421686747,0.4623287671232876,0.4516129032258064,0.0415094339622641,0.1967213114754098,0.1592987804878049,0.2310185185185184,0.2006776127182694,0.260919540229885,0.210637177461822,0.4485842026825634,0.0
21,0,0.7777777777777715,0.1364234449760764,0.0428571428571428,0.3409742120343839,0.1540025757473055,0.1923076923076923,0.1217750257997936,0.0881834215167548,0.5621301775147929,2,0.0,0.0,1,0,0.1350348027842227,0.238095238095238,0.0689655172413793,0.1024096385542168,0.0547945205479452,0.4548387096774193,0.0056603773584905,0.1885245901639344,0.1878810975609756,0.1192129629629629,0.1813917122752149,0.2176245210727969,0.1105845181674565,0.1609538002980626,0.0692771084337349
21,0,0.8888888888888857,0.245334928229665,0.0428571428571428,0.5969436485195798,0.2588626042160916,0.3783102143757881,0.2167182662538699,0.4938271604938271,0.5029585798816569,2,0.0,0.0,2,1,0.2800464037122969,0.1428571428571428,0.1034482758620689,0.3704819277108434,0.5376712328767123,0.0,0.490566037735849,0.3981264637002342,0.2621951219512195,0.2817129629629629,0.2668751628876726,0.232183908045977,0.2601369141653502,0.3323397913561848,0.0
21,0,1.0,0.0457535885167464,0.0428571428571428,0.1279847182425978,0.035518199688199,0.2976040353089533,0.3106295149638803,0.2716049382716049,0.0532544378698229,0,0.0,1.0,1,1,0.0403712296983758,0.6666666666666667,0.2068965517241379,0.3192771084337349,0.1643835616438356,0.0,0.4169811320754717,0.2939110070257611,0.0655487804878048,0.0425925925925926,0.0302319520458691,0.0590038314176245,0.0568720379146919,0.1892697466467958,0.5632530120481927
30,0,0.0,0.4951555023923444,0.2428571428571428,0.8911174785100286,0.5043042093133598,0.6424968474148802,0.4840041279669763,0.4955908289241622,0.4733727810650885,1,1.0,0.0,0,1,0.4693735498839907,0.8095238095238095,0.9655172413793104,0.503012048192771,0.3904109589041096,0.7354838709677419,0.4433962264150943,0.6510538641686183,0.4683689024390244,0.4706018518518517,0.5186343497524107,0.5164750957854405,0.5529225908372829,0.7183308494783905,0.0
30,0,0.1111111111111142,0.2299641148325358,0.2428571428571428,0.3753581661891117,0.2446959940351114,0.3247162673392181,0.1713106295149638,0.4938271604938271,0.5147928994082838,2,0.0,0.0,1,1,0.259860788863109,0.8095238095238095,0.0689655172413793,0.3463855421686747,0.5650684931506849,0.0387096774193548,0.3245283018867924,0.3875878220140515,0.1970274390243902,0.261574074074074,0.2447224394057857,0.3034482758620689,0.2327540810953133,0.1490312965722802,0.2379518072289156
30,0,0.2222222222222001,0.142523923444976,0.2428571428571428,0.2043935052531041,0.1728462007727241,0.3833543505674653,0.3436532507739938,0.4814814814814814,0.7337278106508878,0,0.0,0.0,1,1,0.1700696055684454,0.5714285714285714,0.0689655172413793,0.3192771084337349,0.571917808219178,0.1741935483870967,0.3660377358490566,0.4215456674473067,0.2111280487804877,0.1719907407407407,0.1712275215011727,0.1386973180076627,0.2338072669826224,0.2160953800298062,0.6054216867469879
30,0,0.3333333333333144,0.2613636363636362,0.2428571428571428,0.4364851957975167,0.2592693011590862,0.3524590163934426,0.4767801857585139,0.2698412698412698,0.3372781065088759,2,0.0,0.0,2,1,0.2498839907192575,0.7142857142857142,0.0,0.2981927710843373,0.184931506849315,0.0,0.3641509433962264,0.4285714285714285,0.2854420731707318,0.2516203703703703,0.2845973416731822,0.253639846743295,0.234333859926277,0.4321907600596125,0.5572289156626505
30,0,0.4444444444444286,0.1928229665071769,0.2428571428571428,0.3027698185291309,0.1966379719379109,0.4627994955863808,0.4437564499484004,0.1234567901234567,0.3846153846153841,2,0.0,0.0,1,1,0.2222737819025521,0.4761904761904762,0.2068965517241379,0.2108433734939759,0.0,0.6709677419354839,0.4377358490566037,0.3442622950819672,0.2076981707317073,0.224074074074074,0.200416992442012,0.1927203065134099,0.1716692996313849,0.3621460506706409,0.6024096385542168
30,0,0.5555555555555429,0.0398325358851674,0.2428571428571428,0.0047755491881566,0.0441266183149189,0.2370744010088272,0.1413828689370485,0.1604938271604938,0.3195266272189352,0,0.0,1.0,1,1,0.0531322505800463,0.5238095238095237,0.1034482758620689,0.2740963855421686,0.0,0.5258064516129032,0.3754716981132075,0.0163934426229508,0.0121951219512195,0.055324074074074,0.0628094865780557,0.042911877394636,0.1248025276461295,0.2235469448584203,0.0
30,0,0.6666666666666572,0.1474880382775119,0.2428571428571428,0.2139446036294173,0.1458008540635802,0.4085750315258512,0.2930856553147575,0.3597883597883597,0.2958579881656806,0,0.0,0.0,1,1,0.1375870069605567,0.4285714285714285,0.1034482758620689,0.4939759036144577,0.136986301369863,0.2806451612903226,0.450943396226415,0.3770491803278687,0.1451981707317073,0.1395833333333333,0.1790461297888975,0.1647509578544061,0.1369141653501843,0.4426229508196722,0.0
30,0,0.7777777777777715,0.0473684210526315,0.2428571428571428,0.0191021967526265,0.0654782078221378,0.0870113493064312,0.1465428276573787,0.3156966490299823,0.5857988165680474,0,0.0,1.0,1,0,0.0580046403712296,0.9047619047619048,0.2758620689655172,0.253012048192771,0.3253424657534246,0.0,0.0754716981132075,0.1147540983606557,0.0849847560975609,0.0324074074074074,0.0948657805577274,0.0440613026819923,0.1758820431806213,0.0402384500745156,0.3855421686746987
30,0,0.8888888888888857,0.4874401913875597,0.2428571428571428,0.8767908309455588,0.4929844777333423,0.621689785624212,0.2559339525283798,0.564373897707231,0.4497041420118348,1,1.0,0.0,0,1,0.4893271461716937,0.238095238095238,0.7586206896551724,0.6867469879518072,0.3150684931506849,0.5838709677419355,0.4867924528301887,0.6405152224824355,0.463795731707317,0.4905092592592592,0.4821475110763618,0.482375478927203,0.5466034755134281,0.3666169895678093,0.0451807228915662
30,0,1.0,0.4085526315789474,0.2428571428571428,0.723018147086915,0.4198468108181385,0.44640605296343,0.4179566563467492,0.1305114638447971,0.4852071005917162,1,1.0,0.0,0,1,0.4385150812064964,0.9523809523809524,0.3793103448275862,0.0,0.2534246575342466,0.2612903225806451,0.2113207547169811,0.6030444964871194,0.3525152439024389,0.4398148148148147,0.4375814438363304,0.4022988505747126,0.4476040021063718,0.3472429210134128,0.5572289156626505
28,0,0.0,0.2815191387559808,0.3999999999999999,0.3572110792741165,0.3044126618314918,0.2831021437578814,0.3973168214654283,0.0458553791887125,0.5976331360946752,2,0.0,0.0,1,1,0.2990719257540604,0.6666666666666667,0.0689655172413793,0.0783132530120481,0.0,0.0,0.0660377358490566,0.4847775175644027,0.3086890243902438,0.3006944444444445,0.2947615324472243,0.3413793103448275,0.3001579778830964,0.5275707898658719,0.1325301204819277
28,0,0.1111111111111142,0.4811004784688995,0.3999999999999999,0.7000955109837631,0.4921033010235205,0.4558638083228247,0.4736842105263159,0.328042328042328,0.4852071005917162,1,1.0,0.0,0,1,0.4503480278422274,0.9047619047619048,0.8620689655172413,0.1415662650602409,0.4760273972602739,0.4161290322580645,0.2452830188679245,0.5433255269320844,0.4576981707317072,0.4516203703703704,0.512379463122231,0.5091954022988505,0.5387045813586098,0.5901639344262296,0.2289156626506023
28,0,0.2222222222222001,0.4677631578947367,0.3999999999999999,0.6771728748806113,0.4828170541584762,0.6746532156368222,0.5748194014447884,0.5255731922398589,0.5147928994082838,1,1.0,0.0,0,1,0.4614849187935035,0.9523809523809524,0.6896551724137931,0.7680722891566264,0.1472602739726027,0.7419354838709677,0.6811320754716981,0.5608899297423888,0.5152439024390243,0.4627314814814814,0.4998696898618713,0.5034482758620691,0.3949447077409164,0.6825633383010432,0.3373493975903613
28,0,0.3333333333333144,0.4039473684210526,0.3999999999999999,0.5673352435530086,0.4171354978648409,0.3726355611601513,0.368421052631579,0.1728395061728395,0.5029585798816569,2,0.0,0.0,2,1,0.4006960556844547,0.9047619047619048,0.1724137931034483,0.003012048192771,0.3321917808219177,0.6645161290322581,0.1283018867924528,0.3711943793911006,0.3483231707317072,0.4020833333333333,0.4211623664321084,0.4532567049808428,0.4813059505002633,0.5022354694485843,0.0993975903614457
28,0,0.4444444444444286,0.4085526315789474,0.3999999999999999,0.5749761222540593,0.3837185657154476,0.5031525851197983,0.3488132094943241,0.7072310405643739,0.1952662721893494,2,0.0,0.0,2,1,0.4032482598607888,0.8095238095238095,0.3103448275862069,0.5,0.8047945205479452,0.5516129032258065,0.330188679245283,0.5292740046838408,0.3570884146341463,0.4046296296296295,0.400312744331509,0.3850574712643678,0.339652448657188,0.293591654247392,0.4638554216867469
28,0,0.5555555555555429,0.2753588516746411,0.3999999999999999,0.3467048710601719,0.2699789873246119,0.3846153846153846,0.131062951496388,0.5837742504409171,0.3076923076923075,2,0.0,0.0,1,1,0.3071925754060325,0.238095238095238,0.0344827586206896,0.3463855421686747,0.7397260273972602,0.0,0.4433962264150943,0.4391100702576112,0.2351371951219511,0.3087962962962963,0.3044044826687516,0.2417624521072796,0.2332806740389678,0.1564828614008941,0.1054216867469879
28,0,0.6666666666666572,0.3839712918660286,0.3999999999999999,0.5329512893982808,0.3826340405341285,0.2812105926860025,0.4974200206398348,0.4585537918871252,0.3786982248520711,2,0.0,0.0,2,1,0.3809744779582367,0.6190476190476191,0.2413793103448275,0.0993975903614457,0.7773972602739725,0.2064516129032258,0.1320754716981132,0.3653395784543325,0.3894817073170731,0.3824074074074074,0.366432108418035,0.357088122605364,0.44391785150079,0.6602086438152012,0.1566265060240963
28,0,0.7777777777777715,0.4340311004784688,0.3999999999999999,0.6189111747851003,0.4443164102216497,0.544766708701135,0.3653250773993808,0.4514991181657848,0.4792899408284023,2,0.0,0.0,2,1,0.4672853828306265,0.9047619047619048,0.2413793103448275,0.5331325301204819,0.2705479452054794,0.7516129032258064,0.4547169811320755,0.4566744730679157,0.4508384146341462,0.4685185185185185,0.4550430023455825,0.3950191570881226,0.4112690889942075,0.4634873323397914,0.1686746987951806
28,0,0.8888888888888857,0.0795454545454545,0.3999999999999999,0.0105062082139446,0.086423100386362,0.0781841109709962,0.3157894736842105,0.3527336860670194,0.3905325443786989,0,0.0,1.0,1,1,0.0793503480278422,0.4285714285714285,0.0,0.0,0.684931506849315,0.0,0.0,0.1451990632318501,0.1486280487804878,0.0814814814814814,0.0852228303362001,0.1226053639846743,0.0505529225908372,0.3889716840536513,0.1746987951807228
28,0,1.0,0.0908492822966507,0.3999999999999999,0.0296084049665711,0.1007930590388395,0.3707440100882723,0.1805985552115583,0.1922398589065255,0.443786982248521,0,0.0,1.0,1,1,0.0988399071925753,0.9523809523809524,0.1724137931034483,0.1024096385542168,0.2568493150684931,0.5387096774193548,0.4471698113207547,0.2154566744730678,0.1349085365853658,0.1009259259259258,0.1222309095647641,0.0839080459770114,0.1153238546603475,0.2801788375558867,0.0
7,0,0.0,0.4709330143540668,0.4428571428571428,0.6446991404011462,0.4848505388734494,0.5914249684741489,0.4643962848297213,0.6313932980599647,0.5088757396449708,1,0.0,0.0,0,1,0.5023201856148491,0.238095238095238,0.2068965517241379,0.716867469879518,0.410958904109589,0.2935483870967741,0.6509433962264151,0.5878220140515222,0.5205792682926829,0.5034722222222222,0.4581704456606724,0.4770114942528735,0.4312796208530806,0.5752608047690015,0.2319277108433734
7,0,0.1111111111111142,0.1531100478468899,0.4428571428571428,0.1155682903533906,0.1620687317833661,0.1506935687263556,0.1506707946336429,0.0,0.4378698224852071,0,0.0,1.0,1,1,0.1830626450116009,0.6666666666666667,0.1379310344827586,0.0,0.0,0.3258064516129032,0.0433962264150943,0.1346604215456674,0.1097560975609756,0.1849537037037037,0.1871253583528798,0.1390804597701149,0.2280147446024223,0.2369597615499254,0.0
7,0,0.2222222222222001,0.6514952153110046,0.4428571428571428,0.9446036294173832,0.6536975530400595,0.578814627994956,0.4871001031991744,0.4391534391534391,0.4378698224852071,1,1.0,0.0,0,1,0.6649651972157773,0.6666666666666667,0.0,0.1566265060240963,0.6746575342465753,0.6419354838709677,0.4169811320754717,0.5831381733021077,0.6798780487804877,0.6657407407407407,0.6273130049517852,0.6605363984674331,0.559768299104792,0.5081967213114755,0.4337349397590361
7,0,0.3333333333333144,0.5158492822966506,0.4428571428571428,0.7191977077363897,0.5353487426286179,0.639344262295082,0.6047471620227037,0.7777777777777778,0.550295857988166,1,1.0,0.0,0,1,0.5250580046403712,0.3333333333333333,0.7931034482758621,0.7771084337349397,0.6267123287671232,0.8290322580645161,0.5037735849056604,0.5737704918032788,0.5666920731707316,0.5261574074074074,0.473807662236122,0.5521072796934865,0.5734597156398106,0.669150521609538,0.4518072289156626
7,0,0.4444444444444286,0.6799043062200955,0.4428571428571428,0.9923591212989494,0.6584423507083303,0.6538461538461539,0.651186790505676,0.4109347442680776,0.3076923076923075,1,1.0,0.0,0,1,0.6538283062645012,0.8095238095238095,0.7931034482758621,0.0903614457831325,0.6952054794520548,0.2838709677419355,0.6547169811320755,0.7049180327868853,0.6291920731707316,0.6546296296296296,0.6773520979932238,0.6413793103448275,0.6171669299631385,0.8092399403874814,0.3042168674698794
7,0,0.5555555555555429,0.650358851674641,0.4428571428571428,0.9426934097421203,0.6486816240764588,0.7704918032786886,0.5345717234262126,0.3192239858906525,0.4201183431952664,1,1.0,0.0,0,1,0.6649651972157773,0.0476190476190476,0.7586206896551724,0.1987951807228915,0.3938356164383561,0.5806451612903225,0.7018867924528303,0.7845433255269321,0.6882621951219511,0.6657407407407407,0.618191295282773,0.6007662835249041,0.6097946287519748,0.4769001490312966,0.6355421686746988
7,0,0.6666666666666572,0.1094497607655501,0.4428571428571428,0.0429799426934097,0.1206534264217447,0.2326607818411097,0.1568627450980392,0.2786596119929453,0.4674556213017755,0,0.0,1.0,1,1,0.0907192575406032,0.5714285714285714,0.2413793103448275,0.4759036144578313,0.0,0.1193548387096774,0.3113207547169811,0.1955503512880562,0.1169969512195121,0.092824074074074,0.1133698201720093,0.1662835249042145,0.2174828857293312,0.195230998509687,0.1024096385542168
7,0,0.7777777777777715,0.6513157894736841,0.4428571428571428,0.9446036294173832,0.6577645224700059,0.6305170239596469,0.501547987616099,0.3668430335097001,0.4674556213017755,1,1.0,0.0,0,1,0.6248259860788863,0.0952380952380952,1.0,0.2349397590361445,0.4452054794520548,0.7645161290322581,0.620754716981132,0.5081967213114754,0.6562499999999999,0.6256944444444444,0.6411258795934324,0.6597701149425286,0.6882569773565035,0.6214605067064084,0.2469879518072288
7,0,0.8888888888888857,0.6099880382775119,0.4428571428571428,0.8758357211079274,0.6191960957093471,0.5838587641866331,0.7997936016511867,0.2839506172839506,0.4792899408284023,1,1.0,0.0,0,1,0.5967517401392112,0.2857142857142857,1.0,0.1265060240963855,0.4075342465753424,0.1516129032258064,0.6867924528301886,0.6030444964871194,0.584984756097561,0.5976851851851852,0.6283554860568153,0.6229885057471265,0.6271721958925751,0.7853949329359167,0.7861445783132529
7,0,1.0,0.4267344497607654,0.4428571428571428,0.5711556829035339,0.4201179421134683,0.414249684741488,0.413828689370485,0.492063492063492,0.3491124260355036,2,0.0,0.0,2,1,0.4174013921113689,0.7142857142857142,0.2068965517241379,0.2108433734939759,0.7157534246575341,0.2580645161290322,0.1528301886792452,0.5807962529274006,0.4321646341463414,0.41875,0.4055251498566589,0.4513409961685823,0.3849394418114797,0.3919523099850969,0.4548192771084337
32,0,0.0,0.1902511961722487,0.5,0.148997134670487,0.2030773402019927,0.135561160151324,0.3281733746130031,0.1587301587301587,0.497041420118343,0,0.0,1.0,1,1,0.2067285382830626,0.238095238095238,0.2413793103448275,0.0,0.3082191780821918,0.0,0.0622641509433962,0.2131147540983606,0.1760670731707317,0.2085648148148148,0.2230909564764138,0.2432950191570881,0.1853607161664034,0.180327868852459,0.6325301204819276
32,0,0.1111111111111142,0.2357057416267941,0.5,0.221585482330468,0.2476784382837388,0.2395964691046658,0.3384932920536636,0.1992945326278659,0.4852071005917162,0,0.0,0.0,1,1,0.2417633410672853,0.2857142857142857,0.2758620689655172,0.0,0.386986301369863,0.0,0.3584905660377358,0.2224824355971897,0.2907774390243901,0.2435185185185185,0.2204847537138389,0.2977011494252873,0.2243285939968404,0.2414307004470939,0.539156626506024
32,0,0.2222222222222001,0.3537081339712918,0.5,0.4106972301814708,0.369484172710635,0.4148802017654477,0.542827657378741,0.091710758377425,0.5266272189349115,2,0.0,0.0,1,1,0.3436194895591647,0.1904761904761904,0.2413793103448275,0.1566265060240963,0.0,0.0,0.4962264150943396,0.4625292740046838,0.3323170731707316,0.3451388888888889,0.3898879332812093,0.4264367816091953,0.3628225381779885,0.5514157973174367,0.5090361445783131
32,0,0.3333333333333144,0.6937200956937798,0.5,0.953199617956065,0.6930115908628752,0.6418663303909207,0.6904024767801857,0.929453262786596,0.4260355029585803,1,1.0,0.0,0,1,0.6948955916473317,0.0952380952380952,0.5517241379310345,0.8674698795180722,0.8184931506849314,0.6,0.5584905660377358,0.6276346604215457,0.7332317073170731,0.6956018518518517,0.6872556684910086,0.6662835249042145,0.5945234333859928,0.8688524590163935,0.2981927710843373
32,0,0.4444444444444286,0.6217105263157893,0.5,0.8385864374403056,0.6154680403985628,0.6532156368221943,0.499484004127967,0.4303350970017636,0.3846153846153841,1,1.0,0.0,0,1,0.622505800464037,0.3333333333333333,0.3793103448275862,0.003012048192771,0.8321917808219178,0.1129032258064516,0.7584905660377359,0.7014051522248244,0.5750762195121951,0.6233796296296296,0.5973416731821736,0.5911877394636014,0.6598209583991574,0.5737704918032788,0.3373493975903613
32,0,0.5555555555555429,0.3366626794258373,0.5,0.3829990448901623,0.3268487765200297,0.4968474148802018,0.4871001031991744,0.4603174603174603,0.2899408284023668,2,0.0,0.0,1,1,0.3665893271461716,0.6666666666666667,0.2068965517241379,0.6234939759036143,0.184931506849315,0.7451612903225807,0.6113207547169811,0.2728337236533957,0.3041158536585364,0.3680555555555556,0.3304665102945009,0.2973180076628352,0.315955766192733,0.4470938897168405,0.5572289156626505
32,0,0.6666666666666572,0.5678229665071769,0.5,0.7526265520534862,0.5752728258659254,0.5762925598991173,0.7884416924664602,0.6631393298059964,0.4674556213017755,1,1.0,0.0,0,1,0.5814385150812065,0.238095238095238,0.3103448275862069,0.4849397590361445,0.7363013698630136,0.364516129032258,0.6509433962264151,0.5339578454332553,0.5323932926829267,0.5824074074074074,0.5540787073234299,0.6314176245210728,0.5318588730911007,0.7645305514157974,0.7951807228915662
32,0,0.7777777777777715,0.5973684210526314,0.5,0.7994269340974212,0.5941842337151765,0.6172761664564944,0.5356037151702786,0.6754850088183421,0.4023668639053257,1,1.0,0.0,0,1,0.5733178654292344,0.1428571428571428,0.8275862068965517,0.358433734939759,0.9041095890410958,0.4,0.6622641509433962,0.5901639344262295,0.5590701219512194,0.5743055555555555,0.5830075579880114,0.6340996168582376,0.5982095839915745,0.6825633383010432,0.2228915662650602
32,0,0.8888888888888857,0.6095095693779904,0.5,0.8185291308500477,0.6242120246729478,0.4735182849936948,0.5108359133126934,0.7072310405643739,0.5147928994082838,1,1.0,0.0,0,1,0.6259860788863109,0.2857142857142857,0.7931034482758621,0.8674698795180722,0.386986301369863,0.0,0.3452830188679245,0.6651053864168618,0.6143292682926829,0.6268518518518518,0.5811832160542091,0.646743295019157,0.6219062664560295,0.5275707898658719,0.4638554216867469
32,0,1.0,0.3627392344497606,0.5,0.4250238777459408,0.3772114146275332,0.501891551071879,0.5366357069143446,0.3527336860670194,0.5147928994082838,2,0.0,0.0,1,1,0.3907192575406032,0.5714285714285714,0.2413793103448275,0.6024096385542168,0.0,0.6580645161290322,0.4490566037735849,0.414519906323185,0.4104420731707316,0.3921296296296296,0.3479280688037529,0.4126436781609194,0.3117430226434965,0.5678092399403876,0.4578313253012047
4,0,0.0,0.5175239234449759,0.4857142857142857,0.6838586437440306,0.5124381481732527,0.4943253467843632,0.5737874097007224,0.5361552028218695,0.3786982248520711,1,1.0,0.0,0,1,0.5129930394431554,0.1904761904761904,1.0,0.4518072289156626,0.5273972602739726,0.2032258064516129,0.3415094339622642,0.6323185011709602,0.4858993902439024,0.5141203703703704,0.5272348188689081,0.4796934865900382,0.5260663507109006,0.5782414307004471,0.5451807228915663
4,0,0.1111111111111142,0.2126794258373205,0.4857142857142857,0.1919770773638968,0.2388666711855215,0.3575031525851198,0.2156862745098039,0.5837742504409171,0.6508875739644973,0,0.0,0.0,1,1,0.251044083526682,0.0952380952380952,0.0,0.3403614457831325,0.7465753424657534,0.2064516129032258,0.460377358490566,0.3032786885245901,0.2217987804878048,0.2527777777777777,0.2504560854834505,0.2678160919540229,0.210637177461822,0.330849478390462,0.0
4,0,0.2222222222222001,0.3938397129186601,0.4857142857142857,0.484240687679083,0.3933437266996542,0.3978562421185372,0.2569659442724458,0.7548500881834215,0.3905325443786989,2,0.0,0.0,2,1,0.4053364269141531,0.6190476190476191,0.0344827586206896,0.6144578313253011,0.7671232876712328,0.2548387096774193,0.1226415094339622,0.5702576112412178,0.3582317073170731,0.406712962962963,0.3565285379202503,0.3977011494252873,0.4791995787256451,0.2682563338301043,0.2469879518072288
4,0,0.3333333333333144,0.4415669856459329,0.4857142857142857,0.5616045845272206,0.4639734291330576,0.3757881462799495,0.5087719298245614,0.2398589065255731,0.5739644970414197,2,0.0,0.0,2,1,0.4559164733178653,0.3809523809523809,0.3103448275862069,0.0180722891566265,0.4452054794520548,0.1903225806451613,0.3641509433962264,0.4028103044496486,0.4904725609756096,0.4571759259259258,0.4206411258795934,0.471647509578544,0.4992101105845182,0.4381520119225037,0.6385542168674698
4,0,0.4444444444444286,0.2063995215311004,0.4857142857142857,0.1824259789875835,0.2060597844506202,0.3455233291298865,0.1950464396284829,0.4356261022927689,0.3372781065088759,0,0.0,1.0,1,1,0.2190255220417633,0.5714285714285714,0.1034482758620689,0.3192771084337349,0.4828767123287671,0.0580645161290322,0.4641509433962264,0.3325526932084309,0.2035060975609755,0.2208333333333333,0.2199635131613239,0.1904214559386973,0.2216956292785677,0.2354694485842027,0.1325301204819277
4,0,0.5555555555555429,0.3928229665071769,0.4857142857142857,0.4832855778414517,0.3934792923473191,0.4823455233291299,0.4623323013415893,0.4938271604938271,0.3964497041420118,2,0.0,0.0,2,1,0.3647331786542923,0.6666666666666667,0.1034482758620689,0.7138554216867469,0.1472602739726027,0.2548387096774193,0.5566037735849056,0.4578454332552693,0.3997713414634146,0.3662037037037037,0.3846755277560594,0.3816091954022988,0.4802527646129542,0.3591654247391952,0.6626506024096385
4,0,0.6666666666666572,0.639712918660287,0.4857142857142857,0.8815663801337155,0.6379041550871009,0.7011349306431274,0.434468524251806,0.2310405643738977,0.4142011834319525,1,1.0,0.0,0,1,0.6006960556844547,0.2857142857142857,0.1034482758620689,0.3072289156626505,0.0993150684931506,0.9064516129032258,0.5433962264150943,0.6358313817330211,0.644435975609756,0.6016203703703704,0.6630179827990618,0.6295019157088122,0.602422327540811,0.4843517138599106,0.3283132530120481
4,0,0.7777777777777715,0.5901913875598085,0.4857142857142857,0.8013371537726839,0.587677082627262,0.6796973518284994,0.5902992776057792,0.6649029982363316,0.4023668639053257,1,1.0,0.0,0,1,0.5781902552204177,0.4285714285714285,0.6551724137931034,0.8072289156626505,0.3732876712328767,0.6451612903225806,0.5226415094339623,0.7037470725995316,0.6074695121951219,0.5791666666666667,0.5689340630701069,0.5693486590038315,0.587151132174829,0.8002980625931447,0.144578313253012
4,0,0.8888888888888857,0.1670454545454545,0.4857142857142857,0.1184336198662845,0.1692537111096047,0.2269861286254729,0.1042311661506708,0.3068783068783068,0.3550295857988166,0,0.0,1.0,1,1,0.1939675174013921,0.9047619047619048,0.0344827586206896,0.4578313253012047,0.0753424657534246,0.0,0.1698113207547169,0.3161592505854801,0.1840701219512195,0.1958333333333333,0.1636695334897055,0.185823754789272,0.139547130068457,0.0864381520119225,0.1686746987951806
4,0,1.0,0.4738038277511961,0.4857142857142857,0.6131805157593123,0.4845116247542872,0.6172761664564944,0.4055727554179567,0.0088183421516754,0.4852071005917162,2,0.0,0.0,2,1,0.4719257540603249,0.6666666666666667,0.1379310344827586,0.0,0.0171232876712328,0.7354838709677419,0.4830188679245283,0.5796252927400468,0.5110518292682926,0.4731481481481482,0.490747980192859,0.4888888888888889,0.4286466561348078,0.4336810730253354,0.3463855421686747
13,0,0.0,0.3855861244019137,0.5714285714285714,0.4145176695319961,0.3734155764929165,0.4312736443883985,0.2734778121775026,0.4303350970017636,0.2899408284023668,2,0.0,0.0,1,1,0.3886310904872389,0.2857142857142857,0.0689655172413793,0.0903614457831325,0.732876712328767,0.267741935483871,0.5641509433962264,0.3536299765807962,0.3307926829268292,0.3900462962962963,0.3544435757101902,0.4302681992337164,0.3596629805160611,0.4143070044709389,0.0
13,0,0.1111111111111142,0.7088516746411482,0.5714285714285714,0.90639923591213,0.702365620551752,0.6450189155107189,0.4912280701754386,0.5961199294532628,0.3964497041420118,1,1.0,0.0,0,1,0.6691415313225058,0.1428571428571428,0.896551724137931,0.1385542168674698,1.0,0.5774193548387097,0.4849056603773584,0.6873536299765808,0.6966463414634145,0.6699074074074074,0.6843888454521763,0.7394636015325671,0.6814112690889943,0.5678092399403876,0.3253012048192771
13,0,0.2222222222222001,0.5601076555023922,0.5714285714285714,0.6800382043935053,0.5594116450891343,0.5592686002522068,0.587203302373581,0.6649029982363316,0.4142011834319525,1,1.0,0.0,0,1,0.5591647331786542,0.4761904761904762,0.896551724137931,0.3734939759036144,0.8664383561643836,0.267741935483871,0.3830188679245283,0.7037470725995316,0.5884146341463414,0.5601851851851851,0.5241073755538181,0.536015325670498,0.5734597156398106,0.518628912071535,0.7048192771084336
13,0,0.3333333333333144,0.64377990430622,0.5714285714285714,0.8070678127984718,0.6498339320816103,0.4413619167717528,0.5170278637770898,0.6049382716049382,0.4615384615384617,1,1.0,0.0,0,1,0.6672853828306264,1.0,1.0,0.3313253012048192,0.797945205479452,0.3290322580645161,0.3641509433962264,0.4742388758782201,0.6211890243902438,0.6680555555555555,0.6127182694813658,0.6157088122605363,0.6966824644549763,0.4202682563338301,0.6987951807228915
13,0,0.4444444444444286,0.3752392344497607,0.5714285714285714,0.3982808022922636,0.3783637226326847,0.4564943253467843,0.4014447884416925,0.3562610229276896,0.4142011834319525,2,0.0,0.0,1,1,0.3839907192575406,0.3333333333333333,0.3103448275862069,0.4879518072289155,0.136986301369863,0.635483870967742,0.1396226415094339,0.5304449648711944,0.3894817073170731,0.3854166666666666,0.3724263747719573,0.3655172413793103,0.3802001053185887,0.4098360655737705,0.3825301204819276
13,0,0.5555555555555429,0.1636961722488037,0.5714285714285714,0.0764087870105061,0.1835558869382497,0.3297604035308953,0.4840041279669763,0.2222222222222222,0.5857988165680474,0,0.0,1.0,1,1,0.196983758700696,0.4285714285714285,0.2068965517241379,0.0,0.4315068493150684,0.0,0.4528301886792453,0.3313817330210772,0.2061737804878048,0.1988425925925926,0.1436017722178785,0.2249042145593869,0.2001053185887309,0.4470938897168405,0.5481927710843373
13,0,0.6666666666666572,0.3449760765550238,0.5714285714285714,0.3524355300859598,0.3550464312343251,0.4489281210592685,0.4840041279669763,0.1181657848324514,0.4733727810650885,2,0.0,0.0,1,1,0.3269141531322506,0.6666666666666667,0.1379310344827586,0.2018072289156626,0.0,0.6161290322580646,0.2849056603773585,0.4332552693208431,0.2999237804878047,0.3284722222222223,0.3771175397445921,0.3747126436781609,0.4302264349657715,0.631892697466468,0.1746987951807228
13,0,0.7777777777777715,0.7005980861244018,0.5714285714285714,0.8930276981852914,0.7054836304480444,0.576923076923077,0.7358101135190918,0.6190476190476191,0.4615384615384617,1,1.0,0.0,0,1,0.6649651972157773,0.0476190476190476,0.4482758620689655,0.8433734939759036,0.2431506849315068,0.0612903225806451,0.4792452830188679,0.7517564402810304,0.740091463414634,0.6657407407407407,0.6507688298149596,0.7478927203065133,0.711427066877304,0.895678092399404,0.3765060240963855
13,0,0.8888888888888857,0.2261961722488037,0.5714285714285714,0.1719197707736389,0.2270046770148443,0.2812105926860025,0.2879256965944272,0.1763668430335097,0.3609467455621304,0,0.0,1.0,1,1,0.251508120649652,0.5238095238095237,0.3103448275862069,0.0,0.3424657534246575,0.1161290322580645,0.0528301886792452,0.4473067915690866,0.2008384146341462,0.2532407407407407,0.2157935887412041,0.2839080459770114,0.1943127962085307,0.4351713859910581,0.0
13,0,1.0,0.2969497607655501,0.5714285714285714,0.2798471824259789,0.3040059648884972,0.3694829760403531,0.2435500515995871,0.4938271604938271,0.443786982248521,2,0.0,0.0,1,1,0.3327146171693735,0.6666666666666667,0.0344827586206896,0.3313253012048192,0.5821917808219178,0.7,0.1981132075471698,0.3091334894613582,0.2987804878048781,0.3342592592592592,0.3320302319520459,0.2689655172413793,0.2585571353343865,0.3710879284649777,0.0
22,0,0.0,0.3929425837320573,0.6428571428571428,0.382043935052531,0.396393953772114,0.2402269861286254,0.2951496388028896,0.2345679012345679,0.4201183431952664,2,0.0,0.0,1,1,0.4002320185614848,0.1904761904761904,0.1034482758620689,0.4006024096385542,0.0,0.1,0.2226415094339622,0.2716627634660421,0.3990091463414633,0.4016203703703703,0.3836330466510295,0.3816091954022988,0.4254870984728806,0.2816691505216095,0.3313253012048192
22,0,0.1111111111111142,0.242523923444976,0.6428571428571428,0.1642788920725883,0.2392733681285162,0.2736443883984867,0.2693498452012384,0.5520282186948854,0.3195266272189352,0,0.0,1.0,1,1,0.2726218097447795,0.9523809523809524,0.1379310344827586,0.466867469879518,0.5410958904109588,0.0,0.0283018867924528,0.4906323185011709,0.2157012195121951,0.2743055555555556,0.253322908522283,0.2363984674329501,0.210637177461822,0.330849478390462,0.1566265060240963
22,0,0.2222222222222001,0.7535885167464113,0.6428571428571428,0.9054441260744984,0.7666915203687384,0.918032786885246,0.4045407636738906,0.6243386243386243,0.5029585798816569,1,1.0,0.0,0,1,0.7645011600928073,0.6666666666666667,0.5862068965517241,0.7740963855421685,0.3321917808219177,0.8999999999999999,0.8113207547169811,0.8747072599531616,0.7347560975609755,0.7650462962962963,0.7456346103726871,0.7329501915708811,0.7972617166929964,0.5081967213114755,0.1927710843373493
22,0,0.3333333333333144,0.1708732057416267,0.6428571428571428,0.0601719197707735,0.1854538060055582,0.264186633039092,0.3931888544891641,0.5573192239858906,0.5147928994082838,0,0.0,1.0,1,1,0.2109048723897912,1.0,0.0689655172413793,0.5542168674698794,0.4520547945205479,0.0,0.2150943396226415,0.3571428571428571,0.1916920731707317,0.2127314814814815,0.2084962210059942,0.1754789272030651,0.1400737230121116,0.4783904619970194,0.2198795180722891
22,0,0.4444444444444286,0.5706937799043061,0.6428571428571428,0.6399235912129895,0.5725615129126278,0.7667087011349307,0.5459236326109391,0.5326278659611993,0.4319526627218941,1,0.0,0.0,0,1,0.5890951276102089,0.9047619047619048,0.1379310344827586,0.358433734939759,0.6267123287671232,0.6322580645161291,0.7301886792452831,0.7412177985948478,0.566310975609756,0.5900462962962963,0.5994266353922335,0.5390804597701149,0.4818325434439179,0.7436661698956781,0.1295180722891566
22,0,0.5555555555555429,0.7216507177033492,0.6428571428571428,0.8595988538681949,0.7411373957839082,0.7742749054224465,0.7719298245614035,0.5485008818342152,0.5384615384615392,1,1.0,0.0,0,1,0.7406032482598608,0.7619047619047619,0.1034482758620689,0.641566265060241,0.3356164383561644,0.5741935483870968,0.7245283018867924,0.7798594847775175,0.7278963414634145,0.7412037037037037,0.7367735209799322,0.7333333333333334,0.6798314902580306,0.7540983606557378,0.7680722891566264
22,0,0.6666666666666572,0.8142942583732055,0.6428571428571428,0.994269340974212,0.7922456449535688,0.7610340479192939,1.0,0.4338624338624338,0.3313609467455629,1,1.0,0.0,0,1,0.797215777262181,0.8571428571428572,0.896551724137931,0.2409638554216867,0.5684931506849316,0.9258064516129032,0.5056603773584906,0.7634660421545667,0.7553353658536583,0.7976851851851852,0.7714360177221788,0.7973180076628352,0.7525013164823593,0.9806259314456036,0.9759036144578312
22,0,0.7777777777777715,0.1647727272727272,0.6428571428571428,0.0506208213944603,0.1572561512912627,0.3808322824716267,0.2652218782249742,0.0,0.2248520710059178,0,0.0,1.0,1,1,0.1566125290023201,0.7142857142857142,0.1034482758620689,0.0,0.0,0.6645161290322581,0.5,0.1557377049180327,0.1379573170731707,0.1585648148148148,0.1751368256450351,0.1969348659003831,0.1563981042654028,0.3889716840536513,0.0271084337349397
22,0,0.8888888888888857,0.5826555023923444,0.6428571428571428,0.6580706781279847,0.5832711990781534,0.566204287515763,0.7481940144478844,0.599647266313933,0.4260355029585803,1,0.0,0.0,0,1,0.5566125290023202,0.2857142857142857,0.3103448275862069,0.3524096385542168,0.7636986301369862,0.7483870967741935,0.3962264150943396,0.5339578454332553,0.6257621951219511,0.5576388888888889,0.5387021110242377,0.5850574712643677,0.6161137440758294,0.7093889716840538,0.789156626506024
22,0,1.0,0.7305023923444975,0.6428571428571428,0.8720152817574021,0.7286653561987391,0.5851197982345524,0.6357069143446853,0.82010582010582,0.4260355029585803,1,1.0,0.0,0,1,0.7183294663573085,0.3333333333333333,0.5172413793103449,0.6054216867469879,0.9041095890410958,0.2870967741935484,0.3792452830188679,0.747072599531616,0.7096036585365852,0.7189814814814814,0.7185301016419078,0.7164750957854407,0.7187993680884677,0.4873323397913562,0.9096385542168672
0,0,0.0,0.5296052631578946,0.7142857142857142,0.5329512893982808,0.5478885650376194,0.5863808322824716,0.5170278637770898,0.9029982363315696,0.5384615384615392,2,0.0,0.0,2,1,0.5127610208816704,0.1428571428571428,0.2413793103448275,0.7951807228915662,0.8493150684931506,0.6935483870967741,0.4283018867924528,0.5714285714285714,0.5586890243902438,0.5138888888888888,0.5334897054990878,0.5773946360153257,0.5545023696682464,0.5380029806259315,0.4608433734939758
0,0,0.1111111111111142,0.1605263157894736,0.7142857142857142,0.0200573065902578,0.19189317426964,0.3058007566204287,0.3952528379772962,0.3686067019400352,0.7396449704142007,0,0.0,1.0,1,1,0.1932714617169373,0.3809523809523809,0.1034482758620689,0.3132530120481927,0.3595890410958904,0.6838709677419355,0.190566037735849,0.2014051522248243,0.1867378048780487,0.1951388888888888,0.2040656763096169,0.2195402298850574,0.1853607161664034,0.3323397913561848,0.5210843373493975
0,0,0.2222222222222001,0.2680023923444975,0.7142857142857142,0.1690544412607449,0.261235003050227,0.2042875157629256,0.2662538699690402,0.2627865961199294,0.2899408284023668,0,0.0,1.0,1,1,0.2677494199535962,0.5714285714285714,0.0689655172413793,0.0,0.5102739726027397,0.0,0.1716981132075471,0.2728337236533957,0.2820121951219512,0.2694444444444445,0.2866823038832421,0.2371647509578544,0.2322274881516587,0.3517138599105813,0.1054216867469879
0,0,0.3333333333333144,0.492523923444976,0.7142857142857142,0.4813753581661891,0.5104046634582795,0.5813366960907945,0.2641898864809081,0.6278659611992945,0.5384615384615392,2,0.0,0.0,2,1,0.48584686774942,0.6190476190476191,0.1379310344827586,0.4186746987951806,0.7431506849315068,0.5774193548387097,0.5490566037735849,0.5292740046838408,0.4435975609756097,0.487037037037037,0.5238467552775606,0.560919540229885,0.5255397577672459,0.3979135618479881,0.0060240963855421
0,0,0.4444444444444286,0.6668062200956937,0.7142857142857142,0.723018147086915,0.6692876025215209,0.4098360655737704,0.368421052631579,0.7954144620811288,0.443786982248521,1,1.0,0.0,0,1,0.6436194895591647,0.5714285714285714,0.3103448275862069,0.8012048192771084,0.6335616438356164,0.1290322580645161,0.3490566037735849,0.4976580796252927,0.663871951219512,0.6444444444444445,0.6734427938493615,0.6927203065134098,0.6140073723012112,0.5052160953800299,0.0933734939759036
0,0,0.5555555555555429,0.4707535885167464,0.7142857142857142,0.4508118433619866,0.4870873720599199,0.5611601513240858,0.5252837977296182,0.5114638447971781,0.5266272189349115,2,0.0,0.0,2,1,0.4844547563805104,0.4285714285714285,0.3103448275862069,0.1957831325301204,0.7705479452054794,0.4709677419354838,0.4547169811320755,0.5889929742388759,0.5049542682926829,0.4856481481481481,0.4626009903570498,0.4689655172413793,0.5129015271195366,0.511177347242921,0.539156626506024
0,0,0.6666666666666572,0.2110645933014353,0.7142857142857142,0.0897803247373447,0.2265979800718497,0.5119798234552333,0.0866873065015479,0.0,0.5266272189349115,0,0.0,1.0,1,1,0.2037122969837586,0.0952380952380952,0.1379310344827586,0.0,0.0,0.5870967741935483,0.5207547169811321,0.414519906323185,0.2019817073170731,0.2055555555555555,0.2223090956476414,0.2590038314176245,0.3191153238546603,0.1445603576751117,0.0
0,0,0.7777777777777715,0.7464712918660286,0.7142857142857142,0.833810888252149,0.7544228292550665,0.8631778058007566,0.7492260061919505,0.8553791887125219,0.4792899408284023,1,1.0,0.0,0,1,0.763109048723898,0.7142857142857142,0.7931034482758621,0.8072289156626505,0.7431506849315068,0.967741935483871,0.6245283018867924,0.864168618266979,0.7858231707317073,0.7636574074074074,0.7167057597081053,0.7130268199233716,0.7203791469194313,0.6885245901639345,0.8343373493975902
0,0,0.8888888888888857,0.331578947368421,0.7142857142857142,0.2578796561604584,0.3449467904832914,0.3587641866330391,0.1940144478844169,0.2998236331569665,0.5029585798816569,2,0.0,0.0,1,1,0.3614849187935034,0.3333333333333333,0.1034482758620689,0.5120481927710843,0.0,0.132258064516129,0.2924528301886792,0.4367681498829039,0.296875,0.3629629629629629,0.3296846494657285,0.3973180076628351,0.3422854133754608,0.2995529061102832,0.0
0,0,1.0,0.5591507177033492,0.7142857142857142,0.5730659025787965,0.5579204229648206,0.6727616645649432,0.3519091847265222,0.3774250440917107,0.4082840236686396,2,0.0,0.0,2,1,0.5248259860788863,0.238095238095238,0.2413793103448275,0.3102409638554216,0.3801369863013698,0.8806451612903226,0.6264150943396227,0.540983606557377,0.4984756097560974,0.525925925925926,0.5665884805837894,0.606896551724138,0.5808320168509742,0.5275707898658719,0.0
12,0,0.0,1.0,0.9285714285714286,0.988538681948424,0.9856300413475224,1.0,0.9205366357069144,0.5255731922398589,0.3905325443786989,1,1.0,0.0,0,1,0.9559164733178654,0.5714285714285714,0.3448275862068966,0.6656626506024096,0.2636986301369863,0.7032258064516129,1.0,0.981264637002342,1.0,0.9560185185185184,0.943966640604639,0.9486590038314175,1.0,0.910581222056632,0.8855421686746986
12,0,0.1111111111111142,0.9520933014354066,0.9285714285714286,0.9293218720152816,0.9623805327729952,0.8184110970996218,0.9380804953560372,0.7231040564373897,0.4911242603550301,1,1.0,0.0,0,1,0.9668213457076564,0.5238095238095237,0.3448275862068966,0.8855421686746986,0.3972602739726027,1.0,0.6132075471698113,0.7763466042154568,0.9020579268292682,0.9668981481481482,0.9611675788376336,0.9260536398467434,0.9262769878883624,0.9418777943368108,0.8734939759036143
12,0,0.2222222222222001,0.6112440191387558,0.9285714285714286,0.5109837631327603,0.6076730156578322,0.5636822194199244,0.5779153766769866,0.3368606701940035,0.4023668639053257,2,0.0,0.0,2,1,0.5749419953596288,0.0476190476190476,0.2068965517241379,0.575301204819277,0.0,0.3354838709677419,0.6433962264150943,0.5257611241217799,0.6554878048780487,0.5759259259259258,0.6377378160020849,0.5854406130268199,0.5223802001053186,0.5156482861400895,0.683734939759036
12,0,0.3333333333333144,0.703827751196172,0.9285714285714286,0.6246418338108882,0.7073815495153527,0.6229508196721313,0.6119711042311662,0.6596119929453262,0.4497041420118348,1,0.0,0.0,0,1,0.7310904872389791,0.4285714285714285,0.1034482758620689,0.3433734939759036,0.8904109589041096,0.4612903225806452,0.7188679245283018,0.5433255269320844,0.6798780487804877,0.731712962962963,0.7148814177743029,0.6678160919540228,0.6398104265402844,0.6020864381520119,0.6084337349397589
12,0,0.4444444444444286,0.8066985645933012,0.9285714285714286,0.7507163323782235,0.834745475496509,0.6708701134930644,0.6140350877192982,0.783068783068783,0.5798816568047345,1,1.0,0.0,0,1,0.8176334106728539,0.8095238095238095,0.7931034482758621,0.5331325301204819,0.9143835616438356,0.5,0.4433962264150943,0.7892271662763466,0.8418445121951218,0.8180555555555555,0.7954130831378681,0.8226053639846744,0.8335966298051606,0.722801788375559,0.3704819277108434
12,0,0.5555555555555429,0.8997009569377988,0.9285714285714286,0.8653295128939829,0.8887683860909644,0.8139974779319041,0.8596491228070174,0.5537918871252204,0.3964497041420118,1,1.0,0.0,0,1,0.91368909512761,0.2857142857142857,0.5517241379310345,0.4096385542168674,0.6095890410958904,0.529032258064516,0.5150943396226415,1.0,0.8681402439024389,0.9138888888888888,0.8543132655720616,0.9007662835249042,0.7725118483412322,0.9418777943368108,0.644578313253012
12,0,0.6666666666666572,0.2370215311004784,0.9285714285714286,0.0506208213944603,0.2307327323256286,0.3171500630517024,0.4396284829721362,0.0,0.2840236686390538,0,0.0,1.0,1,1,0.2482598607888631,0.8571428571428572,0.1379310344827586,0.0,0.0,0.0483870967741935,0.3679245283018867,0.3430913348946135,0.2583841463414634,0.2499999999999999,0.2254365389627312,0.2291187739463601,0.2069510268562401,0.4843517138599106,0.3433734939759036
12,0,0.7777777777777715,0.3394736842105262,0.9285714285714286,0.1766953199617956,0.3697553040059648,0.3638083228247162,0.2807017543859649,0.6649029982363316,0.6568047337278111,0,0.0,1.0,1,1,0.3647331786542923,0.0,0.1034482758620689,0.6265060240963854,0.5787671232876711,0.4645161290322581,0.3075471698113207,0.3161592505854801,0.3982469512195121,0.3662037037037037,0.3260359655981235,0.3969348659003831,0.3954713006845709,0.3144560357675112,0.2228915662650602
12,0,0.8888888888888857,0.8260765550239232,0.9285714285714286,0.7745940783190067,0.8394902731647799,0.7515762925598991,0.6945304437564499,0.9629629629629628,0.5088757396449708,1,1.0,0.0,0,1,0.810904872389791,0.2857142857142857,0.7931034482758621,0.9246987951807228,0.8184931506849314,0.9548387096774194,0.5188679245283019,0.7271662763466042,0.8376524390243901,0.8113425925925926,0.8342455043002346,0.867816091954023,0.7509215376513956,0.9135618479880776,0.2198795180722891
12,0,1.0,0.6176435406698564,0.9285714285714286,0.5186246418338109,0.6280078628075644,0.6172761664564944,0.3312693498452012,0.3985890652557319,0.4852071005917162,2,0.0,0.0,2,1,0.6011600928074246,0.5714285714285714,0.0,0.180722891566265,0.5684931506849316,0.535483870967742,0.369811320754717,0.7224824355971896,0.6246189024390243,0.6020833333333333,0.5871774824081314,0.6678160919540228,0.6524486571879938,0.4932935916542474,0.0090361445783132
15,0,0.0,0.5398923444976076,0.6142857142857143,0.6160458452722063,0.5551413271876905,0.5327868852459017,0.5397316821465428,0.2892416225749559,0.5207100591715985,2,0.0,0.0,2,1,0.5146171693735498,0.2857142857142857,0.2068965517241379,0.0271084337349397,0.5308219178082192,0.3709677419354839,0.6433962264150943,0.455503512880562,0.5297256097560975,0.5157407407407407,0.5694553036226219,0.5816091954022988,0.568193786203265,0.6408345752608048,0.3192771084337349
15,0,0.1111111111111142,0.17188995215311,0.6142857142857143,0.0725883476599809,0.1910119975598182,0.296343001261034,0.3787409700722394,0.2804232804232804,0.5739644970414197,0,0.0,1.0,1,1,0.1874709976798143,0.7142857142857142,0.1724137931034483,0.4789156626506023,0.0,0.0483870967741935,0.2660377358490566,0.3676814988290398,0.2221798780487805,0.1893518518518518,0.1733124837112327,0.2471264367816091,0.1669299631384939,0.4157973174366617,0.3042168674698794
15,0,0.2222222222222001,0.6332535885167462,0.6142857142857143,0.7545367717287488,0.6450891344133395,0.5718789407313998,0.4427244582043344,0.4673721340388007,0.497041420118343,1,1.0,0.0,0,1,0.6406032482598608,0.1428571428571428,0.6896551724137931,0.4849397590361445,0.3561643835616438,0.3354838709677419,0.760377358490566,0.468384074941452,0.6802591463414633,0.6414351851851852,0.63721657544957,0.5862068965517242,0.6298051606108479,0.6184798807749629,0.0813253012048192
15,0,0.3333333333333144,0.7262559808612438,0.6142857142857143,0.89207258834766,0.7246661695926251,0.6796973518284994,0.7966976264189887,0.5449735449735449,0.4260355029585803,1,1.0,0.0,0,1,0.719953596287703,0.5238095238095237,0.1034482758620689,0.5271084337349397,0.4589041095890411,0.1032258064516129,0.7264150943396226,0.7740046838407495,0.726371951219512,0.7206018518518518,0.7070628094865781,0.739080459770115,0.6529752501316484,0.8912071535022356,0.5632530120481927
15,0,0.4444444444444286,0.4273923444976076,0.6142857142857143,0.4498567335243553,0.4174066291601707,0.4211853720050442,0.5758513931888545,0.3721340388007054,0.3195266272189352,2,0.0,0.0,2,1,0.4037122969837586,0.8571428571428572,0.1034482758620689,0.6084337349397589,0.0308219178082191,0.1548387096774193,0.5188679245283019,0.4039812646370023,0.4611280487804877,0.4050925925925925,0.4461819129528277,0.3915708812260536,0.3549236440231701,0.6497764530551416,0.4066265060240963
15,0,0.5555555555555429,0.6095693779904305,0.6142857142857143,0.7191977077363897,0.5955398901918253,0.6664564943253468,0.4396284829721362,0.4356261022927689,0.3372781065088759,1,1.0,0.0,0,1,0.57169373549884,0.0,1.0,0.2108433734939759,0.6061643835616438,0.4741935483870967,0.7358490566037735,0.6088992974238876,0.5590701219512194,0.5726851851851852,0.6142819911389106,0.6222222222222222,0.5655608214849922,0.4590163934426229,0.394578313253012
15,0,0.6666666666666572,0.3503588516746411,0.6142857142857143,0.3361986628462273,0.3288822612350029,0.4186633039092055,0.26109391124871,0.2610229276895943,0.1893491124260355,2,0.0,0.0,1,1,0.3359628770301623,0.6190476190476191,0.1724137931034483,0.1837349397590361,0.297945205479452,0.2838709677419355,0.230188679245283,0.531615925058548,0.3372713414634146,0.3375,0.3265572061506385,0.346743295019157,0.2954186413902053,0.2041728763040238,0.3885542168674698
15,0,0.7777777777777715,0.4816387559808611,0.6142857142857143,0.5300859598853869,0.4801735240290109,0.5397225725094579,0.3973168214654283,0.3492063492063492,0.3964497041420118,2,0.0,0.0,2,1,0.508352668213457,0.0952380952380952,0.0,0.5963855421686747,0.0,0.8064516129032258,0.220754716981132,0.572599531615925,0.4374999999999999,0.5094907407407407,0.4784988272087569,0.4455938697318006,0.498156924697209,0.2921013412816692,0.6084337349397589
15,0,0.8888888888888857,0.2666267942583731,0.6142857142857143,0.2120343839541547,0.286450213515895,0.3600252206809584,0.3715170278637771,0.0811287477954144,0.5680473372781067,0,0.0,0.0,1,1,0.2596287703016241,0.5238095238095237,0.0,0.1385542168674698,0.0,0.4580645161290322,0.2150943396226415,0.3688524590163934,0.3262195121951219,0.2613425925925926,0.309877508470159,0.3019157088122605,0.2496050552922591,0.323397913561848,0.4698795180722891
15,0,1.0,0.1491626794258373,0.6142857142857143,0.038204393505253,0.1701348878194265,0.2162673392181588,0.3188854489164087,0.2116402116402116,0.6035502958579881,0,0.0,1.0,1,1,0.1740139211136891,0.7142857142857142,0.0689655172413793,0.0692771084337349,0.3321917808219177,0.0,0.4811320754716981,0.1030444964871194,0.2107469512195121,0.1759259259259259,0.1456867344279385,0.1613026819923371,0.2248551869404949,0.30849478390462,0.3463855421686747
1,0,0.0,0.3246411483253588,0.7857142857142856,0.21585482330468,0.3369484172710634,0.4419924337957125,0.5149638802889577,0.5273368606701939,0.4911242603550301,0,0.0,0.0,1,1,0.3185614849187934,0.4285714285714285,0.0689655172413793,0.4879518072289155,0.4691780821917807,0.7709677419354838,0.190566037735849,0.4227166276346604,0.361280487804878,0.3201388888888888,0.3179567370341413,0.3873563218390805,0.3259610321221695,0.4500745156482861,0.6325301204819276
1,0,0.1111111111111142,0.9018540669856456,0.7857142857142856,0.9837631327602676,0.8973090218938521,0.8291298865069358,0.8214654282765738,0.7742504409171075,0.4260355029585803,1,1.0,0.0,0,1,0.8761020881670533,0.1428571428571428,0.1379310344827586,0.753012048192771,0.6472602739726027,0.5451612903225805,0.9735849056603774,0.7377049180327868,0.8593749999999999,0.8763888888888889,0.8639562157935887,0.8934865900383142,0.9268035808320167,1.0000000000000002,0.4156626506024096
1,0,0.2222222222222001,0.7042464114832534,0.7857142857142856,0.7211079274116523,0.6911136717955669,0.6374527112232031,0.7420020639834881,0.708994708994709,0.3609467455621304,1,1.0,0.0,0,1,0.6923433874709977,0.0476190476190476,0.7241379310344828,0.575301204819277,0.7226027397260274,0.3612903225806451,0.4867924528301887,0.7505854800936769,0.6596798780487804,0.6930555555555555,0.6666666666666667,0.6509578544061303,0.7498683517640865,0.6482861400894189,0.894578313253012
1,0,0.3333333333333144,0.6045454545454544,0.7857142857142856,0.5883476599808978,0.6300413475225376,0.6506935687263556,0.3787409700722394,0.4885361552028218,0.5798816568047345,2,0.0,0.0,2,1,0.6090487238979118,0.2857142857142857,0.0344827586206896,0.1506024096385542,0.7773972602739725,0.7258064516129032,0.3094339622641509,0.7529274004683841,0.5621189024390243,0.6099537037037036,0.6335678915819651,0.6555555555555554,0.6598209583991574,0.533532041728763,0.0662650602409638
1,0,0.4444444444444286,0.7596889952153109,0.7857142857142856,0.7946513849092646,0.7556429200840507,0.673392181588903,0.609907120743034,0.4850088183421516,0.4142011834319525,1,1.0,0.0,0,1,0.7733178654292343,0.0,0.6206896551724138,0.1837349397590361,0.732876712328767,0.364516129032258,0.5358490566037736,0.7857142857142857,0.7412347560975608,0.7738425925925926,0.7174876205368779,0.7938697318007664,0.655608214849921,0.5827123695976155,0.641566265060241
1,0,0.5555555555555429,0.3523325358851674,0.7857142857142856,0.2521489971346705,0.3553175625296548,0.4615384615384615,0.2693498452012384,0.27336860670194,0.4082840236686396,2,0.0,0.0,1,1,0.354060324825986,0.6666666666666667,0.0344827586206896,0.1385542168674698,0.3732876712328767,0.0354838709677419,0.5452830188679245,0.5058548009367682,0.3151676829268292,0.3555555555555555,0.3752931978107897,0.3505747126436782,0.3865192206424434,0.2146050670640835,0.3915662650602409
1,0,0.6666666666666572,0.7877990430622007,0.7857142857142856,0.8319006685768864,0.7853317969226598,0.6872635561160152,0.7502579979360164,0.4091710758377425,0.4260355029585803,1,1.0,0.0,0,1,0.7640371229698375,0.7142857142857142,0.4827586206896551,0.3825301204819276,0.3595890410958904,0.8806451612903226,0.3886792452830189,0.7154566744730679,0.7572408536585364,0.7645833333333333,0.8034923117018504,0.8164750957854405,0.6803580832016851,0.836065573770492,0.539156626506024
1,0,0.7777777777777715,0.3977272727272726,0.7857142857142856,0.3132760267430754,0.4154409272690299,0.3732660781841109,0.5933952528379772,0.4126984126984127,0.5384615384615392,2,0.0,0.0,1,1,0.397215777262181,0.5238095238095237,0.2758620689655172,0.3855421686746987,0.3630136986301369,0.3290322580645161,0.3735849056603773,0.3419203747072599,0.4283536585365853,0.3986111111111111,0.4331508991399531,0.3854406130268199,0.434439178515008,0.646795827123696,0.4638554216867469
1,0,0.8888888888888857,0.7854665071770334,0.7857142857142856,0.8290353390639924,0.7945502609638716,0.6160151324085751,0.3993808049535604,0.5784832451499118,0.4852071005917162,1,1.0,0.0,0,1,0.7786542923433875,0.1904761904761904,0.6206896551724138,0.3855421686746987,0.684931506849315,0.2161290322580645,0.6622641509433962,0.6545667447306791,0.7976371951219511,0.7791666666666667,0.762053687776909,0.7590038314176244,0.8256977356503423,0.5469448584202683,0.0993975903614457
1,0,1.0,0.8937200956937797,0.7857142857142856,0.9732569245463228,0.8759574323866332,0.9123581336696092,0.8555211558307534,1.0,0.3609467455621304,1,1.0,0.0,0,1,0.853828306264501,0.5714285714285714,0.1379310344827586,1.0,0.8047945205479452,0.9741935483870968,0.5490566037735849,1.0,0.8323170731707316,0.8541666666666665,0.8423247328642167,0.8977011494252873,0.8867825171142708,0.760059612518629,1.0
