Annual_Rainfall_mm_x,Flood_Occurred,Waterlogging_Occurred,Waterlogging_Days,Urban_Inundation_Hours,Roads_Blocked_Count,Drainage_Overflow,Flash_Flood,Flood_Severity_Enc,Waterlogging_Severity_Enc,Annual_Rainfall_mm_y,Monsoon_Rainfall_mm,Monsoon_Percent,Rainfall_Category_Enc,Flood_Risk_Enc,Clay_Percent,Sand_Percent,Silt_Percent,Organic_Matter_Percent,pH,Permeability_mm_per_hr,Flood_Absorption_Score,Soil_Type_Enc,Water_Retention_Capacity_Enc,Drainage_Speed_Enc,Waterlogging_Susceptibility_Enc,Mean_Elevation_m,Min_Elevation_m,Elevation_Std_Dev,Inundation_Depth_Potential_m,Terrain_Type_Enc,Flood_Risk_Elevation_Enc,Urban_Percent,Waterbody_Percent,Impervious_Surface_Percent,Runoff_Potential_Enc,Urban_Heat_Island_Risk_Enc,Drainage_Capacity_Percent,Drain_Coverage_Percent,Blocked_Drains_Percent,Overflow_Threshold_mm_per_hr,Pump_Stations,Drainage_Quality_Enc,Waterlogging_Risk_Enc,Drainage_Type_Enc,Mean_Slope_Degrees,Runoff_Coefficient,Impervious_Runoff_mm_per_100mm_rain,Time_to_Peak_Flow_hrs,Curve_Number,Slope_Category_Enc,Waterlogging_Potential_Enc,Flow_Speed_Enc,Flood_Threshold_Daily_mm,Waterlogging_Threshold_mm,Alert_Level_1_mm,Alert_Level_2_mm,Alert_Level_3_mm,Emergency_Level_mm,Base_Flood_Risk_Enc,IMD_Category_Enc,Number_of_Major_Rivers,Distance_to_Nearest_River_km,Number_of_Waterbodies,Flood_Plain_Area_sqkm,Flood_Risk_River_Enc,Breach_History_Enc,Reservoir_Enc,Population_Density_per_sqkm,Urban_Population_Percent,Vulnerable_Population_Percent,Flood_Exposure_Index,Avg_Soil_Moisture,Max_Soil_Moisture,Avg_Excess_Water,Max_Saturation_Enc,Max_Waterlogging_Risk_Enc
1443.6,1,1,29,15,71,1,0,1.0,3.0,1586.3,1409.1,88.8,3,2,25.7,42.5,30.7,1.3,7.4,31.2,7.9,5,2,1,3,120,12,84.3,0.0,2,1,40.4,3.1,30.3,2,1,61.8,9.3,40.6,31.2,3,3,0,3,13.78,0.27,27.0,3.9,64,3,1,3,127.5,76.5,63.8,95.6,127.5,191.2,0,2,2,17.6,50,171.9,1,0,0,430,45.9,35.0,2.64,30.333333333333332,51.6,0.0,2,1
969.3,0,0,0,0,0,0,0,2.0,3.0,1244.5,1124.5,90.4,2,1,25.7,42.5,30.7,1.3,7.4,31.2,7.9,5,2,1,3,120,12,84.3,0.0,2,1,40.4,3.1,30.3,2,1,61.8,9.3,40.6,31.2,3,3,0,3,13.78,0.27,27.0,3.9,64,3,1,3,127.5,76.5,63.8,95.6,127.5,191.2,0,2,2,17.6,50,171.9,1,0,0,430,45.9,35.0,2.64,30.333333333333332,51.6,0.0,2,1
1515.8,1,1,11,24,2,0,0,2.0,2.0,1508.8,1305.9,86.6,3,2,25.7,42.5,30.7,1.3,7.4,31.2,7.9,5,2,1,3,120,12,84.3,0.0,2,1,40.4,3.1,30.3,2,1,61.8,9.3,40.6,31.2,3,3,0,3,13.78,0.27,27.0,3.9,64,3,1,3,127.5,76.5,63.8,95.6,127.5,191.2,0,2,2,17.6,50,171.9,1,0,0,430,45.9,35.0,2.64,30.333333333333332,51.6,0.0,2,1
816.7,0,0,0,0,0,0,0,2.0,3.0,737.5,617.3,83.7,1,0,25.7,42.5,30.7,1.3,7.4,31.2,7.9,5,2,1,3,120,12,84.3,0.0,2,1,40.4,3.1,30.3,2,1,61.8,9.3,40.6,31.2,3,3,0,3,13.78,0.27,27.0,3.9,64,3,1,3,127.5,76.5,63.8,95.6,127.5,191.2,0,2,2,17.6,50,171.9,1,0,0,430,45.9,35.0,2.64,30.333333333333332,51.6,0.0,2,1
1484.7,1,1,38,2,63,1,0,1.0,4.0,1646.2,1406.2,85.4,3,2,25.7,42.5,30.7,1.3,7.4,31.2,7.9,5,2,1,3,120,12,84.3,0.0,2,1,40.4,3.1,30.3,2,1,61.8,9.3,40.6,31.2,3,3,0,3,13.78,0.27,27.0,3.9,64,3,1,3,127.5,76.5,63.8,95.6,127.5,191.2,0,2,2,17.6,50,171.9,1,0,0,430,45.9,35.0,2.64,30.333333333333332,51.6,0.0,2,1
2455.5,1,1,22,49,58,1,1,3.0,3.0,2263.9,1979.5,87.4,4,3,25.7,42.5,30.7,1.3,7.4,31.2,7.9,5,2,1,3,120,12,84.3,0.0,2,1,40.4,3.1,30.3,2,1,61.8,9.3,40.6,31.2,3,3,0,3,13.78,0.27,27.0,3.9,64,3,1,3,127.5,76.5,63.8,95.6,127.5,191.2,0,2,2,17.6,50,171.9,1,0,0,430,45.9,35.0,2.64,30.333333333333332,51.6,0.0,2,1
1000.3,0,0,0,0,0,0,0,2.0,3.0,945.2,808.0,85.5,2,0,25.7,42.5,30.7,1.3,7.4,31.2,7.9,5,2,1,3,120,12,84.3,0.0,2,1,40.4,3.1,30.3,2,1,61.8,9.3,40.6,31.2,3,3,0,3,13.78,0.27,27.0,3.9,64,3,1,3,127.5,76.5,63.8,95.6,127.5,191.2,0,2,2,17.6,50,171.9,1,0,0,430,45.9,35.0,2.64,30.333333333333332,51.6,0.0,2,1
541.3,0,0,0,0,0,0,0,2.0,3.0,458.5,378.0,82.4,0,0,25.7,42.5,30.7,1.3,7.4,31.2,7.9,5,2,1,3,120,12,84.3,0.0,2,1,40.4,3.1,30.3,2,1,61.8,9.3,40.6,31.2,3,3,0,3,13.78,0.27,27.0,3.9,64,3,1,3,127.5,76.5,63.8,95.6,127.5,191.2,0,2,2,17.6,50,171.9,1,0,0,430,45.9,35.0,2.64,30.333333333333332,51.6,0.0,2,1
1396.8,1,1,44,55,63,1,0,1.0,4.0,1470.8,1297.7,88.2,3,2,25.7,42.5,30.7,1.3,7.4,31.2,7.9,5,2,1,3,120,12,84.3,0.0,2,1,40.4,3.1,30.3,2,1,61.8,9.3,40.6,31.2,3,3,0,3,13.78,0.27,27.0,3.9,64,3,1,3,127.5,76.5,63.8,95.6,127.5,191.2,0,2,2,17.6,50,171.9,1,0,0,430,45.9,35.0,2.64,30.333333333333332,51.6,0.0,2,1
1124.2,0,0,0,0,0,0,0,2.0,3.0,1149.9,985.3,85.7,2,0,25.7,42.5,30.7,1.3,7.4,31.2,7.9,5,2,1,3,120,12,84.3,0.0,2,1,40.4,3.1,30.3,2,1,61.8,9.3,40.6,31.2,3,3,0,3,13.78,0.27,27.0,3.9,64,3,1,3,127.5,76.5,63.8,95.6,127.5,191.2,0,2,2,17.6,50,171.9,1,0,0,430,45.9,35.0,2.64,30.333333333333332,51.6,0.0,2,1
1035.4,0,0,0,0,0,0,0,2.0,3.0,1107.2,984.5,88.9,2,0,32.5,39.0,31.1,1.2,7.7,29.1,2.7,0,0,2,1,549,500,115.1,0.0,4,0,15.3,2.8,11.5,1,0,39.3,57.6,53.3,53.7,16,2,1,0,5.25,0.53,53.0,7.4,79,2,2,2,63.0,37.8,31.5,47.2,63.0,94.5,2,0,1,16.7,28,149.7,1,0,0,619,50.1,28.0,5.29,49.89166666666667,77.4,2.7083333333333335,3,2
1601.5,1,1,18,4,59,1,0,2.0,2.0,1833.3,1603.9,87.5,4,2,32.5,39.0,31.1,1.2,7.7,29.1,2.7,0,0,2,1,549,500,115.1,0.0,4,0,15.3,2.8,11.5,1,0,39.3,57.6,53.3,53.7,16,2,1,0,5.25,0.53,53.0,7.4,79,2,2,2,63.0,37.8,31.5,47.2,63.0,94.5,2,0,1,16.7,28,149.7,1,0,0,619,50.1,28.0,5.29,49.89166666666667,77.4,2.7083333333333335,3,2
626.2,0,0,0,0,0,0,0,2.0,3.0,736.9,669.0,90.8,1,0,32.5,39.0,31.1,1.2,7.7,29.1,2.7,0,0,2,1,549,500,115.1,0.0,4,0,15.3,2.8,11.5,1,0,39.3,57.6,53.3,53.7,16,2,1,0,5.25,0.53,53.0,7.4,79,2,2,2,63.0,37.8,31.5,47.2,63.0,94.5,2,0,1,16.7,28,149.7,1,0,0,619,50.1,28.0,5.29,49.89166666666667,77.4,2.7083333333333335,3,2
1160.0,1,1,2,60,70,1,0,1.0,1.0,1314.1,1135.2,86.4,3,1,32.5,39.0,31.1,1.2,7.7,29.1,2.7,0,0,2,1,549,500,115.1,0.0,4,0,15.3,2.8,11.5,1,0,39.3,57.6,53.3,53.7,16,2,1,0,5.25,0.53,53.0,7.4,79,2,2,2,63.0,37.8,31.5,47.2,63.0,94.5,2,0,1,16.7,28,149.7,1,0,0,619,50.1,28.0,5.29,49.89166666666667,77.4,2.7083333333333335,3,2
2502.4,1,1,35,36,49,1,1,3.0,4.0,2314.3,1993.4,86.1,4,3,32.5,39.0,31.1,1.2,7.7,29.1,2.7,0,0,2,1,549,500,115.1,0.0,4,0,15.3,2.8,11.5,1,0,39.3,57.6,53.3,53.7,16,2,1,0,5.25,0.53,53.0,7.4,79,2,2,2,63.0,37.8,31.5,47.2,63.0,94.5,2,0,1,16.7,28,149.7,1,0,0,619,50.1,28.0,5.29,49.89166666666667,77.4,2.7083333333333335,3,2
1010.5,0,0,0,0,0,0,0,2.0,3.0,943.0,785.7,83.3,2,0,32.5,39.0,31.1,1.2,7.7,29.1,2.7,0,0,2,1,549,500,115.1,0.0,4,0,15.3,2.8,11.5,1,0,39.3,57.6,53.3,53.7,16,2,1,0,5.25,0.53,53.0,7.4,79,2,2,2,63.0,37.8,31.5,47.2,63.0,94.5,2,0,1,16.7,28,149.7,1,0,0,619,50.1,28.0,5.29,49.89166666666667,77.4,2.7083333333333335,3,2
373.8,0,0,0,0,0,0,0,2.0,3.0,403.4,338.0,83.8,0,0,32.5,39.0,31.1,1.2,7.7,29.1,2.7,0,0,2,1,549,500,115.1,0.0,4,0,15.3,2.8,11.5,1,0,39.3,57.6,53.3,53.7,16,2,1,0,5.25,0.53,53.0,7.4,79,2,2,2,63.0,37.8,31.5,47.2,63.0,94.5,2,0,1,16.7,28,149.7,1,0,0,619,50.1,28.0,5.29,49.89166666666667,77.4,2.7083333333333335,3,2
1432.2,1,1,29,63,17,1,0,1.0,3.0,1633.2,1416.6,86.7,3,2,32.5,39.0,31.1,1.2,7.7,29.1,2.7,0,0,2,1,549,500,115.1,0.0,4,0,15.3,2.8,11.5,1,0,39.3,57.6,53.3,53.7,16,2,1,0,5.25,0.53,53.0,7.4,79,2,2,2,63.0,37.8,31.5,47.2,63.0,94.5,2,0,1,16.7,28,149.7,1,0,0,619,50.1,28.0,5.29,49.89166666666667,77.4,2.7083333333333335,3,2
1089.8,0,0,0,0,0,0,0,2.0,3.0,999.5,865.0,86.5,2,0,32.5,39.0,31.1,1.2,7.7,29.1,2.7,0,0,2,1,549,500,115.1,0.0,4,0,15.3,2.8,11.5,1,0,39.3,57.6,53.3,53.7,16,2,1,0,5.25,0.53,53.0,7.4,79,2,2,2,63.0,37.8,31.5,47.2,63.0,94.5,2,0,1,16.7,28,149.7,1,0,0,619,50.1,28.0,5.29,49.89166666666667,77.4,2.7083333333333335,3,2
1834.8,1,1,14,48,14,0,0,2.0,2.0,1461.2,1282.4,87.8,3,2,32.5,39.0,31.1,1.2,7.7,29.1,2.7,0,0,2,1,549,500,115.1,0.0,4,0,15.3,2.8,11.5,1,0,39.3,57.6,53.3,53.7,16,2,1,0,5.25,0.53,53.0,7.4,79,2,2,2,63.0,37.8,31.5,47.2,63.0,94.5,2,0,1,16.7,28,149.7,1,0,0,619,50.1,28.0,5.29,49.89166666666667,77.4,2.7083333333333335,3,2
1607.7,1,1,40,53,23,1,0,2.0,4.0,1633.5,1418.1,86.8,3,2,36.0,41.3,22.7,1.0,7.8,17.0,8.2,4,1,0,2,35,1,32.0,2.17,1,2,18.7,6.7,14.0,1,0,65.6,68.5,14.5,37.8,17,3,0,3,2.6,0.72,72.0,2.8,63,1,3,1,75.9,45.5,38.0,56.9,75.9,113.9,2,1,1,16.4,9,136.5,1,2,0,692,39.8,29.8,5.24,14.033333333333333,26.2,0.0,1,0
655.8,0,0,0,0,0,0,0,2.0,3.0,851.5,745.2,87.5,1,0,36.0,41.3,22.7,1.0,7.8,17.0,8.2,4,1,0,2,35,1,32.0,2.17,1,2,18.7,6.7,14.0,1,0,65.6,68.5,14.5,37.8,17,3,0,3,2.6,0.72,72.0,2.8,63,1,3,1,75.9,45.5,38.0,56.9,75.9,113.9,2,1,1,16.4,9,136.5,1,2,0,692,39.8,29.8,5.24,14.033333333333333,26.2,0.0,1,0
1452.2,1,1,41,29,14,0,0,1.0,4.0,1718.7,1475.7,85.9,3,2,36.0,41.3,22.7,1.0,7.8,17.0,8.2,4,1,0,2,35,1,32.0,2.17,1,2,18.7,6.7,14.0,1,0,65.6,68.5,14.5,37.8,17,3,0,3,2.6,0.72,72.0,2.8,63,1,3,1,75.9,45.5,38.0,56.9,75.9,113.9,2,1,1,16.4,9,136.5,1,2,0,692,39.8,29.8,5.24,14.033333333333333,26.2,0.0,1,0
2082.6,1,1,9,1,7,0,1,3.0,2.0,2843.5,2433.5,85.6,4,3,36.0,41.3,22.7,1.0,7.8,17.0,8.2,4,1,0,2,35,1,32.0,2.17,1,2,18.7,6.7,14.0,1,0,65.6,68.5,14.5,37.8,17,3,0,3,2.6,0.72,72.0,2.8,63,1,3,1,75.9,45.5,38.0,56.9,75.9,113.9,2,1,1,16.4,9,136.5,1,2,0,692,39.8,29.8,5.24,14.033333333333333,26.2,0.0,1,0
1222.6,0,0,0,0,0,0,0,2.0,3.0,938.3,802.7,85.5,2,0,36.0,41.3,22.7,1.0,7.8,17.0,8.2,4,1,0,2,35,1,32.0,2.17,1,2,18.7,6.7,14.0,1,0,65.6,68.5,14.5,37.8,17,3,0,3,2.6,0.72,72.0,2.8,63,1,3,1,75.9,45.5,38.0,56.9,75.9,113.9,2,1,1,16.4,9,136.5,1,2,0,692,39.8,29.8,5.24,14.033333333333333,26.2,0.0,1,0
473.9,0,0,0,0,0,0,0,2.0,3.0,418.6,382.3,91.3,0,0,36.0,41.3,22.7,1.0,7.8,17.0,8.2,4,1,0,2,35,1,32.0,2.17,1,2,18.7,6.7,14.0,1,0,65.6,68.5,14.5,37.8,17,3,0,3,2.6,0.72,72.0,2.8,63,1,3,1,75.9,45.5,38.0,56.9,75.9,113.9,2,1,1,16.4,9,136.5,1,2,0,692,39.8,29.8,5.24,14.033333333333333,26.2,0.0,1,0
1631.5,1,1,33,5,40,1,0,1.0,3.0,1674.0,1449.7,86.6,3,2,36.0,41.3,22.7,1.0,7.8,17.0,8.2,4,1,0,2,35,1,32.0,2.17,1,2,18.7,6.7,14.0,1,0,65.6,68.5,14.5,37.8,17,3,0,3,2.6,0.72,72.0,2.8,63,1,3,1,75.9,45.5,38.0,56.9,75.9,113.9,2,1,1,16.4,9,136.5,1,2,0,692,39.8,29.8,5.24,14.033333333333333,26.2,0.0,1,0
1173.0,0,0,0,0,0,0,0,2.0,3.0,1045.2,911.3,87.2,2,0,36.0,41.3,22.7,1.0,7.8,17.0,8.2,4,1,0,2,35,1,32.0,2.17,1,2,18.7,6.7,14.0,1,0,65.6,68.5,14.5,37.8,17,3,0,3,2.6,0.72,72.0,2.8,63,1,3,1,75.9,45.5,38.0,56.9,75.9,113.9,2,1,1,16.4,9,136.5,1,2,0,692,39.8,29.8,5.24,14.033333333333333,26.2,0.0,1,0
1753.4,1,1,33,48,22,1,0,2.0,3.0,2002.2,1746.7,87.2,4,2,36.0,41.3,22.7,1.0,7.8,17.0,8.2,4,1,0,2,35,1,32.0,2.17,1,2,18.7,6.7,14.0,1,0,65.6,68.5,14.5,37.8,17,3,0,3,2.6,0.72,72.0,2.8,63,1,3,1,75.9,45.5,38.0,56.9,75.9,113.9,2,1,1,16.4,9,136.5,1,2,0,692,39.8,29.8,5.24,14.033333333333333,26.2,0.0,1,0
766.5,0,0,0,0,0,0,0,2.0,3.0,850.8,763.6,89.8,1,0,36.0,41.3,22.7,1.0,7.8,17.0,8.2,4,1,0,2,35,1,32.0,2.17,1,2,18.7,6.7,14.0,1,0,65.6,68.5,14.5,37.8,17,3,0,3,2.6,0.72,72.0,2.8,63,1,3,1,75.9,45.5,38.0,56.9,75.9,113.9,2,1,1,16.4,9,136.5,1,2,0,692,39.8,29.8,5.24,14.033333333333333,26.2,0.0,1,0
777.4,0,0,0,0,0,0,0,2.0,3.0,618.8,502.8,81.3,1,0,54.2,8.3,25.2,1.8,7.4,39.9,5.1,1,3,3,0,18,3,56.8,2.73,0,2,14.4,10.4,10.8,0,0,51.0,19.9,23.8,39.0,23,2,1,0,0.2,0.81,81.0,7.0,74,0,4,0,60.0,36.0,30.0,45.0,60.0,90.0,2,0,1,19.9,42,27.3,0,2,0,330,63.0,27.5,4.58,55.275,82.6,9.458333333333334,3,2
1418.9,1,1,35,65,46,1,0,1.0,4.0,1780.3,1497.7,84.1,3,2,54.2,8.3,25.2,1.8,7.4,39.9,5.1,1,3,3,0,18,3,56.8,2.73,0,2,14.4,10.4,10.8,0,0,51.0,19.9,23.8,39.0,23,2,1,0,0.2,0.81,81.0,7.0,74,0,4,0,60.0,36.0,30.0,45.0,60.0,90.0,2,0,1,19.9,42,27.3,0,2,0,330,63.0,27.5,4.58,55.275,82.6,9.458333333333334,3,2
2799.1,1,1,26,14,26,1,1,3.0,3.0,2270.1,1980.7,87.3,4,3,54.2,8.3,25.2,1.8,7.4,39.9,5.1,1,3,3,0,18,3,56.8,2.73,0,2,14.4,10.4,10.8,0,0,51.0,19.9,23.8,39.0,23,2,1,0,0.2,0.81,81.0,7.0,74,0,4,0,60.0,36.0,30.0,45.0,60.0,90.0,2,0,1,19.9,42,27.3,0,2,0,330,63.0,27.5,4.58,55.275,82.6,9.458333333333334,3,2
1182.6,0,0,0,0,0,0,0,2.0,3.0,1029.2,892.0,86.7,2,0,54.2,8.3,25.2,1.8,7.4,39.9,5.1,1,3,3,0,18,3,56.8,2.73,0,2,14.4,10.4,10.8,0,0,51.0,19.9,23.8,39.0,23,2,1,0,0.2,0.81,81.0,7.0,74,0,4,0,60.0,36.0,30.0,45.0,60.0,90.0,2,0,1,19.9,42,27.3,0,2,0,330,63.0,27.5,4.58,55.275,82.6,9.458333333333334,3,2
249.2,0,0,0,0,0,0,0,2.0,3.0,577.5,529.7,91.7,0,0,54.2,8.3,25.2,1.8,7.4,39.9,5.1,1,3,3,0,18,3,56.8,2.73,0,2,14.4,10.4,10.8,0,0,51.0,19.9,23.8,39.0,23,2,1,0,0.2,0.81,81.0,7.0,74,0,4,0,60.0,36.0,30.0,45.0,60.0,90.0,2,0,1,19.9,42,27.3,0,2,0,330,63.0,27.5,4.58,55.275,82.6,9.458333333333334,3,2
1478.8,1,1,32,52,3,1,0,1.0,3.0,1598.0,1372.6,85.9,3,2,54.2,8.3,25.2,1.8,7.4,39.9,5.1,1,3,3,0,18,3,56.8,2.73,0,2,14.4,10.4,10.8,0,0,51.0,19.9,23.8,39.0,23,2,1,0,0.2,0.81,81.0,7.0,74,0,4,0,60.0,36.0,30.0,45.0,60.0,90.0,2,0,1,19.9,42,27.3,0,2,0,330,63.0,27.5,4.58,55.275,82.6,9.458333333333334,3,2
1079.8,0,0,0,0,0,0,0,2.0,3.0,1331.8,1214.3,91.2,2,1,54.2,8.3,25.2,1.8,7.4,39.9,5.1,1,3,3,0,18,3,56.8,2.73,0,2,14.4,10.4,10.8,0,0,51.0,19.9,23.8,39.0,23,2,1,0,0.2,0.81,81.0,7.0,74,0,4,0,60.0,36.0,30.0,45.0,60.0,90.0,2,0,1,19.9,42,27.3,0,2,0,330,63.0,27.5,4.58,55.275,82.6,9.458333333333334,3,2
1806.2,1,1,43,29,35,1,0,2.0,4.0,1735.7,1533.4,88.3,3,2,54.2,8.3,25.2,1.8,7.4,39.9,5.1,1,3,3,0,18,3,56.8,2.73,0,2,14.4,10.4,10.8,0,0,51.0,19.9,23.8,39.0,23,2,1,0,0.2,0.81,81.0,7.0,74,0,4,0,60.0,36.0,30.0,45.0,60.0,90.0,2,0,1,19.9,42,27.3,0,2,0,330,63.0,27.5,4.58,55.275,82.6,9.458333333333334,3,2
779.7,0,0,0,0,0,0,0,2.0,3.0,765.6,660.0,86.2,1,0,54.2,8.3,25.2,1.8,7.4,39.9,5.1,1,3,3,0,18,3,56.8,2.73,0,2,14.4,10.4,10.8,0,0,51.0,19.9,23.8,39.0,23,2,1,0,0.2,0.81,81.0,7.0,74,0,4,0,60.0,36.0,30.0,45.0,60.0,90.0,2,0,1,19.9,42,27.3,0,2,0,330,63.0,27.5,4.58,55.275,82.6,9.458333333333334,3,2
1570.1,1,1,28,66,41,1,0,1.0,3.0,1457.5,1269.9,87.1,3,1,54.2,8.3,25.2,1.8,7.4,39.9,5.1,1,3,3,0,18,3,56.8,2.73,0,2,14.4,10.4,10.8,0,0,51.0,19.9,23.8,39.0,23,2,1,0,0.2,0.81,81.0,7.0,74,0,4,0,60.0,36.0,30.0,45.0,60.0,90.0,2,0,1,19.9,42,27.3,0,2,0,330,63.0,27.5,4.58,55.275,82.6,9.458333333333334,3,2
1354.5,1,1,6,28,27,1,0,1.0,1.0,1431.3,1229.5,85.9,3,2,57.1,12.8,26.8,1.8,8.0,34.7,3.3,1,3,3,0,12,1,130.8,2.93,0,3,18.4,12.9,13.8,1,0,63.5,18.7,9.0,38.4,22,3,0,3,0.95,0.92,92.0,9.4,78,0,4,0,55.0,33.0,27.5,41.2,55.0,82.5,2,0,1,22.9,15,224.9,0,1,1,438,50.9,21.7,4.76,65.35000000000001,94.9,18.583333333333332,4,3
2196.1,1,1,11,62,0,1,1,3.0,2.0,2095.1,1831.4,87.4,4,3,57.1,12.8,26.8,1.8,8.0,34.7,3.3,1,3,3,0,12,1,130.8,2.93,0,3,18.4,12.9,13.8,1,0,63.5,18.7,9.0,38.4,22,3,0,3,0.95,0.92,92.0,9.4,78,0,4,0,55.0,33.0,27.5,41.2,55.0,82.5,2,0,1,22.9,15,224.9,0,1,1,438,50.9,21.7,4.76,65.35000000000001,94.9,18.583333333333332,4,3
1034.7,0,0,0,0,0,0,0,2.0,3.0,986.3,842.4,85.4,2,0,57.1,12.8,26.8,1.8,8.0,34.7,3.3,1,3,3,0,12,1,130.8,2.93,0,3,18.4,12.9,13.8,1,0,63.5,18.7,9.0,38.4,22,3,0,3,0.95,0.92,92.0,9.4,78,0,4,0,55.0,33.0,27.5,41.2,55.0,82.5,2,0,1,22.9,15,224.9,0,1,1,438,50.9,21.7,4.76,65.35000000000001,94.9,18.583333333333332,4,3
467.7,0,0,0,0,0,0,0,2.0,3.0,495.3,481.6,97.2,0,0,57.1,12.8,26.8,1.8,8.0,34.7,3.3,1,3,3,0,12,1,130.8,2.93,0,3,18.4,12.9,13.8,1,0,63.5,18.7,9.0,38.4,22,3,0,3,0.95,0.92,92.0,9.4,78,0,4,0,55.0,33.0,27.5,41.2,55.0,82.5,2,0,1,22.9,15,224.9,0,1,1,438,50.9,21.7,4.76,65.35000000000001,94.9,18.583333333333332,4,3
1531.1,1,1,39,70,71,1,0,1.0,4.0,1376.7,1201.2,87.3,3,2,57.1,12.8,26.8,1.8,8.0,34.7,3.3,1,3,3,0,12,1,130.8,2.93,0,3,18.4,12.9,13.8,1,0,63.5,18.7,9.0,38.4,22,3,0,3,0.95,0.92,92.0,9.4,78,0,4,0,55.0,33.0,27.5,41.2,55.0,82.5,2,0,1,22.9,15,224.9,0,1,1,438,50.9,21.7,4.76,65.35000000000001,94.9,18.583333333333332,4,3
994.3,0,0,0,0,0,0,0,2.0,3.0,1009.9,905.7,89.7,2,0,57.1,12.8,26.8,1.8,8.0,34.7,3.3,1,3,3,0,12,1,130.8,2.93,0,3,18.4,12.9,13.8,1,0,63.5,18.7,9.0,38.4,22,3,0,3,0.95,0.92,92.0,9.4,78,0,4,0,55.0,33.0,27.5,41.2,55.0,82.5,2,0,1,22.9,15,224.9,0,1,1,438,50.9,21.7,4.76,65.35000000000001,94.9,18.583333333333332,4,3
1728.5,1,1,42,44,23,1,0,2.0,4.0,1563.6,1349.0,86.3,3,2,57.1,12.8,26.8,1.8,8.0,34.7,3.3,1,3,3,0,12,1,130.8,2.93,0,3,18.4,12.9,13.8,1,0,63.5,18.7,9.0,38.4,22,3,0,3,0.95,0.92,92.0,9.4,78,0,4,0,55.0,33.0,27.5,41.2,55.0,82.5,2,0,1,22.9,15,224.9,0,1,1,438,50.9,21.7,4.76,65.35000000000001,94.9,18.583333333333332,4,3
609.8,0,0,0,0,0,0,0,2.0,3.0,613.6,552.7,90.1,1,0,57.1,12.8,26.8,1.8,8.0,34.7,3.3,1,3,3,0,12,1,130.8,2.93,0,3,18.4,12.9,13.8,1,0,63.5,18.7,9.0,38.4,22,3,0,3,0.95,0.92,92.0,9.4,78,0,4,0,55.0,33.0,27.5,41.2,55.0,82.5,2,0,1,22.9,15,224.9,0,1,1,438,50.9,21.7,4.76,65.35000000000001,94.9,18.583333333333332,4,3
1318.4,1,1,41,52,61,1,0,1.0,4.0,1567.5,1349.6,86.1,3,2,57.1,12.8,26.8,1.8,8.0,34.7,3.3,1,3,3,0,12,1,130.8,2.93,0,3,18.4,12.9,13.8,1,0,63.5,18.7,9.0,38.4,22,3,0,3,0.95,0.92,92.0,9.4,78,0,4,0,55.0,33.0,27.5,41.2,55.0,82.5,2,0,1,22.9,15,224.9,0,1,1,438,50.9,21.7,4.76,65.35000000000001,94.9,18.583333333333332,4,3
2597.4,1,1,39,2,2,1,1,3.0,4.0,1968.6,1705.8,86.7,4,3,57.1,12.8,26.8,1.8,8.0,34.7,3.3,1,3,3,0,12,1,130.8,2.93,0,3,18.4,12.9,13.8,1,0,63.5,18.7,9.0,38.4,22,3,0,3,0.95,0.92,92.0,9.4,78,0,4,0,55.0,33.0,27.5,41.2,55.0,82.5,2,0,1,22.9,15,224.9,0,1,1,438,50.9,21.7,4.76,65.35000000000001,94.9,18.583333333333332,4,3
1899.4,1,1,17,59,1,1,1,3.0,2.0,2041.0,1774.1,86.9,4,3,10.1,63.2,29.7,0.6,7.5,17.0,4.5,8,1,0,2,14,1,131.8,2.87,0,3,22.6,10.2,17.0,1,0,38.4,35.9,3.5,34.1,16,2,1,0,0.57,0.81,81.0,9.6,82,0,4,0,65.0,39.0,32.5,48.8,65.0,97.5,2,1,1,21.3,34,133.0,0,1,0,518,28.2,33.5,4.99,26.90833333333333,42.9,0.0,2,0
864.8,0,0,0,0,0,0,0,2.0,3.0,811.5,695.8,85.7,2,0,10.1,63.2,29.7,0.6,7.5,17.0,4.5,8,1,0,2,14,1,131.8,2.87,0,3,22.6,10.2,17.0,1,0,38.4,35.9,3.5,34.1,16,2,1,0,0.57,0.81,81.0,9.6,82,0,4,0,65.0,39.0,32.5,48.8,65.0,97.5,2,1,1,21.3,34,133.0,0,1,0,518,28.2,33.5,4.99,26.90833333333333,42.9,0.0,2,0
269.4,0,0,0,0,0,0,0,2.0,3.0,410.0,347.3,84.7,0,0,10.1,63.2,29.7,0.6,7.5,17.0,4.5,8,1,0,2,14,1,131.8,2.87,0,3,22.6,10.2,17.0,1,0,38.4,35.9,3.5,34.1,16,2,1,0,0.57,0.81,81.0,9.6,82,0,4,0,65.0,39.0,32.5,48.8,65.0,97.5,2,1,1,21.3,34,133.0,0,1,0,518,28.2,33.5,4.99,26.90833333333333,42.9,0.0,2,0
1398.9,1,1,19,2,52,1,0,1.0,2.0,1221.8,1046.1,85.6,3,1,10.1,63.2,29.7,0.6,7.5,17.0,4.5,8,1,0,2,14,1,131.8,2.87,0,3,22.6,10.2,17.0,1,0,38.4,35.9,3.5,34.1,16,2,1,0,0.57,0.81,81.0,9.6,82,0,4,0,65.0,39.0,32.5,48.8,65.0,97.5,2,1,1,21.3,34,133.0,0,1,0,518,28.2,33.5,4.99,26.90833333333333,42.9,0.0,2,0
994.8,0,0,0,0,0,0,0,2.0,3.0,874.1,758.0,86.7,2,0,10.1,63.2,29.7,0.6,7.5,17.0,4.5,8,1,0,2,14,1,131.8,2.87,0,3,22.6,10.2,17.0,1,0,38.4,35.9,3.5,34.1,16,2,1,0,0.57,0.81,81.0,9.6,82,0,4,0,65.0,39.0,32.5,48.8,65.0,97.5,2,1,1,21.3,34,133.0,0,1,0,518,28.2,33.5,4.99,26.90833333333333,42.9,0.0,2,0
1350.0,1,1,4,55,74,1,0,2.0,1.0,1329.8,1175.5,88.4,3,2,10.1,63.2,29.7,0.6,7.5,17.0,4.5,8,1,0,2,14,1,131.8,2.87,0,3,22.6,10.2,17.0,1,0,38.4,35.9,3.5,34.1,16,2,1,0,0.57,0.81,81.0,9.6,82,0,4,0,65.0,39.0,32.5,48.8,65.0,97.5,2,1,1,21.3,34,133.0,0,1,0,518,28.2,33.5,4.99,26.90833333333333,42.9,0.0,2,0
532.5,0,0,0,0,0,0,0,2.0,3.0,655.3,558.1,85.2,1,0,10.1,63.2,29.7,0.6,7.5,17.0,4.5,8,1,0,2,14,1,131.8,2.87,0,3,22.6,10.2,17.0,1,0,38.4,35.9,3.5,34.1,16,2,1,0,0.57,0.81,81.0,9.6,82,0,4,0,65.0,39.0,32.5,48.8,65.0,97.5,2,1,1,21.3,34,133.0,0,1,0,518,28.2,33.5,4.99,26.90833333333333,42.9,0.0,2,0
1273.9,1,1,5,70,10,1,0,1.0,1.0,1416.7,1248.9,88.2,3,2,10.1,63.2,29.7,0.6,7.5,17.0,4.5,8,1,0,2,14,1,131.8,2.87,0,3,22.6,10.2,17.0,1,0,38.4,35.9,3.5,34.1,16,2,1,0,0.57,0.81,81.0,9.6,82,0,4,0,65.0,39.0,32.5,48.8,65.0,97.5,2,1,1,21.3,34,133.0,0,1,0,518,28.2,33.5,4.99,26.90833333333333,42.9,0.0,2,0
2240.9,1,1,9,59,69,1,1,3.0,2.0,1887.7,1656.6,87.8,4,3,10.1,63.2,29.7,0.6,7.5,17.0,4.5,8,1,0,2,14,1,131.8,2.87,0,3,22.6,10.2,17.0,1,0,38.4,35.9,3.5,34.1,16,2,1,0,0.57,0.81,81.0,9.6,82,0,4,0,65.0,39.0,32.5,48.8,65.0,97.5,2,1,1,21.3,34,133.0,0,1,0,518,28.2,33.5,4.99,26.90833333333333,42.9,0.0,2,0
1018.1,0,0,0,0,0,0,0,2.0,3.0,831.6,718.4,86.4,2,0,10.1,63.2,29.7,0.6,7.5,17.0,4.5,8,1,0,2,14,1,131.8,2.87,0,3,22.6,10.2,17.0,1,0,38.4,35.9,3.5,34.1,16,2,1,0,0.57,0.81,81.0,9.6,82,0,4,0,65.0,39.0,32.5,48.8,65.0,97.5,2,1,1,21.3,34,133.0,0,1,0,518,28.2,33.5,4.99,26.90833333333333,42.9,0.0,2,0
868.7,0,0,0,0,0,0,0,2.0,3.0,745.0,617.5,82.9,2,0,10.4,52.2,30.6,0.6,8.4,11.5,7.5,8,1,0,2,30,1,126.5,2.33,1,2,59.0,5.3,44.2,2,2,44.6,71.8,18.5,46.9,6,2,1,0,2.43,0.71,71.0,5.1,79,1,3,1,80.0,48.0,40.0,60.0,80.0,120.0,1,1,1,4.9,36,62.4,2,1,0,395,17.6,25.5,3.29,6.058333333333334,17.7,0.0,0,0
239.5,0,0,0,0,0,0,0,2.0,3.0,251.4,202.3,80.5,0,0,10.4,52.2,30.6,0.6,8.4,11.5,7.5,8,1,0,2,30,1,126.5,2.33,1,2,59.0,5.3,44.2,2,2,44.6,71.8,18.5,46.9,6,2,1,0,2.43,0.71,71.0,5.1,79,1,3,1,80.0,48.0,40.0,60.0,80.0,120.0,1,1,1,4.9,36,62.4,2,1,0,395,17.6,25.5,3.29,6.058333333333334,17.7,0.0,0,0
1272.0,1,1,19,20,70,0,0,1.0,2.0,1425.6,1215.4,85.3,3,2,10.4,52.2,30.6,0.6,8.4,11.5,7.5,8,1,0,2,30,1,126.5,2.33,1,2,59.0,5.3,44.2,2,2,44.6,71.8,18.5,46.9,6,2,1,0,2.43,0.71,71.0,5.1,79,1,3,1,80.0,48.0,40.0,60.0,80.0,120.0,1,1,1,4.9,36,62.4,2,1,0,395,17.6,25.5,3.29,6.058333333333334,17.7,0.0,0,0
889.4,0,0,0,0,0,0,0,2.0,3.0,928.6,821.9,88.5,2,0,10.4,52.2,30.6,0.6,8.4,11.5,7.5,8,1,0,2,30,1,126.5,2.33,1,2,59.0,5.3,44.2,2,2,44.6,71.8,18.5,46.9,6,2,1,0,2.43,0.71,71.0,5.1,79,1,3,1,80.0,48.0,40.0,60.0,80.0,120.0,1,1,1,4.9,36,62.4,2,1,0,395,17.6,25.5,3.29,6.058333333333334,17.7,0.0,0,0
1344.0,1,1,18,1,10,1,0,2.0,2.0,1497.5,1279.0,85.4,4,2,10.4,52.2,30.6,0.6,8.4,11.5,7.5,8,1,0,2,30,1,126.5,2.33,1,2,59.0,5.3,44.2,2,2,44.6,71.8,18.5,46.9,6,2,1,0,2.43,0.71,71.0,5.1,79,1,3,1,80.0,48.0,40.0,60.0,80.0,120.0,1,1,1,4.9,36,62.4,2,1,0,395,17.6,25.5,3.29,6.058333333333334,17.7,0.0,0,0
475.5,0,0,0,0,0,0,0,2.0,3.0,648.5,581.3,89.6,1,0,10.4,52.2,30.6,0.6,8.4,11.5,7.5,8,1,0,2,30,1,126.5,2.33,1,2,59.0,5.3,44.2,2,2,44.6,71.8,18.5,46.9,6,2,1,0,2.43,0.71,71.0,5.1,79,1,3,1,80.0,48.0,40.0,60.0,80.0,120.0,1,1,1,4.9,36,62.4,2,1,0,395,17.6,25.5,3.29,6.058333333333334,17.7,0.0,0,0
1239.7,1,1,30,42,6,1,0,1.0,3.0,1117.9,982.9,87.9,3,1,10.4,52.2,30.6,0.6,8.4,11.5,7.5,8,1,0,2,30,1,126.5,2.33,1,2,59.0,5.3,44.2,2,2,44.6,71.8,18.5,46.9,6,2,1,0,2.43,0.71,71.0,5.1,79,1,3,1,80.0,48.0,40.0,60.0,80.0,120.0,1,1,1,4.9,36,62.4,2,1,0,395,17.6,25.5,3.29,6.058333333333334,17.7,0.0,0,0
2134.8,1,1,2,1,47,1,1,3.0,1.0,1736.9,1526.9,87.9,4,3,10.4,52.2,30.6,0.6,8.4,11.5,7.5,8,1,0,2,30,1,126.5,2.33,1,2,59.0,5.3,44.2,2,2,44.6,71.8,18.5,46.9,6,2,1,0,2.43,0.71,71.0,5.1,79,1,3,1,80.0,48.0,40.0,60.0,80.0,120.0,1,1,1,4.9,36,62.4,2,1,0,395,17.6,25.5,3.29,6.058333333333334,17.7,0.0,0,0
910.5,0,0,0,0,0,0,0,2.0,3.0,863.2,753.0,87.2,2,0,10.4,52.2,30.6,0.6,8.4,11.5,7.5,8,1,0,2,30,1,126.5,2.33,1,2,59.0,5.3,44.2,2,2,44.6,71.8,18.5,46.9,6,2,1,0,2.43,0.71,71.0,5.1,79,1,3,1,80.0,48.0,40.0,60.0,80.0,120.0,1,1,1,4.9,36,62.4,2,1,0,395,17.6,25.5,3.29,6.058333333333334,17.7,0.0,0,0
418.3,0,0,0,0,0,0,0,2.0,3.0,366.2,312.8,85.4,0,0,10.4,52.2,30.6,0.6,8.4,11.5,7.5,8,1,0,2,30,1,126.5,2.33,1,2,59.0,5.3,44.2,2,2,44.6,71.8,18.5,46.9,6,2,1,0,2.43,0.71,71.0,5.1,79,1,3,1,80.0,48.0,40.0,60.0,80.0,120.0,1,1,1,4.9,36,62.4,2,1,0,395,17.6,25.5,3.29,6.058333333333334,17.7,0.0,0,0
218.1,0,0,0,0,0,0,0,2.0,3.0,403.7,349.4,86.5,0,0,57.2,16.5,26.3,2.2,8.1,45.9,5.6,1,3,3,0,589,572,100.9,0.0,4,0,17.2,5.5,12.9,1,0,49.1,16.0,4.9,17.5,11,2,1,0,10.31,0.36,36.0,6.9,57,3,1,3,71.1,42.7,35.5,53.3,71.1,106.6,2,1,1,9.7,43,172.0,1,1,0,107,30.9,22.3,2.02,23.458333333333332,42.7,0.0,2,0
1091.1,1,1,19,48,79,1,0,1.0,2.0,1330.6,1130.5,85.0,3,2,57.2,16.5,26.3,2.2,8.1,45.9,5.6,1,3,3,0,589,572,100.9,0.0,4,0,17.2,5.5,12.9,1,0,49.1,16.0,4.9,17.5,11,2,1,0,10.31,0.36,36.0,6.9,57,3,1,3,71.1,42.7,35.5,53.3,71.1,106.6,2,1,1,9.7,43,172.0,1,1,0,107,30.9,22.3,2.02,23.458333333333332,42.7,0.0,2,0
873.3,0,0,0,0,0,0,0,2.0,3.0,828.4,711.7,85.9,2,0,57.2,16.5,26.3,2.2,8.1,45.9,5.6,1,3,3,0,589,572,100.9,0.0,4,0,17.2,5.5,12.9,1,0,49.1,16.0,4.9,17.5,11,2,1,0,10.31,0.36,36.0,6.9,57,3,1,3,71.1,42.7,35.5,53.3,71.1,106.6,2,1,1,9.7,43,172.0,1,1,0,107,30.9,22.3,2.02,23.458333333333332,42.7,0.0,2,0
1436.4,1,1,24,36,37,1,0,2.0,3.0,1451.5,1280.5,88.2,4,2,57.2,16.5,26.3,2.2,8.1,45.9,5.6,1,3,3,0,589,572,100.9,0.0,4,0,17.2,5.5,12.9,1,0,49.1,16.0,4.9,17.5,11,2,1,0,10.31,0.36,36.0,6.9,57,3,1,3,71.1,42.7,35.5,53.3,71.1,106.6,2,1,1,9.7,43,172.0,1,1,0,107,30.9,22.3,2.02,23.458333333333332,42.7,0.0,2,0
548.4,0,0,0,0,0,0,0,2.0,3.0,448.7,399.3,89.0,1,0,57.2,16.5,26.3,2.2,8.1,45.9,5.6,1,3,3,0,589,572,100.9,0.0,4,0,17.2,5.5,12.9,1,0,49.1,16.0,4.9,17.5,11,2,1,0,10.31,0.36,36.0,6.9,57,3,1,3,71.1,42.7,35.5,53.3,71.1,106.6,2,1,1,9.7,43,172.0,1,1,0,107,30.9,22.3,2.02,23.458333333333332,42.7,0.0,2,0
1029.9,1,1,25,25,17,0,0,1.0,3.0,1070.3,961.2,89.8,3,1,57.2,16.5,26.3,2.2,8.1,45.9,5.6,1,3,3,0,589,572,100.9,0.0,4,0,17.2,5.5,12.9,1,0,49.1,16.0,4.9,17.5,11,2,1,0,10.31,0.36,36.0,6.9,57,3,1,3,71.1,42.7,35.5,53.3,71.1,106.6,2,1,1,9.7,43,172.0,1,1,0,107,30.9,22.3,2.02,23.458333333333332,42.7,0.0,2,0
1856.5,1,1,35,61,40,0,1,3.0,4.0,1657.2,1442.2,87.0,4,3,57.2,16.5,26.3,2.2,8.1,45.9,5.6,1,3,3,0,589,572,100.9,0.0,4,0,17.2,5.5,12.9,1,0,49.1,16.0,4.9,17.5,11,2,1,0,10.31,0.36,36.0,6.9,57,3,1,3,71.1,42.7,35.5,53.3,71.1,106.6,2,1,1,9.7,43,172.0,1,1,0,107,30.9,22.3,2.02,23.458333333333332,42.7,0.0,2,0
768.1,0,0,0,0,0,0,0,2.0,3.0,681.7,575.1,84.4,2,0,57.2,16.5,26.3,2.2,8.1,45.9,5.6,1,3,3,0,589,572,100.9,0.0,4,0,17.2,5.5,12.9,1,0,49.1,16.0,4.9,17.5,11,2,1,0,10.31,0.36,36.0,6.9,57,3,1,3,71.1,42.7,35.5,53.3,71.1,106.6,2,1,1,9.7,43,172.0,1,1,0,107,30.9,22.3,2.02,23.458333333333332,42.7,0.0,2,0
295.9,0,0,0,0,0,0,0,2.0,3.0,217.0,210.4,97.0,0,0,57.2,16.5,26.3,2.2,8.1,45.9,5.6,1,3,3,0,589,572,100.9,0.0,4,0,17.2,5.5,12.9,1,0,49.1,16.0,4.9,17.5,11,2,1,0,10.31,0.36,36.0,6.9,57,3,1,3,71.1,42.7,35.5,53.3,71.1,106.6,2,1,1,9.7,43,172.0,1,1,0,107,30.9,22.3,2.02,23.458333333333332,42.7,0.0,2,0
1065.6,1,1,8,7,66,1,0,1.0,2.0,1117.6,974.0,87.2,3,2,57.2,16.5,26.3,2.2,8.1,45.9,5.6,1,3,3,0,589,572,100.9,0.0,4,0,17.2,5.5,12.9,1,0,49.1,16.0,4.9,17.5,11,2,1,0,10.31,0.36,36.0,6.9,57,3,1,3,71.1,42.7,35.5,53.3,71.1,106.6,2,1,1,9.7,43,172.0,1,1,0,107,30.9,22.3,2.02,23.458333333333332,42.7,0.0,2,0
1343.1,1,1,12,59,21,1,0,1.0,2.0,1273.6,1129.5,88.7,3,1,29.4,37.2,36.8,1.4,7.5,43.7,5.1,0,0,2,1,8,1,80.1,3.07,0,3,14.3,16.9,10.7,0,0,36.8,43.3,14.7,35.6,18,2,1,0,1.47,0.62,62.0,2.7,64,1,3,1,70.0,42.0,35.0,52.5,70.0,105.0,2,1,1,12.9,52,126.0,1,3,1,308,68.9,32.7,4.32,32.25833333333333,52.4,0.0,2,1
1023.7,0,0,0,0,0,0,0,2.0,3.0,944.7,797.9,84.5,2,0,29.4,37.2,36.8,1.4,7.5,43.7,5.1,0,0,2,1,8,1,80.1,3.07,0,3,14.3,16.9,10.7,0,0,36.8,43.3,14.7,35.6,18,2,1,0,1.47,0.62,62.0,2.7,64,1,3,1,70.0,42.0,35.0,52.5,70.0,105.0,2,1,1,12.9,52,126.0,1,3,1,308,68.9,32.7,4.32,32.25833333333333,52.4,0.0,2,1
1466.6,1,1,8,27,26,1,0,2.0,2.0,1299.0,1100.9,84.7,3,2,29.4,37.2,36.8,1.4,7.5,43.7,5.1,0,0,2,1,8,1,80.1,3.07,0,3,14.3,16.9,10.7,0,0,36.8,43.3,14.7,35.6,18,2,1,0,1.47,0.62,62.0,2.7,64,1,3,1,70.0,42.0,35.0,52.5,70.0,105.0,2,1,1,12.9,52,126.0,1,3,1,308,68.9,32.7,4.32,32.25833333333333,52.4,0.0,2,1
613.1,0,0,0,0,0,0,0,2.0,3.0,617.6,546.3,88.5,1,0,29.4,37.2,36.8,1.4,7.5,43.7,5.1,0,0,2,1,8,1,80.1,3.07,0,3,14.3,16.9,10.7,0,0,36.8,43.3,14.7,35.6,18,2,1,0,1.47,0.62,62.0,2.7,64,1,3,1,70.0,42.0,35.0,52.5,70.0,105.0,2,1,1,12.9,52,126.0,1,3,1,308,68.9,32.7,4.32,32.25833333333333,52.4,0.0,2,1
1247.6,1,1,33,69,60,1,0,1.0,3.0,1397.9,1221.0,87.3,3,2,29.4,37.2,36.8,1.4,7.5,43.7,5.1,0,0,2,1,8,1,80.1,3.07,0,3,14.3,16.9,10.7,0,0,36.8,43.3,14.7,35.6,18,2,1,0,1.47,0.62,62.0,2.7,64,1,3,1,70.0,42.0,35.0,52.5,70.0,105.0,2,1,1,12.9,52,126.0,1,3,1,308,68.9,32.7,4.32,32.25833333333333,52.4,0.0,2,1
2156.4,1,1,17,44,29,1,1,3.0,2.0,2301.4,1976.7,85.9,4,3,29.4,37.2,36.8,1.4,7.5,43.7,5.1,0,0,2,1,8,1,80.1,3.07,0,3,14.3,16.9,10.7,0,0,36.8,43.3,14.7,35.6,18,2,1,0,1.47,0.62,62.0,2.7,64,1,3,1,70.0,42.0,35.0,52.5,70.0,105.0,2,1,1,12.9,52,126.0,1,3,1,308,68.9,32.7,4.32,32.25833333333333,52.4,0.0,2,1
1061.3,0,0,0,0,0,0,0,2.0,3.0,961.6,862.0,89.6,2,0,29.4,37.2,36.8,1.4,7.5,43.7,5.1,0,0,2,1,8,1,80.1,3.07,0,3,14.3,16.9,10.7,0,0,36.8,43.3,14.7,35.6,18,2,1,0,1.47,0.62,62.0,2.7,64,1,3,1,70.0,42.0,35.0,52.5,70.0,105.0,2,1,1,12.9,52,126.0,1,3,1,308,68.9,32.7,4.32,32.25833333333333,52.4,0.0,2,1
304.8,0,0,0,0,0,0,0,2.0,3.0,293.7,251.0,85.5,0,0,29.4,37.2,36.8,1.4,7.5,43.7,5.1,0,0,2,1,8,1,80.1,3.07,0,3,14.3,16.9,10.7,0,0,36.8,43.3,14.7,35.6,18,2,1,0,1.47,0.62,62.0,2.7,64,1,3,1,70.0,42.0,35.0,52.5,70.0,105.0,2,1,1,12.9,52,126.0,1,3,1,308,68.9,32.7,4.32,32.25833333333333,52.4,0.0,2,1
1180.5,1,1,24,46,52,1,0,1.0,3.0,1260.1,1080.1,85.7,3,1,29.4,37.2,36.8,1.4,7.5,43.7,5.1,0,0,2,1,8,1,80.1,3.07,0,3,14.3,16.9,10.7,0,0,36.8,43.3,14.7,35.6,18,2,1,0,1.47,0.62,62.0,2.7,64,1,3,1,70.0,42.0,35.0,52.5,70.0,105.0,2,1,1,12.9,52,126.0,1,3,1,308,68.9,32.7,4.32,32.25833333333333,52.4,0.0,2,1
1025.1,0,0,0,0,0,0,0,2.0,3.0,1084.6,929.7,85.7,2,1,29.4,37.2,36.8,1.4,7.5,43.7,5.1,0,0,2,1,8,1,80.1,3.07,0,3,14.3,16.9,10.7,0,0,36.8,43.3,14.7,35.6,18,2,1,0,1.47,0.62,62.0,2.7,64,1,3,1,70.0,42.0,35.0,52.5,70.0,105.0,2,1,1,12.9,52,126.0,1,3,1,308,68.9,32.7,4.32,32.25833333333333,52.4,0.0,2,1
519.0,0,0,0,0,0,0,0,2.0,3.0,584.9,507.4,86.7,2,0,32.4,33.7,33.4,1.2,7.1,45.4,8.0,5,2,1,3,280,169,73.5,0.0,3,0,16.3,5.7,12.2,1,0,33.5,7.2,12.4,13.3,14,1,2,2,3.62,0.43,43.0,5.1,58,2,2,2,120.0,72.0,60.0,90.0,120.0,180.0,0,2,2,11.9,57,281.8,1,1,0,667,49.2,31.6,4.37,55.574999999999996,81.4,7.966666666666666,3,2
871.7,1,1,32,33,66,0,0,2.0,3.0,906.9,811.2,89.4,3,2,32.4,33.7,33.4,1.2,7.1,45.4,8.0,5,2,1,3,280,169,73.5,0.0,3,0,16.3,5.7,12.2,1,0,33.5,7.2,12.4,13.3,14,1,2,2,3.62,0.43,43.0,5.1,58,2,2,2,120.0,72.0,60.0,90.0,120.0,180.0,0,2,2,11.9,57,281.8,1,1,0,667,49.2,31.6,4.37,55.574999999999996,81.4,7.966666666666666,3,2
383.5,0,0,0,0,0,0,0,2.0,3.0,400.2,372.1,93.0,1,0,32.4,33.7,33.4,1.2,7.1,45.4,8.0,5,2,1,3,280,169,73.5,0.0,3,0,16.3,5.7,12.2,1,0,33.5,7.2,12.4,13.3,14,1,2,2,3.62,0.43,43.0,5.1,58,2,2,2,120.0,72.0,60.0,90.0,120.0,180.0,0,2,2,11.9,57,281.8,1,1,0,667,49.2,31.6,4.37,55.574999999999996,81.4,7.966666666666666,3,2
828.5,1,1,3,46,23,1,0,1.0,1.0,864.2,741.7,85.8,3,2,32.4,33.7,33.4,1.2,7.1,45.4,8.0,5,2,1,3,280,169,73.5,0.0,3,0,16.3,5.7,12.2,1,0,33.5,7.2,12.4,13.3,14,1,2,2,3.62,0.43,43.0,5.1,58,2,2,2,120.0,72.0,60.0,90.0,120.0,180.0,0,2,2,11.9,57,281.8,1,1,0,667,49.2,31.6,4.37,55.574999999999996,81.4,7.966666666666666,3,2
1361.9,1,1,23,66,26,1,1,3.0,3.0,1496.9,1262.6,84.3,4,3,32.4,33.7,33.4,1.2,7.1,45.4,8.0,5,2,1,3,280,169,73.5,0.0,3,0,16.3,5.7,12.2,1,0,33.5,7.2,12.4,13.3,14,1,2,2,3.62,0.43,43.0,5.1,58,2,2,2,120.0,72.0,60.0,90.0,120.0,180.0,0,2,2,11.9,57,281.8,1,1,0,667,49.2,31.6,4.37,55.574999999999996,81.4,7.966666666666666,3,2
578.7,0,0,0,0,0,0,0,2.0,3.0,531.0,467.3,88.0,2,0,32.4,33.7,33.4,1.2,7.1,45.4,8.0,5,2,1,3,280,169,73.5,0.0,3,0,16.3,5.7,12.2,1,0,33.5,7.2,12.4,13.3,14,1,2,2,3.62,0.43,43.0,5.1,58,2,2,2,120.0,72.0,60.0,90.0,120.0,180.0,0,2,2,11.9,57,281.8,1,1,0,667,49.2,31.6,4.37,55.574999999999996,81.4,7.966666666666666,3,2
272.8,0,0,0,0,0,0,0,2.0,3.0,295.8,260.6,88.1,0,0,32.4,33.7,33.4,1.2,7.1,45.4,8.0,5,2,1,3,280,169,73.5,0.0,3,0,16.3,5.7,12.2,1,0,33.5,7.2,12.4,13.3,14,1,2,2,3.62,0.43,43.0,5.1,58,2,2,2,120.0,72.0,60.0,90.0,120.0,180.0,0,2,2,11.9,57,281.8,1,1,0,667,49.2,31.6,4.37,55.574999999999996,81.4,7.966666666666666,3,2
744.6,1,1,39,42,25,1,0,1.0,4.0,909.2,786.6,86.5,3,2,32.4,33.7,33.4,1.2,7.1,45.4,8.0,5,2,1,3,280,169,73.5,0.0,3,0,16.3,5.7,12.2,1,0,33.5,7.2,12.4,13.3,14,1,2,2,3.62,0.43,43.0,5.1,58,2,2,2,120.0,72.0,60.0,90.0,120.0,180.0,0,2,2,11.9,57,281.8,1,1,0,667,49.2,31.6,4.37,55.574999999999996,81.4,7.966666666666666,3,2
614.0,0,0,0,0,0,0,0,2.0,3.0,657.9,544.4,82.7,2,0,32.4,33.7,33.4,1.2,7.1,45.4,8.0,5,2,1,3,280,169,73.5,0.0,3,0,16.3,5.7,12.2,1,0,33.5,7.2,12.4,13.3,14,1,2,2,3.62,0.43,43.0,5.1,58,2,2,2,120.0,72.0,60.0,90.0,120.0,180.0,0,2,2,11.9,57,281.8,1,1,0,667,49.2,31.6,4.37,55.574999999999996,81.4,7.966666666666666,3,2
1054.0,1,1,7,57,35,1,0,2.0,2.0,879.2,751.5,85.5,3,2,32.4,33.7,33.4,1.2,7.1,45.4,8.0,5,2,1,3,280,169,73.5,0.0,3,0,16.3,5.7,12.2,1,0,33.5,7.2,12.4,13.3,14,1,2,2,3.62,0.43,43.0,5.1,58,2,2,2,120.0,72.0,60.0,90.0,120.0,180.0,0,2,2,11.9,57,281.8,1,1,0,667,49.2,31.6,4.37,55.574999999999996,81.4,7.966666666666666,3,2
1137.5,1,1,16,14,75,1,0,2.0,2.0,1213.5,1073.3,88.4,4,2,70.9,8.6,16.7,2.2,6.3,24.4,3.0,3,3,3,0,316,245,7.8,0.0,3,0,16.4,3.4,12.3,1,0,28.0,62.9,13.0,10.7,21,1,2,2,6.54,0.59,59.0,1.8,82,2,2,2,115.0,69.0,57.5,86.2,115.0,172.5,1,1,1,23.5,16,259.1,0,0,0,391,19.5,29.1,2.64,16.35833333333333,30.0,0.0,1,0
354.8,0,0,0,0,0,0,0,2.0,3.0,379.3,315.1,83.1,1,0,70.9,8.6,16.7,2.2,6.3,24.4,3.0,3,3,3,0,316,245,7.8,0.0,3,0,16.4,3.4,12.3,1,0,28.0,62.9,13.0,10.7,21,1,2,2,6.54,0.59,59.0,1.8,82,2,2,2,115.0,69.0,57.5,86.2,115.0,172.5,1,1,1,23.5,16,259.1,0,0,0,391,19.5,29.1,2.64,16.35833333333333,30.0,0.0,1,0
891.6,1,1,32,63,50,1,0,1.0,3.0,1041.8,927.9,89.1,3,2,70.9,8.6,16.7,2.2,6.3,24.4,3.0,3,3,3,0,316,245,7.8,0.0,3,0,16.4,3.4,12.3,1,0,28.0,62.9,13.0,10.7,21,1,2,2,6.54,0.59,59.0,1.8,82,2,2,2,115.0,69.0,57.5,86.2,115.0,172.5,1,1,1,23.5,16,259.1,0,0,0,391,19.5,29.1,2.64,16.35833333333333,30.0,0.0,1,0
1525.9,1,1,22,58,57,0,1,3.0,3.0,1392.9,1209.7,86.8,4,3,70.9,8.6,16.7,2.2,6.3,24.4,3.0,3,3,3,0,316,245,7.8,0.0,3,0,16.4,3.4,12.3,1,0,28.0,62.9,13.0,10.7,21,1,2,2,6.54,0.59,59.0,1.8,82,2,2,2,115.0,69.0,57.5,86.2,115.0,172.5,1,1,1,23.5,16,259.1,0,0,0,391,19.5,29.1,2.64,16.35833333333333,30.0,0.0,1,0
635.2,0,0,0,0,0,0,0,2.0,3.0,609.8,552.1,90.5,2,0,70.9,8.6,16.7,2.2,6.3,24.4,3.0,3,3,3,0,316,245,7.8,0.0,3,0,16.4,3.4,12.3,1,0,28.0,62.9,13.0,10.7,21,1,2,2,6.54,0.59,59.0,1.8,82,2,2,2,115.0,69.0,57.5,86.2,115.0,172.5,1,1,1,23.5,16,259.1,0,0,0,391,19.5,29.1,2.64,16.35833333333333,30.0,0.0,1,0
312.7,0,0,0,0,0,0,0,2.0,3.0,304.4,269.6,88.6,0,0,70.9,8.6,16.7,2.2,6.3,24.4,3.0,3,3,3,0,316,245,7.8,0.0,3,0,16.4,3.4,12.3,1,0,28.0,62.9,13.0,10.7,21,1,2,2,6.54,0.59,59.0,1.8,82,2,2,2,115.0,69.0,57.5,86.2,115.0,172.5,1,1,1,23.5,16,259.1,0,0,0,391,19.5,29.1,2.64,16.35833333333333,30.0,0.0,1,0
915.6,1,1,37,8,52,1,0,1.0,4.0,928.9,797.1,85.8,3,2,70.9,8.6,16.7,2.2,6.3,24.4,3.0,3,3,3,0,316,245,7.8,0.0,3,0,16.4,3.4,12.3,1,0,28.0,62.9,13.0,10.7,21,1,2,2,6.54,0.59,59.0,1.8,82,2,2,2,115.0,69.0,57.5,86.2,115.0,172.5,1,1,1,23.5,16,259.1,0,0,0,391,19.5,29.1,2.64,16.35833333333333,30.0,0.0,1,0
730.1,0,0,0,0,0,0,0,2.0,3.0,727.3,657.3,90.4,2,0,70.9,8.6,16.7,2.2,6.3,24.4,3.0,3,3,3,0,316,245,7.8,0.0,3,0,16.4,3.4,12.3,1,0,28.0,62.9,13.0,10.7,21,1,2,2,6.54,0.59,59.0,1.8,82,2,2,2,115.0,69.0,57.5,86.2,115.0,172.5,1,1,1,23.5,16,259.1,0,0,0,391,19.5,29.1,2.64,16.35833333333333,30.0,0.0,1,0
1070.0,1,1,6,47,54,0,0,2.0,1.0,1256.6,1075.4,85.6,4,2,70.9,8.6,16.7,2.2,6.3,24.4,3.0,3,3,3,0,316,245,7.8,0.0,3,0,16.4,3.4,12.3,1,0,28.0,62.9,13.0,10.7,21,1,2,2,6.54,0.59,59.0,1.8,82,2,2,2,115.0,69.0,57.5,86.2,115.0,172.5,1,1,1,23.5,16,259.1,0,0,0,391,19.5,29.1,2.64,16.35833333333333,30.0,0.0,1,0
373.2,0,0,0,0,0,0,0,2.0,3.0,373.2,328.3,88.0,1,0,70.9,8.6,16.7,2.2,6.3,24.4,3.0,3,3,3,0,316,245,7.8,0.0,3,0,16.4,3.4,12.3,1,0,28.0,62.9,13.0,10.7,21,1,2,2,6.54,0.59,59.0,1.8,82,2,2,2,115.0,69.0,57.5,86.2,115.0,172.5,1,1,1,23.5,16,259.1,0,0,0,391,19.5,29.1,2.64,16.35833333333333,30.0,0.0,1,0
408.3,0,0,0,0,0,0,0,2.0,3.0,329.5,315.8,95.8,1,0,62.8,19.2,20.6,2.2,8.4,5.0,7.4,1,3,3,0,350,339,26.4,0.0,3,0,13.8,2.2,10.4,0,0,17.2,50.6,28.9,23.2,24,1,2,2,6.44,0.61,61.0,3.9,59,2,2,2,130.0,78.0,65.0,97.5,130.0,195.0,0,2,1,1.4,36,48.7,3,1,0,469,89.4,23.5,2.83,55.15,86.6,9.425,4,3
722.9,1,1,19,17,62,1,0,1.0,2.0,776.2,717.6,92.5,3,2,62.8,19.2,20.6,2.2,8.4,5.0,7.4,1,3,3,0,350,339,26.4,0.0,3,0,13.8,2.2,10.4,0,0,17.2,50.6,28.9,23.2,24,1,2,2,6.44,0.61,61.0,3.9,59,2,2,2,130.0,78.0,65.0,97.5,130.0,195.0,0,2,1,1.4,36,48.7,3,1,0,469,89.4,23.5,2.83,55.15,86.6,9.425,4,3
1276.5,1,1,26,62,22,1,1,3.0,3.0,1192.7,1054.0,88.4,4,3,62.8,19.2,20.6,2.2,8.4,5.0,7.4,1,3,3,0,350,339,26.4,0.0,3,0,13.8,2.2,10.4,0,0,17.2,50.6,28.9,23.2,24,1,2,2,6.44,0.61,61.0,3.9,59,2,2,2,130.0,78.0,65.0,97.5,130.0,195.0,0,2,1,1.4,36,48.7,3,1,0,469,89.4,23.5,2.83,55.15,86.6,9.425,4,3
570.7,0,0,0,0,0,0,0,2.0,3.0,532.7,468.6,88.0,2,0,62.8,19.2,20.6,2.2,8.4,5.0,7.4,1,3,3,0,350,339,26.4,0.0,3,0,13.8,2.2,10.4,0,0,17.2,50.6,28.9,23.2,24,1,2,2,6.44,0.61,61.0,3.9,59,2,2,2,130.0,78.0,65.0,97.5,130.0,195.0,0,2,1,1.4,36,48.7,3,1,0,469,89.4,23.5,2.83,55.15,86.6,9.425,4,3
119.6,0,0,0,0,0,0,0,2.0,3.0,142.7,112.8,79.0,0,0,62.8,19.2,20.6,2.2,8.4,5.0,7.4,1,3,3,0,350,339,26.4,0.0,3,0,13.8,2.2,10.4,0,0,17.2,50.6,28.9,23.2,24,1,2,2,6.44,0.61,61.0,3.9,59,2,2,2,130.0,78.0,65.0,97.5,130.0,195.0,0,2,1,1.4,36,48.7,3,1,0,469,89.4,23.5,2.83,55.15,86.6,9.425,4,3
811.0,1,1,34,48,0,1,0,1.0,3.0,693.4,622.8,89.8,3,1,62.8,19.2,20.6,2.2,8.4,5.0,7.4,1,3,3,0,350,339,26.4,0.0,3,0,13.8,2.2,10.4,0,0,17.2,50.6,28.9,23.2,24,1,2,2,6.44,0.61,61.0,3.9,59,2,2,2,130.0,78.0,65.0,97.5,130.0,195.0,0,2,1,1.4,36,48.7,3,1,0,469,89.4,23.5,2.83,55.15,86.6,9.425,4,3
548.7,0,0,0,0,0,0,0,2.0,3.0,629.8,563.0,89.4,2,1,62.8,19.2,20.6,2.2,8.4,5.0,7.4,1,3,3,0,350,339,26.4,0.0,3,0,13.8,2.2,10.4,0,0,17.2,50.6,28.9,23.2,24,1,2,2,6.44,0.61,61.0,3.9,59,2,2,2,130.0,78.0,65.0,97.5,130.0,195.0,0,2,1,1.4,36,48.7,3,1,0,469,89.4,23.5,2.83,55.15,86.6,9.425,4,3
867.4,1,1,22,67,75,1,0,2.0,3.0,957.3,847.7,88.6,4,2,62.8,19.2,20.6,2.2,8.4,5.0,7.4,1,3,3,0,350,339,26.4,0.0,3,0,13.8,2.2,10.4,0,0,17.2,50.6,28.9,23.2,24,1,2,2,6.44,0.61,61.0,3.9,59,2,2,2,130.0,78.0,65.0,97.5,130.0,195.0,0,2,1,1.4,36,48.7,3,1,0,469,89.4,23.5,2.83,55.15,86.6,9.425,4,3
296.8,0,0,0,0,0,0,0,2.0,3.0,342.5,283.4,82.7,1,0,62.8,19.2,20.6,2.2,8.4,5.0,7.4,1,3,3,0,350,339,26.4,0.0,3,0,13.8,2.2,10.4,0,0,17.2,50.6,28.9,23.2,24,1,2,2,6.44,0.61,61.0,3.9,59,2,2,2,130.0,78.0,65.0,97.5,130.0,195.0,0,2,1,1.4,36,48.7,3,1,0,469,89.4,23.5,2.83,55.15,86.6,9.425,4,3
624.8,1,1,29,69,46,0,0,1.0,3.0,756.7,637.1,84.2,3,2,62.8,19.2,20.6,2.2,8.4,5.0,7.4,1,3,3,0,350,339,26.4,0.0,3,0,13.8,2.2,10.4,0,0,17.2,50.6,28.9,23.2,24,1,2,2,6.44,0.61,61.0,3.9,59,2,2,2,130.0,78.0,65.0,97.5,130.0,195.0,0,2,1,1.4,36,48.7,3,1,0,469,89.4,23.5,2.83,55.15,86.6,9.425,4,3
1085.3,1,1,5,16,47,1,0,1.0,1.0,1113.7,944.4,84.8,3,2,26.5,46.7,26.8,1.1,7.5,46.2,9.2,6,2,1,3,300,250,118.1,0.0,3,0,19.7,7.4,14.8,1,0,38.5,78.9,35.8,20.1,11,2,1,0,5.07,0.57,57.0,5.4,73,2,2,2,105.0,63.0,52.5,78.8,105.0,157.5,1,1,1,6.4,22,182.7,2,1,0,410,83.7,18.1,4.78,60.666666666666664,86.6,12.275,4,3
1633.9,1,1,30,23,9,1,1,3.0,3.0,1624.2,1460.8,89.9,4,3,26.5,46.7,26.8,1.1,7.5,46.2,9.2,6,2,1,3,300,250,118.1,0.0,3,0,19.7,7.4,14.8,1,0,38.5,78.9,35.8,20.1,11,2,1,0,5.07,0.57,57.0,5.4,73,2,2,2,105.0,63.0,52.5,78.8,105.0,157.5,1,1,1,6.4,22,182.7,2,1,0,410,83.7,18.1,4.78,60.666666666666664,86.6,12.275,4,3
861.9,0,0,0,0,0,0,0,2.0,3.0,734.1,619.8,84.4,2,0,26.5,46.7,26.8,1.1,7.5,46.2,9.2,6,2,1,3,300,250,118.1,0.0,3,0,19.7,7.4,14.8,1,0,38.5,78.9,35.8,20.1,11,2,1,0,5.07,0.57,57.0,5.4,73,2,2,2,105.0,63.0,52.5,78.8,105.0,157.5,1,1,1,6.4,22,182.7,2,1,0,410,83.7,18.1,4.78,60.666666666666664,86.6,12.275,4,3
222.6,0,0,0,0,0,0,0,2.0,3.0,229.3,197.7,86.2,0,0,26.5,46.7,26.8,1.1,7.5,46.2,9.2,6,2,1,3,300,250,118.1,0.0,3,0,19.7,7.4,14.8,1,0,38.5,78.9,35.8,20.1,11,2,1,0,5.07,0.57,57.0,5.4,73,2,2,2,105.0,63.0,52.5,78.8,105.0,157.5,1,1,1,6.4,22,182.7,2,1,0,410,83.7,18.1,4.78,60.666666666666664,86.6,12.275,4,3
963.7,1,1,19,58,0,1,0,1.0,2.0,1107.3,928.5,83.9,3,2,26.5,46.7,26.8,1.1,7.5,46.2,9.2,6,2,1,3,300,250,118.1,0.0,3,0,19.7,7.4,14.8,1,0,38.5,78.9,35.8,20.1,11,2,1,0,5.07,0.57,57.0,5.4,73,2,2,2,105.0,63.0,52.5,78.8,105.0,157.5,1,1,1,6.4,22,182.7,2,1,0,410,83.7,18.1,4.78,60.666666666666664,86.6,12.275,4,3
789.4,0,0,0,0,0,0,0,2.0,3.0,898.0,756.0,84.2,2,1,26.5,46.7,26.8,1.1,7.5,46.2,9.2,6,2,1,3,300,250,118.1,0.0,3,0,19.7,7.4,14.8,1,0,38.5,78.9,35.8,20.1,11,2,1,0,5.07,0.57,57.0,5.4,73,2,2,2,105.0,63.0,52.5,78.8,105.0,157.5,1,1,1,6.4,22,182.7,2,1,0,410,83.7,18.1,4.78,60.666666666666664,86.6,12.275,4,3
1286.3,1,1,16,2,31,1,0,2.0,2.0,1309.2,1167.3,89.2,4,2,26.5,46.7,26.8,1.1,7.5,46.2,9.2,6,2,1,3,300,250,118.1,0.0,3,0,19.7,7.4,14.8,1,0,38.5,78.9,35.8,20.1,11,2,1,0,5.07,0.57,57.0,5.4,73,2,2,2,105.0,63.0,52.5,78.8,105.0,157.5,1,1,1,6.4,22,182.7,2,1,0,410,83.7,18.1,4.78,60.666666666666664,86.6,12.275,4,3
515.1,0,0,0,0,0,0,0,2.0,3.0,430.6,386.3,89.7,1,0,26.5,46.7,26.8,1.1,7.5,46.2,9.2,6,2,1,3,300,250,118.1,0.0,3,0,19.7,7.4,14.8,1,0,38.5,78.9,35.8,20.1,11,2,1,0,5.07,0.57,57.0,5.4,73,2,2,2,105.0,63.0,52.5,78.8,105.0,157.5,1,1,1,6.4,22,182.7,2,1,0,410,83.7,18.1,4.78,60.666666666666664,86.6,12.275,4,3
973.2,1,1,33,33,60,1,0,1.0,3.0,1093.2,972.3,88.9,3,2,26.5,46.7,26.8,1.1,7.5,46.2,9.2,6,2,1,3,300,250,118.1,0.0,3,0,19.7,7.4,14.8,1,0,38.5,78.9,35.8,20.1,11,2,1,0,5.07,0.57,57.0,5.4,73,2,2,2,105.0,63.0,52.5,78.8,105.0,157.5,1,1,1,6.4,22,182.7,2,1,0,410,83.7,18.1,4.78,60.666666666666664,86.6,12.275,4,3
1967.2,1,1,3,65,32,1,1,3.0,1.0,1564.0,1334.0,85.3,4,3,26.5,46.7,26.8,1.1,7.5,46.2,9.2,6,2,1,3,300,250,118.1,0.0,3,0,19.7,7.4,14.8,1,0,38.5,78.9,35.8,20.1,11,2,1,0,5.07,0.57,57.0,5.4,73,2,2,2,105.0,63.0,52.5,78.8,105.0,157.5,1,1,1,6.4,22,182.7,2,1,0,410,83.7,18.1,4.78,60.666666666666664,86.6,12.275,4,3
2722.6,1,1,29,13,11,0,1,3.0,3.0,3483.3,3037.1,87.2,4,3,27.9,40.3,25.5,0.5,8.2,1.8,6.4,4,1,0,2,650,605,113.9,0.0,4,0,6.0,7.8,4.5,0,0,5.3,20.8,7.3,49.6,15,0,3,1,30.92,0.26,26.0,8.8,78,4,0,4,140.0,84.0,70.0,105.0,140.0,210.0,0,2,1,19.7,5,76.8,0,0,0,45,11.9,19.8,2.96,26.65833333333333,43.4,0.0,2,0
1265.1,0,0,0,0,0,0,0,2.0,3.0,1129.2,980.6,86.8,2,0,27.9,40.3,25.5,0.5,8.2,1.8,6.4,4,1,0,2,650,605,113.9,0.0,4,0,6.0,7.8,4.5,0,0,5.3,20.8,7.3,49.6,15,0,3,1,30.92,0.26,26.0,8.8,78,4,0,4,140.0,84.0,70.0,105.0,140.0,210.0,0,2,1,19.7,5,76.8,0,0,0,45,11.9,19.8,2.96,26.65833333333333,43.4,0.0,2,0
319.7,0,0,0,0,0,0,0,2.0,3.0,439.3,354.0,80.6,0,0,27.9,40.3,25.5,0.5,8.2,1.8,6.4,4,1,0,2,650,605,113.9,0.0,4,0,6.0,7.8,4.5,0,0,5.3,20.8,7.3,49.6,15,0,3,1,30.92,0.26,26.0,8.8,78,4,0,4,140.0,84.0,70.0,105.0,140.0,210.0,0,2,1,19.7,5,76.8,0,0,0,45,11.9,19.8,2.96,26.65833333333333,43.4,0.0,2,0
1966.9,1,1,17,8,25,1,0,1.0,2.0,1986.0,1722.1,86.7,3,2,27.9,40.3,25.5,0.5,8.2,1.8,6.4,4,1,0,2,650,605,113.9,0.0,4,0,6.0,7.8,4.5,0,0,5.3,20.8,7.3,49.6,15,0,3,1,30.92,0.26,26.0,8.8,78,4,0,4,140.0,84.0,70.0,105.0,140.0,210.0,0,2,1,19.7,5,76.8,0,0,0,45,11.9,19.8,2.96,26.65833333333333,43.4,0.0,2,0
1285.4,0,0,0,0,0,0,0,2.0,3.0,1343.3,1158.5,86.2,2,0,27.9,40.3,25.5,0.5,8.2,1.8,6.4,4,1,0,2,650,605,113.9,0.0,4,0,6.0,7.8,4.5,0,0,5.3,20.8,7.3,49.6,15,0,3,1,30.92,0.26,26.0,8.8,78,4,0,4,140.0,84.0,70.0,105.0,140.0,210.0,0,2,1,19.7,5,76.8,0,0,0,45,11.9,19.8,2.96,26.65833333333333,43.4,0.0,2,0
2002.5,1,1,7,68,57,1,0,2.0,2.0,2038.9,1782.1,87.4,3,2,27.9,40.3,25.5,0.5,8.2,1.8,6.4,4,1,0,2,650,605,113.9,0.0,4,0,6.0,7.8,4.5,0,0,5.3,20.8,7.3,49.6,15,0,3,1,30.92,0.26,26.0,8.8,78,4,0,4,140.0,84.0,70.0,105.0,140.0,210.0,0,2,1,19.7,5,76.8,0,0,0,45,11.9,19.8,2.96,26.65833333333333,43.4,0.0,2,0
920.1,0,0,0,0,0,0,0,2.0,3.0,898.3,741.9,82.6,1,0,27.9,40.3,25.5,0.5,8.2,1.8,6.4,4,1,0,2,650,605,113.9,0.0,4,0,6.0,7.8,4.5,0,0,5.3,20.8,7.3,49.6,15,0,3,1,30.92,0.26,26.0,8.8,78,4,0,4,140.0,84.0,70.0,105.0,140.0,210.0,0,2,1,19.7,5,76.8,0,0,0,45,11.9,19.8,2.96,26.65833333333333,43.4,0.0,2,0
1908.5,1,1,36,21,35,0,0,1.0,4.0,1908.4,1665.0,87.2,3,2,27.9,40.3,25.5,0.5,8.2,1.8,6.4,4,1,0,2,650,605,113.9,0.0,4,0,6.0,7.8,4.5,0,0,5.3,20.8,7.3,49.6,15,0,3,1,30.92,0.26,26.0,8.8,78,4,0,4,140.0,84.0,70.0,105.0,140.0,210.0,0,2,1,19.7,5,76.8,0,0,0,45,11.9,19.8,2.96,26.65833333333333,43.4,0.0,2,0
3255.6,1,1,35,49,35,1,1,3.0,4.0,3135.2,2714.2,86.6,4,3,27.9,40.3,25.5,0.5,8.2,1.8,6.4,4,1,0,2,650,605,113.9,0.0,4,0,6.0,7.8,4.5,0,0,5.3,20.8,7.3,49.6,15,0,3,1,30.92,0.26,26.0,8.8,78,4,0,4,140.0,84.0,70.0,105.0,140.0,210.0,0,2,1,19.7,5,76.8,0,0,0,45,11.9,19.8,2.96,26.65833333333333,43.4,0.0,2,0
1477.4,0,0,0,0,0,0,0,2.0,3.0,1127.9,993.0,88.0,2,0,27.9,40.3,25.5,0.5,8.2,1.8,6.4,4,1,0,2,650,605,113.9,0.0,4,0,6.0,7.8,4.5,0,0,5.3,20.8,7.3,49.6,15,0,3,1,30.92,0.26,26.0,8.8,78,4,0,4,140.0,84.0,70.0,105.0,140.0,210.0,0,2,1,19.7,5,76.8,0,0,0,45,11.9,19.8,2.96,26.65833333333333,43.4,0.0,2,0
1045.6,0,0,0,0,0,0,0,2.0,3.0,1040.7,900.3,86.5,2,0,11.3,52.5,27.4,0.8,6.7,27.2,8.4,8,1,0,2,258,188,141.0,0.0,3,0,11.0,3.4,8.2,0,0,73.1,82.7,22.1,13.7,20,3,0,3,11.99,0.36,36.0,11.6,71,3,1,3,151.7,91.0,75.8,113.8,151.7,227.5,0,2,1,24.4,31,245.2,0,2,0,344,86.5,26.4,3.06,5.425,16.9,0.0,0,0
517.6,0,0,0,0,0,0,0,2.0,3.0,502.7,429.3,85.4,0,0,11.3,52.5,27.4,0.8,6.7,27.2,8.4,8,1,0,2,258,188,141.0,0.0,3,0,11.0,3.4,8.2,0,0,73.1,82.7,22.1,13.7,20,3,0,3,11.99,0.36,36.0,11.6,71,3,1,3,151.7,91.0,75.8,113.8,151.7,227.5,0,2,1,24.4,31,245.2,0,2,0,344,86.5,26.4,3.06,5.425,16.9,0.0,0,0
1574.1,1,1,13,23,29,1,0,1.0,2.0,1535.4,1328.2,86.5,3,2,11.3,52.5,27.4,0.8,6.7,27.2,8.4,8,1,0,2,258,188,141.0,0.0,3,0,11.0,3.4,8.2,0,0,73.1,82.7,22.1,13.7,20,3,0,3,11.99,0.36,36.0,11.6,71,3,1,3,151.7,91.0,75.8,113.8,151.7,227.5,0,2,1,24.4,31,245.2,0,2,0,344,86.5,26.4,3.06,5.425,16.9,0.0,0,0
1027.1,0,0,0,0,0,0,0,2.0,3.0,1008.0,896.1,88.9,2,0,11.3,52.5,27.4,0.8,6.7,27.2,8.4,8,1,0,2,258,188,141.0,0.0,3,0,11.0,3.4,8.2,0,0,73.1,82.7,22.1,13.7,20,3,0,3,11.99,0.36,36.0,11.6,71,3,1,3,151.7,91.0,75.8,113.8,151.7,227.5,0,2,1,24.4,31,245.2,0,2,0,344,86.5,26.4,3.06,5.425,16.9,0.0,0,0
1850.3,1,1,22,13,58,0,0,2.0,3.0,1592.5,1373.4,86.2,3,2,11.3,52.5,27.4,0.8,6.7,27.2,8.4,8,1,0,2,258,188,141.0,0.0,3,0,11.0,3.4,8.2,0,0,73.1,82.7,22.1,13.7,20,3,0,3,11.99,0.36,36.0,11.6,71,3,1,3,151.7,91.0,75.8,113.8,151.7,227.5,0,2,1,24.4,31,245.2,0,2,0,344,86.5,26.4,3.06,5.425,16.9,0.0,0,0
554.4,0,0,0,0,0,0,0,2.0,3.0,571.9,510.9,89.3,1,0,11.3,52.5,27.4,0.8,6.7,27.2,8.4,8,1,0,2,258,188,141.0,0.0,3,0,11.0,3.4,8.2,0,0,73.1,82.7,22.1,13.7,20,3,0,3,11.99,0.36,36.0,11.6,71,3,1,3,151.7,91.0,75.8,113.8,151.7,227.5,0,2,1,24.4,31,245.2,0,2,0,344,86.5,26.4,3.06,5.425,16.9,0.0,0,0
1498.6,1,1,19,9,70,1,0,1.0,2.0,1304.5,1170.5,89.7,3,1,11.3,52.5,27.4,0.8,6.7,27.2,8.4,8,1,0,2,258,188,141.0,0.0,3,0,11.0,3.4,8.2,0,0,73.1,82.7,22.1,13.7,20,3,0,3,11.99,0.36,36.0,11.6,71,3,1,3,151.7,91.0,75.8,113.8,151.7,227.5,0,2,1,24.4,31,245.2,0,2,0,344,86.5,26.4,3.06,5.425,16.9,0.0,0,0
2455.6,1,1,19,16,68,1,1,3.0,2.0,2322.6,1997.2,86.0,4,3,11.3,52.5,27.4,0.8,6.7,27.2,8.4,8,1,0,2,258,188,141.0,0.0,3,0,11.0,3.4,8.2,0,0,73.1,82.7,22.1,13.7,20,3,0,3,11.99,0.36,36.0,11.6,71,3,1,3,151.7,91.0,75.8,113.8,151.7,227.5,0,2,1,24.4,31,245.2,0,2,0,344,86.5,26.4,3.06,5.425,16.9,0.0,0,0
1043.0,0,0,0,0,0,0,0,2.0,3.0,1064.4,898.2,84.4,2,0,11.3,52.5,27.4,0.8,6.7,27.2,8.4,8,1,0,2,258,188,141.0,0.0,3,0,11.0,3.4,8.2,0,0,73.1,82.7,22.1,13.7,20,3,0,3,11.99,0.36,36.0,11.6,71,3,1,3,151.7,91.0,75.8,113.8,151.7,227.5,0,2,1,24.4,31,245.2,0,2,0,344,86.5,26.4,3.06,5.425,16.9,0.0,0,0
433.9,0,0,0,0,0,0,0,2.0,3.0,393.5,313.4,79.6,0,0,11.3,52.5,27.4,0.8,6.7,27.2,8.4,8,1,0,2,258,188,141.0,0.0,3,0,11.0,3.4,8.2,0,0,73.1,82.7,22.1,13.7,20,3,0,3,11.99,0.36,36.0,11.6,71,3,1,3,151.7,91.0,75.8,113.8,151.7,227.5,0,2,1,24.4,31,245.2,0,2,0,344,86.5,26.4,3.06,5.425,16.9,0.0,0,0
391.7,0,0,0,0,0,0,0,2.0,3.0,378.2,326.3,86.3,0,0,30.3,40.2,33.0,1.3,7.9,22.8,6.8,0,0,2,1,10,1,143.4,3.0,0,3,26.5,20.5,19.9,1,1,52.2,58.3,14.2,35.5,7,2,1,0,0.21,0.8,80.0,10.8,87,0,4,0,58.0,34.8,29.0,43.5,58.0,87.0,2,0,1,13.9,18,87.1,1,0,0,125,41.1,13.4,1.03,22.541666666666668,41.2,0.0,2,0
1322.5,1,1,39,53,41,1,0,1.0,4.0,1203.6,1029.5,85.5,3,2,30.3,40.2,33.0,1.3,7.9,22.8,6.8,0,0,2,1,10,1,143.4,3.0,0,3,26.5,20.5,19.9,1,1,52.2,58.3,14.2,35.5,7,2,1,0,0.21,0.8,80.0,10.8,87,0,4,0,58.0,34.8,29.0,43.5,58.0,87.0,2,0,1,13.9,18,87.1,1,0,0,125,41.1,13.4,1.03,22.541666666666668,41.2,0.0,2,0
965.3,0,0,0,0,0,0,0,2.0,3.0,854.2,741.9,86.9,2,0,30.3,40.2,33.0,1.3,7.9,22.8,6.8,0,0,2,1,10,1,143.4,3.0,0,3,26.5,20.5,19.9,1,1,52.2,58.3,14.2,35.5,7,2,1,0,0.21,0.8,80.0,10.8,87,0,4,0,58.0,34.8,29.0,43.5,58.0,87.0,2,0,1,13.9,18,87.1,1,0,0,125,41.1,13.4,1.03,22.541666666666668,41.2,0.0,2,0
1221.7,1,1,35,18,75,1,0,2.0,4.0,1610.2,1420.0,88.2,4,2,30.3,40.2,33.0,1.3,7.9,22.8,6.8,0,0,2,1,10,1,143.4,3.0,0,3,26.5,20.5,19.9,1,1,52.2,58.3,14.2,35.5,7,2,1,0,0.21,0.8,80.0,10.8,87,0,4,0,58.0,34.8,29.0,43.5,58.0,87.0,2,0,1,13.9,18,87.1,1,0,0,125,41.1,13.4,1.03,22.541666666666668,41.2,0.0,2,0
652.5,0,0,0,0,0,0,0,2.0,3.0,580.3,472.0,81.3,1,0,30.3,40.2,33.0,1.3,7.9,22.8,6.8,0,0,2,1,10,1,143.4,3.0,0,3,26.5,20.5,19.9,1,1,52.2,58.3,14.2,35.5,7,2,1,0,0.21,0.8,80.0,10.8,87,0,4,0,58.0,34.8,29.0,43.5,58.0,87.0,2,0,1,13.9,18,87.1,1,0,0,125,41.1,13.4,1.03,22.541666666666668,41.2,0.0,2,0
1251.3,1,1,38,7,45,1,0,1.0,4.0,1178.9,1019.7,86.5,3,1,30.3,40.2,33.0,1.3,7.9,22.8,6.8,0,0,2,1,10,1,143.4,3.0,0,3,26.5,20.5,19.9,1,1,52.2,58.3,14.2,35.5,7,2,1,0,0.21,0.8,80.0,10.8,87,0,4,0,58.0,34.8,29.0,43.5,58.0,87.0,2,0,1,13.9,18,87.1,1,0,0,125,41.1,13.4,1.03,22.541666666666668,41.2,0.0,2,0
1702.9,1,1,27,66,4,1,1,3.0,3.0,2184.9,1942.0,88.9,4,3,30.3,40.2,33.0,1.3,7.9,22.8,6.8,0,0,2,1,10,1,143.4,3.0,0,3,26.5,20.5,19.9,1,1,52.2,58.3,14.2,35.5,7,2,1,0,0.21,0.8,80.0,10.8,87,0,4,0,58.0,34.8,29.0,43.5,58.0,87.0,2,0,1,13.9,18,87.1,1,0,0,125,41.1,13.4,1.03,22.541666666666668,41.2,0.0,2,0
870.9,0,0,0,0,0,0,0,2.0,3.0,747.7,640.4,85.6,2,0,30.3,40.2,33.0,1.3,7.9,22.8,6.8,0,0,2,1,10,1,143.4,3.0,0,3,26.5,20.5,19.9,1,1,52.2,58.3,14.2,35.5,7,2,1,0,0.21,0.8,80.0,10.8,87,0,4,0,58.0,34.8,29.0,43.5,58.0,87.0,2,0,1,13.9,18,87.1,1,0,0,125,41.1,13.4,1.03,22.541666666666668,41.2,0.0,2,0
344.4,0,0,0,0,0,0,0,2.0,3.0,404.3,362.2,89.6,0,0,30.3,40.2,33.0,1.3,7.9,22.8,6.8,0,0,2,1,10,1,143.4,3.0,0,3,26.5,20.5,19.9,1,1,52.2,58.3,14.2,35.5,7,2,1,0,0.21,0.8,80.0,10.8,87,0,4,0,58.0,34.8,29.0,43.5,58.0,87.0,2,0,1,13.9,18,87.1,1,0,0,125,41.1,13.4,1.03,22.541666666666668,41.2,0.0,2,0
1342.2,1,1,22,17,70,1,0,1.0,3.0,1196.4,1013.5,84.7,3,2,30.3,40.2,33.0,1.3,7.9,22.8,6.8,0,0,2,1,10,1,143.4,3.0,0,3,26.5,20.5,19.9,1,1,52.2,58.3,14.2,35.5,7,2,1,0,0.21,0.8,80.0,10.8,87,0,4,0,58.0,34.8,29.0,43.5,58.0,87.0,2,0,1,13.9,18,87.1,1,0,0,125,41.1,13.4,1.03,22.541666666666668,41.2,0.0,2,0
1426.0,1,1,6,31,18,1,0,1.0,1.0,1421.0,1243.2,87.5,3,2,71.7,10.8,17.5,2.5,8.4,4.8,3.2,3,3,3,0,25,1,124.2,2.5,1,2,14.7,7.8,11.0,0,0,26.8,19.4,40.3,59.6,14,1,2,2,12.53,0.43,43.0,6.8,69,3,1,3,83.7,50.2,41.9,62.8,83.7,125.6,1,1,1,1.6,11,171.7,3,3,1,231,32.0,27.9,2.89,34.44166666666667,56.0,0.0,2,1
961.7,0,0,0,0,0,0,0,2.0,3.0,1137.1,993.8,87.4,2,1,71.7,10.8,17.5,2.5,8.4,4.8,3.2,3,3,3,0,25,1,124.2,2.5,1,2,14.7,7.8,11.0,0,0,26.8,19.4,40.3,59.6,14,1,2,2,12.53,0.43,43.0,6.8,69,3,1,3,83.7,50.2,41.9,62.8,83.7,125.6,1,1,1,1.6,11,171.7,3,3,1,231,32.0,27.9,2.89,34.44166666666667,56.0,0.0,2,1
1512.1,1,1,26,19,38,1,0,2.0,3.0,1670.0,1449.2,86.8,4,2,71.7,10.8,17.5,2.5,8.4,4.8,3.2,3,3,3,0,25,1,124.2,2.5,1,2,14.7,7.8,11.0,0,0,26.8,19.4,40.3,59.6,14,1,2,2,12.53,0.43,43.0,6.8,69,3,1,3,83.7,50.2,41.9,62.8,83.7,125.6,1,1,1,1.6,11,171.7,3,3,1,231,32.0,27.9,2.89,34.44166666666667,56.0,0.0,2,1
563.4,0,0,0,0,0,0,0,2.0,3.0,581.5,513.1,88.2,1,0,71.7,10.8,17.5,2.5,8.4,4.8,3.2,3,3,3,0,25,1,124.2,2.5,1,2,14.7,7.8,11.0,0,0,26.8,19.4,40.3,59.6,14,1,2,2,12.53,0.43,43.0,6.8,69,3,1,3,83.7,50.2,41.9,62.8,83.7,125.6,1,1,1,1.6,11,171.7,3,3,1,231,32.0,27.9,2.89,34.44166666666667,56.0,0.0,2,1
1221.6,1,1,20,61,38,1,0,1.0,3.0,1412.4,1210.6,85.7,3,2,71.7,10.8,17.5,2.5,8.4,4.8,3.2,3,3,3,0,25,1,124.2,2.5,1,2,14.7,7.8,11.0,0,0,26.8,19.4,40.3,59.6,14,1,2,2,12.53,0.43,43.0,6.8,69,3,1,3,83.7,50.2,41.9,62.8,83.7,125.6,1,1,1,1.6,11,171.7,3,3,1,231,32.0,27.9,2.89,34.44166666666667,56.0,0.0,2,1
2208.4,1,1,25,56,32,1,1,3.0,3.0,2176.9,1888.8,86.8,4,3,71.7,10.8,17.5,2.5,8.4,4.8,3.2,3,3,3,0,25,1,124.2,2.5,1,2,14.7,7.8,11.0,0,0,26.8,19.4,40.3,59.6,14,1,2,2,12.53,0.43,43.0,6.8,69,3,1,3,83.7,50.2,41.9,62.8,83.7,125.6,1,1,1,1.6,11,171.7,3,3,1,231,32.0,27.9,2.89,34.44166666666667,56.0,0.0,2,1
1092.6,0,0,0,0,0,0,0,2.0,3.0,849.7,767.4,90.3,2,0,71.7,10.8,17.5,2.5,8.4,4.8,3.2,3,3,3,0,25,1,124.2,2.5,1,2,14.7,7.8,11.0,0,0,26.8,19.4,40.3,59.6,14,1,2,2,12.53,0.43,43.0,6.8,69,3,1,3,83.7,50.2,41.9,62.8,83.7,125.6,1,1,1,1.6,11,171.7,3,3,1,231,32.0,27.9,2.89,34.44166666666667,56.0,0.0,2,1
203.6,0,0,0,0,0,0,0,2.0,3.0,385.5,352.1,91.3,0,0,71.7,10.8,17.5,2.5,8.4,4.8,3.2,3,3,3,0,25,1,124.2,2.5,1,2,14.7,7.8,11.0,0,0,26.8,19.4,40.3,59.6,14,1,2,2,12.53,0.43,43.0,6.8,69,3,1,3,83.7,50.2,41.9,62.8,83.7,125.6,1,1,1,1.6,11,171.7,3,3,1,231,32.0,27.9,2.89,34.44166666666667,56.0,0.0,2,1
1491.0,1,1,21,36,18,1,0,1.0,3.0,1547.2,1394.6,90.1,3,2,71.7,10.8,17.5,2.5,8.4,4.8,3.2,3,3,3,0,25,1,124.2,2.5,1,2,14.7,7.8,11.0,0,0,26.8,19.4,40.3,59.6,14,1,2,2,12.53,0.43,43.0,6.8,69,3,1,3,83.7,50.2,41.9,62.8,83.7,125.6,1,1,1,1.6,11,171.7,3,3,1,231,32.0,27.9,2.89,34.44166666666667,56.0,0.0,2,1
954.6,0,0,0,0,0,0,0,2.0,3.0,1122.6,985.7,87.8,2,1,71.7,10.8,17.5,2.5,8.4,4.8,3.2,3,3,3,0,25,1,124.2,2.5,1,2,14.7,7.8,11.0,0,0,26.8,19.4,40.3,59.6,14,1,2,2,12.53,0.43,43.0,6.8,69,3,1,3,83.7,50.2,41.9,62.8,83.7,125.6,1,1,1,1.6,11,171.7,3,3,1,231,32.0,27.9,2.89,34.44166666666667,56.0,0.0,2,1
1219.8,0,0,0,0,0,0,0,2.0,3.0,1317.0,1141.6,86.7,2,0,60.7,17.2,24.1,1.8,8.3,2.8,6.6,1,3,3,0,5,1,32.2,3.17,0,3,15.5,19.7,11.6,1,0,31.4,33.5,34.0,29.7,8,1,2,2,0.1,0.87,87.0,7.8,71,0,4,0,50.0,30.0,25.0,37.5,50.0,75.0,2,0,2,24.5,57,222.3,0,2,1,344,82.6,15.6,1.86,53.416666666666664,79.1,4.5,3,2
2059.8,1,1,31,1,53,1,0,2.0,3.0,2228.1,1954.2,87.7,4,2,60.7,17.2,24.1,1.8,8.3,2.8,6.6,1,3,3,0,5,1,32.2,3.17,0,3,15.5,19.7,11.6,1,0,31.4,33.5,34.0,29.7,8,1,2,2,0.1,0.87,87.0,7.8,71,0,4,0,50.0,30.0,25.0,37.5,50.0,75.0,2,0,2,24.5,57,222.3,0,2,1,344,82.6,15.6,1.86,53.416666666666664,79.1,4.5,3,2
906.6,0,0,0,0,0,0,0,2.0,3.0,702.6,581.2,82.7,1,0,60.7,17.2,24.1,1.8,8.3,2.8,6.6,1,3,3,0,5,1,32.2,3.17,0,3,15.5,19.7,11.6,1,0,31.4,33.5,34.0,29.7,8,1,2,2,0.1,0.87,87.0,7.8,71,0,4,0,50.0,30.0,25.0,37.5,50.0,75.0,2,0,2,24.5,57,222.3,0,2,1,344,82.6,15.6,1.86,53.416666666666664,79.1,4.5,3,2
1392.0,1,1,12,16,71,1,0,1.0,2.0,1757.5,1544.6,87.9,3,2,60.7,17.2,24.1,1.8,8.3,2.8,6.6,1,3,3,0,5,1,32.2,3.17,0,3,15.5,19.7,11.6,1,0,31.4,33.5,34.0,29.7,8,1,2,2,0.1,0.87,87.0,7.8,71,0,4,0,50.0,30.0,25.0,37.5,50.0,75.0,2,0,2,24.5,57,222.3,0,2,1,344,82.6,15.6,1.86,53.416666666666664,79.1,4.5,3,2
2343.4,1,1,8,36,7,1,1,3.0,2.0,2874.8,2496.5,86.8,4,3,60.7,17.2,24.1,1.8,8.3,2.8,6.6,1,3,3,0,5,1,32.2,3.17,0,3,15.5,19.7,11.6,1,0,31.4,33.5,34.0,29.7,8,1,2,2,0.1,0.87,87.0,7.8,71,0,4,0,50.0,30.0,25.0,37.5,50.0,75.0,2,0,2,24.5,57,222.3,0,2,1,344,82.6,15.6,1.86,53.416666666666664,79.1,4.5,3,2
1270.9,0,0,0,0,0,0,0,2.0,3.0,1145.4,1009.6,88.1,2,0,60.7,17.2,24.1,1.8,8.3,2.8,6.6,1,3,3,0,5,1,32.2,3.17,0,3,15.5,19.7,11.6,1,0,31.4,33.5,34.0,29.7,8,1,2,2,0.1,0.87,87.0,7.8,71,0,4,0,50.0,30.0,25.0,37.5,50.0,75.0,2,0,2,24.5,57,222.3,0,2,1,344,82.6,15.6,1.86,53.416666666666664,79.1,4.5,3,2
279.2,0,0,0,0,0,0,0,2.0,3.0,328.9,302.2,91.9,0,0,60.7,17.2,24.1,1.8,8.3,2.8,6.6,1,3,3,0,5,1,32.2,3.17,0,3,15.5,19.7,11.6,1,0,31.4,33.5,34.0,29.7,8,1,2,2,0.1,0.87,87.0,7.8,71,0,4,0,50.0,30.0,25.0,37.5,50.0,75.0,2,0,2,24.5,57,222.3,0,2,1,344,82.6,15.6,1.86,53.416666666666664,79.1,4.5,3,2
1865.4,1,1,27,63,16,1,0,1.0,3.0,1915.0,1689.7,88.2,3,2,60.7,17.2,24.1,1.8,8.3,2.8,6.6,1,3,3,0,5,1,32.2,3.17,0,3,15.5,19.7,11.6,1,0,31.4,33.5,34.0,29.7,8,1,2,2,0.1,0.87,87.0,7.8,71,0,4,0,50.0,30.0,25.0,37.5,50.0,75.0,2,0,2,24.5,57,222.3,0,2,1,344,82.6,15.6,1.86,53.416666666666664,79.1,4.5,3,2
1165.3,0,0,0,0,0,0,0,2.0,3.0,1431.6,1266.7,88.5,2,1,60.7,17.2,24.1,1.8,8.3,2.8,6.6,1,3,3,0,5,1,32.2,3.17,0,3,15.5,19.7,11.6,1,0,31.4,33.5,34.0,29.7,8,1,2,2,0.1,0.87,87.0,7.8,71,0,4,0,50.0,30.0,25.0,37.5,50.0,75.0,2,0,2,24.5,57,222.3,0,2,1,344,82.6,15.6,1.86,53.416666666666664,79.1,4.5,3,2
2001.7,1,1,29,13,45,0,0,2.0,3.0,1938.5,1689.0,87.1,3,2,60.7,17.2,24.1,1.8,8.3,2.8,6.6,1,3,3,0,5,1,32.2,3.17,0,3,15.5,19.7,11.6,1,0,31.4,33.5,34.0,29.7,8,1,2,2,0.1,0.87,87.0,7.8,71,0,4,0,50.0,30.0,25.0,37.5,50.0,75.0,2,0,2,24.5,57,222.3,0,2,1,344,82.6,15.6,1.86,53.416666666666664,79.1,4.5,3,2
2301.3,1,1,5,47,24,1,0,2.0,1.0,1744.9,1470.1,84.3,3,2,16.4,52.2,19.4,1.3,6.6,47.0,2.5,8,1,0,2,580,541,57.0,0.0,4,0,6.9,4.1,5.2,0,0,6.5,85.6,38.8,54.5,24,0,3,1,24.87,0.28,28.0,2.7,81,4,0,4,150.0,90.0,75.0,112.5,150.0,225.0,0,2,1,4.5,10,78.3,2,2,0,472,83.1,35.0,3.68,16.95,28.7,0.0,1,0
953.1,0,0,0,0,0,0,0,2.0,3.0,731.7,620.2,84.8,1,0,16.4,52.2,19.4,1.3,6.6,47.0,2.5,8,1,0,2,580,541,57.0,0.0,4,0,6.9,4.1,5.2,0,0,6.5,85.6,38.8,54.5,24,0,3,1,24.87,0.28,28.0,2.7,81,4,0,4,150.0,90.0,75.0,112.5,150.0,225.0,0,2,1,4.5,10,78.3,2,2,0,472,83.1,35.0,3.68,16.95,28.7,0.0,1,0
1767.8,1,1,5,33,64,1,0,1.0,1.0,1948.5,1706.1,87.6,3,2,16.4,52.2,19.4,1.3,6.6,47.0,2.5,8,1,0,2,580,541,57.0,0.0,4,0,6.9,4.1,5.2,0,0,6.5,85.6,38.8,54.5,24,0,3,1,24.87,0.28,28.0,2.7,81,4,0,4,150.0,90.0,75.0,112.5,150.0,225.0,0,2,1,4.5,10,78.3,2,2,0,472,83.1,35.0,3.68,16.95,28.7,0.0,1,0
3236.6,1,1,11,26,62,1,1,3.0,2.0,3047.2,2648.9,86.9,4,3,16.4,52.2,19.4,1.3,6.6,47.0,2.5,8,1,0,2,580,541,57.0,0.0,4,0,6.9,4.1,5.2,0,0,6.5,85.6,38.8,54.5,24,0,3,1,24.87,0.28,28.0,2.7,81,4,0,4,150.0,90.0,75.0,112.5,150.0,225.0,0,2,1,4.5,10,78.3,2,2,0,472,83.1,35.0,3.68,16.95,28.7,0.0,1,0
1385.6,0,0,0,0,0,0,0,2.0,3.0,1235.1,1090.0,88.3,2,0,16.4,52.2,19.4,1.3,6.6,47.0,2.5,8,1,0,2,580,541,57.0,0.0,4,0,6.9,4.1,5.2,0,0,6.5,85.6,38.8,54.5,24,0,3,1,24.87,0.28,28.0,2.7,81,4,0,4,150.0,90.0,75.0,112.5,150.0,225.0,0,2,1,4.5,10,78.3,2,2,0,472,83.1,35.0,3.68,16.95,28.7,0.0,1,0
481.9,0,0,0,0,0,0,0,2.0,3.0,637.5,540.5,84.8,0,0,16.4,52.2,19.4,1.3,6.6,47.0,2.5,8,1,0,2,580,541,57.0,0.0,4,0,6.9,4.1,5.2,0,0,6.5,85.6,38.8,54.5,24,0,3,1,24.87,0.28,28.0,2.7,81,4,0,4,150.0,90.0,75.0,112.5,150.0,225.0,0,2,1,4.5,10,78.3,2,2,0,472,83.1,35.0,3.68,16.95,28.7,0.0,1,0
1584.8,1,1,41,1,20,0,0,1.0,4.0,1722.9,1468.2,85.2,3,2,16.4,52.2,19.4,1.3,6.6,47.0,2.5,8,1,0,2,580,541,57.0,0.0,4,0,6.9,4.1,5.2,0,0,6.5,85.6,38.8,54.5,24,0,3,1,24.87,0.28,28.0,2.7,81,4,0,4,150.0,90.0,75.0,112.5,150.0,225.0,0,2,1,4.5,10,78.3,2,2,0,472,83.1,35.0,3.68,16.95,28.7,0.0,1,0
1329.8,0,0,0,0,0,0,0,2.0,3.0,1181.4,1003.2,84.9,2,0,16.4,52.2,19.4,1.3,6.6,47.0,2.5,8,1,0,2,580,541,57.0,0.0,4,0,6.9,4.1,5.2,0,0,6.5,85.6,38.8,54.5,24,0,3,1,24.87,0.28,28.0,2.7,81,4,0,4,150.0,90.0,75.0,112.5,150.0,225.0,0,2,1,4.5,10,78.3,2,2,0,472,83.1,35.0,3.68,16.95,28.7,0.0,1,0
2218.4,1,1,31,5,2,1,0,2.0,3.0,1787.5,1562.2,87.4,3,2,16.4,52.2,19.4,1.3,6.6,47.0,2.5,8,1,0,2,580,541,57.0,0.0,4,0,6.9,4.1,5.2,0,0,6.5,85.6,38.8,54.5,24,0,3,1,24.87,0.28,28.0,2.7,81,4,0,4,150.0,90.0,75.0,112.5,150.0,225.0,0,2,1,4.5,10,78.3,2,2,0,472,83.1,35.0,3.68,16.95,28.7,0.0,1,0
899.9,0,0,0,0,0,0,0,2.0,3.0,732.5,647.8,88.4,1,0,16.4,52.2,19.4,1.3,6.6,47.0,2.5,8,1,0,2,580,541,57.0,0.0,4,0,6.9,4.1,5.2,0,0,6.5,85.6,38.8,54.5,24,0,3,1,24.87,0.28,28.0,2.7,81,4,0,4,150.0,90.0,75.0,112.5,150.0,225.0,0,2,1,4.5,10,78.3,2,2,0,472,83.1,35.0,3.68,16.95,28.7,0.0,1,0
478.5,0,0,0,0,0,0,0,2.0,3.0,351.2,270.9,77.1,1,0,19.9,42.2,33.0,1.9,5.7,23.8,9.7,5,2,1,3,51,30,36.6,1.63,1,2,16.4,3.5,12.3,1,0,72.5,55.4,11.1,48.8,23,3,0,3,4.19,0.65,65.0,1.5,71,2,2,2,105.7,63.4,52.9,79.3,105.7,158.6,1,1,1,1.5,4,180.6,3,2,1,134,81.4,16.3,1.4,54.86666666666667,79.3,7.933333333333333,3,2
880.7,1,1,17,1,50,1,0,1.0,2.0,934.8,813.8,87.1,3,2,19.9,42.2,33.0,1.9,5.7,23.8,9.7,5,2,1,3,51,30,36.6,1.63,1,2,16.4,3.5,12.3,1,0,72.5,55.4,11.1,48.8,23,3,0,3,4.19,0.65,65.0,1.5,71,2,2,2,105.7,63.4,52.9,79.3,105.7,158.6,1,1,1,1.5,4,180.6,3,2,1,134,81.4,16.3,1.4,54.86666666666667,79.3,7.933333333333333,3,2
1264.3,1,1,1,32,33,1,1,3.0,1.0,1489.6,1303.8,87.5,4,3,19.9,42.2,33.0,1.9,5.7,23.8,9.7,5,2,1,3,51,30,36.6,1.63,1,2,16.4,3.5,12.3,1,0,72.5,55.4,11.1,48.8,23,3,0,3,4.19,0.65,65.0,1.5,71,2,2,2,105.7,63.4,52.9,79.3,105.7,158.6,1,1,1,1.5,4,180.6,3,2,1,134,81.4,16.3,1.4,54.86666666666667,79.3,7.933333333333333,3,2
599.8,0,0,0,0,0,0,0,2.0,3.0,618.4,530.6,85.8,2,0,19.9,42.2,33.0,1.9,5.7,23.8,9.7,5,2,1,3,51,30,36.6,1.63,1,2,16.4,3.5,12.3,1,0,72.5,55.4,11.1,48.8,23,3,0,3,4.19,0.65,65.0,1.5,71,2,2,2,105.7,63.4,52.9,79.3,105.7,158.6,1,1,1,1.5,4,180.6,3,2,1,134,81.4,16.3,1.4,54.86666666666667,79.3,7.933333333333333,3,2
261.0,0,0,0,0,0,0,0,2.0,3.0,309.1,255.9,82.8,0,0,19.9,42.2,33.0,1.9,5.7,23.8,9.7,5,2,1,3,51,30,36.6,1.63,1,2,16.4,3.5,12.3,1,0,72.5,55.4,11.1,48.8,23,3,0,3,4.19,0.65,65.0,1.5,71,2,2,2,105.7,63.4,52.9,79.3,105.7,158.6,1,1,1,1.5,4,180.6,3,2,1,134,81.4,16.3,1.4,54.86666666666667,79.3,7.933333333333333,3,2
881.5,1,1,3,50,11,1,0,1.0,1.0,1038.5,907.2,87.4,3,2,19.9,42.2,33.0,1.9,5.7,23.8,9.7,5,2,1,3,51,30,36.6,1.63,1,2,16.4,3.5,12.3,1,0,72.5,55.4,11.1,48.8,23,3,0,3,4.19,0.65,65.0,1.5,71,2,2,2,105.7,63.4,52.9,79.3,105.7,158.6,1,1,1,1.5,4,180.6,3,2,1,134,81.4,16.3,1.4,54.86666666666667,79.3,7.933333333333333,3,2
678.3,0,0,0,0,0,0,0,2.0,3.0,603.7,543.0,89.9,2,0,19.9,42.2,33.0,1.9,5.7,23.8,9.7,5,2,1,3,51,30,36.6,1.63,1,2,16.4,3.5,12.3,1,0,72.5,55.4,11.1,48.8,23,3,0,3,4.19,0.65,65.0,1.5,71,2,2,2,105.7,63.4,52.9,79.3,105.7,158.6,1,1,1,1.5,4,180.6,3,2,1,134,81.4,16.3,1.4,54.86666666666667,79.3,7.933333333333333,3,2
873.7,1,1,17,47,22,1,0,2.0,2.0,1124.0,978.4,87.0,4,2,19.9,42.2,33.0,1.9,5.7,23.8,9.7,5,2,1,3,51,30,36.6,1.63,1,2,16.4,3.5,12.3,1,0,72.5,55.4,11.1,48.8,23,3,0,3,4.19,0.65,65.0,1.5,71,2,2,2,105.7,63.4,52.9,79.3,105.7,158.6,1,1,1,1.5,4,180.6,3,2,1,134,81.4,16.3,1.4,54.86666666666667,79.3,7.933333333333333,3,2
425.8,0,0,0,0,0,0,0,2.0,3.0,468.4,435.3,92.9,1,0,19.9,42.2,33.0,1.9,5.7,23.8,9.7,5,2,1,3,51,30,36.6,1.63,1,2,16.4,3.5,12.3,1,0,72.5,55.4,11.1,48.8,23,3,0,3,4.19,0.65,65.0,1.5,71,2,2,2,105.7,63.4,52.9,79.3,105.7,158.6,1,1,1,1.5,4,180.6,3,2,1,134,81.4,16.3,1.4,54.86666666666667,79.3,7.933333333333333,3,2
852.3,1,1,39,38,63,0,0,1.0,4.0,847.4,717.5,84.7,3,2,19.9,42.2,33.0,1.9,5.7,23.8,9.7,5,2,1,3,51,30,36.6,1.63,1,2,16.4,3.5,12.3,1,0,72.5,55.4,11.1,48.8,23,3,0,3,4.19,0.65,65.0,1.5,71,2,2,2,105.7,63.4,52.9,79.3,105.7,158.6,1,1,1,1.5,4,180.6,3,2,1,134,81.4,16.3,1.4,54.86666666666667,79.3,7.933333333333333,3,2
988.2,1,1,34,30,78,1,0,1.0,3.0,1019.9,917.6,90.0,3,1,29.0,32.6,22.5,1.2,6.4,34.9,4.9,4,1,0,2,160,55,77.8,0.0,2,0,8.5,3.9,6.4,0,0,53.4,50.6,4.2,7.4,14,2,1,0,4.0,0.4,40.0,7.4,59,2,2,2,102.9,61.7,51.5,77.2,102.9,154.4,1,1,1,29.4,22,157.2,0,3,1,430,40.1,14.1,2.5,60.98333333333333,93.7,15.966666666666667,4,3
1995.0,1,1,38,30,50,1,1,3.0,4.0,1665.8,1460.8,87.7,4,3,29.0,32.6,22.5,1.2,6.4,34.9,4.9,4,1,0,2,160,55,77.8,0.0,2,0,8.5,3.9,6.4,0,0,53.4,50.6,4.2,7.4,14,2,1,0,4.0,0.4,40.0,7.4,59,2,2,2,102.9,61.7,51.5,77.2,102.9,154.4,1,1,1,29.4,22,157.2,0,3,1,430,40.1,14.1,2.5,60.98333333333333,93.7,15.966666666666667,4,3
868.6,0,0,0,0,0,0,0,2.0,3.0,789.4,707.5,89.6,2,0,29.0,32.6,22.5,1.2,6.4,34.9,4.9,4,1,0,2,160,55,77.8,0.0,2,0,8.5,3.9,6.4,0,0,53.4,50.6,4.2,7.4,14,2,1,0,4.0,0.4,40.0,7.4,59,2,2,2,102.9,61.7,51.5,77.2,102.9,154.4,1,1,1,29.4,22,157.2,0,3,1,430,40.1,14.1,2.5,60.98333333333333,93.7,15.966666666666667,4,3
277.0,0,0,0,0,0,0,0,2.0,3.0,220.8,181.4,82.2,0,0,29.0,32.6,22.5,1.2,6.4,34.9,4.9,4,1,0,2,160,55,77.8,0.0,2,0,8.5,3.9,6.4,0,0,53.4,50.6,4.2,7.4,14,2,1,0,4.0,0.4,40.0,7.4,59,2,2,2,102.9,61.7,51.5,77.2,102.9,154.4,1,1,1,29.4,22,157.2,0,3,1,430,40.1,14.1,2.5,60.98333333333333,93.7,15.966666666666667,4,3
1191.2,1,1,17,69,33,1,0,1.0,2.0,1044.7,922.7,88.3,3,1,29.0,32.6,22.5,1.2,6.4,34.9,4.9,4,1,0,2,160,55,77.8,0.0,2,0,8.5,3.9,6.4,0,0,53.4,50.6,4.2,7.4,14,2,1,0,4.0,0.4,40.0,7.4,59,2,2,2,102.9,61.7,51.5,77.2,102.9,154.4,1,1,1,29.4,22,157.2,0,3,1,430,40.1,14.1,2.5,60.98333333333333,93.7,15.966666666666667,4,3
754.0,0,0,0,0,0,0,0,2.0,3.0,778.8,717.2,92.1,2,0,29.0,32.6,22.5,1.2,6.4,34.9,4.9,4,1,0,2,160,55,77.8,0.0,2,0,8.5,3.9,6.4,0,0,53.4,50.6,4.2,7.4,14,2,1,0,4.0,0.4,40.0,7.4,59,2,2,2,102.9,61.7,51.5,77.2,102.9,154.4,1,1,1,29.4,22,157.2,0,3,1,430,40.1,14.1,2.5,60.98333333333333,93.7,15.966666666666667,4,3
1151.7,1,1,43,23,54,1,0,2.0,4.0,1303.8,1156.4,88.7,3,2,29.0,32.6,22.5,1.2,6.4,34.9,4.9,4,1,0,2,160,55,77.8,0.0,2,0,8.5,3.9,6.4,0,0,53.4,50.6,4.2,7.4,14,2,1,0,4.0,0.4,40.0,7.4,59,2,2,2,102.9,61.7,51.5,77.2,102.9,154.4,1,1,1,29.4,22,157.2,0,3,1,430,40.1,14.1,2.5,60.98333333333333,93.7,15.966666666666667,4,3
492.1,0,0,0,0,0,0,0,2.0,3.0,528.0,452.8,85.8,1,0,29.0,32.6,22.5,1.2,6.4,34.9,4.9,4,1,0,2,160,55,77.8,0.0,2,0,8.5,3.9,6.4,0,0,53.4,50.6,4.2,7.4,14,2,1,0,4.0,0.4,40.0,7.4,59,2,2,2,102.9,61.7,51.5,77.2,102.9,154.4,1,1,1,29.4,22,157.2,0,3,1,430,40.1,14.1,2.5,60.98333333333333,93.7,15.966666666666667,4,3
1073.6,1,1,4,4,55,1,0,1.0,1.0,1225.8,1046.6,85.4,3,2,29.0,32.6,22.5,1.2,6.4,34.9,4.9,4,1,0,2,160,55,77.8,0.0,2,0,8.5,3.9,6.4,0,0,53.4,50.6,4.2,7.4,14,2,1,0,4.0,0.4,40.0,7.4,59,2,2,2,102.9,61.7,51.5,77.2,102.9,154.4,1,1,1,29.4,22,157.2,0,3,1,430,40.1,14.1,2.5,60.98333333333333,93.7,15.966666666666667,4,3
1977.9,1,1,27,32,49,1,1,3.0,3.0,1827.5,1597.6,87.4,4,3,29.0,32.6,22.5,1.2,6.4,34.9,4.9,4,1,0,2,160,55,77.8,0.0,2,0,8.5,3.9,6.4,0,0,53.4,50.6,4.2,7.4,14,2,1,0,4.0,0.4,40.0,7.4,59,2,2,2,102.9,61.7,51.5,77.2,102.9,154.4,1,1,1,29.4,22,157.2,0,3,1,430,40.1,14.1,2.5,60.98333333333333,93.7,15.966666666666667,4,3
1565.4,1,1,21,5,41,0,1,3.0,3.0,1781.1,1523.7,85.5,4,3,56.3,7.8,26.0,2.3,6.8,19.7,4.8,1,3,3,0,536,461,105.6,0.0,4,0,72.8,3.1,54.6,3,3,86.2,45.6,20.6,58.4,13,4,0,4,2.46,0.79,79.0,6.4,78,1,3,1,75.0,45.0,37.5,56.2,75.0,112.5,2,1,1,13.8,14,32.2,1,0,0,18480,79.2,27.7,10.0,27.224999999999998,44.2,0.0,2,0
734.2,0,0,0,0,0,0,0,2.0,3.0,743.4,641.7,86.3,2,0,56.3,7.8,26.0,2.3,6.8,19.7,4.8,1,3,3,0,536,461,105.6,0.0,4,0,72.8,3.1,54.6,3,3,86.2,45.6,20.6,58.4,13,4,0,4,2.46,0.79,79.0,6.4,78,1,3,1,75.0,45.0,37.5,56.2,75.0,112.5,2,1,1,13.8,14,32.2,1,0,0,18480,79.2,27.7,10.0,27.224999999999998,44.2,0.0,2,0
189.0,0,0,0,0,0,0,0,2.0,3.0,218.2,172.4,79.0,0,0,56.3,7.8,26.0,2.3,6.8,19.7,4.8,1,3,3,0,536,461,105.6,0.0,4,0,72.8,3.1,54.6,3,3,86.2,45.6,20.6,58.4,13,4,0,4,2.46,0.79,79.0,6.4,78,1,3,1,75.0,45.0,37.5,56.2,75.0,112.5,2,1,1,13.8,14,32.2,1,0,0,18480,79.2,27.7,10.0,27.224999999999998,44.2,0.0,2,0
1070.6,1,1,26,46,33,0,0,1.0,3.0,1062.2,908.1,85.5,3,2,56.3,7.8,26.0,2.3,6.8,19.7,4.8,1,3,3,0,536,461,105.6,0.0,4,0,72.8,3.1,54.6,3,3,86.2,45.6,20.6,58.4,13,4,0,4,2.46,0.79,79.0,6.4,78,1,3,1,75.0,45.0,37.5,56.2,75.0,112.5,2,1,1,13.8,14,32.2,1,0,0,18480,79.2,27.7,10.0,27.224999999999998,44.2,0.0,2,0
732.8,0,0,0,0,0,0,0,2.0,3.0,896.4,802.6,89.5,2,1,56.3,7.8,26.0,2.3,6.8,19.7,4.8,1,3,3,0,536,461,105.6,0.0,4,0,72.8,3.1,54.6,3,3,86.2,45.6,20.6,58.4,13,4,0,4,2.46,0.79,79.0,6.4,78,1,3,1,75.0,45.0,37.5,56.2,75.0,112.5,2,1,1,13.8,14,32.2,1,0,0,18480,79.2,27.7,10.0,27.224999999999998,44.2,0.0,2,0
1168.6,1,1,26,47,55,1,0,2.0,3.0,1317.7,1141.0,86.6,4,2,56.3,7.8,26.0,2.3,6.8,19.7,4.8,1,3,3,0,536,461,105.6,0.0,4,0,72.8,3.1,54.6,3,3,86.2,45.6,20.6,58.4,13,4,0,4,2.46,0.79,79.0,6.4,78,1,3,1,75.0,45.0,37.5,56.2,75.0,112.5,2,1,1,13.8,14,32.2,1,0,0,18480,79.2,27.7,10.0,27.224999999999998,44.2,0.0,2,0
584.2,0,0,0,0,0,0,0,2.0,3.0,473.5,399.5,84.4,1,0,56.3,7.8,26.0,2.3,6.8,19.7,4.8,1,3,3,0,536,461,105.6,0.0,4,0,72.8,3.1,54.6,3,3,86.2,45.6,20.6,58.4,13,4,0,4,2.46,0.79,79.0,6.4,78,1,3,1,75.0,45.0,37.5,56.2,75.0,112.5,2,1,1,13.8,14,32.2,1,0,0,18480,79.2,27.7,10.0,27.224999999999998,44.2,0.0,2,0
894.7,1,1,26,36,0,0,0,1.0,3.0,1079.4,940.2,87.1,3,2,56.3,7.8,26.0,2.3,6.8,19.7,4.8,1,3,3,0,536,461,105.6,0.0,4,0,72.8,3.1,54.6,3,3,86.2,45.6,20.6,58.4,13,4,0,4,2.46,0.79,79.0,6.4,78,1,3,1,75.0,45.0,37.5,56.2,75.0,112.5,2,1,1,13.8,14,32.2,1,0,0,18480,79.2,27.7,10.0,27.224999999999998,44.2,0.0,2,0
1774.5,1,1,15,47,55,1,1,3.0,2.0,1508.3,1330.2,88.2,4,3,56.3,7.8,26.0,2.3,6.8,19.7,4.8,1,3,3,0,536,461,105.6,0.0,4,0,72.8,3.1,54.6,3,3,86.2,45.6,20.6,58.4,13,4,0,4,2.46,0.79,79.0,6.4,78,1,3,1,75.0,45.0,37.5,56.2,75.0,112.5,2,1,1,13.8,14,32.2,1,0,0,18480,79.2,27.7,10.0,27.224999999999998,44.2,0.0,2,0
818.9,0,0,0,0,0,0,0,2.0,3.0,685.0,600.3,87.6,2,0,56.3,7.8,26.0,2.3,6.8,19.7,4.8,1,3,3,0,536,461,105.6,0.0,4,0,72.8,3.1,54.6,3,3,86.2,45.6,20.6,58.4,13,4,0,4,2.46,0.79,79.0,6.4,78,1,3,1,75.0,45.0,37.5,56.2,75.0,112.5,2,1,1,13.8,14,32.2,1,0,0,18480,79.2,27.7,10.0,27.224999999999998,44.2,0.0,2,0
759.6,0,0,0,0,0,0,0,2.0,3.0,698.1,605.9,86.8,2,0,26.5,38.6,34.9,1.2,8.1,48.5,2.4,0,0,2,1,560,472,111.8,0.0,4,0,73.9,1.6,55.4,3,3,62.3,27.6,41.4,9.9,24,3,0,3,2.96,0.74,74.0,8.6,71,1,3,1,78.0,46.8,39.0,58.5,78.0,117.0,2,1,2,7.2,39,189.7,2,0,1,703,20.7,23.6,5.91,4.733333333333333,12.9,0.0,0,0
264.2,0,0,0,0,0,0,0,2.0,3.0,259.7,239.9,92.4,0,0,26.5,38.6,34.9,1.2,8.1,48.5,2.4,0,0,2,1,560,472,111.8,0.0,4,0,73.9,1.6,55.4,3,3,62.3,27.6,41.4,9.9,24,3,0,3,2.96,0.74,74.0,8.6,71,1,3,1,78.0,46.8,39.0,58.5,78.0,117.0,2,1,2,7.2,39,189.7,2,0,1,703,20.7,23.6,5.91,4.733333333333333,12.9,0.0,0,0
1110.9,1,1,14,59,55,0,0,1.0,2.0,1239.7,1106.5,89.3,3,2,26.5,38.6,34.9,1.2,8.1,48.5,2.4,0,0,2,1,560,472,111.8,0.0,4,0,73.9,1.6,55.4,3,3,62.3,27.6,41.4,9.9,24,3,0,3,2.96,0.74,74.0,8.6,71,1,3,1,78.0,46.8,39.0,58.5,78.0,117.0,2,1,2,7.2,39,189.7,2,0,1,703,20.7,23.6,5.91,4.733333333333333,12.9,0.0,0,0
770.2,0,0,0,0,0,0,0,2.0,3.0,766.7,660.6,86.2,2,0,26.5,38.6,34.9,1.2,8.1,48.5,2.4,0,0,2,1,560,472,111.8,0.0,4,0,73.9,1.6,55.4,3,3,62.3,27.6,41.4,9.9,24,3,0,3,2.96,0.74,74.0,8.6,71,1,3,1,78.0,46.8,39.0,58.5,78.0,117.0,2,1,2,7.2,39,189.7,2,0,1,703,20.7,23.6,5.91,4.733333333333333,12.9,0.0,0,0
1343.3,1,1,43,18,37,1,0,2.0,4.0,1303.5,1171.9,89.9,4,2,26.5,38.6,34.9,1.2,8.1,48.5,2.4,0,0,2,1,560,472,111.8,0.0,4,0,73.9,1.6,55.4,3,3,62.3,27.6,41.4,9.9,24,3,0,3,2.96,0.74,74.0,8.6,71,1,3,1,78.0,46.8,39.0,58.5,78.0,117.0,2,1,2,7.2,39,189.7,2,0,1,703,20.7,23.6,5.91,4.733333333333333,12.9,0.0,0,0
437.3,0,0,0,0,0,0,0,2.0,3.0,440.0,393.2,89.4,1,0,26.5,38.6,34.9,1.2,8.1,48.5,2.4,0,0,2,1,560,472,111.8,0.0,4,0,73.9,1.6,55.4,3,3,62.3,27.6,41.4,9.9,24,3,0,3,2.96,0.74,74.0,8.6,71,1,3,1,78.0,46.8,39.0,58.5,78.0,117.0,2,1,2,7.2,39,189.7,2,0,1,703,20.7,23.6,5.91,4.733333333333333,12.9,0.0,0,0
921.0,1,1,37,28,73,1,0,1.0,4.0,1113.7,968.5,87.0,3,2,26.5,38.6,34.9,1.2,8.1,48.5,2.4,0,0,2,1,560,472,111.8,0.0,4,0,73.9,1.6,55.4,3,3,62.3,27.6,41.4,9.9,24,3,0,3,2.96,0.74,74.0,8.6,71,1,3,1,78.0,46.8,39.0,58.5,78.0,117.0,2,1,2,7.2,39,189.7,2,0,1,703,20.7,23.6,5.91,4.733333333333333,12.9,0.0,0,0
1863.0,1,1,22,44,24,1,1,3.0,3.0,1478.3,1285.2,86.9,4,3,26.5,38.6,34.9,1.2,8.1,48.5,2.4,0,0,2,1,560,472,111.8,0.0,4,0,73.9,1.6,55.4,3,3,62.3,27.6,41.4,9.9,24,3,0,3,2.96,0.74,74.0,8.6,71,1,3,1,78.0,46.8,39.0,58.5,78.0,117.0,2,1,2,7.2,39,189.7,2,0,1,703,20.7,23.6,5.91,4.733333333333333,12.9,0.0,0,0
794.6,0,0,0,0,0,0,0,2.0,3.0,629.9,529.3,84.0,2,0,26.5,38.6,34.9,1.2,8.1,48.5,2.4,0,0,2,1,560,472,111.8,0.0,4,0,73.9,1.6,55.4,3,3,62.3,27.6,41.4,9.9,24,3,0,3,2.96,0.74,74.0,8.6,71,1,3,1,78.0,46.8,39.0,58.5,78.0,117.0,2,1,2,7.2,39,189.7,2,0,1,703,20.7,23.6,5.91,4.733333333333333,12.9,0.0,0,0
314.9,0,0,0,0,0,0,0,2.0,3.0,354.4,297.8,84.0,0,0,26.5,38.6,34.9,1.2,8.1,48.5,2.4,0,0,2,1,560,472,111.8,0.0,4,0,73.9,1.6,55.4,3,3,62.3,27.6,41.4,9.9,24,3,0,3,2.96,0.74,74.0,8.6,71,1,3,1,78.0,46.8,39.0,58.5,78.0,117.0,2,1,2,7.2,39,189.7,2,0,1,703,20.7,23.6,5.91,4.733333333333333,12.9,0.0,0,0
353.8,0,0,0,0,0,0,0,2.0,3.0,219.2,199.5,91.0,0,0,20.1,31.8,39.4,1.4,7.3,46.6,6.5,0,0,2,1,580,481,64.6,0.0,4,0,41.4,2.5,31.0,2,1,68.1,53.2,4.9,35.5,6,3,0,3,1.34,0.62,62.0,7.8,72,1,3,1,72.0,43.2,36.0,54.0,72.0,108.0,2,1,1,12.3,10,42.3,1,1,0,1200,41.0,27.3,8.12,22.424999999999997,37.9,0.0,1,0
1093.1,1,1,36,34,7,1,0,1.0,4.0,1253.9,1078.3,86.0,3,2,20.1,31.8,39.4,1.4,7.3,46.6,6.5,0,0,2,1,580,481,64.6,0.0,4,0,41.4,2.5,31.0,2,1,68.1,53.2,4.9,35.5,6,3,0,3,1.34,0.62,62.0,7.8,72,1,3,1,72.0,43.2,36.0,54.0,72.0,108.0,2,1,1,12.3,10,42.3,1,1,0,1200,41.0,27.3,8.12,22.424999999999997,37.9,0.0,1,0
779.9,0,0,0,0,0,0,0,2.0,3.0,830.4,747.9,90.1,2,0,20.1,31.8,39.4,1.4,7.3,46.6,6.5,0,0,2,1,580,481,64.6,0.0,4,0,41.4,2.5,31.0,2,1,68.1,53.2,4.9,35.5,6,3,0,3,1.34,0.62,62.0,7.8,72,1,3,1,72.0,43.2,36.0,54.0,72.0,108.0,2,1,1,12.3,10,42.3,1,1,0,1200,41.0,27.3,8.12,22.424999999999997,37.9,0.0,1,0
1206.4,1,1,37,6,51,1,0,2.0,4.0,1419.5,1215.2,85.6,4,2,20.1,31.8,39.4,1.4,7.3,46.6,6.5,0,0,2,1,580,481,64.6,0.0,4,0,41.4,2.5,31.0,2,1,68.1,53.2,4.9,35.5,6,3,0,3,1.34,0.62,62.0,7.8,72,1,3,1,72.0,43.2,36.0,54.0,72.0,108.0,2,1,1,12.3,10,42.3,1,1,0,1200,41.0,27.3,8.12,22.424999999999997,37.9,0.0,1,0
520.6,0,0,0,0,0,0,0,2.0,3.0,573.8,485.5,84.6,1,0,20.1,31.8,39.4,1.4,7.3,46.6,6.5,0,0,2,1,580,481,64.6,0.0,4,0,41.4,2.5,31.0,2,1,68.1,53.2,4.9,35.5,6,3,0,3,1.34,0.62,62.0,7.8,72,1,3,1,72.0,43.2,36.0,54.0,72.0,108.0,2,1,1,12.3,10,42.3,1,1,0,1200,41.0,27.3,8.12,22.424999999999997,37.9,0.0,1,0
977.5,1,1,6,33,52,0,0,1.0,1.0,1070.6,955.0,89.2,3,2,20.1,31.8,39.4,1.4,7.3,46.6,6.5,0,0,2,1,580,481,64.6,0.0,4,0,41.4,2.5,31.0,2,1,68.1,53.2,4.9,35.5,6,3,0,3,1.34,0.62,62.0,7.8,72,1,3,1,72.0,43.2,36.0,54.0,72.0,108.0,2,1,1,12.3,10,42.3,1,1,0,1200,41.0,27.3,8.12,22.424999999999997,37.9,0.0,1,0
1544.7,1,1,4,62,61,1,1,3.0,1.0,1881.9,1625.8,86.4,4,3,20.1,31.8,39.4,1.4,7.3,46.6,6.5,0,0,2,1,580,481,64.6,0.0,4,0,41.4,2.5,31.0,2,1,68.1,53.2,4.9,35.5,6,3,0,3,1.34,0.62,62.0,7.8,72,1,3,1,72.0,43.2,36.0,54.0,72.0,108.0,2,1,1,12.3,10,42.3,1,1,0,1200,41.0,27.3,8.12,22.424999999999997,37.9,0.0,1,0
738.0,0,0,0,0,0,0,0,2.0,3.0,680.4,629.1,92.5,2,0,20.1,31.8,39.4,1.4,7.3,46.6,6.5,0,0,2,1,580,481,64.6,0.0,4,0,41.4,2.5,31.0,2,1,68.1,53.2,4.9,35.5,6,3,0,3,1.34,0.62,62.0,7.8,72,1,3,1,72.0,43.2,36.0,54.0,72.0,108.0,2,1,1,12.3,10,42.3,1,1,0,1200,41.0,27.3,8.12,22.424999999999997,37.9,0.0,1,0
366.7,0,0,0,0,0,0,0,2.0,3.0,364.9,331.1,90.7,0,0,20.1,31.8,39.4,1.4,7.3,46.6,6.5,0,0,2,1,580,481,64.6,0.0,4,0,41.4,2.5,31.0,2,1,68.1,53.2,4.9,35.5,6,3,0,3,1.34,0.62,62.0,7.8,72,1,3,1,72.0,43.2,36.0,54.0,72.0,108.0,2,1,1,12.3,10,42.3,1,1,0,1200,41.0,27.3,8.12,22.424999999999997,37.9,0.0,1,0
984.5,1,1,31,40,35,1,0,1.0,3.0,1185.7,1017.8,85.8,3,2,20.1,31.8,39.4,1.4,7.3,46.6,6.5,0,0,2,1,580,481,64.6,0.0,4,0,41.4,2.5,31.0,2,1,68.1,53.2,4.9,35.5,6,3,0,3,1.34,0.62,62.0,7.8,72,1,3,1,72.0,43.2,36.0,54.0,72.0,108.0,2,1,1,12.3,10,42.3,1,1,0,1200,41.0,27.3,8.12,22.424999999999997,37.9,0.0,1,0
1248.6,1,1,20,4,78,1,0,1.0,3.0,1335.5,1121.5,84.0,3,2,29.7,42.3,28.0,1.3,7.1,4.3,7.2,5,2,1,3,459,364,5.8,0.0,4,0,19.2,7.2,14.4,1,0,19.6,75.2,19.1,30.3,21,1,2,2,1.38,0.73,73.0,0.7,71,1,3,1,147.1,88.3,73.5,110.3,147.1,220.6,0,2,1,3.3,17,26.8,2,2,1,270,30.4,23.8,3.78,33.23333333333333,50.8,0.0,2,1
766.3,0,0,0,0,0,0,0,2.0,3.0,941.7,785.1,83.4,2,1,29.7,42.3,28.0,1.3,7.1,4.3,7.2,5,2,1,3,459,364,5.8,0.0,4,0,19.2,7.2,14.4,1,0,19.6,75.2,19.1,30.3,21,1,2,2,1.38,0.73,73.0,0.7,71,1,3,1,147.1,88.3,73.5,110.3,147.1,220.6,0,2,1,3.3,17,26.8,2,2,1,270,30.4,23.8,3.78,33.23333333333333,50.8,0.0,2,1
1177.6,1,1,2,8,25,1,0,2.0,1.0,1240.4,1056.8,85.2,3,2,29.7,42.3,28.0,1.3,7.1,4.3,7.2,5,2,1,3,459,364,5.8,0.0,4,0,19.2,7.2,14.4,1,0,19.6,75.2,19.1,30.3,21,1,2,2,1.38,0.73,73.0,0.7,71,1,3,1,147.1,88.3,73.5,110.3,147.1,220.6,0,2,1,3.3,17,26.8,2,2,1,270,30.4,23.8,3.78,33.23333333333333,50.8,0.0,2,1
588.5,0,0,0,0,0,0,0,2.0,3.0,630.0,571.8,90.8,1,0,29.7,42.3,28.0,1.3,7.1,4.3,7.2,5,2,1,3,459,364,5.8,0.0,4,0,19.2,7.2,14.4,1,0,19.6,75.2,19.1,30.3,21,1,2,2,1.38,0.73,73.0,0.7,71,1,3,1,147.1,88.3,73.5,110.3,147.1,220.6,0,2,1,3.3,17,26.8,2,2,1,270,30.4,23.8,3.78,33.23333333333333,50.8,0.0,2,1
982.7,1,1,4,19,19,1,0,1.0,1.0,1171.9,984.5,84.0,3,2,29.7,42.3,28.0,1.3,7.1,4.3,7.2,5,2,1,3,459,364,5.8,0.0,4,0,19.2,7.2,14.4,1,0,19.6,75.2,19.1,30.3,21,1,2,2,1.38,0.73,73.0,0.7,71,1,3,1,147.1,88.3,73.5,110.3,147.1,220.6,0,2,1,3.3,17,26.8,2,2,1,270,30.4,23.8,3.78,33.23333333333333,50.8,0.0,2,1
1598.3,1,1,26,14,63,0,1,3.0,3.0,1877.8,1656.3,88.2,4,3,29.7,42.3,28.0,1.3,7.1,4.3,7.2,5,2,1,3,459,364,5.8,0.0,4,0,19.2,7.2,14.4,1,0,19.6,75.2,19.1,30.3,21,1,2,2,1.38,0.73,73.0,0.7,71,1,3,1,147.1,88.3,73.5,110.3,147.1,220.6,0,2,1,3.3,17,26.8,2,2,1,270,30.4,23.8,3.78,33.23333333333333,50.8,0.0,2,1
851.0,0,0,0,0,0,0,0,2.0,3.0,778.2,656.3,84.3,2,0,29.7,42.3,28.0,1.3,7.1,4.3,7.2,5,2,1,3,459,364,5.8,0.0,4,0,19.2,7.2,14.4,1,0,19.6,75.2,19.1,30.3,21,1,2,2,1.38,0.73,73.0,0.7,71,1,3,1,147.1,88.3,73.5,110.3,147.1,220.6,0,2,1,3.3,17,26.8,2,2,1,270,30.4,23.8,3.78,33.23333333333333,50.8,0.0,2,1
407.7,0,0,0,0,0,0,0,2.0,3.0,353.0,281.7,79.8,0,0,29.7,42.3,28.0,1.3,7.1,4.3,7.2,5,2,1,3,459,364,5.8,0.0,4,0,19.2,7.2,14.4,1,0,19.6,75.2,19.1,30.3,21,1,2,2,1.38,0.73,73.0,0.7,71,1,3,1,147.1,88.3,73.5,110.3,147.1,220.6,0,2,1,3.3,17,26.8,2,2,1,270,30.4,23.8,3.78,33.23333333333333,50.8,0.0,2,1
1101.8,1,1,3,33,5,1,0,1.0,1.0,1113.8,964.7,86.6,3,2,29.7,42.3,28.0,1.3,7.1,4.3,7.2,5,2,1,3,459,364,5.8,0.0,4,0,19.2,7.2,14.4,1,0,19.6,75.2,19.1,30.3,21,1,2,2,1.38,0.73,73.0,0.7,71,1,3,1,147.1,88.3,73.5,110.3,147.1,220.6,0,2,1,3.3,17,26.8,2,2,1,270,30.4,23.8,3.78,33.23333333333333,50.8,0.0,2,1
745.4,0,0,0,0,0,0,0,2.0,3.0,891.0,794.5,89.2,2,0,29.7,42.3,28.0,1.3,7.1,4.3,7.2,5,2,1,3,459,364,5.8,0.0,4,0,19.2,7.2,14.4,1,0,19.6,75.2,19.1,30.3,21,1,2,2,1.38,0.73,73.0,0.7,71,1,3,1,147.1,88.3,73.5,110.3,147.1,220.6,0,2,1,3.3,17,26.8,2,2,1,270,30.4,23.8,3.78,33.23333333333333,50.8,0.0,2,1
776.4,0,0,0,0,0,0,0,2.0,3.0,979.3,849.2,86.7,2,0,74.9,10.5,14.9,2.5,6.4,16.9,1.1,3,3,3,0,77,45,37.8,0.77,1,1,18.2,6.7,13.6,1,0,48.2,25.4,11.1,16.5,11,2,1,0,6.65,0.44,44.0,8.8,74,2,2,2,79.5,47.7,39.8,59.6,79.5,119.2,2,1,1,2.2,51,123.1,2,3,0,687,37.0,27.3,5.59,49.625,81.9,3.6666666666666665,3,2
1615.5,1,1,13,40,1,0,0,2.0,2.0,1614.2,1416.6,87.8,4,2,74.9,10.5,14.9,2.5,6.4,16.9,1.1,3,3,3,0,77,45,37.8,0.77,1,1,18.2,6.7,13.6,1,0,48.2,25.4,11.1,16.5,11,2,1,0,6.65,0.44,44.0,8.8,74,2,2,2,79.5,47.7,39.8,59.6,79.5,119.2,2,1,1,2.2,51,123.1,2,3,0,687,37.0,27.3,5.59,49.625,81.9,3.6666666666666665,3,2
481.2,0,0,0,0,0,0,0,2.0,3.0,559.1,475.0,85.0,1,0,74.9,10.5,14.9,2.5,6.4,16.9,1.1,3,3,3,0,77,45,37.8,0.77,1,1,18.2,6.7,13.6,1,0,48.2,25.4,11.1,16.5,11,2,1,0,6.65,0.44,44.0,8.8,74,2,2,2,79.5,47.7,39.8,59.6,79.5,119.2,2,1,1,2.2,51,123.1,2,3,0,687,37.0,27.3,5.59,49.625,81.9,3.6666666666666665,3,2
990.7,1,1,9,15,23,1,0,1.0,2.0,1319.5,1150.2,87.2,3,2,74.9,10.5,14.9,2.5,6.4,16.9,1.1,3,3,3,0,77,45,37.8,0.77,1,1,18.2,6.7,13.6,1,0,48.2,25.4,11.1,16.5,11,2,1,0,6.65,0.44,44.0,8.8,74,2,2,2,79.5,47.7,39.8,59.6,79.5,119.2,2,1,1,2.2,51,123.1,2,3,0,687,37.0,27.3,5.59,49.625,81.9,3.6666666666666665,3,2
2120.4,1,1,31,49,68,1,1,3.0,3.0,1935.8,1689.7,87.3,4,3,74.9,10.5,14.9,2.5,6.4,16.9,1.1,3,3,3,0,77,45,37.8,0.77,1,1,18.2,6.7,13.6,1,0,48.2,25.4,11.1,16.5,11,2,1,0,6.65,0.44,44.0,8.8,74,2,2,2,79.5,47.7,39.8,59.6,79.5,119.2,2,1,1,2.2,51,123.1,2,3,0,687,37.0,27.3,5.59,49.625,81.9,3.6666666666666665,3,2
983.7,0,0,0,0,0,0,0,2.0,3.0,754.1,682.5,90.5,2,0,74.9,10.5,14.9,2.5,6.4,16.9,1.1,3,3,3,0,77,45,37.8,0.77,1,1,18.2,6.7,13.6,1,0,48.2,25.4,11.1,16.5,11,2,1,0,6.65,0.44,44.0,8.8,74,2,2,2,79.5,47.7,39.8,59.6,79.5,119.2,2,1,1,2.2,51,123.1,2,3,0,687,37.0,27.3,5.59,49.625,81.9,3.6666666666666665,3,2
213.6,0,0,0,0,0,0,0,2.0,3.0,380.5,348.6,91.6,0,0,74.9,10.5,14.9,2.5,6.4,16.9,1.1,3,3,3,0,77,45,37.8,0.77,1,1,18.2,6.7,13.6,1,0,48.2,25.4,11.1,16.5,11,2,1,0,6.65,0.44,44.0,8.8,74,2,2,2,79.5,47.7,39.8,59.6,79.5,119.2,2,1,1,2.2,51,123.1,2,3,0,687,37.0,27.3,5.59,49.625,81.9,3.6666666666666665,3,2
1277.3,1,1,9,34,75,1,0,1.0,2.0,1247.7,1050.8,84.2,3,2,74.9,10.5,14.9,2.5,6.4,16.9,1.1,3,3,3,0,77,45,37.8,0.77,1,1,18.2,6.7,13.6,1,0,48.2,25.4,11.1,16.5,11,2,1,0,6.65,0.44,44.0,8.8,74,2,2,2,79.5,47.7,39.8,59.6,79.5,119.2,2,1,1,2.2,51,123.1,2,3,0,687,37.0,27.3,5.59,49.625,81.9,3.6666666666666665,3,2
931.8,0,0,0,0,0,0,0,2.0,3.0,832.7,751.2,90.2,2,0,74.9,10.5,14.9,2.5,6.4,16.9,1.1,3,3,3,0,77,45,37.8,0.77,1,1,18.2,6.7,13.6,1,0,48.2,25.4,11.1,16.5,11,2,1,0,6.65,0.44,44.0,8.8,74,2,2,2,79.5,47.7,39.8,59.6,79.5,119.2,2,1,1,2.2,51,123.1,2,3,0,687,37.0,27.3,5.59,49.625,81.9,3.6666666666666665,3,2
1494.7,1,1,29,11,13,1,0,2.0,3.0,1599.3,1387.9,86.8,4,2,74.9,10.5,14.9,2.5,6.4,16.9,1.1,3,3,3,0,77,45,37.8,0.77,1,1,18.2,6.7,13.6,1,0,48.2,25.4,11.1,16.5,11,2,1,0,6.65,0.44,44.0,8.8,74,2,2,2,79.5,47.7,39.8,59.6,79.5,119.2,2,1,1,2.2,51,123.1,2,3,0,687,37.0,27.3,5.59,49.625,81.9,3.6666666666666665,3,2
1626.9,1,1,37,5,77,1,0,2.0,4.0,1494.4,1314.2,87.9,3,2,29.9,38.9,25.1,1.0,6.2,45.0,1.4,4,1,0,2,380,353,87.1,0.0,3,0,12.9,6.2,9.7,0,0,41.1,79.2,33.8,39.8,22,2,1,0,9.6,0.41,41.0,3.8,93,3,1,3,95.0,57.0,47.5,71.2,95.0,142.5,1,1,2,20.5,7,153.0,0,2,0,653,86.1,19.9,3.78,12.116666666666667,28.0,0.0,1,0
560.2,0,0,0,0,0,0,0,2.0,3.0,623.8,558.7,89.6,1,0,29.9,38.9,25.1,1.0,6.2,45.0,1.4,4,1,0,2,380,353,87.1,0.0,3,0,12.9,6.2,9.7,0,0,41.1,79.2,33.8,39.8,22,2,1,0,9.6,0.41,41.0,3.8,93,3,1,3,95.0,57.0,47.5,71.2,95.0,142.5,1,1,2,20.5,7,153.0,0,2,0,653,86.1,19.9,3.78,12.116666666666667,28.0,0.0,1,0
1295.0,1,1,25,18,39,1,0,1.0,3.0,1264.6,1072.6,84.8,3,2,29.9,38.9,25.1,1.0,6.2,45.0,1.4,4,1,0,2,380,353,87.1,0.0,3,0,12.9,6.2,9.7,0,0,41.1,79.2,33.8,39.8,22,2,1,0,9.6,0.41,41.0,3.8,93,3,1,3,95.0,57.0,47.5,71.2,95.0,142.5,1,1,2,20.5,7,153.0,0,2,0,653,86.1,19.9,3.78,12.116666666666667,28.0,0.0,1,0
2184.7,1,1,32,51,37,1,1,3.0,3.0,1901.9,1660.4,87.3,4,3,29.9,38.9,25.1,1.0,6.2,45.0,1.4,4,1,0,2,380,353,87.1,0.0,3,0,12.9,6.2,9.7,0,0,41.1,79.2,33.8,39.8,22,2,1,0,9.6,0.41,41.0,3.8,93,3,1,3,95.0,57.0,47.5,71.2,95.0,142.5,1,1,2,20.5,7,153.0,0,2,0,653,86.1,19.9,3.78,12.116666666666667,28.0,0.0,1,0
938.4,0,0,0,0,0,0,0,2.0,3.0,890.1,770.8,86.6,2,0,29.9,38.9,25.1,1.0,6.2,45.0,1.4,4,1,0,2,380,353,87.1,0.0,3,0,12.9,6.2,9.7,0,0,41.1,79.2,33.8,39.8,22,2,1,0,9.6,0.41,41.0,3.8,93,3,1,3,95.0,57.0,47.5,71.2,95.0,142.5,1,1,2,20.5,7,153.0,0,2,0,653,86.1,19.9,3.78,12.116666666666667,28.0,0.0,1,0
354.6,0,0,0,0,0,0,0,2.0,3.0,448.2,371.0,82.8,0,0,29.9,38.9,25.1,1.0,6.2,45.0,1.4,4,1,0,2,380,353,87.1,0.0,3,0,12.9,6.2,9.7,0,0,41.1,79.2,33.8,39.8,22,2,1,0,9.6,0.41,41.0,3.8,93,3,1,3,95.0,57.0,47.5,71.2,95.0,142.5,1,1,2,20.5,7,153.0,0,2,0,653,86.1,19.9,3.78,12.116666666666667,28.0,0.0,1,0
1241.3,1,1,2,53,50,1,0,1.0,1.0,1493.6,1325.2,88.7,3,2,29.9,38.9,25.1,1.0,6.2,45.0,1.4,4,1,0,2,380,353,87.1,0.0,3,0,12.9,6.2,9.7,0,0,41.1,79.2,33.8,39.8,22,2,1,0,9.6,0.41,41.0,3.8,93,3,1,3,95.0,57.0,47.5,71.2,95.0,142.5,1,1,2,20.5,7,153.0,0,2,0,653,86.1,19.9,3.78,12.116666666666667,28.0,0.0,1,0
889.5,0,0,0,0,0,0,0,2.0,3.0,911.3,787.3,86.4,2,0,29.9,38.9,25.1,1.0,6.2,45.0,1.4,4,1,0,2,380,353,87.1,0.0,3,0,12.9,6.2,9.7,0,0,41.1,79.2,33.8,39.8,22,2,1,0,9.6,0.41,41.0,3.8,93,3,1,3,95.0,57.0,47.5,71.2,95.0,142.5,1,1,2,20.5,7,153.0,0,2,0,653,86.1,19.9,3.78,12.116666666666667,28.0,0.0,1,0
1393.1,1,1,8,42,63,0,0,2.0,2.0,1680.6,1459.6,86.8,4,2,29.9,38.9,25.1,1.0,6.2,45.0,1.4,4,1,0,2,380,353,87.1,0.0,3,0,12.9,6.2,9.7,0,0,41.1,79.2,33.8,39.8,22,2,1,0,9.6,0.41,41.0,3.8,93,3,1,3,95.0,57.0,47.5,71.2,95.0,142.5,1,1,2,20.5,7,153.0,0,2,0,653,86.1,19.9,3.78,12.116666666666667,28.0,0.0,1,0
683.7,0,0,0,0,0,0,0,2.0,3.0,522.4,441.6,84.5,1,0,29.9,38.9,25.1,1.0,6.2,45.0,1.4,4,1,0,2,380,353,87.1,0.0,3,0,12.9,6.2,9.7,0,0,41.1,79.2,33.8,39.8,22,2,1,0,9.6,0.41,41.0,3.8,93,3,1,3,95.0,57.0,47.5,71.2,95.0,142.5,1,1,2,20.5,7,153.0,0,2,0,653,86.1,19.9,3.78,12.116666666666667,28.0,0.0,1,0
549.0,0,0,0,0,0,0,0,2.0,3.0,658.3,586.4,89.1,1,0,24.3,35.1,40.6,2.0,5.6,2.6,1.1,0,0,2,1,605,581,90.0,0.0,4,0,16.7,6.2,12.5,1,0,44.2,14.3,32.6,14.7,12,2,1,0,6.5,0.52,52.0,10.3,63,2,2,2,153.4,92.0,76.7,115.1,153.4,230.1,0,2,1,6.3,25,167.7,2,0,0,139,24.5,18.8,2.35,53.14166666666667,85.6,8.158333333333333,4,3
1163.7,1,1,27,36,28,0,0,1.0,3.0,1242.5,1047.8,84.3,3,2,24.3,35.1,40.6,2.0,5.6,2.6,1.1,0,0,2,1,605,581,90.0,0.0,4,0,16.7,6.2,12.5,1,0,44.2,14.3,32.6,14.7,12,2,1,0,6.5,0.52,52.0,10.3,63,2,2,2,153.4,92.0,76.7,115.1,153.4,230.1,0,2,1,6.3,25,167.7,2,0,0,139,24.5,18.8,2.35,53.14166666666667,85.6,8.158333333333333,4,3
1776.0,1,1,37,27,54,0,1,3.0,4.0,2077.4,1793.6,86.3,4,3,24.3,35.1,40.6,2.0,5.6,2.6,1.1,0,0,2,1,605,581,90.0,0.0,4,0,16.7,6.2,12.5,1,0,44.2,14.3,32.6,14.7,12,2,1,0,6.5,0.52,52.0,10.3,63,2,2,2,153.4,92.0,76.7,115.1,153.4,230.1,0,2,1,6.3,25,167.7,2,0,0,139,24.5,18.8,2.35,53.14166666666667,85.6,8.158333333333333,4,3
828.0,0,0,0,0,0,0,0,2.0,3.0,753.0,668.7,88.8,2,0,24.3,35.1,40.6,2.0,5.6,2.6,1.1,0,0,2,1,605,581,90.0,0.0,4,0,16.7,6.2,12.5,1,0,44.2,14.3,32.6,14.7,12,2,1,0,6.5,0.52,52.0,10.3,63,2,2,2,153.4,92.0,76.7,115.1,153.4,230.1,0,2,1,6.3,25,167.7,2,0,0,139,24.5,18.8,2.35,53.14166666666667,85.6,8.158333333333333,4,3
364.5,0,0,0,0,0,0,0,2.0,3.0,402.2,361.7,89.9,0,0,24.3,35.1,40.6,2.0,5.6,2.6,1.1,0,0,2,1,605,581,90.0,0.0,4,0,16.7,6.2,12.5,1,0,44.2,14.3,32.6,14.7,12,2,1,0,6.5,0.52,52.0,10.3,63,2,2,2,153.4,92.0,76.7,115.1,153.4,230.1,0,2,1,6.3,25,167.7,2,0,0,139,24.5,18.8,2.35,53.14166666666667,85.6,8.158333333333333,4,3
1186.4,1,1,10,38,12,0,0,1.0,2.0,1353.8,1146.0,84.7,3,2,24.3,35.1,40.6,2.0,5.6,2.6,1.1,0,0,2,1,605,581,90.0,0.0,4,0,16.7,6.2,12.5,1,0,44.2,14.3,32.6,14.7,12,2,1,0,6.5,0.52,52.0,10.3,63,2,2,2,153.4,92.0,76.7,115.1,153.4,230.1,0,2,1,6.3,25,167.7,2,0,0,139,24.5,18.8,2.35,53.14166666666667,85.6,8.158333333333333,4,3
897.0,0,0,0,0,0,0,0,2.0,3.0,795.8,701.4,88.1,2,0,24.3,35.1,40.6,2.0,5.6,2.6,1.1,0,0,2,1,605,581,90.0,0.0,4,0,16.7,6.2,12.5,1,0,44.2,14.3,32.6,14.7,12,2,1,0,6.5,0.52,52.0,10.3,63,2,2,2,153.4,92.0,76.7,115.1,153.4,230.1,0,2,1,6.3,25,167.7,2,0,0,139,24.5,18.8,2.35,53.14166666666667,85.6,8.158333333333333,4,3
1200.1,1,1,15,29,7,0,0,2.0,2.0,1565.8,1363.9,87.1,4,2,24.3,35.1,40.6,2.0,5.6,2.6,1.1,0,0,2,1,605,581,90.0,0.0,4,0,16.7,6.2,12.5,1,0,44.2,14.3,32.6,14.7,12,2,1,0,6.5,0.52,52.0,10.3,63,2,2,2,153.4,92.0,76.7,115.1,153.4,230.1,0,2,1,6.3,25,167.7,2,0,0,139,24.5,18.8,2.35,53.14166666666667,85.6,8.158333333333333,4,3
490.4,0,0,0,0,0,0,0,2.0,3.0,493.2,412.4,83.6,1,0,24.3,35.1,40.6,2.0,5.6,2.6,1.1,0,0,2,1,605,581,90.0,0.0,4,0,16.7,6.2,12.5,1,0,44.2,14.3,32.6,14.7,12,2,1,0,6.5,0.52,52.0,10.3,63,2,2,2,153.4,92.0,76.7,115.1,153.4,230.1,0,2,1,6.3,25,167.7,2,0,0,139,24.5,18.8,2.35,53.14166666666667,85.6,8.158333333333333,4,3
1158.7,1,1,2,27,35,1,0,1.0,1.0,1071.0,924.5,86.3,3,1,24.3,35.1,40.6,2.0,5.6,2.6,1.1,0,0,2,1,605,581,90.0,0.0,4,0,16.7,6.2,12.5,1,0,44.2,14.3,32.6,14.7,12,2,1,0,6.5,0.52,52.0,10.3,63,2,2,2,153.4,92.0,76.7,115.1,153.4,230.1,0,2,1,6.3,25,167.7,2,0,0,139,24.5,18.8,2.35,53.14166666666667,85.6,8.158333333333333,4,3
1175.5,1,1,5,20,10,1,0,1.0,1.0,1331.5,1163.4,87.4,3,2,33.9,33.0,33.6,1.8,5.6,37.7,3.0,0,0,2,1,179,105,85.7,0.0,2,0,13.3,2.2,10.0,0,0,15.6,36.2,19.7,31.8,3,1,2,2,1.9,0.77,77.0,11.3,95,1,3,1,107.8,64.7,53.9,80.8,107.8,161.7,1,1,1,26.9,5,208.4,0,2,0,695,66.9,20.6,5.68,57.60833333333333,89.3,11.825000000000001,4,3
2039.8,1,1,6,23,46,1,1,3.0,1.0,2039.7,1773.0,86.9,4,3,33.9,33.0,33.6,1.8,5.6,37.7,3.0,0,0,2,1,179,105,85.7,0.0,2,0,13.3,2.2,10.0,0,0,15.6,36.2,19.7,31.8,3,1,2,2,1.9,0.77,77.0,11.3,95,1,3,1,107.8,64.7,53.9,80.8,107.8,161.7,1,1,1,26.9,5,208.4,0,2,0,695,66.9,20.6,5.68,57.60833333333333,89.3,11.825000000000001,4,3
1023.0,0,0,0,0,0,0,0,2.0,3.0,839.2,722.8,86.1,2,0,33.9,33.0,33.6,1.8,5.6,37.7,3.0,0,0,2,1,179,105,85.7,0.0,2,0,13.3,2.2,10.0,0,0,15.6,36.2,19.7,31.8,3,1,2,2,1.9,0.77,77.0,11.3,95,1,3,1,107.8,64.7,53.9,80.8,107.8,161.7,1,1,1,26.9,5,208.4,0,2,0,695,66.9,20.6,5.68,57.60833333333333,89.3,11.825000000000001,4,3
473.6,0,0,0,0,0,0,0,2.0,3.0,480.0,437.5,91.1,0,0,33.9,33.0,33.6,1.8,5.6,37.7,3.0,0,0,2,1,179,105,85.7,0.0,2,0,13.3,2.2,10.0,0,0,15.6,36.2,19.7,31.8,3,1,2,2,1.9,0.77,77.0,11.3,95,1,3,1,107.8,64.7,53.9,80.8,107.8,161.7,1,1,1,26.9,5,208.4,0,2,0,695,66.9,20.6,5.68,57.60833333333333,89.3,11.825000000000001,4,3
1241.7,1,1,18,60,42,1,0,1.0,2.0,1582.6,1367.2,86.4,3,2,33.9,33.0,33.6,1.8,5.6,37.7,3.0,0,0,2,1,179,105,85.7,0.0,2,0,13.3,2.2,10.0,0,0,15.6,36.2,19.7,31.8,3,1,2,2,1.9,0.77,77.0,11.3,95,1,3,1,107.8,64.7,53.9,80.8,107.8,161.7,1,1,1,26.9,5,208.4,0,2,0,695,66.9,20.6,5.68,57.60833333333333,89.3,11.825000000000001,4,3
963.0,0,0,0,0,0,0,0,2.0,3.0,1058.1,912.0,86.2,2,0,33.9,33.0,33.6,1.8,5.6,37.7,3.0,0,0,2,1,179,105,85.7,0.0,2,0,13.3,2.2,10.0,0,0,15.6,36.2,19.7,31.8,3,1,2,2,1.9,0.77,77.0,11.3,95,1,3,1,107.8,64.7,53.9,80.8,107.8,161.7,1,1,1,26.9,5,208.4,0,2,0,695,66.9,20.6,5.68,57.60833333333333,89.3,11.825000000000001,4,3
1648.3,1,1,37,31,8,1,0,2.0,4.0,1462.8,1248.3,85.3,3,2,33.9,33.0,33.6,1.8,5.6,37.7,3.0,0,0,2,1,179,105,85.7,0.0,2,0,13.3,2.2,10.0,0,0,15.6,36.2,19.7,31.8,3,1,2,2,1.9,0.77,77.0,11.3,95,1,3,1,107.8,64.7,53.9,80.8,107.8,161.7,1,1,1,26.9,5,208.4,0,2,0,695,66.9,20.6,5.68,57.60833333333333,89.3,11.825000000000001,4,3
684.1,0,0,0,0,0,0,0,2.0,3.0,514.5,439.8,85.5,1,0,33.9,33.0,33.6,1.8,5.6,37.7,3.0,0,0,2,1,179,105,85.7,0.0,2,0,13.3,2.2,10.0,0,0,15.6,36.2,19.7,31.8,3,1,2,2,1.9,0.77,77.0,11.3,95,1,3,1,107.8,64.7,53.9,80.8,107.8,161.7,1,1,1,26.9,5,208.4,0,2,0,695,66.9,20.6,5.68,57.60833333333333,89.3,11.825000000000001,4,3
1380.3,1,1,22,11,22,0,0,1.0,3.0,1256.1,1118.7,89.1,3,1,33.9,33.0,33.6,1.8,5.6,37.7,3.0,0,0,2,1,179,105,85.7,0.0,2,0,13.3,2.2,10.0,0,0,15.6,36.2,19.7,31.8,3,1,2,2,1.9,0.77,77.0,11.3,95,1,3,1,107.8,64.7,53.9,80.8,107.8,161.7,1,1,1,26.9,5,208.4,0,2,0,695,66.9,20.6,5.68,57.60833333333333,89.3,11.825000000000001,4,3
1965.1,1,1,26,36,53,1,1,3.0,3.0,2027.2,1796.7,88.6,4,3,33.9,33.0,33.6,1.8,5.6,37.7,3.0,0,0,2,1,179,105,85.7,0.0,2,0,13.3,2.2,10.0,0,0,15.6,36.2,19.7,31.8,3,1,2,2,1.9,0.77,77.0,11.3,95,1,3,1,107.8,64.7,53.9,80.8,107.8,161.7,1,1,1,26.9,5,208.4,0,2,0,695,66.9,20.6,5.68,57.60833333333333,89.3,11.825000000000001,4,3
1971.5,1,1,40,15,20,1,1,3.0,4.0,2202.0,1914.7,87.0,4,3,27.1,41.8,31.1,1.6,5.9,26.0,9.4,7,2,1,3,442,423,138.0,0.0,4,0,7.8,5.3,5.8,0,0,63.6,94.2,13.5,5.7,14,3,0,3,6.72,0.42,42.0,3.8,97,2,2,2,100.3,60.2,50.1,75.2,100.3,150.4,1,1,1,4.6,48,62.8,2,1,1,567,67.9,27.5,4.38,25.333333333333332,42.5,0.0,2,0
1017.4,0,0,0,0,0,0,0,2.0,3.0,799.7,711.9,89.0,2,0,27.1,41.8,31.1,1.6,5.9,26.0,9.4,7,2,1,3,442,423,138.0,0.0,4,0,7.8,5.3,5.8,0,0,63.6,94.2,13.5,5.7,14,3,0,3,6.72,0.42,42.0,3.8,97,2,2,2,100.3,60.2,50.1,75.2,100.3,150.4,1,1,1,4.6,48,62.8,2,1,1,567,67.9,27.5,4.38,25.333333333333332,42.5,0.0,2,0
253.8,0,0,0,0,0,0,0,2.0,3.0,353.5,275.0,77.8,0,0,27.1,41.8,31.1,1.6,5.9,26.0,9.4,7,2,1,3,442,423,138.0,0.0,4,0,7.8,5.3,5.8,0,0,63.6,94.2,13.5,5.7,14,3,0,3,6.72,0.42,42.0,3.8,97,2,2,2,100.3,60.2,50.1,75.2,100.3,150.4,1,1,1,4.6,48,62.8,2,1,1,567,67.9,27.5,4.38,25.333333333333332,42.5,0.0,2,0
1393.2,1,1,26,41,34,1,0,1.0,3.0,1550.5,1341.9,86.5,3,2,27.1,41.8,31.1,1.6,5.9,26.0,9.4,7,2,1,3,442,423,138.0,0.0,4,0,7.8,5.3,5.8,0,0,63.6,94.2,13.5,5.7,14,3,0,3,6.72,0.42,42.0,3.8,97,2,2,2,100.3,60.2,50.1,75.2,100.3,150.4,1,1,1,4.6,48,62.8,2,1,1,567,67.9,27.5,4.38,25.333333333333332,42.5,0.0,2,0
928.8,0,0,0,0,0,0,0,2.0,3.0,1004.0,894.5,89.1,2,0,27.1,41.8,31.1,1.6,5.9,26.0,9.4,7,2,1,3,442,423,138.0,0.0,4,0,7.8,5.3,5.8,0,0,63.6,94.2,13.5,5.7,14,3,0,3,6.72,0.42,42.0,3.8,97,2,2,2,100.3,60.2,50.1,75.2,100.3,150.4,1,1,1,4.6,48,62.8,2,1,1,567,67.9,27.5,4.38,25.333333333333332,42.5,0.0,2,0
1707.1,1,1,2,7,33,1,0,2.0,1.0,1336.2,1169.0,87.5,3,2,27.1,41.8,31.1,1.6,5.9,26.0,9.4,7,2,1,3,442,423,138.0,0.0,4,0,7.8,5.3,5.8,0,0,63.6,94.2,13.5,5.7,14,3,0,3,6.72,0.42,42.0,3.8,97,2,2,2,100.3,60.2,50.1,75.2,100.3,150.4,1,1,1,4.6,48,62.8,2,1,1,567,67.9,27.5,4.38,25.333333333333332,42.5,0.0,2,0
627.4,0,0,0,0,0,0,0,2.0,3.0,514.0,427.5,83.2,1,0,27.1,41.8,31.1,1.6,5.9,26.0,9.4,7,2,1,3,442,423,138.0,0.0,4,0,7.8,5.3,5.8,0,0,63.6,94.2,13.5,5.7,14,3,0,3,6.72,0.42,42.0,3.8,97,2,2,2,100.3,60.2,50.1,75.2,100.3,150.4,1,1,1,4.6,48,62.8,2,1,1,567,67.9,27.5,4.38,25.333333333333332,42.5,0.0,2,0
1076.6,1,1,24,25,70,0,0,1.0,3.0,1289.5,1134.4,88.0,3,2,27.1,41.8,31.1,1.6,5.9,26.0,9.4,7,2,1,3,442,423,138.0,0.0,4,0,7.8,5.3,5.8,0,0,63.6,94.2,13.5,5.7,14,3,0,3,6.72,0.42,42.0,3.8,97,2,2,2,100.3,60.2,50.1,75.2,100.3,150.4,1,1,1,4.6,48,62.8,2,1,1,567,67.9,27.5,4.38,25.333333333333332,42.5,0.0,2,0
1769.0,1,1,33,49,28,1,1,3.0,3.0,2254.2,1994.1,88.5,4,3,27.1,41.8,31.1,1.6,5.9,26.0,9.4,7,2,1,3,442,423,138.0,0.0,4,0,7.8,5.3,5.8,0,0,63.6,94.2,13.5,5.7,14,3,0,3,6.72,0.42,42.0,3.8,97,2,2,2,100.3,60.2,50.1,75.2,100.3,150.4,1,1,1,4.6,48,62.8,2,1,1,567,67.9,27.5,4.38,25.333333333333332,42.5,0.0,2,0
995.7,0,0,0,0,0,0,0,2.0,3.0,863.2,732.6,84.9,2,0,27.1,41.8,31.1,1.6,5.9,26.0,9.4,7,2,1,3,442,423,138.0,0.0,4,0,7.8,5.3,5.8,0,0,63.6,94.2,13.5,5.7,14,3,0,3,6.72,0.42,42.0,3.8,97,2,2,2,100.3,60.2,50.1,75.2,100.3,150.4,1,1,1,4.6,48,62.8,2,1,1,567,67.9,27.5,4.38,25.333333333333332,42.5,0.0,2,0
920.7,0,0,0,0,0,0,0,2.0,3.0,930.7,797.7,85.7,2,0,35.1,46.9,23.0,0.5,5.7,43.4,6.2,4,1,0,2,320,209,24.2,0.0,3,0,15.0,5.1,11.2,0,0,43.0,19.2,21.8,36.0,18,2,1,0,2.04,0.69,69.0,4.3,75,1,3,1,153.4,92.0,76.7,115.1,153.4,230.1,0,2,2,20.7,34,163.1,0,3,0,623,19.4,21.6,4.77,6.833333333333333,16.8,0.0,0,0
407.0,0,0,0,0,0,0,0,2.0,3.0,285.5,228.1,79.9,0,0,35.1,46.9,23.0,0.5,5.7,43.4,6.2,4,1,0,2,320,209,24.2,0.0,3,0,15.0,5.1,11.2,0,0,43.0,19.2,21.8,36.0,18,2,1,0,2.04,0.69,69.0,4.3,75,1,3,1,153.4,92.0,76.7,115.1,153.4,230.1,0,2,2,20.7,34,163.1,0,3,0,623,19.4,21.6,4.77,6.833333333333333,16.8,0.0,0,0
1278.5,1,1,20,49,19,1,0,1.0,3.0,1450.8,1260.2,86.9,3,2,35.1,46.9,23.0,0.5,5.7,43.4,6.2,4,1,0,2,320,209,24.2,0.0,3,0,15.0,5.1,11.2,0,0,43.0,19.2,21.8,36.0,18,2,1,0,2.04,0.69,69.0,4.3,75,1,3,1,153.4,92.0,76.7,115.1,153.4,230.1,0,2,2,20.7,34,163.1,0,3,0,623,19.4,21.6,4.77,6.833333333333333,16.8,0.0,0,0
884.4,0,0,0,0,0,0,0,2.0,3.0,1000.1,842.5,84.2,2,0,35.1,46.9,23.0,0.5,5.7,43.4,6.2,4,1,0,2,320,209,24.2,0.0,3,0,15.0,5.1,11.2,0,0,43.0,19.2,21.8,36.0,18,2,1,0,2.04,0.69,69.0,4.3,75,1,3,1,153.4,92.0,76.7,115.1,153.4,230.1,0,2,2,20.7,34,163.1,0,3,0,623,19.4,21.6,4.77,6.833333333333333,16.8,0.0,0,0
1834.4,1,1,7,1,12,1,0,2.0,2.0,1470.9,1274.7,86.7,3,2,35.1,46.9,23.0,0.5,5.7,43.4,6.2,4,1,0,2,320,209,24.2,0.0,3,0,15.0,5.1,11.2,0,0,43.0,19.2,21.8,36.0,18,2,1,0,2.04,0.69,69.0,4.3,75,1,3,1,153.4,92.0,76.7,115.1,153.4,230.1,0,2,2,20.7,34,163.1,0,3,0,623,19.4,21.6,4.77,6.833333333333333,16.8,0.0,0,0
618.8,0,0,0,0,0,0,0,2.0,3.0,706.8,629.8,89.1,1,0,35.1,46.9,23.0,0.5,5.7,43.4,6.2,4,1,0,2,320,209,24.2,0.0,3,0,15.0,5.1,11.2,0,0,43.0,19.2,21.8,36.0,18,2,1,0,2.04,0.69,69.0,4.3,75,1,3,1,153.4,92.0,76.7,115.1,153.4,230.1,0,2,2,20.7,34,163.1,0,3,0,623,19.4,21.6,4.77,6.833333333333333,16.8,0.0,0,0
1366.7,1,1,32,30,28,1,0,1.0,3.0,1260.8,1052.3,83.5,3,1,35.1,46.9,23.0,0.5,5.7,43.4,6.2,4,1,0,2,320,209,24.2,0.0,3,0,15.0,5.1,11.2,0,0,43.0,19.2,21.8,36.0,18,2,1,0,2.04,0.69,69.0,4.3,75,1,3,1,153.4,92.0,76.7,115.1,153.4,230.1,0,2,2,20.7,34,163.1,0,3,0,623,19.4,21.6,4.77,6.833333333333333,16.8,0.0,0,0
2105.7,1,1,16,40,18,0,1,3.0,2.0,2008.6,1760.4,87.6,4,3,35.1,46.9,23.0,0.5,5.7,43.4,6.2,4,1,0,2,320,209,24.2,0.0,3,0,15.0,5.1,11.2,0,0,43.0,19.2,21.8,36.0,18,2,1,0,2.04,0.69,69.0,4.3,75,1,3,1,153.4,92.0,76.7,115.1,153.4,230.1,0,2,2,20.7,34,163.1,0,3,0,623,19.4,21.6,4.77,6.833333333333333,16.8,0.0,0,0
1076.2,0,0,0,0,0,0,0,2.0,3.0,826.9,729.3,88.2,2,0,35.1,46.9,23.0,0.5,5.7,43.4,6.2,4,1,0,2,320,209,24.2,0.0,3,0,15.0,5.1,11.2,0,0,43.0,19.2,21.8,36.0,18,2,1,0,2.04,0.69,69.0,4.3,75,1,3,1,153.4,92.0,76.7,115.1,153.4,230.1,0,2,2,20.7,34,163.1,0,3,0,623,19.4,21.6,4.77,6.833333333333333,16.8,0.0,0,0
342.7,0,0,0,0,0,0,0,2.0,3.0,477.9,428.2,89.6,0,0,35.1,46.9,23.0,0.5,5.7,43.4,6.2,4,1,0,2,320,209,24.2,0.0,3,0,15.0,5.1,11.2,0,0,43.0,19.2,21.8,36.0,18,2,1,0,2.04,0.69,69.0,4.3,75,1,3,1,153.4,92.0,76.7,115.1,153.4,230.1,0,2,2,20.7,34,163.1,0,3,0,623,19.4,21.6,4.77,6.833333333333333,16.8,0.0,0,0
375.2,0,0,0,0,0,0,0,2.0,3.0,422.0,338.9,80.3,0,0,60.9,14.8,24.3,2.7,7.6,13.2,6.2,1,3,3,0,398,318,60.9,0.0,3,0,10.6,6.2,7.9,0,0,16.7,18.4,50.3,5.9,0,1,2,2,14.27,0.34,34.0,7.4,56,3,1,3,123.7,74.2,61.9,92.8,123.7,185.6,0,2,1,28.6,34,50.3,0,0,1,681,35.1,20.4,3.57,27.53333333333333,44.1,0.0,2,0
1398.8,1,1,30,38,50,0,0,1.0,3.0,1317.7,1146.8,87.0,3,1,60.9,14.8,24.3,2.7,7.6,13.2,6.2,1,3,3,0,398,318,60.9,0.0,3,0,10.6,6.2,7.9,0,0,16.7,18.4,50.3,5.9,0,1,2,2,14.27,0.34,34.0,7.4,56,3,1,3,123.7,74.2,61.9,92.8,123.7,185.6,0,2,1,28.6,34,50.3,0,0,1,681,35.1,20.4,3.57,27.53333333333333,44.1,0.0,2,0
930.7,0,0,0,0,0,0,0,2.0,3.0,1165.9,1013.7,86.9,2,1,60.9,14.8,24.3,2.7,7.6,13.2,6.2,1,3,3,0,398,318,60.9,0.0,3,0,10.6,6.2,7.9,0,0,16.7,18.4,50.3,5.9,0,1,2,2,14.27,0.34,34.0,7.4,56,3,1,3,123.7,74.2,61.9,92.8,123.7,185.6,0,2,1,28.6,34,50.3,0,0,1,681,35.1,20.4,3.57,27.53333333333333,44.1,0.0,2,0
1817.4,1,1,39,3,31,1,0,2.0,4.0,1855.7,1581.2,85.2,4,2,60.9,14.8,24.3,2.7,7.6,13.2,6.2,1,3,3,0,398,318,60.9,0.0,3,0,10.6,6.2,7.9,0,0,16.7,18.4,50.3,5.9,0,1,2,2,14.27,0.34,34.0,7.4,56,3,1,3,123.7,74.2,61.9,92.8,123.7,185.6,0,2,1,28.6,34,50.3,0,0,1,681,35.1,20.4,3.57,27.53333333333333,44.1,0.0,2,0
760.6,0,0,0,0,0,0,0,2.0,3.0,642.7,547.3,85.2,1,0,60.9,14.8,24.3,2.7,7.6,13.2,6.2,1,3,3,0,398,318,60.9,0.0,3,0,10.6,6.2,7.9,0,0,16.7,18.4,50.3,5.9,0,1,2,2,14.27,0.34,34.0,7.4,56,3,1,3,123.7,74.2,61.9,92.8,123.7,185.6,0,2,1,28.6,34,50.3,0,0,1,681,35.1,20.4,3.57,27.53333333333333,44.1,0.0,2,0
1320.9,1,1,33,55,31,1,0,1.0,3.0,1391.3,1196.3,86.0,3,2,60.9,14.8,24.3,2.7,7.6,13.2,6.2,1,3,3,0,398,318,60.9,0.0,3,0,10.6,6.2,7.9,0,0,16.7,18.4,50.3,5.9,0,1,2,2,14.27,0.34,34.0,7.4,56,3,1,3,123.7,74.2,61.9,92.8,123.7,185.6,0,2,1,28.6,34,50.3,0,0,1,681,35.1,20.4,3.57,27.53333333333333,44.1,0.0,2,0
2374.3,1,1,1,57,66,1,1,3.0,1.0,2057.9,1814.5,88.2,4,3,60.9,14.8,24.3,2.7,7.6,13.2,6.2,1,3,3,0,398,318,60.9,0.0,3,0,10.6,6.2,7.9,0,0,16.7,18.4,50.3,5.9,0,1,2,2,14.27,0.34,34.0,7.4,56,3,1,3,123.7,74.2,61.9,92.8,123.7,185.6,0,2,1,28.6,34,50.3,0,0,1,681,35.1,20.4,3.57,27.53333333333333,44.1,0.0,2,0
1086.1,0,0,0,0,0,0,0,2.0,3.0,922.1,797.2,86.5,2,0,60.9,14.8,24.3,2.7,7.6,13.2,6.2,1,3,3,0,398,318,60.9,0.0,3,0,10.6,6.2,7.9,0,0,16.7,18.4,50.3,5.9,0,1,2,2,14.27,0.34,34.0,7.4,56,3,1,3,123.7,74.2,61.9,92.8,123.7,185.6,0,2,1,28.6,34,50.3,0,0,1,681,35.1,20.4,3.57,27.53333333333333,44.1,0.0,2,0
216.2,0,0,0,0,0,0,0,2.0,3.0,353.6,321.8,91.0,0,0,60.9,14.8,24.3,2.7,7.6,13.2,6.2,1,3,3,0,398,318,60.9,0.0,3,0,10.6,6.2,7.9,0,0,16.7,18.4,50.3,5.9,0,1,2,2,14.27,0.34,34.0,7.4,56,3,1,3,123.7,74.2,61.9,92.8,123.7,185.6,0,2,1,28.6,34,50.3,0,0,1,681,35.1,20.4,3.57,27.53333333333333,44.1,0.0,2,0
1292.8,1,1,37,67,50,1,0,1.0,4.0,1615.3,1399.6,86.6,3,2,60.9,14.8,24.3,2.7,7.6,13.2,6.2,1,3,3,0,398,318,60.9,0.0,3,0,10.6,6.2,7.9,0,0,16.7,18.4,50.3,5.9,0,1,2,2,14.27,0.34,34.0,7.4,56,3,1,3,123.7,74.2,61.9,92.8,123.7,185.6,0,2,1,28.6,34,50.3,0,0,1,681,35.1,20.4,3.57,27.53333333333333,44.1,0.0,2,0
1525.7,1,1,34,35,77,1,0,1.0,3.0,1614.6,1408.0,87.2,3,2,24.0,38.4,37.6,1.7,8.1,19.8,3.0,7,2,1,3,155,112,72.5,0.0,2,0,10.4,2.4,7.8,0,0,63.2,92.0,2.8,30.1,8,3,0,3,13.15,0.44,44.0,4.9,88,3,1,3,103.1,61.9,51.5,77.3,103.1,154.6,1,1,1,10.4,57,232.6,1,2,1,201,80.6,10.2,1.61,32.125,54.1,0.0,2,1
1213.6,0,0,0,0,0,0,0,2.0,3.0,1164.0,1035.1,88.9,2,0,24.0,38.4,37.6,1.7,8.1,19.8,3.0,7,2,1,3,155,112,72.5,0.0,2,0,10.4,2.4,7.8,0,0,63.2,92.0,2.8,30.1,8,3,0,3,13.15,0.44,44.0,4.9,88,3,1,3,103.1,61.9,51.5,77.3,103.1,154.6,1,1,1,10.4,57,232.6,1,2,1,201,80.6,10.2,1.61,32.125,54.1,0.0,2,1
2137.6,1,1,37,54,13,1,0,2.0,4.0,1873.2,1617.0,86.3,3,2,24.0,38.4,37.6,1.7,8.1,19.8,3.0,7,2,1,3,155,112,72.5,0.0,2,0,10.4,2.4,7.8,0,0,63.2,92.0,2.8,30.1,8,3,0,3,13.15,0.44,44.0,4.9,88,3,1,3,103.1,61.9,51.5,77.3,103.1,154.6,1,1,1,10.4,57,232.6,1,2,1,201,80.6,10.2,1.61,32.125,54.1,0.0,2,1
868.9,0,0,0,0,0,0,0,2.0,3.0,697.7,628.1,90.0,1,0,24.0,38.4,37.6,1.7,8.1,19.8,3.0,7,2,1,3,155,112,72.5,0.0,2,0,10.4,2.4,7.8,0,0,63.2,92.0,2.8,30.1,8,3,0,3,13.15,0.44,44.0,4.9,88,3,1,3,103.1,61.9,51.5,77.3,103.1,154.6,1,1,1,10.4,57,232.6,1,2,1,201,80.6,10.2,1.61,32.125,54.1,0.0,2,1
1324.7,1,1,7,33,22,1,0,1.0,2.0,1626.1,1435.9,88.3,3,2,24.0,38.4,37.6,1.7,8.1,19.8,3.0,7,2,1,3,155,112,72.5,0.0,2,0,10.4,2.4,7.8,0,0,63.2,92.0,2.8,30.1,8,3,0,3,13.15,0.44,44.0,4.9,88,3,1,3,103.1,61.9,51.5,77.3,103.1,154.6,1,1,1,10.4,57,232.6,1,2,1,201,80.6,10.2,1.61,32.125,54.1,0.0,2,1
2263.1,1,1,19,36,28,1,1,3.0,2.0,2633.7,2269.3,86.2,4,3,24.0,38.4,37.6,1.7,8.1,19.8,3.0,7,2,1,3,155,112,72.5,0.0,2,0,10.4,2.4,7.8,0,0,63.2,92.0,2.8,30.1,8,3,0,3,13.15,0.44,44.0,4.9,88,3,1,3,103.1,61.9,51.5,77.3,103.1,154.6,1,1,1,10.4,57,232.6,1,2,1,201,80.6,10.2,1.61,32.125,54.1,0.0,2,1
1294.2,0,0,0,0,0,0,0,2.0,3.0,984.1,857.8,87.2,2,0,24.0,38.4,37.6,1.7,8.1,19.8,3.0,7,2,1,3,155,112,72.5,0.0,2,0,10.4,2.4,7.8,0,0,63.2,92.0,2.8,30.1,8,3,0,3,13.15,0.44,44.0,4.9,88,3,1,3,103.1,61.9,51.5,77.3,103.1,154.6,1,1,1,10.4,57,232.6,1,2,1,201,80.6,10.2,1.61,32.125,54.1,0.0,2,1
534.3,0,0,0,0,0,0,0,2.0,3.0,448.9,419.0,93.3,0,0,24.0,38.4,37.6,1.7,8.1,19.8,3.0,7,2,1,3,155,112,72.5,0.0,2,0,10.4,2.4,7.8,0,0,63.2,92.0,2.8,30.1,8,3,0,3,13.15,0.44,44.0,4.9,88,3,1,3,103.1,61.9,51.5,77.3,103.1,154.6,1,1,1,10.4,57,232.6,1,2,1,201,80.6,10.2,1.61,32.125,54.1,0.0,2,1
1563.1,1,1,42,2,66,1,0,1.0,4.0,1881.8,1618.5,86.0,3,2,24.0,38.4,37.6,1.7,8.1,19.8,3.0,7,2,1,3,155,112,72.5,0.0,2,0,10.4,2.4,7.8,0,0,63.2,92.0,2.8,30.1,8,3,0,3,13.15,0.44,44.0,4.9,88,3,1,3,103.1,61.9,51.5,77.3,103.1,154.6,1,1,1,10.4,57,232.6,1,2,1,201,80.6,10.2,1.61,32.125,54.1,0.0,2,1
1084.3,0,0,0,0,0,0,0,2.0,3.0,1177.6,987.3,83.8,2,0,24.0,38.4,37.6,1.7,8.1,19.8,3.0,7,2,1,3,155,112,72.5,0.0,2,0,10.4,2.4,7.8,0,0,63.2,92.0,2.8,30.1,8,3,0,3,13.15,0.44,44.0,4.9,88,3,1,3,103.1,61.9,51.5,77.3,103.1,154.6,1,1,1,10.4,57,232.6,1,2,1,201,80.6,10.2,1.61,32.125,54.1,0.0,2,1
1316.0,0,0,0,0,0,0,0,2.0,3.0,1437.3,1263.9,87.9,2,0,66.5,9.8,23.7,2.3,8.4,6.8,5.5,3,3,3,0,480,428,41.9,0.0,4,0,6.6,3.8,4.9,0,0,14.5,49.3,19.9,20.4,14,0,3,1,14.06,0.4,40.0,8.9,74,3,1,3,135.0,81.0,67.5,101.2,135.0,202.5,0,2,1,8.6,3,289.9,1,2,1,55,35.7,14.7,3.14,54.25833333333333,78.7,4.308333333333333,3,2
2031.4,1,1,30,9,52,1,0,2.0,3.0,2259.9,1971.9,87.3,4,2,66.5,9.8,23.7,2.3,8.4,6.8,5.5,3,3,3,0,480,428,41.9,0.0,4,0,6.6,3.8,4.9,0,0,14.5,49.3,19.9,20.4,14,0,3,1,14.06,0.4,40.0,8.9,74,3,1,3,135.0,81.0,67.5,101.2,135.0,202.5,0,2,1,8.6,3,289.9,1,2,1,55,35.7,14.7,3.14,54.25833333333333,78.7,4.308333333333333,3,2
995.1,0,0,0,0,0,0,0,2.0,3.0,886.6,781.6,88.2,1,0,66.5,9.8,23.7,2.3,8.4,6.8,5.5,3,3,3,0,480,428,41.9,0.0,4,0,6.6,3.8,4.9,0,0,14.5,49.3,19.9,20.4,14,0,3,1,14.06,0.4,40.0,8.9,74,3,1,3,135.0,81.0,67.5,101.2,135.0,202.5,0,2,1,8.6,3,289.9,1,2,1,55,35.7,14.7,3.14,54.25833333333333,78.7,4.308333333333333,3,2
1794.3,1,1,24,30,58,1,0,1.0,3.0,1860.3,1619.0,87.0,3,2,66.5,9.8,23.7,2.3,8.4,6.8,5.5,3,3,3,0,480,428,41.9,0.0,4,0,6.6,3.8,4.9,0,0,14.5,49.3,19.9,20.4,14,0,3,1,14.06,0.4,40.0,8.9,74,3,1,3,135.0,81.0,67.5,101.2,135.0,202.5,0,2,1,8.6,3,289.9,1,2,1,55,35.7,14.7,3.14,54.25833333333333,78.7,4.308333333333333,3,2
3185.9,1,1,17,14,8,1,1,3.0,2.0,2904.8,2507.1,86.3,4,3,66.5,9.8,23.7,2.3,8.4,6.8,5.5,3,3,3,0,480,428,41.9,0.0,4,0,6.6,3.8,4.9,0,0,14.5,49.3,19.9,20.4,14,0,3,1,14.06,0.4,40.0,8.9,74,3,1,3,135.0,81.0,67.5,101.2,135.0,202.5,0,2,1,8.6,3,289.9,1,2,1,55,35.7,14.7,3.14,54.25833333333333,78.7,4.308333333333333,3,2
1386.0,0,0,0,0,0,0,0,2.0,3.0,1280.5,1124.0,87.8,2,0,66.5,9.8,23.7,2.3,8.4,6.8,5.5,3,3,3,0,480,428,41.9,0.0,4,0,6.6,3.8,4.9,0,0,14.5,49.3,19.9,20.4,14,0,3,1,14.06,0.4,40.0,8.9,74,3,1,3,135.0,81.0,67.5,101.2,135.0,202.5,0,2,1,8.6,3,289.9,1,2,1,55,35.7,14.7,3.14,54.25833333333333,78.7,4.308333333333333,3,2
374.4,0,0,0,0,0,0,0,2.0,3.0,480.2,423.2,88.1,0,0,66.5,9.8,23.7,2.3,8.4,6.8,5.5,3,3,3,0,480,428,41.9,0.0,4,0,6.6,3.8,4.9,0,0,14.5,49.3,19.9,20.4,14,0,3,1,14.06,0.4,40.0,8.9,74,3,1,3,135.0,81.0,67.5,101.2,135.0,202.5,0,2,1,8.6,3,289.9,1,2,1,55,35.7,14.7,3.14,54.25833333333333,78.7,4.308333333333333,3,2
1676.4,1,1,43,4,25,1,0,1.0,4.0,1960.4,1721.4,87.8,3,2,66.5,9.8,23.7,2.3,8.4,6.8,5.5,3,3,3,0,480,428,41.9,0.0,4,0,6.6,3.8,4.9,0,0,14.5,49.3,19.9,20.4,14,0,3,1,14.06,0.4,40.0,8.9,74,3,1,3,135.0,81.0,67.5,101.2,135.0,202.5,0,2,1,8.6,3,289.9,1,2,1,55,35.7,14.7,3.14,54.25833333333333,78.7,4.308333333333333,3,2
1193.9,0,0,0,0,0,0,0,2.0,3.0,1229.7,1047.5,85.2,2,0,66.5,9.8,23.7,2.3,8.4,6.8,5.5,3,3,3,0,480,428,41.9,0.0,4,0,6.6,3.8,4.9,0,0,14.5,49.3,19.9,20.4,14,0,3,1,14.06,0.4,40.0,8.9,74,3,1,3,135.0,81.0,67.5,101.2,135.0,202.5,0,2,1,8.6,3,289.9,1,2,1,55,35.7,14.7,3.14,54.25833333333333,78.7,4.308333333333333,3,2
1938.8,1,1,11,70,17,1,0,2.0,2.0,2121.5,1823.4,85.9,3,2,66.5,9.8,23.7,2.3,8.4,6.8,5.5,3,3,3,0,480,428,41.9,0.0,4,0,6.6,3.8,4.9,0,0,14.5,49.3,19.9,20.4,14,0,3,1,14.06,0.4,40.0,8.9,74,3,1,3,135.0,81.0,67.5,101.2,135.0,202.5,0,2,1,8.6,3,289.9,1,2,1,55,35.7,14.7,3.14,54.25833333333333,78.7,4.308333333333333,3,2
2219.8,1,1,41,38,33,1,0,2.0,4.0,1793.2,1553.9,86.7,3,2,53.2,18.6,29.9,2.1,6.2,2.8,1.8,1,3,3,0,110,5,124.4,0.0,2,1,5.8,8.6,4.3,0,0,46.7,12.3,50.8,6.5,12,2,1,0,4.12,0.58,58.0,11.2,75,2,2,2,155.8,93.5,77.9,116.9,155.8,233.7,0,2,1,15.9,43,191.7,1,3,1,473,30.0,31.7,2.41,13.983333333333334,29.7,0.0,1,0
861.7,0,0,0,0,0,0,0,2.0,3.0,950.8,821.1,86.4,1,0,53.2,18.6,29.9,2.1,6.2,2.8,1.8,1,3,3,0,110,5,124.4,0.0,2,1,5.8,8.6,4.3,0,0,46.7,12.3,50.8,6.5,12,2,1,0,4.12,0.58,58.0,11.2,75,2,2,2,155.8,93.5,77.9,116.9,155.8,233.7,0,2,1,15.9,43,191.7,1,3,1,473,30.0,31.7,2.41,13.983333333333334,29.7,0.0,1,0
1753.6,1,1,23,27,56,1,0,1.0,3.0,1668.0,1479.0,88.7,3,1,53.2,18.6,29.9,2.1,6.2,2.8,1.8,1,3,3,0,110,5,124.4,0.0,2,1,5.8,8.6,4.3,0,0,46.7,12.3,50.8,6.5,12,2,1,0,4.12,0.58,58.0,11.2,75,2,2,2,155.8,93.5,77.9,116.9,155.8,233.7,0,2,1,15.9,43,191.7,1,3,1,473,30.0,31.7,2.41,13.983333333333334,29.7,0.0,1,0
3006.3,1,1,34,12,52,0,1,3.0,3.0,2766.2,2417.3,87.4,4,3,53.2,18.6,29.9,2.1,6.2,2.8,1.8,1,3,3,0,110,5,124.4,0.0,2,1,5.8,8.6,4.3,0,0,46.7,12.3,50.8,6.5,12,2,1,0,4.12,0.58,58.0,11.2,75,2,2,2,155.8,93.5,77.9,116.9,155.8,233.7,0,2,1,15.9,43,191.7,1,3,1,473,30.0,31.7,2.41,13.983333333333334,29.7,0.0,1,0
1407.7,0,0,0,0,0,0,0,2.0,3.0,1230.4,1091.4,88.7,2,0,53.2,18.6,29.9,2.1,6.2,2.8,1.8,1,3,3,0,110,5,124.4,0.0,2,1,5.8,8.6,4.3,0,0,46.7,12.3,50.8,6.5,12,2,1,0,4.12,0.58,58.0,11.2,75,2,2,2,155.8,93.5,77.9,116.9,155.8,233.7,0,2,1,15.9,43,191.7,1,3,1,473,30.0,31.7,2.41,13.983333333333334,29.7,0.0,1,0
423.3,0,0,0,0,0,0,0,2.0,3.0,494.8,452.5,91.5,0,0,53.2,18.6,29.9,2.1,6.2,2.8,1.8,1,3,3,0,110,5,124.4,0.0,2,1,5.8,8.6,4.3,0,0,46.7,12.3,50.8,6.5,12,2,1,0,4.12,0.58,58.0,11.2,75,2,2,2,155.8,93.5,77.9,116.9,155.8,233.7,0,2,1,15.9,43,191.7,1,3,1,473,30.0,31.7,2.41,13.983333333333334,29.7,0.0,1,0
1709.4,1,1,2,54,64,0,0,1.0,1.0,1727.9,1492.4,86.4,3,2,53.2,18.6,29.9,2.1,6.2,2.8,1.8,1,3,3,0,110,5,124.4,0.0,2,1,5.8,8.6,4.3,0,0,46.7,12.3,50.8,6.5,12,2,1,0,4.12,0.58,58.0,11.2,75,2,2,2,155.8,93.5,77.9,116.9,155.8,233.7,0,2,1,15.9,43,191.7,1,3,1,473,30.0,31.7,2.41,13.983333333333334,29.7,0.0,1,0
1261.8,0,0,0,0,0,0,0,2.0,3.0,1417.3,1250.0,88.2,2,0,53.2,18.6,29.9,2.1,6.2,2.8,1.8,1,3,3,0,110,5,124.4,0.0,2,1,5.8,8.6,4.3,0,0,46.7,12.3,50.8,6.5,12,2,1,0,4.12,0.58,58.0,11.2,75,2,2,2,155.8,93.5,77.9,116.9,155.8,233.7,0,2,1,15.9,43,191.7,1,3,1,473,30.0,31.7,2.41,13.983333333333334,29.7,0.0,1,0
1849.5,1,1,21,11,39,1,0,2.0,3.0,2122.3,1813.3,85.4,4,2,53.2,18.6,29.9,2.1,6.2,2.8,1.8,1,3,3,0,110,5,124.4,0.0,2,1,5.8,8.6,4.3,0,0,46.7,12.3,50.8,6.5,12,2,1,0,4.12,0.58,58.0,11.2,75,2,2,2,155.8,93.5,77.9,116.9,155.8,233.7,0,2,1,15.9,43,191.7,1,3,1,473,30.0,31.7,2.41,13.983333333333334,29.7,0.0,1,0
947.5,0,0,0,0,0,0,0,2.0,3.0,710.9,622.9,87.6,1,0,53.2,18.6,29.9,2.1,6.2,2.8,1.8,1,3,3,0,110,5,124.4,0.0,2,1,5.8,8.6,4.3,0,0,46.7,12.3,50.8,6.5,12,2,1,0,4.12,0.58,58.0,11.2,75,2,2,2,155.8,93.5,77.9,116.9,155.8,233.7,0,2,1,15.9,43,191.7,1,3,1,473,30.0,31.7,2.41,13.983333333333334,29.7,0.0,1,0
748.4,0,0,0,0,0,0,0,2.0,3.0,619.2,533.4,86.1,1,0,65.3,10.9,22.7,2.4,5.7,32.4,5.6,3,3,3,0,95,1,144.0,0.17,2,1,14.2,4.0,10.6,0,0,33.6,29.9,15.0,38.0,7,1,2,2,9.74,0.3,30.0,5.4,61,3,1,3,85.0,51.0,42.5,63.8,85.0,127.5,1,1,2,6.0,30,103.5,2,3,0,392,61.1,17.4,2.44,52.025,87.8,8.708333333333334,4,3
1411.4,1,1,34,55,23,1,0,1.0,3.0,1499.3,1291.3,86.1,3,2,65.3,10.9,22.7,2.4,5.7,32.4,5.6,3,3,3,0,95,1,144.0,0.17,2,1,14.2,4.0,10.6,0,0,33.6,29.9,15.0,38.0,7,1,2,2,9.74,0.3,30.0,5.4,61,3,1,3,85.0,51.0,42.5,63.8,85.0,127.5,1,1,2,6.0,30,103.5,2,3,0,392,61.1,17.4,2.44,52.025,87.8,8.708333333333334,4,3
2544.1,1,1,33,36,19,0,1,3.0,3.0,2020.8,1765.9,87.4,4,3,65.3,10.9,22.7,2.4,5.7,32.4,5.6,3,3,3,0,95,1,144.0,0.17,2,1,14.2,4.0,10.6,0,0,33.6,29.9,15.0,38.0,7,1,2,2,9.74,0.3,30.0,5.4,61,3,1,3,85.0,51.0,42.5,63.8,85.0,127.5,1,1,2,6.0,30,103.5,2,3,0,392,61.1,17.4,2.44,52.025,87.8,8.708333333333334,4,3
1175.1,0,0,0,0,0,0,0,2.0,3.0,976.9,851.8,87.2,2,0,65.3,10.9,22.7,2.4,5.7,32.4,5.6,3,3,3,0,95,1,144.0,0.17,2,1,14.2,4.0,10.6,0,0,33.6,29.9,15.0,38.0,7,1,2,2,9.74,0.3,30.0,5.4,61,3,1,3,85.0,51.0,42.5,63.8,85.0,127.5,1,1,2,6.0,30,103.5,2,3,0,392,61.1,17.4,2.44,52.025,87.8,8.708333333333334,4,3
499.3,0,0,0,0,0,0,0,2.0,3.0,386.3,325.7,84.3,0,0,65.3,10.9,22.7,2.4,5.7,32.4,5.6,3,3,3,0,95,1,144.0,0.17,2,1,14.2,4.0,10.6,0,0,33.6,29.9,15.0,38.0,7,1,2,2,9.74,0.3,30.0,5.4,61,3,1,3,85.0,51.0,42.5,63.8,85.0,127.5,1,1,2,6.0,30,103.5,2,3,0,392,61.1,17.4,2.44,52.025,87.8,8.708333333333334,4,3
1635.2,1,1,43,26,65,0,0,1.0,4.0,1565.9,1374.5,87.8,3,2,65.3,10.9,22.7,2.4,5.7,32.4,5.6,3,3,3,0,95,1,144.0,0.17,2,1,14.2,4.0,10.6,0,0,33.6,29.9,15.0,38.0,7,1,2,2,9.74,0.3,30.0,5.4,61,3,1,3,85.0,51.0,42.5,63.8,85.0,127.5,1,1,2,6.0,30,103.5,2,3,0,392,61.1,17.4,2.44,52.025,87.8,8.708333333333334,4,3
951.5,0,0,0,0,0,0,0,2.0,3.0,1016.9,878.5,86.4,2,0,65.3,10.9,22.7,2.4,5.7,32.4,5.6,3,3,3,0,95,1,144.0,0.17,2,1,14.2,4.0,10.6,0,0,33.6,29.9,15.0,38.0,7,1,2,2,9.74,0.3,30.0,5.4,61,3,1,3,85.0,51.0,42.5,63.8,85.0,127.5,1,1,2,6.0,30,103.5,2,3,0,392,61.1,17.4,2.44,52.025,87.8,8.708333333333334,4,3
1830.5,1,1,25,61,42,1,0,2.0,3.0,1960.6,1702.3,86.8,4,2,65.3,10.9,22.7,2.4,5.7,32.4,5.6,3,3,3,0,95,1,144.0,0.17,2,1,14.2,4.0,10.6,0,0,33.6,29.9,15.0,38.0,7,1,2,2,9.74,0.3,30.0,5.4,61,3,1,3,85.0,51.0,42.5,63.8,85.0,127.5,1,1,2,6.0,30,103.5,2,3,0,392,61.1,17.4,2.44,52.025,87.8,8.708333333333334,4,3
676.4,0,0,0,0,0,0,0,2.0,3.0,550.6,491.6,89.3,1,0,65.3,10.9,22.7,2.4,5.7,32.4,5.6,3,3,3,0,95,1,144.0,0.17,2,1,14.2,4.0,10.6,0,0,33.6,29.9,15.0,38.0,7,1,2,2,9.74,0.3,30.0,5.4,61,3,1,3,85.0,51.0,42.5,63.8,85.0,127.5,1,1,2,6.0,30,103.5,2,3,0,392,61.1,17.4,2.44,52.025,87.8,8.708333333333334,4,3
1235.1,1,1,37,44,50,1,0,1.0,4.0,1374.1,1177.6,85.7,3,1,65.3,10.9,22.7,2.4,5.7,32.4,5.6,3,3,3,0,95,1,144.0,0.17,2,1,14.2,4.0,10.6,0,0,33.6,29.9,15.0,38.0,7,1,2,2,9.74,0.3,30.0,5.4,61,3,1,3,85.0,51.0,42.5,63.8,85.0,127.5,1,1,2,6.0,30,103.5,2,3,0,392,61.1,17.4,2.44,52.025,87.8,8.708333333333334,4,3
996.1,1,1,19,44,58,1,0,1.0,2.0,1058.8,906.7,85.6,3,2,54.5,9.8,27.2,2.2,6.1,29.7,6.4,1,3,3,0,360,304,120.2,0.0,3,0,12.5,3.0,9.4,0,0,31.6,19.9,39.0,51.7,3,1,2,2,6.75,0.59,59.0,10.2,58,2,2,2,82.7,49.6,41.4,62.0,82.7,124.1,1,1,2,22.3,43,125.2,0,2,1,496,39.5,21.2,2.72,58.25833333333333,87.7,12.008333333333333,4,3
1478.7,1,1,10,57,54,1,1,3.0,2.0,1457.6,1253.3,86.0,4,3,54.5,9.8,27.2,2.2,6.1,29.7,6.4,1,3,3,0,360,304,120.2,0.0,3,0,12.5,3.0,9.4,0,0,31.6,19.9,39.0,51.7,3,1,2,2,6.75,0.59,59.0,10.2,58,2,2,2,82.7,49.6,41.4,62.0,82.7,124.1,1,1,2,22.3,43,125.2,0,2,1,496,39.5,21.2,2.72,58.25833333333333,87.7,12.008333333333333,4,3
715.5,0,0,0,0,0,0,0,2.0,3.0,771.0,691.5,89.7,2,0,54.5,9.8,27.2,2.2,6.1,29.7,6.4,1,3,3,0,360,304,120.2,0.0,3,0,12.5,3.0,9.4,0,0,31.6,19.9,39.0,51.7,3,1,2,2,6.75,0.59,59.0,10.2,58,2,2,2,82.7,49.6,41.4,62.0,82.7,124.1,1,1,2,22.3,43,125.2,0,2,1,496,39.5,21.2,2.72,58.25833333333333,87.7,12.008333333333333,4,3
380.2,0,0,0,0,0,0,0,2.0,3.0,303.1,239.9,79.1,0,0,54.5,9.8,27.2,2.2,6.1,29.7,6.4,1,3,3,0,360,304,120.2,0.0,3,0,12.5,3.0,9.4,0,0,31.6,19.9,39.0,51.7,3,1,2,2,6.75,0.59,59.0,10.2,58,2,2,2,82.7,49.6,41.4,62.0,82.7,124.1,1,1,2,22.3,43,125.2,0,2,1,496,39.5,21.2,2.72,58.25833333333333,87.7,12.008333333333333,4,3
1113.5,1,1,31,21,79,1,0,1.0,3.0,1082.9,913.6,84.4,3,2,54.5,9.8,27.2,2.2,6.1,29.7,6.4,1,3,3,0,360,304,120.2,0.0,3,0,12.5,3.0,9.4,0,0,31.6,19.9,39.0,51.7,3,1,2,2,6.75,0.59,59.0,10.2,58,2,2,2,82.7,49.6,41.4,62.0,82.7,124.1,1,1,2,22.3,43,125.2,0,2,1,496,39.5,21.2,2.72,58.25833333333333,87.7,12.008333333333333,4,3
701.9,0,0,0,0,0,0,0,2.0,3.0,803.6,708.3,88.1,2,0,54.5,9.8,27.2,2.2,6.1,29.7,6.4,1,3,3,0,360,304,120.2,0.0,3,0,12.5,3.0,9.4,0,0,31.6,19.9,39.0,51.7,3,1,2,2,6.75,0.59,59.0,10.2,58,2,2,2,82.7,49.6,41.4,62.0,82.7,124.1,1,1,2,22.3,43,125.2,0,2,1,496,39.5,21.2,2.72,58.25833333333333,87.7,12.008333333333333,4,3
1204.9,1,1,15,59,25,0,0,2.0,2.0,1066.4,910.6,85.4,3,2,54.5,9.8,27.2,2.2,6.1,29.7,6.4,1,3,3,0,360,304,120.2,0.0,3,0,12.5,3.0,9.4,0,0,31.6,19.9,39.0,51.7,3,1,2,2,6.75,0.59,59.0,10.2,58,2,2,2,82.7,49.6,41.4,62.0,82.7,124.1,1,1,2,22.3,43,125.2,0,2,1,496,39.5,21.2,2.72,58.25833333333333,87.7,12.008333333333333,4,3
520.6,0,0,0,0,0,0,0,2.0,3.0,408.3,298.3,73.1,1,0,54.5,9.8,27.2,2.2,6.1,29.7,6.4,1,3,3,0,360,304,120.2,0.0,3,0,12.5,3.0,9.4,0,0,31.6,19.9,39.0,51.7,3,1,2,2,6.75,0.59,59.0,10.2,58,2,2,2,82.7,49.6,41.4,62.0,82.7,124.1,1,1,2,22.3,43,125.2,0,2,1,496,39.5,21.2,2.72,58.25833333333333,87.7,12.008333333333333,4,3
868.3,1,1,16,71,16,0,0,1.0,2.0,993.3,869.0,87.5,3,1,54.5,9.8,27.2,2.2,6.1,29.7,6.4,1,3,3,0,360,304,120.2,0.0,3,0,12.5,3.0,9.4,0,0,31.6,19.9,39.0,51.7,3,1,2,2,6.75,0.59,59.0,10.2,58,2,2,2,82.7,49.6,41.4,62.0,82.7,124.1,1,1,2,22.3,43,125.2,0,2,1,496,39.5,21.2,2.72,58.25833333333333,87.7,12.008333333333333,4,3
1714.1,1,1,7,14,78,1,1,3.0,2.0,1500.8,1293.5,86.2,4,3,54.5,9.8,27.2,2.2,6.1,29.7,6.4,1,3,3,0,360,304,120.2,0.0,3,0,12.5,3.0,9.4,0,0,31.6,19.9,39.0,51.7,3,1,2,2,6.75,0.59,59.0,10.2,58,2,2,2,82.7,49.6,41.4,62.0,82.7,124.1,1,1,2,22.3,43,125.2,0,2,1,496,39.5,21.2,2.72,58.25833333333333,87.7,12.008333333333333,4,3
1606.5,1,1,8,59,38,1,1,3.0,2.0,1610.6,1372.6,85.2,4,3,24.1,41.6,34.3,1.7,7.3,46.1,4.8,5,2,1,3,104,69,85.5,0.0,2,1,16.5,2.6,12.4,1,0,58.7,14.4,9.8,57.6,13,3,0,3,6.74,0.57,57.0,2.4,59,2,2,2,92.8,55.7,46.4,69.6,92.8,139.2,1,1,1,4.9,7,156.6,2,1,1,535,87.4,30.4,2.91,24.991666666666664,44.2,0.0,2,0
803.6,0,0,0,0,0,0,0,2.0,3.0,780.4,652.3,83.6,2,0,24.1,41.6,34.3,1.7,7.3,46.1,4.8,5,2,1,3,104,69,85.5,0.0,2,1,16.5,2.6,12.4,1,0,58.7,14.4,9.8,57.6,13,3,0,3,6.74,0.57,57.0,2.4,59,2,2,2,92.8,55.7,46.4,69.6,92.8,139.2,1,1,1,4.9,7,156.6,2,1,1,535,87.4,30.4,2.91,24.991666666666664,44.2,0.0,2,0
314.7,0,0,0,0,0,0,0,2.0,3.0,267.9,227.9,85.1,0,0,24.1,41.6,34.3,1.7,7.3,46.1,4.8,5,2,1,3,104,69,85.5,0.0,2,1,16.5,2.6,12.4,1,0,58.7,14.4,9.8,57.6,13,3,0,3,6.74,0.57,57.0,2.4,59,2,2,2,92.8,55.7,46.4,69.6,92.8,139.2,1,1,1,4.9,7,156.6,2,1,1,535,87.4,30.4,2.91,24.991666666666664,44.2,0.0,2,0
1116.0,1,1,24,60,44,0,0,1.0,3.0,1241.1,1085.9,87.5,3,2,24.1,41.6,34.3,1.7,7.3,46.1,4.8,5,2,1,3,104,69,85.5,0.0,2,1,16.5,2.6,12.4,1,0,58.7,14.4,9.8,57.6,13,3,0,3,6.74,0.57,57.0,2.4,59,2,2,2,92.8,55.7,46.4,69.6,92.8,139.2,1,1,1,4.9,7,156.6,2,1,1,535,87.4,30.4,2.91,24.991666666666664,44.2,0.0,2,0
791.4,0,0,0,0,0,0,0,2.0,3.0,847.6,749.7,88.4,2,0,24.1,41.6,34.3,1.7,7.3,46.1,4.8,5,2,1,3,104,69,85.5,0.0,2,1,16.5,2.6,12.4,1,0,58.7,14.4,9.8,57.6,13,3,0,3,6.74,0.57,57.0,2.4,59,2,2,2,92.8,55.7,46.4,69.6,92.8,139.2,1,1,1,4.9,7,156.6,2,1,1,535,87.4,30.4,2.91,24.991666666666664,44.2,0.0,2,0
1175.9,1,1,23,39,14,1,0,2.0,3.0,1354.6,1209.8,89.3,4,2,24.1,41.6,34.3,1.7,7.3,46.1,4.8,5,2,1,3,104,69,85.5,0.0,2,1,16.5,2.6,12.4,1,0,58.7,14.4,9.8,57.6,13,3,0,3,6.74,0.57,57.0,2.4,59,2,2,2,92.8,55.7,46.4,69.6,92.8,139.2,1,1,1,4.9,7,156.6,2,1,1,535,87.4,30.4,2.91,24.991666666666664,44.2,0.0,2,0
507.7,0,0,0,0,0,0,0,2.0,3.0,473.5,431.7,91.2,1,0,24.1,41.6,34.3,1.7,7.3,46.1,4.8,5,2,1,3,104,69,85.5,0.0,2,1,16.5,2.6,12.4,1,0,58.7,14.4,9.8,57.6,13,3,0,3,6.74,0.57,57.0,2.4,59,2,2,2,92.8,55.7,46.4,69.6,92.8,139.2,1,1,1,4.9,7,156.6,2,1,1,535,87.4,30.4,2.91,24.991666666666664,44.2,0.0,2,0
1038.8,1,1,13,33,15,1,0,1.0,2.0,1156.2,1022.9,88.5,3,2,24.1,41.6,34.3,1.7,7.3,46.1,4.8,5,2,1,3,104,69,85.5,0.0,2,1,16.5,2.6,12.4,1,0,58.7,14.4,9.8,57.6,13,3,0,3,6.74,0.57,57.0,2.4,59,2,2,2,92.8,55.7,46.4,69.6,92.8,139.2,1,1,1,4.9,7,156.6,2,1,1,535,87.4,30.4,2.91,24.991666666666664,44.2,0.0,2,0
1930.9,1,1,2,55,41,1,1,3.0,1.0,1675.9,1447.9,86.4,4,3,24.1,41.6,34.3,1.7,7.3,46.1,4.8,5,2,1,3,104,69,85.5,0.0,2,1,16.5,2.6,12.4,1,0,58.7,14.4,9.8,57.6,13,3,0,3,6.74,0.57,57.0,2.4,59,2,2,2,92.8,55.7,46.4,69.6,92.8,139.2,1,1,1,4.9,7,156.6,2,1,1,535,87.4,30.4,2.91,24.991666666666664,44.2,0.0,2,0
720.0,0,0,0,0,0,0,0,2.0,3.0,706.4,593.2,84.0,2,0,24.1,41.6,34.3,1.7,7.3,46.1,4.8,5,2,1,3,104,69,85.5,0.0,2,1,16.5,2.6,12.4,1,0,58.7,14.4,9.8,57.6,13,3,0,3,6.74,0.57,57.0,2.4,59,2,2,2,92.8,55.7,46.4,69.6,92.8,139.2,1,1,1,4.9,7,156.6,2,1,1,535,87.4,30.4,2.91,24.991666666666664,44.2,0.0,2,0
768.4,0,0,0,0,0,0,0,2.0,3.0,776.8,681.8,87.8,2,0,76.6,8.8,15.9,2.2,7.3,10.7,4.7,3,3,3,0,584,539,14.6,0.0,4,0,16.0,2.1,12.0,1,0,40.8,67.5,50.7,17.7,8,2,1,0,2.0,0.78,78.0,3.1,91,1,3,1,111.7,67.0,55.9,83.8,111.7,167.6,1,1,1,17.8,19,140.2,1,3,0,366,39.4,33.6,4.73,6.791666666666667,15.8,0.0,0,0
258.5,0,0,0,0,0,0,0,2.0,3.0,357.8,320.1,89.5,0,0,76.6,8.8,15.9,2.2,7.3,10.7,4.7,3,3,3,0,584,539,14.6,0.0,4,0,16.0,2.1,12.0,1,0,40.8,67.5,50.7,17.7,8,2,1,0,2.0,0.78,78.0,3.1,91,1,3,1,111.7,67.0,55.9,83.8,111.7,167.6,1,1,1,17.8,19,140.2,1,3,0,366,39.4,33.6,4.73,6.791666666666667,15.8,0.0,0,0
1213.4,1,1,39,46,28,1,0,1.0,4.0,1086.9,973.6,89.6,3,2,76.6,8.8,15.9,2.2,7.3,10.7,4.7,3,3,3,0,584,539,14.6,0.0,4,0,16.0,2.1,12.0,1,0,40.8,67.5,50.7,17.7,8,2,1,0,2.0,0.78,78.0,3.1,91,1,3,1,111.7,67.0,55.9,83.8,111.7,167.6,1,1,1,17.8,19,140.2,1,3,0,366,39.4,33.6,4.73,6.791666666666667,15.8,0.0,0,0
762.9,0,0,0,0,0,0,0,2.0,3.0,902.1,780.4,86.5,2,1,76.6,8.8,15.9,2.2,7.3,10.7,4.7,3,3,3,0,584,539,14.6,0.0,4,0,16.0,2.1,12.0,1,0,40.8,67.5,50.7,17.7,8,2,1,0,2.0,0.78,78.0,3.1,91,1,3,1,111.7,67.0,55.9,83.8,111.7,167.6,1,1,1,17.8,19,140.2,1,3,0,366,39.4,33.6,4.73,6.791666666666667,15.8,0.0,0,0
1262.7,1,1,16,56,9,0,0,2.0,2.0,1162.5,999.1,85.9,3,2,76.6,8.8,15.9,2.2,7.3,10.7,4.7,3,3,3,0,584,539,14.6,0.0,4,0,16.0,2.1,12.0,1,0,40.8,67.5,50.7,17.7,8,2,1,0,2.0,0.78,78.0,3.1,91,1,3,1,111.7,67.0,55.9,83.8,111.7,167.6,1,1,1,17.8,19,140.2,1,3,0,366,39.4,33.6,4.73,6.791666666666667,15.8,0.0,0,0
479.0,0,0,0,0,0,0,0,2.0,3.0,566.4,494.9,87.4,1,0,76.6,8.8,15.9,2.2,7.3,10.7,4.7,3,3,3,0,584,539,14.6,0.0,4,0,16.0,2.1,12.0,1,0,40.8,67.5,50.7,17.7,8,2,1,0,2.0,0.78,78.0,3.1,91,1,3,1,111.7,67.0,55.9,83.8,111.7,167.6,1,1,1,17.8,19,140.2,1,3,0,366,39.4,33.6,4.73,6.791666666666667,15.8,0.0,0,0
1030.5,1,1,1,49,2,1,0,1.0,1.0,1109.4,929.7,83.8,3,2,76.6,8.8,15.9,2.2,7.3,10.7,4.7,3,3,3,0,584,539,14.6,0.0,4,0,16.0,2.1,12.0,1,0,40.8,67.5,50.7,17.7,8,2,1,0,2.0,0.78,78.0,3.1,91,1,3,1,111.7,67.0,55.9,83.8,111.7,167.6,1,1,1,17.8,19,140.2,1,3,0,366,39.4,33.6,4.73,6.791666666666667,15.8,0.0,0,0
1646.5,1,1,4,18,61,1,1,3.0,1.0,1931.0,1664.1,86.2,4,3,76.6,8.8,15.9,2.2,7.3,10.7,4.7,3,3,3,0,584,539,14.6,0.0,4,0,16.0,2.1,12.0,1,0,40.8,67.5,50.7,17.7,8,2,1,0,2.0,0.78,78.0,3.1,91,1,3,1,111.7,67.0,55.9,83.8,111.7,167.6,1,1,1,17.8,19,140.2,1,3,0,366,39.4,33.6,4.73,6.791666666666667,15.8,0.0,0,0
783.5,0,0,0,0,0,0,0,2.0,3.0,674.5,588.1,87.2,2,0,76.6,8.8,15.9,2.2,7.3,10.7,4.7,3,3,3,0,584,539,14.6,0.0,4,0,16.0,2.1,12.0,1,0,40.8,67.5,50.7,17.7,8,2,1,0,2.0,0.78,78.0,3.1,91,1,3,1,111.7,67.0,55.9,83.8,111.7,167.6,1,1,1,17.8,19,140.2,1,3,0,366,39.4,33.6,4.73,6.791666666666667,15.8,0.0,0,0
387.9,0,0,0,0,0,0,0,2.0,3.0,320.1,259.4,81.0,0,0,76.6,8.8,15.9,2.2,7.3,10.7,4.7,3,3,3,0,584,539,14.6,0.0,4,0,16.0,2.1,12.0,1,0,40.8,67.5,50.7,17.7,8,2,1,0,2.0,0.78,78.0,3.1,91,1,3,1,111.7,67.0,55.9,83.8,111.7,167.6,1,1,1,17.8,19,140.2,1,3,0,366,39.4,33.6,4.73,6.791666666666667,15.8,0.0,0,0
149.5,0,0,0,0,0,0,0,2.0,3.0,296.7,239.1,80.6,0,0,34.3,30.1,38.3,1.2,6.3,41.5,6.0,0,0,2,1,640,606,26.9,0.0,4,0,7.7,2.0,5.8,0,0,53.1,27.7,10.0,22.0,11,2,1,0,2.62,0.75,75.0,2.0,75,1,3,1,110.0,66.0,55.0,82.5,110.0,165.0,1,1,1,7.1,36,14.0,2,1,0,208,27.9,12.7,1.59,25.7,40.9,0.0,2,0
863.0,1,1,24,68,11,1,0,1.0,3.0,1009.3,879.5,87.1,3,2,34.3,30.1,38.3,1.2,6.3,41.5,6.0,0,0,2,1,640,606,26.9,0.0,4,0,7.7,2.0,5.8,0,0,53.1,27.7,10.0,22.0,11,2,1,0,2.62,0.75,75.0,2.0,75,1,3,1,110.0,66.0,55.0,82.5,110.0,165.0,1,1,1,7.1,36,14.0,2,1,0,208,27.9,12.7,1.59,25.7,40.9,0.0,2,0
706.7,0,0,0,0,0,0,0,2.0,3.0,750.9,636.5,84.8,2,0,34.3,30.1,38.3,1.2,6.3,41.5,6.0,0,0,2,1,640,606,26.9,0.0,4,0,7.7,2.0,5.8,0,0,53.1,27.7,10.0,22.0,11,2,1,0,2.62,0.75,75.0,2.0,75,1,3,1,110.0,66.0,55.0,82.5,110.0,165.0,1,1,1,7.1,36,14.0,2,1,0,208,27.9,12.7,1.59,25.7,40.9,0.0,2,0
1000.6,1,1,6,39,55,1,0,2.0,1.0,1241.2,1057.6,85.2,4,2,34.3,30.1,38.3,1.2,6.3,41.5,6.0,0,0,2,1,640,606,26.9,0.0,4,0,7.7,2.0,5.8,0,0,53.1,27.7,10.0,22.0,11,2,1,0,2.62,0.75,75.0,2.0,75,1,3,1,110.0,66.0,55.0,82.5,110.0,165.0,1,1,1,7.1,36,14.0,2,1,0,208,27.9,12.7,1.59,25.7,40.9,0.0,2,0
455.1,0,0,0,0,0,0,0,2.0,3.0,389.5,347.9,89.3,1,0,34.3,30.1,38.3,1.2,6.3,41.5,6.0,0,0,2,1,640,606,26.9,0.0,4,0,7.7,2.0,5.8,0,0,53.1,27.7,10.0,22.0,11,2,1,0,2.62,0.75,75.0,2.0,75,1,3,1,110.0,66.0,55.0,82.5,110.0,165.0,1,1,1,7.1,36,14.0,2,1,0,208,27.9,12.7,1.59,25.7,40.9,0.0,2,0
959.8,1,1,34,25,70,1,0,1.0,3.0,898.4,776.9,86.5,3,1,34.3,30.1,38.3,1.2,6.3,41.5,6.0,0,0,2,1,640,606,26.9,0.0,4,0,7.7,2.0,5.8,0,0,53.1,27.7,10.0,22.0,11,2,1,0,2.62,0.75,75.0,2.0,75,1,3,1,110.0,66.0,55.0,82.5,110.0,165.0,1,1,1,7.1,36,14.0,2,1,0,208,27.9,12.7,1.59,25.7,40.9,0.0,2,0
1373.5,1,1,20,63,53,1,1,3.0,3.0,1282.6,1092.2,85.2,4,3,34.3,30.1,38.3,1.2,6.3,41.5,6.0,0,0,2,1,640,606,26.9,0.0,4,0,7.7,2.0,5.8,0,0,53.1,27.7,10.0,22.0,11,2,1,0,2.62,0.75,75.0,2.0,75,1,3,1,110.0,66.0,55.0,82.5,110.0,165.0,1,1,1,7.1,36,14.0,2,1,0,208,27.9,12.7,1.59,25.7,40.9,0.0,2,0
701.8,0,0,0,0,0,0,0,2.0,3.0,609.8,520.2,85.3,2,0,34.3,30.1,38.3,1.2,6.3,41.5,6.0,0,0,2,1,640,606,26.9,0.0,4,0,7.7,2.0,5.8,0,0,53.1,27.7,10.0,22.0,11,2,1,0,2.62,0.75,75.0,2.0,75,1,3,1,110.0,66.0,55.0,82.5,110.0,165.0,1,1,1,7.1,36,14.0,2,1,0,208,27.9,12.7,1.59,25.7,40.9,0.0,2,0
188.4,0,0,0,0,0,0,0,2.0,3.0,337.3,294.9,87.4,0,0,34.3,30.1,38.3,1.2,6.3,41.5,6.0,0,0,2,1,640,606,26.9,0.0,4,0,7.7,2.0,5.8,0,0,53.1,27.7,10.0,22.0,11,2,1,0,2.62,0.75,75.0,2.0,75,1,3,1,110.0,66.0,55.0,82.5,110.0,165.0,1,1,1,7.1,36,14.0,2,1,0,208,27.9,12.7,1.59,25.7,40.9,0.0,2,0
877.1,1,1,26,41,2,1,0,1.0,3.0,910.9,807.9,88.7,3,2,34.3,30.1,38.3,1.2,6.3,41.5,6.0,0,0,2,1,640,606,26.9,0.0,4,0,7.7,2.0,5.8,0,0,53.1,27.7,10.0,22.0,11,2,1,0,2.62,0.75,75.0,2.0,75,1,3,1,110.0,66.0,55.0,82.5,110.0,165.0,1,1,1,7.1,36,14.0,2,1,0,208,27.9,12.7,1.59,25.7,40.9,0.0,2,0
1037.0,1,1,23,49,8,1,0,1.0,3.0,1058.5,910.9,86.1,3,2,35.1,39.8,25.1,0.8,7.7,22.6,6.8,4,1,0,2,658,643,77.1,0.0,4,0,16.5,7.0,12.4,1,0,62.0,8.5,36.5,52.6,1,3,0,3,14.6,0.41,41.0,6.3,68,3,1,3,158.6,95.2,79.3,118.9,158.6,237.9,0,2,1,29.5,30,68.8,0,2,1,284,70.9,34.1,3.86,34.11666666666667,59.2,0.0,2,1
755.3,0,0,0,0,0,0,0,2.0,3.0,744.6,648.8,87.1,2,0,35.1,39.8,25.1,0.8,7.7,22.6,6.8,4,1,0,2,658,643,77.1,0.0,4,0,16.5,7.0,12.4,1,0,62.0,8.5,36.5,52.6,1,3,0,3,14.6,0.41,41.0,6.3,68,3,1,3,158.6,95.2,79.3,118.9,158.6,237.9,0,2,1,29.5,30,68.8,0,2,1,284,70.9,34.1,3.86,34.11666666666667,59.2,0.0,2,1
998.6,1,1,42,35,49,1,0,2.0,4.0,1086.2,961.0,88.5,3,2,35.1,39.8,25.1,0.8,7.7,22.6,6.8,4,1,0,2,658,643,77.1,0.0,4,0,16.5,7.0,12.4,1,0,62.0,8.5,36.5,52.6,1,3,0,3,14.6,0.41,41.0,6.3,68,3,1,3,158.6,95.2,79.3,118.9,158.6,237.9,0,2,1,29.5,30,68.8,0,2,1,284,70.9,34.1,3.86,34.11666666666667,59.2,0.0,2,1
539.3,0,0,0,0,0,0,0,2.0,3.0,444.5,388.5,87.4,1,0,35.1,39.8,25.1,0.8,7.7,22.6,6.8,4,1,0,2,658,643,77.1,0.0,4,0,16.5,7.0,12.4,1,0,62.0,8.5,36.5,52.6,1,3,0,3,14.6,0.41,41.0,6.3,68,3,1,3,158.6,95.2,79.3,118.9,158.6,237.9,0,2,1,29.5,30,68.8,0,2,1,284,70.9,34.1,3.86,34.11666666666667,59.2,0.0,2,1
985.8,1,1,35,13,72,1,0,1.0,4.0,921.7,830.8,90.1,3,1,35.1,39.8,25.1,0.8,7.7,22.6,6.8,4,1,0,2,658,643,77.1,0.0,4,0,16.5,7.0,12.4,1,0,62.0,8.5,36.5,52.6,1,3,0,3,14.6,0.41,41.0,6.3,68,3,1,3,158.6,95.2,79.3,118.9,158.6,237.9,0,2,1,29.5,30,68.8,0,2,1,284,70.9,34.1,3.86,34.11666666666667,59.2,0.0,2,1
1729.5,1,1,11,56,66,1,1,3.0,2.0,1644.3,1452.9,88.4,4,3,35.1,39.8,25.1,0.8,7.7,22.6,6.8,4,1,0,2,658,643,77.1,0.0,4,0,16.5,7.0,12.4,1,0,62.0,8.5,36.5,52.6,1,3,0,3,14.6,0.41,41.0,6.3,68,3,1,3,158.6,95.2,79.3,118.9,158.6,237.9,0,2,1,29.5,30,68.8,0,2,1,284,70.9,34.1,3.86,34.11666666666667,59.2,0.0,2,1
716.6,0,0,0,0,0,0,0,2.0,3.0,716.6,604.9,84.4,2,0,35.1,39.8,25.1,0.8,7.7,22.6,6.8,4,1,0,2,658,643,77.1,0.0,4,0,16.5,7.0,12.4,1,0,62.0,8.5,36.5,52.6,1,3,0,3,14.6,0.41,41.0,6.3,68,3,1,3,158.6,95.2,79.3,118.9,158.6,237.9,0,2,1,29.5,30,68.8,0,2,1,284,70.9,34.1,3.86,34.11666666666667,59.2,0.0,2,1
153.6,0,0,0,0,0,0,0,2.0,3.0,298.9,264.3,88.4,0,0,35.1,39.8,25.1,0.8,7.7,22.6,6.8,4,1,0,2,658,643,77.1,0.0,4,0,16.5,7.0,12.4,1,0,62.0,8.5,36.5,52.6,1,3,0,3,14.6,0.41,41.0,6.3,68,3,1,3,158.6,95.2,79.3,118.9,158.6,237.9,0,2,1,29.5,30,68.8,0,2,1,284,70.9,34.1,3.86,34.11666666666667,59.2,0.0,2,1
1048.1,1,1,42,9,78,1,0,1.0,4.0,1096.7,958.3,87.4,3,2,35.1,39.8,25.1,0.8,7.7,22.6,6.8,4,1,0,2,658,643,77.1,0.0,4,0,16.5,7.0,12.4,1,0,62.0,8.5,36.5,52.6,1,3,0,3,14.6,0.41,41.0,6.3,68,3,1,3,158.6,95.2,79.3,118.9,158.6,237.9,0,2,1,29.5,30,68.8,0,2,1,284,70.9,34.1,3.86,34.11666666666667,59.2,0.0,2,1
691.3,0,0,0,0,0,0,0,2.0,3.0,720.9,637.2,88.4,2,0,35.1,39.8,25.1,0.8,7.7,22.6,6.8,4,1,0,2,658,643,77.1,0.0,4,0,16.5,7.0,12.4,1,0,62.0,8.5,36.5,52.6,1,3,0,3,14.6,0.41,41.0,6.3,68,3,1,3,158.6,95.2,79.3,118.9,158.6,237.9,0,2,1,29.5,30,68.8,0,2,1,284,70.9,34.1,3.86,34.11666666666667,59.2,0.0,2,1
633.2,0,0,0,0,0,0,0,2.0,3.0,816.1,693.2,84.9,2,1,41.8,34.1,24.1,1.4,5.9,15.6,2.4,2,0,2,1,152,70,86.6,0.0,2,0,11.4,2.7,8.6,0,0,24.5,82.9,40.8,20.7,9,1,2,2,4.83,0.49,49.0,5.0,56,2,2,2,114.8,68.9,57.4,86.1,114.8,172.2,1,1,1,19.4,11,187.7,0,2,0,204,83.6,23.2,3.61,52.49166666666667,81.5,6.3,3,2
1098.1,1,1,15,38,71,1,0,2.0,2.0,1042.4,897.9,86.1,3,2,41.8,34.1,24.1,1.4,5.9,15.6,2.4,2,0,2,1,152,70,86.6,0.0,2,0,11.4,2.7,8.6,0,0,24.5,82.9,40.8,20.7,9,1,2,2,4.83,0.49,49.0,5.0,56,2,2,2,114.8,68.9,57.4,86.1,114.8,172.2,1,1,1,19.4,11,187.7,0,2,0,204,83.6,23.2,3.61,52.49166666666667,81.5,6.3,3,2
373.9,0,0,0,0,0,0,0,2.0,3.0,428.5,353.2,82.4,1,0,41.8,34.1,24.1,1.4,5.9,15.6,2.4,2,0,2,1,152,70,86.6,0.0,2,0,11.4,2.7,8.6,0,0,24.5,82.9,40.8,20.7,9,1,2,2,4.83,0.49,49.0,5.0,56,2,2,2,114.8,68.9,57.4,86.1,114.8,172.2,1,1,1,19.4,11,187.7,0,2,0,204,83.6,23.2,3.61,52.49166666666667,81.5,6.3,3,2
919.6,1,1,37,60,47,1,0,1.0,4.0,948.4,814.0,85.8,3,1,41.8,34.1,24.1,1.4,5.9,15.6,2.4,2,0,2,1,152,70,86.6,0.0,2,0,11.4,2.7,8.6,0,0,24.5,82.9,40.8,20.7,9,1,2,2,4.83,0.49,49.0,5.0,56,2,2,2,114.8,68.9,57.4,86.1,114.8,172.2,1,1,1,19.4,11,187.7,0,2,0,204,83.6,23.2,3.61,52.49166666666667,81.5,6.3,3,2
1352.9,1,1,17,40,44,1,1,3.0,2.0,1510.9,1330.7,88.1,4,3,41.8,34.1,24.1,1.4,5.9,15.6,2.4,2,0,2,1,152,70,86.6,0.0,2,0,11.4,2.7,8.6,0,0,24.5,82.9,40.8,20.7,9,1,2,2,4.83,0.49,49.0,5.0,56,2,2,2,114.8,68.9,57.4,86.1,114.8,172.2,1,1,1,19.4,11,187.7,0,2,0,204,83.6,23.2,3.61,52.49166666666667,81.5,6.3,3,2
743.5,0,0,0,0,0,0,0,2.0,3.0,683.5,585.2,85.6,2,0,41.8,34.1,24.1,1.4,5.9,15.6,2.4,2,0,2,1,152,70,86.6,0.0,2,0,11.4,2.7,8.6,0,0,24.5,82.9,40.8,20.7,9,1,2,2,4.83,0.49,49.0,5.0,56,2,2,2,114.8,68.9,57.4,86.1,114.8,172.2,1,1,1,19.4,11,187.7,0,2,0,204,83.6,23.2,3.61,52.49166666666667,81.5,6.3,3,2
326.6,0,0,0,0,0,0,0,2.0,3.0,296.3,235.3,79.4,0,0,41.8,34.1,24.1,1.4,5.9,15.6,2.4,2,0,2,1,152,70,86.6,0.0,2,0,11.4,2.7,8.6,0,0,24.5,82.9,40.8,20.7,9,1,2,2,4.83,0.49,49.0,5.0,56,2,2,2,114.8,68.9,57.4,86.1,114.8,172.2,1,1,1,19.4,11,187.7,0,2,0,204,83.6,23.2,3.61,52.49166666666667,81.5,6.3,3,2
952.2,1,1,34,40,76,1,0,1.0,3.0,1027.6,865.8,84.3,3,2,41.8,34.1,24.1,1.4,5.9,15.6,2.4,2,0,2,1,152,70,86.6,0.0,2,0,11.4,2.7,8.6,0,0,24.5,82.9,40.8,20.7,9,1,2,2,4.83,0.49,49.0,5.0,56,2,2,2,114.8,68.9,57.4,86.1,114.8,172.2,1,1,1,19.4,11,187.7,0,2,0,204,83.6,23.2,3.61,52.49166666666667,81.5,6.3,3,2
748.8,0,0,0,0,0,0,0,2.0,3.0,785.9,699.2,89.0,2,0,41.8,34.1,24.1,1.4,5.9,15.6,2.4,2,0,2,1,152,70,86.6,0.0,2,0,11.4,2.7,8.6,0,0,24.5,82.9,40.8,20.7,9,1,2,2,4.83,0.49,49.0,5.0,56,2,2,2,114.8,68.9,57.4,86.1,114.8,172.2,1,1,1,19.4,11,187.7,0,2,0,204,83.6,23.2,3.61,52.49166666666667,81.5,6.3,3,2
1240.1,1,1,40,59,58,0,0,2.0,4.0,1214.7,1043.7,85.9,4,2,41.8,34.1,24.1,1.4,5.9,15.6,2.4,2,0,2,1,152,70,86.6,0.0,2,0,11.4,2.7,8.6,0,0,24.5,82.9,40.8,20.7,9,1,2,2,4.83,0.49,49.0,5.0,56,2,2,2,114.8,68.9,57.4,86.1,114.8,172.2,1,1,1,19.4,11,187.7,0,2,0,204,83.6,23.2,3.61,52.49166666666667,81.5,6.3,3,2
953.6,1,1,25,53,41,0,0,2.0,3.0,989.9,845.4,85.4,3,2,33.1,36.4,22.7,0.9,5.9,27.7,7.4,4,1,0,2,291,251,132.8,0.0,3,0,12.6,3.0,9.4,0,0,20.9,27.7,22.5,29.2,20,1,2,2,14.51,0.38,38.0,4.3,70,3,1,3,83.0,49.8,41.5,62.2,83.0,124.5,1,1,1,10.3,30,287.3,1,0,0,120,79.6,33.9,1.84,14.541666666666666,27.4,0.0,1,0
438.6,0,0,0,0,0,0,0,2.0,3.0,476.7,441.9,92.7,1,0,33.1,36.4,22.7,0.9,5.9,27.7,7.4,4,1,0,2,291,251,132.8,0.0,3,0,12.6,3.0,9.4,0,0,20.9,27.7,22.5,29.2,20,1,2,2,14.51,0.38,38.0,4.3,70,3,1,3,83.0,49.8,41.5,62.2,83.0,124.5,1,1,1,10.3,30,287.3,1,0,0,120,79.6,33.9,1.84,14.541666666666666,27.4,0.0,1,0
751.9,1,1,5,45,57,1,0,1.0,1.0,946.1,835.1,88.3,3,2,33.1,36.4,22.7,0.9,5.9,27.7,7.4,4,1,0,2,291,251,132.8,0.0,3,0,12.6,3.0,9.4,0,0,20.9,27.7,22.5,29.2,20,1,2,2,14.51,0.38,38.0,4.3,70,3,1,3,83.0,49.8,41.5,62.2,83.0,124.5,1,1,1,10.3,30,287.3,1,0,0,120,79.6,33.9,1.84,14.541666666666666,27.4,0.0,1,0
1570.0,1,1,42,10,31,1,1,3.0,4.0,1218.3,1046.5,85.9,4,3,33.1,36.4,22.7,0.9,5.9,27.7,7.4,4,1,0,2,291,251,132.8,0.0,3,0,12.6,3.0,9.4,0,0,20.9,27.7,22.5,29.2,20,1,2,2,14.51,0.38,38.0,4.3,70,3,1,3,83.0,49.8,41.5,62.2,83.0,124.5,1,1,1,10.3,30,287.3,1,0,0,120,79.6,33.9,1.84,14.541666666666666,27.4,0.0,1,0
681.7,0,0,0,0,0,0,0,2.0,3.0,554.2,476.8,86.0,2,0,33.1,36.4,22.7,0.9,5.9,27.7,7.4,4,1,0,2,291,251,132.8,0.0,3,0,12.6,3.0,9.4,0,0,20.9,27.7,22.5,29.2,20,1,2,2,14.51,0.38,38.0,4.3,70,3,1,3,83.0,49.8,41.5,62.2,83.0,124.5,1,1,1,10.3,30,287.3,1,0,0,120,79.6,33.9,1.84,14.541666666666666,27.4,0.0,1,0
161.3,0,0,0,0,0,0,0,2.0,3.0,306.5,268.0,87.4,0,0,33.1,36.4,22.7,0.9,5.9,27.7,7.4,4,1,0,2,291,251,132.8,0.0,3,0,12.6,3.0,9.4,0,0,20.9,27.7,22.5,29.2,20,1,2,2,14.51,0.38,38.0,4.3,70,3,1,3,83.0,49.8,41.5,62.2,83.0,124.5,1,1,1,10.3,30,287.3,1,0,0,120,79.6,33.9,1.84,14.541666666666666,27.4,0.0,1,0
939.5,1,1,14,12,38,0,0,1.0,2.0,1031.9,901.4,87.4,3,2,33.1,36.4,22.7,0.9,5.9,27.7,7.4,4,1,0,2,291,251,132.8,0.0,3,0,12.6,3.0,9.4,0,0,20.9,27.7,22.5,29.2,20,1,2,2,14.51,0.38,38.0,4.3,70,3,1,3,83.0,49.8,41.5,62.2,83.0,124.5,1,1,1,10.3,30,287.3,1,0,0,120,79.6,33.9,1.84,14.541666666666666,27.4,0.0,1,0
563.4,0,0,0,0,0,0,0,2.0,3.0,702.5,610.6,86.9,2,0,33.1,36.4,22.7,0.9,5.9,27.7,7.4,4,1,0,2,291,251,132.8,0.0,3,0,12.6,3.0,9.4,0,0,20.9,27.7,22.5,29.2,20,1,2,2,14.51,0.38,38.0,4.3,70,3,1,3,83.0,49.8,41.5,62.2,83.0,124.5,1,1,1,10.3,30,287.3,1,0,0,120,79.6,33.9,1.84,14.541666666666666,27.4,0.0,1,0
951.1,1,1,41,17,59,0,0,2.0,4.0,1013.6,882.3,87.0,3,2,33.1,36.4,22.7,0.9,5.9,27.7,7.4,4,1,0,2,291,251,132.8,0.0,3,0,12.6,3.0,9.4,0,0,20.9,27.7,22.5,29.2,20,1,2,2,14.51,0.38,38.0,4.3,70,3,1,3,83.0,49.8,41.5,62.2,83.0,124.5,1,1,1,10.3,30,287.3,1,0,0,120,79.6,33.9,1.84,14.541666666666666,27.4,0.0,1,0
458.0,0,0,0,0,0,0,0,2.0,3.0,480.8,403.5,83.9,1,0,33.1,36.4,22.7,0.9,5.9,27.7,7.4,4,1,0,2,291,251,132.8,0.0,3,0,12.6,3.0,9.4,0,0,20.9,27.7,22.5,29.2,20,1,2,2,14.51,0.38,38.0,4.3,70,3,1,3,83.0,49.8,41.5,62.2,83.0,124.5,1,1,1,10.3,30,287.3,1,0,0,120,79.6,33.9,1.84,14.541666666666666,27.4,0.0,1,0
361.8,0,0,0,0,0,0,0,2.0,3.0,451.7,388.3,86.0,1,0,26.8,33.6,39.6,2.0,5.7,43.1,9.4,0,0,2,1,604,537,64.2,0.0,4,0,7.2,4.4,5.4,0,0,34.9,14.0,2.6,8.3,8,1,2,2,13.98,0.38,38.0,11.3,90,3,1,3,104.5,62.7,52.2,78.4,104.5,156.8,1,1,1,13.5,24,270.3,1,3,0,110,51.6,30.3,0.73,53.90833333333333,78.2,4.516666666666667,3,2
805.8,1,1,7,63,27,1,0,1.0,2.0,979.3,885.1,90.4,3,2,26.8,33.6,39.6,2.0,5.7,43.1,9.4,0,0,2,1,604,537,64.2,0.0,4,0,7.2,4.4,5.4,0,0,34.9,14.0,2.6,8.3,8,1,2,2,13.98,0.38,38.0,11.3,90,3,1,3,104.5,62.7,52.2,78.4,104.5,156.8,1,1,1,13.5,24,270.3,1,3,0,110,51.6,30.3,0.73,53.90833333333333,78.2,4.516666666666667,3,2
1667.6,1,1,29,22,67,0,1,3.0,3.0,1282.2,1113.5,86.8,4,3,26.8,33.6,39.6,2.0,5.7,43.1,9.4,0,0,2,1,604,537,64.2,0.0,4,0,7.2,4.4,5.4,0,0,34.9,14.0,2.6,8.3,8,1,2,2,13.98,0.38,38.0,11.3,90,3,1,3,104.5,62.7,52.2,78.4,104.5,156.8,1,1,1,13.5,24,270.3,1,3,0,110,51.6,30.3,0.73,53.90833333333333,78.2,4.516666666666667,3,2
716.8,0,0,0,0,0,0,0,2.0,3.0,581.5,482.8,83.0,2,0,26.8,33.6,39.6,2.0,5.7,43.1,9.4,0,0,2,1,604,537,64.2,0.0,4,0,7.2,4.4,5.4,0,0,34.9,14.0,2.6,8.3,8,1,2,2,13.98,0.38,38.0,11.3,90,3,1,3,104.5,62.7,52.2,78.4,104.5,156.8,1,1,1,13.5,24,270.3,1,3,0,110,51.6,30.3,0.73,53.90833333333333,78.2,4.516666666666667,3,2
329.2,0,0,0,0,0,0,0,2.0,3.0,316.2,250.1,79.1,0,0,26.8,33.6,39.6,2.0,5.7,43.1,9.4,0,0,2,1,604,537,64.2,0.0,4,0,7.2,4.4,5.4,0,0,34.9,14.0,2.6,8.3,8,1,2,2,13.98,0.38,38.0,11.3,90,3,1,3,104.5,62.7,52.2,78.4,104.5,156.8,1,1,1,13.5,24,270.3,1,3,0,110,51.6,30.3,0.73,53.90833333333333,78.2,4.516666666666667,3,2
849.9,1,1,12,22,16,1,0,1.0,2.0,1069.0,929.7,87.0,3,2,26.8,33.6,39.6,2.0,5.7,43.1,9.4,0,0,2,1,604,537,64.2,0.0,4,0,7.2,4.4,5.4,0,0,34.9,14.0,2.6,8.3,8,1,2,2,13.98,0.38,38.0,11.3,90,3,1,3,104.5,62.7,52.2,78.4,104.5,156.8,1,1,1,13.5,24,270.3,1,3,0,110,51.6,30.3,0.73,53.90833333333333,78.2,4.516666666666667,3,2
625.0,0,0,0,0,0,0,0,2.0,3.0,779.8,675.7,86.7,2,1,26.8,33.6,39.6,2.0,5.7,43.1,9.4,0,0,2,1,604,537,64.2,0.0,4,0,7.2,4.4,5.4,0,0,34.9,14.0,2.6,8.3,8,1,2,2,13.98,0.38,38.0,11.3,90,3,1,3,104.5,62.7,52.2,78.4,104.5,156.8,1,1,1,13.5,24,270.3,1,3,0,110,51.6,30.3,0.73,53.90833333333333,78.2,4.516666666666667,3,2
1095.1,1,1,18,50,13,1,0,2.0,2.0,1014.8,892.9,88.0,3,2,26.8,33.6,39.6,2.0,5.7,43.1,9.4,0,0,2,1,604,537,64.2,0.0,4,0,7.2,4.4,5.4,0,0,34.9,14.0,2.6,8.3,8,1,2,2,13.98,0.38,38.0,11.3,90,3,1,3,104.5,62.7,52.2,78.4,104.5,156.8,1,1,1,13.5,24,270.3,1,3,0,110,51.6,30.3,0.73,53.90833333333333,78.2,4.516666666666667,3,2
504.7,0,0,0,0,0,0,0,2.0,3.0,389.5,313.5,80.5,1,0,26.8,33.6,39.6,2.0,5.7,43.1,9.4,0,0,2,1,604,537,64.2,0.0,4,0,7.2,4.4,5.4,0,0,34.9,14.0,2.6,8.3,8,1,2,2,13.98,0.38,38.0,11.3,90,3,1,3,104.5,62.7,52.2,78.4,104.5,156.8,1,1,1,13.5,24,270.3,1,3,0,110,51.6,30.3,0.73,53.90833333333333,78.2,4.516666666666667,3,2
900.9,1,1,35,52,75,0,0,1.0,4.0,819.4,676.4,82.5,3,1,26.8,33.6,39.6,2.0,5.7,43.1,9.4,0,0,2,1,604,537,64.2,0.0,4,0,7.2,4.4,5.4,0,0,34.9,14.0,2.6,8.3,8,1,2,2,13.98,0.38,38.0,11.3,90,3,1,3,104.5,62.7,52.2,78.4,104.5,156.8,1,1,1,13.5,24,270.3,1,3,0,110,51.6,30.3,0.73,53.90833333333333,78.2,4.516666666666667,3,2
907.4,1,1,6,32,50,1,0,1.0,1.0,1058.4,883.0,83.4,3,1,39.0,42.4,20.0,0.3,6.7,5.4,8.9,4,1,0,2,300,258,78.6,0.0,3,0,16.2,2.4,12.1,1,0,24.0,40.3,9.8,32.0,13,1,2,2,2.42,0.78,78.0,1.4,83,1,3,1,88.7,53.2,44.4,66.5,88.7,133.1,1,1,1,25.8,36,208.2,0,2,0,86,38.0,30.1,3.04,59.15,85.8,9.9,4,3
1476.6,1,1,34,46,28,1,1,3.0,3.0,1700.1,1480.9,87.1,4,3,39.0,42.4,20.0,0.3,6.7,5.4,8.9,4,1,0,2,300,258,78.6,0.0,3,0,16.2,2.4,12.1,1,0,24.0,40.3,9.8,32.0,13,1,2,2,2.42,0.78,78.0,1.4,83,1,3,1,88.7,53.2,44.4,66.5,88.7,133.1,1,1,1,25.8,36,208.2,0,2,0,86,38.0,30.1,3.04,59.15,85.8,9.9,4,3
754.8,0,0,0,0,0,0,0,2.0,3.0,783.4,708.6,90.5,2,0,39.0,42.4,20.0,0.3,6.7,5.4,8.9,4,1,0,2,300,258,78.6,0.0,3,0,16.2,2.4,12.1,1,0,24.0,40.3,9.8,32.0,13,1,2,2,2.42,0.78,78.0,1.4,83,1,3,1,88.7,53.2,44.4,66.5,88.7,133.1,1,1,1,25.8,36,208.2,0,2,0,86,38.0,30.1,3.04,59.15,85.8,9.9,4,3
374.1,0,0,0,0,0,0,0,2.0,3.0,361.8,328.1,90.7,0,0,39.0,42.4,20.0,0.3,6.7,5.4,8.9,4,1,0,2,300,258,78.6,0.0,3,0,16.2,2.4,12.1,1,0,24.0,40.3,9.8,32.0,13,1,2,2,2.42,0.78,78.0,1.4,83,1,3,1,88.7,53.2,44.4,66.5,88.7,133.1,1,1,1,25.8,36,208.2,0,2,0,86,38.0,30.1,3.04,59.15,85.8,9.9,4,3
1113.6,1,1,29,29,74,1,0,1.0,3.0,1198.4,1053.9,87.9,3,2,39.0,42.4,20.0,0.3,6.7,5.4,8.9,4,1,0,2,300,258,78.6,0.0,3,0,16.2,2.4,12.1,1,0,24.0,40.3,9.8,32.0,13,1,2,2,2.42,0.78,78.0,1.4,83,1,3,1,88.7,53.2,44.4,66.5,88.7,133.1,1,1,1,25.8,36,208.2,0,2,0,86,38.0,30.1,3.04,59.15,85.8,9.9,4,3
710.5,0,0,0,0,0,0,0,2.0,3.0,877.9,778.4,88.7,2,0,39.0,42.4,20.0,0.3,6.7,5.4,8.9,4,1,0,2,300,258,78.6,0.0,3,0,16.2,2.4,12.1,1,0,24.0,40.3,9.8,32.0,13,1,2,2,2.42,0.78,78.0,1.4,83,1,3,1,88.7,53.2,44.4,66.5,88.7,133.1,1,1,1,25.8,36,208.2,0,2,0,86,38.0,30.1,3.04,59.15,85.8,9.9,4,3
1345.0,1,1,22,27,66,1,0,2.0,3.0,1202.2,1074.6,89.4,3,2,39.0,42.4,20.0,0.3,6.7,5.4,8.9,4,1,0,2,300,258,78.6,0.0,3,0,16.2,2.4,12.1,1,0,24.0,40.3,9.8,32.0,13,1,2,2,2.42,0.78,78.0,1.4,83,1,3,1,88.7,53.2,44.4,66.5,88.7,133.1,1,1,1,25.8,36,208.2,0,2,0,86,38.0,30.1,3.04,59.15,85.8,9.9,4,3
441.0,0,0,0,0,0,0,0,2.0,3.0,458.8,371.2,80.9,1,0,39.0,42.4,20.0,0.3,6.7,5.4,8.9,4,1,0,2,300,258,78.6,0.0,3,0,16.2,2.4,12.1,1,0,24.0,40.3,9.8,32.0,13,1,2,2,2.42,0.78,78.0,1.4,83,1,3,1,88.7,53.2,44.4,66.5,88.7,133.1,1,1,1,25.8,36,208.2,0,2,0,86,38.0,30.1,3.04,59.15,85.8,9.9,4,3
1008.4,1,1,21,47,79,1,0,1.0,3.0,1015.7,862.9,85.0,3,1,39.0,42.4,20.0,0.3,6.7,5.4,8.9,4,1,0,2,300,258,78.6,0.0,3,0,16.2,2.4,12.1,1,0,24.0,40.3,9.8,32.0,13,1,2,2,2.42,0.78,78.0,1.4,83,1,3,1,88.7,53.2,44.4,66.5,88.7,133.1,1,1,1,25.8,36,208.2,0,2,0,86,38.0,30.1,3.04,59.15,85.8,9.9,4,3
2029.6,1,1,19,57,68,1,1,3.0,2.0,1636.1,1416.2,86.6,4,3,39.0,42.4,20.0,0.3,6.7,5.4,8.9,4,1,0,2,300,258,78.6,0.0,3,0,16.2,2.4,12.1,1,0,24.0,40.3,9.8,32.0,13,1,2,2,2.42,0.78,78.0,1.4,83,1,3,1,88.7,53.2,44.4,66.5,88.7,133.1,1,1,1,25.8,36,208.2,0,2,0,86,38.0,30.1,3.04,59.15,85.8,9.9,4,3
1940.5,1,1,38,15,33,1,1,3.0,4.0,1938.8,1687.8,87.1,4,3,20.5,37.2,33.6,1.2,7.7,42.1,4.8,7,2,1,3,599,531,44.7,0.0,4,0,12.4,2.5,9.3,0,0,46.5,41.0,19.3,20.4,23,2,1,0,14.96,0.39,39.0,8.3,74,3,1,3,75.2,45.1,37.6,56.4,75.2,112.8,2,1,1,13.2,1,96.1,1,3,1,273,42.7,26.5,2.46,25.45,45.0,0.0,2,0
842.8,0,0,0,0,0,0,0,2.0,3.0,927.1,816.5,88.1,2,0,20.5,37.2,33.6,1.2,7.7,42.1,4.8,7,2,1,3,599,531,44.7,0.0,4,0,12.4,2.5,9.3,0,0,46.5,41.0,19.3,20.4,23,2,1,0,14.96,0.39,39.0,8.3,74,3,1,3,75.2,45.1,37.6,56.4,75.2,112.8,2,1,1,13.2,1,96.1,1,3,1,273,42.7,26.5,2.46,25.45,45.0,0.0,2,0
367.8,0,0,0,0,0,0,0,2.0,3.0,318.0,252.4,79.4,0,0,20.5,37.2,33.6,1.2,7.7,42.1,4.8,7,2,1,3,599,531,44.7,0.0,4,0,12.4,2.5,9.3,0,0,46.5,41.0,19.3,20.4,23,2,1,0,14.96,0.39,39.0,8.3,74,3,1,3,75.2,45.1,37.6,56.4,75.2,112.8,2,1,1,13.2,1,96.1,1,3,1,273,42.7,26.5,2.46,25.45,45.0,0.0,2,0
1218.8,1,1,15,27,71,0,0,1.0,2.0,1169.8,981.9,83.9,3,1,20.5,37.2,33.6,1.2,7.7,42.1,4.8,7,2,1,3,599,531,44.7,0.0,4,0,12.4,2.5,9.3,0,0,46.5,41.0,19.3,20.4,23,2,1,0,14.96,0.39,39.0,8.3,74,3,1,3,75.2,45.1,37.6,56.4,75.2,112.8,2,1,1,13.2,1,96.1,1,3,1,273,42.7,26.5,2.46,25.45,45.0,0.0,2,0
828.4,0,0,0,0,0,0,0,2.0,3.0,1033.2,903.9,87.5,2,1,20.5,37.2,33.6,1.2,7.7,42.1,4.8,7,2,1,3,599,531,44.7,0.0,4,0,12.4,2.5,9.3,0,0,46.5,41.0,19.3,20.4,23,2,1,0,14.96,0.39,39.0,8.3,74,3,1,3,75.2,45.1,37.6,56.4,75.2,112.8,2,1,1,13.2,1,96.1,1,3,1,273,42.7,26.5,2.46,25.45,45.0,0.0,2,0
1251.4,1,1,8,27,45,1,0,2.0,2.0,1263.4,1111.0,87.9,3,2,20.5,37.2,33.6,1.2,7.7,42.1,4.8,7,2,1,3,599,531,44.7,0.0,4,0,12.4,2.5,9.3,0,0,46.5,41.0,19.3,20.4,23,2,1,0,14.96,0.39,39.0,8.3,74,3,1,3,75.2,45.1,37.6,56.4,75.2,112.8,2,1,1,13.2,1,96.1,1,3,1,273,42.7,26.5,2.46,25.45,45.0,0.0,2,0
469.2,0,0,0,0,0,0,0,2.0,3.0,614.7,535.3,87.1,1,0,20.5,37.2,33.6,1.2,7.7,42.1,4.8,7,2,1,3,599,531,44.7,0.0,4,0,12.4,2.5,9.3,0,0,46.5,41.0,19.3,20.4,23,2,1,0,14.96,0.39,39.0,8.3,74,3,1,3,75.2,45.1,37.6,56.4,75.2,112.8,2,1,1,13.2,1,96.1,1,3,1,273,42.7,26.5,2.46,25.45,45.0,0.0,2,0
1245.3,1,1,44,53,23,1,0,1.0,4.0,1218.3,1076.2,88.3,3,2,20.5,37.2,33.6,1.2,7.7,42.1,4.8,7,2,1,3,599,531,44.7,0.0,4,0,12.4,2.5,9.3,0,0,46.5,41.0,19.3,20.4,23,2,1,0,14.96,0.39,39.0,8.3,74,3,1,3,75.2,45.1,37.6,56.4,75.2,112.8,2,1,1,13.2,1,96.1,1,3,1,273,42.7,26.5,2.46,25.45,45.0,0.0,2,0
2075.4,1,1,15,25,77,1,1,3.0,2.0,1775.8,1551.8,87.4,4,3,20.5,37.2,33.6,1.2,7.7,42.1,4.8,7,2,1,3,599,531,44.7,0.0,4,0,12.4,2.5,9.3,0,0,46.5,41.0,19.3,20.4,23,2,1,0,14.96,0.39,39.0,8.3,74,3,1,3,75.2,45.1,37.6,56.4,75.2,112.8,2,1,1,13.2,1,96.1,1,3,1,273,42.7,26.5,2.46,25.45,45.0,0.0,2,0
950.0,0,0,0,0,0,0,0,2.0,3.0,863.7,738.9,85.6,2,0,20.5,37.2,33.6,1.2,7.7,42.1,4.8,7,2,1,3,599,531,44.7,0.0,4,0,12.4,2.5,9.3,0,0,46.5,41.0,19.3,20.4,23,2,1,0,14.96,0.39,39.0,8.3,74,3,1,3,75.2,45.1,37.6,56.4,75.2,112.8,2,1,1,13.2,1,96.1,1,3,1,273,42.7,26.5,2.46,25.45,45.0,0.0,2,0
911.5,0,0,0,0,0,0,0,2.0,3.0,942.3,803.3,85.2,2,0,33.5,29.6,28.5,1.4,7.7,12.2,3.0,2,0,2,1,134,50,146.0,0.0,2,1,18.7,4.0,14.0,1,0,53.6,51.2,26.1,25.7,24,2,1,0,1.01,0.75,75.0,4.7,86,1,3,1,121.2,72.7,60.6,90.9,121.2,181.8,0,2,1,16.2,19,221.2,1,1,0,187,87.0,27.7,1.35,5.191666666666666,17.2,0.0,0,0
352.8,0,0,0,0,0,0,0,2.0,3.0,384.0,331.8,86.4,0,0,33.5,29.6,28.5,1.4,7.7,12.2,3.0,2,0,2,1,134,50,146.0,0.0,2,1,18.7,4.0,14.0,1,0,53.6,51.2,26.1,25.7,24,2,1,0,1.01,0.75,75.0,4.7,86,1,3,1,121.2,72.7,60.6,90.9,121.2,181.8,0,2,1,16.2,19,221.2,1,1,0,187,87.0,27.7,1.35,5.191666666666666,17.2,0.0,0,0
1217.0,1,1,22,2,71,1,0,1.0,3.0,1223.7,1103.4,90.2,3,1,33.5,29.6,28.5,1.4,7.7,12.2,3.0,2,0,2,1,134,50,146.0,0.0,2,1,18.7,4.0,14.0,1,0,53.6,51.2,26.1,25.7,24,2,1,0,1.01,0.75,75.0,4.7,86,1,3,1,121.2,72.7,60.6,90.9,121.2,181.8,0,2,1,16.2,19,221.2,1,1,0,187,87.0,27.7,1.35,5.191666666666666,17.2,0.0,0,0
903.4,0,0,0,0,0,0,0,2.0,3.0,865.0,762.3,88.1,2,0,33.5,29.6,28.5,1.4,7.7,12.2,3.0,2,0,2,1,134,50,146.0,0.0,2,1,18.7,4.0,14.0,1,0,53.6,51.2,26.1,25.7,24,2,1,0,1.01,0.75,75.0,4.7,86,1,3,1,121.2,72.7,60.6,90.9,121.2,181.8,0,2,1,16.2,19,221.2,1,1,0,187,87.0,27.7,1.35,5.191666666666666,17.2,0.0,0,0
1253.6,1,1,18,64,37,1,0,2.0,2.0,1477.5,1296.2,87.7,3,2,33.5,29.6,28.5,1.4,7.7,12.2,3.0,2,0,2,1,134,50,146.0,0.0,2,1,18.7,4.0,14.0,1,0,53.6,51.2,26.1,25.7,24,2,1,0,1.01,0.75,75.0,4.7,86,1,3,1,121.2,72.7,60.6,90.9,121.2,181.8,0,2,1,16.2,19,221.2,1,1,0,187,87.0,27.7,1.35,5.191666666666666,17.2,0.0,0,0
646.8,0,0,0,0,0,0,0,2.0,3.0,521.5,470.8,90.3,1,0,33.5,29.6,28.5,1.4,7.7,12.2,3.0,2,0,2,1,134,50,146.0,0.0,2,1,18.7,4.0,14.0,1,0,53.6,51.2,26.1,25.7,24,2,1,0,1.01,0.75,75.0,4.7,86,1,3,1,121.2,72.7,60.6,90.9,121.2,181.8,0,2,1,16.2,19,221.2,1,1,0,187,87.0,27.7,1.35,5.191666666666666,17.2,0.0,0,0
1303.7,1,1,38,41,7,1,0,1.0,4.0,1159.1,1016.9,87.7,3,1,33.5,29.6,28.5,1.4,7.7,12.2,3.0,2,0,2,1,134,50,146.0,0.0,2,1,18.7,4.0,14.0,1,0,53.6,51.2,26.1,25.7,24,2,1,0,1.01,0.75,75.0,4.7,86,1,3,1,121.2,72.7,60.6,90.9,121.2,181.8,0,2,1,16.2,19,221.2,1,1,0,187,87.0,27.7,1.35,5.191666666666666,17.2,0.0,0,0
2231.4,1,1,41,17,75,1,1,3.0,4.0,2069.5,1786.4,86.3,4,3,33.5,29.6,28.5,1.4,7.7,12.2,3.0,2,0,2,1,134,50,146.0,0.0,2,1,18.7,4.0,14.0,1,0,53.6,51.2,26.1,25.7,24,2,1,0,1.01,0.75,75.0,4.7,86,1,3,1,121.2,72.7,60.6,90.9,121.2,181.8,0,2,1,16.2,19,221.2,1,1,0,187,87.0,27.7,1.35,5.191666666666666,17.2,0.0,0,0
891.4,0,0,0,0,0,0,0,2.0,3.0,888.1,768.2,86.5,2,0,33.5,29.6,28.5,1.4,7.7,12.2,3.0,2,0,2,1,134,50,146.0,0.0,2,1,18.7,4.0,14.0,1,0,53.6,51.2,26.1,25.7,24,2,1,0,1.01,0.75,75.0,4.7,86,1,3,1,121.2,72.7,60.6,90.9,121.2,181.8,0,2,1,16.2,19,221.2,1,1,0,187,87.0,27.7,1.35,5.191666666666666,17.2,0.0,0,0
335.7,0,0,0,0,0,0,0,2.0,3.0,441.2,382.5,86.7,0,0,33.5,29.6,28.5,1.4,7.7,12.2,3.0,2,0,2,1,134,50,146.0,0.0,2,1,18.7,4.0,14.0,1,0,53.6,51.2,26.1,25.7,24,2,1,0,1.01,0.75,75.0,4.7,86,1,3,1,121.2,72.7,60.6,90.9,121.2,181.8,0,2,1,16.2,19,221.2,1,1,0,187,87.0,27.7,1.35,5.191666666666666,17.2,0.0,0,0
385.4,0,0,0,0,0,0,0,2.0,3.0,337.4,262.8,77.9,0,0,62.6,15.5,25.0,2.1,7.7,6.6,6.2,3,3,3,0,302,274,14.7,0.0,3,0,43.6,6.8,32.7,2,1,38.9,84.9,39.9,34.5,5,2,1,0,6.33,0.49,49.0,6.9,75,2,2,2,90.0,54.0,45.0,67.5,90.0,135.0,1,1,1,17.9,4,102.3,1,0,0,575,77.9,22.6,5.86,26.7,42.1,0.0,2,0
1410.7,1,1,10,40,31,1,0,1.0,2.0,1469.6,1242.5,84.5,3,2,62.6,15.5,25.0,2.1,7.7,6.6,6.2,3,3,3,0,302,274,14.7,0.0,3,0,43.6,6.8,32.7,2,1,38.9,84.9,39.9,34.5,5,2,1,0,6.33,0.49,49.0,6.9,75,2,2,2,90.0,54.0,45.0,67.5,90.0,135.0,1,1,1,17.9,4,102.3,1,0,0,575,77.9,22.6,5.86,26.7,42.1,0.0,2,0
864.5,0,0,0,0,0,0,0,2.0,3.0,1054.7,943.8,89.5,2,0,62.6,15.5,25.0,2.1,7.7,6.6,6.2,3,3,3,0,302,274,14.7,0.0,3,0,43.6,6.8,32.7,2,1,38.9,84.9,39.9,34.5,5,2,1,0,6.33,0.49,49.0,6.9,75,2,2,2,90.0,54.0,45.0,67.5,90.0,135.0,1,1,1,17.9,4,102.3,1,0,0,575,77.9,22.6,5.86,26.7,42.1,0.0,2,0
1567.1,1,1,41,30,32,1,0,2.0,4.0,1644.2,1389.5,84.5,4,2,62.6,15.5,25.0,2.1,7.7,6.6,6.2,3,3,3,0,302,274,14.7,0.0,3,0,43.6,6.8,32.7,2,1,38.9,84.9,39.9,34.5,5,2,1,0,6.33,0.49,49.0,6.9,75,2,2,2,90.0,54.0,45.0,67.5,90.0,135.0,1,1,1,17.9,4,102.3,1,0,0,575,77.9,22.6,5.86,26.7,42.1,0.0,2,0
589.5,0,0,0,0,0,0,0,2.0,3.0,515.8,456.6,88.5,1,0,62.6,15.5,25.0,2.1,7.7,6.6,6.2,3,3,3,0,302,274,14.7,0.0,3,0,43.6,6.8,32.7,2,1,38.9,84.9,39.9,34.5,5,2,1,0,6.33,0.49,49.0,6.9,75,2,2,2,90.0,54.0,45.0,67.5,90.0,135.0,1,1,1,17.9,4,102.3,1,0,0,575,77.9,22.6,5.86,26.7,42.1,0.0,2,0
1196.6,1,1,38,46,14,1,0,1.0,4.0,1399.7,1230.8,87.9,3,2,62.6,15.5,25.0,2.1,7.7,6.6,6.2,3,3,3,0,302,274,14.7,0.0,3,0,43.6,6.8,32.7,2,1,38.9,84.9,39.9,34.5,5,2,1,0,6.33,0.49,49.0,6.9,75,2,2,2,90.0,54.0,45.0,67.5,90.0,135.0,1,1,1,17.9,4,102.3,1,0,0,575,77.9,22.6,5.86,26.7,42.1,0.0,2,0
1917.2,1,1,40,61,66,1,1,3.0,4.0,1977.6,1722.8,87.1,4,3,62.6,15.5,25.0,2.1,7.7,6.6,6.2,3,3,3,0,302,274,14.7,0.0,3,0,43.6,6.8,32.7,2,1,38.9,84.9,39.9,34.5,5,2,1,0,6.33,0.49,49.0,6.9,75,2,2,2,90.0,54.0,45.0,67.5,90.0,135.0,1,1,1,17.9,4,102.3,1,0,0,575,77.9,22.6,5.86,26.7,42.1,0.0,2,0
1019.0,0,0,0,0,0,0,0,2.0,3.0,950.1,818.3,86.1,2,0,62.6,15.5,25.0,2.1,7.7,6.6,6.2,3,3,3,0,302,274,14.7,0.0,3,0,43.6,6.8,32.7,2,1,38.9,84.9,39.9,34.5,5,2,1,0,6.33,0.49,49.0,6.9,75,2,2,2,90.0,54.0,45.0,67.5,90.0,135.0,1,1,1,17.9,4,102.3,1,0,0,575,77.9,22.6,5.86,26.7,42.1,0.0,2,0
385.0,0,0,0,0,0,0,0,2.0,3.0,410.5,338.8,82.5,0,0,62.6,15.5,25.0,2.1,7.7,6.6,6.2,3,3,3,0,302,274,14.7,0.0,3,0,43.6,6.8,32.7,2,1,38.9,84.9,39.9,34.5,5,2,1,0,6.33,0.49,49.0,6.9,75,2,2,2,90.0,54.0,45.0,67.5,90.0,135.0,1,1,1,17.9,4,102.3,1,0,0,575,77.9,22.6,5.86,26.7,42.1,0.0,2,0
1383.9,1,1,41,8,71,1,0,1.0,4.0,1296.6,1162.5,89.7,3,1,62.6,15.5,25.0,2.1,7.7,6.6,6.2,3,3,3,0,302,274,14.7,0.0,3,0,43.6,6.8,32.7,2,1,38.9,84.9,39.9,34.5,5,2,1,0,6.33,0.49,49.0,6.9,75,2,2,2,90.0,54.0,45.0,67.5,90.0,135.0,1,1,1,17.9,4,102.3,1,0,0,575,77.9,22.6,5.86,26.7,42.1,0.0,2,0
1426.1,1,1,7,4,5,1,0,1.0,2.0,1492.8,1324.3,88.7,3,2,66.1,5.3,18.1,2.4,6.8,1.5,7.5,3,3,3,0,233,218,58.5,0.0,3,0,10.5,6.1,7.9,0,0,71.5,89.1,41.5,60.0,19,3,0,3,14.68,0.42,42.0,8.4,62,3,1,3,131.5,78.9,65.8,98.6,131.5,197.2,0,2,1,2.2,48,293.8,2,0,1,566,61.0,24.6,5.12,33.166666666666664,58.6,0.0,2,1
931.1,0,0,0,0,0,0,0,2.0,3.0,1038.9,899.6,86.6,2,0,66.1,5.3,18.1,2.4,6.8,1.5,7.5,3,3,3,0,233,218,58.5,0.0,3,0,10.5,6.1,7.9,0,0,71.5,89.1,41.5,60.0,19,3,0,3,14.68,0.42,42.0,8.4,62,3,1,3,131.5,78.9,65.8,98.6,131.5,197.2,0,2,1,2.2,48,293.8,2,0,1,566,61.0,24.6,5.12,33.166666666666664,58.6,0.0,2,1
1605.6,1,1,41,60,13,0,0,2.0,4.0,1413.0,1233.0,87.3,3,2,66.1,5.3,18.1,2.4,6.8,1.5,7.5,3,3,3,0,233,218,58.5,0.0,3,0,10.5,6.1,7.9,0,0,71.5,89.1,41.5,60.0,19,3,0,3,14.68,0.42,42.0,8.4,62,3,1,3,131.5,78.9,65.8,98.6,131.5,197.2,0,2,1,2.2,48,293.8,2,0,1,566,61.0,24.6,5.12,33.166666666666664,58.6,0.0,2,1
509.9,0,0,0,0,0,0,0,2.0,3.0,624.5,514.4,82.4,1,0,66.1,5.3,18.1,2.4,6.8,1.5,7.5,3,3,3,0,233,218,58.5,0.0,3,0,10.5,6.1,7.9,0,0,71.5,89.1,41.5,60.0,19,3,0,3,14.68,0.42,42.0,8.4,62,3,1,3,131.5,78.9,65.8,98.6,131.5,197.2,0,2,1,2.2,48,293.8,2,0,1,566,61.0,24.6,5.12,33.166666666666664,58.6,0.0,2,1
1162.4,1,1,13,25,44,1,0,1.0,2.0,1227.0,1094.0,89.2,3,1,66.1,5.3,18.1,2.4,6.8,1.5,7.5,3,3,3,0,233,218,58.5,0.0,3,0,10.5,6.1,7.9,0,0,71.5,89.1,41.5,60.0,19,3,0,3,14.68,0.42,42.0,8.4,62,3,1,3,131.5,78.9,65.8,98.6,131.5,197.2,0,2,1,2.2,48,293.8,2,0,1,566,61.0,24.6,5.12,33.166666666666664,58.6,0.0,2,1
2010.0,1,1,36,45,7,1,1,3.0,4.0,2313.9,2007.7,86.8,4,3,66.1,5.3,18.1,2.4,6.8,1.5,7.5,3,3,3,0,233,218,58.5,0.0,3,0,10.5,6.1,7.9,0,0,71.5,89.1,41.5,60.0,19,3,0,3,14.68,0.42,42.0,8.4,62,3,1,3,131.5,78.9,65.8,98.6,131.5,197.2,0,2,1,2.2,48,293.8,2,0,1,566,61.0,24.6,5.12,33.166666666666664,58.6,0.0,2,1
976.9,0,0,0,0,0,0,0,2.0,3.0,822.3,714.0,86.8,2,0,66.1,5.3,18.1,2.4,6.8,1.5,7.5,3,3,3,0,233,218,58.5,0.0,3,0,10.5,6.1,7.9,0,0,71.5,89.1,41.5,60.0,19,3,0,3,14.68,0.42,42.0,8.4,62,3,1,3,131.5,78.9,65.8,98.6,131.5,197.2,0,2,1,2.2,48,293.8,2,0,1,566,61.0,24.6,5.12,33.166666666666664,58.6,0.0,2,1
211.0,0,0,0,0,0,0,0,2.0,3.0,341.7,274.1,80.2,0,0,66.1,5.3,18.1,2.4,6.8,1.5,7.5,3,3,3,0,233,218,58.5,0.0,3,0,10.5,6.1,7.9,0,0,71.5,89.1,41.5,60.0,19,3,0,3,14.68,0.42,42.0,8.4,62,3,1,3,131.5,78.9,65.8,98.6,131.5,197.2,0,2,1,2.2,48,293.8,2,0,1,566,61.0,24.6,5.12,33.166666666666664,58.6,0.0,2,1
1236.0,1,1,6,18,21,1,0,1.0,1.0,1303.2,1156.7,88.8,3,2,66.1,5.3,18.1,2.4,6.8,1.5,7.5,3,3,3,0,233,218,58.5,0.0,3,0,10.5,6.1,7.9,0,0,71.5,89.1,41.5,60.0,19,3,0,3,14.68,0.42,42.0,8.4,62,3,1,3,131.5,78.9,65.8,98.6,131.5,197.2,0,2,1,2.2,48,293.8,2,0,1,566,61.0,24.6,5.12,33.166666666666664,58.6,0.0,2,1
948.9,0,0,0,0,0,0,0,2.0,3.0,974.9,838.3,86.0,2,0,66.1,5.3,18.1,2.4,6.8,1.5,7.5,3,3,3,0,233,218,58.5,0.0,3,0,10.5,6.1,7.9,0,0,71.5,89.1,41.5,60.0,19,3,0,3,14.68,0.42,42.0,8.4,62,3,1,3,131.5,78.9,65.8,98.6,131.5,197.2,0,2,1,2.2,48,293.8,2,0,1,566,61.0,24.6,5.12,33.166666666666664,58.6,0.0,2,1
996.1,0,0,0,0,0,0,0,2.0,3.0,1084.3,916.5,84.5,2,0,27.8,37.4,34.8,2.0,6.5,3.9,8.3,5,2,1,3,91,28,135.5,0.3,2,1,11.2,3.0,8.4,0,0,45.3,66.1,46.2,28.2,10,2,1,0,6.19,0.5,50.0,9.1,57,2,2,2,114.2,68.5,57.1,85.7,114.2,171.3,1,1,1,19.0,13,46.6,0,3,1,506,30.8,21.0,4.27,51.50833333333333,81.3,4.441666666666666,3,2
1407.8,1,1,35,61,53,0,0,2.0,4.0,1854.3,1603.0,86.4,4,2,27.8,37.4,34.8,2.0,6.5,3.9,8.3,5,2,1,3,91,28,135.5,0.3,2,1,11.2,3.0,8.4,0,0,45.3,66.1,46.2,28.2,10,2,1,0,6.19,0.5,50.0,9.1,57,2,2,2,114.2,68.5,57.1,85.7,114.2,171.3,1,1,1,19.0,13,46.6,0,3,1,506,30.8,21.0,4.27,51.50833333333333,81.3,4.441666666666666,3,2
592.6,0,0,0,0,0,0,0,2.0,3.0,679.2,565.3,83.2,1,0,27.8,37.4,34.8,2.0,6.5,3.9,8.3,5,2,1,3,91,28,135.5,0.3,2,1,11.2,3.0,8.4,0,0,45.3,66.1,46.2,28.2,10,2,1,0,6.19,0.5,50.0,9.1,57,2,2,2,114.2,68.5,57.1,85.7,114.2,171.3,1,1,1,19.0,13,46.6,0,3,1,506,30.8,21.0,4.27,51.50833333333333,81.3,4.441666666666666,3,2
1300.7,1,1,30,31,57,1,0,1.0,3.0,1329.7,1166.1,87.7,3,1,27.8,37.4,34.8,2.0,6.5,3.9,8.3,5,2,1,3,91,28,135.5,0.3,2,1,11.2,3.0,8.4,0,0,45.3,66.1,46.2,28.2,10,2,1,0,6.19,0.5,50.0,9.1,57,2,2,2,114.2,68.5,57.1,85.7,114.2,171.3,1,1,1,19.0,13,46.6,0,3,1,506,30.8,21.0,4.27,51.50833333333333,81.3,4.441666666666666,3,2
2202.7,1,1,4,20,59,0,1,3.0,1.0,2565.0,2232.0,87.0,4,3,27.8,37.4,34.8,2.0,6.5,3.9,8.3,5,2,1,3,91,28,135.5,0.3,2,1,11.2,3.0,8.4,0,0,45.3,66.1,46.2,28.2,10,2,1,0,6.19,0.5,50.0,9.1,57,2,2,2,114.2,68.5,57.1,85.7,114.2,171.3,1,1,1,19.0,13,46.6,0,3,1,506,30.8,21.0,4.27,51.50833333333333,81.3,4.441666666666666,3,2
1127.1,0,0,0,0,0,0,0,2.0,3.0,986.7,843.6,85.5,2,0,27.8,37.4,34.8,2.0,6.5,3.9,8.3,5,2,1,3,91,28,135.5,0.3,2,1,11.2,3.0,8.4,0,0,45.3,66.1,46.2,28.2,10,2,1,0,6.19,0.5,50.0,9.1,57,2,2,2,114.2,68.5,57.1,85.7,114.2,171.3,1,1,1,19.0,13,46.6,0,3,1,506,30.8,21.0,4.27,51.50833333333333,81.3,4.441666666666666,3,2
392.3,0,0,0,0,0,0,0,2.0,3.0,349.9,308.6,88.2,0,0,27.8,37.4,34.8,2.0,6.5,3.9,8.3,5,2,1,3,91,28,135.5,0.3,2,1,11.2,3.0,8.4,0,0,45.3,66.1,46.2,28.2,10,2,1,0,6.19,0.5,50.0,9.1,57,2,2,2,114.2,68.5,57.1,85.7,114.2,171.3,1,1,1,19.0,13,46.6,0,3,1,506,30.8,21.0,4.27,51.50833333333333,81.3,4.441666666666666,3,2
1398.2,1,1,34,66,78,1,0,1.0,3.0,1531.1,1349.6,88.1,3,2,27.8,37.4,34.8,2.0,6.5,3.9,8.3,5,2,1,3,91,28,135.5,0.3,2,1,11.2,3.0,8.4,0,0,45.3,66.1,46.2,28.2,10,2,1,0,6.19,0.5,50.0,9.1,57,2,2,2,114.2,68.5,57.1,85.7,114.2,171.3,1,1,1,19.0,13,46.6,0,3,1,506,30.8,21.0,4.27,51.50833333333333,81.3,4.441666666666666,3,2
981.1,0,0,0,0,0,0,0,2.0,3.0,1132.0,972.4,85.9,2,0,27.8,37.4,34.8,2.0,6.5,3.9,8.3,5,2,1,3,91,28,135.5,0.3,2,1,11.2,3.0,8.4,0,0,45.3,66.1,46.2,28.2,10,2,1,0,6.19,0.5,50.0,9.1,57,2,2,2,114.2,68.5,57.1,85.7,114.2,171.3,1,1,1,19.0,13,46.6,0,3,1,506,30.8,21.0,4.27,51.50833333333333,81.3,4.441666666666666,3,2
1510.3,1,1,12,3,17,1,0,2.0,2.0,1773.8,1530.3,86.3,4,2,27.8,37.4,34.8,2.0,6.5,3.9,8.3,5,2,1,3,91,28,135.5,0.3,2,1,11.2,3.0,8.4,0,0,45.3,66.1,46.2,28.2,10,2,1,0,6.19,0.5,50.0,9.1,57,2,2,2,114.2,68.5,57.1,85.7,114.2,171.3,1,1,1,19.0,13,46.6,0,3,1,506,30.8,21.0,4.27,51.50833333333333,81.3,4.441666666666666,3,2
1833.2,1,1,35,26,7,1,0,2.0,4.0,1494.7,1296.4,86.7,3,2,72.6,11.2,16.4,2.1,8.0,24.5,6.1,3,3,3,0,366,276,72.1,0.0,3,0,13.4,2.5,10.1,0,0,48.1,47.7,10.4,59.0,23,2,1,0,8.7,0.44,44.0,2.1,76,3,1,3,145.6,87.4,72.8,109.2,145.6,218.4,0,2,1,13.2,35,217.4,1,1,0,145,30.2,32.6,3.57,12.483333333333334,23.7,0.0,1,0
715.5,0,0,0,0,0,0,0,2.0,3.0,700.7,603.3,86.1,1,0,72.6,11.2,16.4,2.1,8.0,24.5,6.1,3,3,3,0,366,276,72.1,0.0,3,0,13.4,2.5,10.1,0,0,48.1,47.7,10.4,59.0,23,2,1,0,8.7,0.44,44.0,2.1,76,3,1,3,145.6,87.4,72.8,109.2,145.6,218.4,0,2,1,13.2,35,217.4,1,1,0,145,30.2,32.6,3.57,12.483333333333334,23.7,0.0,1,0
1418.7,1,1,14,2,36,1,0,1.0,2.0,1560.1,1369.6,87.8,3,2,72.6,11.2,16.4,2.1,8.0,24.5,6.1,3,3,3,0,366,276,72.1,0.0,3,0,13.4,2.5,10.1,0,0,48.1,47.7,10.4,59.0,23,2,1,0,8.7,0.44,44.0,2.1,76,3,1,3,145.6,87.4,72.8,109.2,145.6,218.4,0,2,1,13.2,35,217.4,1,1,0,145,30.2,32.6,3.57,12.483333333333334,23.7,0.0,1,0
2359.1,1,1,14,2,69,1,1,3.0,2.0,2017.2,1760.6,87.3,4,3,72.6,11.2,16.4,2.1,8.0,24.5,6.1,3,3,3,0,366,276,72.1,0.0,3,0,13.4,2.5,10.1,0,0,48.1,47.7,10.4,59.0,23,2,1,0,8.7,0.44,44.0,2.1,76,3,1,3,145.6,87.4,72.8,109.2,145.6,218.4,0,2,1,13.2,35,217.4,1,1,0,145,30.2,32.6,3.57,12.483333333333334,23.7,0.0,1,0
1058.7,0,0,0,0,0,0,0,2.0,3.0,1059.8,923.1,87.1,2,0,72.6,11.2,16.4,2.1,8.0,24.5,6.1,3,3,3,0,366,276,72.1,0.0,3,0,13.4,2.5,10.1,0,0,48.1,47.7,10.4,59.0,23,2,1,0,8.7,0.44,44.0,2.1,76,3,1,3,145.6,87.4,72.8,109.2,145.6,218.4,0,2,1,13.2,35,217.4,1,1,0,145,30.2,32.6,3.57,12.483333333333334,23.7,0.0,1,0
351.7,0,0,0,0,0,0,0,2.0,3.0,516.5,436.0,84.4,0,0,72.6,11.2,16.4,2.1,8.0,24.5,6.1,3,3,3,0,366,276,72.1,0.0,3,0,13.4,2.5,10.1,0,0,48.1,47.7,10.4,59.0,23,2,1,0,8.7,0.44,44.0,2.1,76,3,1,3,145.6,87.4,72.8,109.2,145.6,218.4,0,2,1,13.2,35,217.4,1,1,0,145,30.2,32.6,3.57,12.483333333333334,23.7,0.0,1,0
1603.1,1,1,5,65,39,1,0,1.0,1.0,1613.1,1408.6,87.3,3,2,72.6,11.2,16.4,2.1,8.0,24.5,6.1,3,3,3,0,366,276,72.1,0.0,3,0,13.4,2.5,10.1,0,0,48.1,47.7,10.4,59.0,23,2,1,0,8.7,0.44,44.0,2.1,76,3,1,3,145.6,87.4,72.8,109.2,145.6,218.4,0,2,1,13.2,35,217.4,1,1,0,145,30.2,32.6,3.57,12.483333333333334,23.7,0.0,1,0
1022.3,0,0,0,0,0,0,0,2.0,3.0,1014.4,871.8,85.9,2,0,72.6,11.2,16.4,2.1,8.0,24.5,6.1,3,3,3,0,366,276,72.1,0.0,3,0,13.4,2.5,10.1,0,0,48.1,47.7,10.4,59.0,23,2,1,0,8.7,0.44,44.0,2.1,76,3,1,3,145.6,87.4,72.8,109.2,145.6,218.4,0,2,1,13.2,35,217.4,1,1,0,145,30.2,32.6,3.57,12.483333333333334,23.7,0.0,1,0
1560.4,1,1,31,11,9,0,0,2.0,3.0,1774.2,1511.9,85.2,4,2,72.6,11.2,16.4,2.1,8.0,24.5,6.1,3,3,3,0,366,276,72.1,0.0,3,0,13.4,2.5,10.1,0,0,48.1,47.7,10.4,59.0,23,2,1,0,8.7,0.44,44.0,2.1,76,3,1,3,145.6,87.4,72.8,109.2,145.6,218.4,0,2,1,13.2,35,217.4,1,1,0,145,30.2,32.6,3.57,12.483333333333334,23.7,0.0,1,0
596.7,0,0,0,0,0,0,0,2.0,3.0,638.7,566.6,88.7,1,0,72.6,11.2,16.4,2.1,8.0,24.5,6.1,3,3,3,0,366,276,72.1,0.0,3,0,13.4,2.5,10.1,0,0,48.1,47.7,10.4,59.0,23,2,1,0,8.7,0.44,44.0,2.1,76,3,1,3,145.6,87.4,72.8,109.2,145.6,218.4,0,2,1,13.2,35,217.4,1,1,0,145,30.2,32.6,3.57,12.483333333333334,23.7,0.0,1,0
724.4,0,0,0,0,0,0,0,2.0,3.0,709.8,611.8,86.2,1,0,66.6,16.5,16.9,2.8,7.5,36.7,4.5,3,3,3,0,230,167,33.6,0.0,3,0,15.5,5.9,11.6,1,0,32.7,37.7,28.0,38.3,0,1,2,2,4.63,0.43,43.0,10.7,83,2,2,2,100.0,60.0,50.0,75.0,100.0,150.0,1,1,2,8.7,42,227.8,1,1,0,214,75.3,27.3,2.55,54.208333333333336,82.1,5.366666666666667,3,2
1381.3,1,1,30,1,4,1,0,1.0,3.0,1551.9,1317.8,84.9,3,2,66.6,16.5,16.9,2.8,7.5,36.7,4.5,3,3,3,0,230,167,33.6,0.0,3,0,15.5,5.9,11.6,1,0,32.7,37.7,28.0,38.3,0,1,2,2,4.63,0.43,43.0,10.7,83,2,2,2,100.0,60.0,50.0,75.0,100.0,150.0,1,1,2,8.7,42,227.8,1,1,0,214,75.3,27.3,2.55,54.208333333333336,82.1,5.366666666666667,3,2
2566.8,1,1,1,57,63,1,1,3.0,1.0,2206.4,1918.8,87.0,4,3,66.6,16.5,16.9,2.8,7.5,36.7,4.5,3,3,3,0,230,167,33.6,0.0,3,0,15.5,5.9,11.6,1,0,32.7,37.7,28.0,38.3,0,1,2,2,4.63,0.43,43.0,10.7,83,2,2,2,100.0,60.0,50.0,75.0,100.0,150.0,1,1,2,8.7,42,227.8,1,1,0,214,75.3,27.3,2.55,54.208333333333336,82.1,5.366666666666667,3,2
1122.3,0,0,0,0,0,0,0,2.0,3.0,1087.0,975.8,89.8,2,0,66.6,16.5,16.9,2.8,7.5,36.7,4.5,3,3,3,0,230,167,33.6,0.0,3,0,15.5,5.9,11.6,1,0,32.7,37.7,28.0,38.3,0,1,2,2,4.63,0.43,43.0,10.7,83,2,2,2,100.0,60.0,50.0,75.0,100.0,150.0,1,1,2,8.7,42,227.8,1,1,0,214,75.3,27.3,2.55,54.208333333333336,82.1,5.366666666666667,3,2
438.9,0,0,0,0,0,0,0,2.0,3.0,453.5,408.7,90.1,0,0,66.6,16.5,16.9,2.8,7.5,36.7,4.5,3,3,3,0,230,167,33.6,0.0,3,0,15.5,5.9,11.6,1,0,32.7,37.7,28.0,38.3,0,1,2,2,4.63,0.43,43.0,10.7,83,2,2,2,100.0,60.0,50.0,75.0,100.0,150.0,1,1,2,8.7,42,227.8,1,1,0,214,75.3,27.3,2.55,54.208333333333336,82.1,5.366666666666667,3,2
1503.1,1,1,12,37,48,1,0,1.0,2.0,1457.3,1250.5,85.8,3,1,66.6,16.5,16.9,2.8,7.5,36.7,4.5,3,3,3,0,230,167,33.6,0.0,3,0,15.5,5.9,11.6,1,0,32.7,37.7,28.0,38.3,0,1,2,2,4.63,0.43,43.0,10.7,83,2,2,2,100.0,60.0,50.0,75.0,100.0,150.0,1,1,2,8.7,42,227.8,1,1,0,214,75.3,27.3,2.55,54.208333333333336,82.1,5.366666666666667,3,2
1162.8,0,0,0,0,0,0,0,2.0,3.0,1047.5,930.7,88.8,2,0,66.6,16.5,16.9,2.8,7.5,36.7,4.5,3,3,3,0,230,167,33.6,0.0,3,0,15.5,5.9,11.6,1,0,32.7,37.7,28.0,38.3,0,1,2,2,4.63,0.43,43.0,10.7,83,2,2,2,100.0,60.0,50.0,75.0,100.0,150.0,1,1,2,8.7,42,227.8,1,1,0,214,75.3,27.3,2.55,54.208333333333336,82.1,5.366666666666667,3,2
1831.6,1,1,15,6,60,0,0,2.0,2.0,1656.4,1421.6,85.8,3,2,66.6,16.5,16.9,2.8,7.5,36.7,4.5,3,3,3,0,230,167,33.6,0.0,3,0,15.5,5.9,11.6,1,0,32.7,37.7,28.0,38.3,0,1,2,2,4.63,0.43,43.0,10.7,83,2,2,2,100.0,60.0,50.0,75.0,100.0,150.0,1,1,2,8.7,42,227.8,1,1,0,214,75.3,27.3,2.55,54.208333333333336,82.1,5.366666666666667,3,2
858.7,0,0,0,0,0,0,0,2.0,3.0,655.6,534.9,81.6,1,0,66.6,16.5,16.9,2.8,7.5,36.7,4.5,3,3,3,0,230,167,33.6,0.0,3,0,15.5,5.9,11.6,1,0,32.7,37.7,28.0,38.3,0,1,2,2,4.63,0.43,43.0,10.7,83,2,2,2,100.0,60.0,50.0,75.0,100.0,150.0,1,1,2,8.7,42,227.8,1,1,0,214,75.3,27.3,2.55,54.208333333333336,82.1,5.366666666666667,3,2
1307.4,1,1,37,20,25,0,0,1.0,4.0,1506.1,1313.7,87.2,3,2,66.6,16.5,16.9,2.8,7.5,36.7,4.5,3,3,3,0,230,167,33.6,0.0,3,0,15.5,5.9,11.6,1,0,32.7,37.7,28.0,38.3,0,1,2,2,4.63,0.43,43.0,10.7,83,2,2,2,100.0,60.0,50.0,75.0,100.0,150.0,1,1,2,8.7,42,227.8,1,1,0,214,75.3,27.3,2.55,54.208333333333336,82.1,5.366666666666667,3,2
1477.6,1,1,6,59,68,0,0,1.0,1.0,1931.5,1692.1,87.6,3,2,21.5,37.2,33.0,1.7,6.5,10.9,8.7,7,2,1,3,350,264,116.2,0.0,3,0,4.3,9.4,3.2,0,0,3.7,34.8,8.1,21.8,19,0,3,1,12.83,0.42,42.0,5.2,85,3,1,3,159.1,95.5,79.5,119.3,159.1,238.6,0,2,1,6.4,59,212.9,2,0,0,65,79.2,14.2,2.32,61.14166666666666,93.8,18.408333333333335,4,3
2872.1,1,1,12,20,52,1,1,3.0,2.0,3214.2,2823.7,87.9,4,3,21.5,37.2,33.0,1.7,6.5,10.9,8.7,7,2,1,3,350,264,116.2,0.0,3,0,4.3,9.4,3.2,0,0,3.7,34.8,8.1,21.8,19,0,3,1,12.83,0.42,42.0,5.2,85,3,1,3,159.1,95.5,79.5,119.3,159.1,238.6,0,2,1,6.4,59,212.9,2,0,0,65,79.2,14.2,2.32,61.14166666666666,93.8,18.408333333333335,4,3
1348.4,0,0,0,0,0,0,0,2.0,3.0,1191.1,1041.3,87.4,2,0,21.5,37.2,33.0,1.7,6.5,10.9,8.7,7,2,1,3,350,264,116.2,0.0,3,0,4.3,9.4,3.2,0,0,3.7,34.8,8.1,21.8,19,0,3,1,12.83,0.42,42.0,5.2,85,3,1,3,159.1,95.5,79.5,119.3,159.1,238.6,0,2,1,6.4,59,212.9,2,0,0,65,79.2,14.2,2.32,61.14166666666666,93.8,18.408333333333335,4,3
266.8,0,0,0,0,0,0,0,2.0,3.0,611.2,531.0,86.9,0,0,21.5,37.2,33.0,1.7,6.5,10.9,8.7,7,2,1,3,350,264,116.2,0.0,3,0,4.3,9.4,3.2,0,0,3.7,34.8,8.1,21.8,19,0,3,1,12.83,0.42,42.0,5.2,85,3,1,3,159.1,95.5,79.5,119.3,159.1,238.6,0,2,1,6.4,59,212.9,2,0,0,65,79.2,14.2,2.32,61.14166666666666,93.8,18.408333333333335,4,3
1686.0,1,1,29,57,38,1,0,1.0,3.0,1903.8,1658.4,87.1,3,2,21.5,37.2,33.0,1.7,6.5,10.9,8.7,7,2,1,3,350,264,116.2,0.0,3,0,4.3,9.4,3.2,0,0,3.7,34.8,8.1,21.8,19,0,3,1,12.83,0.42,42.0,5.2,85,3,1,3,159.1,95.5,79.5,119.3,159.1,238.6,0,2,1,6.4,59,212.9,2,0,0,65,79.2,14.2,2.32,61.14166666666666,93.8,18.408333333333335,4,3
1239.1,0,0,0,0,0,0,0,2.0,3.0,1208.1,1050.7,87.0,2,0,21.5,37.2,33.0,1.7,6.5,10.9,8.7,7,2,1,3,350,264,116.2,0.0,3,0,4.3,9.4,3.2,0,0,3.7,34.8,8.1,21.8,19,0,3,1,12.83,0.42,42.0,5.2,85,3,1,3,159.1,95.5,79.5,119.3,159.1,238.6,0,2,1,6.4,59,212.9,2,0,0,65,79.2,14.2,2.32,61.14166666666666,93.8,18.408333333333335,4,3
2007.8,1,1,44,38,22,0,0,2.0,4.0,2258.9,1948.5,86.3,4,2,21.5,37.2,33.0,1.7,6.5,10.9,8.7,7,2,1,3,350,264,116.2,0.0,3,0,4.3,9.4,3.2,0,0,3.7,34.8,8.1,21.8,19,0,3,1,12.83,0.42,42.0,5.2,85,3,1,3,159.1,95.5,79.5,119.3,159.1,238.6,0,2,1,6.4,59,212.9,2,0,0,65,79.2,14.2,2.32,61.14166666666666,93.8,18.408333333333335,4,3
750.1,0,0,0,0,0,0,0,2.0,3.0,865.2,722.8,83.5,1,0,21.5,37.2,33.0,1.7,6.5,10.9,8.7,7,2,1,3,350,264,116.2,0.0,3,0,4.3,9.4,3.2,0,0,3.7,34.8,8.1,21.8,19,0,3,1,12.83,0.42,42.0,5.2,85,3,1,3,159.1,95.5,79.5,119.3,159.1,238.6,0,2,1,6.4,59,212.9,2,0,0,65,79.2,14.2,2.32,61.14166666666666,93.8,18.408333333333335,4,3
1704.8,1,1,42,8,0,1,0,1.0,4.0,1768.6,1496.6,84.6,3,2,21.5,37.2,33.0,1.7,6.5,10.9,8.7,7,2,1,3,350,264,116.2,0.0,3,0,4.3,9.4,3.2,0,0,3.7,34.8,8.1,21.8,19,0,3,1,12.83,0.42,42.0,5.2,85,3,1,3,159.1,95.5,79.5,119.3,159.1,238.6,0,2,1,6.4,59,212.9,2,0,0,65,79.2,14.2,2.32,61.14166666666666,93.8,18.408333333333335,4,3
2482.1,1,1,38,5,46,1,1,3.0,4.0,3164.1,2788.8,88.1,4,3,21.5,37.2,33.0,1.7,6.5,10.9,8.7,7,2,1,3,350,264,116.2,0.0,3,0,4.3,9.4,3.2,0,0,3.7,34.8,8.1,21.8,19,0,3,1,12.83,0.42,42.0,5.2,85,3,1,3,159.1,95.5,79.5,119.3,159.1,238.6,0,2,1,6.4,59,212.9,2,0,0,65,79.2,14.2,2.32,61.14166666666666,93.8,18.408333333333335,4,3
2577.6,1,1,26,43,73,0,1,3.0,3.0,2493.2,2178.8,87.4,4,3,34.4,35.1,20.9,1.2,6.9,33.0,5.9,4,1,0,2,632,526,121.1,0.0,4,0,15.8,3.1,11.9,1,0,73.2,57.5,27.3,33.6,8,3,0,3,2.58,0.65,65.0,11.7,94,1,3,1,155.8,93.5,77.9,116.9,155.8,233.7,0,2,1,22.6,50,64.4,0,0,0,182,74.4,23.7,1.67,24.483333333333334,44.6,0.0,2,0
1024.7,0,0,0,0,0,0,0,2.0,3.0,946.7,849.7,89.8,2,0,34.4,35.1,20.9,1.2,6.9,33.0,5.9,4,1,0,2,632,526,121.1,0.0,4,0,15.8,3.1,11.9,1,0,73.2,57.5,27.3,33.6,8,3,0,3,2.58,0.65,65.0,11.7,94,1,3,1,155.8,93.5,77.9,116.9,155.8,233.7,0,2,1,22.6,50,64.4,0,0,0,182,74.4,23.7,1.67,24.483333333333334,44.6,0.0,2,0
485.2,0,0,0,0,0,0,0,2.0,3.0,288.4,248.8,86.3,0,0,34.4,35.1,20.9,1.2,6.9,33.0,5.9,4,1,0,2,632,526,121.1,0.0,4,0,15.8,3.1,11.9,1,0,73.2,57.5,27.3,33.6,8,3,0,3,2.58,0.65,65.0,11.7,94,1,3,1,155.8,93.5,77.9,116.9,155.8,233.7,0,2,1,22.6,50,64.4,0,0,0,182,74.4,23.7,1.67,24.483333333333334,44.6,0.0,2,0
1576.1,1,1,12,46,67,1,0,1.0,2.0,1682.4,1446.4,86.0,3,2,34.4,35.1,20.9,1.2,6.9,33.0,5.9,4,1,0,2,632,526,121.1,0.0,4,0,15.8,3.1,11.9,1,0,73.2,57.5,27.3,33.6,8,3,0,3,2.58,0.65,65.0,11.7,94,1,3,1,155.8,93.5,77.9,116.9,155.8,233.7,0,2,1,22.6,50,64.4,0,0,0,182,74.4,23.7,1.67,24.483333333333334,44.6,0.0,2,0
964.6,0,0,0,0,0,0,0,2.0,3.0,1199.5,1015.5,84.7,2,1,34.4,35.1,20.9,1.2,6.9,33.0,5.9,4,1,0,2,632,526,121.1,0.0,4,0,15.8,3.1,11.9,1,0,73.2,57.5,27.3,33.6,8,3,0,3,2.58,0.65,65.0,11.7,94,1,3,1,155.8,93.5,77.9,116.9,155.8,233.7,0,2,1,22.6,50,64.4,0,0,0,182,74.4,23.7,1.67,24.483333333333334,44.6,0.0,2,0
1759.8,1,1,5,62,65,1,0,2.0,1.0,1424.4,1230.6,86.4,3,2,34.4,35.1,20.9,1.2,6.9,33.0,5.9,4,1,0,2,632,526,121.1,0.0,4,0,15.8,3.1,11.9,1,0,73.2,57.5,27.3,33.6,8,3,0,3,2.58,0.65,65.0,11.7,94,1,3,1,155.8,93.5,77.9,116.9,155.8,233.7,0,2,1,22.6,50,64.4,0,0,0,182,74.4,23.7,1.67,24.483333333333334,44.6,0.0,2,0
553.0,0,0,0,0,0,0,0,2.0,3.0,689.1,602.5,87.4,1,0,34.4,35.1,20.9,1.2,6.9,33.0,5.9,4,1,0,2,632,526,121.1,0.0,4,0,15.8,3.1,11.9,1,0,73.2,57.5,27.3,33.6,8,3,0,3,2.58,0.65,65.0,11.7,94,1,3,1,155.8,93.5,77.9,116.9,155.8,233.7,0,2,1,22.6,50,64.4,0,0,0,182,74.4,23.7,1.67,24.483333333333334,44.6,0.0,2,0
1504.6,1,1,41,48,12,1,0,1.0,4.0,1356.5,1228.4,90.6,3,1,34.4,35.1,20.9,1.2,6.9,33.0,5.9,4,1,0,2,632,526,121.1,0.0,4,0,15.8,3.1,11.9,1,0,73.2,57.5,27.3,33.6,8,3,0,3,2.58,0.65,65.0,11.7,94,1,3,1,155.8,93.5,77.9,116.9,155.8,233.7,0,2,1,22.6,50,64.4,0,0,0,182,74.4,23.7,1.67,24.483333333333334,44.6,0.0,2,0
2372.7,1,1,41,68,3,1,1,3.0,4.0,2500.4,2184.0,87.3,4,3,34.4,35.1,20.9,1.2,6.9,33.0,5.9,4,1,0,2,632,526,121.1,0.0,4,0,15.8,3.1,11.9,1,0,73.2,57.5,27.3,33.6,8,3,0,3,2.58,0.65,65.0,11.7,94,1,3,1,155.8,93.5,77.9,116.9,155.8,233.7,0,2,1,22.6,50,64.4,0,0,0,182,74.4,23.7,1.67,24.483333333333334,44.6,0.0,2,0
1146.5,0,0,0,0,0,0,0,2.0,3.0,950.2,805.1,84.7,2,0,34.4,35.1,20.9,1.2,6.9,33.0,5.9,4,1,0,2,632,526,121.1,0.0,4,0,15.8,3.1,11.9,1,0,73.2,57.5,27.3,33.6,8,3,0,3,2.58,0.65,65.0,11.7,94,1,3,1,155.8,93.5,77.9,116.9,155.8,233.7,0,2,1,22.6,50,64.4,0,0,0,182,74.4,23.7,1.67,24.483333333333334,44.6,0.0,2,0
1262.9,0,0,0,0,0,0,0,2.0,3.0,998.7,862.4,86.4,2,0,21.7,42.7,35.6,1.6,7.9,31.8,3.7,7,2,1,3,235,178,50.4,0.0,3,0,15.1,3.8,11.3,1,0,12.0,64.9,50.1,43.7,19,0,3,1,2.74,0.75,75.0,3.5,75,1,3,1,76.8,46.1,38.4,57.6,76.8,115.2,2,1,1,11.2,55,187.8,1,3,0,80,82.2,20.4,2.14,8.174999999999999,17.1,0.0,0,0
527.2,0,0,0,0,0,0,0,2.0,3.0,416.6,342.1,82.1,0,0,21.7,42.7,35.6,1.6,7.9,31.8,3.7,7,2,1,3,235,178,50.4,0.0,3,0,15.1,3.8,11.3,1,0,12.0,64.9,50.1,43.7,19,0,3,1,2.74,0.75,75.0,3.5,75,1,3,1,76.8,46.1,38.4,57.6,76.8,115.2,2,1,1,11.2,55,187.8,1,3,0,80,82.2,20.4,2.14,8.174999999999999,17.1,0.0,0,0
1596.8,1,1,11,1,53,1,0,1.0,2.0,1678.6,1430.8,85.2,3,2,21.7,42.7,35.6,1.6,7.9,31.8,3.7,7,2,1,3,235,178,50.4,0.0,3,0,15.1,3.8,11.3,1,0,12.0,64.9,50.1,43.7,19,0,3,1,2.74,0.75,75.0,3.5,75,1,3,1,76.8,46.1,38.4,57.6,76.8,115.2,2,1,1,11.2,55,187.8,1,3,0,80,82.2,20.4,2.14,8.174999999999999,17.1,0.0,0,0
1098.8,0,0,0,0,0,0,0,2.0,3.0,1338.1,1181.5,88.3,2,1,21.7,42.7,35.6,1.6,7.9,31.8,3.7,7,2,1,3,235,178,50.4,0.0,3,0,15.1,3.8,11.3,1,0,12.0,64.9,50.1,43.7,19,0,3,1,2.74,0.75,75.0,3.5,75,1,3,1,76.8,46.1,38.4,57.6,76.8,115.2,2,1,1,11.2,55,187.8,1,3,0,80,82.2,20.4,2.14,8.174999999999999,17.1,0.0,0,0
1938.1,1,1,7,15,20,1,0,2.0,2.0,1984.8,1730.3,87.2,4,2,21.7,42.7,35.6,1.6,7.9,31.8,3.7,7,2,1,3,235,178,50.4,0.0,3,0,15.1,3.8,11.3,1,0,12.0,64.9,50.1,43.7,19,0,3,1,2.74,0.75,75.0,3.5,75,1,3,1,76.8,46.1,38.4,57.6,76.8,115.2,2,1,1,11.2,55,187.8,1,3,0,80,82.2,20.4,2.14,8.174999999999999,17.1,0.0,0,0
764.5,0,0,0,0,0,0,0,2.0,3.0,668.6,574.8,86.0,1,0,21.7,42.7,35.6,1.6,7.9,31.8,3.7,7,2,1,3,235,178,50.4,0.0,3,0,15.1,3.8,11.3,1,0,12.0,64.9,50.1,43.7,19,0,3,1,2.74,0.75,75.0,3.5,75,1,3,1,76.8,46.1,38.4,57.6,76.8,115.2,2,1,1,11.2,55,187.8,1,3,0,80,82.2,20.4,2.14,8.174999999999999,17.1,0.0,0,0
1534.7,1,1,32,35,43,0,0,1.0,3.0,1478.5,1266.1,85.6,3,1,21.7,42.7,35.6,1.6,7.9,31.8,3.7,7,2,1,3,235,178,50.4,0.0,3,0,15.1,3.8,11.3,1,0,12.0,64.9,50.1,43.7,19,0,3,1,2.74,0.75,75.0,3.5,75,1,3,1,76.8,46.1,38.4,57.6,76.8,115.2,2,1,1,11.2,55,187.8,1,3,0,80,82.2,20.4,2.14,8.174999999999999,17.1,0.0,0,0
2653.1,1,1,8,66,45,1,1,3.0,2.0,2985.2,2568.6,86.0,4,3,21.7,42.7,35.6,1.6,7.9,31.8,3.7,7,2,1,3,235,178,50.4,0.0,3,0,15.1,3.8,11.3,1,0,12.0,64.9,50.1,43.7,19,0,3,1,2.74,0.75,75.0,3.5,75,1,3,1,76.8,46.1,38.4,57.6,76.8,115.2,2,1,1,11.2,55,187.8,1,3,0,80,82.2,20.4,2.14,8.174999999999999,17.1,0.0,0,0
1210.2,0,0,0,0,0,0,0,2.0,3.0,1087.0,982.3,90.4,2,0,21.7,42.7,35.6,1.6,7.9,31.8,3.7,7,2,1,3,235,178,50.4,0.0,3,0,15.1,3.8,11.3,1,0,12.0,64.9,50.1,43.7,19,0,3,1,2.74,0.75,75.0,3.5,75,1,3,1,76.8,46.1,38.4,57.6,76.8,115.2,2,1,1,11.2,55,187.8,1,3,0,80,82.2,20.4,2.14,8.174999999999999,17.1,0.0,0,0
582.5,0,0,0,0,0,0,0,2.0,3.0,531.8,495.6,93.2,0,0,21.7,42.7,35.6,1.6,7.9,31.8,3.7,7,2,1,3,235,178,50.4,0.0,3,0,15.1,3.8,11.3,1,0,12.0,64.9,50.1,43.7,19,0,3,1,2.74,0.75,75.0,3.5,75,1,3,1,76.8,46.1,38.4,57.6,76.8,115.2,2,1,1,11.2,55,187.8,1,3,0,80,82.2,20.4,2.14,8.174999999999999,17.1,0.0,0,0
